solid left_elbow_link
  facet normal -3.949343860e-01 -9.178876877e-01 3.884657845e-02
    outer loop
      vertex 4.140009359e-02 2.116602287e-02 1.967840642e-02
      vertex 4.069616273e-02 2.147337236e-02 1.978409290e-02
      vertex 3.882264718e-02 2.166560292e-02 5.279094912e-03
    endloop
  endfacet
  facet normal -6.628255844e-01 -7.487602234e-01 -4.513800610e-03
    outer loop
      vertex 4.421176761e-02 1.856751926e-02 -3.998738155e-02
      vertex 4.446116462e-02 1.834693737e-02 -4.001916945e-02
      vertex 4.491182789e-02 1.788235083e-02 -2.913014591e-02
    endloop
  endfacet
  facet normal -7.847443819e-01 -6.197757721e-01 -7.367464248e-03
    outer loop
      vertex 4.515634850e-02 1.763044484e-02 -4.011987522e-02
      vertex 4.556927085e-02 1.710845903e-02 -4.019119963e-02
      vertex 4.594238475e-02 1.651713066e-02 -3.018892556e-02
    endloop
  endfacet
  facet normal -9.151586890e-01 -4.030883610e-01 -2.094767522e-03
    outer loop
      vertex 4.625508562e-02 1.597015187e-02 -4.034312442e-02
      vertex 4.652306810e-02 1.536215562e-02 -4.042419419e-02
      vertex 4.658022895e-02 1.518385857e-02 -3.108729608e-02
    endloop
  endfacet
  facet normal -9.417921305e-01 -3.361951113e-01 -6.543256459e-04
    outer loop
      vertex 4.658022895e-02 1.518385857e-02 -3.108729608e-02
      vertex 4.652306810e-02 1.536215562e-02 -4.042419419e-02
      vertex 4.664074630e-02 1.501452923e-02 -3.119269386e-02
    endloop
  endfacet
  facet normal -9.971069694e-01 -7.600821555e-02 -6.548123201e-04
    outer loop
      vertex 4.714665562e-02 1.175990049e-02 -3.288445994e-02
      vertex 4.701096192e-02 1.353269164e-02 -3.203850612e-02
      vertex 4.715196043e-02 1.175966673e-02 -4.093855247e-02
    endloop
  endfacet
  facet normal -9.970898628e-01 -7.623275369e-02 -6.098090671e-04
    outer loop
      vertex 4.715196043e-02 1.175966673e-02 -4.093855247e-02
      vertex 4.701096192e-02 1.353269164e-02 -3.203850612e-02
      vertex 4.701668024e-02 1.352701150e-02 -4.068120196e-02
    endloop
  endfacet
  facet normal -9.697482586e-01 -2.440866232e-01 3.170536831e-03
    outer loop
      vertex 4.664074630e-02 1.501452923e-02 -3.119269386e-02
      vertex 4.652306810e-02 1.536215562e-02 -4.042419419e-02
      vertex 4.701096192e-02 1.353269164e-02 -3.203850612e-02
    endloop
  endfacet
  facet normal -9.359964728e-01 -3.513095677e-01 -2.218549699e-02
    outer loop
      vertex 4.701096192e-02 1.353269164e-02 -3.203850612e-02
      vertex 4.652306810e-02 1.536215562e-02 -4.042419419e-02
      vertex 4.659203067e-02 1.517996658e-02 -4.044874012e-02
    endloop
  endfacet
  facet normal -9.685646892e-01 -2.487612814e-01 -4.775382695e-04
    outer loop
      vertex 4.701096192e-02 1.353269164e-02 -3.203850612e-02
      vertex 4.659203067e-02 1.517996658e-02 -4.044874012e-02
      vertex 4.701668024e-02 1.352701150e-02 -4.068120196e-02
    endloop
  endfacet
  facet normal -8.999986649e-01 -4.358227551e-01 7.807030343e-03
    outer loop
      vertex 4.594238475e-02 1.651713066e-02 -3.018892556e-02
      vertex 4.556927085e-02 1.710845903e-02 -4.019119963e-02
      vertex 4.658022895e-02 1.518385857e-02 -3.108729608e-02
    endloop
  endfacet
  facet normal -8.349756002e-01 -5.497847795e-01 -2.350555547e-02
    outer loop
      vertex 4.658022895e-02 1.518385857e-02 -3.108729608e-02
      vertex 4.556927085e-02 1.710845903e-02 -4.019119963e-02
      vertex 4.593657702e-02 1.655380055e-02 -4.026560113e-02
    endloop
  endfacet
  facet normal -8.783006668e-01 -4.780091941e-01 -9.754150175e-03
    outer loop
      vertex 4.658022895e-02 1.518385857e-02 -3.108729608e-02
      vertex 4.593657702e-02 1.655380055e-02 -4.026560113e-02
      vertex 4.625508562e-02 1.597015187e-02 -4.034312442e-02
    endloop
  endfacet
  facet normal -7.954685688e-01 -6.059535742e-01 7.068834268e-03
    outer loop
      vertex 4.491182789e-02 1.788235083e-02 -2.913014591e-02
      vertex 4.446116462e-02 1.834693737e-02 -4.001916945e-02
      vertex 4.594238475e-02 1.651713066e-02 -3.018892556e-02
    endloop
  endfacet
  facet normal -7.054345012e-01 -7.083144188e-01 -2.555099875e-02
    outer loop
      vertex 4.594238475e-02 1.651713066e-02 -3.018892556e-02
      vertex 4.446116462e-02 1.834693737e-02 -4.001916945e-02
      vertex 4.493425414e-02 1.787816174e-02 -4.008545354e-02
    endloop
  endfacet
  facet normal -7.455548048e-01 -6.662598252e-01 -1.568045467e-02
    outer loop
      vertex 4.594238475e-02 1.651713066e-02 -3.018892556e-02
      vertex 4.493425414e-02 1.787816174e-02 -4.008545354e-02
      vertex 4.515634850e-02 1.763044484e-02 -4.011987522e-02
    endloop
  endfacet
  facet normal -6.603195667e-01 -7.509835362e-01 1.359980088e-03
    outer loop
      vertex 4.357536882e-02 1.905935444e-02 -2.808593027e-02
      vertex 4.341881722e-02 1.917561889e-02 -3.989694268e-02
      vertex 4.491182789e-02 1.788235083e-02 -2.913014591e-02
    endloop
  endfacet
  facet normal -5.827299356e-01 -8.124924302e-01 -1.678745821e-02
    outer loop
      vertex 4.491182789e-02 1.788235083e-02 -2.913014591e-02
      vertex 4.341881722e-02 1.917561889e-02 -3.989694268e-02
      vertex 4.368981719e-02 1.898185909e-02 -3.992633149e-02
    endloop
  endfacet
  facet normal -6.223840714e-01 -7.826572061e-01 -9.260562249e-03
    outer loop
      vertex 4.491182789e-02 1.788235083e-02 -2.913014591e-02
      vertex 4.368981719e-02 1.898185909e-02 -3.992633149e-02
      vertex 4.421176761e-02 1.856751926e-02 -3.998738155e-02
    endloop
  endfacet
  facet normal -4.162480533e-01 -9.092292786e-01 6.299821660e-03
    outer loop
      vertex 4.236012325e-02 1.983115822e-02 -2.732417732e-02
      vertex 4.046501964e-02 2.070531622e-02 -2.637533471e-02
      vertex 3.982392326e-02 2.090742625e-02 -3.956473991e-02
    endloop
  endfacet
  facet normal -3.519759178e-01 -9.359622002e-01 -9.367668070e-03
    outer loop
      vertex 3.982392326e-02 2.090742625e-02 -3.956473991e-02
      vertex 4.107305408e-02 2.043877169e-02 -3.967375681e-02
      vertex 4.236012325e-02 1.983115822e-02 -2.732417732e-02
    endloop
  endfacet
  facet normal -4.071812332e-01 -9.133439660e-01 -2.501343144e-03
    outer loop
      vertex 4.236012325e-02 1.983115822e-02 -2.732417732e-02
      vertex 4.107305408e-02 2.043877169e-02 -3.967375681e-02
      vertex 4.168206826e-02 2.016741596e-02 -3.972829878e-02
    endloop
  endfacet
  facet normal -5.333237052e-01 -8.458883762e-01 6.222709082e-03
    outer loop
      vertex 4.236012325e-02 1.983115822e-02 -2.732417732e-02
      vertex 4.168206826e-02 2.016741596e-02 -3.972829878e-02
      vertex 4.357536882e-02 1.905935444e-02 -2.808593027e-02
    endloop
  endfacet
  facet normal -4.722412825e-01 -8.814407587e-01 -7.094316185e-03
    outer loop
      vertex 4.357536882e-02 1.905935444e-02 -2.808593027e-02
      vertex 4.168206826e-02 2.016741596e-02 -3.972829878e-02
      vertex 4.285907745e-02 1.953771710e-02 -3.983961791e-02
    endloop
  endfacet
  facet normal -5.432355404e-01 -8.395796418e-01 -1.064078766e-03
    outer loop
      vertex 4.357536882e-02 1.905935444e-02 -2.808593027e-02
      vertex 4.285907745e-02 1.953771710e-02 -3.983961791e-02
      vertex 4.341881722e-02 1.917561889e-02 -3.989694268e-02
    endloop
  endfacet
  facet normal -2.980915606e-01 -9.544718266e-01 1.117983181e-02
    outer loop
      vertex 3.999999911e-02 2.101934887e-02 -9.910875000e-03
      vertex 3.659901395e-02 2.173754387e-02 -3.927701712e-02
      vertex 4.000000283e-02 2.096021548e-02 -1.495920401e-02
    endloop
  endfacet
  facet normal -2.013059705e-01 -9.795233011e-01 -3.156976076e-03
    outer loop
      vertex 4.000000283e-02 2.096021548e-02 -1.495920401e-02
      vertex 3.659901395e-02 2.173754387e-02 -3.927701712e-02
      vertex 3.725150228e-02 2.160364203e-02 -3.933751583e-02
    endloop
  endfacet
  facet normal -2.877193391e-01 -9.576879740e-01 7.161886431e-03
    outer loop
      vertex 4.000000283e-02 2.096021548e-02 -1.495920401e-02
      vertex 3.725150228e-02 2.160364203e-02 -3.933751583e-02
      vertex 3.999999911e-02 2.087632194e-02 -2.617776021e-02
    endloop
  endfacet
  facet normal -2.351715267e-01 -9.719430208e-01 -4.600903485e-03
    outer loop
      vertex 3.999999911e-02 2.087632194e-02 -2.617776021e-02
      vertex 3.725150228e-02 2.160364203e-02 -3.933751583e-02
      vertex 3.854724020e-02 2.129067481e-02 -3.945356607e-02
    endloop
  endfacet
  facet normal -3.420917988e-01 -9.396315813e-01 8.107771166e-03
    outer loop
      vertex 3.999999911e-02 2.087632194e-02 -2.617776021e-02
      vertex 3.854724020e-02 2.129067481e-02 -3.945356607e-02
      vertex 4.046501964e-02 2.070531622e-02 -2.637533471e-02
    endloop
  endfacet
  facet normal -2.732605636e-01 -9.619354010e-01 -2.983869053e-03
    outer loop
      vertex 4.046501964e-02 2.070531622e-02 -2.637533471e-02
      vertex 3.854724020e-02 2.129067481e-02 -3.945356607e-02
      vertex 3.918843344e-02 2.110870369e-02 -3.950960562e-02
    endloop
  endfacet
  facet normal -3.019378185e-01 -9.533275962e-01 6.779209070e-05
    outer loop
      vertex 4.046501964e-02 2.070531622e-02 -2.637533471e-02
      vertex 3.918843344e-02 2.110870369e-02 -3.950960562e-02
      vertex 3.982392326e-02 2.090742625e-02 -3.956473991e-02
    endloop
  endfacet
  facet normal -1.980607864e-03 -9.999970794e-01 -1.390770543e-03
    outer loop
      vertex 1.844050921e-02 2.271134593e-02 -3.630302101e-02
      vertex 2.339955233e-02 2.270311303e-02 -3.744548932e-02
      vertex 2.922529727e-02 2.265098877e-02 -8.263492957e-03
    endloop
  endfacet
  facet normal -1.455942169e-02 -9.998933673e-01 1.120584318e-03
    outer loop
      vertex 2.922529727e-02 2.265098877e-02 -8.263492957e-03
      vertex 2.339955233e-02 2.270311303e-02 -3.744548932e-02
      vertex 2.603032254e-02 2.266426198e-02 -3.793124110e-02
    endloop
  endfacet
  facet normal -6.114515290e-02 -9.981099963e-01 6.138283759e-03
    outer loop
      vertex 2.922529727e-02 2.265098877e-02 -8.263492957e-03
      vertex 2.603032254e-02 2.266426198e-02 -3.793124110e-02
      vertex 3.315884620e-02 2.240532637e-02 -9.025978856e-03
    endloop
  endfacet
  facet normal -4.635396972e-02 -9.989219904e-01 2.483254066e-03
    outer loop
      vertex 3.315884620e-02 2.240532637e-02 -9.025978856e-03
      vertex 2.603032254e-02 2.266426198e-02 -3.793124110e-02
      vertex 3.132221475e-02 2.241676860e-02 -3.870698065e-02
    endloop
  endfacet
  facet normal -9.895458072e-02 -9.950754046e-01 5.739617161e-03
    outer loop
      vertex 3.315884620e-02 2.240532637e-02 -9.025978856e-03
      vertex 3.132221475e-02 2.241676860e-02 -3.870698065e-02
      vertex 3.396752477e-02 2.215194143e-02 -3.901315853e-02
    endloop
  endfacet
  facet normal -2.481523007e-01 -9.680109024e-01 3.708581626e-02
    outer loop
      vertex 3.955831006e-02 2.187599242e-02 1.997813769e-02
      vertex 3.824219108e-02 2.222320251e-02 2.023444325e-02
      vertex 3.315884620e-02 2.240532637e-02 -9.025978856e-03
    endloop
  endfacet
  facet normal -1.512823850e-01 -9.882856011e-01 2.013063990e-02
    outer loop
      vertex 3.315884620e-02 2.240532637e-02 -9.025978856e-03
      vertex 3.824219108e-02 2.222320251e-02 2.023444325e-02
      vertex 3.590257838e-02 2.259217575e-02 2.076631412e-02
    endloop
  endfacet
  facet normal -6.005053222e-02 -9.981257319e-01 1.179033052e-02
    outer loop
      vertex 3.315884620e-02 2.240532637e-02 -9.025978856e-03
      vertex 3.590257838e-02 2.259217575e-02 2.076631412e-02
      vertex 2.922529727e-02 2.265098877e-02 -8.263492957e-03
    endloop
  endfacet
  facet normal -4.587931931e-02 -9.989106059e-01 8.529153652e-03
    outer loop
      vertex 2.922529727e-02 2.265098877e-02 -8.263492957e-03
      vertex 3.590257838e-02 2.259217575e-02 2.076631412e-02
      vertex 3.345606849e-02 2.271012217e-02 2.141982317e-02
    endloop
  endfacet
  facet normal -1.711728610e-02 -9.998436570e-01 4.431549460e-03
    outer loop
      vertex 2.922529727e-02 2.265098877e-02 -8.263492957e-03
      vertex 3.345606849e-02 2.271012217e-02 2.141982317e-02
      vertex 1.844050921e-02 2.271134593e-02 -3.630302101e-02
    endloop
  endfacet
  facet normal 7.284745225e-04 -9.999997020e-01 -2.107075998e-04
    outer loop
      vertex 1.844050921e-02 2.271134593e-02 -3.630302101e-02
      vertex 3.345606849e-02 2.271012217e-02 2.141982317e-02
      vertex 1.699795201e-02 2.271021158e-02 -3.590539843e-02
    endloop
  endfacet
  facet normal -3.288797438e-01 -9.438961148e-01 2.997005917e-02
    outer loop
      vertex 4.069616273e-02 2.147337236e-02 1.978409290e-02
      vertex 3.955831006e-02 2.187599242e-02 1.997813769e-02
      vertex 3.882264718e-02 2.166560292e-02 5.279094912e-03
    endloop
  endfacet
  facet normal -1.874487251e-01 -9.819947481e-01 2.343698218e-02
    outer loop
      vertex 3.882264718e-02 2.166560292e-02 5.279094912e-03
      vertex 3.955831006e-02 2.187599242e-02 1.997813769e-02
      vertex 3.315884620e-02 2.240532637e-02 -9.025978856e-03
    endloop
  endfacet
  facet normal -1.426873803e-01 -9.897535443e-01 5.313438363e-03
    outer loop
      vertex 3.882264718e-02 2.166560292e-02 5.279094912e-03
      vertex 3.315884620e-02 2.240532637e-02 -9.025978856e-03
      vertex 3.690362349e-02 2.186249755e-02 -9.578324854e-03
    endloop
  endfacet
  facet normal -1.428037286e-01 -9.897407293e-01 4.512042738e-03
    outer loop
      vertex 3.690362349e-02 2.186249755e-02 -9.578324854e-03
      vertex 3.315884620e-02 2.240532637e-02 -9.025978856e-03
      vertex 3.396752477e-02 2.215194143e-02 -3.901315853e-02
    endloop
  endfacet
  facet normal -1.326100677e-01 -9.911621809e-01 3.481256077e-03
    outer loop
      vertex 3.690362349e-02 2.186249755e-02 -9.578324854e-03
      vertex 3.396752477e-02 2.215194143e-02 -3.901315853e-02
      vertex 3.476937860e-02 2.204436250e-02 -3.909737244e-02
    endloop
  endfacet
  facet normal -3.919688463e-01 -9.198037982e-01 1.792800799e-02
    outer loop
      vertex 4.000000283e-02 2.130799182e-02 5.827444140e-03
      vertex 4.181184992e-02 2.055319026e-02 6.715368479e-03
      vertex 4.281193390e-02 2.037630044e-02 1.950530708e-02
    endloop
  endfacet
  facet normal -7.671579123e-01 -6.404139400e-01 3.658903018e-02
    outer loop
      vertex 4.507208616e-02 1.832299866e-02 1.938302629e-02
      vertex 4.475445300e-02 1.870352030e-02 1.938356273e-02
      vertex 4.356271029e-02 1.947241090e-02 7.854205556e-03
    endloop
  endfacet
  facet normal -7.184144855e-01 -6.950552464e-01 2.790660597e-02
    outer loop
      vertex 4.356271029e-02 1.947241090e-02 7.854205556e-03
      vertex 4.475445300e-02 1.870352030e-02 1.938356273e-02
      vertex 4.418499768e-02 1.929280907e-02 1.940087415e-02
    endloop
  endfacet
  facet normal -5.325035453e-01 -8.462852240e-01 1.553494949e-02
    outer loop
      vertex 4.356271029e-02 1.947241090e-02 7.854205556e-03
      vertex 4.418499768e-02 1.929280907e-02 1.940087415e-02
      vertex 4.181184992e-02 2.055319026e-02 6.715368479e-03
    endloop
  endfacet
  facet normal -6.196447611e-01 -7.839605808e-01 3.802927956e-02
    outer loop
      vertex 4.181184992e-02 2.055319026e-02 6.715368479e-03
      vertex 4.418499768e-02 1.929280907e-02 1.940087415e-02
      vertex 4.286339507e-02 2.034222148e-02 1.950011402e-02
    endloop
  endfacet
  facet normal -5.496408343e-01 -8.348095417e-01 3.143236414e-02
    outer loop
      vertex 4.181184992e-02 2.055319026e-02 6.715368479e-03
      vertex 4.286339507e-02 2.034222148e-02 1.950011402e-02
      vertex 4.281193390e-02 2.037630044e-02 1.950530708e-02
    endloop
  endfacet
  facet normal -6.829265356e-01 -7.302984595e-01 1.659990661e-02
    outer loop
      vertex 4.356271029e-02 1.947241090e-02 7.854205556e-03
      vertex 4.484117031e-02 1.830158196e-02 8.940986358e-03
      vertex 4.507208616e-02 1.832299866e-02 1.938302629e-02
    endloop
  endfacet
  facet normal -8.134858608e-01 -5.812683105e-01 1.918143779e-02
    outer loop
      vertex 4.507208616e-02 1.832299866e-02 1.938302629e-02
      vertex 4.484117031e-02 1.830158196e-02 8.940986358e-03
      vertex 4.584337771e-02 1.693552732e-02 1.004805323e-02
    endloop
  endfacet
  facet normal -8.418899775e-01 -5.395444632e-01 1.063310262e-02
    outer loop
      vertex 4.507208616e-02 1.832299866e-02 1.938302629e-02
      vertex 4.584337771e-02 1.693552732e-02 1.004805323e-02
      vertex 4.600714520e-02 1.686503924e-02 1.943798549e-02
    endloop
  endfacet
  facet normal -8.680017591e-01 -4.964300096e-01 1.141216047e-02
    outer loop
      vertex 4.584337771e-02 1.693552732e-02 1.004805323e-02
      vertex 4.589145631e-02 1.685288548e-02 1.011007838e-02
      vertex 4.600714520e-02 1.686503924e-02 1.943798549e-02
    endloop
  endfacet
  facet normal -8.791518807e-01 -4.764022529e-01 1.152435225e-02
    outer loop
      vertex 4.600714520e-02 1.686503924e-02 1.943798549e-02
      vertex 4.589145631e-02 1.685288548e-02 1.011007838e-02
      vertex 4.603260756e-02 1.659697294e-02 1.029878948e-02
    endloop
  endfacet
  facet normal -9.206542373e-01 -3.902779818e-01 8.882566355e-03
    outer loop
      vertex 4.600714520e-02 1.686503924e-02 1.943798549e-02
      vertex 4.603260756e-02 1.659697294e-02 1.029878948e-02
      vertex 4.653042182e-02 1.563286409e-02 1.953539811e-02
    endloop
  endfacet
  facet normal -9.282665849e-01 -3.717460334e-01 1.122718863e-02
    outer loop
      vertex 4.653042182e-02 1.563286409e-02 1.953539811e-02
      vertex 4.603260756e-02 1.659697294e-02 1.029878948e-02
      vertex 4.668795690e-02 1.499299705e-02 1.137368008e-02
    endloop
  endfacet
  facet normal -9.717913270e-01 -2.358421385e-01 -2.675725264e-04
    outer loop
      vertex 4.653042182e-02 1.563286409e-02 1.953539811e-02
      vertex 4.668795690e-02 1.499299705e-02 1.137368008e-02
      vertex 4.698738083e-02 1.374971494e-02 1.974447444e-02
    endloop
  endfacet
  facet normal -9.805694222e-01 -1.960821748e-01 5.951817613e-03
    outer loop
      vertex 4.668795690e-02 1.499299705e-02 1.137368008e-02
      vertex 4.705347121e-02 1.319568604e-02 1.238036342e-02
      vertex 4.698738083e-02 1.374971494e-02 1.974447444e-02
    endloop
  endfacet
  facet normal -9.983336926e-01 -5.751867592e-02 -4.632242024e-03
    outer loop
      vertex 4.698738083e-02 1.374971494e-02 1.974447444e-02
      vertex 4.705347121e-02 1.319568604e-02 1.238036342e-02
      vertex 4.713300988e-02 1.176104695e-02 1.305168588e-02
    endloop
  endfacet
  facet normal -9.973980784e-01 -7.209026814e-02 -2.821385278e-04
    outer loop
      vertex 4.698738083e-02 1.374971494e-02 1.974447444e-02
      vertex 4.713300988e-02 1.176104695e-02 1.305168588e-02
      vertex 4.713102803e-02 1.176119968e-02 2.001978643e-02
    endloop
  endfacet
  facet normal -4.840491712e-01 -8.741274476e-01 3.996945173e-02
    outer loop
      vertex 4.281193390e-02 2.037630044e-02 1.950530708e-02
      vertex 4.140009359e-02 2.116602287e-02 1.967840642e-02
      vertex 4.000000283e-02 2.130799182e-02 5.827444140e-03
    endloop
  endfacet
  facet normal -2.992886603e-01 -9.539428949e-01 2.047526091e-02
    outer loop
      vertex 4.000000283e-02 2.130799182e-02 5.827444140e-03
      vertex 4.140009359e-02 2.116602287e-02 1.967840642e-02
      vertex 3.882264718e-02 2.166560292e-02 5.279094912e-03
    endloop
  endfacet
  facet normal -2.993360162e-01 -9.539256096e-01 2.058820054e-02
    outer loop
      vertex 4.000000283e-02 2.130799182e-02 5.827444140e-03
      vertex 3.882264718e-02 2.166560292e-02 5.279094912e-03
      vertex 4.000000283e-02 2.116926387e-02 -6.002382142e-04
    endloop
  endfacet
  facet normal -2.841892838e-01 -9.584676623e-01 2.400482260e-02
    outer loop
      vertex 4.000000283e-02 2.116926387e-02 -6.002382142e-04
      vertex 3.882264718e-02 2.166560292e-02 5.279094912e-03
      vertex 3.690362349e-02 2.186249755e-02 -9.578324854e-03
    endloop
  endfacet
  facet normal -2.611491084e-01 -9.651733637e-01 1.554090902e-02
    outer loop
      vertex 4.000000283e-02 2.116926387e-02 -6.002382142e-04
      vertex 3.690362349e-02 2.186249755e-02 -9.578324854e-03
      vertex 3.999999911e-02 2.101934887e-02 -9.910875000e-03
    endloop
  endfacet
  facet normal -2.614175081e-01 -9.651389122e-01 1.295443997e-02
    outer loop
      vertex 3.999999911e-02 2.101934887e-02 -9.910875000e-03
      vertex 3.690362349e-02 2.186249755e-02 -9.578324854e-03
      vertex 3.476937860e-02 2.204436250e-02 -3.909737244e-02
    endloop
  endfacet
  facet normal -1.658520401e-01 -9.861384034e-01 -4.909696523e-03
    outer loop
      vertex 3.999999911e-02 2.101934887e-02 -9.910875000e-03
      vertex 3.476937860e-02 2.204436250e-02 -3.909737244e-02
      vertex 3.659901395e-02 2.173754387e-02 -3.927701712e-02
    endloop
  endfacet
  facet normal 8.322706223e-01 1.050612926e-01 -5.443232059e-01
    outer loop
      vertex 6.894290447e-02 1.176213380e-02 -4.293122888e-02
      vertex 6.894252449e-02 1.406229846e-02 -4.248785228e-02
      vertex 7.094080001e-02 1.087104529e-02 -4.004843906e-02
    endloop
  endfacet
  facet normal 8.616108298e-01 1.754426956e-01 -4.762842357e-01
    outer loop
      vertex 7.094080001e-02 1.087104529e-02 -4.004843906e-02
      vertex 6.894252449e-02 1.406229846e-02 -4.248785228e-02
      vertex 7.094048709e-02 1.394073572e-02 -3.891826421e-02
    endloop
  endfacet
  facet normal 8.657017350e-01 1.430778950e-01 -4.796761572e-01
    outer loop
      vertex 6.894252449e-02 1.406229846e-02 -4.248785228e-02
      vertex 6.894318759e-02 1.693461649e-02 -4.162990302e-02
      vertex 7.094048709e-02 1.394073572e-02 -3.891826421e-02
    endloop
  endfacet
  facet normal 8.748987913e-01 1.744740009e-01 -4.517863989e-01
    outer loop
      vertex 7.094048709e-02 1.394073572e-02 -3.891826421e-02
      vertex 6.894318759e-02 1.693461649e-02 -4.162990302e-02
      vertex 6.894295663e-02 1.787088625e-02 -4.126876965e-02
    endloop
  endfacet
  facet normal 8.874565363e-01 2.038337737e-01 -4.133675098e-01
    outer loop
      vertex 7.094048709e-02 1.394073572e-02 -3.891826421e-02
      vertex 6.894295663e-02 1.787088625e-02 -4.126876965e-02
      vertex 7.094007730e-02 1.685507409e-02 -3.748206422e-02
    endloop
  endfacet
  facet normal 8.884211779e-01 1.914518178e-01 -4.171978235e-01
    outer loop
      vertex 7.094007730e-02 1.685507409e-02 -3.748206422e-02
      vertex 6.894295663e-02 1.787088625e-02 -4.126876965e-02
      vertex 6.894244254e-02 1.976443641e-02 -4.040091112e-02
    endloop
  endfacet
  facet normal 8.954873085e-01 2.367095202e-01 -3.769232035e-01
    outer loop
      vertex 7.094007730e-02 1.685507409e-02 -3.748206422e-02
      vertex 6.894244254e-02 1.976443641e-02 -4.040091112e-02
      vertex 7.093959302e-02 1.947235130e-02 -3.583954275e-02
    endloop
  endfacet
  facet normal 8.982118368e-01 2.226222754e-01 -3.790181875e-01
    outer loop
      vertex 7.093959302e-02 1.947235130e-02 -3.583954275e-02
      vertex 6.894244254e-02 1.976443641e-02 -4.040091112e-02
      vertex 6.894192100e-02 2.226172015e-02 -3.893532231e-02
    endloop
  endfacet
  facet normal 9.008584619e-01 2.563243806e-01 -3.503596187e-01
    outer loop
      vertex 7.093959302e-02 1.947235130e-02 -3.583954275e-02
      vertex 6.894192100e-02 2.226172015e-02 -3.893532231e-02
      vertex 7.093937695e-02 2.052528970e-02 -3.506976739e-02
    endloop
  endfacet
  facet normal 9.014936686e-01 2.490429878e-01 -3.539586961e-01
    outer loop
      vertex 7.093937695e-02 2.052528970e-02 -3.506976739e-02
      vertex 6.894192100e-02 2.226172015e-02 -3.893532231e-02
      vertex 6.894171983e-02 2.317566797e-02 -3.829279169e-02
    endloop
  endfacet
  facet normal 9.019677639e-01 2.729741931e-01 -3.345732689e-01
    outer loop
      vertex 7.093937695e-02 2.052528970e-02 -3.506976739e-02
      vertex 6.894171983e-02 2.317566797e-02 -3.829279169e-02
      vertex 7.093904167e-02 2.205133066e-02 -3.382560983e-02
    endloop
  endfacet
  facet normal 9.028619528e-01 2.679156959e-01 -3.362462223e-01
    outer loop
      vertex 6.894171983e-02 2.317566797e-02 -3.829279169e-02
      vertex 6.894137710e-02 2.458679304e-02 -3.716934845e-02
      vertex 7.093904167e-02 2.205133066e-02 -3.382560983e-02
    endloop
  endfacet
  facet normal 9.024094939e-01 2.860910594e-01 -3.221940696e-01
    outer loop
      vertex 7.093904167e-02 2.205133066e-02 -3.382560983e-02
      vertex 6.894137710e-02 2.458679304e-02 -3.716934845e-02
      vertex 6.894118339e-02 2.520056441e-02 -3.662489727e-02
    endloop
  endfacet
  facet normal 9.027631283e-01 2.917965949e-01 -3.160276711e-01
    outer loop
      vertex 7.093904167e-02 2.205133066e-02 -3.382560983e-02
      vertex 6.894118339e-02 2.520056441e-02 -3.662489727e-02
      vertex 7.093866915e-02 2.338528261e-02 -3.259498999e-02
    endloop
  endfacet
  facet normal 8.993405700e-01 3.139264584e-01 -3.043627739e-01
    outer loop
      vertex 7.093866915e-02 2.338528261e-02 -3.259498999e-02
      vertex 6.894118339e-02 2.520056441e-02 -3.662489727e-02
      vertex 6.894022971e-02 2.723410912e-02 -3.453027830e-02
    endloop
  endfacet
  facet normal 8.991944790e-01 3.133205771e-01 -3.054169118e-01
    outer loop
      vertex 7.093866915e-02 2.338528261e-02 -3.259498999e-02
      vertex 6.894022971e-02 2.723410912e-02 -3.453027830e-02
      vertex 7.093837857e-02 2.438645437e-02 -3.156877309e-02
    endloop
  endfacet
  facet normal 8.977730870e-01 3.444103599e-01 -2.745632827e-01
    outer loop
      vertex 7.093837857e-02 2.438645437e-02 -3.156877309e-02
      vertex 6.894022971e-02 2.723410912e-02 -3.453027830e-02
      vertex 6.893954426e-02 2.851989307e-02 -3.291963413e-02
    endloop
  endfacet
  facet normal 8.959587216e-01 3.397943079e-01 -2.860031426e-01
    outer loop
      vertex 7.093837857e-02 2.438645437e-02 -3.156877309e-02
      vertex 6.893954426e-02 2.851989307e-02 -3.291963413e-02
      vertex 7.093770802e-02 2.637754567e-02 -2.920529433e-02
    endloop
  endfacet
  facet normal 8.898659348e-01 3.719532490e-01 -2.641769052e-01
    outer loop
      vertex 6.893954426e-02 2.851989307e-02 -3.291963413e-02
      vertex 6.893929839e-02 2.902883291e-02 -3.220390156e-02
      vertex 7.093770802e-02 2.637754567e-02 -2.920529433e-02
    endloop
  endfacet
  facet normal 8.862627745e-01 3.956592381e-01 -2.408154011e-01
    outer loop
      vertex 7.093770802e-02 2.637754567e-02 -2.920529433e-02
      vertex 6.893929839e-02 2.902883291e-02 -3.220390156e-02
      vertex 6.893824786e-02 3.058350086e-02 -2.965343371e-02
    endloop
  endfacet
  facet normal 8.813880682e-01 3.907095492e-01 -2.655204535e-01
    outer loop
      vertex 7.093770802e-02 2.637754567e-02 -2.920529433e-02
      vertex 6.893824786e-02 3.058350086e-02 -2.965343371e-02
      vertex 7.093692571e-02 2.822072059e-02 -2.649568208e-02
    endloop
  endfacet
  facet normal 8.709185719e-01 4.374462962e-01 -2.239232212e-01
    outer loop
      vertex 6.893824786e-02 3.058350086e-02 -2.965343371e-02
      vertex 6.893785298e-02 3.111822717e-02 -2.861037478e-02
      vertex 7.093692571e-02 2.822072059e-02 -2.649568208e-02
    endloop
  endfacet
  facet normal 8.688052893e-01 4.522155225e-01 -2.016890347e-01
    outer loop
      vertex 7.093692571e-02 2.822072059e-02 -2.649568208e-02
      vertex 6.893785298e-02 3.111822717e-02 -2.861037478e-02
      vertex 6.893724203e-02 3.192850575e-02 -2.679622173e-02
    endloop
  endfacet
  facet normal 8.626700044e-01 4.459086359e-01 -2.386754304e-01
    outer loop
      vertex 7.093692571e-02 2.822072059e-02 -2.649568208e-02
      vertex 6.893724203e-02 3.192850575e-02 -2.679622173e-02
      vertex 7.093609869e-02 2.975576185e-02 -2.363080904e-02
    endloop
  endfacet
  facet normal 8.430663347e-01 5.046240687e-01 -1.859939843e-01
    outer loop
      vertex 6.893724203e-02 3.192850575e-02 -2.679622173e-02
      vertex 6.893663853e-02 3.264746442e-02 -2.484834008e-02
      vertex 7.093609869e-02 2.975576185e-02 -2.363080904e-02
    endloop
  endfacet
  facet normal 8.421956301e-01 5.146524906e-01 -1.607459933e-01
    outer loop
      vertex 7.093609869e-02 2.975576185e-02 -2.363080904e-02
      vertex 6.893663853e-02 3.264746442e-02 -2.484834008e-02
      vertex 6.893625110e-02 3.298074380e-02 -2.378335036e-02
    endloop
  endfacet
  facet normal 8.358152509e-01 5.085102916e-01 -2.069544345e-01
    outer loop
      vertex 7.093609869e-02 2.975576185e-02 -2.363080904e-02
      vertex 6.893625110e-02 3.298074380e-02 -2.378335036e-02
      vertex 7.093524188e-02 3.098252229e-02 -2.061999030e-02
    endloop
  endfacet
  facet normal 8.021273017e-01 5.804570317e-01 -1.402191967e-01
    outer loop
      vertex 7.093524188e-02 3.098252229e-02 -2.061999030e-02
      vertex 6.893625110e-02 3.298074380e-02 -2.378335036e-02
      vertex 6.893521547e-02 3.374468163e-02 -2.062683366e-02
    endloop
  endfacet
  facet normal 7.952585816e-01 5.753574371e-01 -1.911219060e-01
    outer loop
      vertex 7.093524188e-02 3.098252229e-02 -2.061999030e-02
      vertex 6.893521547e-02 3.374468163e-02 -2.062683366e-02
      vertex 7.093501836e-02 3.124461696e-02 -1.983190887e-02
    endloop
  endfacet
  facet normal -2.527698176e-03 7.523539066e-01 6.587542892e-01
    outer loop
      vertex 6.719090044e-02 7.888733409e-03 2.413918264e-02
      vertex 6.782719493e-02 8.635796607e-03 2.328841388e-02
      vertex 5.075326189e-02 7.864250802e-03 2.410407178e-02
    endloop
  endfacet
  facet normal -4.998543882e-04 7.316806912e-01 6.816473603e-01
    outer loop
      vertex 5.075326189e-02 7.864250802e-03 2.410407178e-02
      vertex 6.782719493e-02 8.635796607e-03 2.328841388e-02
      vertex 5.002248660e-02 8.594458923e-03 2.331973054e-02
    endloop
  endfacet
  facet normal -5.386430348e-05 6.184850931e-01 7.857965231e-01
    outer loop
      vertex 5.002248660e-02 8.594458923e-03 2.331973054e-02
      vertex 6.782719493e-02 8.635796607e-03 2.328841388e-02
      vertex 4.984743521e-02 8.848091587e-03 2.312008850e-02
    endloop
  endfacet
  facet normal 1.655618893e-03 7.036215663e-01 7.105729580e-01
    outer loop
      vertex 4.984743521e-02 8.848091587e-03 2.312008850e-02
      vertex 6.782719493e-02 8.635796607e-03 2.328841388e-02
      vertex 6.798271090e-02 8.854068816e-03 2.307191491e-02
    endloop
  endfacet
  facet normal 2.141758800e-03 4.967183471e-01 8.679091334e-01
    outer loop
      vertex 4.984743521e-02 8.848091587e-03 2.312008850e-02
      vertex 6.798271090e-02 8.854068816e-03 2.307191491e-02
      vertex 4.939299449e-02 9.844442829e-03 2.255098149e-02
    endloop
  endfacet
  facet normal 3.049504571e-02 3.360635340e-01 9.413455129e-01
    outer loop
      vertex 6.892321259e-02 1.176204812e-02 2.137900703e-02
      vertex 6.259278208e-02 1.176179294e-02 2.158417180e-02
      vertex 6.880050898e-02 1.067695208e-02 2.177036367e-02
    endloop
  endfacet
  facet normal 3.042363189e-02 3.356788456e-01 9.414850473e-01
    outer loop
      vertex 6.880050898e-02 1.067695208e-02 2.177036367e-02
      vertex 6.259278208e-02 1.176179294e-02 2.158417180e-02
      vertex 5.600038171e-02 1.176167279e-02 2.179724537e-02
    endloop
  endfacet
  facet normal 1.446503680e-02 6.645078659e-01 7.471412420e-01
    outer loop
      vertex 6.798271090e-02 8.854068816e-03 2.307191491e-02
      vertex 6.824148446e-02 9.267047979e-03 2.269960009e-02
      vertex 4.939299449e-02 9.844442829e-03 2.255098149e-02
    endloop
  endfacet
  facet normal 1.094856299e-02 5.690444708e-01 8.222338557e-01
    outer loop
      vertex 4.939299449e-02 9.844442829e-03 2.255098149e-02
      vertex 6.824148446e-02 9.267047979e-03 2.269960009e-02
      vertex 6.871854514e-02 1.036805846e-02 2.193127014e-02
    endloop
  endfacet
  facet normal 1.959682070e-02 3.740752637e-01 9.271912575e-01
    outer loop
      vertex 4.939299449e-02 9.844442829e-03 2.255098149e-02
      vertex 6.871854514e-02 1.036805846e-02 2.193127014e-02
      vertex 4.928601161e-02 1.024336182e-02 2.239229903e-02
    endloop
  endfacet
  facet normal 1.814439707e-02 4.581225216e-01 8.887038231e-01
    outer loop
      vertex 4.928601161e-02 1.024336182e-02 2.239229903e-02
      vertex 6.871854514e-02 1.036805846e-02 2.193127014e-02
      vertex 6.880050898e-02 1.067695208e-02 2.177036367e-02
    endloop
  endfacet
  facet normal 2.308044769e-02 3.198529780e-01 9.471860528e-01
    outer loop
      vertex 4.928601161e-02 1.024336182e-02 2.239229903e-02
      vertex 6.880050898e-02 1.067695208e-02 2.177036367e-02
      vertex 4.922663420e-02 1.054341160e-02 2.229242399e-02
    endloop
  endfacet
  facet normal 2.398477308e-02 2.591013014e-01 9.655523300e-01
    outer loop
      vertex 4.922663420e-02 1.054341160e-02 2.229242399e-02
      vertex 6.880050898e-02 1.067695208e-02 2.177036367e-02
      vertex 5.600038171e-02 1.176167279e-02 2.179724537e-02
    endloop
  endfacet
  facet normal 2.898181602e-02 2.338708043e-01 9.718356133e-01
    outer loop
      vertex 4.922663420e-02 1.054341160e-02 2.229242399e-02
      vertex 5.600038171e-02 1.176167279e-02 2.179724537e-02
      vertex 4.913353920e-02 1.152559929e-02 2.205883712e-02
    endloop
  endfacet
  facet normal 3.204364330e-02 1.609878540e-01 9.864360690e-01
    outer loop
      vertex 4.913353920e-02 1.152559929e-02 2.205883712e-02
      vertex 5.600038171e-02 1.176167279e-02 2.179724537e-02
      vertex 4.913072288e-02 1.176182739e-02 2.202037722e-02
    endloop
  endfacet
  facet normal -2.561368514e-03 7.104728222e-01 7.037200332e-01
    outer loop
      vertex 6.707078964e-02 7.733149920e-03 2.429582179e-02
      vertex 6.719090044e-02 7.888733409e-03 2.413918264e-02
      vertex 5.075326189e-02 7.864250802e-03 2.410407178e-02
    endloop
  endfacet
  facet normal -5.577447359e-03 5.383520722e-01 8.427015543e-01
    outer loop
      vertex 6.707078964e-02 7.733149920e-03 2.429582179e-02
      vertex 5.075326189e-02 7.864250802e-03 2.410407178e-02
      vertex 6.697676331e-02 7.541267201e-03 2.441778220e-02
    endloop
  endfacet
  facet normal -6.368196337e-04 1.266789883e-01 9.919435382e-01
    outer loop
      vertex 5.115481839e-02 7.057375275e-03 2.451476268e-02
      vertex 6.689691544e-02 7.102033123e-03 2.451916598e-02
      vertex 5.112311244e-02 7.307342254e-03 2.448281832e-02
    endloop
  endfacet
  facet normal -1.710510463e-03 4.543104768e-02 9.989660382e-01
    outer loop
      vertex 5.112311244e-02 7.307342254e-03 2.448281832e-02
      vertex 6.689691544e-02 7.102033123e-03 2.451916598e-02
      vertex 6.690019369e-02 7.191656157e-03 2.451509424e-02
    endloop
  endfacet
  facet normal -1.525693689e-03 6.562466025e-01 7.545449138e-01
    outer loop
      vertex 5.075326189e-02 7.864250802e-03 2.410407178e-02
      vertex 5.103747174e-02 7.528997026e-03 2.439622395e-02
      vertex 6.697676331e-02 7.541267201e-03 2.441778220e-02
    endloop
  endfacet
  facet normal -1.539754448e-03 3.633714318e-01 9.316430688e-01
    outer loop
      vertex 6.697676331e-02 7.541267201e-03 2.441778220e-02
      vertex 5.103747174e-02 7.528997026e-03 2.439622395e-02
      vertex 5.112311244e-02 7.307342254e-03 2.448281832e-02
    endloop
  endfacet
  facet normal -2.083220752e-03 3.964279890e-01 9.180634618e-01
    outer loop
      vertex 6.697676331e-02 7.541267201e-03 2.441778220e-02
      vertex 5.112311244e-02 7.307342254e-03 2.448281832e-02
      vertex 6.694819778e-02 7.456241176e-03 2.445443347e-02
    endloop
  endfacet
  facet normal -3.548926907e-04 2.235364765e-01 9.746955037e-01
    outer loop
      vertex 6.694819778e-02 7.456241176e-03 2.445443347e-02
      vertex 5.112311244e-02 7.307342254e-03 2.448281832e-02
      vertex 6.690019369e-02 7.191656157e-03 2.451509424e-02
    endloop
  endfacet
  facet normal -2.796513436e-04 -1.911424079e-05 9.999999404e-01
    outer loop
      vertex 6.689691544e-02 7.102033123e-03 2.451916598e-02
      vertex 5.115481839e-02 7.057375275e-03 2.451476268e-02
      vertex 6.689685583e-02 4.411069676e-03 2.451911382e-02
    endloop
  endfacet
  facet normal -2.875925566e-04 -6.635406316e-05 9.999999404e-01
    outer loop
      vertex 6.689685583e-02 4.411069676e-03 2.451911382e-02
      vertex 5.115481839e-02 7.057375275e-03 2.451476268e-02
      vertex 5.115497857e-02 4.388748668e-03 2.451458573e-02
    endloop
  endfacet
  facet normal -2.876836515e-04 -2.103068027e-06 9.999999404e-01
    outer loop
      vertex 6.689685583e-02 4.411069676e-03 2.451911382e-02
      vertex 5.115497857e-02 4.388748668e-03 2.451458573e-02
      vertex 6.689695269e-02 1.720106229e-03 2.451910824e-02
    endloop
  endfacet
  facet normal -2.876891813e-04 -2.135704563e-06 9.999999404e-01
    outer loop
      vertex 6.689695269e-02 1.720106229e-03 2.451910824e-02
      vertex 5.115497857e-02 4.388748668e-03 2.451458573e-02
      vertex 5.115487054e-02 1.720118453e-03 2.451458015e-02
    endloop
  endfacet
  facet normal -2.876891813e-04 1.692595288e-05 9.999999404e-01
    outer loop
      vertex 6.689695269e-02 1.720106229e-03 2.451910824e-02
      vertex 5.115487054e-02 1.720118453e-03 2.451458015e-02
      vertex 6.689698249e-02 -3.568833694e-03 2.451919764e-02
    endloop
  endfacet
  facet normal -2.871230245e-04 1.861107012e-05 9.999999404e-01
    outer loop
      vertex 6.689698249e-02 -3.568833694e-03 2.451919764e-02
      vertex 5.115487054e-02 1.720118453e-03 2.451458015e-02
      vertex 5.115486681e-02 -3.480055369e-03 2.451467700e-02
    endloop
  endfacet
  facet normal 6.039083473e-07 -1.000000000e+00 -1.446219017e-06
    outer loop
      vertex 1.699795201e-02 2.271021158e-02 -3.590539843e-02
      vertex 2.037649043e-02 2.271018177e-02 -1.448442321e-02
      vertex 1.613419876e-02 2.271018550e-02 -1.909679733e-02
    endloop
  endfacet
  facet normal 4.110270766e-06 -1.000000000e+00 -1.999246251e-06
    outer loop
      vertex 2.037649043e-02 2.271018177e-02 -1.448442321e-02
      vertex 1.699795201e-02 2.271021158e-02 -3.590539843e-02
      vertex 2.333845943e-02 2.271018364e-02 -8.961942047e-03
    endloop
  endfacet
  facet normal -1.023618734e-05 -1.000000000e+00 1.376855039e-06
    outer loop
      vertex 2.333845943e-02 2.271018364e-02 -8.961942047e-03
      vertex 1.699795201e-02 2.271021158e-02 -3.590539843e-02
      vertex 3.345606849e-02 2.271012217e-02 2.141982317e-02
    endloop
  endfacet
  facet normal -2.112632865e-05 -1.000000000e+00 5.003445040e-06
    outer loop
      vertex 2.333845943e-02 2.271018364e-02 -8.961942047e-03
      vertex 3.345606849e-02 2.271012217e-02 2.141982317e-02
      vertex 2.483397909e-02 2.271018177e-02 -2.876346465e-03
    endloop
  endfacet
  facet normal 1.439686343e-07 -1.000000000e+00 -2.715317180e-07
    outer loop
      vertex -1.311330008e-03 2.271018736e-02 -2.496558614e-02
      vertex -8.229081519e-03 2.271018736e-02 -2.866259776e-02
      vertex 4.938546568e-03 2.271018922e-02 -2.450735867e-02
    endloop
  endfacet
  facet normal 5.059918635e-07 -1.000000000e+00 -1.418754891e-06
    outer loop
      vertex 4.938546568e-03 2.271018922e-02 -2.450735867e-02
      vertex -8.229081519e-03 2.271018736e-02 -2.866259776e-02
      vertex 1.699795201e-02 2.271021158e-02 -3.590539843e-02
    endloop
  endfacet
  facet normal 4.292653841e-07 -1.000000000e+00 -1.499933433e-06
    outer loop
      vertex 4.938546568e-03 2.271018922e-02 -2.450735867e-02
      vertex 1.699795201e-02 2.271021158e-02 -3.590539843e-02
      vertex 1.087813638e-02 2.271018736e-02 -2.250925079e-02
    endloop
  endfacet
  facet normal 5.396127563e-07 -1.000000000e+00 -1.449522983e-06
    outer loop
      vertex 1.087813638e-02 2.271018736e-02 -2.250925079e-02
      vertex 1.699795201e-02 2.271021158e-02 -3.590539843e-02
      vertex 1.613419876e-02 2.271018550e-02 -1.909679733e-02
    endloop
  endfacet
  facet normal -3.972495506e-06 -1.000000000e+00 -2.157276867e-06
    outer loop
      vertex 2.007218264e-02 2.271018922e-02 1.490326598e-02
      vertex 2.314787917e-02 2.271018736e-02 9.443297982e-03
      vertex 3.345606849e-02 2.271012217e-02 2.141982317e-02
    endloop
  endfacet
  facet normal -5.248773959e-06 -1.000000000e+00 -1.058784392e-06
    outer loop
      vertex 3.345606849e-02 2.271012217e-02 2.141982317e-02
      vertex 2.314787917e-02 2.271018736e-02 9.443297982e-03
      vertex 2.476909570e-02 2.271018550e-02 3.389977850e-03
    endloop
  endfacet
  facet normal -8.618105312e-06 -1.000000000e+00 5.645956662e-07
    outer loop
      vertex 3.345606849e-02 2.271012217e-02 2.141982317e-02
      vertex 2.476909570e-02 2.271018550e-02 3.389977850e-03
      vertex 2.483397909e-02 2.271018177e-02 -2.876346465e-03
    endloop
  endfacet
  facet normal 1.793624165e-07 -1.000000000e+00 -3.377596443e-07
    outer loop
      vertex -1.311330008e-03 2.271018736e-02 -2.496558614e-02
      vertex -7.478827611e-03 2.271018550e-02 -2.385512739e-02
      vertex -8.229081519e-03 2.271018736e-02 -2.866259776e-02
    endloop
  endfacet
  facet normal 1.354385404e-06 -1.000000000e+00 -5.211338703e-07
    outer loop
      vertex -8.229081519e-03 2.271018736e-02 -2.866259776e-02
      vertex -7.478827611e-03 2.271018550e-02 -2.385512739e-02
      vertex -8.961945772e-03 2.271018364e-02 -2.333845571e-02
    endloop
  endfacet
  facet normal 7.437705563e-08 -1.000000000e+00 -6.973260156e-07
    outer loop
      vertex -8.229081519e-03 2.271018736e-02 -2.866259776e-02
      vertex -8.961945772e-03 2.271018364e-02 -2.333845571e-02
      vertex -1.440078393e-02 2.271018550e-02 -2.611282654e-02
    endloop
  endfacet
  facet normal -2.171705518e-07 -1.000000000e+00 -1.257800477e-07
    outer loop
      vertex -1.440078393e-02 2.271018550e-02 -2.611282654e-02
      vertex -8.961945772e-03 2.271018364e-02 -2.333845571e-02
      vertex -1.317638624e-02 2.271018550e-02 -2.124577202e-02
    endloop
  endfacet
  facet normal 1.939376091e-07 -1.000000000e+00 -2.292018735e-07
    outer loop
      vertex -1.440078393e-02 2.271018550e-02 -2.611282654e-02
      vertex -1.317638624e-02 2.271018550e-02 -2.124577202e-02
      vertex -1.985037141e-02 2.271018364e-02 -2.225364558e-02
    endloop
  endfacet
  facet normal 1.730223147e-07 -1.000000000e+00 -9.070409845e-08
    outer loop
      vertex -1.985037141e-02 2.271018364e-02 -2.225364558e-02
      vertex -1.317638624e-02 2.271018550e-02 -2.124577202e-02
      vertex -1.804604195e-02 2.271018364e-02 -1.730145887e-02
    endloop
  endfacet
  facet normal 1.655033657e-07 -1.000000000e+00 -8.796457251e-08
    outer loop
      vertex -1.985037141e-02 2.271018364e-02 -2.225364558e-02
      vertex -1.804604195e-02 2.271018364e-02 -1.730145887e-02
      vertex -2.430458367e-02 2.271018177e-02 -1.727857627e-02
    endloop
  endfacet
  facet normal 1.661079807e-07 -1.000000000e+00 7.739897967e-08
    outer loop
      vertex -2.430458367e-02 2.271018177e-02 -1.727857627e-02
      vertex -1.804604195e-02 2.271018364e-02 -1.730145887e-02
      vertex -2.178179100e-02 2.271018364e-02 -1.227003243e-02
    endloop
  endfacet
  facet normal 1.483672349e-07 -1.000000000e+00 8.633495696e-08
    outer loop
      vertex -2.430458367e-02 2.271018177e-02 -1.727857627e-02
      vertex -2.178179100e-02 2.271018364e-02 -1.227003243e-02
      vertex -2.754007094e-02 2.271018177e-02 -1.143708359e-02
    endloop
  endfacet
  facet normal 1.793629281e-07 -1.000000000e+00 3.006121858e-07
    outer loop
      vertex -2.754007094e-02 2.271018177e-02 -1.143708359e-02
      vertex -2.178179100e-02 2.271018364e-02 -1.227003243e-02
      vertex -2.939457633e-02 2.271018364e-02 -5.022089928e-03
    endloop
  endfacet
  facet normal 1.528223237e-07 -1.000000000e+00 2.727356048e-07
    outer loop
      vertex -2.939457633e-02 2.271018364e-02 -5.022089928e-03
      vertex -2.178179100e-02 2.271018364e-02 -1.227003243e-02
      vertex -2.414890565e-02 2.271018364e-02 -6.467638537e-03
    endloop
  endfacet
  facet normal 2.242457526e-07 -1.000000000e+00 5.319200227e-07
    outer loop
      vertex -2.939457633e-02 2.271018364e-02 -5.022089928e-03
      vertex -2.414890565e-02 2.271018364e-02 -6.467638537e-03
      vertex -2.977511287e-02 2.271018736e-02 1.644731034e-03
    endloop
  endfacet
  facet normal 2.103736705e-07 -1.000000000e+00 5.222992741e-07
    outer loop
      vertex -2.977511287e-02 2.271018736e-02 1.644731034e-03
      vertex -2.414890565e-02 2.271018364e-02 -6.467638537e-03
      vertex -2.499866299e-02 2.271018736e-02 -2.588562784e-04
    endloop
  endfacet
  facet normal -1.070607567e-07 -1.000000000e+00 -2.742019376e-07
    outer loop
      vertex -2.977511287e-02 2.271018736e-02 1.644731034e-03
      vertex -2.499866299e-02 2.271018736e-02 -2.588562784e-04
      vertex -2.866259404e-02 2.271018550e-02 8.229076862e-03
    endloop
  endfacet
  facet normal -2.489127837e-07 -1.000000000e+00 -3.354342937e-07
    outer loop
      vertex -2.866259404e-02 2.271018550e-02 8.229076862e-03
      vertex -2.499866299e-02 2.271018736e-02 -2.588562784e-04
      vertex -2.427765541e-02 2.271018550e-02 5.966189317e-03
    endloop
  endfacet
  facet normal -4.614571125e-08 -1.000000000e+00 5.748014686e-08
    outer loop
      vertex -2.866259404e-02 2.271018550e-02 8.229076862e-03
      vertex -2.427765541e-02 2.271018550e-02 5.966189317e-03
      vertex -2.611282095e-02 2.271018550e-02 1.440078486e-02
    endloop
  endfacet
  facet normal -1.139869852e-07 -1.000000000e+00 4.271952037e-08
    outer loop
      vertex -2.611282095e-02 2.271018550e-02 1.440078486e-02
      vertex -2.427765541e-02 2.271018550e-02 5.966189317e-03
      vertex -2.203119732e-02 2.271018550e-02 1.181635819e-02
    endloop
  endfacet
  facet normal 9.409665580e-08 -1.000000000e+00 3.713490742e-07
    outer loop
      vertex -2.611282095e-02 2.271018550e-02 1.440078486e-02
      vertex -2.203119732e-02 2.271018550e-02 1.181635819e-02
      vertex -2.225364931e-02 2.271018736e-02 1.985037886e-02
    endloop
  endfacet
  facet normal 9.867314787e-08 -1.000000000e+00 3.714758066e-07
    outer loop
      vertex -2.225364931e-02 2.271018736e-02 1.985037886e-02
      vertex -2.203119732e-02 2.271018550e-02 1.181635819e-02
      vertex -1.840043999e-02 2.271018736e-02 1.692406274e-02
    endloop
  endfacet
  facet normal -3.791060408e-07 -1.000000000e+00 -2.576366569e-07
    outer loop
      vertex -2.225364931e-02 2.271018736e-02 1.985037886e-02
      vertex -1.840043999e-02 2.271018736e-02 1.692406274e-02
      vertex -1.727857254e-02 2.271018550e-02 2.430458926e-02
    endloop
  endfacet
  facet normal -4.313907880e-07 -1.000000000e+00 -2.496891796e-07
    outer loop
      vertex -1.727857254e-02 2.271018550e-02 2.430458926e-02
      vertex -1.840043999e-02 2.271018736e-02 1.692406274e-02
      vertex -1.361351088e-02 2.271018364e-02 2.096836455e-02
    endloop
  endfacet
  facet normal -2.075940273e-07 -1.000000000e+00 -3.833763973e-09
    outer loop
      vertex -1.727857254e-02 2.271018550e-02 2.430458926e-02
      vertex -1.361351088e-02 2.271018364e-02 2.096836455e-02
      vertex -1.143707894e-02 2.271018364e-02 2.754006349e-02
    endloop
  endfacet
  facet normal -2.177169165e-07 -1.000000000e+00 -4.812411580e-10
    outer loop
      vertex -1.143707894e-02 2.271018364e-02 2.754006349e-02
      vertex -1.361351088e-02 2.271018364e-02 2.096836455e-02
      vertex -7.971201092e-03 2.271018364e-02 2.369514853e-02
    endloop
  endfacet
  facet normal -1.134161476e-08 -1.000000000e+00 1.855492400e-07
    outer loop
      vertex -1.143707894e-02 2.271018364e-02 2.754006349e-02
      vertex -7.971201092e-03 2.271018364e-02 2.369514853e-02
      vertex -5.022086669e-03 2.271018364e-02 2.939456888e-02
    endloop
  endfacet
  facet normal 3.793035608e-10 -1.000000000e+00 1.794843598e-07
    outer loop
      vertex -5.022086669e-03 2.271018364e-02 2.939456888e-02
      vertex -7.971201092e-03 2.271018364e-02 2.369514853e-02
      vertex -1.828025677e-03 2.271018364e-02 2.493307739e-02
    endloop
  endfacet
  facet normal 1.891205130e-07 -1.000000000e+00 3.146075471e-07
    outer loop
      vertex -5.022086669e-03 2.271018364e-02 2.939456888e-02
      vertex -1.828025677e-03 2.271018364e-02 2.493307739e-02
      vertex 1.644734060e-03 2.271018550e-02 2.977510728e-02
    endloop
  endfacet
  facet normal 2.070442946e-07 -1.000000000e+00 3.017524079e-07
    outer loop
      vertex 1.644734060e-03 2.271018550e-02 2.977510728e-02
      vertex -1.828025677e-03 2.271018364e-02 2.493307739e-02
      vertex 4.430002999e-03 2.271018550e-02 2.460437268e-02
    endloop
  endfacet
  facet normal 3.773632216e-07 -1.000000000e+00 3.934964354e-07
    outer loop
      vertex 1.644734060e-03 2.271018550e-02 2.977510728e-02
      vertex 4.430002999e-03 2.271018550e-02 2.460437268e-02
      vertex 8.229075000e-03 2.271018736e-02 2.866259962e-02
    endloop
  endfacet
  facet normal 3.911135877e-07 -1.000000000e+00 3.806241864e-07
    outer loop
      vertex 8.229075000e-03 2.271018736e-02 2.866259962e-02
      vertex 4.430002999e-03 2.271018550e-02 2.460437268e-02
      vertex 1.040968858e-02 2.271018550e-02 2.272968180e-02
    endloop
  endfacet
  facet normal -2.865106580e-06 -1.000000000e+00 -8.161828191e-07
    outer loop
      vertex 8.229075000e-03 2.271018736e-02 2.866259962e-02
      vertex 1.040968858e-02 2.271018550e-02 2.272968180e-02
      vertex 3.345606849e-02 2.271012217e-02 2.141982317e-02
    endloop
  endfacet
  facet normal -3.131198810e-06 -1.000000000e+00 -5.497962775e-06
    outer loop
      vertex 3.345606849e-02 2.271012217e-02 2.141982317e-02
      vertex 1.040968858e-02 2.271018550e-02 2.272968180e-02
      vertex 1.573529653e-02 2.271018736e-02 1.942679845e-02
    endloop
  endfacet
  facet normal -3.367073532e-06 -1.000000000e+00 -3.400708920e-06
    outer loop
      vertex 3.345606849e-02 2.271012217e-02 2.141982317e-02
      vertex 1.573529653e-02 2.271018736e-02 1.942679845e-02
      vertex 2.007218264e-02 2.271018922e-02 1.490326598e-02
    endloop
  endfacet
  facet normal -6.916766763e-01 -2.509217709e-02 -7.217712998e-01
    outer loop
      vertex 4.863697290e-02 1.586291939e-02 -4.231514037e-02
      vertex 4.902679846e-02 1.387553848e-02 -4.261962324e-02
      vertex 4.701668024e-02 1.352701150e-02 -4.068120196e-02
    endloop
  endfacet
  facet normal -6.985521317e-01 6.615951657e-02 -7.124940753e-01
    outer loop
      vertex 4.701668024e-02 1.352701150e-02 -4.068120196e-02
      vertex 4.902679846e-02 1.387553848e-02 -4.261962324e-02
      vertex 4.915058240e-02 1.176215895e-02 -4.293722287e-02
    endloop
  endfacet
  facet normal -7.063050866e-01 4.877214506e-02 -7.062254548e-01
    outer loop
      vertex 4.701668024e-02 1.352701150e-02 -4.068120196e-02
      vertex 4.915058240e-02 1.176215895e-02 -4.293722287e-02
      vertex 4.715196043e-02 1.175966673e-02 -4.093855247e-02
    endloop
  endfacet
  facet normal -6.608581543e-01 -6.462249160e-02 -7.477234602e-01
    outer loop
      vertex 4.701668024e-02 1.352701150e-02 -4.068120196e-02
      vertex 4.659203067e-02 1.517996658e-02 -4.044874012e-02
      vertex 4.863697290e-02 1.586291939e-02 -4.231514037e-02
    endloop
  endfacet
  facet normal -6.412600875e-01 -1.411064416e-01 -7.542376518e-01
    outer loop
      vertex 4.863697290e-02 1.586291939e-02 -4.231514037e-02
      vertex 4.659203067e-02 1.517996658e-02 -4.044874012e-02
      vertex 4.652306810e-02 1.536215562e-02 -4.042419419e-02
    endloop
  endfacet
  facet normal -6.503013372e-01 -9.900959581e-02 -7.531967163e-01
    outer loop
      vertex 4.863697290e-02 1.586291939e-02 -4.231514037e-02
      vertex 4.652306810e-02 1.536215562e-02 -4.042419419e-02
      vertex 4.824361578e-02 1.703467220e-02 -4.212955013e-02
    endloop
  endfacet
  facet normal -6.088378429e-01 -1.648843735e-01 -7.759701610e-01
    outer loop
      vertex 4.824361578e-02 1.703467220e-02 -4.212955013e-02
      vertex 4.652306810e-02 1.536215562e-02 -4.042419419e-02
      vertex 4.625508562e-02 1.597015187e-02 -4.034312442e-02
    endloop
  endfacet
  facet normal -6.047565341e-01 -1.743794680e-01 -7.770851851e-01
    outer loop
      vertex 4.824361578e-02 1.703467220e-02 -4.212955013e-02
      vertex 4.625508562e-02 1.597015187e-02 -4.034312442e-02
      vertex 4.740352556e-02 1.870207302e-02 -4.184992984e-02
    endloop
  endfacet
  facet normal -5.660446286e-01 -2.027672678e-01 -7.990487814e-01
    outer loop
      vertex 4.740352556e-02 1.870207302e-02 -4.184992984e-02
      vertex 4.625508562e-02 1.597015187e-02 -4.034312442e-02
      vertex 4.593657702e-02 1.655380055e-02 -4.026560113e-02
    endloop
  endfacet
  facet normal -5.278818607e-01 -2.403051704e-01 -8.146129251e-01
    outer loop
      vertex 4.740352556e-02 1.870207302e-02 -4.184992984e-02
      vertex 4.593657702e-02 1.655380055e-02 -4.026560113e-02
      vertex 4.556927085e-02 1.710845903e-02 -4.019119963e-02
    endloop
  endfacet
  facet normal -4.975032806e-01 -2.814383805e-01 -8.205382228e-01
    outer loop
      vertex 4.556927085e-02 1.710845903e-02 -4.019119963e-02
      vertex 4.515634850e-02 1.763044484e-02 -4.011987522e-02
      vertex 4.740352556e-02 1.870207302e-02 -4.184992984e-02
    endloop
  endfacet
  facet normal -4.794868827e-01 -3.161341846e-01 -8.186278343e-01
    outer loop
      vertex 4.740352556e-02 1.870207302e-02 -4.184992984e-02
      vertex 4.515634850e-02 1.763044484e-02 -4.011987522e-02
      vertex 4.493425414e-02 1.787816174e-02 -4.008545354e-02
    endloop
  endfacet
  facet normal -5.138658881e-01 -2.299251556e-01 -8.264842629e-01
    outer loop
      vertex 4.740352556e-02 1.870207302e-02 -4.184992984e-02
      vertex 4.493425414e-02 1.787816174e-02 -4.008545354e-02
      vertex 4.642114043e-02 2.002325468e-02 -4.160667956e-02
    endloop
  endfacet
  facet normal -4.251220822e-01 -3.087241948e-01 -8.508587480e-01
    outer loop
      vertex 4.642114043e-02 2.002325468e-02 -4.160667956e-02
      vertex 4.493425414e-02 1.787816174e-02 -4.008545354e-02
      vertex 4.446116462e-02 1.834693737e-02 -4.001916945e-02
    endloop
  endfacet
  facet normal -4.571350515e-01 -2.684943080e-01 -8.479022980e-01
    outer loop
      vertex 4.642114043e-02 2.002325468e-02 -4.160667956e-02
      vertex 4.446116462e-02 1.834693737e-02 -4.001916945e-02
      vertex 4.579364881e-02 2.067647502e-02 -4.147522524e-02
    endloop
  endfacet
  facet normal -3.904615939e-01 -3.169133663e-01 -8.643527627e-01
    outer loop
      vertex 4.579364881e-02 2.067647502e-02 -4.147522524e-02
      vertex 4.446116462e-02 1.834693737e-02 -4.001916945e-02
      vertex 4.421176761e-02 1.856751926e-02 -3.998738155e-02
    endloop
  endfacet
  facet normal -3.679493070e-01 -3.357474506e-01 -8.671141267e-01
    outer loop
      vertex 4.421176761e-02 1.856751926e-02 -3.998738155e-02
      vertex 4.368981719e-02 1.898185909e-02 -3.992633149e-02
      vertex 4.579364881e-02 2.067647502e-02 -4.147522524e-02
    endloop
  endfacet
  facet normal -3.495622277e-01 -3.575577140e-01 -8.660016060e-01
    outer loop
      vertex 4.579364881e-02 2.067647502e-02 -4.147522524e-02
      vertex 4.368981719e-02 1.898185909e-02 -3.992633149e-02
      vertex 4.341881722e-02 1.917561889e-02 -3.989694268e-02
    endloop
  endfacet
  facet normal -4.045736194e-01 -2.765066624e-01 -8.717019558e-01
    outer loop
      vertex 4.579364881e-02 2.067647502e-02 -4.147522524e-02
      vertex 4.341881722e-02 1.917561889e-02 -3.989694268e-02
      vertex 4.501764104e-02 2.134914324e-02 -4.132843763e-02
    endloop
  endfacet
  facet normal -3.159526587e-01 -3.487186730e-01 -8.823657036e-01
    outer loop
      vertex 4.501764104e-02 2.134914324e-02 -4.132843763e-02
      vertex 4.341881722e-02 1.917561889e-02 -3.989694268e-02
      vertex 4.285907745e-02 1.953771710e-02 -3.983961791e-02
    endloop
  endfacet
  facet normal -3.580968082e-01 -2.999888361e-01 -8.841794729e-01
    outer loop
      vertex 4.501764104e-02 2.134914324e-02 -4.132843763e-02
      vertex 4.285907745e-02 1.953771710e-02 -3.983961791e-02
      vertex 4.371719062e-02 2.224472165e-02 -4.110560566e-02
    endloop
  endfacet
  facet normal -2.661314607e-01 -3.378463387e-01 -9.027922750e-01
    outer loop
      vertex 4.285907745e-02 1.953771710e-02 -3.983961791e-02
      vertex 4.168206826e-02 2.016741596e-02 -3.972829878e-02
      vertex 4.371719062e-02 2.224472165e-02 -4.110560566e-02
    endloop
  endfacet
  facet normal -2.414305806e-01 -3.607678115e-01 -9.008650780e-01
    outer loop
      vertex 4.371719062e-02 2.224472165e-02 -4.110560566e-02
      vertex 4.168206826e-02 2.016741596e-02 -3.972829878e-02
      vertex 4.107305408e-02 2.043877169e-02 -3.967375681e-02
    endloop
  endfacet
  facet normal -2.900720239e-01 -2.966797650e-01 -9.098567367e-01
    outer loop
      vertex 4.371719062e-02 2.224472165e-02 -4.110560566e-02
      vertex 4.107305408e-02 2.043877169e-02 -3.967375681e-02
      vertex 4.154002294e-02 2.332521789e-02 -4.076382145e-02
    endloop
  endfacet
  facet normal -2.000704408e-01 -3.176603019e-01 -9.268569350e-01
    outer loop
      vertex 4.107305408e-02 2.043877169e-02 -3.967375681e-02
      vertex 3.982392326e-02 2.090742625e-02 -3.956473991e-02
      vertex 4.154002294e-02 2.332521789e-02 -4.076382145e-02
    endloop
  endfacet
  facet normal -1.844123304e-01 -3.285091817e-01 -9.263227582e-01
    outer loop
      vertex 4.154002294e-02 2.332521789e-02 -4.076382145e-02
      vertex 3.982392326e-02 2.090742625e-02 -3.956473991e-02
      vertex 3.918843344e-02 2.110870369e-02 -3.950960562e-02
    endloop
  endfacet
  facet normal -2.332956195e-01 -2.795031965e-01 -9.313705564e-01
    outer loop
      vertex 4.154002294e-02 2.332521789e-02 -4.076382145e-02
      vertex 3.918843344e-02 2.110870369e-02 -3.950960562e-02
      vertex 3.898528218e-02 2.417789586e-02 -4.037978128e-02
    endloop
  endfacet
  facet normal -1.619268358e-01 -2.790740430e-01 -9.465185404e-01
    outer loop
      vertex 3.898528218e-02 2.417789586e-02 -4.037978128e-02
      vertex 3.918843344e-02 2.110870369e-02 -3.950960562e-02
      vertex 3.854724020e-02 2.129067481e-02 -3.945356607e-02
    endloop
  endfacet
  facet normal -2.103762478e-01 -2.695448101e-01 -9.397273064e-01
    outer loop
      vertex 3.898528218e-02 2.417789586e-02 -4.037978128e-02
      vertex 3.854724020e-02 2.129067481e-02 -3.945356607e-02
      vertex 3.830642626e-02 2.435215563e-02 -4.027779028e-02
    endloop
  endfacet
  facet normal -1.499692500e-01 -2.680091262e-01 -9.516723752e-01
    outer loop
      vertex 3.830642626e-02 2.435215563e-02 -4.027779028e-02
      vertex 3.854724020e-02 2.129067481e-02 -3.945356607e-02
      vertex 3.725150228e-02 2.160364203e-02 -3.933751583e-02
    endloop
  endfacet
  facet normal -1.437673122e-01 -2.704780102e-01 -9.519309998e-01
    outer loop
      vertex 3.725150228e-02 2.160364203e-02 -3.933751583e-02
      vertex 3.659901395e-02 2.173754387e-02 -3.927701712e-02
      vertex 3.830642626e-02 2.435215563e-02 -4.027779028e-02
    endloop
  endfacet
  facet normal -1.392902583e-01 -2.733431458e-01 -9.517781734e-01
    outer loop
      vertex 3.830642626e-02 2.435215563e-02 -4.027779028e-02
      vertex 3.659901395e-02 2.173754387e-02 -3.927701712e-02
      vertex 3.476937860e-02 2.204436250e-02 -3.909737244e-02
    endloop
  endfacet
  facet normal -1.873429865e-01 -2.043152004e-01 -9.608110785e-01
    outer loop
      vertex 3.830642626e-02 2.435215563e-02 -4.027779028e-02
      vertex 3.476937860e-02 2.204436250e-02 -3.909737244e-02
      vertex 3.496379778e-02 2.498760447e-02 -3.976115584e-02
    endloop
  endfacet
  facet normal -1.299400181e-01 -2.099620402e-01 -9.690364003e-01
    outer loop
      vertex 3.476937860e-02 2.204436250e-02 -3.909737244e-02
      vertex 3.396752477e-02 2.215194143e-02 -3.901315853e-02
      vertex 3.496379778e-02 2.498760447e-02 -3.976115584e-02
    endloop
  endfacet
  facet normal -1.330456138e-01 -2.088245898e-01 -9.688607454e-01
    outer loop
      vertex 3.496379778e-02 2.498760447e-02 -3.976115584e-02
      vertex 3.396752477e-02 2.215194143e-02 -3.901315853e-02
      vertex 3.132221475e-02 2.241676860e-02 -3.870698065e-02
    endloop
  endfacet
  facet normal -1.802426428e-01 -1.436958909e-01 -9.730694294e-01
    outer loop
      vertex 3.496379778e-02 2.498760447e-02 -3.976115584e-02
      vertex 3.132221475e-02 2.241676860e-02 -3.870698065e-02
      vertex 3.056602925e-02 2.544198558e-02 -3.901365399e-02
    endloop
  endfacet
  facet normal -1.499357522e-01 -1.367412508e-01 -9.791941047e-01
    outer loop
      vertex 3.056602925e-02 2.544198558e-02 -3.901365399e-02
      vertex 3.132221475e-02 2.241676860e-02 -3.870698065e-02
      vertex 2.603032254e-02 2.266426198e-02 -3.793124110e-02
    endloop
  endfacet
  facet normal -2.244164050e-01 2.121105976e-02 -9.742624760e-01
    outer loop
      vertex 1.844050921e-02 2.271134593e-02 -3.630302101e-02
      vertex 1.699767075e-02 2.571061254e-02 -3.590537235e-02
      vertex 2.339955233e-02 2.270311303e-02 -3.744548932e-02
    endloop
  endfacet
  facet normal -2.560746372e-01 -5.075547844e-02 -9.653236270e-01
    outer loop
      vertex 2.339955233e-02 2.270311303e-02 -3.744548932e-02
      vertex 1.699767075e-02 2.571061254e-02 -3.590537235e-02
      vertex 2.158431336e-02 2.570532076e-02 -3.712180629e-02
    endloop
  endfacet
  facet normal -1.816249788e-01 -3.795955563e-03 -9.833605289e-01
    outer loop
      vertex 2.339955233e-02 2.270311303e-02 -3.744548932e-02
      vertex 2.158431336e-02 2.570532076e-02 -3.712180629e-02
      vertex 2.603032254e-02 2.266426198e-02 -3.793124110e-02
    endloop
  endfacet
  facet normal -2.158831954e-01 -5.615904182e-02 -9.748028517e-01
    outer loop
      vertex 2.603032254e-02 2.266426198e-02 -3.793124110e-02
      vertex 2.158431336e-02 2.570532076e-02 -3.712180629e-02
      vertex 2.773035876e-02 2.559108287e-02 -3.847635165e-02
    endloop
  endfacet
  facet normal -1.893522590e-01 -7.239525765e-02 -9.792367816e-01
    outer loop
      vertex 2.603032254e-02 2.266426198e-02 -3.793124110e-02
      vertex 2.773035876e-02 2.559108287e-02 -3.847635165e-02
      vertex 3.056602925e-02 2.544198558e-02 -3.901365399e-02
    endloop
  endfacet
  facet normal -2.657275796e-01 9.417757974e-05 -9.640481472e-01
    outer loop
      vertex 1.699795201e-02 2.271021158e-02 -3.590539843e-02
      vertex 1.699793898e-02 2.276509255e-02 -3.590539098e-02
      vertex 1.844050921e-02 2.271134593e-02 -3.630302101e-02
    endloop
  endfacet
  facet normal -2.657308280e-01 1.752203929e-07 -9.640472531e-01
    outer loop
      vertex 1.844050921e-02 2.271134593e-02 -3.630302101e-02
      vertex 1.699793898e-02 2.276509255e-02 -3.590539098e-02
      vertex 1.699814014e-02 2.420987934e-02 -3.590544313e-02
    endloop
  endfacet
  facet normal -2.657662928e-01 -3.655489854e-05 -9.640374780e-01
    outer loop
      vertex 1.844050921e-02 2.271134593e-02 -3.630302101e-02
      vertex 1.699814014e-02 2.420987934e-02 -3.590544313e-02
      vertex 1.699767075e-02 2.571061254e-02 -3.590537235e-02
    endloop
  endfacet
  facet normal 7.681928277e-01 2.004102916e-01 6.080422997e-01
    outer loop
      vertex 6.892321259e-02 1.176204812e-02 2.137900703e-02
      vertex 7.092379034e-02 1.092818286e-02 1.912634261e-02
      vertex 7.092387974e-02 1.191048231e-02 1.880246773e-02
    endloop
  endfacet
  facet normal 7.739287615e-01 1.678583473e-01 6.106208563e-01
    outer loop
      vertex 6.892321259e-02 1.176204812e-02 2.137900703e-02
      vertex 7.092387974e-02 1.191048231e-02 1.880246773e-02
      vertex 6.892597675e-02 1.523196232e-02 2.042163163e-02
    endloop
  endfacet
  facet normal 8.092287779e-01 2.215010077e-01 5.441378951e-01
    outer loop
      vertex 6.892597675e-02 1.523196232e-02 2.042163163e-02
      vertex 7.092387974e-02 1.191048231e-02 1.880246773e-02
      vertex 7.092423737e-02 1.486738771e-02 1.759827510e-02
    endloop
  endfacet
  facet normal 8.121427894e-01 1.962610930e-01 5.494594574e-01
    outer loop
      vertex 6.892597675e-02 1.523196232e-02 2.042163163e-02
      vertex 7.092423737e-02 1.486738771e-02 1.759827510e-02
      vertex 6.892926991e-02 1.847020164e-02 1.926009543e-02
    endloop
  endfacet
  facet normal 8.457314372e-01 2.511335015e-01 4.708186984e-01
    outer loop
      vertex 6.892926991e-02 1.847020164e-02 1.926009543e-02
      vertex 7.092423737e-02 1.486738771e-02 1.759827510e-02
      vertex 7.092467695e-02 1.770430803e-02 1.608427987e-02
    endloop
  endfacet
  facet normal 8.493795395e-01 2.158771157e-01 4.816133976e-01
    outer loop
      vertex 6.892926991e-02 1.847020164e-02 1.926009543e-02
      vertex 7.092467695e-02 1.770430803e-02 1.608427987e-02
      vertex 6.893102825e-02 2.057930455e-02 1.831161417e-02
    endloop
  endfacet
  facet normal 8.660698533e-01 2.794002593e-01 4.145582616e-01
    outer loop
      vertex 6.893102825e-02 2.057930455e-02 1.831161417e-02
      vertex 7.092467695e-02 1.770430803e-02 1.608427987e-02
      vertex 7.092518359e-02 2.033234574e-02 1.431199629e-02
    endloop
  endfacet
  facet normal 8.756839037e-01 2.344969064e-01 4.221242964e-01
    outer loop
      vertex 6.893102825e-02 2.057930455e-02 1.831161417e-02
      vertex 7.092518359e-02 2.033234574e-02 1.431199629e-02
      vertex 6.893281639e-02 2.302285843e-02 1.695047691e-02
    endloop
  endfacet
  facet normal 8.809288144e-01 2.738135457e-01 3.859929144e-01
    outer loop
      vertex 6.893281639e-02 2.302285843e-02 1.695047691e-02
      vertex 7.092518359e-02 2.033234574e-02 1.431199629e-02
      vertex 6.893347204e-02 2.524459176e-02 1.537294313e-02
    endloop
  endfacet
  facet normal 8.958782554e-01 2.906661630e-01 3.360287845e-01
    outer loop
      vertex 6.893347204e-02 2.524459176e-02 1.537294313e-02
      vertex 7.092518359e-02 2.033234574e-02 1.431199629e-02
      vertex 7.092598826e-02 2.356148884e-02 1.151662879e-02
    endloop
  endfacet
  facet normal 8.957662582e-01 2.914950252e-01 3.356091380e-01
    outer loop
      vertex 6.893347204e-02 2.524459176e-02 1.537294313e-02
      vertex 7.092598826e-02 2.356148884e-02 1.151662879e-02
      vertex 6.893332303e-02 2.650155686e-02 1.428158302e-02
    endloop
  endfacet
  facet normal 8.964858651e-01 3.087091744e-01 3.178233802e-01
    outer loop
      vertex 6.893332303e-02 2.650155686e-02 1.428158302e-02
      vertex 7.092598826e-02 2.356148884e-02 1.151662879e-02
      vertex 6.893321872e-02 2.700389735e-02 1.379395742e-02
    endloop
  endfacet
  facet normal 8.980327249e-01 3.204896450e-01 3.013696074e-01
    outer loop
      vertex 6.893321872e-02 2.700389735e-02 1.379395742e-02
      vertex 7.092598826e-02 2.356148884e-02 1.151662879e-02
      vertex 7.092643529e-02 2.500876412e-02 9.976206347e-03
    endloop
  endfacet
  facet normal 8.956317902e-01 3.351183534e-01 2.924712002e-01
    outer loop
      vertex 6.893321872e-02 2.700389735e-02 1.379395742e-02
      vertex 7.092643529e-02 2.500876412e-02 9.976206347e-03
      vertex 6.893258542e-02 2.879352123e-02 1.174531039e-02
    endloop
  endfacet
  facet normal 8.967483640e-01 3.400160670e-01 2.832516432e-01
    outer loop
      vertex 6.893258542e-02 2.879352123e-02 1.174531039e-02
      vertex 7.092643529e-02 2.500876412e-02 9.976206347e-03
      vertex 7.092679292e-02 2.603758499e-02 8.740077727e-03
    endloop
  endfacet
  facet normal 8.931285739e-01 3.743539453e-01 2.493602335e-01
    outer loop
      vertex 6.893258542e-02 2.879352123e-02 1.174531039e-02
      vertex 7.092679292e-02 2.603758499e-02 8.740077727e-03
      vertex 6.893116236e-02 3.031593747e-02 9.464859962e-03
    endloop
  endfacet
  facet normal 8.913851380e-01 3.718920052e-01 2.590924501e-01
    outer loop
      vertex 6.893116236e-02 3.031593747e-02 9.464859962e-03
      vertex 7.092679292e-02 2.603758499e-02 8.740077727e-03
      vertex 7.092767209e-02 2.816313319e-02 5.686105695e-03
    endloop
  endfacet
  facet normal 8.767215610e-01 4.280789793e-01 2.193345428e-01
    outer loop
      vertex 6.893116236e-02 3.031593747e-02 9.464859962e-03
      vertex 7.092767209e-02 2.816313319e-02 5.686105695e-03
      vertex 6.893014908e-02 3.144570068e-02 7.263943553e-03
    endloop
  endfacet
  facet normal 8.760811090e-01 4.156779349e-01 2.443230748e-01
    outer loop
      vertex 6.893014908e-02 3.144570068e-02 7.263943553e-03
      vertex 7.092767209e-02 2.816313319e-02 5.686105695e-03
      vertex 7.092793286e-02 2.869827114e-02 4.774708766e-03
    endloop
  endfacet
  facet normal 8.657056093e-01 4.675527811e-01 1.787405312e-01
    outer loop
      vertex 6.893014908e-02 3.144570068e-02 7.263943553e-03
      vertex 7.092793286e-02 2.869827114e-02 4.774708766e-03
      vertex 6.892914325e-02 3.260875121e-02 4.226465710e-03
    endloop
  endfacet
  facet normal 8.507456779e-01 4.682980478e-01 2.385974228e-01
    outer loop
      vertex 6.892914325e-02 3.260875121e-02 4.226465710e-03
      vertex 7.092793286e-02 2.869827114e-02 4.774708766e-03
      vertex 7.092861086e-02 2.990721166e-02 2.399497665e-03
    endloop
  endfacet
  facet normal 8.389050364e-01 5.258021951e-01 1.406074315e-01
    outer loop
      vertex 6.892914325e-02 3.260875121e-02 4.226465710e-03
      vertex 7.092861086e-02 2.990721166e-02 2.399497665e-03
      vertex 6.892916560e-02 3.351683915e-02 8.305512602e-04
    endloop
  endfacet
  facet normal 8.141340017e-01 5.417831540e-01 2.089422196e-01
    outer loop
      vertex 6.892916560e-02 3.351683915e-02 8.305512602e-04
      vertex 7.092861086e-02 2.990721166e-02 2.399497665e-03
      vertex 7.092961669e-02 3.124452569e-02 -1.072043553e-03
    endloop
  endfacet
  facet normal 7.935726643e-01 5.960031152e-01 1.225672513e-01
    outer loop
      vertex 6.892916560e-02 3.351683915e-02 8.305512602e-04
      vertex 7.092961669e-02 3.124452569e-02 -1.072043553e-03
      vertex 6.892937422e-02 3.374458849e-02 -2.782689407e-04
    endloop
  endfacet
  facet normal 7.943246961e-01 5.913493037e-01 1.391198486e-01
    outer loop
      vertex 7.092961669e-02 3.124452569e-02 -1.072043553e-03
      vertex 7.093094289e-02 3.233291581e-02 -5.705981515e-03
      vertex 6.892937422e-02 3.374458849e-02 -2.782689407e-04
    endloop
  endfacet
  facet normal 7.410595417e-01 6.638573408e-01 1.006190628e-01
    outer loop
      vertex 6.892937422e-02 3.374458849e-02 -2.782689407e-04
      vertex 7.093094289e-02 3.233291581e-02 -5.705981515e-03
      vertex 6.893056631e-02 3.438666463e-02 -4.523314536e-03
    endloop
  endfacet
  facet normal 7.322482467e-01 6.783391833e-01 6.056729704e-02
    outer loop
      vertex 6.893056631e-02 3.438666463e-02 -4.523314536e-03
      vertex 7.093094289e-02 3.233291581e-02 -5.705981515e-03
      vertex 6.893124431e-02 3.459221497e-02 -6.833596155e-03
    endloop
  endfacet
  facet normal 7.346608043e-01 6.764066219e-01 5.241677538e-02
    outer loop
      vertex 6.893124431e-02 3.459221497e-02 -6.833596155e-03
      vertex 7.093094289e-02 3.233291581e-02 -5.705981515e-03
      vertex 7.093230635e-02 3.269921988e-02 -1.045201626e-02
    endloop
  endfacet
  facet normal 7.055729032e-01 7.083659768e-01 1.961087622e-02
    outer loop
      vertex 6.893124431e-02 3.459221497e-02 -6.833596155e-03
      vertex 7.093230635e-02 3.269921988e-02 -1.045201626e-02
      vertex 6.893260777e-02 3.470968083e-02 -1.112555806e-02
    endloop
  endfacet
  facet normal 7.130058408e-01 7.007001042e-01 -2.533895336e-02
    outer loop
      vertex 6.893260777e-02 3.470968083e-02 -1.112555806e-02
      vertex 7.093230635e-02 3.269921988e-02 -1.045201626e-02
      vertex 6.893323362e-02 3.461594135e-02 -1.370008849e-02
    endloop
  endfacet
  facet normal 7.339195013e-01 6.772388220e-01 -5.205527321e-02
    outer loop
      vertex 6.893323362e-02 3.461594135e-02 -1.370008849e-02
      vertex 7.093230635e-02 3.269921988e-02 -1.045201626e-02
      vertex 7.093366981e-02 3.233293816e-02 -1.519808918e-02
    endloop
  endfacet
  facet normal 7.337536812e-01 6.773842573e-01 -5.249834061e-02
    outer loop
      vertex 6.893323362e-02 3.461594135e-02 -1.370008849e-02
      vertex 7.093366981e-02 3.233293816e-02 -1.519808918e-02
      vertex 6.893374026e-02 3.447102755e-02 -1.556279510e-02
    endloop
  endfacet
  facet normal 7.347214222e-01 6.737184525e-01 -7.929594070e-02
    outer loop
      vertex 6.893374026e-02 3.447102755e-02 -1.556279510e-02
      vertex 7.093366981e-02 3.233293816e-02 -1.519808918e-02
      vertex 6.893448532e-02 3.418662399e-02 -1.797225326e-02
    endloop
  endfacet
  facet normal 7.732758522e-01 6.173233390e-01 -1.447630525e-01
    outer loop
      vertex 6.893448532e-02 3.418662399e-02 -1.797225326e-02
      vertex 7.093366981e-02 3.233293816e-02 -1.519808918e-02
      vertex 7.093501836e-02 3.124461696e-02 -1.983190887e-02
    endloop
  endfacet
  facet normal 7.922602892e-01 6.019341350e-01 -9.999455512e-02
    outer loop
      vertex 6.893448532e-02 3.418662399e-02 -1.797225326e-02
      vertex 7.093501836e-02 3.124461696e-02 -1.983190887e-02
      vertex 6.893521547e-02 3.374468163e-02 -2.062683366e-02
    endloop
  endfacet
  facet normal 1.051257714e-03 9.337195754e-01 3.580036461e-01
    outer loop
      vertex 6.892914325e-02 3.260875121e-02 4.226465710e-03
      vertex 6.203996763e-02 3.266138956e-02 4.109412897e-03
      vertex 6.212165579e-02 3.117781132e-02 7.978530601e-03
    endloop
  endfacet
  facet normal 3.348496743e-03 9.708873630e-01 2.395130247e-01
    outer loop
      vertex 6.203996763e-02 3.266138956e-02 4.109412897e-03
      vertex 6.892914325e-02 3.260875121e-02 4.226465710e-03
      vertex 6.195928156e-02 3.374456987e-02 -2.802358649e-04
    endloop
  endfacet
  facet normal -9.604481980e-03 9.660124779e-01 2.583169043e-01
    outer loop
      vertex 6.195928156e-02 3.374456987e-02 -2.802358649e-04
      vertex 6.892914325e-02 3.260875121e-02 4.226465710e-03
      vertex 6.892916560e-02 3.351683915e-02 8.305512602e-04
    endloop
  endfacet
  facet normal -5.914998474e-05 9.795505404e-01 2.011981308e-01
    outer loop
      vertex 6.195928156e-02 3.374456987e-02 -2.802358649e-04
      vertex 6.892916560e-02 3.351683915e-02 8.305512602e-04
      vertex 6.892937422e-02 3.374458849e-02 -2.782689407e-04
    endloop
  endfacet
  facet normal -1.592558436e-02 8.315839171e-01 5.551707149e-01
    outer loop
      vertex 6.893258542e-02 2.879352123e-02 1.174531039e-02
      vertex 6.893116236e-02 3.031593747e-02 9.464859962e-03
      vertex 6.212165579e-02 3.117781132e-02 7.978530601e-03
    endloop
  endfacet
  facet normal 1.292386092e-02 8.895670772e-01 4.566217065e-01
    outer loop
      vertex 6.212165579e-02 3.117781132e-02 7.978530601e-03
      vertex 6.893116236e-02 3.031593747e-02 9.464859962e-03
      vertex 6.893014908e-02 3.144570068e-02 7.263943553e-03
    endloop
  endfacet
  facet normal 7.856793236e-04 9.338809252e-01 3.575833440e-01
    outer loop
      vertex 6.212165579e-02 3.117781132e-02 7.978530601e-03
      vertex 6.893014908e-02 3.144570068e-02 7.263943553e-03
      vertex 6.892914325e-02 3.260875121e-02 4.226465710e-03
    endloop
  endfacet
  facet normal 3.397975862e-02 6.961208582e-01 7.171200514e-01
    outer loop
      vertex 6.893332303e-02 2.650155686e-02 1.428158302e-02
      vertex 6.893321872e-02 2.700389735e-02 1.379395742e-02
      vertex 6.228516623e-02 2.685907297e-02 1.424955111e-02
    endloop
  endfacet
  facet normal 2.866702527e-02 7.528074980e-01 6.576161981e-01
    outer loop
      vertex 6.228516623e-02 2.685907297e-02 1.424955111e-02
      vertex 6.893321872e-02 2.700389735e-02 1.379395742e-02
      vertex 6.893258542e-02 2.879352123e-02 1.174531039e-02
    endloop
  endfacet
  facet normal 1.565036923e-02 7.707608342e-01 6.369323730e-01
    outer loop
      vertex 6.228516623e-02 2.685907297e-02 1.424955111e-02
      vertex 6.893258542e-02 2.879352123e-02 1.174531039e-02
      vertex 6.220363081e-02 2.925624512e-02 1.135070156e-02
    endloop
  endfacet
  facet normal 3.075361624e-02 8.687509894e-01 4.942933619e-01
    outer loop
      vertex 6.220363081e-02 2.925624512e-02 1.135070156e-02
      vertex 6.893258542e-02 2.879352123e-02 1.174531039e-02
      vertex 6.212165579e-02 3.117781132e-02 7.978530601e-03
    endloop
  endfacet
  facet normal 3.160273284e-02 6.552875042e-01 7.547181845e-01
    outer loop
      vertex 6.893332303e-02 2.650155686e-02 1.428158302e-02
      vertex 6.228516623e-02 2.685907297e-02 1.424955111e-02
      vertex 6.893347204e-02 2.524459176e-02 1.537294313e-02
    endloop
  endfacet
  facet normal 2.722938918e-02 6.440713406e-01 7.644806504e-01
    outer loop
      vertex 6.893347204e-02 2.524459176e-02 1.537294313e-02
      vertex 6.228516623e-02 2.685907297e-02 1.424955111e-02
      vertex 6.236556917e-02 2.394866571e-02 1.669869199e-02
    endloop
  endfacet
  facet normal 5.028999224e-02 5.782047510e-01 8.143403530e-01
    outer loop
      vertex 6.893347204e-02 2.524459176e-02 1.537294313e-02
      vertex 6.236556917e-02 2.394866571e-02 1.669869199e-02
      vertex 6.893281639e-02 2.302285843e-02 1.695047691e-02
    endloop
  endfacet
  facet normal 3.811404109e-02 5.048890710e-01 8.623423576e-01
    outer loop
      vertex 6.893281639e-02 2.302285843e-02 1.695047691e-02
      vertex 6.236556917e-02 2.394866571e-02 1.669869199e-02
      vertex 6.244410574e-02 2.048739232e-02 1.872174628e-02
    endloop
  endfacet
  facet normal 4.828331620e-02 4.860337079e-01 8.726052642e-01
    outer loop
      vertex 6.893281639e-02 2.302285843e-02 1.695047691e-02
      vertex 6.244410574e-02 2.048739232e-02 1.872174628e-02
      vertex 6.893102825e-02 2.057930455e-02 1.831161417e-02
    endloop
  endfacet
  facet normal 3.129402176e-02 2.570173442e-01 9.659000039e-01
    outer loop
      vertex 6.259278208e-02 1.176179294e-02 2.158417180e-02
      vertex 6.892321259e-02 1.176204812e-02 2.137900703e-02
      vertex 6.252007931e-02 1.643762924e-02 2.034232952e-02
    endloop
  endfacet
  facet normal 3.809181228e-02 2.657480240e-01 9.632896781e-01
    outer loop
      vertex 6.252007931e-02 1.643762924e-02 2.034232952e-02
      vertex 6.892321259e-02 1.176204812e-02 2.137900703e-02
      vertex 6.892597675e-02 1.523196232e-02 2.042163163e-02
    endloop
  endfacet
  facet normal 5.851454288e-02 3.718342483e-01 9.264531136e-01
    outer loop
      vertex 6.252007931e-02 1.643762924e-02 2.034232952e-02
      vertex 6.892597675e-02 1.523196232e-02 2.042163163e-02
      vertex 6.244410574e-02 2.048739232e-02 1.872174628e-02
    endloop
  endfacet
  facet normal 2.686339989e-02 3.374850750e-01 9.409474730e-01
    outer loop
      vertex 6.244410574e-02 2.048739232e-02 1.872174628e-02
      vertex 6.892597675e-02 1.523196232e-02 2.042163163e-02
      vertex 6.892926991e-02 1.847020164e-02 1.926009543e-02
    endloop
  endfacet
  facet normal 5.178260431e-02 4.095569253e-01 9.108137488e-01
    outer loop
      vertex 6.244410574e-02 2.048739232e-02 1.872174628e-02
      vertex 6.892926991e-02 1.847020164e-02 1.926009543e-02
      vertex 6.893102825e-02 2.057930455e-02 1.831161417e-02
    endloop
  endfacet
  facet normal 5.475536091e-05 9.864231944e-01 -1.642234325e-01
    outer loop
      vertex 6.893521547e-02 3.374468163e-02 -2.062683366e-02
      vertex 4.714260995e-02 3.374482319e-02 -2.063324861e-02
      vertex 6.893448532e-02 3.418662399e-02 -1.797225326e-02
    endloop
  endfacet
  facet normal -4.248903599e-03 9.915276170e-01 -1.298266649e-01
    outer loop
      vertex 6.893448532e-02 3.418662399e-02 -1.797225326e-02
      vertex 4.714260995e-02 3.374482319e-02 -2.063324861e-02
      vertex 4.714078456e-02 3.458010405e-02 -1.425387897e-02
    endloop
  endfacet
  facet normal -2.069955692e-03 9.931035042e-01 -1.172224283e-01
    outer loop
      vertex 6.893448532e-02 3.418662399e-02 -1.797225326e-02
      vertex 4.714078456e-02 3.458010405e-02 -1.425387897e-02
      vertex 6.893374026e-02 3.447102755e-02 -1.556279510e-02
    endloop
  endfacet
  facet normal 3.315189970e-04 9.969874620e-01 -7.756244391e-02
    outer loop
      vertex 6.893374026e-02 3.447102755e-02 -1.556279510e-02
      vertex 4.714078456e-02 3.458010405e-02 -1.425387897e-02
      vertex 6.893323362e-02 3.461594135e-02 -1.370008849e-02
    endloop
  endfacet
  facet normal -4.459834599e-05 9.887537956e-01 1.495525241e-01
    outer loop
      vertex 6.195928156e-02 3.374456987e-02 -2.802358649e-04
      vertex 6.892937422e-02 3.374458849e-02 -2.782689407e-04
      vertex 6.893056631e-02 3.438666463e-02 -4.523314536e-03
    endloop
  endfacet
  facet normal -7.186902221e-04 9.993374944e-01 -3.638730198e-02
    outer loop
      vertex 6.893323362e-02 3.461594135e-02 -1.370008849e-02
      vertex 4.714078456e-02 3.458010405e-02 -1.425387897e-02
      vertex 6.893260777e-02 3.470968083e-02 -1.112555806e-02
    endloop
  endfacet
  facet normal -8.844893309e-04 9.993786812e-01 -3.523405641e-02
    outer loop
      vertex 6.893260777e-02 3.470968083e-02 -1.112555806e-02
      vertex 4.714078456e-02 3.458010405e-02 -1.425387897e-02
      vertex 4.713969305e-02 3.471389785e-02 -1.045887545e-02
    endloop
  endfacet
  facet normal 1.030400395e-03 9.996251464e-01 2.735938877e-02
    outer loop
      vertex 6.893260777e-02 3.470968083e-02 -1.112555806e-02
      vertex 4.713969305e-02 3.471389785e-02 -1.045887545e-02
      vertex 6.893124431e-02 3.459221497e-02 -6.833596155e-03
    endloop
  endfacet
  facet normal -2.814019099e-04 9.993789792e-01 3.523636982e-02
    outer loop
      vertex 6.893124431e-02 3.459221497e-02 -6.833596155e-03
      vertex 4.713969305e-02 3.471389785e-02 -1.045887545e-02
      vertex 4.713859782e-02 3.458009288e-02 -6.663831882e-03
    endloop
  endfacet
  facet normal 1.363052579e-04 9.960654378e-01 8.862087876e-02
    outer loop
      vertex 6.893124431e-02 3.459221497e-02 -6.833596155e-03
      vertex 4.713859782e-02 3.458009288e-02 -6.663831882e-03
      vertex 6.893056631e-02 3.438666463e-02 -4.523314536e-03
    endloop
  endfacet
  facet normal -3.953620326e-03 9.915258884e-01 1.298489869e-01
    outer loop
      vertex 6.893056631e-02 3.438666463e-02 -4.523314536e-03
      vertex 4.713859782e-02 3.458009288e-02 -6.663831882e-03
      vertex 4.713676125e-02 3.374465555e-02 -2.844976261e-04
    endloop
  endfacet
  facet normal -3.738365922e-05 9.887520075e-01 1.495641172e-01
    outer loop
      vertex 6.893056631e-02 3.438666463e-02 -4.523314536e-03
      vertex 4.713676125e-02 3.374465555e-02 -2.844976261e-04
      vertex 6.195928156e-02 3.374456987e-02 -2.802358649e-04
    endloop
  endfacet
  facet normal 8.490009904e-01 9.167958796e-02 5.203769207e-01
    outer loop
      vertex 6.892321259e-02 1.176204812e-02 2.137900703e-02
      vertex 6.880050898e-02 1.067695208e-02 2.177036367e-02
      vertex 6.895577163e-02 6.622637156e-03 2.223133668e-02
    endloop
  endfacet
  facet normal 7.977886796e-01 9.819024801e-02 5.948881507e-01
    outer loop
      vertex 6.895577163e-02 6.622637156e-03 2.223133668e-02
      vertex 6.880050898e-02 1.067695208e-02 2.177036367e-02
      vertex 6.871854514e-02 1.036805846e-02 2.193127014e-02
    endloop
  endfacet
  facet normal 7.755243182e-01 9.907195717e-02 6.234955788e-01
    outer loop
      vertex 6.895577163e-02 6.622637156e-03 2.223133668e-02
      vertex 6.871854514e-02 1.036805846e-02 2.193127014e-02
      vertex 6.824148446e-02 9.267047979e-03 2.269960009e-02
    endloop
  endfacet
  facet normal 7.655503750e-01 9.408220649e-02 6.364598274e-01
    outer loop
      vertex 6.824148446e-02 9.267047979e-03 2.269960009e-02
      vertex 6.798271090e-02 8.854068816e-03 2.307191491e-02
      vertex 6.895577163e-02 6.622637156e-03 2.223133668e-02
    endloop
  endfacet
  facet normal 7.627851963e-01 9.148725867e-02 6.401474476e-01
    outer loop
      vertex 6.895577163e-02 6.622637156e-03 2.223133668e-02
      vertex 6.798271090e-02 8.854068816e-03 2.307191491e-02
      vertex 6.782719493e-02 8.635796607e-03 2.328841388e-02
    endloop
  endfacet
  facet normal 7.594801188e-01 8.727013320e-02 6.446501613e-01
    outer loop
      vertex 6.895577163e-02 6.622637156e-03 2.223133668e-02
      vertex 6.782719493e-02 8.635796607e-03 2.328841388e-02
      vertex 6.719090044e-02 7.888733409e-03 2.413918264e-02
    endloop
  endfacet
  facet normal 7.555837631e-01 7.217420638e-02 6.510637999e-01
    outer loop
      vertex 6.719090044e-02 7.888733409e-03 2.413918264e-02
      vertex 6.707078964e-02 7.733149920e-03 2.429582179e-02
      vertex 6.895577163e-02 6.622637156e-03 2.223133668e-02
    endloop
  endfacet
  facet normal 7.509226203e-01 5.052217096e-02 6.584548354e-01
    outer loop
      vertex 6.895577163e-02 6.622637156e-03 2.223133668e-02
      vertex 6.707078964e-02 7.733149920e-03 2.429582179e-02
      vertex 6.697676331e-02 7.541267201e-03 2.441778220e-02
    endloop
  endfacet
  facet normal 7.481024861e-01 3.435933217e-02 6.626930833e-01
    outer loop
      vertex 6.895577163e-02 6.622637156e-03 2.223133668e-02
      vertex 6.697676331e-02 7.541267201e-03 2.441778220e-02
      vertex 6.694819778e-02 7.456241176e-03 2.445443347e-02
    endloop
  endfacet
  facet normal 7.453198433e-01 1.757076196e-02 6.664754748e-01
    outer loop
      vertex 6.694819778e-02 7.456241176e-03 2.445443347e-02
      vertex 6.690019369e-02 7.191656157e-03 2.451509424e-02
      vertex 6.895577163e-02 6.622637156e-03 2.223133668e-02
    endloop
  endfacet
  facet normal 7.436543703e-01 3.201785730e-03 6.685565710e-01
    outer loop
      vertex 6.895577163e-02 6.622637156e-03 2.223133668e-02
      vertex 6.690019369e-02 7.191656157e-03 2.451509424e-02
      vertex 6.689691544e-02 7.102033123e-03 2.451916598e-02
    endloop
  endfacet
  facet normal 7.450113297e-01 1.727877185e-02 6.668279767e-01
    outer loop
      vertex 6.895577163e-02 6.622637156e-03 2.223133668e-02
      vertex 6.689691544e-02 7.102033123e-03 2.451916598e-02
      vertex 6.800568104e-02 1.720108325e-03 2.341986075e-02
    endloop
  endfacet
  facet normal 7.039979100e-01 -3.018205462e-05 7.102020383e-01
    outer loop
      vertex 6.800568104e-02 1.720108325e-03 2.341986075e-02
      vertex 6.689691544e-02 7.102033123e-03 2.451916598e-02
      vertex 6.689685583e-02 4.411069676e-03 2.451911382e-02
    endloop
  endfacet
  facet normal 7.040643096e-01 2.410051638e-05 7.101361752e-01
    outer loop
      vertex 6.800568104e-02 1.720108325e-03 2.341986075e-02
      vertex 6.689685583e-02 4.411069676e-03 2.451911382e-02
      vertex 6.689695269e-02 1.720106229e-03 2.451910824e-02
    endloop
  endfacet
  facet normal 7.666746378e-01 1.588828415e-01 6.220661402e-01
    outer loop
      vertex 7.092379034e-02 1.092818286e-02 1.912634261e-02
      vertex 6.892321259e-02 1.176204812e-02 2.137900703e-02
      vertex 7.092355937e-02 7.829075679e-03 1.991817541e-02
    endloop
  endfacet
  facet normal 7.254768610e-01 1.170733348e-01 6.782161593e-01
    outer loop
      vertex 7.092355937e-02 7.829075679e-03 1.991817541e-02
      vertex 6.892321259e-02 1.176204812e-02 2.137900703e-02
      vertex 6.895577163e-02 6.622637156e-03 2.223133668e-02
    endloop
  endfacet
  facet normal 7.310528159e-01 1.013392508e-01 6.747534275e-01
    outer loop
      vertex 7.092355937e-02 7.829075679e-03 1.991817541e-02
      vertex 6.895577163e-02 6.622637156e-03 2.223133668e-02
      vertex 7.092342526e-02 4.804810509e-03 2.037252672e-02
    endloop
  endfacet
  facet normal 7.035229206e-01 3.573047370e-02 7.097737789e-01
    outer loop
      vertex 7.092342526e-02 4.804810509e-03 2.037252672e-02
      vertex 6.895577163e-02 6.622637156e-03 2.223133668e-02
      vertex 6.800568104e-02 1.720108325e-03 2.341986075e-02
    endloop
  endfacet
  facet normal 7.037011981e-01 3.540348262e-02 7.096134424e-01
    outer loop
      vertex 7.092342526e-02 4.804810509e-03 2.037252672e-02
      vertex 6.800568104e-02 1.720108325e-03 2.341986075e-02
      vertex 7.092337310e-02 1.720113796e-03 2.052647434e-02
    endloop
  endfacet
  facet normal -9.999995232e-01 7.412680425e-04 -6.589501281e-04
    outer loop
      vertex 4.714622349e-02 1.084879227e-02 -3.325499967e-02
      vertex 4.714665562e-02 1.175990049e-02 -3.288445994e-02
      vertex 4.715196043e-02 1.175966673e-02 -4.093855247e-02
    endloop
  endfacet
  facet normal -9.999999404e-01 1.077318757e-06 -2.877151710e-04
    outer loop
      vertex 4.713085666e-02 -3.024105215e-03 2.015416324e-02
      vertex 4.713080451e-02 -1.603648416e-03 2.034083754e-02
      vertex 4.713237658e-02 -1.338356524e-03 1.487480942e-02
    endloop
  endfacet
  facet normal -9.999999404e-01 6.798861136e-07 -2.877344668e-04
    outer loop
      vertex 4.713237658e-02 -1.338356524e-03 1.487480942e-02
      vertex 4.713080451e-02 -1.603648416e-03 2.034083754e-02
      vertex 4.713075608e-02 1.720129978e-03 2.051963285e-02
    endloop
  endfacet
  facet normal -9.999999404e-01 1.158189207e-06 -2.879936364e-04
    outer loop
      vertex 4.713237658e-02 -1.338356524e-03 1.487480942e-02
      vertex 4.713075608e-02 1.720129978e-03 2.051963285e-02
      vertex 4.713238403e-02 5.070111249e-03 1.488050353e-02
    endloop
  endfacet
  facet normal -9.999999404e-01 -3.640869011e-07 -2.888979507e-04
    outer loop
      vertex 4.713238403e-02 5.070111249e-03 1.488050353e-02
      vertex 4.713075608e-02 1.720129978e-03 2.051963285e-02
      vertex 4.713076353e-02 5.799386185e-03 2.048612386e-02
    endloop
  endfacet
  facet normal -9.999999404e-01 9.721386363e-08 -2.889579628e-04
    outer loop
      vertex 4.713238403e-02 5.070111249e-03 1.488050353e-02
      vertex 4.713076353e-02 5.799386185e-03 2.048612386e-02
      vertex 4.713285342e-02 1.126947999e-02 1.325682178e-02
    endloop
  endfacet
  facet normal -9.999999404e-01 2.357568155e-05 -2.711928391e-04
    outer loop
      vertex 4.713285342e-02 1.126947999e-02 1.325682178e-02
      vertex 4.713076353e-02 5.799386185e-03 2.048612386e-02
      vertex 4.713102803e-02 1.176119968e-02 2.001978643e-02
    endloop
  endfacet
  facet normal -9.999999404e-01 2.061073756e-04 -2.844643022e-04
    outer loop
      vertex 4.713285342e-02 1.126947999e-02 1.325682178e-02
      vertex 4.713102803e-02 1.176119968e-02 2.001978643e-02
      vertex 4.713300988e-02 1.176104695e-02 1.305168588e-02
    endloop
  endfacet
  facet normal -9.999999404e-01 -3.245810376e-07 -2.861441171e-04
    outer loop
      vertex 4.713509232e-02 -2.490807325e-02 5.371633451e-03
      vertex 4.713357240e-02 -2.092714235e-02 1.067798957e-02
      vertex 4.713374004e-02 -1.311213430e-02 1.008382905e-02
    endloop
  endfacet
  facet normal -9.999999404e-01 -3.415777883e-07 -2.863676928e-04
    outer loop
      vertex 4.713374004e-02 -1.311213430e-02 1.008382905e-02
      vertex 4.713357240e-02 -2.092714235e-02 1.067798957e-02
      vertex 4.713232815e-02 -1.590772904e-02 1.501512434e-02
    endloop
  endfacet
  facet normal -9.999999404e-01 -2.307587010e-07 -2.863048576e-04
    outer loop
      vertex 4.713374004e-02 -1.311213430e-02 1.008382905e-02
      vertex 4.713232815e-02 -1.590772904e-02 1.501512434e-02
      vertex 4.713283479e-02 -7.534828503e-03 1.324011385e-02
    endloop
  endfacet
  facet normal -9.999999404e-01 6.129899361e-07 -2.873020712e-04
    outer loop
      vertex 4.714614153e-02 -7.639373187e-03 -3.302957490e-02
      vertex 4.714697227e-02 -1.590762287e-02 -3.593308479e-02
      vertex 4.714524373e-02 -1.311204955e-02 -2.991617098e-02
    endloop
  endfacet
  facet normal -9.999999404e-01 9.328117585e-07 -2.874506754e-04
    outer loop
      vertex 4.714524373e-02 -1.311204955e-02 -2.991617098e-02
      vertex 4.714697227e-02 -1.590762287e-02 -3.593308479e-02
      vertex 4.714572057e-02 -2.092705667e-02 -3.159597144e-02
    endloop
  endfacet
  facet normal -9.999999404e-01 9.702414445e-07 -2.876248036e-04
    outer loop
      vertex 4.714524373e-02 -1.311204955e-02 -2.991617098e-02
      vertex 4.714572057e-02 -2.092705667e-02 -3.159597144e-02
      vertex 4.713374004e-02 -1.311213430e-02 1.008382905e-02
    endloop
  endfacet
  facet normal -9.999999404e-01 4.949448794e-06 -2.881049295e-04
    outer loop
      vertex 4.714846238e-02 -3.024132922e-03 -4.107204825e-02
      vertex 4.714662954e-02 -1.562388265e-03 -3.467690572e-02
      vertex 4.714852944e-02 -1.495240140e-03 -4.127023742e-02
    endloop
  endfacet
  facet normal -9.999999404e-01 6.410248261e-07 -2.881488181e-04
    outer loop
      vertex 4.714852944e-02 -1.495240140e-03 -4.127023742e-02
      vertex 4.714662954e-02 -1.562388265e-03 -3.467690572e-02
      vertex 4.714665562e-02 4.733453039e-03 -3.475367278e-02
    endloop
  endfacet
  facet normal -9.999999404e-01 8.589772165e-07 -2.883571433e-04
    outer loop
      vertex 4.714852944e-02 -1.495240140e-03 -4.127023742e-02
      vertex 4.714665562e-02 4.733453039e-03 -3.475367278e-02
      vertex 4.714858159e-02 1.720259083e-03 -4.143752530e-02
    endloop
  endfacet
  facet normal -9.999659061e-01 8.256504312e-03 2.319961932e-04
    outer loop
      vertex 4.715196043e-02 1.175966673e-02 -4.093855247e-02
      vertex 4.714846238e-02 1.133744977e-02 -4.099821299e-02
      vertex 4.714622349e-02 1.084879227e-02 -3.325499967e-02
    endloop
  endfacet
  facet normal -9.999999404e-01 9.096856388e-07 -2.890067408e-04
    outer loop
      vertex 4.714622349e-02 1.084879227e-02 -3.325499967e-02
      vertex 4.714846238e-02 1.133744977e-02 -4.099821299e-02
      vertex 4.714855552e-02 7.724082097e-03 -4.133065417e-02
    endloop
  endfacet
  facet normal -9.999999404e-01 2.029536859e-07 -2.887332812e-04
    outer loop
      vertex 4.714622349e-02 1.084879227e-02 -3.325499967e-02
      vertex 4.714855552e-02 7.724082097e-03 -4.133065417e-02
      vertex 4.714665562e-02 4.733453039e-03 -3.475367278e-02
    endloop
  endfacet
  facet normal -9.999999404e-01 2.900024128e-06 -2.875068749e-04
    outer loop
      vertex 4.714665562e-02 4.733453039e-03 -3.475367278e-02
      vertex 4.714855552e-02 7.724082097e-03 -4.133065417e-02
      vertex 4.714857414e-02 4.722660407e-03 -4.142414778e-02
    endloop
  endfacet
  facet normal -9.999999404e-01 -1.041191354e-06 -2.875005011e-04
    outer loop
      vertex 4.714665562e-02 4.733453039e-03 -3.475367278e-02
      vertex 4.714857414e-02 4.722660407e-03 -4.142414778e-02
      vertex 4.714858159e-02 1.720259083e-03 -4.143752530e-02
    endloop
  endfacet
  facet normal -9.999999404e-01 -2.888017150e-07 -2.865786664e-04
    outer loop
      vertex 4.713232815e-02 -1.590772904e-02 1.501512434e-02
      vertex 4.713141918e-02 -1.007999387e-02 1.818415895e-02
      vertex 4.713283479e-02 -7.534828503e-03 1.324011385e-02
    endloop
  endfacet
  facet normal -9.999999404e-01 5.259496902e-06 -2.837224165e-04
    outer loop
      vertex 4.713283479e-02 -7.534828503e-03 1.324011385e-02
      vertex 4.713141918e-02 -1.007999387e-02 1.818415895e-02
      vertex 4.713120684e-02 -7.967226207e-03 1.896596700e-02
    endloop
  endfacet
  facet normal -9.999999404e-01 1.024051926e-06 -2.840422676e-04
    outer loop
      vertex 4.713283479e-02 -7.534828503e-03 1.324011385e-02
      vertex 4.713120684e-02 -7.967226207e-03 1.896596700e-02
      vertex 4.713237658e-02 -1.338356524e-03 1.487480942e-02
    endloop
  endfacet
  facet normal -9.999999404e-01 -4.284114766e-06 -2.926430607e-04
    outer loop
      vertex 4.713237658e-02 -1.338356524e-03 1.487480942e-02
      vertex 4.713120684e-02 -7.967226207e-03 1.896596700e-02
      vertex 4.713094607e-02 -4.851970822e-03 1.981444843e-02
    endloop
  endfacet
  facet normal -9.999999404e-01 3.919741175e-06 -2.868075680e-04
    outer loop
      vertex 4.713237658e-02 -1.338356524e-03 1.487480942e-02
      vertex 4.713094607e-02 -4.851970822e-03 1.981444843e-02
      vertex 4.713085666e-02 -3.024105215e-03 2.015416324e-02
    endloop
  endfacet
  facet normal -9.999999404e-01 8.460107210e-07 -2.876015205e-04
    outer loop
      vertex 4.714572057e-02 -2.092705667e-02 -3.159597144e-02
      vertex 4.714418948e-02 -2.490800805e-02 -2.628962882e-02
      vertex 4.713374004e-02 -1.311213430e-02 1.008382905e-02
    endloop
  endfacet
  facet normal -9.999999404e-01 4.877435344e-07 -2.874853380e-04
    outer loop
      vertex 4.713374004e-02 -1.311213430e-02 1.008382905e-02
      vertex 4.714418948e-02 -2.490800805e-02 -2.628962882e-02
      vertex 4.714245349e-02 -2.766794153e-02 -2.025737986e-02
    endloop
  endfacet
  facet normal -9.999999404e-01 1.140067070e-06 -2.877982624e-04
    outer loop
      vertex 4.713374004e-02 -1.311213430e-02 1.008382905e-02
      vertex 4.714245349e-02 -2.766794153e-02 -2.025737986e-02
      vertex 4.714058712e-02 -2.908029594e-02 -1.377582829e-02
    endloop
  endfacet
  facet normal -9.999999404e-01 -3.435375220e-06 -2.861884132e-04
    outer loop
      vertex 4.714846238e-02 -3.024132922e-03 -4.107204825e-02
      vertex 4.714838043e-02 -4.749676213e-03 -4.075436667e-02
      vertex 4.714662954e-02 -1.562388265e-03 -3.467690572e-02
    endloop
  endfacet
  facet normal -9.999999404e-01 6.246234534e-07 -2.883176494e-04
    outer loop
      vertex 4.714662954e-02 -1.562388265e-03 -3.467690572e-02
      vertex 4.714838043e-02 -4.749676213e-03 -4.075436667e-02
      vertex 4.714812711e-02 -7.967106067e-03 -3.988390043e-02
    endloop
  endfacet
  facet normal -9.999999404e-01 1.600627002e-06 -2.895181533e-04
    outer loop
      vertex 4.714662954e-02 -1.562388265e-03 -3.467690572e-02
      vertex 4.714812711e-02 -7.967106067e-03 -3.988390043e-02
      vertex 4.714614153e-02 -7.639373187e-03 -3.302957490e-02
    endloop
  endfacet
  facet normal -9.999999404e-01 5.204412446e-06 -2.896904771e-04
    outer loop
      vertex 4.714614153e-02 -7.639373187e-03 -3.302957490e-02
      vertex 4.714812711e-02 -7.967106067e-03 -3.988390043e-02
      vertex 4.714788869e-02 -1.007987466e-02 -3.910209611e-02
    endloop
  endfacet
  facet normal -9.999999404e-01 8.350612006e-07 -2.879344684e-04
    outer loop
      vertex 4.714614153e-02 -7.639373187e-03 -3.302957490e-02
      vertex 4.714788869e-02 -1.007987466e-02 -3.910209611e-02
      vertex 4.714697227e-02 -1.590762287e-02 -3.593308479e-02
    endloop
  endfacet
  facet normal -9.999999404e-01 -2.386344420e-07 -2.868755546e-04
    outer loop
      vertex 4.714058712e-02 -2.908029594e-02 -1.377582829e-02
      vertex 4.713868350e-02 -2.908031084e-02 -7.142184302e-03
      vertex 4.713374004e-02 -1.311213430e-02 1.008382905e-02
    endloop
  endfacet
  facet normal -9.999999404e-01 -1.304268494e-06 -2.858877415e-04
    outer loop
      vertex 4.713374004e-02 -1.311213430e-02 1.008382905e-02
      vertex 4.713868350e-02 -2.908031084e-02 -7.142184302e-03
      vertex 4.713682830e-02 -2.766798064e-02 -6.606304669e-04
    endloop
  endfacet
  facet normal -9.999999404e-01 6.077504509e-07 -2.884780115e-04
    outer loop
      vertex 4.713374004e-02 -1.311213430e-02 1.008382905e-02
      vertex 4.713682830e-02 -2.766798064e-02 -6.606304669e-04
      vertex 4.713509232e-02 -2.490807325e-02 5.371633451e-03
    endloop
  endfacet
  facet normal 9.999999404e-01 -6.568795925e-07 2.867411822e-04
    outer loop
      vertex 7.092371583e-02 2.325641690e-03 1.933063194e-02
      vertex 7.092337310e-02 1.720113796e-03 2.052647434e-02
      vertex 7.092390954e-02 -4.430846311e-03 1.864253543e-02
    endloop
  endfacet
  facet normal 9.999999404e-01 1.700660732e-06 2.790439466e-04
    outer loop
      vertex 7.092390954e-02 -4.430846311e-03 1.864253543e-02
      vertex 7.092337310e-02 1.720113796e-03 2.052647434e-02
      vertex 7.092342526e-02 -1.502269763e-03 2.035841532e-02
    endloop
  endfacet
  facet normal 9.999999404e-01 -3.288898824e-07 2.887597948e-04
    outer loop
      vertex 7.092469186e-02 1.540532801e-02 1.602461934e-02
      vertex 7.092423737e-02 1.486738771e-02 1.759827510e-02
      vertex 7.092399150e-02 9.058690630e-03 1.844202168e-02
    endloop
  endfacet
  facet normal 9.999999404e-01 1.359903422e-06 3.003861057e-04
    outer loop
      vertex 7.092399150e-02 9.058690630e-03 1.844202168e-02
      vertex 7.092423737e-02 1.486738771e-02 1.759827510e-02
      vertex 7.092387974e-02 1.191048231e-02 1.880246773e-02
    endloop
  endfacet
  facet normal 9.999999404e-01 3.947084224e-06 2.799167414e-04
    outer loop
      vertex 7.092387974e-02 1.191048231e-02 1.880246773e-02
      vertex 7.092379034e-02 1.092818286e-02 1.912634261e-02
      vertex 7.092399150e-02 9.058690630e-03 1.844202168e-02
    endloop
  endfacet
  facet normal 9.999999404e-01 -3.510837985e-07 2.916588855e-04
    outer loop
      vertex 7.092399150e-02 9.058690630e-03 1.844202168e-02
      vertex 7.092379034e-02 1.092818286e-02 1.912634261e-02
      vertex 7.092355937e-02 7.829075679e-03 1.991817541e-02
    endloop
  endfacet
  facet normal 9.999999404e-01 -2.031641770e-06 2.902589913e-04
    outer loop
      vertex 7.092399150e-02 9.058690630e-03 1.844202168e-02
      vertex 7.092355937e-02 7.829075679e-03 1.991817541e-02
      vertex 7.092371583e-02 2.325641690e-03 1.933063194e-02
    endloop
  endfacet
  facet normal 9.999999404e-01 -1.447681257e-06 2.847891301e-04
    outer loop
      vertex 7.092371583e-02 2.325641690e-03 1.933063194e-02
      vertex 7.092355937e-02 7.829075679e-03 1.991817541e-02
      vertex 7.092342526e-02 4.804810509e-03 2.037252672e-02
    endloop
  endfacet
  facet normal 9.999999404e-01 -1.985347126e-06 2.860684763e-04
    outer loop
      vertex 7.092371583e-02 2.325641690e-03 1.933063194e-02
      vertex 7.092342526e-02 4.804810509e-03 2.037252672e-02
      vertex 7.092337310e-02 1.720113796e-03 2.052647434e-02
    endloop
  endfacet
  facet normal 9.999999404e-01 -5.271521331e-06 2.909436880e-04
    outer loop
      vertex 7.092342526e-02 -1.502269763e-03 2.035841532e-02
      vertex 7.092347741e-02 -3.027779749e-03 2.016046643e-02
      vertex 7.092390954e-02 -4.430846311e-03 1.864253543e-02
    endloop
  endfacet
  facet normal 9.999999404e-01 3.845379524e-06 2.825167030e-04
    outer loop
      vertex 7.092390954e-02 -4.430846311e-03 1.864253543e-02
      vertex 7.092347741e-02 -3.027779749e-03 2.016046643e-02
      vertex 7.092357427e-02 -4.714170005e-03 1.985089853e-02
    endloop
  endfacet
  facet normal 9.999999404e-01 1.070102257e-06 2.818659705e-04
    outer loop
      vertex 7.092390954e-02 -4.430846311e-03 1.864253543e-02
      vertex 7.092357427e-02 -4.714170005e-03 1.985089853e-02
      vertex 7.092454284e-02 -1.084652543e-02 1.641483419e-02
    endloop
  endfacet
  facet normal 9.999999404e-01 -3.590035476e-06 2.901829430e-04
    outer loop
      vertex 7.092454284e-02 -1.084652543e-02 1.641483419e-02
      vertex 7.092357427e-02 -4.714170005e-03 1.985089853e-02
      vertex 7.092380524e-02 -7.889990695e-03 1.899823733e-02
    endloop
  endfacet
  facet normal 9.999999404e-01 -1.213323571e-06 2.871229663e-04
    outer loop
      vertex 7.094007730e-02 1.685507409e-02 -3.748206422e-02
      vertex 7.093924284e-02 1.759905741e-02 -3.459034860e-02
      vertex 7.094048709e-02 1.394073572e-02 -3.891826421e-02
    endloop
  endfacet
  facet normal 9.999999404e-01 2.294530077e-07 2.859033993e-04
    outer loop
      vertex 7.094048709e-02 1.394073572e-02 -3.891826421e-02
      vertex 7.093924284e-02 1.759905741e-02 -3.459034860e-02
      vertex 7.094009221e-02 1.148538198e-02 -3.754780069e-02
    endloop
  endfacet
  facet normal 9.999999404e-01 -1.843075779e-06 2.821902162e-04
    outer loop
      vertex 7.094048709e-02 1.394073572e-02 -3.891826421e-02
      vertex 7.094009221e-02 1.148538198e-02 -3.754780069e-02
      vertex 7.094080001e-02 1.087104529e-02 -4.004843906e-02
    endloop
  endfacet
  facet normal 9.999999404e-01 -3.868791282e-06 2.749703126e-04
    outer loop
      vertex 7.093999535e-02 -8.520590141e-03 -3.725042939e-02
      vertex 7.094071805e-02 -7.967177778e-03 -3.987720981e-02
      vertex 7.094047964e-02 -1.936223940e-03 -3.891468793e-02
    endloop
  endfacet
  facet normal 9.999999404e-01 -5.704353953e-06 2.864715061e-04
    outer loop
      vertex 7.094047964e-02 -1.936223940e-03 -3.891468793e-02
      vertex 7.094071805e-02 -7.967177778e-03 -3.987720981e-02
      vertex 7.094098628e-02 -4.749796819e-03 -4.074751586e-02
    endloop
  endfacet
  facet normal 9.999999404e-01 -3.754742693e-06 2.867095754e-04
    outer loop
      vertex 7.093907148e-02 -1.454366650e-02 -3.411256894e-02
      vertex 7.094006985e-02 -1.324444730e-02 -3.757672757e-02
      vertex 7.093999535e-02 -8.520590141e-03 -3.725042939e-02
    endloop
  endfacet
  facet normal 9.999999404e-01 -3.378447445e-06 2.812618623e-04
    outer loop
      vertex 7.093999535e-02 -8.520590141e-03 -3.725042939e-02
      vertex 7.094006985e-02 -1.324444730e-02 -3.757672757e-02
      vertex 7.094067335e-02 -8.612725884e-03 -3.965703025e-02
    endloop
  endfacet
  facet normal 9.999999404e-01 2.147741361e-05 2.803102543e-04
    outer loop
      vertex 7.093999535e-02 -8.520590141e-03 -3.725042939e-02
      vertex 7.094067335e-02 -8.612725884e-03 -3.965703025e-02
      vertex 7.094071805e-02 -7.967177778e-03 -3.987720981e-02
    endloop
  endfacet
  facet normal 9.999999404e-01 1.579524337e-06 2.895832004e-04
    outer loop
      vertex 7.092723250e-02 2.561002783e-02 7.200109772e-03
      vertex 7.092679292e-02 2.603758499e-02 8.740077727e-03
      vertex 7.092643529e-02 2.500876412e-02 9.976206347e-03
    endloop
  endfacet
  facet normal 9.999999404e-01 8.276355175e-07 2.815340704e-04
    outer loop
      vertex 7.094080001e-02 1.087104529e-02 -4.004843906e-02
      vertex 7.094009221e-02 1.148538198e-02 -3.754780069e-02
      vertex 7.094102353e-02 7.679693867e-03 -4.085202888e-02
    endloop
  endfacet
  facet normal 9.999999404e-01 -2.133442194e-06 2.849445445e-04
    outer loop
      vertex 7.094102353e-02 7.679693867e-03 -4.085202888e-02
      vertex 7.094009221e-02 1.148538198e-02 -3.754780069e-02
      vertex 7.094049454e-02 4.854462575e-03 -3.901562095e-02
    endloop
  endfacet
  facet normal 9.999999404e-01 5.932323802e-06 2.973533410e-04
    outer loop
      vertex 7.094102353e-02 7.679693867e-03 -4.085202888e-02
      vertex 7.094049454e-02 4.854462575e-03 -3.901562095e-02
      vertex 7.094110548e-02 6.247930694e-03 -4.109798744e-02
    endloop
  endfacet
  facet normal 9.999999404e-01 -1.069099653e-05 2.941265120e-04
    outer loop
      vertex 7.094098628e-02 -4.749796819e-03 -4.074751586e-02
      vertex 7.094109803e-02 -3.023784142e-03 -4.106529430e-02
      vertex 7.094047964e-02 -1.936223940e-03 -3.891468793e-02
    endloop
  endfacet
  facet normal 9.999999404e-01 4.590176559e-07 2.884879650e-04
    outer loop
      vertex 7.094047964e-02 -1.936223940e-03 -3.891468793e-02
      vertex 7.094109803e-02 -3.023784142e-03 -4.106529430e-02
      vertex 7.094115764e-02 -1.495442702e-03 -4.126333818e-02
    endloop
  endfacet
  facet normal 9.999999404e-01 -1.764444278e-06 2.880706743e-04
    outer loop
      vertex 7.094047964e-02 -1.936223940e-03 -3.891468793e-02
      vertex 7.094115764e-02 -1.495442702e-03 -4.126333818e-02
      vertex 7.094055414e-02 1.971385907e-03 -3.916603327e-02
    endloop
  endfacet
  facet normal 9.999999404e-01 5.561336820e-06 2.759612107e-04
    outer loop
      vertex 7.094055414e-02 1.971385907e-03 -3.916603327e-02
      vertex 7.094115764e-02 -1.495442702e-03 -4.126333818e-02
      vertex 7.094118744e-02 1.720164670e-03 -4.143068567e-02
    endloop
  endfacet
  facet normal 9.999999404e-01 6.427167591e-06 2.758651390e-04
    outer loop
      vertex 7.094055414e-02 1.971385907e-03 -3.916603327e-02
      vertex 7.094118744e-02 1.720164670e-03 -4.143068567e-02
      vertex 7.094049454e-02 4.854462575e-03 -3.901562095e-02
    endloop
  endfacet
  facet normal 9.999999404e-01 -5.682982646e-06 2.915818186e-04
    outer loop
      vertex 7.094049454e-02 4.854462575e-03 -3.901562095e-02
      vertex 7.094118744e-02 1.720164670e-03 -4.143068567e-02
      vertex 7.094115764e-02 4.727960099e-03 -4.128433764e-02
    endloop
  endfacet
  facet normal 9.999999404e-01 -2.922525255e-06 2.914279175e-04
    outer loop
      vertex 7.094049454e-02 4.854462575e-03 -3.901562095e-02
      vertex 7.094115764e-02 4.727960099e-03 -4.128433764e-02
      vertex 7.094110548e-02 6.247930694e-03 -4.109798744e-02
    endloop
  endfacet
  facet normal 9.999999404e-01 -1.819367753e-06 2.881565306e-04
    outer loop
      vertex 7.092380524e-02 -7.889990695e-03 1.899823733e-02
      vertex 7.092396915e-02 -9.500228800e-03 1.842364483e-02
      vertex 7.092454284e-02 -1.084652543e-02 1.641483419e-02
    endloop
  endfacet
  facet normal 9.999999404e-01 1.283782353e-06 2.860768000e-04
    outer loop
      vertex 7.092454284e-02 -1.084652543e-02 1.641483419e-02
      vertex 7.092396915e-02 -9.500228800e-03 1.842364483e-02
      vertex 7.092460990e-02 -1.406911388e-02 1.620054245e-02
    endloop
  endfacet
  facet normal 9.999999404e-01 1.381265406e-06 2.846108400e-04
    outer loop
      vertex 7.092454284e-02 -1.084652543e-02 1.641483419e-02
      vertex 7.092460990e-02 -1.406911388e-02 1.620054245e-02
      vertex 7.092559338e-02 -1.657552831e-02 1.276762504e-02
    endloop
  endfacet
  facet normal 9.999999404e-01 -1.238314098e-06 2.865233982e-04
    outer loop
      vertex 7.092559338e-02 -1.657552831e-02 1.276762504e-02
      vertex 7.092460990e-02 -1.406911388e-02 1.620054245e-02
      vertex 7.092544436e-02 -1.819128729e-02 1.328059379e-02
    endloop
  endfacet
  facet normal 9.999999404e-01 -9.618622698e-07 2.873941849e-04
    outer loop
      vertex 7.092559338e-02 -1.657552831e-02 1.276762504e-02
      vertex 7.092544436e-02 -1.819128729e-02 1.328059379e-02
      vertex 7.092698663e-02 -2.130899765e-02 7.897527888e-03
    endloop
  endfacet
  facet normal 9.999999404e-01 2.241773700e-07 2.892896591e-04
    outer loop
      vertex 7.092723250e-02 2.561002783e-02 7.200109772e-03
      vertex 7.092643529e-02 2.500876412e-02 9.976206347e-03
      vertex 7.092578709e-02 2.102339454e-02 1.220874302e-02
    endloop
  endfacet
  facet normal 9.999999404e-01 -1.131371050e-07 2.886875009e-04
    outer loop
      vertex 7.092643529e-02 2.500876412e-02 9.976206347e-03
      vertex 7.092598826e-02 2.356148884e-02 1.151662879e-02
      vertex 7.092578709e-02 2.102339454e-02 1.220874302e-02
    endloop
  endfacet
  facet normal 9.999999404e-01 -4.187299965e-07 2.875668579e-04
    outer loop
      vertex 7.092578709e-02 2.102339454e-02 1.220874302e-02
      vertex 7.092598826e-02 2.356148884e-02 1.151662879e-02
      vertex 7.092518359e-02 2.033234574e-02 1.431199629e-02
    endloop
  endfacet
  facet normal 9.999999404e-01 -7.671355462e-08 2.876792278e-04
    outer loop
      vertex 7.092578709e-02 2.102339454e-02 1.220874302e-02
      vertex 7.092518359e-02 2.033234574e-02 1.431199629e-02
      vertex 7.092469186e-02 1.540532801e-02 1.602461934e-02
    endloop
  endfacet
  facet normal 9.999999404e-01 -6.241129427e-07 2.861044195e-04
    outer loop
      vertex 7.092469186e-02 1.540532801e-02 1.602461934e-02
      vertex 7.092518359e-02 2.033234574e-02 1.431199629e-02
      vertex 7.092467695e-02 1.770430803e-02 1.608427987e-02
    endloop
  endfacet
  facet normal 9.999999404e-01 -6.898195579e-07 2.886363945e-04
    outer loop
      vertex 7.092469186e-02 1.540532801e-02 1.602461934e-02
      vertex 7.092467695e-02 1.770430803e-02 1.608427987e-02
      vertex 7.092423737e-02 1.486738771e-02 1.759827510e-02
    endloop
  endfacet
  facet normal 9.999999404e-01 1.905312729e-06 2.855783387e-04
    outer loop
      vertex 7.092893869e-02 2.891795337e-02 1.268736902e-03
      vertex 7.092861086e-02 2.990721166e-02 2.399497665e-03
      vertex 7.092793286e-02 2.869827114e-02 4.774708766e-03
    endloop
  endfacet
  facet normal 9.999999404e-01 3.223178055e-06 2.820506634e-04
    outer loop
      vertex 7.093866915e-02 2.338528261e-02 -3.259498999e-02
      vertex 7.093837857e-02 2.438645437e-02 -3.156877309e-02
      vertex 7.093802094e-02 2.286590822e-02 -3.030270711e-02
    endloop
  endfacet
  facet normal 9.999999404e-01 2.336182888e-06 2.809853759e-04
    outer loop
      vertex 7.093802094e-02 2.286590822e-02 -3.030270711e-02
      vertex 7.093837857e-02 2.438645437e-02 -3.156877309e-02
      vertex 7.093770802e-02 2.637754567e-02 -2.920529433e-02
    endloop
  endfacet
  facet normal 9.999999404e-01 8.262287565e-07 2.858171065e-04
    outer loop
      vertex 7.093802094e-02 2.286590822e-02 -3.030270711e-02
      vertex 7.093770802e-02 2.637754567e-02 -2.920529433e-02
      vertex 7.093647867e-02 2.700199187e-02 -2.491601929e-02
    endloop
  endfacet
  facet normal 9.999999404e-01 3.937353540e-06 2.857977815e-04
    outer loop
      vertex 7.094007730e-02 1.685507409e-02 -3.748206422e-02
      vertex 7.093959302e-02 1.947235130e-02 -3.583954275e-02
      vertex 7.093924284e-02 1.759905741e-02 -3.459034860e-02
    endloop
  endfacet
  facet normal 9.999999404e-01 4.189711262e-07 2.805216063e-04
    outer loop
      vertex 7.093924284e-02 1.759905741e-02 -3.459034860e-02
      vertex 7.093959302e-02 1.947235130e-02 -3.583954275e-02
      vertex 7.093937695e-02 2.052528970e-02 -3.506976739e-02
    endloop
  endfacet
  facet normal 9.999999404e-01 9.685867326e-07 2.838763176e-04
    outer loop
      vertex 7.093924284e-02 1.759905741e-02 -3.459034860e-02
      vertex 7.093937695e-02 2.052528970e-02 -3.506976739e-02
      vertex 7.093802094e-02 2.286590822e-02 -3.030270711e-02
    endloop
  endfacet
  facet normal 9.999999404e-01 -1.347986017e-05 2.909704926e-04
    outer loop
      vertex 7.093802094e-02 2.286590822e-02 -3.030270711e-02
      vertex 7.093937695e-02 2.052528970e-02 -3.506976739e-02
      vertex 7.093904167e-02 2.205133066e-02 -3.382560983e-02
    endloop
  endfacet
  facet normal 9.999999404e-01 1.427104689e-05 2.845538256e-04
    outer loop
      vertex 7.093802094e-02 2.286590822e-02 -3.030270711e-02
      vertex 7.093904167e-02 2.205133066e-02 -3.382560983e-02
      vertex 7.093866915e-02 2.338528261e-02 -3.259498999e-02
    endloop
  endfacet
  facet normal 9.999999404e-01 7.525892798e-09 2.888971940e-04
    outer loop
      vertex 7.093621790e-02 -2.365490049e-02 -2.416303940e-02
      vertex 7.093713433e-02 -2.425087243e-02 -2.733859979e-02
      vertex 7.093780488e-02 -1.968075149e-02 -2.967028320e-02
    endloop
  endfacet
  facet normal 9.999999404e-01 -4.608970812e-06 2.798488131e-04
    outer loop
      vertex 7.093780488e-02 -1.968075149e-02 -2.967028320e-02
      vertex 7.093713433e-02 -2.425087243e-02 -2.733859979e-02
      vertex 7.093826681e-02 -2.116107941e-02 -3.133729473e-02
    endloop
  endfacet
  facet normal 9.999999404e-01 -4.493487268e-06 2.797462512e-04
    outer loop
      vertex 7.093780488e-02 -1.968075149e-02 -2.967028320e-02
      vertex 7.093826681e-02 -2.116107941e-02 -3.133729473e-02
      vertex 7.093907148e-02 -1.454366650e-02 -3.411256894e-02
    endloop
  endfacet
  facet normal 9.999999404e-01 -7.278118233e-07 2.887251903e-04
    outer loop
      vertex 7.093907148e-02 -1.454366650e-02 -3.411256894e-02
      vertex 7.093826681e-02 -2.116107941e-02 -3.133729473e-02
      vertex 7.093926519e-02 -1.745999418e-02 -3.477908298e-02
    endloop
  endfacet
  facet normal 9.999999404e-01 -5.424870437e-07 2.879142994e-04
    outer loop
      vertex 7.093907148e-02 -1.454366650e-02 -3.411256894e-02
      vertex 7.093926519e-02 -1.745999418e-02 -3.477908298e-02
      vertex 7.094006985e-02 -1.324444730e-02 -3.757672757e-02
    endloop
  endfacet
  facet normal 9.999999404e-01 -2.109741672e-06 2.853267652e-04
    outer loop
      vertex 7.092893869e-02 2.891795337e-02 1.268736902e-03
      vertex 7.092793286e-02 2.869827114e-02 4.774708766e-03
      vertex 7.092723250e-02 2.561002783e-02 7.200109772e-03
    endloop
  endfacet
  facet normal 9.999999404e-01 8.966269149e-08 2.881272521e-04
    outer loop
      vertex 7.092723250e-02 2.561002783e-02 7.200109772e-03
      vertex 7.092793286e-02 2.869827114e-02 4.774708766e-03
      vertex 7.092767209e-02 2.816313319e-02 5.686105695e-03
    endloop
  endfacet
  facet normal 9.999999404e-01 1.041614723e-06 2.897325612e-04
    outer loop
      vertex 7.092723250e-02 2.561002783e-02 7.200109772e-03
      vertex 7.092767209e-02 2.816313319e-02 5.686105695e-03
      vertex 7.092679292e-02 2.603758499e-02 8.740077727e-03
    endloop
  endfacet
  facet normal 9.999999404e-01 -8.068748684e-06 2.886264992e-04
    outer loop
      vertex 7.093276829e-02 3.106292337e-02 -1.205068361e-02
      vertex 7.093468308e-02 2.978432551e-02 -1.872067340e-02
      vertex 7.093501836e-02 3.124461696e-02 -1.983190887e-02
    endloop
  endfacet
  facet normal 9.999999404e-01 4.737541531e-06 2.852476900e-04
    outer loop
      vertex 7.093770802e-02 2.637754567e-02 -2.920529433e-02
      vertex 7.093692571e-02 2.822072059e-02 -2.649568208e-02
      vertex 7.093647867e-02 2.700199187e-02 -2.491601929e-02
    endloop
  endfacet
  facet normal 9.999999404e-01 5.505169156e-06 2.858399239e-04
    outer loop
      vertex 7.093647867e-02 2.700199187e-02 -2.491601929e-02
      vertex 7.093692571e-02 2.822072059e-02 -2.649568208e-02
      vertex 7.093609869e-02 2.975576185e-02 -2.363080904e-02
    endloop
  endfacet
  facet normal 9.999999404e-01 4.313808859e-06 2.883925918e-04
    outer loop
      vertex 7.093647867e-02 2.700199187e-02 -2.491601929e-02
      vertex 7.093609869e-02 2.975576185e-02 -2.363080904e-02
      vertex 7.093468308e-02 2.978432551e-02 -1.872067340e-02
    endloop
  endfacet
  facet normal 9.999999404e-01 -8.457553122e-06 2.884668938e-04
    outer loop
      vertex 7.093468308e-02 2.978432551e-02 -1.872067340e-02
      vertex 7.093609869e-02 2.975576185e-02 -2.363080904e-02
      vertex 7.093524188e-02 3.098252229e-02 -2.061999030e-02
    endloop
  endfacet
  facet normal 9.999999404e-01 -7.943339369e-06 2.887912851e-04
    outer loop
      vertex 7.093468308e-02 2.978432551e-02 -1.872067340e-02
      vertex 7.093524188e-02 3.098252229e-02 -2.061999030e-02
      vertex 7.093501836e-02 3.124461696e-02 -1.983190887e-02
    endloop
  endfacet
  facet normal 9.999999404e-01 4.044789875e-06 2.889093303e-04
    outer loop
      vertex 7.093501836e-02 3.124461696e-02 -1.983190887e-02
      vertex 7.093366981e-02 3.233293816e-02 -1.519808918e-02
      vertex 7.093276829e-02 3.106292337e-02 -1.205068361e-02
    endloop
  endfacet
  facet normal 9.999999404e-01 1.349252784e-06 2.878216619e-04
    outer loop
      vertex 7.093276829e-02 3.106292337e-02 -1.205068361e-02
      vertex 7.093366981e-02 3.233293816e-02 -1.519808918e-02
      vertex 7.093230635e-02 3.269921988e-02 -1.045201626e-02
    endloop
  endfacet
  facet normal 9.999999404e-01 1.190737180e-06 2.879839158e-04
    outer loop
      vertex 7.093276829e-02 3.106292337e-02 -1.205068361e-02
      vertex 7.093230635e-02 3.269921988e-02 -1.045201626e-02
      vertex 7.093081623e-02 3.076884523e-02 -5.265616346e-03
    endloop
  endfacet
  facet normal 9.999999404e-01 -3.890294806e-07 2.873959311e-04
    outer loop
      vertex 7.093081623e-02 3.076884523e-02 -5.265616346e-03
      vertex 7.093230635e-02 3.269921988e-02 -1.045201626e-02
      vertex 7.093094289e-02 3.233291581e-02 -5.705981515e-03
    endloop
  endfacet
  facet normal 9.999999404e-01 -3.962049675e-07 2.873704361e-04
    outer loop
      vertex 7.093081623e-02 3.076884523e-02 -5.265616346e-03
      vertex 7.093094289e-02 3.233291581e-02 -5.705981515e-03
      vertex 7.092893869e-02 2.891795337e-02 1.268736902e-03
    endloop
  endfacet
  facet normal 9.999999404e-01 -5.089535989e-06 2.850724850e-04
    outer loop
      vertex 7.092893869e-02 2.891795337e-02 1.268736902e-03
      vertex 7.093094289e-02 3.233291581e-02 -5.705981515e-03
      vertex 7.092961669e-02 3.124452569e-02 -1.072043553e-03
    endloop
  endfacet
  facet normal 9.999999404e-01 -1.544263910e-06 2.885962313e-04
    outer loop
      vertex 7.092893869e-02 2.891795337e-02 1.268736902e-03
      vertex 7.092961669e-02 3.124452569e-02 -1.072043553e-03
      vertex 7.092861086e-02 2.990721166e-02 2.399497665e-03
    endloop
  endfacet
  facet normal 9.999999404e-01 1.144564294e-06 2.868934243e-04
    outer loop
      vertex 7.093247771e-02 -2.733165398e-02 -1.118269470e-02
      vertex 7.093302906e-02 -2.914585918e-02 -1.309725549e-02
      vertex 7.093439996e-02 -2.625187114e-02 -1.788773946e-02
    endloop
  endfacet
  facet normal 9.999999404e-01 1.097542736e-06 2.868650190e-04
    outer loop
      vertex 7.093439996e-02 -2.625187114e-02 -1.788773946e-02
      vertex 7.093302906e-02 -2.914585918e-02 -1.309725549e-02
      vertex 7.093445957e-02 -2.830410749e-02 -1.808146946e-02
    endloop
  endfacet
  facet normal 9.999999404e-01 8.480333804e-07 2.895081416e-04
    outer loop
      vertex 7.093439996e-02 -2.625187114e-02 -1.788773946e-02
      vertex 7.093445957e-02 -2.830410749e-02 -1.808146946e-02
      vertex 7.093621790e-02 -2.365490049e-02 -2.416303940e-02
    endloop
  endfacet
  facet normal 9.999999404e-01 -1.100101485e-06 2.880188404e-04
    outer loop
      vertex 7.093621790e-02 -2.365490049e-02 -2.416303940e-02
      vertex 7.093445957e-02 -2.830410749e-02 -1.808146946e-02
      vertex 7.093583792e-02 -2.666025423e-02 -2.287425846e-02
    endloop
  endfacet
  facet normal 9.999999404e-01 -6.689979841e-07 2.890241449e-04
    outer loop
      vertex 7.093621790e-02 -2.365490049e-02 -2.416303940e-02
      vertex 7.093583792e-02 -2.666025423e-02 -2.287425846e-02
      vertex 7.093713433e-02 -2.425087243e-02 -2.733859979e-02
    endloop
  endfacet
  facet normal 9.999999404e-01 1.168813014e-06 2.861601533e-04
    outer loop
      vertex 7.092544436e-02 -1.819128729e-02 1.328059379e-02
      vertex 7.092630863e-02 -2.131903172e-02 1.025852934e-02
      vertex 7.092698663e-02 -2.130899765e-02 7.897527888e-03
    endloop
  endfacet
  facet normal 9.999999404e-01 7.701158893e-07 2.861584653e-04
    outer loop
      vertex 7.092698663e-02 -2.130899765e-02 7.897527888e-03
      vertex 7.092630863e-02 -2.131903172e-02 1.025852934e-02
      vertex 7.092746347e-02 -2.438403852e-02 6.227861624e-03
    endloop
  endfacet
  facet normal 9.999999404e-01 -6.043829330e-07 2.886898874e-04
    outer loop
      vertex 7.092698663e-02 -2.130899765e-02 7.897527888e-03
      vertex 7.092746347e-02 -2.438403852e-02 6.227861624e-03
      vertex 7.092867047e-02 -2.479175851e-02 2.067090245e-03
    endloop
  endfacet
  facet normal 9.999999404e-01 -1.952080993e-06 2.888219606e-04
    outer loop
      vertex 7.092867047e-02 -2.479175851e-02 2.067090245e-03
      vertex 7.092746347e-02 -2.438403852e-02 6.227861624e-03
      vertex 7.092875242e-02 -2.675164491e-02 1.759285922e-03
    endloop
  endfacet
  facet normal 9.999999404e-01 -1.919114993e-06 2.886120637e-04
    outer loop
      vertex 7.092867047e-02 -2.479175851e-02 2.067090245e-03
      vertex 7.092875242e-02 -2.675164491e-02 1.759285922e-03
      vertex 7.093053311e-02 -2.683604509e-02 -4.409367219e-03
    endloop
  endfacet
  facet normal 9.999999404e-01 -6.435230262e-06 2.886738512e-04
    outer loop
      vertex 7.093053311e-02 -2.683604509e-02 -4.409367219e-03
      vertex 7.092875242e-02 -2.675164491e-02 1.759285922e-03
      vertex 7.093013078e-02 -2.836279199e-02 -3.057920607e-03
    endloop
  endfacet
  facet normal 9.999999404e-01 -7.208158422e-06 2.878006489e-04
    outer loop
      vertex 7.093053311e-02 -2.683604509e-02 -4.409367219e-03
      vertex 7.093013078e-02 -2.836279199e-02 -3.057920607e-03
      vertex 7.093247771e-02 -2.733165398e-02 -1.118269470e-02
    endloop
  endfacet
  facet normal 9.999999404e-01 -2.841773494e-06 2.883548150e-04
    outer loop
      vertex 7.093247771e-02 -2.733165398e-02 -1.118269470e-02
      vertex 7.093013078e-02 -2.836279199e-02 -3.057920607e-03
      vertex 7.093156874e-02 -2.916581184e-02 -8.049104363e-03
    endloop
  endfacet
  facet normal 9.999999404e-01 -1.330906002e-06 2.892391349e-04
    outer loop
      vertex 7.093247771e-02 -2.733165398e-02 -1.118269470e-02
      vertex 7.093156874e-02 -2.916581184e-02 -8.049104363e-03
      vertex 7.093302906e-02 -2.914585918e-02 -1.309725549e-02
    endloop
  endfacet
  facet normal -7.032915354e-01 1.060718819e-01 7.029436827e-01
    outer loop
      vertex 4.913353920e-02 1.152559929e-02 2.205883712e-02
      vertex 4.913072288e-02 1.176182739e-02 2.202037722e-02
      vertex 4.713102803e-02 1.176119968e-02 2.001978643e-02
    endloop
  endfacet
  facet normal -7.214493155e-01 4.592937976e-02 6.909423470e-01
    outer loop
      vertex 5.002248660e-02 8.594458923e-03 2.331973054e-02
      vertex 4.984743521e-02 8.848091587e-03 2.312008850e-02
      vertex 4.713076353e-02 5.799386185e-03 2.048612386e-02
    endloop
  endfacet
  facet normal -7.075931430e-01 5.404339172e-04 7.066199183e-01
    outer loop
      vertex 4.713076353e-02 5.799386185e-03 2.048612386e-02
      vertex 5.115481839e-02 7.057375275e-03 2.451476268e-02
      vertex 5.112311244e-02 7.307342254e-03 2.448281832e-02
    endloop
  endfacet
  facet normal -7.156698108e-01 3.314809129e-02 6.976517439e-01
    outer loop
      vertex 5.002248660e-02 8.594458923e-03 2.331973054e-02
      vertex 4.713076353e-02 5.799386185e-03 2.048612386e-02
      vertex 5.075326189e-02 7.864250802e-03 2.410407178e-02
    endloop
  endfacet
  facet normal -7.090853453e-01 8.598416112e-03 7.050701976e-01
    outer loop
      vertex 5.075326189e-02 7.864250802e-03 2.410407178e-02
      vertex 4.713076353e-02 5.799386185e-03 2.048612386e-02
      vertex 5.112311244e-02 7.307342254e-03 2.448281832e-02
    endloop
  endfacet
  facet normal -7.214804888e-01 -8.260053582e-03 6.923854947e-01
    outer loop
      vertex 5.075326189e-02 7.864250802e-03 2.410407178e-02
      vertex 5.112311244e-02 7.307342254e-03 2.448281832e-02
      vertex 5.103747174e-02 7.528997026e-03 2.439622395e-02
    endloop
  endfacet
  facet normal -7.278562784e-01 5.828607827e-02 6.832481027e-01
    outer loop
      vertex 4.984743521e-02 8.848091587e-03 2.312008850e-02
      vertex 4.939299449e-02 9.844442829e-03 2.255098149e-02
      vertex 4.713076353e-02 5.799386185e-03 2.048612386e-02
    endloop
  endfacet
  facet normal -7.374374866e-01 6.947142631e-02 6.718330383e-01
    outer loop
      vertex 4.713076353e-02 5.799386185e-03 2.048612386e-02
      vertex 4.939299449e-02 9.844442829e-03 2.255098149e-02
      vertex 4.928601161e-02 1.024336182e-02 2.239229903e-02
    endloop
  endfacet
  facet normal -7.217063904e-01 5.401157215e-02 6.900888681e-01
    outer loop
      vertex 4.713076353e-02 5.799386185e-03 2.048612386e-02
      vertex 4.928601161e-02 1.024336182e-02 2.239229903e-02
      vertex 4.713102803e-02 1.176119968e-02 2.001978643e-02
    endloop
  endfacet
  facet normal -7.063807249e-01 9.375607967e-02 7.015953660e-01
    outer loop
      vertex 4.713102803e-02 1.176119968e-02 2.001978643e-02
      vertex 4.928601161e-02 1.024336182e-02 2.239229903e-02
      vertex 4.922663420e-02 1.054341160e-02 2.229242399e-02
    endloop
  endfacet
  facet normal -7.040339708e-01 1.004617140e-01 7.030246258e-01
    outer loop
      vertex 4.713102803e-02 1.176119968e-02 2.001978643e-02
      vertex 4.922663420e-02 1.054341160e-02 2.229242399e-02
      vertex 4.913353920e-02 1.152559929e-02 2.205883712e-02
    endloop
  endfacet
  facet normal -7.084017396e-01 5.798819009e-03 7.057856321e-01
    outer loop
      vertex 4.713076353e-02 5.799386185e-03 2.048612386e-02
      vertex 4.713075608e-02 1.720129978e-03 2.051963285e-02
      vertex 5.115481839e-02 7.057375275e-03 2.451476268e-02
    endloop
  endfacet
  facet normal -7.045580745e-01 1.089761554e-05 7.096463442e-01
    outer loop
      vertex 5.115481839e-02 7.057375275e-03 2.451476268e-02
      vertex 4.713075608e-02 1.720129978e-03 2.051963285e-02
      vertex 4.938373715e-02 1.720124390e-03 2.275646105e-02
    endloop
  endfacet
  facet normal -7.044060826e-01 -8.922350389e-05 7.097972035e-01
    outer loop
      vertex 5.115481839e-02 7.057375275e-03 2.451476268e-02
      vertex 4.938373715e-02 1.720124390e-03 2.275646105e-02
      vertex 5.115497857e-02 4.388748668e-03 2.451458573e-02
    endloop
  endfacet
  facet normal -7.044946551e-01 2.745852362e-05 7.097092867e-01
    outer loop
      vertex 5.115497857e-02 4.388748668e-03 2.451458573e-02
      vertex 4.938373715e-02 1.720124390e-03 2.275646105e-02
      vertex 5.115487054e-02 1.720118453e-03 2.451458015e-02
    endloop
  endfacet
  facet normal -4.325016215e-02 9.955108166e-01 -8.418783545e-02
    outer loop
      vertex -2.684188774e-03 3.428880870e-02 -6.217041519e-03
      vertex -3.489700379e-03 3.428880125e-02 -5.803326610e-03
      vertex -1.749985851e-03 3.460905701e-02 -2.910082228e-03
    endloop
  endfacet
  facet normal -6.362030655e-02 9.955108166e-01 -7.007586211e-02
    outer loop
      vertex -4.208304919e-03 3.428878635e-02 -5.305369385e-03
      vertex -4.872884601e-03 3.428876027e-02 -4.702346865e-03
      vertex -2.443637699e-03 3.460903466e-02 -2.357951598e-03
    endloop
  endfacet
  facet normal -7.962619513e-02 9.955105186e-01 -5.117071420e-02
    outer loop
      vertex -5.442751106e-03 3.428873792e-02 -4.029128700e-03
      vertex -5.923983175e-03 3.428870812e-02 -3.280888777e-03
      vertex -2.970764879e-03 3.460900486e-02 -1.645096578e-03
    endloop
  endfacet
  facet normal -9.018523991e-02 9.955098629e-01 -2.875296026e-02
    outer loop
      vertex -6.302988622e-03 3.428867087e-02 -2.476017689e-03
      vertex -6.571363658e-03 3.428862244e-02 -1.635820256e-03
      vertex -3.295419738e-03 3.460896015e-02 -8.201075834e-04
    endloop
  endfacet
  facet normal -9.456257522e-02 9.955092669e-01 -4.378869664e-03
    outer loop
      vertex -6.730004679e-03 3.428858519e-02 -7.525720866e-04
      vertex -6.770921405e-03 3.428854048e-02 1.207535170e-04
      vertex -3.395500360e-03 3.460890427e-02 6.080241292e-05
    endloop
  endfacet
  facet normal -9.247151017e-02 9.955083132e-01 2.030208521e-02
    outer loop
      vertex -6.694313139e-03 3.428848833e-02 1.023043296e-03
      vertex -6.509040948e-03 3.428844362e-02 1.869118889e-03
      vertex -3.264165251e-03 3.460885212e-02 9.375933441e-04
    endloop
  endfacet
  facet normal -8.422116190e-02 9.955053329e-01 4.331245646e-02
    outer loop
      vertex -6.217278540e-03 3.428839147e-02 2.684619511e-03
      vertex -5.803558044e-03 3.428834677e-02 3.490124131e-03
      vertex -2.910374431e-03 3.460879996e-02 1.750516822e-03
    endloop
  endfacet
  facet normal -7.010854781e-02 9.955046177e-01 6.368177384e-02
    outer loop
      vertex -5.305610131e-03 3.428830206e-02 4.208741710e-03
      vertex -4.702586681e-03 3.428825736e-02 4.873313941e-03
      vertex -2.358242171e-03 3.460874781e-02 2.444175305e-03
    endloop
  endfacet
  facet normal -5.120404810e-02 9.955038428e-01 7.968871295e-02
    outer loop
      vertex -4.029367585e-03 3.428821266e-02 5.443179514e-03
      vertex -3.281129990e-03 3.428817913e-02 5.924416240e-03
      vertex -1.645394717e-03 3.460870683e-02 2.971296199e-03
    endloop
  endfacet
  facet normal 5.869216472e-02 9.621806145e-01 2.660144269e-01
    outer loop
      vertex 4.389604088e-03 3.231247514e-02 1.528934110e-02
      vertex 3.694749903e-03 3.302398324e-02 1.286910754e-02
      vertex 2.022042638e-03 3.302468732e-02 1.323561370e-02
    endloop
  endfacet
  facet normal 8.678483963e-02 9.171731472e-01 3.889239132e-01
    outer loop
      vertex 6.405960303e-03 2.945711464e-02 2.231251821e-02
      vertex 5.419068970e-03 3.100812435e-02 1.887509041e-02
      vertex 2.980470657e-03 3.096992150e-02 1.950933412e-02
    endloop
  endfacet
  facet normal 1.040735766e-01 8.737210035e-01 4.751634300e-01
    outer loop
      vertex 7.344263140e-03 2.768268250e-02 2.558068000e-02
      vertex 7.098488044e-03 2.817749791e-02 2.472465485e-02
      vertex 3.884735750e-03 2.817754634e-02 2.542846650e-02
    endloop
  endfacet
  facet normal -1.531175226e-01 8.905041814e-01 -4.284358919e-01
    outer loop
      vertex -6.405946333e-03 2.945721708e-02 -2.231249027e-02
      vertex -7.098408416e-03 2.817775123e-02 -2.472438291e-02
      vertex -1.019612234e-02 2.817819268e-02 -2.361638099e-02
    endloop
  endfacet
  facet normal -1.767670661e-01 8.512529135e-01 -4.940869510e-01
    outer loop
      vertex -7.344246842e-03 2.768280171e-02 -2.558066137e-02
      vertex -8.229069412e-03 2.571023814e-02 -2.866259404e-02
      vertex -1.182009559e-02 2.571023256e-02 -2.737786062e-02
    endloop
  endfacet
  facet normal -3.583140206e-03 9.994893670e-01 3.175244480e-02
    outer loop
      vertex 6.051019591e-05 3.460864723e-02 3.396025160e-03
      vertex 1.510624799e-07 3.471630439e-02 4.934552180e-07
      vertex -8.203938487e-04 3.460866958e-02 3.295950824e-03
    endloop
  endfacet
  facet normal 3.034399077e-02 9.990544915e-01 3.113556467e-02
    outer loop
      vertex 1.510624799e-07 3.471630439e-02 4.934552180e-07
      vertex 6.051019591e-05 3.460864723e-02 3.396025160e-03
      vertex 1.120822039e-03 3.456061333e-02 3.903907724e-03
    endloop
  endfacet
  facet normal -1.849388331e-01 9.146045446e-01 -3.595777452e-01
    outer loop
      vertex -6.405946333e-03 2.945721708e-02 -2.231249027e-02
      vertex -1.019612234e-02 2.817819268e-02 -2.361638099e-02
      vertex -5.419056863e-03 3.100820445e-02 -1.887505502e-02
    endloop
  endfacet
  facet normal -1.859149933e-01 9.558387399e-01 -2.276135534e-01
    outer loop
      vertex -3.694548737e-03 3.302419558e-02 -1.286847983e-02
      vertex -4.389579874e-03 3.231253847e-02 -1.528930478e-02
      vertex -7.822657004e-03 3.097097762e-02 -1.811891049e-02
    endloop
  endfacet
  facet normal 1.122594029e-01 8.512502313e-01 5.126117468e-01
    outer loop
      vertex 8.229087107e-03 2.571010403e-02 2.866260149e-02
      vertex 7.344263140e-03 2.768268250e-02 2.558068000e-02
      vertex 4.503453150e-03 2.571010590e-02 2.947849222e-02
    endloop
  endfacet
  facet normal 1.002221853e-01 8.564215899e-01 5.064558387e-01
    outer loop
      vertex 4.503453150e-03 2.571010590e-02 2.947849222e-02
      vertex 7.344263140e-03 2.768268250e-02 2.558068000e-02
      vertex 3.884735750e-03 2.817754634e-02 2.542846650e-02
    endloop
  endfacet
  facet normal 5.329200998e-02 8.563750386e-01 5.135969520e-01
    outer loop
      vertex 4.503453150e-03 2.571010590e-02 2.947849222e-02
      vertex 3.884735750e-03 2.817754634e-02 2.542846650e-02
      vertex 1.644731965e-03 2.571010962e-02 2.977511473e-02
    endloop
  endfacet
  facet normal 4.329559579e-02 8.590915203e-01 5.099874735e-01
    outer loop
      vertex 1.644731965e-03 2.571010962e-02 2.977511473e-02
      vertex 3.884735750e-03 2.817754634e-02 2.542846650e-02
      vertex 4.574116610e-04 2.817754820e-02 2.571942657e-02
    endloop
  endfacet
  facet normal -1.470219530e-02 8.523053527e-01 5.228378773e-01
    outer loop
      vertex 1.644731965e-03 2.571010962e-02 2.977511473e-02
      vertex 4.574116610e-04 2.817754820e-02 2.571942657e-02
      vertex -3.315378912e-03 2.571011148e-02 2.963563427e-02
    endloop
  endfacet
  facet normal -2.417493053e-02 8.561618328e-01 5.161418915e-01
    outer loop
      vertex -3.315378912e-03 2.571011148e-02 2.963563427e-02
      vertex 4.574116610e-04 2.817754820e-02 2.571942657e-02
      vertex -2.859872999e-03 2.817756683e-02 2.556402236e-02
    endloop
  endfacet
  facet normal -7.217232138e-02 8.565434217e-01 5.110034943e-01
    outer loop
      vertex -3.315378912e-03 2.571011148e-02 2.963563427e-02
      vertex -2.859872999e-03 2.817756683e-02 2.556402236e-02
      vertex -5.022088997e-03 2.571011521e-02 2.939457633e-02
    endloop
  endfacet
  facet normal -9.030066431e-02 8.596788049e-01 5.027903318e-01
    outer loop
      vertex -5.022088997e-03 2.571011521e-02 2.939457633e-02
      vertex -2.859872999e-03 2.817756683e-02 2.556402236e-02
      vertex -6.214839872e-03 2.817758545e-02 2.496144176e-02
    endloop
  endfacet
  facet normal -3.168261424e-02 9.786865115e-01 2.029011697e-01
    outer loop
      vertex 3.324615303e-03 3.334979713e-02 1.157990284e-02
      vertex 2.232109895e-03 3.410334140e-02 7.774613798e-03
      vertex 1.022806275e-03 3.428807110e-02 6.694751792e-03
    endloop
  endfacet
  facet normal 6.311856210e-02 9.930640459e-01 9.919583797e-02
    outer loop
      vertex 1.022806275e-03 3.428807110e-02 6.694751792e-03
      vertex 2.232109895e-03 3.410334140e-02 7.774613798e-03
      vertex 1.120822039e-03 3.456061333e-02 3.903907724e-03
    endloop
  endfacet
  facet normal 8.282053284e-03 9.952031374e-01 9.747885168e-02
    outer loop
      vertex 1.022806275e-03 3.428807110e-02 6.694751792e-03
      vertex 1.120822039e-03 3.456061333e-02 3.903907724e-03
      vertex 1.205163353e-04 3.428807855e-02 6.771349348e-03
    endloop
  endfacet
  facet normal -1.924919197e-04 9.955198765e-01 9.455261379e-02
    outer loop
      vertex 1.205163353e-04 3.428807855e-02 6.771349348e-03
      vertex 1.120822039e-03 3.456061333e-02 3.903907724e-03
      vertex 6.051019591e-05 3.460864723e-02 3.396025160e-03
    endloop
  endfacet
  facet normal -4.409052432e-03 9.955031276e-01 9.462598711e-02
    outer loop
      vertex 1.205163353e-04 3.428807855e-02 6.771349348e-03
      vertex 6.051019591e-05 3.460864723e-02 3.396025160e-03
      vertex -7.528025890e-04 3.428809717e-02 6.730434485e-03
    endloop
  endfacet
  facet normal -1.055660658e-02 9.955974817e-01 9.313557297e-02
    outer loop
      vertex -7.528025890e-04 3.428809717e-02 6.730434485e-03
      vertex 6.051019591e-05 3.460864723e-02 3.396025160e-03
      vertex -8.203938487e-04 3.460866958e-02 3.295950824e-03
    endloop
  endfacet
  facet normal -1.672402583e-02 9.955024123e-01 9.324807674e-02
    outer loop
      vertex -7.528025890e-04 3.428809717e-02 6.730434485e-03
      vertex -8.203938487e-04 3.460866958e-02 3.295950824e-03
      vertex -1.636050642e-03 3.428811952e-02 6.571797188e-03
    endloop
  endfacet
  facet normal -2.879222482e-02 9.955034852e-01 9.024330229e-02
    outer loop
      vertex -1.636050642e-03 3.428811952e-02 6.571797188e-03
      vertex -8.203938487e-04 3.460866958e-02 3.295950824e-03
      vertex -2.476252383e-03 3.428814933e-02 6.303412374e-03
    endloop
  endfacet
  facet normal -4.032502696e-02 9.955033660e-01 8.571455628e-02
    outer loop
      vertex -3.281129990e-03 3.428817913e-02 5.924416240e-03
      vertex -2.476252383e-03 3.428814933e-02 6.303412374e-03
      vertex -1.645394717e-03 3.460870683e-02 2.971296199e-03
    endloop
  endfacet
  facet normal -3.428306058e-02 9.955980778e-01 8.723022789e-02
    outer loop
      vertex -1.645394717e-03 3.460870683e-02 2.971296199e-03
      vertex -2.476252383e-03 3.428814933e-02 6.303412374e-03
      vertex -8.203938487e-04 3.460866958e-02 3.295950824e-03
    endloop
  endfacet
  facet normal -1.165986620e-02 9.994896054e-01 2.974140644e-02
    outer loop
      vertex -1.645394717e-03 3.460870683e-02 2.971296199e-03
      vertex -8.203938487e-04 3.460866958e-02 3.295950824e-03
      vertex 1.510624799e-07 3.471630439e-02 4.934552180e-07
    endloop
  endfacet
  facet normal -6.115474179e-02 9.955046177e-01 7.232303172e-02
    outer loop
      vertex -4.702586681e-03 3.428825736e-02 4.873313941e-03
      vertex -4.029367585e-03 3.428821266e-02 5.443179514e-03
      vertex -2.358242171e-03 3.460874781e-02 2.444175305e-03
    endloop
  endfacet
  facet normal -5.568119138e-02 9.955987930e-01 7.538310438e-02
    outer loop
      vertex -2.358242171e-03 3.460874781e-02 2.444175305e-03
      vertex -4.029367585e-03 3.428821266e-02 5.443179514e-03
      vertex -1.645394717e-03 3.460870683e-02 2.971296199e-03
    endloop
  endfacet
  facet normal -1.894635335e-02 9.994900227e-01 2.570538968e-02
    outer loop
      vertex -2.358242171e-03 3.460874781e-02 2.444175305e-03
      vertex -1.645394717e-03 3.460870683e-02 2.971296199e-03
      vertex 1.510624799e-07 3.471630439e-02 4.934552180e-07
    endloop
  endfacet
  facet normal -3.783158958e-01 8.596679568e-01 3.432900310e-01
    outer loop
      vertex -2.015345730e-02 2.817774937e-02 1.598547027e-02
      vertex -2.225363627e-02 2.571014874e-02 1.985038258e-02
      vertex -1.786291599e-02 2.817770652e-02 1.850982383e-02
    endloop
  endfacet
  facet normal -3.720959723e-01 8.564701080e-01 3.577758074e-01
    outer loop
      vertex -1.786291599e-02 2.817770652e-02 1.850982383e-02
      vertex -2.225363627e-02 2.571014874e-02 1.985038258e-02
      vertex -2.070800215e-02 2.571014315e-02 2.145789750e-02
    endloop
  endfacet
  facet normal -3.338496387e-01 8.561440706e-01 3.944131136e-01
    outer loop
      vertex -1.786291599e-02 2.817770652e-02 1.850982383e-02
      vertex -2.070800215e-02 2.571014315e-02 2.145789750e-02
      vertex -1.530572027e-02 2.817767113e-02 2.067442797e-02
    endloop
  endfacet
  facet normal -3.321215212e-01 8.541699052e-01 4.001113474e-01
    outer loop
      vertex -1.530572027e-02 2.817767113e-02 2.067442797e-02
      vertex -2.070800215e-02 2.571014315e-02 2.145789750e-02
      vertex -1.727857441e-02 2.571013197e-02 2.430459671e-02
    endloop
  endfacet
  facet normal -2.779132724e-01 8.579240441e-01 4.321232438e-01
    outer loop
      vertex -1.530572027e-02 2.817767113e-02 2.067442797e-02
      vertex -1.727857441e-02 2.571013197e-02 2.430459671e-02
      vertex -1.246356778e-02 2.817763761e-02 2.250238322e-02
    endloop
  endfacet
  facet normal -2.752060294e-01 8.562749028e-01 4.370983243e-01
    outer loop
      vertex -1.246356778e-02 2.817763761e-02 2.250238322e-02
      vertex -1.727857441e-02 2.571013197e-02 2.430459671e-02
      vertex -1.444868278e-02 2.571012639e-02 2.608636208e-02
    endloop
  endfacet
  facet normal -2.201338410e-01 8.561402559e-01 4.675092995e-01
    outer loop
      vertex -1.246356778e-02 2.817763761e-02 2.250238322e-02
      vertex -1.444868278e-02 2.571012639e-02 2.608636208e-02
      vertex -9.406302124e-03 2.817761153e-02 2.394199185e-02
    endloop
  endfacet
  facet normal -2.232297659e-01 8.580787778e-01 4.624600112e-01
    outer loop
      vertex -9.406302124e-03 2.817761153e-02 2.394199185e-02
      vertex -1.444868278e-02 2.571012639e-02 2.608636208e-02
      vertex -1.143708080e-02 2.571012266e-02 2.754007280e-02
    endloop
  endfacet
  facet normal -1.584429145e-01 8.537222743e-01 4.960384667e-01
    outer loop
      vertex -9.406302124e-03 2.817761153e-02 2.394199185e-02
      vertex -1.143708080e-02 2.571012266e-02 2.754007280e-02
      vertex -6.214839872e-03 2.817758545e-02 2.496144176e-02
    endloop
  endfacet
  facet normal -1.620418131e-01 8.559979796e-01 4.909276068e-01
    outer loop
      vertex -6.214839872e-03 2.817758545e-02 2.496144176e-02
      vertex -1.143708080e-02 2.571012266e-02 2.754007280e-02
      vertex -7.204703055e-03 2.571011335e-02 2.893708274e-02
    endloop
  endfacet
  facet normal -1.058961377e-01 8.564777970e-01 5.052046776e-01
    outer loop
      vertex -6.214839872e-03 2.817758545e-02 2.496144176e-02
      vertex -7.204703055e-03 2.571011335e-02 2.893708274e-02
      vertex -5.022088997e-03 2.571011521e-02 2.939457633e-02
    endloop
  endfacet
  facet normal -7.780878246e-02 9.955060482e-01 5.397717655e-02
    outer loop
      vertex -5.803558044e-03 3.428834677e-02 3.490124131e-03
      vertex -5.305610131e-03 3.428830206e-02 4.208741710e-03
      vertex -2.910374431e-03 3.460879996e-02 1.750516822e-03
    endloop
  endfacet
  facet normal -7.327947766e-02 9.955999255e-01 5.840266496e-02
    outer loop
      vertex -2.910374431e-03 3.460879996e-02 1.750516822e-03
      vertex -5.305610131e-03 3.428830206e-02 4.208741710e-03
      vertex -2.358242171e-03 3.460874781e-02 2.444175305e-03
    endloop
  endfacet
  facet normal -2.493706718e-02 9.994904399e-01 1.992378198e-02
    outer loop
      vertex -2.910374431e-03 3.460879996e-02 1.750516822e-03
      vertex -2.358242171e-03 3.460874781e-02 2.444175305e-03
      vertex 1.510624799e-07 3.471630439e-02 4.934552180e-07
    endloop
  endfacet
  facet normal -8.912736177e-02 9.955076575e-01 3.195086122e-02
    outer loop
      vertex -6.509040948e-03 3.428844362e-02 1.869118889e-03
      vertex -6.217278540e-03 3.428839147e-02 2.684619511e-03
      vertex -3.264165251e-03 3.460885212e-02 9.375933441e-04
    endloop
  endfacet
  facet normal -8.588834852e-02 9.956009388e-01 3.744309023e-02
    outer loop
      vertex -3.264165251e-03 3.460885212e-02 9.375933441e-04
      vertex -6.217278540e-03 3.428839147e-02 2.684619511e-03
      vertex -2.910374431e-03 3.460879996e-02 1.750516822e-03
    endloop
  endfacet
  facet normal -2.922947705e-02 9.994909763e-01 1.278495416e-02
    outer loop
      vertex -3.264165251e-03 3.460885212e-02 9.375933441e-04
      vertex -2.910374431e-03 3.460879996e-02 1.750516822e-03
      vertex 1.510624799e-07 3.471630439e-02 4.934552180e-07
    endloop
  endfacet
  facet normal -9.434131533e-02 9.955072403e-01 8.067938499e-03
    outer loop
      vertex -6.770921405e-03 3.428854048e-02 1.207535170e-04
      vertex -6.694313139e-03 3.428848833e-02 1.023043296e-03
      vertex -3.395500360e-03 3.460890427e-02 6.080241292e-05
    endloop
  endfacet
  facet normal -9.263887256e-02 9.956022501e-01 1.393599901e-02
    outer loop
      vertex -3.395500360e-03 3.460890427e-02 6.080241292e-05
      vertex -6.694313139e-03 3.428848833e-02 1.023043296e-03
      vertex -3.264165251e-03 3.460885212e-02 9.375933441e-04
    endloop
  endfacet
  facet normal -3.152687103e-02 9.994914532e-01 4.782210104e-03
    outer loop
      vertex -3.395500360e-03 3.460890427e-02 6.080241292e-05
      vertex -3.264165251e-03 3.460885212e-02 9.375933441e-04
      vertex 1.510624799e-07 3.471630439e-02 4.934552180e-07
    endloop
  endfacet
  facet normal -5.028406382e-01 8.596491218e-01 -9.030305594e-02
    outer loop
      vertex -2.496139519e-02 2.817803808e-02 -6.214817055e-03
      vertex -2.939456329e-02 2.571020462e-02 -5.022086669e-03
      vertex -2.556396835e-02 2.817799710e-02 -2.859848086e-03
    endloop
  endfacet
  facet normal -5.110495090e-01 8.565149903e-01 -7.218331844e-02
    outer loop
      vertex -2.556396835e-02 2.817799710e-02 -2.859848086e-03
      vertex -2.939456329e-02 2.571020462e-02 -5.022086669e-03
      vertex -2.963563055e-02 2.571020462e-02 -3.315373324e-03
    endloop
  endfacet
  facet normal -5.161895156e-01 8.561332226e-01 -2.417211607e-02
    outer loop
      vertex -2.556396835e-02 2.817799710e-02 -2.859848086e-03
      vertex -2.963563055e-02 2.571020462e-02 -3.315373324e-03
      vertex -2.571937442e-02 2.817795798e-02 4.574348277e-04
    endloop
  endfacet
  facet normal -5.228840113e-01 8.522770405e-01 -1.470074896e-02
    outer loop
      vertex -2.571937442e-02 2.817795798e-02 4.574348277e-04
      vertex -2.963563055e-02 2.571020462e-02 -3.315373324e-03
      vertex -2.977509983e-02 2.571019344e-02 1.644734177e-03
    endloop
  endfacet
  facet normal -5.100315809e-01 8.590646386e-01 4.331007227e-02
    outer loop
      vertex -2.571937442e-02 2.817795798e-02 4.574348277e-04
      vertex -2.977509983e-02 2.571019344e-02 1.644734177e-03
      vertex -2.542841621e-02 2.817791328e-02 3.884755308e-03
    endloop
  endfacet
  facet normal -5.136370063e-01 8.563507199e-01 5.329607427e-02
    outer loop
      vertex -2.542841621e-02 2.817791328e-02 3.884755308e-03
      vertex -2.977509983e-02 2.571019344e-02 1.644734177e-03
      vertex -2.947848663e-02 2.571018599e-02 4.503458738e-03
    endloop
  endfacet
  facet normal -5.047669411e-01 8.561477065e-01 1.105504557e-01
    outer loop
      vertex -2.542841621e-02 2.817791328e-02 3.884755308e-03
      vertex -2.947848663e-02 2.571018599e-02 4.503458738e-03
      vertex -2.472462505e-02 2.817787416e-02 7.098517846e-03
    endloop
  endfacet
  facet normal -5.047639608e-01 8.561505675e-01 1.105423346e-01
    outer loop
      vertex -2.472462505e-02 2.817787416e-02 7.098517846e-03
      vertex -2.947848663e-02 2.571018599e-02 4.503458738e-03
      vertex -2.866259590e-02 2.571017668e-02 8.229084313e-03
    endloop
  endfacet
  facet normal -4.865247607e-01 8.561499715e-01 1.740715504e-01
    outer loop
      vertex -2.472462505e-02 2.817787416e-02 7.098517846e-03
      vertex -2.866259590e-02 2.571017668e-02 8.229084313e-03
      vertex -2.361640893e-02 2.817782946e-02 1.019616984e-02
    endloop
  endfacet
  facet normal -4.865226746e-01 8.561530113e-01 1.740624011e-01
    outer loop
      vertex -2.361640893e-02 2.817782946e-02 1.019616984e-02
      vertex -2.866259590e-02 2.571017668e-02 8.229084313e-03
      vertex -2.737785690e-02 2.571016923e-02 1.182010211e-02
    endloop
  endfacet
  facet normal -4.597019851e-01 8.561086655e-01 2.361186743e-01
    outer loop
      vertex -2.361640893e-02 2.817782946e-02 1.019616984e-02
      vertex -2.737785690e-02 2.571016923e-02 1.182010211e-02
      vertex -2.204493433e-02 2.817778476e-02 1.325585134e-02
    endloop
  endfacet
  facet normal -4.583744407e-01 8.598869443e-01 2.246939391e-01
    outer loop
      vertex -2.204493433e-02 2.817778476e-02 1.325585134e-02
      vertex -2.737785690e-02 2.571016923e-02 1.182010211e-02
      vertex -2.611282282e-02 2.571016178e-02 1.440079231e-02
    endloop
  endfacet
  facet normal -4.318843186e-01 8.508262634e-01 2.992834449e-01
    outer loop
      vertex -2.204493433e-02 2.817778476e-02 1.325585134e-02
      vertex -2.611282282e-02 2.571016178e-02 1.440079231e-02
      vertex -2.015345730e-02 2.817774937e-02 1.598547027e-02
    endloop
  endfacet
  facet normal -4.305871427e-01 8.558328748e-01 2.866092026e-01
    outer loop
      vertex -2.015345730e-02 2.817774937e-02 1.598547027e-02
      vertex -2.611282282e-02 2.571016178e-02 1.440079231e-02
      vertex -2.336336114e-02 2.571014874e-02 1.853148267e-02
    endloop
  endfacet
  facet normal -3.949044049e-01 8.565309048e-01 3.322729766e-01
    outer loop
      vertex -2.015345730e-02 2.817774937e-02 1.598547027e-02
      vertex -2.336336114e-02 2.571014874e-02 1.853148267e-02
      vertex -2.225363627e-02 2.571014874e-02 1.985038258e-02
    endloop
  endfacet
  facet normal -9.318760782e-02 9.955086112e-01 -1.669479534e-02
    outer loop
      vertex -6.571363658e-03 3.428862244e-02 -1.635820256e-03
      vertex -6.730004679e-03 3.428858519e-02 -7.525720866e-04
      vertex -3.295419738e-03 3.460896015e-02 -8.201075834e-04
    endloop
  endfacet
  facet normal -9.307494760e-02 9.956035614e-01 -1.051467564e-02
    outer loop
      vertex -3.295419738e-03 3.460896015e-02 -8.201075834e-04
      vertex -6.730004679e-03 3.428858519e-02 -7.525720866e-04
      vertex -3.395500360e-03 3.460890427e-02 6.080241292e-05
    endloop
  endfacet
  facet normal -3.167467564e-02 9.994919896e-01 -3.538726363e-03
    outer loop
      vertex -3.295419738e-03 3.460896015e-02 -8.201075834e-04
      vertex -3.395500360e-03 3.460890427e-02 6.080241292e-05
      vertex 1.510624799e-07 3.471630439e-02 4.934552180e-07
    endloop
  endfacet
  facet normal -8.565480262e-02 9.955100417e-01 -4.028672352e-02
    outer loop
      vertex -5.923983175e-03 3.428870812e-02 -3.280888777e-03
      vertex -6.302988622e-03 3.428867087e-02 -2.476017689e-03
      vertex -2.970764879e-03 3.460900486e-02 -1.645096578e-03
    endloop
  endfacet
  facet normal -8.716957271e-02 9.956045747e-01 -3.424853459e-02
    outer loop
      vertex -2.970764879e-03 3.460900486e-02 -1.645096578e-03
      vertex -6.302988622e-03 3.428867087e-02 -2.476017689e-03
      vertex -3.295419738e-03 3.460896015e-02 -8.201075834e-04
    endloop
  endfacet
  facet normal -2.966295369e-02 9.994924664e-01 -1.161794458e-02
    outer loop
      vertex -2.970764879e-03 3.460900486e-02 -1.645096578e-03
      vertex -3.295419738e-03 3.460896015e-02 -8.201075834e-04
      vertex 1.510624799e-07 3.471630439e-02 4.934552180e-07
    endloop
  endfacet
  facet normal -7.225549221e-02 9.955111742e-01 -6.112818792e-02
    outer loop
      vertex -4.872884601e-03 3.428876027e-02 -4.702346865e-03
      vertex -5.442751106e-03 3.428873792e-02 -4.029128700e-03
      vertex -2.443637699e-03 3.460903466e-02 -2.357951598e-03
    endloop
  endfacet
  facet normal -7.531752437e-02 9.956054688e-01 -5.565110222e-02
    outer loop
      vertex -2.443637699e-03 3.460903466e-02 -2.357951598e-03
      vertex -5.442751106e-03 3.428873792e-02 -4.029128700e-03
      vertex -2.970764879e-03 3.460900486e-02 -1.645096578e-03
    endloop
  endfacet
  facet normal -2.562605031e-02 9.994928241e-01 -1.890611462e-02
    outer loop
      vertex -2.443637699e-03 3.460903466e-02 -2.357951598e-03
      vertex -2.970764879e-03 3.460900486e-02 -1.645096578e-03
      vertex 1.510624799e-07 3.471630439e-02 4.934552180e-07
    endloop
  endfacet
  facet normal -3.433186114e-01 8.596388698e-01 -3.783561289e-01
    outer loop
      vertex -1.598541625e-02 2.817817591e-02 -2.015343122e-02
      vertex -1.985037513e-02 2.571023442e-02 -2.225364000e-02
      vertex -1.850976981e-02 2.817815728e-02 -1.786288992e-02
    endloop
  endfacet
  facet normal -3.578128815e-01 8.564389348e-01 -3.721320629e-01
    outer loop
      vertex -1.850976981e-02 2.817815728e-02 -1.786288992e-02
      vertex -1.985037513e-02 2.571023442e-02 -2.225364000e-02
      vertex -2.145788260e-02 2.571023069e-02 -2.070799284e-02
    endloop
  endfacet
  facet normal -3.944495022e-01 8.561130166e-01 -3.338862956e-01
    outer loop
      vertex -1.850976981e-02 2.817815728e-02 -1.786288992e-02
      vertex -2.145788260e-02 2.571023069e-02 -2.070799284e-02
      vertex -2.067438886e-02 2.817812935e-02 -1.530570071e-02
    endloop
  endfacet
  facet normal -4.001512527e-01 8.541374803e-01 -3.321568668e-01
    outer loop
      vertex -2.067438886e-02 2.817812935e-02 -1.530570071e-02
      vertex -2.145788260e-02 2.571023069e-02 -2.070799284e-02
      vertex -2.430458553e-02 2.571022511e-02 -1.727856882e-02
    endloop
  endfacet
  facet normal -4.321677983e-01 8.578924537e-01 -2.779416442e-01
    outer loop
      vertex -2.067438886e-02 2.817812935e-02 -1.530570071e-02
      vertex -2.430458553e-02 2.571022511e-02 -1.727856882e-02
      vertex -2.250232920e-02 2.817810327e-02 -1.246354170e-02
    endloop
  endfacet
  facet normal -4.371434152e-01 8.562429547e-01 -2.752338648e-01
    outer loop
      vertex -2.250232920e-02 2.817810327e-02 -1.246354170e-02
      vertex -2.430458553e-02 2.571022511e-02 -1.727856882e-02
      vertex -2.608634904e-02 2.571022138e-02 -1.444867440e-02
    endloop
  endfacet
  facet normal -4.675569534e-01 8.561083078e-01 -2.201569080e-01
    outer loop
      vertex -2.250232920e-02 2.817810327e-02 -1.246354170e-02
      vertex -2.608634904e-02 2.571022138e-02 -1.444867440e-02
      vertex -2.394195087e-02 2.817806974e-02 -9.406282566e-03
    endloop
  endfacet
  facet normal -4.625073671e-01 8.580471277e-01 -2.232532799e-01
    outer loop
      vertex -2.394195087e-02 2.817806974e-02 -9.406282566e-03
      vertex -2.608634904e-02 2.571022138e-02 -1.444867440e-02
      vertex -2.754005976e-02 2.571021765e-02 -1.143708080e-02
    endloop
  endfacet
  facet normal -4.960904419e-01 8.536895514e-01 -1.584564000e-01
    outer loop
      vertex -2.394195087e-02 2.817806974e-02 -9.406282566e-03
      vertex -2.754005976e-02 2.571021765e-02 -1.143708080e-02
      vertex -2.496139519e-02 2.817803808e-02 -6.214817055e-03
    endloop
  endfacet
  facet normal -4.909756184e-01 8.559672832e-01 -1.620583832e-01
    outer loop
      vertex -2.496139519e-02 2.817803808e-02 -6.214817055e-03
      vertex -2.754005976e-02 2.571021765e-02 -1.143708080e-02
      vertex -2.893707901e-02 2.571020648e-02 -7.204699796e-03
    endloop
  endfacet
  facet normal -5.052552819e-01 8.564471006e-01 -1.059028953e-01
    outer loop
      vertex -2.496139519e-02 2.817803808e-02 -6.214817055e-03
      vertex -2.893707901e-02 2.571020648e-02 -7.204699796e-03
      vertex -2.939456329e-02 2.571020462e-02 -5.022086669e-03
    endloop
  endfacet
  facet normal -5.391618609e-02 9.955120087e-01 -7.777446508e-02
    outer loop
      vertex -3.489700379e-03 3.428880125e-02 -5.803326610e-03
      vertex -4.208304919e-03 3.428878635e-02 -5.305369385e-03
      vertex -1.749985851e-03 3.460905701e-02 -2.910082228e-03
    endloop
  endfacet
  facet normal -5.833812431e-02 9.956060052e-01 -7.324872911e-02
    outer loop
      vertex -1.749985851e-03 3.460905701e-02 -2.910082228e-03
      vertex -4.208304919e-03 3.428878635e-02 -5.305369385e-03
      vertex -2.443637699e-03 3.460903466e-02 -2.357951598e-03
    endloop
  endfacet
  facet normal -1.984823868e-02 9.994930625e-01 -2.489301749e-02
    outer loop
      vertex -1.749985851e-03 3.460905701e-02 -2.910082228e-03
      vertex -2.443637699e-03 3.460903466e-02 -2.357951598e-03
      vertex 1.510624799e-07 3.471630439e-02 4.934552180e-07
    endloop
  endfacet
  facet normal -1.637073606e-01 8.737294078e-01 -4.580358565e-01
    outer loop
      vertex -7.098408416e-03 2.817775123e-02 -2.472438291e-02
      vertex -7.344246842e-03 2.768280171e-02 -2.558066137e-02
      vertex -1.019612234e-02 2.817819268e-02 -2.361638099e-02
    endloop
  endfacet
  facet normal -1.836383194e-01 8.563748598e-01 -4.825961590e-01
    outer loop
      vertex -1.019612234e-02 2.817819268e-02 -2.361638099e-02
      vertex -7.344246842e-03 2.768280171e-02 -2.558066137e-02
      vertex -1.182009559e-02 2.571023256e-02 -2.737786062e-02
    endloop
  endfacet
  facet normal -2.361283153e-01 8.560838103e-01 -4.597432911e-01
    outer loop
      vertex -1.019612234e-02 2.817819268e-02 -2.361638099e-02
      vertex -1.182009559e-02 2.571023256e-02 -2.737786062e-02
      vertex -1.325580478e-02 2.817818895e-02 -2.204491012e-02
    endloop
  endfacet
  facet normal -2.247128785e-01 8.598591685e-01 -4.584172070e-01
    outer loop
      vertex -1.325580478e-02 2.817818895e-02 -2.204491012e-02
      vertex -1.182009559e-02 2.571023256e-02 -2.737786062e-02
      vertex -1.440078486e-02 2.571023628e-02 -2.611281723e-02
    endloop
  endfacet
  facet normal -2.993049622e-01 8.507981300e-01 -4.319248199e-01
    outer loop
      vertex -1.325580478e-02 2.817818895e-02 -2.204491012e-02
      vertex -1.440078486e-02 2.571023628e-02 -2.611281723e-02
      vertex -1.598541625e-02 2.817817591e-02 -2.015343122e-02
    endloop
  endfacet
  facet normal -2.866361439e-01 8.558028936e-01 -4.306287169e-01
    outer loop
      vertex -1.598541625e-02 2.817817591e-02 -2.015343122e-02
      vertex -1.440078486e-02 2.571023628e-02 -2.611281723e-02
      vertex -1.853147149e-02 2.571022883e-02 -2.336335555e-02
    endloop
  endfacet
  facet normal -3.323005140e-01 8.565012813e-01 -3.949454725e-01
    outer loop
      vertex -1.598541625e-02 2.817817591e-02 -2.015343122e-02
      vertex -1.853147149e-02 2.571022883e-02 -2.336335555e-02
      vertex -1.985037513e-02 2.571023442e-02 -2.225364000e-02
    endloop
  endfacet
  facet normal 9.734795243e-02 8.904976845e-01 4.444516599e-01
    outer loop
      vertex 7.098488044e-03 2.817749791e-02 2.472465485e-02
      vertex 6.405960303e-03 2.945711464e-02 2.231251821e-02
      vertex 3.884735750e-03 2.817754634e-02 2.542846650e-02
    endloop
  endfacet
  facet normal 5.756919459e-02 9.062771797e-01 4.187451303e-01
    outer loop
      vertex 3.884735750e-03 2.817754634e-02 2.542846650e-02
      vertex 6.405960303e-03 2.945711464e-02 2.231251821e-02
      vertex 2.980470657e-03 3.096992150e-02 1.950933412e-02
    endloop
  endfacet
  facet normal 3.581797332e-02 9.059321284e-01 4.219052792e-01
    outer loop
      vertex 3.884735750e-03 2.817754634e-02 2.542846650e-02
      vertex 2.980470657e-03 3.096992150e-02 1.950933412e-02
      vertex 4.574116610e-04 2.817754820e-02 2.571942657e-02
    endloop
  endfacet
  facet normal 3.582123294e-02 9.059314728e-01 4.219063222e-01
    outer loop
      vertex 4.574116610e-04 2.817754820e-02 2.571942657e-02
      vertex 2.980470657e-03 3.096992150e-02 1.950933412e-02
      vertex 3.509546223e-04 3.096993268e-02 1.973256469e-02
    endloop
  endfacet
  facet normal -1.980691962e-02 9.059565067e-01 4.229071736e-01
    outer loop
      vertex 4.574116610e-04 2.817754820e-02 2.571942657e-02
      vertex 3.509546223e-04 3.096993268e-02 1.973256469e-02
      vertex -2.859872999e-03 2.817756683e-02 2.556402236e-02
    endloop
  endfacet
  facet normal -1.980280504e-02 9.059557319e-01 4.229090512e-01
    outer loop
      vertex -2.859872999e-03 2.817756683e-02 2.556402236e-02
      vertex 3.509546223e-04 3.096993268e-02 1.973256469e-02
      vertex -2.194131725e-03 3.096995875e-02 1.961333305e-02
    endloop
  endfacet
  facet normal -7.484555990e-02 9.059379697e-01 4.167427421e-01
    outer loop
      vertex -2.859872999e-03 2.817756683e-02 2.556402236e-02
      vertex -2.194131725e-03 3.096995875e-02 1.961333305e-02
      vertex -6.214839872e-03 2.817758545e-02 2.496144176e-02
    endloop
  endfacet
  facet normal -7.483915985e-02 9.059365988e-01 4.167468548e-01
    outer loop
      vertex -6.214839872e-03 2.817758545e-02 2.496144176e-02
      vertex -2.194131725e-03 3.096995875e-02 1.961333305e-02
      vertex -4.768133629e-03 3.096999228e-02 1.915102080e-02
    endloop
  endfacet
  facet normal -1.288227737e-01 9.059493542e-01 4.033118486e-01
    outer loop
      vertex -6.214839872e-03 2.817758545e-02 2.496144176e-02
      vertex -4.768133629e-03 3.096999228e-02 1.915102080e-02
      vertex -9.406302124e-03 2.817761153e-02 2.394199185e-02
    endloop
  endfacet
  facet normal -1.288183481e-01 9.059483409e-01 4.033155441e-01
    outer loop
      vertex -9.406302124e-03 2.817761153e-02 2.394199185e-02
      vertex -4.768133629e-03 3.096999228e-02 1.915102080e-02
      vertex -7.216692902e-03 3.097002767e-02 1.836887747e-02
    endloop
  endfacet
  facet normal -1.803677231e-01 9.059429765e-01 3.830597401e-01
    outer loop
      vertex -9.406302124e-03 2.817761153e-02 2.394199185e-02
      vertex -7.216692902e-03 3.097002767e-02 1.836887747e-02
      vertex -1.246356778e-02 2.817763761e-02 2.250238322e-02
    endloop
  endfacet
  facet normal -1.803613156e-01 9.059413075e-01 3.830667436e-01
    outer loop
      vertex -1.246356778e-02 2.817763761e-02 2.250238322e-02
      vertex -7.216692902e-03 3.097002767e-02 1.836887747e-02
      vertex -9.562280960e-03 3.097007610e-02 1.726437546e-02
    endloop
  endfacet
  facet normal -2.290257066e-01 9.059421420e-01 3.561123908e-01
    outer loop
      vertex -1.246356778e-02 2.817763761e-02 2.250238322e-02
      vertex -9.562280960e-03 3.097007610e-02 1.726437546e-02
      vertex -1.530572027e-02 2.817767113e-02 2.067442797e-02
    endloop
  endfacet
  facet normal -2.290200144e-01 9.059404135e-01 3.561205566e-01
    outer loop
      vertex -1.530572027e-02 2.817767113e-02 2.067442797e-02
      vertex -9.562280960e-03 3.097007610e-02 1.726437546e-02
      vertex -1.174284704e-02 3.097012639e-02 1.586193405e-02
    endloop
  endfacet
  facet normal -2.735393047e-01 9.059472680e-01 3.231652081e-01
    outer loop
      vertex -1.530572027e-02 2.817767113e-02 2.067442797e-02
      vertex -1.174284704e-02 3.097012639e-02 1.586193405e-02
      vertex -1.786291599e-02 2.817770652e-02 1.850982383e-02
    endloop
  endfacet
  facet normal -2.735342681e-01 9.059453607e-01 3.231748641e-01
    outer loop
      vertex -1.786291599e-02 2.817770652e-02 1.850982383e-02
      vertex -1.174284704e-02 3.097012639e-02 1.586193405e-02
      vertex -1.370477583e-02 3.097018413e-02 1.420119964e-02
    endloop
  endfacet
  facet normal -3.135637939e-01 9.059342742e-01 2.845362127e-01
    outer loop
      vertex -1.786291599e-02 2.817770652e-02 1.850982383e-02
      vertex -1.370477583e-02 3.097018413e-02 1.420119964e-02
      vertex -2.015345730e-02 2.817774937e-02 1.598547027e-02
    endloop
  endfacet
  facet normal -3.135593534e-01 9.059319496e-01 2.845485508e-01
    outer loop
      vertex -2.015345730e-02 2.817774937e-02 1.598547027e-02
      vertex -1.370477583e-02 3.097018413e-02 1.420119964e-02
      vertex -1.546213310e-02 3.097025119e-02 1.226446498e-02
    endloop
  endfacet
  facet normal -3.479920328e-01 9.059512019e-01 2.411514074e-01
    outer loop
      vertex -2.015345730e-02 2.817774937e-02 1.598547027e-02
      vertex -1.546213310e-02 3.097025119e-02 1.226446498e-02
      vertex -2.204493433e-02 2.817778476e-02 1.325585134e-02
    endloop
  endfacet
  facet normal -3.479886651e-01 9.059485197e-01 2.411662191e-01
    outer loop
      vertex -2.204493433e-02 2.817778476e-02 1.325585134e-02
      vertex -1.546213310e-02 3.097025119e-02 1.226446498e-02
      vertex -1.691331528e-02 3.097031638e-02 1.017024461e-02
    endloop
  endfacet
  facet normal -3.766570985e-01 9.059249163e-01 1.934669316e-01
    outer loop
      vertex -2.204493433e-02 2.817778476e-02 1.325585134e-02
      vertex -1.691331528e-02 3.097031638e-02 1.017024461e-02
      vertex -2.361640893e-02 2.817782946e-02 1.019616984e-02
    endloop
  endfacet
  facet normal -3.766561151e-01 9.059226513e-01 1.934794784e-01
    outer loop
      vertex -2.361640893e-02 2.817782946e-02 1.019616984e-02
      vertex -1.691331528e-02 3.097031638e-02 1.017024461e-02
      vertex -1.811898686e-02 3.097038344e-02 7.822792977e-03
    endloop
  endfacet
  facet normal -3.986271918e-01 9.059548378e-01 1.426260173e-01
    outer loop
      vertex -2.361640893e-02 2.817782946e-02 1.019616984e-02
      vertex -1.811898686e-02 3.097038344e-02 7.822792977e-03
      vertex -2.472462505e-02 2.817787416e-02 7.098517846e-03
    endloop
  endfacet
  facet normal -3.986276090e-01 9.059528112e-01 1.426378340e-01
    outer loop
      vertex -2.472462505e-02 2.817787416e-02 7.098517846e-03
      vertex -1.811898686e-02 3.097038344e-02 7.822792977e-03
      vertex -1.896923035e-02 3.097045049e-02 5.446207244e-03
    endloop
  endfacet
  facet normal -4.135732651e-01 9.059538245e-01 9.058028460e-02
    outer loop
      vertex -2.472462505e-02 2.817787416e-02 7.098517846e-03
      vertex -1.896923035e-02 3.097045049e-02 5.446207244e-03
      vertex -2.542841621e-02 2.817791328e-02 3.884755308e-03
    endloop
  endfacet
  facet normal -4.135759771e-01 9.059509635e-01 9.059658647e-02
    outer loop
      vertex -2.542841621e-02 2.817791328e-02 3.884755308e-03
      vertex -1.896923035e-02 3.097045049e-02 5.446207244e-03
      vertex -1.950920187e-02 3.097051755e-02 2.980543766e-03
    endloop
  endfacet
  facet normal -4.219277799e-01 9.059211016e-01 3.583123535e-02
    outer loop
      vertex -2.542841621e-02 2.817791328e-02 3.884755308e-03
      vertex -1.950920187e-02 3.097051755e-02 2.980543766e-03
      vertex -2.571937442e-02 2.817795798e-02 4.574348277e-04
    endloop
  endfacet
  facet normal -4.219325185e-01 9.059183002e-01 3.584603593e-02
    outer loop
      vertex -2.571937442e-02 2.817795798e-02 4.574348277e-04
      vertex -1.950920187e-02 3.097051755e-02 2.980543766e-03
      vertex -1.973243430e-02 3.097059391e-02 3.510327660e-04
    endloop
  endfacet
  facet normal -4.229336381e-01 9.059442878e-01 -1.980271563e-02
    outer loop
      vertex -2.571937442e-02 2.817795798e-02 4.574348277e-04
      vertex -1.973243430e-02 3.097059391e-02 3.510327660e-04
      vertex -2.556396835e-02 2.817799710e-02 -2.859848086e-03
    endloop
  endfacet
  facet normal -4.229385555e-01 9.059422016e-01 -1.979194209e-02
    outer loop
      vertex -2.556396835e-02 2.817799710e-02 -2.859848086e-03
      vertex -1.973243430e-02 3.097059391e-02 3.510327660e-04
      vertex -1.961320266e-02 3.097065538e-02 -2.194056986e-03
    endloop
  endfacet
  facet normal -4.167711437e-01 9.059250355e-01 -7.484389096e-02
    outer loop
      vertex -2.556396835e-02 2.817799710e-02 -2.859848086e-03
      vertex -1.961320266e-02 3.097065538e-02 -2.194056986e-03
      vertex -2.496139519e-02 2.817803808e-02 -6.214817055e-03
    endloop
  endfacet
  facet normal -4.167771935e-01 9.059230685e-01 -7.483445853e-02
    outer loop
      vertex -2.496139519e-02 2.817803808e-02 -6.214817055e-03
      vertex -1.961320266e-02 3.097065538e-02 -2.194056986e-03
      vertex -1.915089227e-02 3.097071685e-02 -4.768061917e-03
    endloop
  endfacet
  facet normal -4.033395052e-01 9.059362411e-01 -1.288286150e-01
    outer loop
      vertex -2.496139519e-02 2.817803808e-02 -6.214817055e-03
      vertex -1.915089227e-02 3.097071685e-02 -4.768061917e-03
      vertex -2.394195087e-02 2.817806974e-02 -9.406282566e-03
    endloop
  endfacet
  facet normal -4.033471942e-01 9.059340954e-01 -1.288194358e-01
    outer loop
      vertex -2.394195087e-02 2.817806974e-02 -9.406282566e-03
      vertex -1.915089227e-02 3.097071685e-02 -4.768061917e-03
      vertex -1.836874150e-02 3.097077832e-02 -7.216626313e-03
    endloop
  endfacet
  facet normal -3.830868006e-01 9.059290290e-01 -1.803805232e-01
    outer loop
      vertex -2.394195087e-02 2.817806974e-02 -9.406282566e-03
      vertex -1.836874150e-02 3.097077832e-02 -7.216626313e-03
      vertex -2.250232920e-02 2.817810327e-02 -1.246354170e-02
    endloop
  endfacet
  facet normal -3.830941916e-01 9.059272408e-01 -1.803737730e-01
    outer loop
      vertex -2.250232920e-02 2.817810327e-02 -1.246354170e-02
      vertex -1.836874150e-02 3.097077832e-02 -7.216626313e-03
      vertex -1.726424694e-02 3.097082488e-02 -9.562213905e-03
    endloop
  endfacet
  facet normal -3.561376035e-01 9.059280753e-01 -2.290422320e-01
    outer loop
      vertex -2.250232920e-02 2.817810327e-02 -1.246354170e-02
      vertex -1.726424694e-02 3.097082488e-02 -9.562213905e-03
      vertex -2.067438886e-02 2.817812935e-02 -1.530570071e-02
    endloop
  endfacet
  facet normal -3.561456501e-01 9.059263468e-01 -2.290366143e-01
    outer loop
      vertex -2.067438886e-02 2.817812935e-02 -1.530570071e-02
      vertex -1.726424694e-02 3.097082488e-02 -9.562213905e-03
      vertex -1.586180739e-02 3.097087331e-02 -1.174278092e-02
    endloop
  endfacet
  facet normal -3.231857717e-01 9.059330821e-01 -2.735621631e-01
    outer loop
      vertex -2.067438886e-02 2.817812935e-02 -1.530570071e-02
      vertex -1.586180739e-02 3.097087331e-02 -1.174278092e-02
      vertex -1.850976981e-02 2.817815728e-02 -1.786288992e-02
    endloop
  endfacet
  facet normal -3.231932521e-01 9.059315920e-01 -2.735582292e-01
    outer loop
      vertex -1.850976981e-02 2.817815728e-02 -1.786288992e-02
      vertex -1.586180739e-02 3.097087331e-02 -1.174278092e-02
      vertex -1.420107204e-02 3.097091429e-02 -1.370470878e-02
    endloop
  endfacet
  facet normal -2.845520079e-01 9.059200883e-01 -3.135904372e-01
    outer loop
      vertex -1.850976981e-02 2.817815728e-02 -1.786288992e-02
      vertex -1.420107204e-02 3.097091429e-02 -1.370470878e-02
      vertex -1.598541625e-02 2.817817591e-02 -2.015343122e-02
    endloop
  endfacet
  facet normal -2.845554948e-01 9.059194326e-01 -3.135892153e-01
    outer loop
      vertex -1.598541625e-02 2.817817591e-02 -2.015343122e-02
      vertex -1.420107204e-02 3.097091429e-02 -1.370470878e-02
      vertex -1.226433087e-02 3.097094037e-02 -1.546206139e-02
    endloop
  endfacet
  facet normal -2.411625683e-01 9.059380293e-01 -3.480185568e-01
    outer loop
      vertex -1.598541625e-02 2.817817591e-02 -2.015343122e-02
      vertex -1.226433087e-02 3.097094037e-02 -1.546206139e-02
      vertex -1.325580478e-02 2.817818895e-02 -2.204491012e-02
    endloop
  endfacet
  facet normal -2.411687821e-01 9.059368968e-01 -3.480171263e-01
    outer loop
      vertex -1.325580478e-02 2.817818895e-02 -2.204491012e-02
      vertex -1.226433087e-02 3.097094037e-02 -1.546206139e-02
      vertex -1.017011516e-02 3.097096644e-02 -1.691324264e-02
    endloop
  endfacet
  facet normal -1.934694797e-01 9.059125185e-01 -3.766856194e-01
    outer loop
      vertex -1.325580478e-02 2.817818895e-02 -2.204491012e-02
      vertex -1.017011516e-02 3.097096644e-02 -1.691324264e-02
      vertex -1.019612234e-02 2.817819268e-02 -2.361638099e-02
    endloop
  endfacet
  facet normal -1.934720576e-01 9.059120417e-01 -3.766854107e-01
    outer loop
      vertex -1.019612234e-02 2.817819268e-02 -2.361638099e-02
      vertex -1.017011516e-02 3.097096644e-02 -1.691324264e-02
      vertex -7.822657004e-03 3.097097762e-02 -1.811891049e-02
    endloop
  endfacet
  facet normal -1.398113519e-01 9.058642387e-01 -3.998284638e-01
    outer loop
      vertex -1.019612234e-02 2.817819268e-02 -2.361638099e-02
      vertex -7.822657004e-03 3.097097762e-02 -1.811891049e-02
      vertex -5.419056863e-03 3.100820445e-02 -1.887505502e-02
    endloop
  endfacet
  facet normal -1.124540642e-01 9.437329173e-01 -3.110019565e-01
    outer loop
      vertex -5.419056863e-03 3.100820445e-02 -1.887505502e-02
      vertex -7.822657004e-03 3.097097762e-02 -1.811891049e-02
      vertex -4.389579874e-03 3.231253847e-02 -1.528930478e-02
    endloop
  endfacet
  facet normal 6.932351738e-02 9.437243342e-01 3.233861327e-01
    outer loop
      vertex 5.419068970e-03 3.100812435e-02 1.887509041e-02
      vertex 4.389604088e-03 3.231247514e-02 1.528934110e-02
      vertex 2.980470657e-03 3.096992150e-02 1.950933412e-02
    endloop
  endfacet
  facet normal 1.832577959e-02 9.509928226e-01 3.086694479e-01
    outer loop
      vertex 2.980470657e-03 3.096992150e-02 1.950933412e-02
      vertex 4.389604088e-03 3.231247514e-02 1.528934110e-02
      vertex 2.022042638e-03 3.302468732e-02 1.323561370e-02
    endloop
  endfacet
  facet normal 2.611240745e-02 9.511767626e-01 3.075401485e-01
    outer loop
      vertex 2.980470657e-03 3.096992150e-02 1.950933412e-02
      vertex 2.022042638e-03 3.302468732e-02 1.323561370e-02
      vertex 3.509546223e-04 3.096993268e-02 1.973256469e-02
    endloop
  endfacet
  facet normal 2.611904405e-02 9.511761069e-01 3.075416386e-01
    outer loop
      vertex 3.509546223e-04 3.096993268e-02 1.973256469e-02
      vertex 2.022042638e-03 3.302468732e-02 1.323561370e-02
      vertex 2.381312515e-04 3.302470967e-02 1.338705793e-02
    endloop
  endfacet
  facet normal -1.443166006e-02 9.511903524e-01 3.082672358e-01
    outer loop
      vertex 3.509546223e-04 3.096993268e-02 1.973256469e-02
      vertex 2.381312515e-04 3.302470967e-02 1.338705793e-02
      vertex -2.194131725e-03 3.096995875e-02 1.961333305e-02
    endloop
  endfacet
  facet normal -1.443083305e-02 9.511902332e-01 3.082675338e-01
    outer loop
      vertex -2.194131725e-03 3.096995875e-02 1.961333305e-02
      vertex 2.381312515e-04 3.302470967e-02 1.338705793e-02
      vertex -1.488496433e-03 3.302472830e-02 1.330616791e-02
    endloop
  endfacet
  facet normal -5.454810709e-02 9.511806369e-01 3.037761450e-01
    outer loop
      vertex -2.194131725e-03 3.096995875e-02 1.961333305e-02
      vertex -1.488496433e-03 3.302472830e-02 1.330616791e-02
      vertex -4.768133629e-03 3.096999228e-02 1.915102080e-02
    endloop
  endfacet
  facet normal -5.454204977e-02 9.511799216e-01 3.037793040e-01
    outer loop
      vertex -4.768133629e-03 3.096999228e-02 1.915102080e-02
      vertex -1.488496433e-03 3.302472830e-02 1.330616791e-02
      vertex -3.234745935e-03 3.302476555e-02 1.299252734e-02
    endloop
  endfacet
  facet normal -9.389385581e-02 9.511874318e-01 2.939836979e-01
    outer loop
      vertex -4.768133629e-03 3.096999228e-02 1.915102080e-02
      vertex -3.234745935e-03 3.302476555e-02 1.299252734e-02
      vertex -7.216692902e-03 3.097002767e-02 1.836887747e-02
    endloop
  endfacet
  facet normal -9.388757497e-02 9.511867166e-01 2.939880788e-01
    outer loop
      vertex -7.216692902e-03 3.097002767e-02 1.836887747e-02
      vertex -3.234745935e-03 3.302476555e-02 1.299252734e-02
      vertex -4.895898979e-03 3.302479908e-02 1.246191002e-02
    endloop
  endfacet
  facet normal -1.314625144e-01 9.511842132e-01 2.792243361e-01
    outer loop
      vertex -7.216692902e-03 3.097002767e-02 1.836887747e-02
      vertex -4.895898979e-03 3.302479908e-02 1.246191002e-02
      vertex -9.562280960e-03 3.097007610e-02 1.726437546e-02
    endloop
  endfacet
  facet normal -1.314553022e-01 9.511832595e-01 2.792309523e-01
    outer loop
      vertex -9.562280960e-03 3.097007610e-02 1.726437546e-02
      vertex -4.895898979e-03 3.302479908e-02 1.246191002e-02
      vertex -6.487189326e-03 3.302485123e-02 1.171259675e-02
    endloop
  endfacet
  facet normal -1.669298559e-01 9.511842728e-01 2.595822215e-01
    outer loop
      vertex -9.562280960e-03 3.097007610e-02 1.726437546e-02
      vertex -6.487189326e-03 3.302485123e-02 1.171259675e-02
      vertex -1.174284704e-02 3.097012639e-02 1.586193405e-02
    endloop
  endfacet
  facet normal -1.669218242e-01 9.511830807e-01 2.595917881e-01
    outer loop
      vertex -1.174284704e-02 3.097012639e-02 1.586193405e-02
      vertex -6.487189326e-03 3.302485123e-02 1.171259675e-02
      vertex -7.966516539e-03 3.302490711e-02 1.076115202e-02
    endloop
  endfacet
  facet normal -1.993748397e-01 9.511875510e-01 2.355672270e-01
    outer loop
      vertex -1.174284704e-02 3.097012639e-02 1.586193405e-02
      vertex -7.966516539e-03 3.302490711e-02 1.076115202e-02
      vertex -1.370477583e-02 3.097018413e-02 1.420119964e-02
    endloop
  endfacet
  facet normal -1.993683577e-01 9.511864185e-01 2.355773598e-01
    outer loop
      vertex -1.370477583e-02 3.097018413e-02 1.420119964e-02
      vertex -7.966516539e-03 3.302490711e-02 1.076115202e-02
      vertex -9.297531098e-03 3.302496672e-02 9.634482674e-03
    endloop
  endfacet
  facet normal -2.285489738e-01 9.511808753e-01 2.074132711e-01
    outer loop
      vertex -1.370477583e-02 3.097018413e-02 1.420119964e-02
      vertex -9.297531098e-03 3.302496672e-02 9.634482674e-03
      vertex -1.546213310e-02 3.097025119e-02 1.226446498e-02
    endloop
  endfacet
  facet normal -2.285441607e-01 9.511798024e-01 2.074236870e-01
    outer loop
      vertex -1.546213310e-02 3.097025119e-02 1.226446498e-02
      vertex -9.297531098e-03 3.302496672e-02 9.634482674e-03
      vertex -1.048974972e-02 3.302503377e-02 8.320566267e-03
    endloop
  endfacet
  facet normal -2.536401749e-01 9.511912465e-01 1.757891625e-01
    outer loop
      vertex -1.546213310e-02 3.097025119e-02 1.226446498e-02
      vertex -1.048974972e-02 3.302503377e-02 8.320566267e-03
      vertex -1.691331528e-02 3.097031638e-02 1.017024461e-02
    endloop
  endfacet
  facet normal -2.536363900e-01 9.511901140e-01 1.758010089e-01
    outer loop
      vertex -1.691331528e-02 3.097031638e-02 1.017024461e-02
      vertex -1.048974972e-02 3.302503377e-02 8.320566267e-03
      vertex -1.147425827e-02 3.302509710e-02 6.899809465e-03
    endloop
  endfacet
  facet normal -2.745378613e-01 9.511776567e-01 1.410319805e-01
    outer loop
      vertex -1.691331528e-02 3.097031638e-02 1.017024461e-02
      vertex -1.147425827e-02 3.302509710e-02 6.899809465e-03
      vertex -1.811898686e-02 3.097038344e-02 7.822792977e-03
    endloop
  endfacet
  facet normal -2.745359838e-01 9.511765838e-01 1.410429627e-01
    outer loop
      vertex -1.811898686e-02 3.097038344e-02 7.822792977e-03
      vertex -1.147425827e-02 3.302509710e-02 6.899809465e-03
      vertex -1.229220256e-02 3.302516416e-02 5.307254381e-03
    endloop
  endfacet
  facet normal -2.905467153e-01 9.511952400e-01 1.039723009e-01
    outer loop
      vertex -1.811898686e-02 3.097038344e-02 7.822792977e-03
      vertex -1.229220256e-02 3.302516416e-02 5.307254381e-03
      vertex -1.896923035e-02 3.097045049e-02 5.446207244e-03
    endloop
  endfacet
  facet normal -2.905457914e-01 9.511935115e-01 1.039907411e-01
    outer loop
      vertex -1.896923035e-02 3.097045049e-02 5.446207244e-03
      vertex -1.229220256e-02 3.302516416e-02 5.307254381e-03
      vertex -1.286903117e-02 3.302523866e-02 3.694938961e-03
    endloop
  endfacet
  facet normal -3.014411330e-01 9.511949420e-01 6.604067981e-02
    outer loop
      vertex -1.896923035e-02 3.097045049e-02 5.446207244e-03
      vertex -1.286903117e-02 3.302523866e-02 3.694938961e-03
      vertex -1.950920187e-02 3.097051755e-02 2.980543766e-03
    endloop
  endfacet
  facet normal -3.014420271e-01 9.511939287e-01 6.605179608e-02
    outer loop
      vertex -1.950920187e-02 3.097051755e-02 2.980543766e-03
      vertex -1.286903117e-02 3.302523866e-02 3.694938961e-03
      vertex -1.323535014e-02 3.302530944e-02 2.022186760e-03
    endloop
  endfacet
  facet normal -3.075341880e-01 9.511780143e-01 2.613548003e-02
    outer loop
      vertex -1.950920187e-02 3.097051755e-02 2.980543766e-03
      vertex -1.323535014e-02 3.302530944e-02 2.022186760e-03
      vertex -1.973243430e-02 3.097059391e-02 3.510327660e-04
    endloop
  endfacet
  facet normal -3.075369596e-01 9.511768222e-01 2.614775114e-02
    outer loop
      vertex -1.973243430e-02 3.097059391e-02 3.510327660e-04
      vertex -1.323535014e-02 3.302530944e-02 2.022186760e-03
      vertex -1.338679157e-02 3.302538395e-02 2.382768871e-04
    endloop
  endfacet
  facet normal -3.082627058e-01 9.511920214e-01 -1.441855915e-02
    outer loop
      vertex -1.973243430e-02 3.097059391e-02 3.510327660e-04
      vertex -1.338679157e-02 3.302538395e-02 2.382768871e-04
      vertex -1.961320266e-02 3.097065538e-02 -2.194056986e-03
    endloop
  endfacet
  facet normal -3.082680702e-01 9.511904716e-01 -1.440355182e-02
    outer loop
      vertex -1.961320266e-02 3.097065538e-02 -2.194056986e-03
      vertex -1.338679157e-02 3.302538395e-02 2.382768871e-04
      vertex -1.330590621e-02 3.302545100e-02 -1.488355105e-03
    endloop
  endfacet
  facet normal -3.037747741e-01 9.511816502e-01 -5.453734472e-02
    outer loop
      vertex -1.961320266e-02 3.097065538e-02 -2.194056986e-03
      vertex -1.330590621e-02 3.302545100e-02 -1.488355105e-03
      vertex -1.915089227e-02 3.097071685e-02 -4.768061917e-03
    endloop
  endfacet
  facet normal -3.037794232e-01 9.511806965e-01 -5.452843383e-02
    outer loop
      vertex -1.915089227e-02 3.097071685e-02 -4.768061917e-03
      vertex -1.330590621e-02 3.302545100e-02 -1.488355105e-03
      vertex -1.299226284e-02 3.302551061e-02 -3.234607866e-03
    endloop
  endfacet
  facet normal -2.939828932e-01 9.511886835e-01 -9.388373792e-02
    outer loop
      vertex -1.915089227e-02 3.097071685e-02 -4.768061917e-03
      vertex -1.299226284e-02 3.302551061e-02 -3.234607866e-03
      vertex -1.836874150e-02 3.097077832e-02 -7.216626313e-03
    endloop
  endfacet
  facet normal -2.939896286e-01 9.511875510e-01 -9.387408942e-02
    outer loop
      vertex -1.836874150e-02 3.097077832e-02 -7.216626313e-03
      vertex -1.299226284e-02 3.302551061e-02 -3.234607866e-03
      vertex -1.246164180e-02 3.302557394e-02 -4.895756487e-03
    endloop
  endfacet
  facet normal -2.792211771e-01 9.511853456e-01 -1.314609349e-01
    outer loop
      vertex -1.836874150e-02 3.097077832e-02 -7.216626313e-03
      vertex -1.246164180e-02 3.302557394e-02 -4.895756487e-03
      vertex -1.726424694e-02 3.097082488e-02 -9.562213905e-03
    endloop
  endfacet
  facet normal -2.792293727e-01 9.511841536e-01 -1.314519793e-01
    outer loop
      vertex -1.726424694e-02 3.097082488e-02 -9.562213905e-03
      vertex -1.246164180e-02 3.302557394e-02 -4.895756487e-03
      vertex -1.171233132e-02 3.302562609e-02 -6.487045437e-03
    endloop
  endfacet
  facet normal -2.595794499e-01 9.511852264e-01 -1.669286937e-01
    outer loop
      vertex -1.726424694e-02 3.097082488e-02 -9.562213905e-03
      vertex -1.171233132e-02 3.302562609e-02 -6.487045437e-03
      vertex -1.586180739e-02 3.097087331e-02 -1.174278092e-02
    endloop
  endfacet
  facet normal -2.595856190e-01 9.511844516e-01 -1.669235379e-01
    outer loop
      vertex -1.586180739e-02 3.097087331e-02 -1.174278092e-02
      vertex -1.171233132e-02 3.302562609e-02 -6.487045437e-03
      vertex -1.076089032e-02 3.302567452e-02 -7.966381498e-03
    endloop
  endfacet
  facet normal -2.355603129e-01 9.511886835e-01 -1.993776560e-01
    outer loop
      vertex -1.586180739e-02 3.097087331e-02 -1.174278092e-02
      vertex -1.076089032e-02 3.302567452e-02 -7.966381498e-03
      vertex -1.420107204e-02 3.097091429e-02 -1.370470878e-02
    endloop
  endfacet
  facet normal -2.355668098e-01 9.511879086e-01 -1.993734986e-01
    outer loop
      vertex -1.420107204e-02 3.097091429e-02 -1.370470878e-02
      vertex -1.076089032e-02 3.302567452e-02 -7.966381498e-03
      vertex -9.634226561e-03 3.302571177e-02 -9.297385812e-03
    endloop
  endfacet
  facet normal -2.073999345e-01 9.511818886e-01 -2.285570353e-01
    outer loop
      vertex -1.420107204e-02 3.097091429e-02 -1.370470878e-02
      vertex -9.634226561e-03 3.302571177e-02 -9.297385812e-03
      vertex -1.226433087e-02 3.097094037e-02 -1.546206139e-02
    endloop
  endfacet
  facet normal -2.074070871e-01 9.511811137e-01 -2.285537273e-01
    outer loop
      vertex -1.226433087e-02 3.097094037e-02 -1.546206139e-02
      vertex -9.634226561e-03 3.302571177e-02 -9.297385812e-03
      vertex -8.320301771e-03 3.302574530e-02 -1.048960723e-02
    endloop
  endfacet
  facet normal -1.757759452e-01 9.511918426e-01 -2.536472082e-01
    outer loop
      vertex -1.226433087e-02 3.097094037e-02 -1.546206139e-02
      vertex -8.320301771e-03 3.302574530e-02 -1.048960723e-02
      vertex -1.017011516e-02 3.097096644e-02 -1.691324264e-02
    endloop
  endfacet
  facet normal -1.757797003e-01 9.511914849e-01 -2.536460161e-01
    outer loop
      vertex -1.017011516e-02 3.097096644e-02 -1.691324264e-02
      vertex -8.320301771e-03 3.302574530e-02 -1.048960723e-02
      vertex -6.899544038e-03 3.302577138e-02 -1.147411671e-02
    endloop
  endfacet
  facet normal -1.410130560e-01 9.511780143e-01 -2.745462954e-01
    outer loop
      vertex -1.017011516e-02 3.097096644e-02 -1.691324264e-02
      vertex -6.899544038e-03 3.302577138e-02 -1.147411671e-02
      vertex -7.822657004e-03 3.097097762e-02 -1.811891049e-02
    endloop
  endfacet
  facet normal -1.410142034e-01 9.511778951e-01 -2.745460868e-01
    outer loop
      vertex -7.822657004e-03 3.097097762e-02 -1.811891049e-02
      vertex -6.899544038e-03 3.302577138e-02 -1.147411671e-02
      vertex -5.306986161e-03 3.302577883e-02 -1.229206193e-02
    endloop
  endfacet
  facet normal -1.030672491e-01 9.511769414e-01 -2.909288704e-01
    outer loop
      vertex -7.822657004e-03 3.097097762e-02 -1.811891049e-02
      vertex -5.306986161e-03 3.302577883e-02 -1.229206193e-02
      vertex -3.694548737e-03 3.302419558e-02 -1.286847983e-02
    endloop
  endfacet
  facet normal -7.874416560e-02 9.716454148e-01 -2.229451686e-01
    outer loop
      vertex -3.694548737e-03 3.302419558e-02 -1.286847983e-02
      vertex -5.306986161e-03 3.302577883e-02 -1.229206193e-02
      vertex -3.324591788e-03 3.334985301e-02 -1.157986093e-02
    endloop
  endfacet
  facet normal 5.100508779e-02 9.716365933e-01 2.309130430e-01
    outer loop
      vertex 3.694749903e-03 3.302398324e-02 1.286910754e-02
      vertex 3.324615303e-03 3.334979713e-02 1.157990284e-02
      vertex 2.022042638e-03 3.302468732e-02 1.323561370e-02
    endloop
  endfacet
  facet normal -3.347833408e-03 9.817515016e-01 1.901389211e-01
    outer loop
      vertex 2.022042638e-03 3.302468732e-02 1.323561370e-02
      vertex 3.324615303e-03 3.334979713e-02 1.157990284e-02
      vertex 1.022806275e-03 3.428807110e-02 6.694751792e-03
    endloop
  endfacet
  facet normal 1.590983383e-02 9.821778536e-01 1.872793138e-01
    outer loop
      vertex 2.022042638e-03 3.302468732e-02 1.323561370e-02
      vertex 1.022806275e-03 3.428807110e-02 6.694751792e-03
      vertex 2.381312515e-04 3.302470967e-02 1.338705793e-02
    endloop
  endfacet
  facet normal 1.590531133e-02 9.821780324e-01 1.872788221e-01
    outer loop
      vertex 2.381312515e-04 3.302470967e-02 1.338705793e-02
      vertex 1.022806275e-03 3.428807110e-02 6.694751792e-03
      vertex 1.205163353e-04 3.428807855e-02 6.771349348e-03
    endloop
  endfacet
  facet normal -8.782940917e-03 9.821835756e-01 1.877187788e-01
    outer loop
      vertex 2.381312515e-04 3.302470967e-02 1.338705793e-02
      vertex 1.205163353e-04 3.428807855e-02 6.771349348e-03
      vertex -1.488496433e-03 3.302472830e-02 1.330616791e-02
    endloop
  endfacet
  facet normal -8.770888671e-03 9.821830988e-01 1.877216697e-01
    outer loop
      vertex -1.488496433e-03 3.302472830e-02 1.330616791e-02
      vertex 1.205163353e-04 3.428807855e-02 6.771349348e-03
      vertex -7.528025890e-04 3.428809717e-02 6.730434485e-03
    endloop
  endfacet
  facet normal -3.320544958e-02 9.821797609e-01 1.849872768e-01
    outer loop
      vertex -1.488496433e-03 3.302472830e-02 1.330616791e-02
      vertex -7.528025890e-04 3.428809717e-02 6.730434485e-03
      vertex -3.234745935e-03 3.302476555e-02 1.299252734e-02
    endloop
  endfacet
  facet normal -3.320157528e-02 9.821796417e-01 1.849887818e-01
    outer loop
      vertex -3.234745935e-03 3.302476555e-02 1.299252734e-02
      vertex -7.528025890e-04 3.428809717e-02 6.730434485e-03
      vertex -1.636050642e-03 3.428811952e-02 6.571797188e-03
    endloop
  endfacet
  facet normal -5.716395751e-02 9.821828008e-01 1.790230274e-01
    outer loop
      vertex -3.234745935e-03 3.302476555e-02 1.299252734e-02
      vertex -1.636050642e-03 3.428811952e-02 6.571797188e-03
      vertex -4.895898979e-03 3.302479908e-02 1.246191002e-02
    endloop
  endfacet
  facet normal -5.715336651e-02 9.821823835e-01 1.790287942e-01
    outer loop
      vertex -4.895898979e-03 3.302479908e-02 1.246191002e-02
      vertex -1.636050642e-03 3.428811952e-02 6.571797188e-03
      vertex -2.476252383e-03 3.428814933e-02 6.303412374e-03
    endloop
  endfacet
  facet normal -8.003700525e-02 9.821818471e-01 1.700378060e-01
    outer loop
      vertex -4.895898979e-03 3.302479908e-02 1.246191002e-02
      vertex -2.476252383e-03 3.428814933e-02 6.303412374e-03
      vertex -6.487189326e-03 3.302485123e-02 1.171259675e-02
    endloop
  endfacet
  facet normal -8.003266156e-02 9.821816683e-01 1.700409949e-01
    outer loop
      vertex -6.487189326e-03 3.302485123e-02 1.171259675e-02
      vertex -2.476252383e-03 3.428814933e-02 6.303412374e-03
      vertex -3.281129990e-03 3.428817913e-02 5.924416240e-03
    endloop
  endfacet
  facet normal -1.016309187e-01 9.821825027e-01 1.580779552e-01
    outer loop
      vertex -6.487189326e-03 3.302485123e-02 1.171259675e-02
      vertex -3.281129990e-03 3.428817913e-02 5.924416240e-03
      vertex -7.966516539e-03 3.302490711e-02 1.076115202e-02
    endloop
  endfacet
  facet normal -1.016250998e-01 9.821822643e-01 1.580835134e-01
    outer loop
      vertex -7.966516539e-03 3.302490711e-02 1.076115202e-02
      vertex -3.281129990e-03 3.428817913e-02 5.924416240e-03
      vertex -4.029367585e-03 3.428821266e-02 5.443179514e-03
    endloop
  endfacet
  facet normal -1.213866547e-01 9.821844697e-01 1.434536129e-01
    outer loop
      vertex -7.966516539e-03 3.302490711e-02 1.076115202e-02
      vertex -4.029367585e-03 3.428821266e-02 5.443179514e-03
      vertex -9.297531098e-03 3.302496672e-02 9.634482674e-03
    endloop
  endfacet
  facet normal -1.213766560e-01 9.821838737e-01 1.434660107e-01
    outer loop
      vertex -9.297531098e-03 3.302496672e-02 9.634482674e-03
      vertex -4.029367585e-03 3.428821266e-02 5.443179514e-03
      vertex -4.702586681e-03 3.428825736e-02 4.873313941e-03
    endloop
  endfacet
  facet normal -1.391509622e-01 9.821824431e-01 1.263118684e-01
    outer loop
      vertex -9.297531098e-03 3.302496672e-02 9.634482674e-03
      vertex -4.702586681e-03 3.428825736e-02 4.873313941e-03
      vertex -1.048974972e-02 3.302503377e-02 8.320566267e-03
    endloop
  endfacet
  facet normal -1.391442716e-01 9.821819663e-01 1.263229251e-01
    outer loop
      vertex -1.048974972e-02 3.302503377e-02 8.320566267e-03
      vertex -4.702586681e-03 3.428825736e-02 4.873313941e-03
      vertex -5.305610131e-03 3.428830206e-02 4.208741710e-03
    endloop
  endfacet
  facet normal -1.544272751e-01 9.821869731e-01 1.070558280e-01
    outer loop
      vertex -1.048974972e-02 3.302503377e-02 8.320566267e-03
      vertex -5.305610131e-03 3.428830206e-02 4.208741710e-03
      vertex -1.147425827e-02 3.302509710e-02 6.899809465e-03
    endloop
  endfacet
  facet normal -1.544234008e-01 9.821866155e-01 1.070645526e-01
    outer loop
      vertex -1.147425827e-02 3.302509710e-02 6.899809465e-03
      vertex -5.305610131e-03 3.428830206e-02 4.208741710e-03
      vertex -5.803558044e-03 3.428834677e-02 3.490124131e-03
    endloop
  endfacet
  facet normal -1.671531796e-01 9.821824431e-01 8.589190990e-02
    outer loop
      vertex -1.147425827e-02 3.302509710e-02 6.899809465e-03
      vertex -5.803558044e-03 3.428834677e-02 3.490124131e-03
      vertex -1.229220256e-02 3.302516416e-02 5.307254381e-03
    endloop
  endfacet
  facet normal -1.671494097e-01 9.821819663e-01 8.590503782e-02
    outer loop
      vertex -1.229220256e-02 3.302516416e-02 5.307254381e-03
      vertex -5.803558044e-03 3.428834677e-02 3.490124131e-03
      vertex -6.217278540e-03 3.428839147e-02 2.684619511e-03
    endloop
  endfacet
  facet normal -1.768959910e-01 9.821898341e-01 6.333239377e-02
    outer loop
      vertex -1.229220256e-02 3.302516416e-02 5.307254381e-03
      vertex -6.217278540e-03 3.428839147e-02 2.684619511e-03
      vertex -1.286903117e-02 3.302523866e-02 3.694938961e-03
    endloop
  endfacet
  facet normal -1.768931746e-01 9.821891785e-01 6.335005164e-02
    outer loop
      vertex -1.286903117e-02 3.302523866e-02 3.694938961e-03
      vertex -6.217278540e-03 3.428839147e-02 2.684619511e-03
      vertex -6.509040948e-03 3.428844362e-02 1.869118889e-03
    endloop
  endfacet
  facet normal -1.835303456e-01 9.821904302e-01 4.023130983e-02
    outer loop
      vertex -1.286903117e-02 3.302523866e-02 3.694938961e-03
      vertex -6.509040948e-03 3.428844362e-02 1.869118889e-03
      vertex -1.323535014e-02 3.302530944e-02 2.022186760e-03
    endloop
  endfacet
  facet normal -1.835300475e-01 9.821900725e-01 4.024123028e-02
    outer loop
      vertex -1.323535014e-02 3.302530944e-02 2.022186760e-03
      vertex -6.509040948e-03 3.428844362e-02 1.869118889e-03
      vertex -6.694313139e-03 3.428848833e-02 1.023043296e-03
    endloop
  endfacet
  facet normal -1.872414947e-01 9.821846485e-01 1.593685336e-02
    outer loop
      vertex -1.323535014e-02 3.302530944e-02 2.022186760e-03
      vertex -6.694313139e-03 3.428848833e-02 1.023043296e-03
      vertex -1.338679157e-02 3.302538395e-02 2.382768871e-04
    endloop
  endfacet
  facet normal -1.872434914e-01 9.821839333e-01 1.595496573e-02
    outer loop
      vertex -1.338679157e-02 3.302538395e-02 2.382768871e-04
      vertex -6.694313139e-03 3.428848833e-02 1.023043296e-03
      vertex -6.770921405e-03 3.428854048e-02 1.207535170e-04
    endloop
  endfacet
  facet normal -1.876836568e-01 9.821905494e-01 -8.753462695e-03
    outer loop
      vertex -1.338679157e-02 3.302538395e-02 2.382768871e-04
      vertex -6.770921405e-03 3.428854048e-02 1.207535170e-04
      vertex -1.330590621e-02 3.302545100e-02 -1.488355105e-03
    endloop
  endfacet
  facet normal -1.876862645e-01 9.821901321e-01 -8.742554113e-03
    outer loop
      vertex -1.330590621e-02 3.302545100e-02 -1.488355105e-03
      vertex -6.770921405e-03 3.428854048e-02 1.207535170e-04
      vertex -6.730004679e-03 3.428858519e-02 -7.525720866e-04
    endloop
  endfacet
  facet normal -1.849508882e-01 9.821873307e-01 -3.318463266e-02
    outer loop
      vertex -1.330590621e-02 3.302545100e-02 -1.488355105e-03
      vertex -6.730004679e-03 3.428858519e-02 -7.525720866e-04
      vertex -1.299226284e-02 3.302551061e-02 -3.234607866e-03
    endloop
  endfacet
  facet normal -1.849536300e-01 9.821870327e-01 -3.317757696e-02
    outer loop
      vertex -1.299226284e-02 3.302551061e-02 -3.234607866e-03
      vertex -6.730004679e-03 3.428858519e-02 -7.525720866e-04
      vertex -6.571363658e-03 3.428862244e-02 -1.635820256e-03
    endloop
  endfacet
  facet normal -1.789882332e-01 9.821906686e-01 -5.713804439e-02
    outer loop
      vertex -1.299226284e-02 3.302551061e-02 -3.234607866e-03
      vertex -6.571363658e-03 3.428862244e-02 -1.635820256e-03
      vertex -1.246164180e-02 3.302557394e-02 -4.895756487e-03
    endloop
  endfacet
  facet normal -1.789970547e-01 9.821899533e-01 -5.712185800e-02
    outer loop
      vertex -1.246164180e-02 3.302557394e-02 -4.895756487e-03
      vertex -6.571363658e-03 3.428862244e-02 -1.635820256e-03
      vertex -6.302988622e-03 3.428867087e-02 -2.476017689e-03
    endloop
  endfacet
  facet normal -1.700013578e-01 9.821897745e-01 -8.001735061e-02
    outer loop
      vertex -1.246164180e-02 3.302557394e-02 -4.895756487e-03
      vertex -6.302988622e-03 3.428867087e-02 -2.476017689e-03
      vertex -1.171233132e-02 3.302562609e-02 -6.487045437e-03
    endloop
  endfacet
  facet normal -1.700079292e-01 9.821893573e-01 -8.000836521e-02
    outer loop
      vertex -1.171233132e-02 3.302562609e-02 -6.487045437e-03
      vertex -6.302988622e-03 3.428867087e-02 -2.476017689e-03
      vertex -5.923983175e-03 3.428870812e-02 -3.280888777e-03
    endloop
  endfacet
  facet normal -1.580409706e-01 9.821902514e-01 -1.016136855e-01
    outer loop
      vertex -1.171233132e-02 3.302562609e-02 -6.487045437e-03
      vertex -5.923983175e-03 3.428870812e-02 -3.280888777e-03
      vertex -1.076089032e-02 3.302567452e-02 -7.966381498e-03
    endloop
  endfacet
  facet normal -1.580467671e-01 9.821899533e-01 -1.016076133e-01
    outer loop
      vertex -1.076089032e-02 3.302567452e-02 -7.966381498e-03
      vertex -5.923983175e-03 3.428870812e-02 -3.280888777e-03
      vertex -5.442751106e-03 3.428873792e-02 -4.029128700e-03
    endloop
  endfacet
  facet normal -1.434165835e-01 9.821919799e-01 -1.213696003e-01
    outer loop
      vertex -1.076089032e-02 3.302567452e-02 -7.966381498e-03
      vertex -5.442751106e-03 3.428873792e-02 -4.029128700e-03
      vertex -9.634226561e-03 3.302571177e-02 -9.297385812e-03
    endloop
  endfacet
  facet normal -1.434192657e-01 9.821918607e-01 -1.213674396e-01
    outer loop
      vertex -9.634226561e-03 3.302571177e-02 -9.297385812e-03
      vertex -5.442751106e-03 3.428873792e-02 -4.029128700e-03
      vertex -4.872884601e-03 3.428876027e-02 -4.702346865e-03
    endloop
  endfacet
  facet normal -1.262716651e-01 9.821898341e-01 -1.391350925e-01
    outer loop
      vertex -9.634226561e-03 3.302571177e-02 -9.297385812e-03
      vertex -4.872884601e-03 3.428876027e-02 -4.702346865e-03
      vertex -8.320301771e-03 3.302574530e-02 -1.048960723e-02
    endloop
  endfacet
  facet normal -1.262785643e-01 9.821895361e-01 -1.391309053e-01
    outer loop
      vertex -8.320301771e-03 3.302574530e-02 -1.048960723e-02
      vertex -4.872884601e-03 3.428876027e-02 -4.702346865e-03
      vertex -4.208304919e-03 3.428878635e-02 -5.305369385e-03
    endloop
  endfacet
  facet normal -1.070155948e-01 9.821939468e-01 -1.544108540e-01
    outer loop
      vertex -8.320301771e-03 3.302574530e-02 -1.048960723e-02
      vertex -4.208304919e-03 3.428878635e-02 -5.305369385e-03
      vertex -6.899544038e-03 3.302577138e-02 -1.147411671e-02
    endloop
  endfacet
  facet normal -1.070197970e-01 9.821937680e-01 -1.544089913e-01
    outer loop
      vertex -6.899544038e-03 3.302577138e-02 -1.147411671e-02
      vertex -4.208304919e-03 3.428878635e-02 -5.305369385e-03
      vertex -3.489700379e-03 3.428880125e-02 -5.803326610e-03
    endloop
  endfacet
  facet normal -8.584900945e-02 9.821888208e-01 -1.671378613e-01
    outer loop
      vertex -6.899544038e-03 3.302577138e-02 -1.147411671e-02
      vertex -3.489700379e-03 3.428880125e-02 -5.803326610e-03
      vertex -5.306986161e-03 3.302577883e-02 -1.229206193e-02
    endloop
  endfacet
  facet normal -8.585301787e-02 9.821886420e-01 -1.671367139e-01
    outer loop
      vertex -5.306986161e-03 3.302577883e-02 -1.229206193e-02
      vertex -3.489700379e-03 3.428880125e-02 -5.803326610e-03
      vertex -2.684188774e-03 3.428880870e-02 -6.217041519e-03
    endloop
  endfacet
  facet normal -1.010038331e-01 9.810625315e-01 -1.652710140e-01
    outer loop
      vertex -3.324591788e-03 3.334985301e-02 -1.157986093e-02
      vertex -5.306986161e-03 3.302577883e-02 -1.229206193e-02
      vertex -2.232087776e-03 3.410337493e-02 -7.774568629e-03
    endloop
  endfacet
  facet normal -1.207195073e-01 9.810056686e-01 -1.518376917e-01
    outer loop
      vertex -2.232087776e-03 3.410337493e-02 -7.774568629e-03
      vertex -5.306986161e-03 3.302577883e-02 -1.229206193e-02
      vertex -2.684188774e-03 3.428880870e-02 -6.217041519e-03
    endloop
  endfacet
  facet normal 1.591838663e-03 9.930399656e-01 -1.177673191e-01
    outer loop
      vertex -2.232087776e-03 3.410337493e-02 -7.774568629e-03
      vertex -2.684188774e-03 3.428880870e-02 -6.217041519e-03
      vertex -1.120800152e-03 3.456063196e-02 -3.903859761e-03
    endloop
  endfacet
  facet normal -5.229608715e-02 9.952912927e-01 -8.161114156e-02
    outer loop
      vertex -1.120800152e-03 3.456063196e-02 -3.903859761e-03
      vertex -2.684188774e-03 3.428880870e-02 -6.217041519e-03
      vertex -1.749985851e-03 3.460905701e-02 -2.910082228e-03
    endloop
  endfacet
  facet normal 9.618051350e-03 9.990461469e-01 -4.259470850e-02
    outer loop
      vertex -1.120800152e-03 3.456063196e-02 -3.903859761e-03
      vertex -1.749985851e-03 3.460905701e-02 -2.910082228e-03
      vertex 1.510624799e-07 3.471630439e-02 4.934552180e-07
    endloop
  endfacet
  facet normal -1.466423273e-01 8.471521139e-01 -5.107145309e-01
    outer loop
      vertex 1.699767075e-02 2.571061254e-02 -3.590537235e-02
      vertex -8.229069412e-03 2.571023814e-02 -2.866259404e-02
      vertex 1.772757433e-02 2.736887150e-02 -3.336429596e-02
    endloop
  endfacet
  facet normal -1.455995440e-01 8.517321944e-01 -5.033419132e-01
    outer loop
      vertex 1.772757433e-02 2.736887150e-02 -3.336429596e-02
      vertex -8.229069412e-03 2.571023814e-02 -2.866259404e-02
      vertex -7.344246842e-03 2.768280171e-02 -2.558066137e-02
    endloop
  endfacet
  facet normal -1.376419216e-01 8.673217893e-01 -4.783383906e-01
    outer loop
      vertex 1.772757433e-02 2.736887150e-02 -3.336429596e-02
      vertex -7.344246842e-03 2.768280171e-02 -2.558066137e-02
      vertex 1.799222268e-02 2.791999094e-02 -3.244116157e-02
    endloop
  endfacet
  facet normal -1.345413029e-01 8.741481304e-01 -4.666515291e-01
    outer loop
      vertex 1.799222268e-02 2.791999094e-02 -3.244116157e-02
      vertex -7.344246842e-03 2.768280171e-02 -2.558066137e-02
      vertex -7.098408416e-03 2.817775123e-02 -2.472438291e-02
    endloop
  endfacet
  facet normal -1.243415847e-01 8.922460675e-01 -4.340922534e-01
    outer loop
      vertex 1.799222268e-02 2.791999094e-02 -3.244116157e-02
      vertex -7.098408416e-03 2.817775123e-02 -2.472438291e-02
      vertex 1.911326312e-02 2.997620963e-02 -2.853586152e-02
    endloop
  endfacet
  facet normal -6.488619745e-02 9.717428684e-01 -2.269483656e-01
    outer loop
      vertex -3.324591788e-03 3.334985301e-02 -1.157986093e-02
      vertex 2.241969109e-02 3.379806504e-02 -1.702119224e-02
      vertex -3.694548737e-03 3.302419558e-02 -1.286847983e-02
    endloop
  endfacet
  facet normal -6.357086450e-02 9.738108516e-01 -2.182915658e-01
    outer loop
      vertex -3.694548737e-03 3.302419558e-02 -1.286847983e-02
      vertex 2.241969109e-02 3.379806504e-02 -1.702119224e-02
      vertex 2.132659405e-02 3.287332132e-02 -2.082819119e-02
    endloop
  endfacet
  facet normal -7.714603096e-02 9.623198509e-01 -2.607469261e-01
    outer loop
      vertex -3.694548737e-03 3.302419558e-02 -1.286847983e-02
      vertex 2.132659405e-02 3.287332132e-02 -2.082819119e-02
      vertex -4.389579874e-03 3.231253847e-02 -1.528930478e-02
    endloop
  endfacet
  facet normal -8.325755596e-02 9.533903599e-01 -2.900258601e-01
    outer loop
      vertex -4.389579874e-03 3.231253847e-02 -1.528930478e-02
      vertex 2.132659405e-02 3.287332132e-02 -2.082819119e-02
      vertex 2.021593228e-02 3.159994259e-02 -2.469527908e-02
    endloop
  endfacet
  facet normal -9.364545345e-02 9.439635873e-01 -3.164858520e-01
    outer loop
      vertex -4.389579874e-03 3.231253847e-02 -1.528930478e-02
      vertex 2.021593228e-02 3.159994259e-02 -2.469527908e-02
      vertex -5.419056863e-03 3.100820445e-02 -1.887505502e-02
    endloop
  endfacet
  facet normal -1.035618857e-01 9.264289737e-01 -3.619451821e-01
    outer loop
      vertex -5.419056863e-03 3.100820445e-02 -1.887505502e-02
      vertex 2.021593228e-02 3.159994259e-02 -2.469527908e-02
      vertex 1.911326312e-02 2.997620963e-02 -2.853586152e-02
    endloop
  endfacet
  facet normal -1.117820963e-01 9.174359441e-01 -3.818586469e-01
    outer loop
      vertex -5.419056863e-03 3.100820445e-02 -1.887505502e-02
      vertex 1.911326312e-02 2.997620963e-02 -2.853586152e-02
      vertex -6.405946333e-03 2.945721708e-02 -2.231249027e-02
    endloop
  endfacet
  facet normal -1.246427000e-01 8.908771873e-01 -4.368089736e-01
    outer loop
      vertex -6.405946333e-03 2.945721708e-02 -2.231249027e-02
      vertex 1.911326312e-02 2.997620963e-02 -2.853586152e-02
      vertex -7.098408416e-03 2.817775123e-02 -2.472438291e-02
    endloop
  endfacet
  facet normal -5.488754436e-02 9.823591113e-01 -1.787678003e-01
    outer loop
      vertex -3.324591788e-03 3.334985301e-02 -1.157986093e-02
      vertex -2.232087776e-03 3.410337493e-02 -7.774568629e-03
      vertex 2.241969109e-02 3.379806504e-02 -1.702119224e-02
    endloop
  endfacet
  facet normal -2.863751911e-02 9.936120510e-01 -1.091559976e-01
    outer loop
      vertex 2.241969109e-02 3.379806504e-02 -1.702119224e-02
      vertex -2.232087776e-03 3.410337493e-02 -7.774568629e-03
      vertex -1.120800152e-03 3.456063196e-02 -3.903859761e-03
    endloop
  endfacet
  facet normal -4.384579509e-02 9.897075891e-01 -1.362219304e-01
    outer loop
      vertex 2.241969109e-02 3.379806504e-02 -1.702119224e-02
      vertex -1.120800152e-03 3.456063196e-02 -3.903859761e-03
      vertex 2.381707728e-02 3.452985361e-02 -1.215423364e-02
    endloop
  endfacet
  facet normal -1.091156062e-02 9.992663860e-01 -3.670937940e-02
    outer loop
      vertex 2.381707728e-02 3.452985361e-02 -1.215423364e-02
      vertex -1.120800152e-03 3.456063196e-02 -3.903859761e-03
      vertex 1.510624799e-07 3.471630439e-02 4.934552180e-07
    endloop
  endfacet
  facet normal -1.540825702e-02 9.988448620e-01 -4.551409557e-02
    outer loop
      vertex 2.381707728e-02 3.452985361e-02 -1.215423364e-02
      vertex 1.510624799e-07 3.471630439e-02 4.934552180e-07
      vertex 2.522720769e-02 3.477543965e-02 -7.242039777e-03
    endloop
  endfacet
  facet normal 8.406954817e-03 9.992634654e-01 3.744202852e-02
    outer loop
      vertex 2.522720769e-02 3.477543965e-02 -7.242039777e-03
      vertex 1.510624799e-07 3.471630439e-02 4.934552180e-07
      vertex 1.120822039e-03 3.456061333e-02 3.903907724e-03
    endloop
  endfacet
  facet normal 1.235138718e-02 9.988666773e-01 4.596537352e-02
    outer loop
      vertex 2.522720769e-02 3.477543965e-02 -7.242039777e-03
      vertex 1.120822039e-03 3.456061333e-02 3.903907724e-03
      vertex 2.663761191e-02 3.453195468e-02 -2.329880372e-03
    endloop
  endfacet
  facet normal 2.783991583e-02 9.936090708e-01 1.093887985e-01
    outer loop
      vertex 2.663761191e-02 3.453195468e-02 -2.329880372e-03
      vertex 1.120822039e-03 3.456061333e-02 3.903907724e-03
      vertex 2.232109895e-03 3.410334140e-02 7.774613798e-03
    endloop
  endfacet
  facet normal 3.942687064e-02 9.897568226e-01 1.372115016e-01
    outer loop
      vertex 2.663761191e-02 3.453195468e-02 -2.329880372e-03
      vertex 2.232109895e-03 3.410334140e-02 7.774613798e-03
      vertex 2.803497948e-02 3.380151838e-02 2.537476830e-03
    endloop
  endfacet
  facet normal 4.816766083e-02 9.823575020e-01 1.807029545e-01
    outer loop
      vertex 2.803497948e-02 3.380151838e-02 2.537476830e-03
      vertex 2.232109895e-03 3.410334140e-02 7.774613798e-03
      vertex 3.324615303e-03 3.334979713e-02 1.157990284e-02
    endloop
  endfacet
  facet normal 6.323848665e-02 9.731245637e-01 2.214259803e-01
    outer loop
      vertex 2.803497948e-02 3.380151838e-02 2.537476830e-03
      vertex 3.324615303e-03 3.334979713e-02 1.157990284e-02
      vertex 2.922130749e-02 3.278446943e-02 6.668402348e-03
    endloop
  endfacet
  facet normal 6.428925693e-02 9.717411399e-01 2.271255553e-01
    outer loop
      vertex 2.922130749e-02 3.278446943e-02 6.668402348e-03
      vertex 3.324615303e-03 3.334979713e-02 1.157990284e-02
      vertex 3.694749903e-03 3.302398324e-02 1.286910754e-02
    endloop
  endfacet
  facet normal 7.268148661e-02 9.623166919e-01 2.620380521e-01
    outer loop
      vertex 3.694749903e-03 3.302398324e-02 1.286910754e-02
      vertex 4.389604088e-03 3.231247514e-02 1.528934110e-02
      vertex 2.922130749e-02 3.278446943e-02 6.668402348e-03
    endloop
  endfacet
  facet normal 9.209000319e-02 9.439650774e-01 3.169374764e-01
    outer loop
      vertex 2.922130749e-02 3.278446943e-02 6.668402348e-03
      vertex 4.389604088e-03 3.231247514e-02 1.528934110e-02
      vertex 5.419068970e-03 3.100812435e-02 1.887509041e-02
    endloop
  endfacet
  facet normal 8.076921105e-02 9.517675638e-01 2.959981263e-01
    outer loop
      vertex 2.922130749e-02 3.278446943e-02 6.668402348e-03
      vertex 5.419068970e-03 3.100812435e-02 1.887509041e-02
      vertex 3.029624932e-02 3.152916580e-02 1.041145157e-02
    endloop
  endfacet
  facet normal 1.107978970e-01 9.174349308e-01 3.821478486e-01
    outer loop
      vertex 3.029624932e-02 3.152916580e-02 1.041145157e-02
      vertex 5.419068970e-03 3.100812435e-02 1.887509041e-02
      vertex 6.405960303e-03 2.945711464e-02 2.231251821e-02
    endloop
  endfacet
  facet normal 1.011769995e-01 9.257744551e-01 3.642867506e-01
    outer loop
      vertex 3.029624932e-02 3.152916580e-02 1.041145157e-02
      vertex 6.405960303e-03 2.945711464e-02 2.231251821e-02
      vertex 3.132567927e-02 3.000383079e-02 1.400192548e-02
    endloop
  endfacet
  facet normal 1.230194792e-01 8.954679966e-01 4.277887642e-01
    outer loop
      vertex 3.132567927e-02 3.000383079e-02 1.400192548e-02
      vertex 6.405960303e-03 2.945711464e-02 2.231251821e-02
      vertex 3.228062019e-02 2.828070521e-02 1.733424328e-02
    endloop
  endfacet
  facet normal 1.245522574e-01 8.908740878e-01 4.368409812e-01
    outer loop
      vertex 6.405960303e-03 2.945711464e-02 2.231251821e-02
      vertex 7.098488044e-03 2.817749791e-02 2.472465485e-02
      vertex 3.228062019e-02 2.828070521e-02 1.733424328e-02
    endloop
  endfacet
  facet normal 1.334629357e-01 8.741436005e-01 4.669696391e-01
    outer loop
      vertex 3.228062019e-02 2.828070521e-02 1.733424328e-02
      vertex 7.098488044e-03 2.817749791e-02 2.472465485e-02
      vertex 7.344263140e-03 2.768268250e-02 2.558068000e-02
    endloop
  endfacet
  facet normal 1.422236115e-01 8.587039709e-01 4.923413396e-01
    outer loop
      vertex 3.228062019e-02 2.828070521e-02 1.733424328e-02
      vertex 7.344263140e-03 2.768268250e-02 2.558068000e-02
      vertex 3.332341090e-02 2.602992952e-02 2.095864154e-02
    endloop
  endfacet
  facet normal 1.438283771e-01 8.517296910e-01 5.038551092e-01
    outer loop
      vertex 3.332341090e-02 2.602992952e-02 2.095864154e-02
      vertex 7.344263140e-03 2.768268250e-02 2.558068000e-02
      vertex 8.229087107e-03 2.571010403e-02 2.866260149e-02
    endloop
  endfacet
  facet normal 1.531381756e-01 8.319125175e-01 5.333575010e-01
    outer loop
      vertex 3.332341090e-02 2.602992952e-02 2.095864154e-02
      vertex 8.229087107e-03 2.571010403e-02 2.866260149e-02
      vertex 3.345599398e-02 2.570994198e-02 2.141967788e-02
    endloop
  endfacet
  facet normal 1.062895432e-01 6.623123288e-01 7.416501045e-01
    outer loop
      vertex 5.013934895e-02 2.346864529e-02 1.804616302e-02
      vertex 5.007809773e-02 2.663856931e-02 1.522411779e-02
      vertex 4.592350498e-02 2.687729523e-02 1.560634468e-02
    endloop
  endfacet
  facet normal 5.853664130e-02 9.731113315e-01 2.227730155e-01
    outer loop
      vertex 3.375615552e-02 3.380233422e-02 1.030607847e-03
      vertex 2.803497948e-02 3.380151838e-02 2.537476830e-03
      vertex 2.922130749e-02 3.278446943e-02 6.668402348e-03
    endloop
  endfacet
  facet normal 1.582585275e-01 8.319017291e-01 5.318775177e-01
    outer loop
      vertex 3.345599398e-02 2.570994198e-02 2.141967788e-02
      vertex 3.357077017e-02 2.611535788e-02 2.075142041e-02
      vertex 3.332341090e-02 2.602992952e-02 2.095864154e-02
    endloop
  endfacet
  facet normal 1.296471506e-01 1.627291292e-01 9.781159759e-01
    outer loop
      vertex 4.901346192e-02 1.405644976e-02 2.165416256e-02
      vertex 4.913072288e-02 1.176182739e-02 2.202037722e-02
      vertex 4.999352619e-02 1.572772861e-02 2.124620788e-02
    endloop
  endfacet
  facet normal 1.779928356e-01 2.946326435e-01 9.388877153e-01
    outer loop
      vertex 4.684961587e-02 2.031242475e-02 2.048387937e-02
      vertex 4.723342136e-02 1.971789077e-02 2.059768885e-02
      vertex 5.009904504e-02 1.979807019e-02 2.002926730e-02
    endloop
  endfacet
  facet normal 1.798729748e-01 2.723803520e-01 9.452273250e-01
    outer loop
      vertex 4.723342136e-02 1.971789077e-02 2.059768885e-02
      vertex 4.807912931e-02 1.799914613e-02 2.093203366e-02
      vertex 5.009904504e-02 1.979807019e-02 2.002926730e-02
    endloop
  endfacet
  facet normal 1.946713328e-01 2.565190494e-01 9.467317462e-01
    outer loop
      vertex 5.009904504e-02 1.979807019e-02 2.002926730e-02
      vertex 4.807912931e-02 1.799914613e-02 2.093203366e-02
      vertex 4.821119085e-02 1.765051112e-02 2.099934220e-02
    endloop
  endfacet
  facet normal 1.692608446e-01 2.782853842e-01 9.454670548e-01
    outer loop
      vertex 5.009904504e-02 1.979807019e-02 2.002926730e-02
      vertex 4.821119085e-02 1.765051112e-02 2.099934220e-02
      vertex 4.999352619e-02 1.572772861e-02 2.124620788e-02
    endloop
  endfacet
  facet normal 9.408928454e-02 2.121020406e-01 9.727075100e-01
    outer loop
      vertex 4.999352619e-02 1.572772861e-02 2.124620788e-02
      vertex 4.821119085e-02 1.765051112e-02 2.099934220e-02
      vertex 4.864161462e-02 1.621674560e-02 2.127034403e-02
    endloop
  endfacet
  facet normal 8.567515016e-02 1.885639280e-01 9.783166051e-01
    outer loop
      vertex 4.999352619e-02 1.572772861e-02 2.124620788e-02
      vertex 4.864161462e-02 1.621674560e-02 2.127034403e-02
      vertex 4.901346192e-02 1.405644976e-02 2.165416256e-02
    endloop
  endfacet
  facet normal 2.257334143e-01 4.611447453e-01 8.581316471e-01
    outer loop
      vertex 5.013934895e-02 2.346864529e-02 1.804616302e-02
      vertex 4.622310773e-02 2.112885006e-02 2.033370174e-02
      vertex 5.009904504e-02 1.979807019e-02 2.002926730e-02
    endloop
  endfacet
  facet normal 1.797850728e-01 3.100630045e-01 9.335621595e-01
    outer loop
      vertex 5.009904504e-02 1.979807019e-02 2.002926730e-02
      vertex 4.622310773e-02 2.112885006e-02 2.033370174e-02
      vertex 4.682465270e-02 2.034829184e-02 2.047710307e-02
    endloop
  endfacet
  facet normal 1.787341684e-01 3.013182580e-01 9.366223216e-01
    outer loop
      vertex 5.009904504e-02 1.979807019e-02 2.002926730e-02
      vertex 4.682465270e-02 2.034829184e-02 2.047710307e-02
      vertex 4.684961587e-02 2.031242475e-02 2.048387937e-02
    endloop
  endfacet
  facet normal 2.763053477e-01 6.843662262e-01 6.747578979e-01
    outer loop
      vertex 4.196420684e-02 2.480331436e-02 1.939404756e-02
      vertex 4.221880808e-02 2.409980074e-02 2.000332251e-02
      vertex 4.603242874e-02 2.396292426e-02 1.858051494e-02
    endloop
  endfacet
  facet normal 3.005474210e-01 5.908197165e-01 7.487344742e-01
    outer loop
      vertex 4.603242874e-02 2.396292426e-02 1.858051494e-02
      vertex 4.221880808e-02 2.409980074e-02 2.000332251e-02
      vertex 4.339187965e-02 2.349030040e-02 2.001339383e-02
    endloop
  endfacet
  facet normal 3.179838955e-01 5.546414852e-01 7.689337134e-01
    outer loop
      vertex 4.603242874e-02 2.396292426e-02 1.858051494e-02
      vertex 4.339187965e-02 2.349030040e-02 2.001339383e-02
      vertex 4.604360089e-02 2.232635207e-02 1.975637488e-02
    endloop
  endfacet
  facet normal 3.060855567e-01 5.214486718e-01 7.964941263e-01
    outer loop
      vertex 4.604360089e-02 2.232635207e-02 1.975637488e-02
      vertex 4.339187965e-02 2.349030040e-02 2.001339383e-02
      vertex 4.487948865e-02 2.245253325e-02 2.012112550e-02
    endloop
  endfacet
  facet normal 1.566583663e-01 8.322465420e-01 5.318118930e-01
    outer loop
      vertex 3.345599398e-02 2.570994198e-02 2.141967788e-02
      vertex 3.412194178e-02 2.570303530e-02 2.123431489e-02
      vertex 3.357077017e-02 2.611535788e-02 2.075142041e-02
    endloop
  endfacet
  facet normal 1.762807071e-01 8.388404846e-01 5.150454044e-01
    outer loop
      vertex 3.357077017e-02 2.611535788e-02 2.075142041e-02
      vertex 3.412194178e-02 2.570303530e-02 2.123431489e-02
      vertex 3.684614971e-02 2.552035078e-02 2.059945278e-02
    endloop
  endfacet
  facet normal 1.775294244e-01 8.510460854e-01 4.941698909e-01
    outer loop
      vertex 3.357077017e-02 2.611535788e-02 2.075142041e-02
      vertex 3.684614971e-02 2.552035078e-02 2.059945278e-02
      vertex 3.781713918e-02 2.556913160e-02 2.016661875e-02
    endloop
  endfacet
  facet normal 2.306732237e-01 7.632704377e-01 6.034966111e-01
    outer loop
      vertex 3.781713918e-02 2.556913160e-02 2.016661875e-02
      vertex 3.684614971e-02 2.552035078e-02 2.059945278e-02
      vertex 3.936580569e-02 2.507332712e-02 2.020174079e-02
    endloop
  endfacet
  facet normal 2.482691705e-01 8.128111959e-01 5.269728303e-01
    outer loop
      vertex 3.781713918e-02 2.556913160e-02 2.016661875e-02
      vertex 3.936580569e-02 2.507332712e-02 2.020174079e-02
      vertex 4.196420684e-02 2.480331436e-02 1.939404756e-02
    endloop
  endfacet
  facet normal 2.757695615e-01 7.075521946e-01 6.506313086e-01
    outer loop
      vertex 4.196420684e-02 2.480331436e-02 1.939404756e-02
      vertex 3.936580569e-02 2.507332712e-02 2.020174079e-02
      vertex 4.152002186e-02 2.439660951e-02 2.002460137e-02
    endloop
  endfacet
  facet normal 3.106349707e-01 6.840220690e-01 6.600149274e-01
    outer loop
      vertex 4.196420684e-02 2.480331436e-02 1.939404756e-02
      vertex 4.152002186e-02 2.439660951e-02 2.002460137e-02
      vertex 4.221880808e-02 2.409980074e-02 2.000332251e-02
    endloop
  endfacet
  facet normal 5.478938296e-02 9.513162374e-01 3.033077419e-01
    outer loop
      vertex 4.520689324e-02 3.276541457e-02 3.840547055e-03
      vertex 2.922130749e-02 3.278446943e-02 6.668402348e-03
      vertex 3.029624932e-02 3.152916580e-02 1.041145157e-02
    endloop
  endfacet
  facet normal 4.559869692e-02 9.760116339e-01 2.128898054e-01
    outer loop
      vertex 3.375615552e-02 3.380233422e-02 1.030607847e-03
      vertex 2.922130749e-02 3.278446943e-02 6.668402348e-03
      vertex 3.777041286e-02 3.378625214e-02 2.445171704e-04
    endloop
  endfacet
  facet normal 3.684129938e-02 9.787616134e-01 2.016640455e-01
    outer loop
      vertex 3.777041286e-02 3.378625214e-02 2.445171704e-04
      vertex 2.922130749e-02 3.278446943e-02 6.668402348e-03
      vertex 4.520689324e-02 3.276541457e-02 3.840547055e-03
    endloop
  endfacet
  facet normal 2.920709923e-02 9.758198261e-01 2.166162282e-01
    outer loop
      vertex 3.777041286e-02 3.378625214e-02 2.445171704e-04
      vertex 4.520689324e-02 3.276541457e-02 3.840547055e-03
      vertex 4.159680381e-02 3.376279771e-02 -1.657405810e-04
    endloop
  endfacet
  facet normal 2.173906425e-03 9.708855152e-01 2.395341545e-01
    outer loop
      vertex 6.203996763e-02 3.266138956e-02 4.109412897e-03
      vertex 6.195928156e-02 3.374456987e-02 -2.802358649e-04
      vertex 4.520689324e-02 3.276541457e-02 3.840547055e-03
    endloop
  endfacet
  facet normal -6.087158908e-05 9.729671478e-01 2.309436500e-01
    outer loop
      vertex 4.520689324e-02 3.276541457e-02 3.840547055e-03
      vertex 6.195928156e-02 3.374456987e-02 -2.802358649e-04
      vertex 4.713676125e-02 3.374465555e-02 -2.844976261e-04
    endloop
  endfacet
  facet normal 1.087688506e-04 9.729492664e-01 2.310187668e-01
    outer loop
      vertex 4.713676125e-02 3.374465555e-02 -2.844976261e-04
      vertex 4.682591185e-02 3.374469280e-02 -2.845063864e-04
      vertex 4.520689324e-02 3.276541457e-02 3.840547055e-03
    endloop
  endfacet
  facet normal 2.670361428e-03 9.727193713e-01 2.319695801e-01
    outer loop
      vertex 4.520689324e-02 3.276541457e-02 3.840547055e-03
      vertex 4.682591185e-02 3.374469280e-02 -2.845063864e-04
      vertex 4.492376745e-02 3.374769166e-02 -2.751894062e-04
    endloop
  endfacet
  facet normal 1.202739216e-02 9.727975130e-01 2.313445508e-01
    outer loop
      vertex 4.520689324e-02 3.276541457e-02 3.840547055e-03
      vertex 4.492376745e-02 3.374769166e-02 -2.751894062e-04
      vertex 4.159680381e-02 3.376279771e-02 -1.657405810e-04
    endloop
  endfacet
  facet normal 8.417824283e-03 9.337390065e-01 3.578555882e-01
    outer loop
      vertex 6.212165579e-02 3.117781132e-02 7.978530601e-03
      vertex 6.203996763e-02 3.266138956e-02 4.109412897e-03
      vertex 5.396639556e-02 3.140655532e-02 7.573512848e-03
    endloop
  endfacet
  facet normal 3.569832479e-04 9.399479032e-01 3.413177431e-01
    outer loop
      vertex 5.396639556e-02 3.140655532e-02 7.573512848e-03
      vertex 6.203996763e-02 3.266138956e-02 4.109412897e-03
      vertex 4.520689324e-02 3.276541457e-02 3.840547055e-03
    endloop
  endfacet
  facet normal 6.571633741e-03 9.445165992e-01 3.283979893e-01
    outer loop
      vertex 5.396639556e-02 3.140655532e-02 7.573512848e-03
      vertex 4.520689324e-02 3.276541457e-02 3.840547055e-03
      vertex 4.548814148e-02 3.129354864e-02 8.068196476e-03
    endloop
  endfacet
  facet normal 6.465343386e-02 9.437531829e-01 3.242682517e-01
    outer loop
      vertex 4.548814148e-02 3.129354864e-02 8.068196476e-03
      vertex 4.520689324e-02 3.276541457e-02 3.840547055e-03
      vertex 3.029624932e-02 3.152916580e-02 1.041145157e-02
    endloop
  endfacet
  facet normal 7.694264501e-02 9.100328088e-01 4.073328674e-01
    outer loop
      vertex 4.548814148e-02 3.129354864e-02 8.068196476e-03
      vertex 3.029624932e-02 3.152916580e-02 1.041145157e-02
      vertex 3.728537261e-02 2.988503315e-02 1.276445109e-02
    endloop
  endfacet
  facet normal 9.448834509e-02 9.257318974e-01 3.661863804e-01
    outer loop
      vertex 3.728537261e-02 2.988503315e-02 1.276445109e-02
      vertex 3.029624932e-02 3.152916580e-02 1.041145157e-02
      vertex 3.132567927e-02 3.000383079e-02 1.400192548e-02
    endloop
  endfacet
  facet normal 1.075809672e-01 8.953586817e-01 4.321564436e-01
    outer loop
      vertex 3.728537261e-02 2.988503315e-02 1.276445109e-02
      vertex 3.132567927e-02 3.000383079e-02 1.400192548e-02
      vertex 3.228062019e-02 2.828070521e-02 1.733424328e-02
    endloop
  endfacet
  facet normal 3.076677024e-02 7.706990242e-01 6.364561319e-01
    outer loop
      vertex 6.220363081e-02 2.925624512e-02 1.135070156e-02
      vertex 5.427032337e-02 2.663423121e-02 1.490925904e-02
      vertex 6.228516623e-02 2.685907297e-02 1.424955111e-02
    endloop
  endfacet
  facet normal 4.485566542e-02 6.433808208e-01 7.642310262e-01
    outer loop
      vertex 6.228516623e-02 2.685907297e-02 1.424955111e-02
      vertex 5.427032337e-02 2.663423121e-02 1.490925904e-02
      vertex 5.432031676e-02 2.334045619e-02 1.767924614e-02
    endloop
  endfacet
  facet normal 4.440693557e-02 6.439526081e-01 7.637755275e-01
    outer loop
      vertex 6.228516623e-02 2.685907297e-02 1.424955111e-02
      vertex 5.432031676e-02 2.334045619e-02 1.767924614e-02
      vertex 6.236556917e-02 2.394866571e-02 1.669869199e-02
    endloop
  endfacet
  facet normal 7.162703574e-02 4.704693854e-01 8.795044422e-01
    outer loop
      vertex 6.236556917e-02 2.394866571e-02 1.669869199e-02
      vertex 5.432031676e-02 2.334045619e-02 1.767924614e-02
      vertex 5.429678410e-02 1.957649551e-02 1.969460025e-02
    endloop
  endfacet
  facet normal 4.648001119e-02 5.048517585e-01 8.619537354e-01
    outer loop
      vertex 6.236556917e-02 2.394866571e-02 1.669869199e-02
      vertex 5.429678410e-02 1.957649551e-02 1.969460025e-02
      vertex 6.244410574e-02 2.048739232e-02 1.872174628e-02
    endloop
  endfacet
  facet normal 7.800774276e-02 3.131499887e-01 9.464945197e-01
    outer loop
      vertex 6.244410574e-02 2.048739232e-02 1.872174628e-02
      vertex 5.429678410e-02 1.957649551e-02 1.969460025e-02
      vertex 5.423351750e-02 1.550006680e-02 2.104851045e-02
    endloop
  endfacet
  facet normal 3.697158396e-02 3.718685806e-01 9.275488257e-01
    outer loop
      vertex 6.244410574e-02 2.048739232e-02 1.872174628e-02
      vertex 5.423351750e-02 1.550006680e-02 2.104851045e-02
      vertex 6.252007931e-02 1.643762924e-02 2.034232952e-02
    endloop
  endfacet
  facet normal 5.779706687e-02 2.222465277e-01 9.732758999e-01
    outer loop
      vertex 6.252007931e-02 1.643762924e-02 2.034232952e-02
      vertex 5.423351750e-02 1.550006680e-02 2.104851045e-02
      vertex 5.600038171e-02 1.176167279e-02 2.179724537e-02
    endloop
  endfacet
  facet normal 3.121427819e-02 2.570168078e-01 9.659026861e-01
    outer loop
      vertex 6.252007931e-02 1.643762924e-02 2.034232952e-02
      vertex 5.600038171e-02 1.176167279e-02 2.179724537e-02
      vertex 6.259278208e-02 1.176179294e-02 2.158417180e-02
    endloop
  endfacet
  facet normal 1.599879116e-01 8.205288053e-01 5.487589240e-01
    outer loop
      vertex 3.757023439e-02 2.784801275e-02 1.664082892e-02
      vertex 4.177870601e-02 2.736122720e-02 1.614173315e-02
      vertex 4.573342577e-02 2.933571301e-02 1.203641482e-02
    endloop
  endfacet
  facet normal 1.667522788e-01 8.161947131e-01 5.531906486e-01
    outer loop
      vertex 4.573342577e-02 2.933571301e-02 1.203641482e-02
      vertex 4.177870601e-02 2.736122720e-02 1.614173315e-02
      vertex 4.592350498e-02 2.687729523e-02 1.560634468e-02
    endloop
  endfacet
  facet normal 5.124498531e-02 8.237913847e-01 5.645721555e-01
    outer loop
      vertex 4.573342577e-02 2.933571301e-02 1.203641482e-02
      vertex 4.592350498e-02 2.687729523e-02 1.560634468e-02
      vertex 4.993306845e-02 2.927032486e-02 1.175063290e-02
    endloop
  endfacet
  facet normal 1.007139310e-01 7.950229049e-01 5.981599689e-01
    outer loop
      vertex 4.993306845e-02 2.927032486e-02 1.175063290e-02
      vertex 4.592350498e-02 2.687729523e-02 1.560634468e-02
      vertex 5.007809773e-02 2.663856931e-02 1.522411779e-02
    endloop
  endfacet
  facet normal 2.492472902e-02 7.973089814e-01 6.030564904e-01
    outer loop
      vertex 4.993306845e-02 2.927032486e-02 1.175063290e-02
      vertex 5.007809773e-02 2.663856931e-02 1.522411779e-02
      vertex 5.414777622e-02 2.934138663e-02 1.148248464e-02
    endloop
  endfacet
  facet normal 1.315592676e-01 8.814715743e-01 4.535416663e-01
    outer loop
      vertex 3.228062019e-02 2.828070521e-02 1.733424328e-02
      vertex 3.757023439e-02 2.784801275e-02 1.664082892e-02
      vertex 3.728537261e-02 2.988503315e-02 1.276445109e-02
    endloop
  endfacet
  facet normal 9.689608961e-02 8.839663267e-01 4.573999345e-01
    outer loop
      vertex 3.728537261e-02 2.988503315e-02 1.276445109e-02
      vertex 3.757023439e-02 2.784801275e-02 1.664082892e-02
      vertex 4.573342577e-02 2.933571301e-02 1.203641482e-02
    endloop
  endfacet
  facet normal 9.574031830e-02 8.950055838e-01 4.356590509e-01
    outer loop
      vertex 3.728537261e-02 2.988503315e-02 1.276445109e-02
      vertex 4.573342577e-02 2.933571301e-02 1.203641482e-02
      vertex 4.548814148e-02 3.129354864e-02 8.068196476e-03
    endloop
  endfacet
  facet normal 4.389739409e-02 8.969991803e-01 4.398471415e-01
    outer loop
      vertex 4.548814148e-02 3.129354864e-02 8.068196476e-03
      vertex 4.573342577e-02 2.933571301e-02 1.203641482e-02
      vertex 4.993306845e-02 2.927032486e-02 1.175063290e-02
    endloop
  endfacet
  facet normal 1.546816062e-02 8.840860128e-01 4.670681357e-01
    outer loop
      vertex 4.548814148e-02 3.129354864e-02 8.068196476e-03
      vertex 4.993306845e-02 2.927032486e-02 1.175063290e-02
      vertex 5.396639556e-02 3.140655532e-02 7.573512848e-03
    endloop
  endfacet
  facet normal 1.477149036e-02 8.843750358e-01 4.665432572e-01
    outer loop
      vertex 5.396639556e-02 3.140655532e-02 7.573512848e-03
      vertex 4.993306845e-02 2.927032486e-02 1.175063290e-02
      vertex 5.414777622e-02 2.934138663e-02 1.148248464e-02
    endloop
  endfacet
  facet normal 1.604804536e-03 8.842181563e-01 4.670713544e-01
    outer loop
      vertex 5.396639556e-02 3.140655532e-02 7.573512848e-03
      vertex 5.414777622e-02 2.934138663e-02 1.148248464e-02
      vertex 6.212165579e-02 3.117781132e-02 7.978530601e-03
    endloop
  endfacet
  facet normal 3.190846741e-02 1.848011762e-01 9.822577834e-01
    outer loop
      vertex 4.913072288e-02 1.176182739e-02 2.202037722e-02
      vertex 5.600038171e-02 1.176167279e-02 2.179724537e-02
      vertex 4.999352619e-02 1.572772861e-02 2.124620788e-02
    endloop
  endfacet
  facet normal 5.730574951e-02 2.220300287e-01 9.733543396e-01
    outer loop
      vertex 4.999352619e-02 1.572772861e-02 2.124620788e-02
      vertex 5.600038171e-02 1.176167279e-02 2.179724537e-02
      vertex 5.423351750e-02 1.550006680e-02 2.104851045e-02
    endloop
  endfacet
  facet normal 5.988866836e-02 2.845092714e-01 9.568008184e-01
    outer loop
      vertex 4.999352619e-02 1.572772861e-02 2.124620788e-02
      vertex 5.423351750e-02 1.550006680e-02 2.104851045e-02
      vertex 5.009904504e-02 1.979807019e-02 2.002926730e-02
    endloop
  endfacet
  facet normal 9.187477082e-02 3.125834465e-01 9.454367161e-01
    outer loop
      vertex 5.009904504e-02 1.979807019e-02 2.002926730e-02
      vertex 5.423351750e-02 1.550006680e-02 2.104851045e-02
      vertex 5.429678410e-02 1.957649551e-02 1.969460025e-02
    endloop
  endfacet
  facet normal 9.479621798e-02 4.723868072e-01 8.762786984e-01
    outer loop
      vertex 5.009904504e-02 1.979807019e-02 2.002926730e-02
      vertex 5.429678410e-02 1.957649551e-02 1.969460025e-02
      vertex 5.013934895e-02 2.346864529e-02 1.804616302e-02
    endloop
  endfacet
  facet normal 9.146154672e-02 4.696069658e-01 8.781253099e-01
    outer loop
      vertex 5.013934895e-02 2.346864529e-02 1.804616302e-02
      vertex 5.429678410e-02 1.957649551e-02 1.969460025e-02
      vertex 5.432031676e-02 2.334045619e-02 1.767924614e-02
    endloop
  endfacet
  facet normal 8.557519317e-02 6.634168625e-01 7.433403730e-01
    outer loop
      vertex 5.013934895e-02 2.346864529e-02 1.804616302e-02
      vertex 5.432031676e-02 2.334045619e-02 1.767924614e-02
      vertex 5.007809773e-02 2.663856931e-02 1.522411779e-02
    endloop
  endfacet
  facet normal 5.801691860e-02 6.430614591e-01 7.636137605e-01
    outer loop
      vertex 5.007809773e-02 2.663856931e-02 1.522411779e-02
      vertex 5.432031676e-02 2.334045619e-02 1.767924614e-02
      vertex 5.427032337e-02 2.663423121e-02 1.490925904e-02
    endloop
  endfacet
  facet normal 4.723951593e-02 7.846264839e-01 6.181663871e-01
    outer loop
      vertex 5.007809773e-02 2.663856931e-02 1.522411779e-02
      vertex 5.427032337e-02 2.663423121e-02 1.490925904e-02
      vertex 5.414777622e-02 2.934138663e-02 1.148248464e-02
    endloop
  endfacet
  facet normal 1.842758432e-02 7.848686576e-01 6.193880439e-01
    outer loop
      vertex 5.414777622e-02 2.934138663e-02 1.148248464e-02
      vertex 5.427032337e-02 2.663423121e-02 1.490925904e-02
      vertex 6.220363081e-02 2.925624512e-02 1.135070156e-02
    endloop
  endfacet
  facet normal 1.727590151e-02 8.688914776e-01 4.947010577e-01
    outer loop
      vertex 5.414777622e-02 2.934138663e-02 1.148248464e-02
      vertex 6.220363081e-02 2.925624512e-02 1.135070156e-02
      vertex 6.212165579e-02 3.117781132e-02 7.978530601e-03
    endloop
  endfacet
  facet normal 3.110557497e-01 4.501622915e-01 8.370174766e-01
    outer loop
      vertex 4.487948865e-02 2.245253325e-02 2.012112550e-02
      vertex 4.622310773e-02 2.112885006e-02 2.033370174e-02
      vertex 4.604360089e-02 2.232635207e-02 1.975637488e-02
    endloop
  endfacet
  facet normal 2.341172546e-01 4.504586458e-01 8.615545034e-01
    outer loop
      vertex 4.604360089e-02 2.232635207e-02 1.975637488e-02
      vertex 4.622310773e-02 2.112885006e-02 2.033370174e-02
      vertex 5.013934895e-02 2.346864529e-02 1.804616302e-02
    endloop
  endfacet
  facet normal 1.732510179e-01 5.754525065e-01 7.992737293e-01
    outer loop
      vertex 4.604360089e-02 2.232635207e-02 1.975637488e-02
      vertex 5.013934895e-02 2.346864529e-02 1.804616302e-02
      vertex 4.603242874e-02 2.396292426e-02 1.858051494e-02
    endloop
  endfacet
  facet normal 1.742744744e-01 7.065037489e-01 6.859160662e-01
    outer loop
      vertex 4.603242874e-02 2.396292426e-02 1.858051494e-02
      vertex 5.013934895e-02 2.346864529e-02 1.804616302e-02
      vertex 4.592350498e-02 2.687729523e-02 1.560634468e-02
    endloop
  endfacet
  facet normal 2.763158083e-01 6.914821267e-01 6.674594283e-01
    outer loop
      vertex 4.603242874e-02 2.396292426e-02 1.858051494e-02
      vertex 4.592350498e-02 2.687729523e-02 1.560634468e-02
      vertex 4.196420684e-02 2.480331436e-02 1.939404756e-02
    endloop
  endfacet
  facet normal 1.689325869e-01 7.793840170e-01 6.033425927e-01
    outer loop
      vertex 4.196420684e-02 2.480331436e-02 1.939404756e-02
      vertex 4.592350498e-02 2.687729523e-02 1.560634468e-02
      vertex 4.177870601e-02 2.736122720e-02 1.614173315e-02
    endloop
  endfacet
  facet normal 2.515642047e-01 7.676644325e-01 5.894122720e-01
    outer loop
      vertex 4.196420684e-02 2.480331436e-02 1.939404756e-02
      vertex 4.177870601e-02 2.736122720e-02 1.614173315e-02
      vertex 3.781713918e-02 2.556913160e-02 2.016661875e-02
    endloop
  endfacet
  facet normal 1.591095179e-01 8.341865540e-01 5.280312300e-01
    outer loop
      vertex 3.781713918e-02 2.556913160e-02 2.016661875e-02
      vertex 4.177870601e-02 2.736122720e-02 1.614173315e-02
      vertex 3.757023439e-02 2.784801275e-02 1.664082892e-02
    endloop
  endfacet
  facet normal 1.793325841e-01 8.319056034e-01 5.251408219e-01
    outer loop
      vertex 3.781713918e-02 2.556913160e-02 2.016661875e-02
      vertex 3.757023439e-02 2.784801275e-02 1.664082892e-02
      vertex 3.357077017e-02 2.611535788e-02 2.075142041e-02
    endloop
  endfacet
  facet normal 1.349756867e-01 8.592124581e-01 4.934931695e-01
    outer loop
      vertex 3.357077017e-02 2.611535788e-02 2.075142041e-02
      vertex 3.757023439e-02 2.784801275e-02 1.664082892e-02
      vertex 3.228062019e-02 2.828070521e-02 1.733424328e-02
    endloop
  endfacet
  facet normal 1.209697798e-01 8.585049510e-01 4.983327687e-01
    outer loop
      vertex 3.357077017e-02 2.611535788e-02 2.075142041e-02
      vertex 3.228062019e-02 2.828070521e-02 1.733424328e-02
      vertex 3.332341090e-02 2.602992952e-02 2.095864154e-02
    endloop
  endfacet
  facet normal -7.064995170e-01 4.673316702e-02 7.061688304e-01
    outer loop
      vertex 4.713102803e-02 1.176119968e-02 2.001978643e-02
      vertex 4.913072288e-02 1.176182739e-02 2.202037722e-02
      vertex 4.698738083e-02 1.374971494e-02 1.974447444e-02
    endloop
  endfacet
  facet normal -6.900725961e-01 7.954224944e-02 7.193558216e-01
    outer loop
      vertex 4.698738083e-02 1.374971494e-02 1.974447444e-02
      vertex 4.913072288e-02 1.176182739e-02 2.202037722e-02
      vertex 4.901346192e-02 1.405644976e-02 2.165416256e-02
    endloop
  endfacet
  facet normal -6.768413186e-01 -8.303333819e-02 7.314310074e-01
    outer loop
      vertex 4.698738083e-02 1.374971494e-02 1.974447444e-02
      vertex 4.901346192e-02 1.405644976e-02 2.165416256e-02
      vertex 4.653042182e-02 1.563286409e-02 1.953539811e-02
    endloop
  endfacet
  facet normal -6.390560865e-01 2.657518350e-02 7.687008977e-01
    outer loop
      vertex 4.653042182e-02 1.563286409e-02 1.953539811e-02
      vertex 4.901346192e-02 1.405644976e-02 2.165416256e-02
      vertex 4.864161462e-02 1.621674560e-02 2.127034403e-02
    endloop
  endfacet
  facet normal -5.916441083e-01 -1.893033087e-01 7.836590409e-01
    outer loop
      vertex 4.653042182e-02 1.563286409e-02 1.953539811e-02
      vertex 4.864161462e-02 1.621674560e-02 2.127034403e-02
      vertex 4.600714520e-02 1.686503924e-02 1.943798549e-02
    endloop
  endfacet
  facet normal -5.738087893e-01 -1.749577560e-02 8.188024163e-01
    outer loop
      vertex 4.864161462e-02 1.621674560e-02 2.127034403e-02
      vertex 4.821119085e-02 1.765051112e-02 2.099934220e-02
      vertex 4.600714520e-02 1.686503924e-02 1.943798549e-02
    endloop
  endfacet
  facet normal -5.641548634e-01 -5.463683978e-02 8.238592744e-01
    outer loop
      vertex 4.600714520e-02 1.686503924e-02 1.943798549e-02
      vertex 4.821119085e-02 1.765051112e-02 2.099934220e-02
      vertex 4.807912931e-02 1.799914613e-02 2.093203366e-02
    endloop
  endfacet
  facet normal -4.639392495e-01 -2.656908035e-01 8.450850844e-01
    outer loop
      vertex 4.600714520e-02 1.686503924e-02 1.943798549e-02
      vertex 4.807912931e-02 1.799914613e-02 2.093203366e-02
      vertex 4.507208616e-02 1.832299866e-02 1.938302629e-02
    endloop
  endfacet
  facet normal -4.619256556e-01 -5.509269238e-02 8.852059245e-01
    outer loop
      vertex 4.507208616e-02 1.832299866e-02 1.938302629e-02
      vertex 4.807912931e-02 1.799914613e-02 2.093203366e-02
      vertex 4.723342136e-02 1.971789077e-02 2.059768885e-02
    endloop
  endfacet
  facet normal -3.292621672e-01 -2.761152089e-01 9.029655457e-01
    outer loop
      vertex 4.507208616e-02 1.832299866e-02 1.938302629e-02
      vertex 4.723342136e-02 1.971789077e-02 2.059768885e-02
      vertex 4.475445300e-02 1.870352030e-02 1.938356273e-02
    endloop
  endfacet
  facet normal -4.082519710e-01 -8.964824677e-02 9.084566832e-01
    outer loop
      vertex 4.723342136e-02 1.971789077e-02 2.059768885e-02
      vertex 4.684961587e-02 2.031242475e-02 2.048387937e-02
      vertex 4.475445300e-02 1.870352030e-02 1.938356273e-02
    endloop
  endfacet
  facet normal -3.980485797e-01 -1.049112007e-01 9.113456607e-01
    outer loop
      vertex 4.475445300e-02 1.870352030e-02 1.938356273e-02
      vertex 4.684961587e-02 2.031242475e-02 2.048387937e-02
      vertex 4.682465270e-02 2.034829184e-02 2.047710307e-02
    endloop
  endfacet
  facet normal -2.635041475e-01 -2.817381918e-01 9.225991368e-01
    outer loop
      vertex 4.475445300e-02 1.870352030e-02 1.938356273e-02
      vertex 4.682465270e-02 2.034829184e-02 2.047710307e-02
      vertex 4.418499768e-02 1.929280907e-02 1.940087415e-02
    endloop
  endfacet
  facet normal -3.437133431e-01 -9.321369231e-02 9.344369173e-01
    outer loop
      vertex 4.418499768e-02 1.929280907e-02 1.940087415e-02
      vertex 4.682465270e-02 2.034829184e-02 2.047710307e-02
      vertex 4.622310773e-02 2.112885006e-02 2.033370174e-02
    endloop
  endfacet
  facet normal -1.642214656e-01 -2.958073318e-01 9.410256743e-01
    outer loop
      vertex 4.418499768e-02 1.929280907e-02 1.940087415e-02
      vertex 4.622310773e-02 2.112885006e-02 2.033370174e-02
      vertex 4.286339507e-02 2.034222148e-02 1.950011402e-02
    endloop
  endfacet
  facet normal -2.243557125e-01 -7.165718824e-02 9.718692303e-01
    outer loop
      vertex 4.286339507e-02 2.034222148e-02 1.950011402e-02
      vertex 4.622310773e-02 2.112885006e-02 2.033370174e-02
      vertex 4.487948865e-02 2.245253325e-02 2.012112550e-02
    endloop
  endfacet
  facet normal -5.589127913e-02 -2.323514819e-01 9.710246921e-01
    outer loop
      vertex 4.286339507e-02 2.034222148e-02 1.950011402e-02
      vertex 4.487948865e-02 2.245253325e-02 2.012112550e-02
      vertex 4.281193390e-02 2.037630044e-02 1.950530708e-02
    endloop
  endfacet
  facet normal -1.612611711e-01 -1.295993775e-01 9.783653617e-01
    outer loop
      vertex 4.281193390e-02 2.037630044e-02 1.950530708e-02
      vertex 4.487948865e-02 2.245253325e-02 2.012112550e-02
      vertex 4.339187965e-02 2.349030040e-02 2.001339383e-02
    endloop
  endfacet
  facet normal 2.797706239e-02 -1.660429239e-01 9.857215881e-01
    outer loop
      vertex 4.281193390e-02 2.037630044e-02 1.950530708e-02
      vertex 4.339187965e-02 2.349030040e-02 2.001339383e-02
      vertex 4.140009359e-02 2.116602287e-02 1.967840642e-02
    endloop
  endfacet
  facet normal -5.740358680e-02 -9.405648708e-02 9.939105511e-01
    outer loop
      vertex 4.140009359e-02 2.116602287e-02 1.967840642e-02
      vertex 4.339187965e-02 2.349030040e-02 2.001339383e-02
      vertex 4.221880808e-02 2.409980074e-02 2.000332251e-02
    endloop
  endfacet
  facet normal 8.953844011e-02 -1.342851073e-01 9.868892431e-01
    outer loop
      vertex 4.140009359e-02 2.116602287e-02 1.967840642e-02
      vertex 4.221880808e-02 2.409980074e-02 2.000332251e-02
      vertex 4.069616273e-02 2.147337236e-02 1.978409290e-02
    endloop
  endfacet
  facet normal 1.149172783e-01 -1.486065388e-01 9.821965694e-01
    outer loop
      vertex 4.069616273e-02 2.147337236e-02 1.978409290e-02
      vertex 4.221880808e-02 2.409980074e-02 2.000332251e-02
      vertex 3.955831006e-02 2.187599242e-02 1.997813769e-02
    endloop
  endfacet
  facet normal 1.699107140e-02 -3.164490685e-02 9.993547201e-01
    outer loop
      vertex 3.955831006e-02 2.187599242e-02 1.997813769e-02
      vertex 4.221880808e-02 2.409980074e-02 2.000332251e-02
      vertex 4.152002186e-02 2.439660951e-02 2.002460137e-02
    endloop
  endfacet
  facet normal 1.541274637e-01 -1.379866153e-01 9.783682227e-01
    outer loop
      vertex 3.955831006e-02 2.187599242e-02 1.997813769e-02
      vertex 4.152002186e-02 2.439660951e-02 2.002460137e-02
      vertex 3.824219108e-02 2.222320251e-02 2.023444325e-02
    endloop
  endfacet
  facet normal 2.681533396e-01 5.316469469e-05 9.633762240e-01
    outer loop
      vertex 3.345599398e-02 2.570994198e-02 2.141967788e-02
      vertex 3.345606849e-02 2.271012217e-02 2.141982317e-02
      vertex 3.412194178e-02 2.570303530e-02 2.123431489e-02
    endloop
  endfacet
  facet normal 2.581796646e-01 2.440575743e-03 9.660938382e-01
    outer loop
      vertex 3.412194178e-02 2.570303530e-02 2.123431489e-02
      vertex 3.345606849e-02 2.271012217e-02 2.141982317e-02
      vertex 3.590257838e-02 2.259217575e-02 2.076631412e-02
    endloop
  endfacet
  facet normal 2.258304656e-01 -1.726735197e-02 9.740135670e-01
    outer loop
      vertex 3.412194178e-02 2.570303530e-02 2.123431489e-02
      vertex 3.590257838e-02 2.259217575e-02 2.076631412e-02
      vertex 3.684614971e-02 2.552035078e-02 2.059945278e-02
    endloop
  endfacet
  facet normal 2.193859965e-01 -1.510478090e-02 9.755212069e-01
    outer loop
      vertex 3.684614971e-02 2.552035078e-02 2.059945278e-02
      vertex 3.590257838e-02 2.259217575e-02 2.076631412e-02
      vertex 3.824219108e-02 2.222320251e-02 2.023444325e-02
    endloop
  endfacet
  facet normal 1.476245224e-01 -4.686325043e-02 9.879326224e-01
    outer loop
      vertex 3.684614971e-02 2.552035078e-02 2.059945278e-02
      vertex 3.824219108e-02 2.222320251e-02 2.023444325e-02
      vertex 3.936580569e-02 2.507332712e-02 2.020174079e-02
    endloop
  endfacet
  facet normal 7.614035904e-02 -1.857861876e-02 9.969239831e-01
    outer loop
      vertex 3.936580569e-02 2.507332712e-02 2.020174079e-02
      vertex 3.824219108e-02 2.222320251e-02 2.023444325e-02
      vertex 4.152002186e-02 2.439660951e-02 2.002460137e-02
    endloop
  endfacet
  facet normal -1.068727300e-02 9.343379140e-01 -3.562280834e-01
    outer loop
      vertex 3.791392222e-02 3.200010210e-02 -2.766198665e-02
      vertex 4.469607025e-02 3.184520081e-02 -2.827174775e-02
      vertex 4.439875111e-02 3.012578003e-02 -3.277263418e-02
    endloop
  endfacet
  facet normal 4.542313889e-02 4.162267745e-01 -9.081255198e-01
    outer loop
      vertex 6.894244254e-02 1.976443641e-02 -4.040091112e-02
      vertex 6.894295663e-02 1.787088625e-02 -4.126876965e-02
      vertex 5.655653402e-02 1.921527460e-02 -4.127213731e-02
    endloop
  endfacet
  facet normal 5.618432164e-02 6.582455039e-01 -7.507038116e-01
    outer loop
      vertex 3.898528218e-02 2.417789586e-02 -4.037978128e-02
      vertex 3.830642626e-02 2.435215563e-02 -4.027779028e-02
      vertex 3.684723750e-02 2.556358837e-02 -3.932476789e-02
    endloop
  endfacet
  facet normal -1.255999953e-01 8.922456503e-01 -4.337307811e-01
    outer loop
      vertex 1.799222268e-02 2.791999094e-02 -3.244116157e-02
      vertex 1.911326312e-02 2.997620963e-02 -2.853586152e-02
      vertex 2.368638851e-02 2.784274518e-02 -3.424898908e-02
    endloop
  endfacet
  facet normal -6.298528612e-02 9.738111496e-01 -2.184597850e-01
    outer loop
      vertex 3.147880360e-02 3.319538757e-02 -2.231957950e-02
      vertex 2.132659405e-02 3.287332132e-02 -2.082819119e-02
      vertex 2.241969109e-02 3.379806504e-02 -1.702119224e-02
    endloop
  endfacet
  facet normal -1.042845920e-01 8.329547644e-01 -5.434253812e-01
    outer loop
      vertex 2.368638851e-02 2.784274518e-02 -3.424898908e-02
      vertex 2.773035876e-02 2.559108287e-02 -3.847635165e-02
      vertex 2.158431336e-02 2.570532076e-02 -3.712180629e-02
    endloop
  endfacet
  facet normal -1.398948282e-01 8.673183918e-01 -4.776905179e-01
    outer loop
      vertex 1.799222268e-02 2.791999094e-02 -3.244116157e-02
      vertex 2.368638851e-02 2.784274518e-02 -3.424898908e-02
      vertex 1.772757433e-02 2.736887150e-02 -3.336429596e-02
    endloop
  endfacet
  facet normal -1.442143023e-01 8.415369987e-01 -5.205936432e-01
    outer loop
      vertex 1.772757433e-02 2.736887150e-02 -3.336429596e-02
      vertex 2.368638851e-02 2.784274518e-02 -3.424898908e-02
      vertex 2.158431336e-02 2.570532076e-02 -3.712180629e-02
    endloop
  endfacet
  facet normal -1.353229731e-01 8.470929265e-01 -5.139272809e-01
    outer loop
      vertex 1.772757433e-02 2.736887150e-02 -3.336429596e-02
      vertex 2.158431336e-02 2.570532076e-02 -3.712180629e-02
      vertex 1.699767075e-02 2.571061254e-02 -3.590537235e-02
    endloop
  endfacet
  facet normal -2.766678669e-02 7.736288905e-01 -6.330346465e-01
    outer loop
      vertex 3.496379778e-02 2.498760447e-02 -3.976115584e-02
      vertex 3.056602925e-02 2.544198558e-02 -3.901365399e-02
      vertex 3.007395752e-02 2.570164576e-02 -3.867482021e-02
    endloop
  endfacet
  facet normal -9.216481447e-02 7.212244868e-01 -6.865427494e-01
    outer loop
      vertex 3.007395752e-02 2.570164576e-02 -3.867482021e-02
      vertex 3.056602925e-02 2.544198558e-02 -3.901365399e-02
      vertex 2.773035876e-02 2.559108287e-02 -3.847635165e-02
    endloop
  endfacet
  facet normal -8.943160623e-02 7.768826485e-01 -6.232618093e-01
    outer loop
      vertex 3.007395752e-02 2.570164576e-02 -3.867482021e-02
      vertex 2.773035876e-02 2.559108287e-02 -3.847635165e-02
      vertex 3.027514741e-02 2.701553330e-02 -3.706595674e-02
    endloop
  endfacet
  facet normal -1.403614730e-01 8.118742108e-01 -5.667088032e-01
    outer loop
      vertex 3.027514741e-02 2.701553330e-02 -3.706595674e-02
      vertex 2.773035876e-02 2.559108287e-02 -3.847635165e-02
      vertex 2.368638851e-02 2.784274518e-02 -3.424898908e-02
    endloop
  endfacet
  facet normal -1.264144778e-01 8.320999742e-01 -5.400268435e-01
    outer loop
      vertex 3.027514741e-02 2.701553330e-02 -3.706595674e-02
      vertex 2.368638851e-02 2.784274518e-02 -3.424898908e-02
      vertex 3.046038002e-02 2.821301855e-02 -3.526417166e-02
    endloop
  endfacet
  facet normal -1.128624082e-01 8.978350759e-01 -4.256221354e-01
    outer loop
      vertex 3.046038002e-02 2.821301855e-02 -3.526417166e-02
      vertex 2.368638851e-02 2.784274518e-02 -3.424898908e-02
      vertex 1.911326312e-02 2.997620963e-02 -2.853586152e-02
    endloop
  endfacet
  facet normal -1.259492934e-01 8.867375255e-01 -4.447846413e-01
    outer loop
      vertex 3.046038002e-02 2.821301855e-02 -3.526417166e-02
      vertex 1.911326312e-02 2.997620963e-02 -2.853586152e-02
      vertex 3.080358729e-02 3.027773649e-02 -3.124506585e-02
    endloop
  endfacet
  facet normal -1.075115949e-01 9.264224172e-01 -3.608084321e-01
    outer loop
      vertex 3.080358729e-02 3.027773649e-02 -3.124506585e-02
      vertex 1.911326312e-02 2.997620963e-02 -2.853586152e-02
      vertex 2.021593228e-02 3.159994259e-02 -2.469527908e-02
    endloop
  endfacet
  facet normal -9.709854424e-02 9.334228635e-01 -3.453890085e-01
    outer loop
      vertex 3.080358729e-02 3.027773649e-02 -3.124506585e-02
      vertex 2.021593228e-02 3.159994259e-02 -2.469527908e-02
      vertex 3.113632090e-02 3.192956001e-02 -2.687451430e-02
    endloop
  endfacet
  facet normal 1.355660856e-01 4.201085567e-01 -8.972907066e-01
    outer loop
      vertex 4.501764104e-02 2.134914324e-02 -4.132843763e-02
      vertex 4.371719062e-02 2.224472165e-02 -4.110560566e-02
      vertex 4.338334501e-02 2.320522070e-02 -4.070634395e-02
    endloop
  endfacet
  facet normal 5.453542247e-02 3.993741572e-01 -9.151645899e-01
    outer loop
      vertex 4.338334501e-02 2.320522070e-02 -4.070634395e-02
      vertex 4.371719062e-02 2.224472165e-02 -4.110560566e-02
      vertex 4.154002294e-02 2.332521789e-02 -4.076382145e-02
    endloop
  endfacet
  facet normal 5.993354321e-02 5.094956756e-01 -8.583834171e-01
    outer loop
      vertex 4.338334501e-02 2.320522070e-02 -4.070634395e-02
      vertex 4.154002294e-02 2.332521789e-02 -4.076382145e-02
      vertex 4.363323376e-02 2.491845936e-02 -3.967199847e-02
    endloop
  endfacet
  facet normal 1.662447490e-02 2.179597765e-01 -9.758161306e-01
    outer loop
      vertex 4.984844476e-02 2.013693191e-02 -4.133985192e-02
      vertex 4.927829653e-02 1.596161164e-02 -4.228217155e-02
      vertex 4.863697290e-02 1.586291939e-02 -4.231514037e-02
    endloop
  endfacet
  facet normal 1.099592149e-01 1.913940459e-01 -9.753344655e-01
    outer loop
      vertex 4.863697290e-02 1.586291939e-02 -4.231514037e-02
      vertex 4.824361578e-02 1.703467220e-02 -4.212955013e-02
      vertex 4.984844476e-02 2.013693191e-02 -4.133985192e-02
    endloop
  endfacet
  facet normal 8.294840902e-02 2.053257227e-01 -9.751722217e-01
    outer loop
      vertex 4.984844476e-02 2.013693191e-02 -4.133985192e-02
      vertex 4.824361578e-02 1.703467220e-02 -4.212955013e-02
      vertex 4.740352556e-02 1.870207302e-02 -4.184992984e-02
    endloop
  endfacet
  facet normal 6.798772514e-02 2.293249220e-01 -9.709725976e-01
    outer loop
      vertex 4.984844476e-02 2.013693191e-02 -4.133985192e-02
      vertex 4.740352556e-02 1.870207302e-02 -4.184992984e-02
      vertex 4.642114043e-02 2.002325468e-02 -4.160667956e-02
    endloop
  endfacet
  facet normal 3.368487523e-04 1.486307979e-01 -9.888926744e-01
    outer loop
      vertex 4.915058240e-02 1.176215895e-02 -4.293722287e-02
      vertex 4.902679846e-02 1.387553848e-02 -4.261962324e-02
      vertex 5.555216596e-02 1.176202577e-02 -4.293506220e-02
    endloop
  endfacet
  facet normal 7.036781870e-03 1.688281298e-01 -9.856203794e-01
    outer loop
      vertex 5.555216596e-02 1.176202577e-02 -4.293506220e-02
      vertex 4.902679846e-02 1.387553848e-02 -4.261962324e-02
      vertex 5.598776042e-02 1.499150321e-02 -4.237877205e-02
    endloop
  endfacet
  facet normal 2.768002159e-04 1.697179228e-01 -9.854926467e-01
    outer loop
      vertex 5.555216596e-02 1.176202577e-02 -4.293506220e-02
      vertex 5.598776042e-02 1.499150321e-02 -4.237877205e-02
      vertex 6.831268966e-02 1.176203601e-02 -4.293147847e-02
    endloop
  endfacet
  facet normal 5.214217119e-03 1.879902035e-01 -9.821570516e-01
    outer loop
      vertex 6.831268966e-02 1.176203601e-02 -4.293147847e-02
      vertex 5.598776042e-02 1.499150321e-02 -4.237877205e-02
      vertex 6.894252449e-02 1.406229846e-02 -4.248785228e-02
    endloop
  endfacet
  facet normal 3.555627773e-04 1.892755777e-01 -9.819239378e-01
    outer loop
      vertex 6.831268966e-02 1.176203601e-02 -4.293147847e-02
      vertex 6.894252449e-02 1.406229846e-02 -4.248785228e-02
      vertex 6.894290447e-02 1.176213380e-02 -4.293122888e-02
    endloop
  endfacet
  facet normal 2.738663740e-02 2.498990297e-01 -9.678845406e-01
    outer loop
      vertex 5.655653402e-02 1.921527460e-02 -4.127213731e-02
      vertex 6.894295663e-02 1.787088625e-02 -4.126876965e-02
      vertex 5.598776042e-02 1.499150321e-02 -4.237877205e-02
    endloop
  endfacet
  facet normal -4.445072773e-05 3.598722219e-01 -9.330015779e-01
    outer loop
      vertex 5.598776042e-02 1.499150321e-02 -4.237877205e-02
      vertex 6.894295663e-02 1.787088625e-02 -4.126876965e-02
      vertex 6.894318759e-02 1.693461649e-02 -4.162990302e-02
    endloop
  endfacet
  facet normal 1.245937403e-02 2.861761153e-01 -9.580960274e-01
    outer loop
      vertex 5.598776042e-02 1.499150321e-02 -4.237877205e-02
      vertex 6.894318759e-02 1.693461649e-02 -4.162990302e-02
      vertex 6.894252449e-02 1.406229846e-02 -4.248785228e-02
    endloop
  endfacet
  facet normal 5.512686819e-02 7.943941355e-01 -6.048958302e-01
    outer loop
      vertex 5.755405873e-02 2.646186389e-02 -3.665999696e-02
      vertex 5.792643502e-02 2.919437923e-02 -3.303752095e-02
      vertex 6.893954426e-02 2.851989307e-02 -3.291963413e-02
    endloop
  endfacet
  facet normal 6.355679780e-02 7.799486518e-01 -6.226079464e-01
    outer loop
      vertex 6.893954426e-02 2.851989307e-02 -3.291963413e-02
      vertex 6.894022971e-02 2.723410912e-02 -3.453027830e-02
      vertex 5.755405873e-02 2.646186389e-02 -3.665999696e-02
    endloop
  endfacet
  facet normal 8.135169744e-02 7.151296735e-01 -6.942416430e-01
    outer loop
      vertex 5.755405873e-02 2.646186389e-02 -3.665999696e-02
      vertex 6.894022971e-02 2.723410912e-02 -3.453027830e-02
      vertex 6.894118339e-02 2.520056441e-02 -3.662489727e-02
    endloop
  endfacet
  facet normal 7.741699368e-02 6.786001325e-01 -7.304166555e-01
    outer loop
      vertex 5.755405873e-02 2.646186389e-02 -3.665999696e-02
      vertex 6.894118339e-02 2.520056441e-02 -3.662489727e-02
      vertex 5.733538419e-02 2.485722676e-02 -3.817397729e-02
    endloop
  endfacet
  facet normal 7.996064425e-02 6.614877582e-01 -7.456810474e-01
    outer loop
      vertex 5.733538419e-02 2.485722676e-02 -3.817397729e-02
      vertex 6.894118339e-02 2.520056441e-02 -3.662489727e-02
      vertex 6.894137710e-02 2.458679304e-02 -3.716934845e-02
    endloop
  endfacet
  facet normal 8.378241211e-02 5.766835809e-01 -8.126601577e-01
    outer loop
      vertex 5.733538419e-02 2.485722676e-02 -3.817397729e-02
      vertex 6.894137710e-02 2.458679304e-02 -3.716934845e-02
      vertex 5.709370598e-02 2.310204133e-02 -3.944441676e-02
    endloop
  endfacet
  facet normal 7.198503613e-02 6.212431788e-01 -7.803044319e-01
    outer loop
      vertex 5.709370598e-02 2.310204133e-02 -3.944441676e-02
      vertex 6.894137710e-02 2.458679304e-02 -3.716934845e-02
      vertex 6.894171983e-02 2.317566797e-02 -3.829279169e-02
    endloop
  endfacet
  facet normal 7.572313398e-02 5.734850168e-01 -8.157088757e-01
    outer loop
      vertex 5.709370598e-02 2.310204133e-02 -3.944441676e-02
      vertex 6.894171983e-02 2.317566797e-02 -3.829279169e-02
      vertex 6.894192100e-02 2.226172015e-02 -3.893532231e-02
    endloop
  endfacet
  facet normal 2.582067810e-02 9.127636552e-01 -4.076712430e-01
    outer loop
      vertex 6.893724203e-02 3.192850575e-02 -2.679622173e-02
      vertex 6.893785298e-02 3.111822717e-02 -2.861037478e-02
      vertex 5.823514611e-02 3.130743653e-02 -2.886462025e-02
    endloop
  endfacet
  facet normal 2.655938268e-02 8.895683289e-01 -4.560293555e-01
    outer loop
      vertex 5.823514611e-02 3.130743653e-02 -2.886462025e-02
      vertex 6.893785298e-02 3.111822717e-02 -2.861037478e-02
      vertex 6.893824786e-02 3.058350086e-02 -2.965343371e-02
    endloop
  endfacet
  facet normal 2.686751820e-02 8.910157084e-01 -4.531767368e-01
    outer loop
      vertex 5.823514611e-02 3.130743653e-02 -2.886462025e-02
      vertex 6.893824786e-02 3.058350086e-02 -2.965343371e-02
      vertex 5.792643502e-02 2.919437923e-02 -3.303752095e-02
    endloop
  endfacet
  facet normal 5.216149613e-02 8.527170420e-01 -5.197622180e-01
    outer loop
      vertex 5.792643502e-02 2.919437923e-02 -3.303752095e-02
      vertex 6.893824786e-02 3.058350086e-02 -2.965343371e-02
      vertex 6.893929839e-02 2.902883291e-02 -3.220390156e-02
    endloop
  endfacet
  facet normal 5.602738634e-02 8.136969805e-01 -5.785828829e-01
    outer loop
      vertex 5.792643502e-02 2.919437923e-02 -3.303752095e-02
      vertex 6.893929839e-02 2.902883291e-02 -3.220390156e-02
      vertex 6.893954426e-02 2.851989307e-02 -3.291963413e-02
    endloop
  endfacet
  facet normal 5.955033004e-03 9.543437958e-01 -2.986510396e-01
    outer loop
      vertex 6.893663853e-02 3.264746442e-02 -2.484834008e-02
      vertex 5.851399526e-02 3.285473213e-02 -2.439383604e-02
      vertex 6.893625110e-02 3.298074380e-02 -2.378335036e-02
    endloop
  endfacet
  facet normal 2.027207520e-03 9.719384313e-01 -2.352266759e-01
    outer loop
      vertex 6.893625110e-02 3.298074380e-02 -2.378335036e-02
      vertex 5.851399526e-02 3.285473213e-02 -2.439383604e-02
      vertex 6.893521547e-02 3.374468163e-02 -2.062683366e-02
    endloop
  endfacet
  facet normal -6.020414084e-02 9.750115275e-01 -2.138411552e-01
    outer loop
      vertex 2.241969109e-02 3.379806504e-02 -1.702119224e-02
      vertex 2.846798114e-02 3.380095959e-02 -1.871082000e-02
      vertex 3.147880360e-02 3.319538757e-02 -2.231957950e-02
    endloop
  endfacet
  facet normal -3.921737522e-02 9.795984030e-01 -1.971014142e-01
    outer loop
      vertex 3.147880360e-02 3.319538757e-02 -2.231957950e-02
      vertex 2.846798114e-02 3.380095959e-02 -1.871082000e-02
      vertex 3.460593894e-02 3.378008306e-02 -2.003584243e-02
    endloop
  endfacet
  facet normal -1.573276892e-02 9.735988379e-01 -2.277229726e-01
    outer loop
      vertex 3.147880360e-02 3.319538757e-02 -2.231957950e-02
      vertex 3.460593894e-02 3.378008306e-02 -2.003584243e-02
      vertex 4.498667642e-02 3.312902153e-02 -2.353654057e-02
    endloop
  endfacet
  facet normal -1.459120680e-02 9.743691683e-01 -2.244811207e-01
    outer loop
      vertex 4.498667642e-02 3.312902153e-02 -2.353654057e-02
      vertex 3.460593894e-02 3.378008306e-02 -2.003584243e-02
      vertex 4.086317867e-02 3.375329077e-02 -2.055884711e-02
    endloop
  endfacet
  facet normal -1.129107433e-03 9.784067869e-01 -2.066853493e-01
    outer loop
      vertex 4.498667642e-02 3.312902153e-02 -2.353654057e-02
      vertex 4.086317867e-02 3.375329077e-02 -2.055884711e-02
      vertex 4.714260995e-02 3.374482319e-02 -2.063324861e-02
    endloop
  endfacet
  facet normal 4.640049115e-02 5.224812031e-01 -8.513873219e-01
    outer loop
      vertex 4.154002294e-02 2.332521789e-02 -4.076382145e-02
      vertex 3.898528218e-02 2.417789586e-02 -4.037978128e-02
      vertex 4.363323376e-02 2.491845936e-02 -3.967199847e-02
    endloop
  endfacet
  facet normal 1.941048913e-02 6.244422793e-01 -7.808297276e-01
    outer loop
      vertex 4.363323376e-02 2.491845936e-02 -3.967199847e-02
      vertex 3.898528218e-02 2.417789586e-02 -4.037978128e-02
      vertex 3.684723750e-02 2.556358837e-02 -3.932476789e-02
    endloop
  endfacet
  facet normal 2.297271602e-02 6.503280401e-01 -7.593060732e-01
    outer loop
      vertex 4.363323376e-02 2.491845936e-02 -3.967199847e-02
      vertex 3.684723750e-02 2.556358837e-02 -3.932476789e-02
      vertex 4.385816678e-02 2.647028118e-02 -3.833609447e-02
    endloop
  endfacet
  facet normal 5.216325633e-03 7.182933092e-01 -6.957208514e-01
    outer loop
      vertex 4.385816678e-02 2.647028118e-02 -3.833609447e-02
      vertex 3.684723750e-02 2.556358837e-02 -3.932476789e-02
      vertex 3.706354648e-02 2.697852813e-02 -3.786230087e-02
    endloop
  endfacet
  facet normal 1.193160098e-02 7.625173926e-01 -6.468576789e-01
    outer loop
      vertex 4.385816678e-02 2.647028118e-02 -3.833609447e-02
      vertex 3.706354648e-02 2.697852813e-02 -3.786230087e-02
      vertex 4.405759647e-02 2.785021067e-02 -3.670575097e-02
    endloop
  endfacet
  facet normal -2.166805556e-03 8.048352003e-01 -5.934944153e-01
    outer loop
      vertex 4.405759647e-02 2.785021067e-02 -3.670575097e-02
      vertex 3.706354648e-02 2.697852813e-02 -3.786230087e-02
      vertex 3.725794330e-02 2.824511752e-02 -3.614539281e-02
    endloop
  endfacet
  facet normal 3.848588327e-03 8.387950063e-01 -5.444337726e-01
    outer loop
      vertex 4.405759647e-02 2.785021067e-02 -3.670575097e-02
      vertex 3.725794330e-02 2.824511752e-02 -3.614539281e-02
      vertex 4.423608631e-02 2.906464599e-02 -3.483343869e-02
    endloop
  endfacet
  facet normal -6.414104719e-03 8.630838394e-01 -5.050199032e-01
    outer loop
      vertex 4.423608631e-02 2.906464599e-02 -3.483343869e-02
      vertex 3.725794330e-02 2.824511752e-02 -3.614539281e-02
      vertex 3.743522614e-02 2.937109396e-02 -3.422334045e-02
    endloop
  endfacet
  facet normal -9.994487045e-04 8.890927434e-01 -4.577259421e-01
    outer loop
      vertex 4.423608631e-02 2.906464599e-02 -3.483343869e-02
      vertex 3.743522614e-02 2.937109396e-02 -3.422334045e-02
      vertex 4.439875111e-02 3.012578003e-02 -3.277263418e-02
    endloop
  endfacet
  facet normal -8.067000657e-03 9.024382830e-01 -4.307436347e-01
    outer loop
      vertex 4.439875111e-02 3.012578003e-02 -3.277263418e-02
      vertex 3.743522614e-02 2.937109396e-02 -3.422334045e-02
      vertex 3.760066628e-02 3.036556020e-02 -3.214296326e-02
    endloop
  endfacet
  facet normal 1.385691576e-03 9.394176602e-01 -3.427718580e-01
    outer loop
      vertex 4.439875111e-02 3.012578003e-02 -3.277263418e-02
      vertex 3.760066628e-02 3.036556020e-02 -3.214296326e-02
      vertex 3.791392222e-02 3.200010210e-02 -2.766198665e-02
    endloop
  endfacet
  facet normal -5.122205708e-03 6.144686937e-01 -7.889245749e-01
    outer loop
      vertex 3.830642626e-02 2.435215563e-02 -4.027779028e-02
      vertex 3.496379778e-02 2.498760447e-02 -3.976115584e-02
      vertex 3.684723750e-02 2.556358837e-02 -3.932476789e-02
    endloop
  endfacet
  facet normal -5.318093672e-02 7.076783180e-01 -7.045304775e-01
    outer loop
      vertex 3.684723750e-02 2.556358837e-02 -3.932476789e-02
      vertex 3.496379778e-02 2.498760447e-02 -3.976115584e-02
      vertex 3.007395752e-02 2.570164576e-02 -3.867482021e-02
    endloop
  endfacet
  facet normal -5.154827237e-02 7.215325236e-01 -6.904589534e-01
    outer loop
      vertex 3.684723750e-02 2.556358837e-02 -3.932476789e-02
      vertex 3.007395752e-02 2.570164576e-02 -3.867482021e-02
      vertex 3.706354648e-02 2.697852813e-02 -3.786230087e-02
    endloop
  endfacet
  facet normal -6.917852908e-02 7.769016623e-01 -6.258100271e-01
    outer loop
      vertex 3.706354648e-02 2.697852813e-02 -3.786230087e-02
      vertex 3.007395752e-02 2.570164576e-02 -3.867482021e-02
      vertex 3.027514741e-02 2.701553330e-02 -3.706595674e-02
    endloop
  endfacet
  facet normal -6.454338133e-02 8.065191507e-01 -5.876742005e-01
    outer loop
      vertex 3.706354648e-02 2.697852813e-02 -3.786230087e-02
      vertex 3.027514741e-02 2.701553330e-02 -3.706595674e-02
      vertex 3.725794330e-02 2.824511752e-02 -3.614539281e-02
    endloop
  endfacet
  facet normal -7.480096072e-02 8.340342045e-01 -5.466184616e-01
    outer loop
      vertex 3.725794330e-02 2.824511752e-02 -3.614539281e-02
      vertex 3.027514741e-02 2.701553330e-02 -3.706595674e-02
      vertex 3.046038002e-02 2.821301855e-02 -3.526417166e-02
    endloop
  endfacet
  facet normal -6.883683056e-02 8.635532260e-01 -4.995371103e-01
    outer loop
      vertex 3.725794330e-02 2.824511752e-02 -3.614539281e-02
      vertex 3.046038002e-02 2.821301855e-02 -3.526417166e-02
      vertex 3.743522614e-02 2.937109396e-02 -3.422334045e-02
    endloop
  endfacet
  facet normal -8.051396906e-02 8.893803954e-01 -4.500222802e-01
    outer loop
      vertex 3.743522614e-02 2.937109396e-02 -3.422334045e-02
      vertex 3.046038002e-02 2.821301855e-02 -3.526417166e-02
      vertex 3.080358729e-02 3.027773649e-02 -3.124506585e-02
    endloop
  endfacet
  facet normal -6.791665405e-02 9.022257924e-01 -4.258825779e-01
    outer loop
      vertex 3.743522614e-02 2.937109396e-02 -3.422334045e-02
      vertex 3.080358729e-02 3.027773649e-02 -3.124506585e-02
      vertex 3.760066628e-02 3.036556020e-02 -3.214296326e-02
    endloop
  endfacet
  facet normal -5.819524080e-02 9.352926016e-01 -3.490574062e-01
    outer loop
      vertex 3.760066628e-02 3.036556020e-02 -3.214296326e-02
      vertex 3.080358729e-02 3.027773649e-02 -3.124506585e-02
      vertex 3.113632090e-02 3.192956001e-02 -2.687451430e-02
    endloop
  endfacet
  facet normal -4.919264466e-02 9.394145608e-01 -3.392349482e-01
    outer loop
      vertex 3.760066628e-02 3.036556020e-02 -3.214296326e-02
      vertex 3.113632090e-02 3.192956001e-02 -2.687451430e-02
      vertex 3.791392222e-02 3.200010210e-02 -2.766198665e-02
    endloop
  endfacet
  facet normal 7.104789466e-02 4.681332409e-01 -8.807970881e-01
    outer loop
      vertex 6.894192100e-02 2.226172015e-02 -3.893532231e-02
      vertex 5.683222041e-02 2.121361718e-02 -4.046918452e-02
      vertex 5.709370598e-02 2.310204133e-02 -3.944441676e-02
    endloop
  endfacet
  facet normal 8.283618838e-02 4.664319456e-01 -8.806698918e-01
    outer loop
      vertex 5.709370598e-02 2.310204133e-02 -3.944441676e-02
      vertex 5.683222041e-02 2.121361718e-02 -4.046918452e-02
      vertex 5.038125813e-02 2.393302508e-02 -3.963567689e-02
    endloop
  endfacet
  facet normal 9.435706586e-02 5.751667619e-01 -8.125761151e-01
    outer loop
      vertex 5.709370598e-02 2.310204133e-02 -3.944441676e-02
      vertex 5.038125813e-02 2.393302508e-02 -3.963567689e-02
      vertex 5.733538419e-02 2.485722676e-02 -3.817397729e-02
    endloop
  endfacet
  facet normal 8.976200968e-02 5.916831493e-01 -8.011578321e-01
    outer loop
      vertex 5.733538419e-02 2.485722676e-02 -3.817397729e-02
      vertex 5.038125813e-02 2.393302508e-02 -3.963567689e-02
      vertex 5.061532184e-02 2.561424114e-02 -3.836781532e-02
    endloop
  endfacet
  facet normal 9.721846133e-02 6.759695411e-01 -7.304886580e-01
    outer loop
      vertex 5.733538419e-02 2.485722676e-02 -3.817397729e-02
      vertex 5.061532184e-02 2.561424114e-02 -3.836781532e-02
      vertex 5.755405873e-02 2.646186389e-02 -3.665999696e-02
    endloop
  endfacet
  facet normal 6.529223919e-02 5.050773025e-01 -8.606008887e-01
    outer loop
      vertex 6.894192100e-02 2.226172015e-02 -3.893532231e-02
      vertex 6.894244254e-02 1.976443641e-02 -4.040091112e-02
      vertex 5.683222041e-02 2.121361718e-02 -4.046918452e-02
    endloop
  endfacet
  facet normal 4.910125956e-02 3.665486574e-01 -9.291023612e-01
    outer loop
      vertex 5.683222041e-02 2.121361718e-02 -4.046918452e-02
      vertex 6.894244254e-02 1.976443641e-02 -4.040091112e-02
      vertex 5.655653402e-02 1.921527460e-02 -4.127213731e-02
    endloop
  endfacet
  facet normal 5.954023451e-02 3.650934994e-01 -9.290649891e-01
    outer loop
      vertex 5.683222041e-02 2.121361718e-02 -4.046918452e-02
      vertex 5.655653402e-02 1.921527460e-02 -4.127213731e-02
      vertex 4.984844476e-02 2.013693191e-02 -4.133985192e-02
    endloop
  endfacet
  facet normal 4.379975796e-02 2.476801425e-01 -9.678512812e-01
    outer loop
      vertex 4.984844476e-02 2.013693191e-02 -4.133985192e-02
      vertex 5.655653402e-02 1.921527460e-02 -4.127213731e-02
      vertex 5.598776042e-02 1.499150321e-02 -4.237877205e-02
    endloop
  endfacet
  facet normal 1.744880900e-02 2.178495228e-01 -9.758263826e-01
    outer loop
      vertex 4.984844476e-02 2.013693191e-02 -4.133985192e-02
      vertex 5.598776042e-02 1.499150321e-02 -4.237877205e-02
      vertex 4.927829653e-02 1.596161164e-02 -4.228217155e-02
    endloop
  endfacet
  facet normal 8.725240827e-03 1.586576104e-01 -9.872950912e-01
    outer loop
      vertex 4.927829653e-02 1.596161164e-02 -4.228217155e-02
      vertex 5.598776042e-02 1.499150321e-02 -4.237877205e-02
      vertex 4.902679846e-02 1.387553848e-02 -4.261962324e-02
    endloop
  endfacet
  facet normal 2.667400613e-02 1.564974338e-01 -9.873180985e-01
    outer loop
      vertex 4.927829653e-02 1.596161164e-02 -4.228217155e-02
      vertex 4.902679846e-02 1.387553848e-02 -4.261962324e-02
      vertex 4.863697290e-02 1.586291939e-02 -4.231514037e-02
    endloop
  endfacet
  facet normal 6.744981511e-05 9.782274365e-01 -2.075358480e-01
    outer loop
      vertex 4.714260995e-02 3.374482319e-02 -2.063324861e-02
      vertex 6.893521547e-02 3.374468163e-02 -2.062683366e-02
      vertex 4.498667642e-02 3.312902153e-02 -2.353654057e-02
    endloop
  endfacet
  facet normal 4.379677121e-03 9.704217315e-01 -2.413763404e-01
    outer loop
      vertex 4.498667642e-02 3.312902153e-02 -2.353654057e-02
      vertex 6.893521547e-02 3.374468163e-02 -2.062683366e-02
      vertex 5.851399526e-02 3.285473213e-02 -2.439383604e-02
    endloop
  endfacet
  facet normal -1.559632481e-03 9.450333714e-01 -3.269701302e-01
    outer loop
      vertex 4.498667642e-02 3.312902153e-02 -2.353654057e-02
      vertex 5.851399526e-02 3.285473213e-02 -2.439383604e-02
      vertex 5.823514611e-02 3.130743653e-02 -2.886462025e-02
    endloop
  endfacet
  facet normal 4.517830908e-03 9.449077249e-01 -3.273057044e-01
    outer loop
      vertex 5.823514611e-02 3.130743653e-02 -2.886462025e-02
      vertex 5.851399526e-02 3.285473213e-02 -2.439383604e-02
      vertex 6.893663853e-02 3.264746442e-02 -2.484834008e-02
    endloop
  endfacet
  facet normal 1.247826125e-02 9.380653501e-01 -3.462335467e-01
    outer loop
      vertex 5.823514611e-02 3.130743653e-02 -2.886462025e-02
      vertex 6.893663853e-02 3.264746442e-02 -2.484834008e-02
      vertex 6.893724203e-02 3.192850575e-02 -2.679622173e-02
    endloop
  endfacet
  facet normal 8.592600375e-02 7.083052993e-01 -7.006570697e-01
    outer loop
      vertex 5.061532184e-02 2.561424114e-02 -3.836781532e-02
      vertex 5.082337931e-02 2.712708712e-02 -3.681293875e-02
      vertex 5.755405873e-02 2.646186389e-02 -3.665999696e-02
    endloop
  endfacet
  facet normal 9.202311933e-02 7.924615741e-01 -6.029398441e-01
    outer loop
      vertex 5.755405873e-02 2.646186389e-02 -3.665999696e-02
      vertex 5.082337931e-02 2.712708712e-02 -3.681293875e-02
      vertex 5.100852624e-02 2.847155929e-02 -3.501760215e-02
    endloop
  endfacet
  facet normal 9.075279534e-02 7.905390263e-01 -6.056500673e-01
    outer loop
      vertex 5.755405873e-02 2.646186389e-02 -3.665999696e-02
      vertex 5.100852624e-02 2.847155929e-02 -3.501760215e-02
      vertex 5.792643502e-02 2.919437923e-02 -3.303752095e-02
    endloop
  endfacet
  facet normal 5.784345046e-02 8.555863500e-01 -5.144182444e-01
    outer loop
      vertex 5.792643502e-02 2.919437923e-02 -3.303752095e-02
      vertex 5.100852624e-02 2.847155929e-02 -3.501760215e-02
      vertex 5.117516592e-02 2.965468168e-02 -3.303108364e-02
    endloop
  endfacet
  facet normal 6.015991420e-02 8.887235522e-01 -4.544790387e-01
    outer loop
      vertex 5.792643502e-02 2.919437923e-02 -3.303752095e-02
      vertex 5.117516592e-02 2.965468168e-02 -3.303108364e-02
      vertex 5.823514611e-02 3.130743653e-02 -2.886462025e-02
    endloop
  endfacet
  facet normal 2.432687953e-02 9.144504666e-01 -4.039660692e-01
    outer loop
      vertex 5.823514611e-02 3.130743653e-02 -2.886462025e-02
      vertex 5.117516592e-02 2.965468168e-02 -3.303108364e-02
      vertex 5.147171766e-02 3.157796338e-02 -2.865952440e-02
    endloop
  endfacet
  facet normal 3.098508529e-02 9.668386579e-01 -2.535013258e-01
    outer loop
      vertex 5.823514611e-02 3.130743653e-02 -2.886462025e-02
      vertex 5.147171766e-02 3.157796338e-02 -2.865952440e-02
      vertex 4.498667642e-02 3.312902153e-02 -2.353654057e-02
    endloop
  endfacet
  facet normal 6.649053842e-02 2.578498721e-01 -9.638944268e-01
    outer loop
      vertex 4.642114043e-02 2.002325468e-02 -4.160667956e-02
      vertex 4.579364881e-02 2.067647502e-02 -4.147522524e-02
      vertex 4.984844476e-02 2.013693191e-02 -4.133985192e-02
    endloop
  endfacet
  facet normal 7.039284706e-02 2.895130813e-01 -9.545820951e-01
    outer loop
      vertex 4.984844476e-02 2.013693191e-02 -4.133985192e-02
      vertex 4.579364881e-02 2.067647502e-02 -4.147522524e-02
      vertex 4.501764104e-02 2.134914324e-02 -4.132843763e-02
    endloop
  endfacet
  facet normal 7.263603806e-02 2.984250188e-01 -9.516651034e-01
    outer loop
      vertex 4.984844476e-02 2.013693191e-02 -4.133985192e-02
      vertex 4.501764104e-02 2.134914324e-02 -4.132843763e-02
      vertex 5.683222041e-02 2.121361718e-02 -4.046918452e-02
    endloop
  endfacet
  facet normal 7.155622542e-02 3.730504513e-01 -9.250476360e-01
    outer loop
      vertex 5.683222041e-02 2.121361718e-02 -4.046918452e-02
      vertex 4.501764104e-02 2.134914324e-02 -4.132843763e-02
      vertex 4.338334501e-02 2.320522070e-02 -4.070634395e-02
    endloop
  endfacet
  facet normal 8.528085798e-02 4.713548422e-01 -8.778107762e-01
    outer loop
      vertex 5.683222041e-02 2.121361718e-02 -4.046918452e-02
      vertex 4.338334501e-02 2.320522070e-02 -4.070634395e-02
      vertex 5.038125813e-02 2.393302508e-02 -3.963567689e-02
    endloop
  endfacet
  facet normal 7.863240689e-02 5.068151951e-01 -8.584610224e-01
    outer loop
      vertex 5.038125813e-02 2.393302508e-02 -3.963567689e-02
      vertex 4.338334501e-02 2.320522070e-02 -4.070634395e-02
      vertex 4.363323376e-02 2.491845936e-02 -3.967199847e-02
    endloop
  endfacet
  facet normal 9.069778770e-02 5.915483832e-01 -8.011519313e-01
    outer loop
      vertex 5.038125813e-02 2.393302508e-02 -3.963567689e-02
      vertex 4.363323376e-02 2.491845936e-02 -3.967199847e-02
      vertex 5.061532184e-02 2.561424114e-02 -3.836781532e-02
    endloop
  endfacet
  facet normal 7.800149173e-02 6.439092755e-01 -7.611153722e-01
    outer loop
      vertex 5.061532184e-02 2.561424114e-02 -3.836781532e-02
      vertex 4.363323376e-02 2.491845936e-02 -3.967199847e-02
      vertex 4.385816678e-02 2.647028118e-02 -3.833609447e-02
    endloop
  endfacet
  facet normal 8.643504977e-02 7.082393765e-01 -7.006610632e-01
    outer loop
      vertex 5.061532184e-02 2.561424114e-02 -3.836781532e-02
      vertex 4.385816678e-02 2.647028118e-02 -3.833609447e-02
      vertex 5.082337931e-02 2.712708712e-02 -3.681293875e-02
    endloop
  endfacet
  facet normal 7.063008100e-02 7.571085095e-01 -6.494598389e-01
    outer loop
      vertex 5.082337931e-02 2.712708712e-02 -3.681293875e-02
      vertex 4.385816678e-02 2.647028118e-02 -3.833609447e-02
      vertex 4.405759647e-02 2.785021067e-02 -3.670575097e-02
    endloop
  endfacet
  facet normal 7.535833120e-02 7.944141030e-01 -6.026834249e-01
    outer loop
      vertex 5.082337931e-02 2.712708712e-02 -3.681293875e-02
      vertex 4.405759647e-02 2.785021067e-02 -3.670575097e-02
      vertex 5.100852624e-02 2.847155929e-02 -3.501760215e-02
    endloop
  endfacet
  facet normal 5.824504793e-02 8.350003362e-01 -5.471581221e-01
    outer loop
      vertex 5.100852624e-02 2.847155929e-02 -3.501760215e-02
      vertex 4.405759647e-02 2.785021067e-02 -3.670575097e-02
      vertex 4.423608631e-02 2.906464599e-02 -3.483343869e-02
    endloop
  endfacet
  facet normal 6.091180816e-02 8.553155661e-01 -5.145143867e-01
    outer loop
      vertex 5.100852624e-02 2.847155929e-02 -3.501760215e-02
      vertex 4.423608631e-02 2.906464599e-02 -3.483343869e-02
      vertex 5.117516592e-02 2.965468168e-02 -3.303108364e-02
    endloop
  endfacet
  facet normal 4.410124198e-02 8.867750764e-01 -4.600924551e-01
    outer loop
      vertex 5.117516592e-02 2.965468168e-02 -3.303108364e-02
      vertex 4.423608631e-02 2.906464599e-02 -3.483343869e-02
      vertex 4.439875111e-02 3.012578003e-02 -3.277263418e-02
    endloop
  endfacet
  facet normal 4.803168401e-02 9.130690694e-01 -4.049663842e-01
    outer loop
      vertex 5.117516592e-02 2.965468168e-02 -3.303108364e-02
      vertex 4.439875111e-02 3.012578003e-02 -3.277263418e-02
      vertex 5.147171766e-02 3.157796338e-02 -2.865952440e-02
    endloop
  endfacet
  facet normal 1.634967886e-02 9.336706996e-01 -3.577592373e-01
    outer loop
      vertex 5.147171766e-02 3.157796338e-02 -2.865952440e-02
      vertex 4.439875111e-02 3.012578003e-02 -3.277263418e-02
      vertex 4.469607025e-02 3.184520081e-02 -2.827174775e-02
    endloop
  endfacet
  facet normal 2.299499325e-02 9.645433426e-01 -2.629208267e-01
    outer loop
      vertex 5.147171766e-02 3.157796338e-02 -2.865952440e-02
      vertex 4.469607025e-02 3.184520081e-02 -2.827174775e-02
      vertex 4.498667642e-02 3.312902153e-02 -2.353654057e-02
    endloop
  endfacet
  facet normal -1.474382472e-03 9.651776552e-01 -2.615911067e-01
    outer loop
      vertex 4.498667642e-02 3.312902153e-02 -2.353654057e-02
      vertex 4.469607025e-02 3.184520081e-02 -2.827174775e-02
      vertex 3.791392222e-02 3.200010210e-02 -2.766198665e-02
    endloop
  endfacet
  facet normal -1.660850830e-02 9.712901711e-01 -2.373175025e-01
    outer loop
      vertex 4.498667642e-02 3.312902153e-02 -2.353654057e-02
      vertex 3.791392222e-02 3.200010210e-02 -2.766198665e-02
      vertex 3.147880360e-02 3.319538757e-02 -2.231957950e-02
    endloop
  endfacet
  facet normal -4.078133032e-02 9.634721279e-01 -2.646853626e-01
    outer loop
      vertex 3.147880360e-02 3.319538757e-02 -2.231957950e-02
      vertex 3.791392222e-02 3.200010210e-02 -2.766198665e-02
      vertex 3.113632090e-02 3.192956001e-02 -2.687451430e-02
    endloop
  endfacet
  facet normal -6.906601042e-02 9.625136852e-01 -2.622922957e-01
    outer loop
      vertex 3.147880360e-02 3.319538757e-02 -2.231957950e-02
      vertex 3.113632090e-02 3.192956001e-02 -2.687451430e-02
      vertex 2.132659405e-02 3.287332132e-02 -2.082819119e-02
    endloop
  endfacet
  facet normal -8.646860719e-02 9.533851743e-01 -2.891018987e-01
    outer loop
      vertex 2.132659405e-02 3.287332132e-02 -2.082819119e-02
      vertex 3.113632090e-02 3.192956001e-02 -2.687451430e-02
      vertex 2.021593228e-02 3.159994259e-02 -2.469527908e-02
    endloop
  endfacet
  facet normal 8.849673904e-03 9.911818504e-01 1.322128028e-01
    outer loop
      vertex 4.159680381e-02 3.376279771e-02 -1.657405810e-04
      vertex 4.492376745e-02 3.374769166e-02 -2.751894062e-04
      vertex 4.713859782e-02 3.458009288e-02 -6.663831882e-03
    endloop
  endfacet
  facet normal 2.200310817e-03 9.915179014e-01 1.299513876e-01
    outer loop
      vertex 4.713859782e-02 3.458009288e-02 -6.663831882e-03
      vertex 4.492376745e-02 3.374769166e-02 -2.751894062e-04
      vertex 4.682591185e-02 3.374469280e-02 -2.845063864e-04
    endloop
  endfacet
  facet normal 1.138236767e-04 9.915335178e-01 1.298511475e-01
    outer loop
      vertex 4.713859782e-02 3.458009288e-02 -6.663831882e-03
      vertex 4.682591185e-02 3.374469280e-02 -2.845063864e-04
      vertex 4.713676125e-02 3.374465555e-02 -2.844976261e-04
    endloop
  endfacet
  facet normal -7.580173202e-03 9.899238348e-01 -1.413979679e-01
    outer loop
      vertex 4.086317867e-02 3.375329077e-02 -2.055884711e-02
      vertex 3.460593894e-02 3.378008306e-02 -2.003584243e-02
      vertex 4.121853039e-02 3.448148817e-02 -1.547982078e-02
    endloop
  endfacet
  facet normal -7.840518840e-03 9.899745584e-01 -1.410279125e-01
    outer loop
      vertex 4.121853039e-02 3.448148817e-02 -1.547982078e-02
      vertex 3.460593894e-02 3.378008306e-02 -2.003584243e-02
      vertex 3.532148898e-02 3.450994194e-02 -1.495223958e-02
    endloop
  endfacet
  facet normal 5.425537820e-04 9.988565445e-01 -4.780495167e-02
    outer loop
      vertex 4.121853039e-02 3.448148817e-02 -1.547982078e-02
      vertex 3.532148898e-02 3.450994194e-02 -1.495223958e-02
      vertex 4.157637432e-02 3.472607210e-02 -1.036528870e-02
    endloop
  endfacet
  facet normal 7.950320141e-04 9.988398552e-01 -4.814845324e-02
    outer loop
      vertex 4.157637432e-02 3.472607210e-02 -1.036528870e-02
      vertex 3.532148898e-02 3.450994194e-02 -1.495223958e-02
      vertex 3.604046628e-02 3.475570306e-02 -9.842010215e-03
    endloop
  endfacet
  facet normal 9.746531025e-03 9.988684058e-01 4.655037820e-02
    outer loop
      vertex 4.157637432e-02 3.472607210e-02 -1.036528870e-02
      vertex 3.604046628e-02 3.475570306e-02 -9.842010215e-03
      vertex 4.193396494e-02 3.448462114e-02 -5.259107798e-03
    endloop
  endfacet
  facet normal 1.029642858e-02 9.988955259e-01 4.584482685e-02
    outer loop
      vertex 4.193396494e-02 3.448462114e-02 -5.259107798e-03
      vertex 3.604046628e-02 3.475570306e-02 -9.842010215e-03
      vertex 3.675707057e-02 3.451450542e-02 -4.747554660e-03
    endloop
  endfacet
  facet normal -2.651125751e-02 9.900206327e-01 -1.384065002e-01
    outer loop
      vertex 3.460593894e-02 3.378008306e-02 -2.003584243e-02
      vertex 2.846798114e-02 3.380095959e-02 -1.871082000e-02
      vertex 3.532148898e-02 3.450994194e-02 -1.495223958e-02
    endloop
  endfacet
  facet normal -2.580619045e-02 9.898628592e-01 -1.396623850e-01
    outer loop
      vertex 3.532148898e-02 3.450994194e-02 -1.495223958e-02
      vertex 2.846798114e-02 3.380095959e-02 -1.871082000e-02
      vertex 2.952815965e-02 3.453177586e-02 -1.372700650e-02
    endloop
  endfacet
  facet normal -6.209786516e-03 9.988678694e-01 -4.716426507e-02
    outer loop
      vertex 3.532148898e-02 3.450994194e-02 -1.495223958e-02
      vertex 2.952815965e-02 3.453177586e-02 -1.372700650e-02
      vertex 3.604046628e-02 3.475570306e-02 -9.842010215e-03
    endloop
  endfacet
  facet normal -5.983989220e-03 9.988512993e-01 -4.754181206e-02
    outer loop
      vertex 3.604046628e-02 3.475570306e-02 -9.842010215e-03
      vertex 2.952815965e-02 3.453177586e-02 -1.372700650e-02
      vertex 3.059585951e-02 3.477716073e-02 -8.705895394e-03
    endloop
  endfacet
  facet normal 1.341132727e-02 9.988785982e-01 4.540586844e-02
    outer loop
      vertex 3.604046628e-02 3.475570306e-02 -9.842010215e-03
      vertex 3.059585951e-02 3.477716073e-02 -8.705895394e-03
      vertex 3.675707057e-02 3.451450542e-02 -4.747554660e-03
    endloop
  endfacet
  facet normal 1.329657249e-02 9.988719821e-01 4.558405280e-02
    outer loop
      vertex 3.675707057e-02 3.451450542e-02 -4.747554660e-03
      vertex 3.059585951e-02 3.477716073e-02 -8.705895394e-03
      vertex 3.166207299e-02 3.453407064e-02 -3.690104932e-03
    endloop
  endfacet
  facet normal 1.204676833e-02 9.988663793e-01 4.605282098e-02
    outer loop
      vertex 2.663761191e-02 3.453195468e-02 -2.329880372e-03
      vertex 3.166207299e-02 3.453407064e-02 -3.690104932e-03
      vertex 2.522720769e-02 3.477543965e-02 -7.242039777e-03
    endloop
  endfacet
  facet normal 1.217405871e-02 9.988753796e-01 4.582282901e-02
    outer loop
      vertex 2.522720769e-02 3.477543965e-02 -7.242039777e-03
      vertex 3.166207299e-02 3.453407064e-02 -3.690104932e-03
      vertex 3.059585951e-02 3.477716073e-02 -8.705895394e-03
    endloop
  endfacet
  facet normal -1.292493660e-02 9.988473654e-01 -4.622709751e-02
    outer loop
      vertex 2.522720769e-02 3.477543965e-02 -7.242039777e-03
      vertex 3.059585951e-02 3.477716073e-02 -8.705895394e-03
      vertex 2.381707728e-02 3.452985361e-02 -1.215423364e-02
    endloop
  endfacet
  facet normal -1.301710401e-02 9.988544583e-01 -4.604642838e-02
    outer loop
      vertex 2.381707728e-02 3.452985361e-02 -1.215423364e-02
      vertex 3.059585951e-02 3.477716073e-02 -8.705895394e-03
      vertex 2.952815965e-02 3.453177586e-02 -1.372700650e-02
    endloop
  endfacet
  facet normal -3.828733042e-02 9.897170663e-01 -1.378192902e-01
    outer loop
      vertex 2.381707728e-02 3.452985361e-02 -1.215423364e-02
      vertex 2.952815965e-02 3.453177586e-02 -1.372700650e-02
      vertex 2.241969109e-02 3.379806504e-02 -1.702119224e-02
    endloop
  endfacet
  facet normal -3.872001544e-02 9.898264408e-01 -1.369099617e-01
    outer loop
      vertex 2.241969109e-02 3.379806504e-02 -1.702119224e-02
      vertex 2.952815965e-02 3.453177586e-02 -1.372700650e-02
      vertex 2.846798114e-02 3.380095959e-02 -1.871082000e-02
    endloop
  endfacet
  facet normal -2.007547009e-04 9.915366769e-01 -1.298266947e-01
    outer loop
      vertex 4.714260995e-02 3.374482319e-02 -2.063324861e-02
      vertex 4.086317867e-02 3.375329077e-02 -2.055884711e-02
      vertex 4.714078456e-02 3.458010405e-02 -1.425387897e-02
    endloop
  endfacet
  facet normal 1.308212150e-02 9.896641970e-01 -1.428063661e-01
    outer loop
      vertex 4.714078456e-02 3.458010405e-02 -1.425387897e-02
      vertex 4.086317867e-02 3.375329077e-02 -2.055884711e-02
      vertex 4.121853039e-02 3.448148817e-02 -1.547982078e-02
    endloop
  endfacet
  facet normal -9.346826002e-03 9.993353486e-01 -3.523496538e-02
    outer loop
      vertex 4.714078456e-02 3.458010405e-02 -1.425387897e-02
      vertex 4.121853039e-02 3.448148817e-02 -1.547982078e-02
      vertex 4.713969305e-02 3.471389785e-02 -1.045887545e-02
    endloop
  endfacet
  facet normal 1.380610396e-03 9.988529086e-01 -4.786341637e-02
    outer loop
      vertex 4.713969305e-02 3.471389785e-02 -1.045887545e-02
      vertex 4.121853039e-02 3.448148817e-02 -1.547982078e-02
      vertex 4.157637432e-02 3.472607210e-02 -1.036528870e-02
    endloop
  endfacet
  facet normal 2.779678209e-03 9.993751049e-01 3.523711860e-02
    outer loop
      vertex 4.713969305e-02 3.471389785e-02 -1.045887545e-02
      vertex 4.157637432e-02 3.472607210e-02 -1.036528870e-02
      vertex 4.713859782e-02 3.458009288e-02 -6.663831882e-03
    endloop
  endfacet
  facet normal -5.471284501e-03 9.988507628e-01 4.761525989e-02
    outer loop
      vertex 4.713859782e-02 3.458009288e-02 -6.663831882e-03
      vertex 4.157637432e-02 3.472607210e-02 -1.036528870e-02
      vertex 4.193396494e-02 3.448462114e-02 -5.259107798e-03
    endloop
  endfacet
  facet normal 2.005970851e-02 9.897221923e-01 1.415895224e-01
    outer loop
      vertex 4.713859782e-02 3.458009288e-02 -6.663831882e-03
      vertex 4.193396494e-02 3.448462114e-02 -5.259107798e-03
      vertex 4.159680381e-02 3.376279771e-02 -1.657405810e-04
    endloop
  endfacet
  facet normal 1.970232464e-02 9.897325635e-01 1.415673345e-01
    outer loop
      vertex 4.159680381e-02 3.376279771e-02 -1.657405810e-04
      vertex 4.193396494e-02 3.448462114e-02 -5.259107798e-03
      vertex 3.675707057e-02 3.451450542e-02 -4.747554660e-03
    endloop
  endfacet
  facet normal 2.109253220e-02 9.899087548e-01 1.401277781e-01
    outer loop
      vertex 4.159680381e-02 3.376279771e-02 -1.657405810e-04
      vertex 3.675707057e-02 3.451450542e-02 -4.747554660e-03
      vertex 3.777041286e-02 3.378625214e-02 2.445171704e-04
    endloop
  endfacet
  facet normal 3.240821511e-02 9.899250865e-01 1.378331929e-01
    outer loop
      vertex 3.777041286e-02 3.378625214e-02 2.445171704e-04
      vertex 3.675707057e-02 3.451450542e-02 -4.747554660e-03
      vertex 3.166207299e-02 3.453407064e-02 -3.690104932e-03
    endloop
  endfacet
  facet normal 3.128854930e-02 9.897229671e-01 1.395330131e-01
    outer loop
      vertex 3.777041286e-02 3.378625214e-02 2.445171704e-04
      vertex 3.166207299e-02 3.453407064e-02 -3.690104932e-03
      vertex 3.375615552e-02 3.380233422e-02 1.030607847e-03
    endloop
  endfacet
  facet normal 3.671235964e-02 9.898697734e-01 1.371497810e-01
    outer loop
      vertex 3.375615552e-02 3.380233422e-02 1.030607847e-03
      vertex 3.166207299e-02 3.453407064e-02 -3.690104932e-03
      vertex 2.663761191e-02 3.453195468e-02 -2.329880372e-03
    endloop
  endfacet
  facet normal 3.623950481e-02 9.897514582e-01 1.381257623e-01
    outer loop
      vertex 3.375615552e-02 3.380233422e-02 1.030607847e-03
      vertex 2.663761191e-02 3.453195468e-02 -2.329880372e-03
      vertex 2.803497948e-02 3.380151838e-02 2.537476830e-03
    endloop
  endfacet
  facet normal 2.759560049e-01 5.325637539e-05 9.611702561e-01
    outer loop
      vertex 3.345606849e-02 2.271012217e-02 2.141982317e-02
      vertex 3.345599398e-02 2.570994198e-02 2.141967788e-02
      vertex 8.229075000e-03 2.271018736e-02 2.866259962e-02
    endloop
  endfacet
  facet normal 2.759620249e-01 -1.550953471e-06 9.611685276e-01
    outer loop
      vertex 8.229075000e-03 2.271018736e-02 2.866259962e-02
      vertex 3.345599398e-02 2.570994198e-02 2.141967788e-02
      vertex 8.229087107e-03 2.571010403e-02 2.866260149e-02
    endloop
  endfacet
  facet normal -2.759565115e-01 9.135588334e-05 -9.611701369e-01
    outer loop
      vertex 1.699793898e-02 2.276509255e-02 -3.590539098e-02
      vertex 1.699795201e-02 2.271021158e-02 -3.590539843e-02
      vertex -8.229081519e-03 2.271018736e-02 -2.866259776e-02
    endloop
  endfacet
  facet normal -2.759563327e-01 1.701039878e-06 -9.611701965e-01
    outer loop
      vertex 1.699793898e-02 2.276509255e-02 -3.590539098e-02
      vertex -8.229081519e-03 2.271018736e-02 -2.866259776e-02
      vertex 1.699814014e-02 2.420987934e-02 -3.590544313e-02
    endloop
  endfacet
  facet normal -2.759563327e-01 2.169388381e-06 -9.611701965e-01
    outer loop
      vertex 1.699814014e-02 2.420987934e-02 -3.590544313e-02
      vertex -8.229081519e-03 2.271018736e-02 -2.866259776e-02
      vertex -8.229069412e-03 2.571023814e-02 -2.866259404e-02
    endloop
  endfacet
  facet normal -2.759586573e-01 -3.988085882e-05 -9.611694813e-01
    outer loop
      vertex 1.699814014e-02 2.420987934e-02 -3.590544313e-02
      vertex -8.229069412e-03 2.571023814e-02 -2.866259404e-02
      vertex 1.699767075e-02 2.571061254e-02 -3.590537235e-02
    endloop
  endfacet
  facet normal 1.666013747e-01 -1.130849682e-06 9.860243201e-01
    outer loop
      vertex 8.229075000e-03 2.271018736e-02 2.866259962e-02
      vertex 8.229087107e-03 2.571010403e-02 2.866260149e-02
      vertex 1.644734060e-03 2.271018550e-02 2.977510728e-02
    endloop
  endfacet
  facet normal 2.127041072e-01 -1.066580266e-01 9.712780118e-01
    outer loop
      vertex 1.644734060e-03 2.271018550e-02 2.977510728e-02
      vertex 8.229087107e-03 2.571010403e-02 2.866260149e-02
      vertex 4.503453150e-03 2.571010590e-02 2.947849222e-02
    endloop
  endfacet
  facet normal 1.032062396e-01 -2.177093165e-06 9.946599603e-01
    outer loop
      vertex 4.503453150e-03 2.571010590e-02 2.947849222e-02
      vertex 1.644731965e-03 2.571010962e-02 2.977511473e-02
      vertex 1.644734060e-03 2.271018550e-02 2.977510728e-02
    endloop
  endfacet
  facet normal -2.810914069e-02 -2.278436568e-06 9.996048808e-01
    outer loop
      vertex 1.644734060e-03 2.271018550e-02 2.977510728e-02
      vertex 1.644731965e-03 2.571010962e-02 2.977511473e-02
      vertex -3.315378912e-03 2.571011148e-02 2.963563427e-02
    endloop
  endfacet
  facet normal -5.692161620e-02 -4.775131121e-02 9.972360730e-01
    outer loop
      vertex 1.644734060e-03 2.271018550e-02 2.977510728e-02
      vertex -3.315378912e-03 2.571011148e-02 2.963563427e-02
      vertex -5.022086669e-03 2.271018364e-02 2.939456888e-02
    endloop
  endfacet
  facet normal -1.398535371e-01 -2.333843895e-06 9.901722074e-01
    outer loop
      vertex -3.315378912e-03 2.571011148e-02 2.963563427e-02
      vertex -5.022088997e-03 2.571011521e-02 2.939457633e-02
      vertex -5.022086669e-03 2.271018364e-02 2.939456888e-02
    endloop
  endfacet
  facet normal -2.051499933e-01 -2.352821639e-06 9.787305593e-01
    outer loop
      vertex -5.022086669e-03 2.271018364e-02 2.939456888e-02
      vertex -5.022088997e-03 2.571011521e-02 2.939457633e-02
      vertex -7.204703055e-03 2.571011335e-02 2.893708274e-02
    endloop
  endfacet
  facet normal -2.772897184e-01 -5.546891689e-02 9.591838121e-01
    outer loop
      vertex -5.022086669e-03 2.271018364e-02 2.939456888e-02
      vertex -7.204703055e-03 2.571011335e-02 2.893708274e-02
      vertex -1.143707894e-02 2.271018364e-02 2.754006349e-02
    endloop
  endfacet
  facet normal -3.134432435e-01 -2.842012009e-06 9.496069551e-01
    outer loop
      vertex -1.143707894e-02 2.271018364e-02 2.754006349e-02
      vertex -7.204703055e-03 2.571011335e-02 2.893708274e-02
      vertex -1.143708080e-02 2.571012266e-02 2.754007280e-02
    endloop
  endfacet
  facet normal -4.845212698e-01 -2.708922011e-06 8.747794628e-01
    outer loop
      vertex -1.143707894e-02 2.271018364e-02 2.754006349e-02
      vertex -1.143708080e-02 2.571012266e-02 2.754007280e-02
      vertex -1.727857254e-02 2.271018550e-02 2.430458926e-02
    endloop
  endfacet
  facet normal -4.313617051e-01 -1.238535270e-01 8.936371803e-01
    outer loop
      vertex -1.143708080e-02 2.571012266e-02 2.754007280e-02
      vertex -1.444868278e-02 2.571012639e-02 2.608636208e-02
      vertex -1.727857254e-02 2.271018550e-02 2.430458926e-02
    endloop
  endfacet
  facet normal -5.328096151e-01 -2.464316822e-06 8.462351561e-01
    outer loop
      vertex -1.727857254e-02 2.271018550e-02 2.430458926e-02
      vertex -1.444868278e-02 2.571012639e-02 2.608636208e-02
      vertex -1.727857441e-02 2.571013197e-02 2.430459671e-02
    endloop
  endfacet
  facet normal -6.670297384e-01 -2.283489948e-06 7.450310588e-01
    outer loop
      vertex -1.727857254e-02 2.271018550e-02 2.430458926e-02
      vertex -1.727857441e-02 2.571013197e-02 2.430459671e-02
      vertex -2.225364931e-02 2.271018736e-02 1.985037886e-02
    endloop
  endfacet
  facet normal -6.365051866e-01 -8.294480294e-02 7.667993903e-01
    outer loop
      vertex -2.225364931e-02 2.271018736e-02 1.985037886e-02
      vertex -1.727857441e-02 2.571013197e-02 2.430459671e-02
      vertex -2.070800215e-02 2.571014315e-02 2.145789750e-02
    endloop
  endfacet
  facet normal -7.208447456e-01 2.394656576e-06 6.930965185e-01
    outer loop
      vertex -2.070800215e-02 2.571014315e-02 2.145789750e-02
      vertex -2.225363627e-02 2.571014874e-02 1.985038258e-02
      vertex -2.225364931e-02 2.271018736e-02 1.985037886e-02
    endloop
  endfacet
  facet normal -7.651761174e-01 2.612617436e-06 6.438210011e-01
    outer loop
      vertex -2.225364931e-02 2.271018736e-02 1.985037886e-02
      vertex -2.225363627e-02 2.571014874e-02 1.985038258e-02
      vertex -2.336336114e-02 2.571014874e-02 1.853148267e-02
    endloop
  endfacet
  facet normal -8.151612878e-01 -4.774893820e-02 5.772626400e-01
    outer loop
      vertex -2.225364931e-02 2.271018736e-02 1.985037886e-02
      vertex -2.336336114e-02 2.571014874e-02 1.853148267e-02
      vertex -2.611282095e-02 2.271018550e-02 1.440078486e-02
    endloop
  endfacet
  facet normal -8.324530721e-01 -1.896057938e-06 5.540955663e-01
    outer loop
      vertex -2.336336114e-02 2.571014874e-02 1.853148267e-02
      vertex -2.611282282e-02 2.571016178e-02 1.440079231e-02
      vertex -2.611282095e-02 2.271018550e-02 1.440078486e-02
    endloop
  endfacet
  facet normal -8.979220986e-01 -1.640680011e-06 4.401544333e-01
    outer loop
      vertex -2.611282095e-02 2.271018550e-02 1.440078486e-02
      vertex -2.611282282e-02 2.571016178e-02 1.440079231e-02
      vertex -2.737785690e-02 2.571016923e-02 1.182010211e-02
    endloop
  endfacet
  facet normal -9.225007296e-01 -6.114840508e-02 3.811210394e-01
    outer loop
      vertex -2.611282095e-02 2.271018550e-02 1.440078486e-02
      vertex -2.737785690e-02 2.571016923e-02 1.182010211e-02
      vertex -2.866259404e-02 2.271018550e-02 8.229076862e-03
    endloop
  endfacet
  facet normal -9.415563345e-01 -1.397087431e-06 3.368555307e-01
    outer loop
      vertex -2.866259404e-02 2.271018550e-02 8.229076862e-03
      vertex -2.737785690e-02 2.571016923e-02 1.182010211e-02
      vertex -2.866259590e-02 2.571017668e-02 8.229084313e-03
    endloop
  endfacet
  facet normal -9.860240817e-01 -9.614180954e-07 1.666026860e-01
    outer loop
      vertex -2.866259404e-02 2.271018550e-02 8.229076862e-03
      vertex -2.866259590e-02 2.571017668e-02 8.229084313e-03
      vertex -2.977511287e-02 2.271018736e-02 1.644731034e-03
    endloop
  endfacet
  facet normal -9.712786078e-01 -1.066525429e-01 2.127042413e-01
    outer loop
      vertex -2.977511287e-02 2.271018736e-02 1.644731034e-03
      vertex -2.866259590e-02 2.571017668e-02 8.229084313e-03
      vertex -2.947848663e-02 2.571018599e-02 4.503458738e-03
    endloop
  endfacet
  facet normal -9.946603179e-01 4.041251032e-06 1.032031327e-01
    outer loop
      vertex -2.947848663e-02 2.571018599e-02 4.503458738e-03
      vertex -2.977509983e-02 2.571019344e-02 1.644734177e-03
      vertex -2.977511287e-02 2.271018736e-02 1.644731034e-03
    endloop
  endfacet
  facet normal -9.996049404e-01 4.200944659e-06 -2.810699120e-02
    outer loop
      vertex -2.977511287e-02 2.271018736e-02 1.644731034e-03
      vertex -2.977509983e-02 2.571019344e-02 1.644734177e-03
      vertex -2.963563055e-02 2.571020462e-02 -3.315373324e-03
    endloop
  endfacet
  facet normal -9.972363114e-01 -4.774633422e-02 -5.692130700e-02
    outer loop
      vertex -2.977511287e-02 2.271018736e-02 1.644731034e-03
      vertex -2.963563055e-02 2.571020462e-02 -3.315373324e-03
      vertex -2.939457633e-02 2.271018364e-02 -5.022089928e-03
    endloop
  endfacet
  facet normal -9.901715517e-01 4.279900168e-06 -1.398582160e-01
    outer loop
      vertex -2.963563055e-02 2.571020462e-02 -3.315373324e-03
      vertex -2.939456329e-02 2.571020462e-02 -5.022086669e-03
      vertex -2.939457633e-02 2.271018364e-02 -5.022089928e-03
    endloop
  endfacet
  facet normal -9.787313342e-01 4.301303761e-06 -2.051461190e-01
    outer loop
      vertex -2.939457633e-02 2.271018364e-02 -5.022089928e-03
      vertex -2.939456329e-02 2.571020462e-02 -5.022086669e-03
      vertex -2.893707901e-02 2.571020648e-02 -7.204699796e-03
    endloop
  endfacet
  facet normal -9.591841698e-01 -5.546325445e-02 -2.772896290e-01
    outer loop
      vertex -2.939457633e-02 2.271018364e-02 -5.022089928e-03
      vertex -2.893707901e-02 2.571020648e-02 -7.204699796e-03
      vertex -2.754007094e-02 2.271018177e-02 -1.143708359e-02
    endloop
  endfacet
  facet normal -9.496063590e-01 4.294434802e-06 -3.134450614e-01
    outer loop
      vertex -2.754007094e-02 2.271018177e-02 -1.143708359e-02
      vertex -2.893707901e-02 2.571020648e-02 -7.204699796e-03
      vertex -2.754005976e-02 2.571021765e-02 -1.143708080e-02
    endloop
  endfacet
  facet normal -8.747786880e-01 4.163370249e-06 -4.845226705e-01
    outer loop
      vertex -2.754007094e-02 2.271018177e-02 -1.143708359e-02
      vertex -2.754005976e-02 2.571021765e-02 -1.143708080e-02
      vertex -2.430458367e-02 2.271018177e-02 -1.727857627e-02
    endloop
  endfacet
  facet normal -8.936378360e-01 -1.238445118e-01 -4.313629568e-01
    outer loop
      vertex -2.754005976e-02 2.571021765e-02 -1.143708080e-02
      vertex -2.608634904e-02 2.571022138e-02 -1.444867440e-02
      vertex -2.430458367e-02 2.271018177e-02 -1.727857627e-02
    endloop
  endfacet
  facet normal -8.462358117e-01 6.230338840e-07 -5.328085423e-01
    outer loop
      vertex -2.430458367e-02 2.271018177e-02 -1.727857627e-02
      vertex -2.608634904e-02 2.571022138e-02 -1.444867440e-02
      vertex -2.430458553e-02 2.571022511e-02 -1.727856882e-02
    endloop
  endfacet
  facet normal -7.450303435e-01 9.958657756e-07 -6.670305729e-01
    outer loop
      vertex -2.430458367e-02 2.271018177e-02 -1.727857627e-02
      vertex -2.430458553e-02 2.571022511e-02 -1.727856882e-02
      vertex -1.985037141e-02 2.271018364e-02 -2.225364558e-02
    endloop
  endfacet
  facet normal -7.667991519e-01 -8.293914795e-02 -6.365061998e-01
    outer loop
      vertex -1.985037141e-02 2.271018364e-02 -2.225364558e-02
      vertex -2.430458553e-02 2.571022511e-02 -1.727856882e-02
      vertex -2.145788260e-02 2.571023069e-02 -2.070799284e-02
    endloop
  endfacet
  facet normal -6.931006908e-01 5.810626931e-07 -7.208408117e-01
    outer loop
      vertex -2.145788260e-02 2.571023069e-02 -2.070799284e-02
      vertex -1.985037513e-02 2.571023442e-02 -2.225364000e-02
      vertex -1.985037141e-02 2.271018364e-02 -2.225364558e-02
    endloop
  endfacet
  facet normal -6.438161731e-01 7.003800988e-07 -7.651801705e-01
    outer loop
      vertex -1.985037141e-02 2.271018364e-02 -2.225364558e-02
      vertex -1.985037513e-02 2.571023442e-02 -2.225364000e-02
      vertex -1.853147149e-02 2.571022883e-02 -2.336335555e-02
    endloop
  endfacet
  facet normal -5.772641301e-01 -4.774494842e-02 -8.151604533e-01
    outer loop
      vertex -1.985037141e-02 2.271018364e-02 -2.225364558e-02
      vertex -1.853147149e-02 2.571022883e-02 -2.336335555e-02
      vertex -1.440078393e-02 2.271018550e-02 -2.611282654e-02
    endloop
  endfacet
  facet normal -3.368537426e-01 2.402726977e-06 -9.415569901e-01
    outer loop
      vertex -8.229069412e-03 2.571023814e-02 -2.866259404e-02
      vertex -8.229081519e-03 2.271018736e-02 -2.866259776e-02
      vertex -1.182009559e-02 2.571023256e-02 -2.737786062e-02
    endloop
  endfacet
  facet normal -3.811210990e-01 -6.114561856e-02 -9.225009084e-01
    outer loop
      vertex -1.182009559e-02 2.571023256e-02 -2.737786062e-02
      vertex -8.229081519e-03 2.271018736e-02 -2.866259776e-02
      vertex -1.440078393e-02 2.271018550e-02 -2.611282654e-02
    endloop
  endfacet
  facet normal -4.401566684e-01 2.345420626e-06 -8.979209661e-01
    outer loop
      vertex -1.182009559e-02 2.571023256e-02 -2.737786062e-02
      vertex -1.440078393e-02 2.271018550e-02 -2.611282654e-02
      vertex -1.440078486e-02 2.571023628e-02 -2.611281723e-02
    endloop
  endfacet
  facet normal -5.540962815e-01 2.106638249e-06 -8.324525952e-01
    outer loop
      vertex -1.440078486e-02 2.571023628e-02 -2.611281723e-02
      vertex -1.440078393e-02 2.271018550e-02 -2.611282654e-02
      vertex -1.853147149e-02 2.571022883e-02 -2.336335555e-02
    endloop
  endfacet
  facet normal -7.275832891e-01 8.930663764e-02 -6.801815033e-01
    outer loop
      vertex 4.926608130e-02 1.057308353e-02 -4.322168231e-02
      vertex 4.714855552e-02 7.724082097e-03 -4.133065417e-02
      vertex 4.916165024e-02 1.140040345e-02 -4.300134629e-02
    endloop
  endfacet
  facet normal -7.048644423e-01 6.496921182e-02 -7.063604593e-01
    outer loop
      vertex 4.916165024e-02 1.140040345e-02 -4.300134629e-02
      vertex 4.714855552e-02 7.724082097e-03 -4.133065417e-02
      vertex 4.714846238e-02 1.133744977e-02 -4.099821299e-02
    endloop
  endfacet
  facet normal -7.031893134e-01 1.031814739e-01 -7.034759521e-01
    outer loop
      vertex 4.916165024e-02 1.140040345e-02 -4.300134629e-02
      vertex 4.714846238e-02 1.133744977e-02 -4.099821299e-02
      vertex 4.915058240e-02 1.176215895e-02 -4.293722287e-02
    endloop
  endfacet
  facet normal -7.032591701e-01 1.051850691e-01 -7.031092644e-01
    outer loop
      vertex 4.915058240e-02 1.176215895e-02 -4.293722287e-02
      vertex 4.714846238e-02 1.133744977e-02 -4.099821299e-02
      vertex 4.715196043e-02 1.175966673e-02 -4.093855247e-02
    endloop
  endfacet
  facet normal -7.230665088e-01 8.217135817e-02 -6.858736277e-01
    outer loop
      vertex 4.926608130e-02 1.057308353e-02 -4.322168231e-02
      vertex 4.935935140e-02 1.016981341e-02 -4.336832464e-02
      vertex 4.714855552e-02 7.724082097e-03 -4.133065417e-02
    endloop
  endfacet
  facet normal -7.212147713e-01 7.852016389e-02 -6.882469058e-01
    outer loop
      vertex 4.714855552e-02 7.724082097e-03 -4.133065417e-02
      vertex 4.935935140e-02 1.016981341e-02 -4.336832464e-02
      vertex 4.942534119e-02 9.942407720e-03 -4.346342012e-02
    endloop
  endfacet
  facet normal -6.950042844e-01 2.238155156e-02 -7.186571956e-01
    outer loop
      vertex 4.714855552e-02 7.724082097e-03 -4.133065417e-02
      vertex 4.942534119e-02 9.942407720e-03 -4.346342012e-02
      vertex 4.714857414e-02 4.722660407e-03 -4.142414778e-02
    endloop
  endfacet
  facet normal -7.329301238e-01 5.477098003e-02 -6.780955791e-01
    outer loop
      vertex 4.714857414e-02 4.722660407e-03 -4.142414778e-02
      vertex 4.942534119e-02 9.942407720e-03 -4.346342012e-02
      vertex 4.990448803e-02 8.859012276e-03 -4.406882077e-02
    endloop
  endfacet
  facet normal -7.253018618e-01 4.397941381e-02 -6.870247722e-01
    outer loop
      vertex 4.714857414e-02 4.722660407e-03 -4.142414778e-02
      vertex 4.990448803e-02 8.859012276e-03 -4.406882077e-02
      vertex 5.007715151e-02 8.594196290e-03 -4.426805675e-02
    endloop
  endfacet
  facet normal -7.177311778e-01 3.196364269e-02 -6.955863237e-01
    outer loop
      vertex 5.007715151e-02 8.594196290e-03 -4.426805675e-02
      vertex 5.077325553e-02 7.864353247e-03 -4.501985759e-02
      vertex 4.714857414e-02 4.722660407e-03 -4.142414778e-02
    endloop
  endfacet
  facet normal -7.092536092e-01 1.157073490e-02 -7.048584223e-01
    outer loop
      vertex 4.714857414e-02 4.722660407e-03 -4.142414778e-02
      vertex 5.077325553e-02 7.864353247e-03 -4.501985759e-02
      vertex 5.107592046e-02 7.492503151e-03 -4.533051327e-02
    endloop
  endfacet
  facet normal -7.060903311e-01 2.489298582e-03 -7.081174254e-01
    outer loop
      vertex 4.714857414e-02 4.722660407e-03 -4.142414778e-02
      vertex 5.107592046e-02 7.492503151e-03 -4.533051327e-02
      vertex 5.115095153e-02 7.275519893e-03 -4.540609568e-02
    endloop
  endfacet
  facet normal -7.041266561e-01 3.882365127e-05 -7.100744247e-01
    outer loop
      vertex 5.117493868e-02 1.720262924e-03 -4.543015733e-02
      vertex 4.714858159e-02 1.720259083e-03 -4.143752530e-02
      vertex 5.117508024e-02 4.388897214e-03 -4.543015361e-02
    endloop
  endfacet
  facet normal -7.051646709e-01 3.157865955e-03 -7.090365291e-01
    outer loop
      vertex 5.117508024e-02 4.388897214e-03 -4.543015361e-02
      vertex 4.714858159e-02 1.720259083e-03 -4.143752530e-02
      vertex 4.714857414e-02 4.722660407e-03 -4.142414778e-02
    endloop
  endfacet
  facet normal -7.053020597e-01 -5.528389011e-05 -7.089068890e-01
    outer loop
      vertex 5.117508024e-02 4.388897214e-03 -4.543015361e-02
      vertex 4.714857414e-02 4.722660407e-03 -4.142414778e-02
      vertex 5.117496103e-02 7.057531271e-03 -4.543024302e-02
    endloop
  endfacet
  facet normal -7.055496573e-01 7.952279411e-04 -7.086600065e-01
    outer loop
      vertex 5.117496103e-02 7.057531271e-03 -4.543024302e-02
      vertex 4.714857414e-02 4.722660407e-03 -4.142414778e-02
      vertex 5.115095153e-02 7.275519893e-03 -4.540609568e-02
    endloop
  endfacet
  facet normal 7.041066885e-01 3.451557830e-02 -7.092548609e-01
    outer loop
      vertex 7.094118744e-02 1.720164670e-03 -4.143068567e-02
      vertex 6.691701710e-02 1.720250701e-03 -4.542563483e-02
      vertex 7.094115764e-02 4.727960099e-03 -4.128433764e-02
    endloop
  endfacet
  facet normal 7.171716690e-01 1.924629214e-05 -6.968965530e-01
    outer loop
      vertex 7.094115764e-02 4.727960099e-03 -4.128433764e-02
      vertex 6.691701710e-02 1.720250701e-03 -4.542563483e-02
      vertex 6.691695750e-02 4.411210306e-03 -4.542562738e-02
    endloop
  endfacet
  facet normal 7.242746353e-01 1.167792231e-01 -6.795504689e-01
    outer loop
      vertex 7.094110548e-02 6.247930694e-03 -4.109798744e-02
      vertex 6.897547096e-02 6.576686166e-03 -4.313649237e-02
      vertex 7.094102353e-02 7.679693867e-03 -4.085202888e-02
    endloop
  endfacet
  facet normal 7.457943559e-01 4.725570232e-02 -6.644980311e-01
    outer loop
      vertex 7.094102353e-02 7.679693867e-03 -4.085202888e-02
      vertex 6.897547096e-02 6.576686166e-03 -4.313649237e-02
      vertex 6.908143312e-02 9.166910313e-03 -4.283337295e-02
    endloop
  endfacet
  facet normal 7.755550742e-01 1.541983038e-01 -6.121578217e-01
    outer loop
      vertex 7.094102353e-02 7.679693867e-03 -4.085202888e-02
      vertex 6.908143312e-02 9.166910313e-03 -4.283337295e-02
      vertex 7.094080001e-02 1.087104529e-02 -4.004843906e-02
    endloop
  endfacet
  facet normal 7.822498083e-01 -2.668898320e-03 -6.229591370e-01
    outer loop
      vertex 6.872341782e-02 1.040783431e-02 -4.328824207e-02
      vertex 6.879799068e-02 1.066826191e-02 -4.319572076e-02
      vertex 6.908143312e-02 9.166910313e-03 -4.283337295e-02
    endloop
  endfacet
  facet normal 8.324742913e-01 2.356173657e-02 -5.535624623e-01
    outer loop
      vertex 6.908143312e-02 9.166910313e-03 -4.283337295e-02
      vertex 6.879799068e-02 1.066826191e-02 -4.319572076e-02
      vertex 6.894290447e-02 1.176213380e-02 -4.293122888e-02
    endloop
  endfacet
  facet normal 8.249744177e-01 2.274098061e-02 -5.647124052e-01
    outer loop
      vertex 6.908143312e-02 9.166910313e-03 -4.283337295e-02
      vertex 6.894290447e-02 1.176213380e-02 -4.293122888e-02
      vertex 7.094080001e-02 1.087104529e-02 -4.004843906e-02
    endloop
  endfacet
  facet normal 7.435947657e-01 -5.481293920e-05 -6.686305404e-01
    outer loop
      vertex 6.691707671e-02 7.102166303e-03 -4.542571306e-02
      vertex 6.897547096e-02 6.576686166e-03 -4.313649237e-02
      vertex 6.691695750e-02 4.411210306e-03 -4.542562738e-02
    endloop
  endfacet
  facet normal 7.226176858e-01 4.241804034e-02 -6.899452209e-01
    outer loop
      vertex 6.691695750e-02 4.411210306e-03 -4.542562738e-02
      vertex 6.897547096e-02 6.576686166e-03 -4.313649237e-02
      vertex 7.094110548e-02 6.247930694e-03 -4.109798744e-02
    endloop
  endfacet
  facet normal 7.112637162e-01 8.556183428e-02 -6.976984143e-01
    outer loop
      vertex 6.691695750e-02 4.411210306e-03 -4.542562738e-02
      vertex 7.094110548e-02 6.247930694e-03 -4.109798744e-02
      vertex 7.094115764e-02 4.727960099e-03 -4.128433764e-02
    endloop
  endfacet
  facet normal 7.447355390e-01 1.029599085e-02 -6.672803164e-01
    outer loop
      vertex 6.691707671e-02 7.102166303e-03 -4.542571306e-02
      vertex 6.694862247e-02 7.380326279e-03 -4.538621381e-02
      vertex 6.897547096e-02 6.576686166e-03 -4.313649237e-02
    endloop
  endfacet
  facet normal 7.481766939e-01 3.167667240e-02 -6.627429724e-01
    outer loop
      vertex 6.897547096e-02 6.576686166e-03 -4.313649237e-02
      vertex 6.694862247e-02 7.380326279e-03 -4.538621381e-02
      vertex 6.699586660e-02 7.539247163e-03 -4.532528669e-02
    endloop
  endfacet
  facet normal 7.510193586e-01 4.691862687e-02 -6.586110592e-01
    outer loop
      vertex 6.897547096e-02 6.576686166e-03 -4.313649237e-02
      vertex 6.699586660e-02 7.539247163e-03 -4.532528669e-02
      vertex 6.705468148e-02 7.670787629e-03 -4.524884000e-02
    endloop
  endfacet
  facet normal 7.552774549e-01 6.726555526e-02 -6.519442201e-01
    outer loop
      vertex 6.705468148e-02 7.670787629e-03 -4.524884000e-02
      vertex 6.721080095e-02 7.888902910e-03 -4.504548013e-02
      vertex 6.897547096e-02 6.576686166e-03 -4.313649237e-02
    endloop
  endfacet
  facet normal 7.472001314e-01 3.972149640e-02 -6.634110212e-01
    outer loop
      vertex 6.897547096e-02 6.576686166e-03 -4.313649237e-02
      vertex 6.721080095e-02 7.888902910e-03 -4.504548013e-02
      vertex 6.796886027e-02 8.843889460e-03 -4.413449764e-02
    endloop
  endfacet
  facet normal 7.535688281e-01 4.591552168e-02 -6.557635069e-01
    outer loop
      vertex 6.897547096e-02 6.576686166e-03 -4.313649237e-02
      vertex 6.796886027e-02 8.843889460e-03 -4.413449764e-02
      vertex 6.908143312e-02 9.166910313e-03 -4.283337295e-02
    endloop
  endfacet
  facet normal 7.629969716e-01 -2.644529007e-02 -6.458608508e-01
    outer loop
      vertex 6.908143312e-02 9.166910313e-03 -4.283337295e-02
      vertex 6.796886027e-02 8.843889460e-03 -4.413449764e-02
      vertex 6.821281463e-02 9.243568406e-03 -4.386266321e-02
    endloop
  endfacet
  facet normal 7.635329962e-01 -1.635396294e-02 -6.455616951e-01
    outer loop
      vertex 6.908143312e-02 9.166910313e-03 -4.283337295e-02
      vertex 6.821281463e-02 9.243568406e-03 -4.386266321e-02
      vertex 6.872341782e-02 1.040783431e-02 -4.328824207e-02
    endloop
  endfacet
  facet normal 2.915151708e-04 1.015298585e-05 -9.999999404e-01
    outer loop
      vertex 6.691706926e-02 -3.568700282e-03 -4.542569071e-02
      vertex 5.117499828e-02 -3.479914507e-03 -4.543027654e-02
      vertex 6.691701710e-02 1.720250701e-03 -4.542563483e-02
    endloop
  endfacet
  facet normal 2.873578633e-04 2.273807331e-05 -9.999999404e-01
    outer loop
      vertex 6.691701710e-02 1.720250701e-03 -4.542563483e-02
      vertex 5.117499828e-02 -3.479914507e-03 -4.543027654e-02
      vertex 5.117493868e-02 1.720262924e-03 -4.543015733e-02
    endloop
  endfacet
  facet normal 2.873578633e-04 2.652731609e-06 -9.999999404e-01
    outer loop
      vertex 6.691701710e-02 1.720250701e-03 -4.542563483e-02
      vertex 5.117493868e-02 1.720262924e-03 -4.543015733e-02
      vertex 6.691695750e-02 4.411210306e-03 -4.542562738e-02
    endloop
  endfacet
  facet normal 2.874628408e-04 2.038465709e-06 -9.999999404e-01
    outer loop
      vertex 6.691695750e-02 4.411210306e-03 -4.542562738e-02
      vertex 5.117493868e-02 1.720262924e-03 -4.543015733e-02
      vertex 5.117508024e-02 4.388897214e-03 -4.543015361e-02
    endloop
  endfacet
  facet normal 2.875096397e-04 -3.097404260e-05 -9.999999404e-01
    outer loop
      vertex 6.691695750e-02 4.411210306e-03 -4.542562738e-02
      vertex 5.117508024e-02 4.388897214e-03 -4.543015361e-02
      vertex 6.691707671e-02 7.102166303e-03 -4.542571306e-02
    endloop
  endfacet
  facet normal 2.879908134e-04 -3.376570021e-05 -9.999999404e-01
    outer loop
      vertex 6.691707671e-02 7.102166303e-03 -4.542571306e-02
      vertex 5.117508024e-02 4.388897214e-03 -4.543015361e-02
      vertex 5.117496103e-02 7.057531271e-03 -4.543024302e-02
    endloop
  endfacet
  facet normal -1.136093706e-04 1.405950040e-01 -9.900671840e-01
    outer loop
      vertex 6.691707671e-02 7.102166303e-03 -4.542571306e-02
      vertex 5.117496103e-02 7.057531271e-03 -4.543024302e-02
      vertex 6.694862247e-02 7.380326279e-03 -4.538621381e-02
    endloop
  endfacet
  facet normal 5.199978477e-04 1.101579666e-01 -9.939139485e-01
    outer loop
      vertex 6.694862247e-02 7.380326279e-03 -4.538621381e-02
      vertex 5.117496103e-02 7.057531271e-03 -4.543024302e-02
      vertex 5.115095153e-02 7.275519893e-03 -4.540609568e-02
    endloop
  endfacet
  facet normal -1.202153275e-03 3.583010733e-01 -9.336053133e-01
    outer loop
      vertex 6.694862247e-02 7.380326279e-03 -4.538621381e-02
      vertex 5.115095153e-02 7.275519893e-03 -4.540609568e-02
      vertex 6.699586660e-02 7.539247163e-03 -4.532528669e-02
    endloop
  endfacet
  facet normal -6.550144171e-04 3.287422657e-01 -9.444194436e-01
    outer loop
      vertex 6.699586660e-02 7.539247163e-03 -4.532528669e-02
      vertex 5.115095153e-02 7.275519893e-03 -4.540609568e-02
      vertex 5.107592046e-02 7.492503151e-03 -4.533051327e-02
    endloop
  endfacet
  facet normal -1.192542491e-03 5.028557181e-01 -8.643695116e-01
    outer loop
      vertex 6.699586660e-02 7.539247163e-03 -4.532528669e-02
      vertex 5.107592046e-02 7.492503151e-03 -4.533051327e-02
      vertex 6.705468148e-02 7.670787629e-03 -4.524884000e-02
    endloop
  endfacet
  facet normal -3.207167378e-03 6.395932436e-01 -7.687068582e-01
    outer loop
      vertex 6.705468148e-02 7.670787629e-03 -4.524884000e-02
      vertex 5.107592046e-02 7.492503151e-03 -4.533051327e-02
      vertex 5.077325553e-02 7.864353247e-03 -4.501985759e-02
    endloop
  endfacet
  facet normal -2.158615971e-03 6.827588081e-01 -7.306406498e-01
    outer loop
      vertex 6.705468148e-02 7.670787629e-03 -4.524884000e-02
      vertex 5.077325553e-02 7.864353247e-03 -4.501985759e-02
      vertex 6.721080095e-02 7.888902910e-03 -4.504548013e-02
    endloop
  endfacet
  facet normal -4.156084906e-04 3.416549265e-01 -9.398253560e-01
    outer loop
      vertex 4.935935140e-02 1.016981341e-02 -4.336832464e-02
      vertex 4.926608130e-02 1.057308353e-02 -4.322168231e-02
      vertex 6.879799068e-02 1.066826191e-02 -4.319572076e-02
    endloop
  endfacet
  facet normal 3.445874027e-04 2.349762321e-01 -9.720010757e-01
    outer loop
      vertex 6.831268966e-02 1.176203601e-02 -4.293147847e-02
      vertex 6.894290447e-02 1.176213380e-02 -4.293122888e-02
      vertex 6.879799068e-02 1.066826191e-02 -4.319572076e-02
    endloop
  endfacet
  facet normal 3.359544207e-04 1.745463163e-01 -9.846488833e-01
    outer loop
      vertex 4.916165024e-02 1.140040345e-02 -4.300134629e-02
      vertex 4.915058240e-02 1.176215895e-02 -4.293722287e-02
      vertex 5.555216596e-02 1.176202577e-02 -4.293506220e-02
    endloop
  endfacet
  facet normal 2.729607804e-04 2.349462062e-01 -9.720083475e-01
    outer loop
      vertex 6.831268966e-02 1.176203601e-02 -4.293147847e-02
      vertex 6.879799068e-02 1.066826191e-02 -4.319572076e-02
      vertex 5.555216596e-02 1.176202577e-02 -4.293506220e-02
    endloop
  endfacet
  facet normal 1.542179962e-04 2.335862964e-01 -9.723360538e-01
    outer loop
      vertex 5.555216596e-02 1.176202577e-02 -4.293506220e-02
      vertex 6.879799068e-02 1.066826191e-02 -4.319572076e-02
      vertex 4.926608130e-02 1.057308353e-02 -4.322168231e-02
    endloop
  endfacet
  facet normal -4.508415703e-03 2.568190098e-01 -9.664490223e-01
    outer loop
      vertex 5.555216596e-02 1.176202577e-02 -4.293506220e-02
      vertex 4.926608130e-02 1.057308353e-02 -4.322168231e-02
      vertex 4.916165024e-02 1.140040345e-02 -4.300134629e-02
    endloop
  endfacet
  facet normal -1.688565710e-03 3.853864968e-01 -9.227536917e-01
    outer loop
      vertex 4.935935140e-02 1.016981341e-02 -4.336832464e-02
      vertex 6.879799068e-02 1.066826191e-02 -4.319572076e-02
      vertex 4.942534119e-02 9.942407720e-03 -4.346342012e-02
    endloop
  endfacet
  facet normal 4.829186364e-04 3.346546590e-01 -9.423407316e-01
    outer loop
      vertex 4.942534119e-02 9.942407720e-03 -4.346342012e-02
      vertex 6.879799068e-02 1.066826191e-02 -4.319572076e-02
      vertex 6.872341782e-02 1.040783431e-02 -4.328824207e-02
    endloop
  endfacet
  facet normal -3.803167492e-03 4.865199327e-01 -8.736612201e-01
    outer loop
      vertex 4.942534119e-02 9.942407720e-03 -4.346342012e-02
      vertex 6.872341782e-02 1.040783431e-02 -4.328824207e-02
      vertex 4.990448803e-02 8.859012276e-03 -4.406882077e-02
    endloop
  endfacet
  facet normal 8.123305743e-04 4.421675503e-01 -8.969321251e-01
    outer loop
      vertex 6.872341782e-02 1.040783431e-02 -4.328824207e-02
      vertex 6.821281463e-02 9.243568406e-03 -4.386266321e-02
      vertex 4.990448803e-02 8.859012276e-03 -4.406882077e-02
    endloop
  endfacet
  facet normal -2.531948499e-03 5.634405017e-01 -8.261527419e-01
    outer loop
      vertex 4.990448803e-02 8.859012276e-03 -4.406882077e-02
      vertex 6.821281463e-02 9.243568406e-03 -4.386266321e-02
      vertex 6.796886027e-02 8.843889460e-03 -4.413449764e-02
    endloop
  endfacet
  facet normal -2.405544510e-03 6.001968980e-01 -7.998486757e-01
    outer loop
      vertex 4.990448803e-02 8.859012276e-03 -4.406882077e-02
      vertex 6.796886027e-02 8.843889460e-03 -4.413449764e-02
      vertex 5.007715151e-02 8.594196290e-03 -4.426805675e-02
    endloop
  endfacet
  facet normal -4.268825520e-03 6.920053959e-01 -7.218797207e-01
    outer loop
      vertex 5.007715151e-02 8.594196290e-03 -4.426805675e-02
      vertex 6.796886027e-02 8.843889460e-03 -4.413449764e-02
      vertex 6.721080095e-02 7.888902910e-03 -4.504548013e-02
    endloop
  endfacet
  facet normal -2.157479525e-03 7.165072560e-01 -6.975763440e-01
    outer loop
      vertex 5.007715151e-02 8.594196290e-03 -4.426805675e-02
      vertex 6.721080095e-02 7.888902910e-03 -4.504548013e-02
      vertex 5.077325553e-02 7.864353247e-03 -4.501985759e-02
    endloop
  endfacet
  facet normal -3.289774358e-01 4.656418184e-08 -9.443377852e-01
    outer loop
      vertex -7.478824351e-03 2.047598734e-02 -2.385512926e-02
      vertex -8.961942978e-03 2.047598548e-02 -2.333845757e-02
      vertex -8.961945772e-03 2.271018364e-02 -2.333845571e-02
    endloop
  endfacet
  facet normal -4.447404742e-01 -1.355915060e-07 -8.956595063e-01
    outer loop
      vertex -8.961945772e-03 2.271018364e-02 -2.333845571e-02
      vertex -8.961942978e-03 2.047598548e-02 -2.333845757e-02
      vertex -1.317638624e-02 2.271018550e-02 -2.124577202e-02
    endloop
  endfacet
  facet normal -4.447402060e-01 4.920698302e-07 -8.956596255e-01
    outer loop
      vertex -8.961942978e-03 2.047598548e-02 -2.333845757e-02
      vertex -1.317639742e-02 2.047598734e-02 -2.124576829e-02
      vertex -1.317638624e-02 2.271018550e-02 -2.124577202e-02
    endloop
  endfacet
  facet normal -6.294119358e-01 1.613507038e-06 -7.770718336e-01
    outer loop
      vertex -1.317638624e-02 2.271018550e-02 -2.124577202e-02
      vertex -1.317639742e-02 2.047598734e-02 -2.124576829e-02
      vertex -1.804603823e-02 2.047598548e-02 -1.730145887e-02
    endloop
  endfacet
  facet normal -6.294113994e-01 -4.475068920e-07 -7.770722508e-01
    outer loop
      vertex -1.317638624e-02 2.271018550e-02 -2.124577202e-02
      vertex -1.804603823e-02 2.047598548e-02 -1.730145887e-02
      vertex -1.804604195e-02 2.271018364e-02 -1.730145887e-02
    endloop
  endfacet
  facet normal -8.028875589e-01 -7.767553711e-07 -5.961304903e-01
    outer loop
      vertex -1.804604195e-02 2.271018364e-02 -1.730145887e-02
      vertex -1.804603823e-02 2.047598548e-02 -1.730145887e-02
      vertex -2.178178728e-02 2.047598548e-02 -1.227003336e-02
    endloop
  endfacet
  facet normal -8.028875589e-01 -7.767553711e-07 -5.961304903e-01
    outer loop
      vertex -1.804604195e-02 2.271018364e-02 -1.730145887e-02
      vertex -2.178178728e-02 2.047598548e-02 -1.227003336e-02
      vertex -2.178179100e-02 2.271018364e-02 -1.227003243e-02
    endloop
  endfacet
  facet normal -9.259151220e-01 -1.057197210e-06 -3.777315915e-01
    outer loop
      vertex -2.178179100e-02 2.271018364e-02 -1.227003243e-02
      vertex -2.178178728e-02 2.047598548e-02 -1.227003336e-02
      vertex -2.414890192e-02 2.047598548e-02 -6.467639934e-03
    endloop
  endfacet
  facet normal -9.259151220e-01 -1.057197210e-06 -3.777315915e-01
    outer loop
      vertex -2.178179100e-02 2.271018364e-02 -1.227003243e-02
      vertex -2.414890192e-02 2.047598548e-02 -6.467639934e-03
      vertex -2.414890565e-02 2.271018364e-02 -6.467638537e-03
    endloop
  endfacet
  facet normal -9.907637239e-01 -1.271210408e-06 -1.355995089e-01
    outer loop
      vertex -2.414890565e-02 2.271018364e-02 -6.467638537e-03
      vertex -2.414890192e-02 2.047598548e-02 -6.467639934e-03
      vertex -2.499865927e-02 2.047598176e-02 -2.588574425e-04
    endloop
  endfacet
  facet normal -9.907637239e-01 -1.271210408e-06 -1.355995089e-01
    outer loop
      vertex -2.414890565e-02 2.271018364e-02 -6.467638537e-03
      vertex -2.499865927e-02 2.047598176e-02 -2.588574425e-04
      vertex -2.499866299e-02 2.271018736e-02 -2.588562784e-04
    endloop
  endfacet
  facet normal -9.933592081e-01 -1.405349849e-06 1.150543168e-01
    outer loop
      vertex -2.499866299e-02 2.271018736e-02 -2.588562784e-04
      vertex -2.499865927e-02 2.047598176e-02 -2.588574425e-04
      vertex -2.427765355e-02 2.047598734e-02 5.966187920e-03
    endloop
  endfacet
  facet normal -9.933592081e-01 -1.405349849e-06 1.150543168e-01
    outer loop
      vertex -2.499866299e-02 2.271018736e-02 -2.588562784e-04
      vertex -2.427765355e-02 2.047598734e-02 5.966187920e-03
      vertex -2.427765541e-02 2.271018550e-02 5.966189317e-03
    endloop
  endfacet
  facet normal -9.335383177e-01 -1.451185540e-06 3.584776819e-01
    outer loop
      vertex -2.427765541e-02 2.271018550e-02 5.966189317e-03
      vertex -2.427765355e-02 2.047598734e-02 5.966187920e-03
      vertex -2.203119360e-02 2.047598734e-02 1.181635633e-02
    endloop
  endfacet
  facet normal -9.335383177e-01 -1.451185540e-06 3.584776819e-01
    outer loop
      vertex -2.427765541e-02 2.271018550e-02 5.966189317e-03
      vertex -2.203119360e-02 2.047598734e-02 1.181635633e-02
      vertex -2.203119732e-02 2.271018550e-02 1.181635819e-02
    endloop
  endfacet
  facet normal -8.150599003e-01 -1.402598514e-06 5.793766975e-01
    outer loop
      vertex -2.203119732e-02 2.271018550e-02 1.181635819e-02
      vertex -2.203119360e-02 2.047598734e-02 1.181635633e-02
      vertex -1.840043813e-02 2.047598176e-02 1.692406088e-02
    endloop
  endfacet
  facet normal -8.150599003e-01 -1.405838020e-06 5.793766379e-01
    outer loop
      vertex -2.203119732e-02 2.271018550e-02 1.181635819e-02
      vertex -1.840043813e-02 2.047598176e-02 1.692406088e-02
      vertex -1.840043999e-02 2.271018736e-02 1.692406274e-02
    endloop
  endfacet
  facet normal -6.453676224e-01 -1.272156169e-06 7.638721466e-01
    outer loop
      vertex -1.840043999e-02 2.271018736e-02 1.692406274e-02
      vertex -1.840043813e-02 2.047598176e-02 1.692406088e-02
      vertex -1.361350808e-02 2.047598548e-02 2.096836269e-02
    endloop
  endfacet
  facet normal -6.453676224e-01 -1.272156169e-06 7.638721466e-01
    outer loop
      vertex -1.840043999e-02 2.271018736e-02 1.692406274e-02
      vertex -1.361350808e-02 2.047598548e-02 2.096836269e-02
      vertex -1.361351088e-02 2.271018364e-02 2.096836455e-02
    endloop
  endfacet
  facet normal -4.351257086e-01 -1.058541102e-06 9.003697038e-01
    outer loop
      vertex -1.361351088e-02 2.271018364e-02 2.096836455e-02
      vertex -1.361350808e-02 2.047598548e-02 2.096836269e-02
      vertex -7.971198298e-03 2.047598548e-02 2.369514666e-02
    endloop
  endfacet
  facet normal -4.351257086e-01 -1.058541102e-06 9.003697038e-01
    outer loop
      vertex -1.361351088e-02 2.271018364e-02 2.096836455e-02
      vertex -7.971198298e-03 2.047598548e-02 2.369514666e-02
      vertex -7.971201092e-03 2.271018364e-02 2.369514853e-02
    endloop
  endfacet
  facet normal -1.975421011e-01 -7.784127547e-07 9.802944064e-01
    outer loop
      vertex -7.971201092e-03 2.271018364e-02 2.369514853e-02
      vertex -7.971198298e-03 2.047598548e-02 2.369514666e-02
      vertex -1.828022650e-03 2.047598548e-02 2.493307739e-02
    endloop
  endfacet
  facet normal -1.975421011e-01 -7.784127547e-07 9.802944064e-01
    outer loop
      vertex -7.971201092e-03 2.271018364e-02 2.369514853e-02
      vertex -1.828022650e-03 2.047598548e-02 2.493307739e-02
      vertex -1.828025677e-03 2.271018364e-02 2.493307739e-02
    endloop
  endfacet
  facet normal 5.245307833e-02 -4.493747952e-07 9.986233711e-01
    outer loop
      vertex -1.828025677e-03 2.271018364e-02 2.493307739e-02
      vertex -1.828022650e-03 2.047598548e-02 2.493307739e-02
      vertex 4.430006258e-03 2.047598734e-02 2.460437082e-02
    endloop
  endfacet
  facet normal 5.245307833e-02 -4.493747952e-07 9.986233711e-01
    outer loop
      vertex -1.828025677e-03 2.271018364e-02 2.493307739e-02
      vertex 4.430006258e-03 2.047598734e-02 2.460437082e-02
      vertex 4.430002999e-03 2.271018550e-02 2.460437268e-02
    endloop
  endfacet
  facet normal 2.991529107e-01 -9.210030072e-08 9.542051554e-01
    outer loop
      vertex 4.430002999e-03 2.271018550e-02 2.460437268e-02
      vertex 4.430006258e-03 2.047598734e-02 2.460437082e-02
      vertex 1.040969137e-02 2.047598734e-02 2.272967994e-02
    endloop
  endfacet
  facet normal 2.991529107e-01 -9.210030072e-08 9.542051554e-01
    outer loop
      vertex 4.430002999e-03 2.271018550e-02 2.460437268e-02
      vertex 1.040969137e-02 2.047598734e-02 2.272967994e-02
      vertex 1.040968858e-02 2.271018550e-02 2.272968180e-02
    endloop
  endfacet
  facet normal 5.270559788e-01 2.709614364e-07 8.498305678e-01
    outer loop
      vertex 1.040968858e-02 2.271018550e-02 2.272968180e-02
      vertex 1.040969137e-02 2.047598734e-02 2.272967994e-02
      vertex 1.573528722e-02 2.047598176e-02 1.942680217e-02
    endloop
  endfacet
  facet normal 5.270556211e-01 -9.787888757e-07 8.498308063e-01
    outer loop
      vertex 1.040968858e-02 2.271018550e-02 2.272968180e-02
      vertex 1.573528722e-02 2.047598176e-02 1.942680217e-02
      vertex 1.573529653e-02 2.271018736e-02 1.942679845e-02
    endloop
  endfacet
  facet normal 7.218412161e-01 -2.222760031e-06 6.920587420e-01
    outer loop
      vertex 1.573529653e-02 2.271018736e-02 1.942679845e-02
      vertex 1.573528722e-02 2.047598176e-02 1.942680217e-02
      vertex 2.007218637e-02 2.047598362e-02 1.490326505e-02
    endloop
  endfacet
  facet normal 7.218419313e-01 6.169972835e-07 6.920579672e-01
    outer loop
      vertex 1.573529653e-02 2.271018736e-02 1.942679845e-02
      vertex 2.007218637e-02 2.047598362e-02 1.490326505e-02
      vertex 2.007218264e-02 2.271018922e-02 1.490326598e-02
    endloop
  endfacet
  facet normal 8.712716699e-01 9.242646115e-07 4.908010066e-01
    outer loop
      vertex 2.007218264e-02 2.271018922e-02 1.490326598e-02
      vertex 2.007218637e-02 2.047598362e-02 1.490326505e-02
      vertex 2.314786986e-02 2.047598176e-02 9.443301708e-03
    endloop
  endfacet
  facet normal 8.712709546e-01 -3.327066679e-06 4.908023477e-01
    outer loop
      vertex 2.007218264e-02 2.271018922e-02 1.490326598e-02
      vertex 2.314786986e-02 2.047598176e-02 9.443301708e-03
      vertex 2.314787917e-02 2.271018736e-02 9.443297982e-03
    endloop
  endfacet
  facet normal 9.659558535e-01 -4.222323696e-06 2.587068975e-01
    outer loop
      vertex 2.314787917e-02 2.271018736e-02 9.443297982e-03
      vertex 2.314786986e-02 2.047598176e-02 9.443301708e-03
      vertex 2.476909943e-02 2.047598734e-02 3.389976686e-03
    endloop
  endfacet
  facet normal 9.659563899e-01 1.173457235e-06 2.587050498e-01
    outer loop
      vertex 2.314787917e-02 2.271018736e-02 9.443297982e-03
      vertex 2.476909943e-02 2.047598734e-02 3.389976686e-03
      vertex 2.476909570e-02 2.271018550e-02 3.389977850e-03
    endloop
  endfacet
  facet normal 9.999464154e-01 1.348917067e-06 1.035371702e-02
    outer loop
      vertex 2.476909570e-02 2.271018550e-02 3.389977850e-03
      vertex 2.476909943e-02 2.047598734e-02 3.389976686e-03
      vertex 2.483398281e-02 2.047598362e-02 -2.876347629e-03
    endloop
  endfacet
  facet normal 9.999464154e-01 1.348917067e-06 1.035371702e-02
    outer loop
      vertex 2.476909570e-02 2.271018550e-02 3.389977850e-03
      vertex 2.483398281e-02 2.047598362e-02 -2.876347629e-03
      vertex 2.483397909e-02 2.271018177e-02 -2.876346465e-03
    endloop
  endfacet
  facet normal 9.711064100e-01 1.439619268e-06 -2.386469543e-01
    outer loop
      vertex 2.483397909e-02 2.271018177e-02 -2.876346465e-03
      vertex 2.483398281e-02 2.047598362e-02 -2.876347629e-03
      vertex 2.333846316e-02 2.047598548e-02 -8.961942978e-03
    endloop
  endfacet
  facet normal 9.711064100e-01 1.439619268e-06 -2.386469543e-01
    outer loop
      vertex 2.483397909e-02 2.271018177e-02 -2.876346465e-03
      vertex 2.333846316e-02 2.047598548e-02 -8.961942978e-03
      vertex 2.333845943e-02 2.271018364e-02 -8.961942047e-03
    endloop
  endfacet
  facet normal 8.812475801e-01 1.439865400e-06 -4.726549685e-01
    outer loop
      vertex 2.333845943e-02 2.271018364e-02 -8.961942047e-03
      vertex 2.333846316e-02 2.047598548e-02 -8.961942978e-03
      vertex 2.037649415e-02 2.047598362e-02 -1.448442414e-02
    endloop
  endfacet
  facet normal 8.812475801e-01 1.439865400e-06 -4.726549685e-01
    outer loop
      vertex 2.333845943e-02 2.271018364e-02 -8.961942047e-03
      vertex 2.037649415e-02 2.047598362e-02 -1.448442414e-02
      vertex 2.037649043e-02 2.271018177e-02 -1.448442321e-02
    endloop
  endfacet
  facet normal 7.360178828e-01 1.349639774e-06 -6.769621372e-01
    outer loop
      vertex 2.037649043e-02 2.271018177e-02 -1.448442321e-02
      vertex 2.037649415e-02 2.047598362e-02 -1.448442414e-02
      vertex 1.613420248e-02 2.047598734e-02 -1.909679733e-02
    endloop
  endfacet
  facet normal 7.360178828e-01 1.349639774e-06 -6.769621372e-01
    outer loop
      vertex 2.037649043e-02 2.271018177e-02 -1.448442321e-02
      vertex 1.613420248e-02 2.047598734e-02 -1.909679733e-02
      vertex 1.613419876e-02 2.271018550e-02 -1.909679733e-02
    endloop
  endfacet
  facet normal 5.445392728e-01 1.174609451e-06 -8.387353420e-01
    outer loop
      vertex 1.613419876e-02 2.271018550e-02 -1.909679733e-02
      vertex 1.613420248e-02 2.047598734e-02 -1.909679733e-02
      vertex 1.087812521e-02 2.047598176e-02 -2.250924520e-02
    endloop
  endfacet
  facet normal 5.445409417e-01 -4.221175914e-06 -8.387342691e-01
    outer loop
      vertex 1.613419876e-02 2.271018550e-02 -1.909679733e-02
      vertex 1.087812521e-02 2.047598176e-02 -2.250924520e-02
      vertex 1.087813638e-02 2.271018736e-02 -2.250925079e-02
    endloop
  endfacet
  facet normal 3.188482523e-01 -3.325560328e-06 -9.478057623e-01
    outer loop
      vertex 1.087813638e-02 2.271018736e-02 -2.250925079e-02
      vertex 1.087812521e-02 2.047598176e-02 -2.250924520e-02
      vertex 4.938549828e-03 2.047598362e-02 -2.450735867e-02
    endloop
  endfacet
  facet normal 3.188468218e-01 9.257753959e-07 -9.478062391e-01
    outer loop
      vertex 1.087813638e-02 2.271018736e-02 -2.250925079e-02
      vertex 4.938549828e-03 2.047598362e-02 -2.450735867e-02
      vertex 4.938546568e-03 2.271018922e-02 -2.450735867e-02
    endloop
  endfacet
  facet normal 7.312169671e-02 6.187737540e-07 -9.973230362e-01
    outer loop
      vertex 4.938546568e-03 2.271018922e-02 -2.450735867e-02
      vertex 4.938549828e-03 2.047598362e-02 -2.450735867e-02
      vertex -1.311326982e-03 2.047598176e-02 -2.496558800e-02
    endloop
  endfacet
  facet normal 7.312169671e-02 6.187737540e-07 -9.973230362e-01
    outer loop
      vertex 4.938546568e-03 2.271018922e-02 -2.450735867e-02
      vertex -1.311326982e-03 2.047598176e-02 -2.496558800e-02
      vertex -1.311330008e-03 2.271018736e-02 -2.496558614e-02
    endloop
  endfacet
  facet normal -1.772008091e-01 2.728885988e-07 -9.841747284e-01
    outer loop
      vertex -1.311330008e-03 2.271018736e-02 -2.496558614e-02
      vertex -1.311326982e-03 2.047598176e-02 -2.496558800e-02
      vertex -7.478824351e-03 2.047598734e-02 -2.385512926e-02
    endloop
  endfacet
  facet normal -1.772008091e-01 2.728885988e-07 -9.841747284e-01
    outer loop
      vertex -1.311330008e-03 2.271018736e-02 -2.496558614e-02
      vertex -7.478824351e-03 2.047598734e-02 -2.385512926e-02
      vertex -7.478827611e-03 2.271018550e-02 -2.385512739e-02
    endloop
  endfacet
  facet normal -3.289774358e-01 4.656418184e-08 -9.443377852e-01
    outer loop
      vertex -7.478827611e-03 2.271018550e-02 -2.385512739e-02
      vertex -7.478824351e-03 2.047598734e-02 -2.385512926e-02
      vertex -8.961945772e-03 2.271018364e-02 -2.333845571e-02
    endloop
  endfacet
  facet normal 1.354385404e-06 -1.000000000e+00 -5.211338703e-07
    outer loop
      vertex -8.961942978e-03 2.047598548e-02 -2.333845757e-02
      vertex -7.478824351e-03 2.047598734e-02 -2.385512926e-02
      vertex -2.800568943e-10 2.047598548e-02 1.175272657e-10
    endloop
  endfacet
  facet normal -1.303720865e-07 -1.000000000e+00 4.901137984e-08
    outer loop
      vertex -8.961942978e-03 2.047598548e-02 -2.333845757e-02
      vertex -2.800568943e-10 2.047598548e-02 1.175272657e-10
      vertex -1.317639742e-02 2.047598734e-02 -2.124576829e-02
    endloop
  endfacet
  facet normal -6.819028897e-08 -1.000000000e+00 1.825724212e-07
    outer loop
      vertex -2.414890192e-02 2.047598548e-02 -6.467639934e-03
      vertex -2.178178728e-02 2.047598548e-02 -1.227003336e-02
      vertex -2.800568943e-10 2.047598548e-02 1.175272657e-10
    endloop
  endfacet
  facet normal 4.267979392e-08 -1.000000000e+00 -1.424437190e-08
    outer loop
      vertex -2.800568943e-10 2.047598548e-02 1.175272657e-10
      vertex -2.178178728e-02 2.047598548e-02 -1.227003336e-02
      vertex -1.804603823e-02 2.047598548e-02 -1.730145887e-02
    endloop
  endfacet
  facet normal 1.469000921e-07 -1.000000000e+00 -1.229498423e-07
    outer loop
      vertex -2.800568943e-10 2.047598548e-02 1.175272657e-10
      vertex -1.804603823e-02 2.047598548e-02 -1.730145887e-02
      vertex -1.317639742e-02 2.047598734e-02 -2.124576829e-02
    endloop
  endfacet
  facet normal -4.775155915e-08 -1.000000000e+00 1.728518839e-08
    outer loop
      vertex -2.203119360e-02 2.047598734e-02 1.181635633e-02
      vertex -2.427765355e-02 2.047598734e-02 5.966187920e-03
      vertex -2.800568943e-10 2.047598548e-02 1.175272657e-10
    endloop
  endfacet
  facet normal 1.483887075e-07 -1.000000000e+00 8.154204920e-07
    outer loop
      vertex -2.800568943e-10 2.047598548e-02 1.175272657e-10
      vertex -2.427765355e-02 2.047598734e-02 5.966187920e-03
      vertex -2.499865927e-02 2.047598176e-02 -2.588574425e-04
    endloop
  endfacet
  facet normal 1.639156864e-07 -1.000000000e+00 -6.840658671e-07
    outer loop
      vertex -2.800568943e-10 2.047598548e-02 1.175272657e-10
      vertex -2.499865927e-02 2.047598176e-02 -2.588574425e-04
      vertex -2.414890192e-02 2.047598548e-02 -6.467639934e-03
    endloop
  endfacet
  facet normal -1.735648851e-07 -1.000000000e+00 -9.184140737e-08
    outer loop
      vertex -7.971198298e-03 2.047598548e-02 2.369514666e-02
      vertex -1.361350808e-02 2.047598548e-02 2.096836269e-02
      vertex -2.800568943e-10 2.047598548e-02 1.175272657e-10
    endloop
  endfacet
  facet normal 5.789324860e-07 -1.000000000e+00 3.967102487e-07
    outer loop
      vertex -2.800568943e-10 2.047598548e-02 1.175272657e-10
      vertex -1.361350808e-02 2.047598548e-02 2.096836269e-02
      vertex -1.840043813e-02 2.047598176e-02 1.692406088e-02
    endloop
  endfacet
  facet normal -4.362179595e-07 -1.000000000e+00 -7.069971275e-07
    outer loop
      vertex -2.800568943e-10 2.047598548e-02 1.175272657e-10
      vertex -1.840043813e-02 2.047598176e-02 1.692406088e-02
      vertex -2.203119360e-02 2.047598734e-02 1.181635633e-02
    endloop
  endfacet
  facet normal 2.648409065e-07 -1.000000000e+00 -2.214654771e-08
    outer loop
      vertex 1.040969137e-02 2.047598734e-02 2.272967994e-02
      vertex 4.430006258e-03 2.047598734e-02 2.460437082e-02
      vertex -2.800568943e-10 2.047598548e-02 1.175272657e-10
    endloop
  endfacet
  facet normal 1.907322371e-07 -1.000000000e+00 -8.803312745e-09
    outer loop
      vertex -2.800568943e-10 2.047598548e-02 1.175272657e-10
      vertex 4.430006258e-03 2.047598734e-02 2.460437082e-02
      vertex -1.828022650e-03 2.047598548e-02 2.493307739e-02
    endloop
  endfacet
  facet normal 4.054070857e-08 -1.000000000e+00 -1.981492836e-08
    outer loop
      vertex -2.800568943e-10 2.047598548e-02 1.175272657e-10
      vertex -1.828022650e-03 2.047598548e-02 2.493307739e-02
      vertex -7.971198298e-03 2.047598548e-02 2.369514666e-02
    endloop
  endfacet
  facet normal -1.451706453e-07 -1.000000000e+00 -1.272824179e-09
    outer loop
      vertex 2.314786986e-02 2.047598176e-02 9.443301708e-03
      vertex 2.007218637e-02 2.047598362e-02 1.490326505e-02
      vertex -2.800568943e-10 2.047598548e-02 1.175272657e-10
    endloop
  endfacet
  facet normal -1.050684162e-08 -1.000000000e+00 -1.826422675e-07
    outer loop
      vertex -2.800568943e-10 2.047598548e-02 1.175272657e-10
      vertex 2.007218637e-02 2.047598362e-02 1.490326505e-02
      vertex 1.573528722e-02 2.047598176e-02 1.942680217e-02
    endloop
  endfacet
  facet normal -8.247076266e-07 -1.000000000e+00 4.768426720e-07
    outer loop
      vertex -2.800568943e-10 2.047598548e-02 1.175272657e-10
      vertex 1.573528722e-02 2.047598176e-02 1.942680217e-02
      vertex 1.040969137e-02 2.047598734e-02 2.272967994e-02
    endloop
  endfacet
  facet normal -1.041768769e-07 -1.000000000e+00 -1.626958834e-07
    outer loop
      vertex 2.333846316e-02 2.047598548e-02 -8.961942978e-03
      vertex 2.483398281e-02 2.047598362e-02 -2.876347629e-03
      vertex -2.800568943e-10 2.047598548e-02 1.175272657e-10
    endloop
  endfacet
  facet normal -9.615908070e-09 -1.000000000e+00 6.537302966e-07
    outer loop
      vertex -2.800568943e-10 2.047598548e-02 1.175272657e-10
      vertex 2.483398281e-02 2.047598362e-02 -2.876347629e-03
      vertex 2.476909943e-02 2.047598734e-02 3.389976686e-03
    endloop
  endfacet
  facet normal 1.937241052e-07 -1.000000000e+00 -8.319877338e-07
    outer loop
      vertex -2.800568943e-10 2.047598548e-02 1.175272657e-10
      vertex 2.476909943e-02 2.047598734e-02 3.389976686e-03
      vertex 2.314786986e-02 2.047598176e-02 9.443301708e-03
    endloop
  endfacet
  facet normal 7.000845699e-07 -1.000000000e+00 4.866633390e-07
    outer loop
      vertex 1.087812521e-02 2.047598176e-02 -2.250924520e-02
      vertex 1.613420248e-02 2.047598734e-02 -1.909679733e-02
      vertex -2.800568943e-10 2.047598548e-02 1.175272657e-10
    endloop
  endfacet
  facet normal -4.453933116e-07 -1.000000000e+00 -4.811100212e-07
    outer loop
      vertex -2.800568943e-10 2.047598548e-02 1.175272657e-10
      vertex 1.613420248e-02 2.047598734e-02 -1.909679733e-02
      vertex 2.037649415e-02 2.047598362e-02 -1.448442414e-02
    endloop
  endfacet
  facet normal 3.078739752e-08 -1.000000000e+00 1.887746350e-07
    outer loop
      vertex -2.800568943e-10 2.047598548e-02 1.175272657e-10
      vertex 2.037649415e-02 2.047598362e-02 -1.448442414e-02
      vertex 2.333846316e-02 2.047598548e-02 -8.961942978e-03
    endloop
  endfacet
  facet normal -9.325989936e-07 -1.000000000e+00 1.958588598e-07
    outer loop
      vertex -7.478824351e-03 2.047598734e-02 -2.385512926e-02
      vertex -1.311326982e-03 2.047598176e-02 -2.496558800e-02
      vertex -2.800568943e-10 2.047598548e-02 1.175272657e-10
    endloop
  endfacet
  facet normal 1.137299819e-07 -1.000000000e+00 1.409000419e-07
    outer loop
      vertex -2.800568943e-10 2.047598548e-02 1.175272657e-10
      vertex -1.311326982e-03 2.047598176e-02 -2.496558800e-02
      vertex 4.938549828e-03 2.047598362e-02 -2.450735867e-02
    endloop
  endfacet
  facet normal -1.077117417e-07 -1.000000000e+00 9.627666486e-08
    outer loop
      vertex -2.800568943e-10 2.047598548e-02 1.175272657e-10
      vertex 4.938549828e-03 2.047598362e-02 -2.450735867e-02
      vertex 1.087812521e-02 2.047598176e-02 -2.250924520e-02
    endloop
  endfacet
  facet normal -7.396669388e-01 -1.922104955e-01 -6.449402571e-01
    outer loop
      vertex 4.990134761e-02 -5.183481146e-03 -4.371758178e-02
      vertex 4.947026074e-02 -6.115169730e-03 -4.294550791e-02
      vertex 4.916089028e-02 -6.030486897e-03 -4.261593893e-02
    endloop
  endfacet
  facet normal -7.394520640e-01 -2.013996542e-01 -6.423774362e-01
    outer loop
      vertex 4.916089028e-02 -6.030486897e-03 -4.261593893e-02
      vertex 4.947026074e-02 -6.115169730e-03 -4.294550791e-02
      vertex 4.923574999e-02 -7.187104318e-03 -4.233948514e-02
    endloop
  endfacet
  facet normal -7.236065269e-01 -1.249375194e-01 -6.788108945e-01
    outer loop
      vertex 4.714838043e-02 -4.749676213e-03 -4.075436667e-02
      vertex 4.714846238e-02 -3.024132922e-03 -4.107204825e-02
      vertex 4.910678416e-02 -3.342220560e-03 -4.310105741e-02
    endloop
  endfacet
  facet normal -7.236053348e-01 -8.869861811e-02 -6.844909787e-01
    outer loop
      vertex 4.910678416e-02 -3.342220560e-03 -4.310105741e-02
      vertex 4.714846238e-02 -3.024132922e-03 -4.107204825e-02
      vertex 4.714852944e-02 -1.495240140e-03 -4.127023742e-02
    endloop
  endfacet
  facet normal -7.036469579e-01 -3.690601885e-02 -7.095906734e-01
    outer loop
      vertex 4.714858159e-02 1.720259083e-03 -4.143752530e-02
      vertex 5.117493868e-02 1.720262924e-03 -4.543015733e-02
      vertex 4.714852944e-02 -1.495240140e-03 -4.127023742e-02
    endloop
  endfacet
  facet normal -7.185465693e-01 7.734105566e-06 -6.954788566e-01
    outer loop
      vertex 4.714852944e-02 -1.495240140e-03 -4.127023742e-02
      vertex 5.117493868e-02 1.720262924e-03 -4.543015733e-02
      vertex 5.117499828e-02 -3.479914507e-03 -4.543027654e-02
    endloop
  endfacet
  facet normal -7.443071604e-01 -1.423736513e-01 -6.524848938e-01
    outer loop
      vertex 4.714852944e-02 -1.495240140e-03 -4.127023742e-02
      vertex 5.117499828e-02 -3.479914507e-03 -4.543027654e-02
      vertex 4.910678416e-02 -3.342220560e-03 -4.310105741e-02
    endloop
  endfacet
  facet normal -7.477648854e-01 -1.365907956e-04 -6.639636159e-01
    outer loop
      vertex 4.910678416e-02 -3.342220560e-03 -4.310105741e-02
      vertex 5.117499828e-02 -3.479914507e-03 -4.543027654e-02
      vertex 5.117198080e-02 -3.561148187e-03 -4.542686418e-02
    endloop
  endfacet
  facet normal -7.479150295e-01 -3.445322625e-03 -6.637855172e-01
    outer loop
      vertex 4.910678416e-02 -3.342220560e-03 -4.310105741e-02
      vertex 5.117198080e-02 -3.561148187e-03 -4.542686418e-02
      vertex 5.112429336e-02 -3.816110780e-03 -4.537181184e-02
    endloop
  endfacet
  facet normal -7.495713830e-01 -2.101856284e-02 -6.615897417e-01
    outer loop
      vertex 5.112429336e-02 -3.816110780e-03 -4.537181184e-02
      vertex 5.100888014e-02 -4.074839875e-03 -4.523282871e-02
      vertex 4.910678416e-02 -3.342220560e-03 -4.310105741e-02
    endloop
  endfacet
  facet normal -7.556787729e-01 -6.588450819e-02 -6.516201496e-01
    outer loop
      vertex 4.910678416e-02 -3.342220560e-03 -4.310105741e-02
      vertex 5.100888014e-02 -4.074839875e-03 -4.523282871e-02
      vertex 5.071906000e-02 -4.375504795e-03 -4.486632347e-02
    endloop
  endfacet
  facet normal -7.660546899e-01 -1.148592457e-01 -6.324298978e-01
    outer loop
      vertex 4.910678416e-02 -3.342220560e-03 -4.310105741e-02
      vertex 5.071906000e-02 -4.375504795e-03 -4.486632347e-02
      vertex 5.005832389e-02 -4.965078086e-03 -4.395890981e-02
    endloop
  endfacet
  facet normal -7.749437690e-01 -1.271086931e-01 -6.191167235e-01
    outer loop
      vertex 5.005832389e-02 -4.965078086e-03 -4.395890981e-02
      vertex 4.990134761e-02 -5.183481146e-03 -4.371758178e-02
      vertex 4.910678416e-02 -3.342220560e-03 -4.310105741e-02
    endloop
  endfacet
  facet normal -7.751283646e-01 -1.272773147e-01 -6.188509464e-01
    outer loop
      vertex 4.910678416e-02 -3.342220560e-03 -4.310105741e-02
      vertex 4.990134761e-02 -5.183481146e-03 -4.371758178e-02
      vertex 4.916089028e-02 -6.030486897e-03 -4.261593893e-02
    endloop
  endfacet
  facet normal -7.183398008e-01 -1.375235617e-01 -6.819642186e-01
    outer loop
      vertex 4.910678416e-02 -3.342220560e-03 -4.310105741e-02
      vertex 4.916089028e-02 -6.030486897e-03 -4.261593893e-02
      vertex 4.714838043e-02 -4.749676213e-03 -4.075436667e-02
    endloop
  endfacet
  facet normal -7.313919067e-01 -2.029527277e-01 -6.510576606e-01
    outer loop
      vertex 4.714838043e-02 -4.749676213e-03 -4.075436667e-02
      vertex 4.916089028e-02 -6.030486897e-03 -4.261593893e-02
      vertex 4.923574999e-02 -7.187104318e-03 -4.233948514e-02
    endloop
  endfacet
  facet normal -7.201371789e-01 -1.811470240e-01 -6.697673202e-01
    outer loop
      vertex 4.714838043e-02 -4.749676213e-03 -4.075436667e-02
      vertex 4.923574999e-02 -7.187104318e-03 -4.233948514e-02
      vertex 4.714812711e-02 -7.967106067e-03 -3.988390043e-02
    endloop
  endfacet
  facet normal -7.068975568e-01 -2.221324295e-01 -6.715303659e-01
    outer loop
      vertex 4.714812711e-02 -7.967106067e-03 -3.988390043e-02
      vertex 4.923574999e-02 -7.187104318e-03 -4.233948514e-02
      vertex 4.914872348e-02 -8.592515253e-03 -4.178298265e-02
    endloop
  endfacet
  facet normal -5.209874362e-03 -7.978482842e-01 -6.028357744e-01
    outer loop
      vertex 6.728193909e-02 -4.425792489e-03 -4.494291171e-02
      vertex 6.808228791e-02 -5.302859470e-03 -4.378903657e-02
      vertex 5.071906000e-02 -4.375504795e-03 -4.486632347e-02
    endloop
  endfacet
  facet normal -1.046355441e-02 -8.350041509e-01 -5.501440763e-01
    outer loop
      vertex 5.071906000e-02 -4.375504795e-03 -4.486632347e-02
      vertex 6.808228791e-02 -5.302859470e-03 -4.378903657e-02
      vertex 5.005832389e-02 -4.965078086e-03 -4.395890981e-02
    endloop
  endfacet
  facet normal -7.499959785e-03 -7.389908433e-01 -6.736736894e-01
    outer loop
      vertex 5.005832389e-02 -4.965078086e-03 -4.395890981e-02
      vertex 6.808228791e-02 -5.302859470e-03 -4.378903657e-02
      vertex 4.990134761e-02 -5.183481146e-03 -4.371758178e-02
    endloop
  endfacet
  facet normal -7.383739576e-03 -6.930556297e-01 -7.208462954e-01
    outer loop
      vertex 4.990134761e-02 -5.183481146e-03 -4.371758178e-02
      vertex 6.808228791e-02 -5.302859470e-03 -4.378903657e-02
      vertex 6.837760657e-02 -5.812512711e-03 -4.330205545e-02
    endloop
  endfacet
  facet normal -4.343872890e-03 -6.368702650e-01 -7.709587216e-01
    outer loop
      vertex 4.990134761e-02 -5.183481146e-03 -4.371758178e-02
      vertex 6.837760657e-02 -5.812512711e-03 -4.330205545e-02
      vertex 4.947026074e-02 -6.115169730e-03 -4.294550791e-02
    endloop
  endfacet
  facet normal -6.119992584e-03 -5.785404444e-01 -8.156307340e-01
    outer loop
      vertex 4.947026074e-02 -6.115169730e-03 -4.294550791e-02
      vertex 6.837760657e-02 -5.812512711e-03 -4.330205545e-02
      vertex 6.876868755e-02 -6.932487711e-03 -4.251057655e-02
    endloop
  endfacet
  facet normal -1.213223324e-03 -4.919469655e-01 -8.706243038e-01
    outer loop
      vertex 4.947026074e-02 -6.115169730e-03 -4.294550791e-02
      vertex 6.876868755e-02 -6.932487711e-03 -4.251057655e-02
      vertex 4.923574999e-02 -7.187104318e-03 -4.233948514e-02
    endloop
  endfacet
  facet normal -1.425116439e-03 -4.801135659e-01 -8.772051930e-01
    outer loop
      vertex 6.876868755e-02 -6.932487711e-03 -4.251057655e-02
      vertex 6.883186102e-02 -7.246164605e-03 -4.233899340e-02
      vertex 4.923574999e-02 -7.187104318e-03 -4.233948514e-02
    endloop
  endfacet
  facet normal -1.137493760e-03 -3.850590587e-01 -9.228912592e-01
    outer loop
      vertex 4.923574999e-02 -7.187104318e-03 -4.233948514e-02
      vertex 6.883186102e-02 -7.246164605e-03 -4.233899340e-02
      vertex 6.894125044e-02 -8.592570201e-03 -4.177736863e-02
    endloop
  endfacet
  facet normal 2.628266520e-04 -3.681719303e-01 -9.297576547e-01
    outer loop
      vertex 4.923574999e-02 -7.187104318e-03 -4.233948514e-02
      vertex 6.894125044e-02 -8.592570201e-03 -4.177736863e-02
      vertex 4.914872348e-02 -8.592515253e-03 -4.178298265e-02
    endloop
  endfacet
  facet normal 5.447152580e-05 -4.197305068e-02 -9.991187453e-01
    outer loop
      vertex 5.117499828e-02 -3.479914507e-03 -4.543027654e-02
      vertex 6.691706926e-02 -3.568700282e-03 -4.542569071e-02
      vertex 5.117198080e-02 -3.561148187e-03 -4.542686418e-02
    endloop
  endfacet
  facet normal -2.734081500e-05 -2.092300355e-01 -9.778664708e-01
    outer loop
      vertex 5.117198080e-02 -3.561148187e-03 -4.542686418e-02
      vertex 6.691706926e-02 -3.568700282e-03 -4.542569071e-02
      vertex 6.698632985e-02 -3.978072666e-03 -4.533809796e-02
    endloop
  endfacet
  facet normal -7.758956781e-05 -2.110526115e-01 -9.774746895e-01
    outer loop
      vertex 5.117198080e-02 -3.561148187e-03 -4.542686418e-02
      vertex 6.698632985e-02 -3.978072666e-03 -4.533809796e-02
      vertex 5.112429336e-02 -3.816110780e-03 -4.537181184e-02
    endloop
  endfacet
  facet normal -2.948008012e-03 -4.721943140e-01 -8.814895749e-01
    outer loop
      vertex 5.112429336e-02 -3.816110780e-03 -4.537181184e-02
      vertex 6.698632985e-02 -3.978072666e-03 -4.533809796e-02
      vertex 5.100888014e-02 -4.074839875e-03 -4.523282871e-02
    endloop
  endfacet
  facet normal -2.208288992e-03 -5.464579463e-01 -8.374836445e-01
    outer loop
      vertex 6.698632985e-02 -3.978072666e-03 -4.533809796e-02
      vertex 6.711518019e-02 -4.239531700e-03 -4.516783729e-02
      vertex 5.100888014e-02 -4.074839875e-03 -4.523282871e-02
    endloop
  endfacet
  facet normal -5.331106018e-03 -7.721281648e-01 -6.354444623e-01
    outer loop
      vertex 5.100888014e-02 -4.074839875e-03 -4.523282871e-02
      vertex 6.711518019e-02 -4.239531700e-03 -4.516783729e-02
      vertex 6.728193909e-02 -4.425792489e-03 -4.494291171e-02
    endloop
  endfacet
  facet normal -5.285295658e-03 -7.710673809e-01 -6.367316246e-01
    outer loop
      vertex 5.100888014e-02 -4.074839875e-03 -4.523282871e-02
      vertex 6.728193909e-02 -4.425792489e-03 -4.494291171e-02
      vertex 5.071906000e-02 -4.375504795e-03 -4.486632347e-02
    endloop
  endfacet
  facet normal 7.068085074e-01 -4.495019019e-01 5.462323427e-01
    outer loop
      vertex 6.892517954e-02 -1.896656863e-02 1.523088291e-02
      vertex 6.892564893e-02 -1.953343116e-02 1.476379763e-02
      vertex 7.092544436e-02 -1.819128729e-02 1.328059379e-02
    endloop
  endfacet
  facet normal 7.091484666e-01 -6.020242572e-01 -3.669812679e-01
    outer loop
      vertex 6.893697381e-02 -2.662716992e-02 -2.730541117e-02
      vertex 6.893696636e-02 -2.624779381e-02 -2.792778425e-02
      vertex 7.093713433e-02 -2.425087243e-02 -2.733859979e-02
    endloop
  endfacet
  facet normal 7.072512507e-01 -3.471631408e-01 -6.158517599e-01
    outer loop
      vertex 6.894052774e-02 -1.472271886e-02 -3.903970495e-02
      vertex 6.894081831e-02 -1.419712882e-02 -3.933564946e-02
      vertex 7.094006985e-02 -1.324444730e-02 -3.757672757e-02
    endloop
  endfacet
  facet normal 7.072556615e-01 -2.282653451e-01 -6.690921783e-01
    outer loop
      vertex 7.094071805e-02 -7.967177778e-03 -3.987720981e-02
      vertex 7.094067335e-02 -8.612725884e-03 -3.965703025e-02
      vertex 6.894125044e-02 -8.592570201e-03 -4.177736863e-02
    endloop
  endfacet
  facet normal 7.063290477e-01 -2.901061475e-01 -6.457071304e-01
    outer loop
      vertex 7.094006985e-02 -1.324444730e-02 -3.757672757e-02
      vertex 6.894081831e-02 -1.419712882e-02 -3.933564946e-02
      vertex 7.094067335e-02 -8.612725884e-03 -3.965703025e-02
    endloop
  endfacet
  facet normal 7.405463457e-01 -2.998110354e-01 -6.014186740e-01
    outer loop
      vertex 7.094067335e-02 -8.612725884e-03 -3.965703025e-02
      vertex 6.894081831e-02 -1.419712882e-02 -3.933564946e-02
      vertex 6.894207746e-02 -1.173342671e-02 -4.056226835e-02
    endloop
  endfacet
  facet normal 7.019243836e-01 -2.568254173e-01 -6.643364429e-01
    outer loop
      vertex 7.094067335e-02 -8.612725884e-03 -3.965703025e-02
      vertex 6.894207746e-02 -1.173342671e-02 -4.056226835e-02
      vertex 6.894125044e-02 -8.592570201e-03 -4.177736863e-02
    endloop
  endfacet
  facet normal 7.237579823e-01 -3.816671968e-01 -5.748952031e-01
    outer loop
      vertex 7.093926519e-02 -1.745999418e-02 -3.477908298e-02
      vertex 6.893970072e-02 -1.704571024e-02 -3.757145256e-02
      vertex 7.094006985e-02 -1.324444730e-02 -3.757672757e-02
    endloop
  endfacet
  facet normal 7.252832651e-01 -3.824664652e-01 -5.724365115e-01
    outer loop
      vertex 7.094006985e-02 -1.324444730e-02 -3.757672757e-02
      vertex 6.893970072e-02 -1.704571024e-02 -3.757145256e-02
      vertex 6.893987209e-02 -1.614220813e-02 -3.817489743e-02
    endloop
  endfacet
  facet normal 7.104690075e-01 -3.663790524e-01 -6.008328795e-01
    outer loop
      vertex 7.094006985e-02 -1.324444730e-02 -3.757672757e-02
      vertex 6.893987209e-02 -1.614220813e-02 -3.817489743e-02
      vertex 6.894052774e-02 -1.472271886e-02 -3.903970495e-02
    endloop
  endfacet
  facet normal 7.070480585e-01 -5.335931182e-01 -4.640704691e-01
    outer loop
      vertex 6.893884391e-02 -2.366434783e-02 -3.150529042e-02
      vertex 6.893989444e-02 -2.262040228e-02 -3.270403296e-02
      vertex 7.093826681e-02 -2.116107941e-02 -3.133729473e-02
    endloop
  endfacet
  facet normal 7.072516084e-01 -5.090286136e-01 -4.905965924e-01
    outer loop
      vertex 7.093826681e-02 -2.116107941e-02 -3.133729473e-02
      vertex 6.893989444e-02 -2.262040228e-02 -3.270403296e-02
      vertex 6.894056499e-02 -2.139547653e-02 -3.397401422e-02
    endloop
  endfacet
  facet normal 7.229110003e-01 -4.706278443e-01 -5.058745742e-01
    outer loop
      vertex 7.093826681e-02 -2.116107941e-02 -3.133729473e-02
      vertex 6.894056499e-02 -2.139547653e-02 -3.397401422e-02
      vertex 7.093926519e-02 -1.745999418e-02 -3.477908298e-02
    endloop
  endfacet
  facet normal 7.089882493e-01 -4.679928422e-01 -5.275588632e-01
    outer loop
      vertex 7.093926519e-02 -1.745999418e-02 -3.477908298e-02
      vertex 6.894056499e-02 -2.139547653e-02 -3.397401422e-02
      vertex 6.893993169e-02 -1.888690330e-02 -3.620019928e-02
    endloop
  endfacet
  facet normal 7.058107853e-01 -4.230772257e-01 -5.681872964e-01
    outer loop
      vertex 7.093926519e-02 -1.745999418e-02 -3.477908298e-02
      vertex 6.893993169e-02 -1.888690330e-02 -3.620019928e-02
      vertex 6.893970072e-02 -1.704571024e-02 -3.757145256e-02
    endloop
  endfacet
  facet normal 6.963328123e-01 -5.680232644e-01 -4.387142956e-01
    outer loop
      vertex 7.093713433e-02 -2.425087243e-02 -2.733859979e-02
      vertex 6.893696636e-02 -2.624779381e-02 -2.792778425e-02
      vertex 7.093826681e-02 -2.116107941e-02 -3.133729473e-02
    endloop
  endfacet
  facet normal 7.427096367e-01 -5.490924716e-01 -3.832490444e-01
    outer loop
      vertex 7.093826681e-02 -2.116107941e-02 -3.133729473e-02
      vertex 6.893696636e-02 -2.624779381e-02 -2.792778425e-02
      vertex 6.893818080e-02 -2.431145310e-02 -3.069967777e-02
    endloop
  endfacet
  facet normal 7.172027230e-01 -5.435846448e-01 -4.360459149e-01
    outer loop
      vertex 7.093826681e-02 -2.116107941e-02 -3.133729473e-02
      vertex 6.893818080e-02 -2.431145310e-02 -3.069967777e-02
      vertex 6.893884391e-02 -2.366434783e-02 -3.150529042e-02
    endloop
  endfacet
  facet normal 7.196875215e-01 -6.103907824e-01 -3.308669925e-01
    outer loop
      vertex 6.893697381e-02 -2.662716992e-02 -2.730541117e-02
      vertex 7.093713433e-02 -2.425087243e-02 -2.733859979e-02
      vertex 6.893741339e-02 -2.787807770e-02 -2.499674819e-02
    endloop
  endfacet
  facet normal 7.210096121e-01 -6.098734736e-01 -3.289368749e-01
    outer loop
      vertex 6.893741339e-02 -2.787807770e-02 -2.499674819e-02
      vertex 7.093713433e-02 -2.425087243e-02 -2.733859979e-02
      vertex 7.093583792e-02 -2.666025423e-02 -2.287425846e-02
    endloop
  endfacet
  facet normal 7.072530985e-01 -6.410357356e-01 -2.981044352e-01
    outer loop
      vertex 6.893741339e-02 -2.787807770e-02 -2.499674819e-02
      vertex 7.093583792e-02 -2.666025423e-02 -2.287425846e-02
      vertex 6.893755496e-02 -2.847697027e-02 -2.370858192e-02
    endloop
  endfacet
  facet normal 7.091358304e-01 -7.005385756e-01 -7.982560992e-02
    outer loop
      vertex 6.893359125e-02 -3.106882423e-02 -1.398370508e-02
      vertex 6.893353909e-02 -3.102375753e-02 -1.437970065e-02
      vertex 7.093302906e-02 -2.914585918e-02 -1.309725549e-02
    endloop
  endfacet
  facet normal 7.188946605e-01 -6.850877404e-01 -1.176656783e-01
    outer loop
      vertex 7.093302906e-02 -2.914585918e-02 -1.309725549e-02
      vertex 6.893353909e-02 -3.102375753e-02 -1.437970065e-02
      vertex 6.893399358e-02 -3.045555949e-02 -1.768515818e-02
    endloop
  endfacet
  facet normal 7.166574001e-01 -6.877210736e-01 -1.159391478e-01
    outer loop
      vertex 7.093302906e-02 -2.914585918e-02 -1.309725549e-02
      vertex 6.893399358e-02 -3.045555949e-02 -1.768515818e-02
      vertex 7.093445957e-02 -2.830410749e-02 -1.808146946e-02
    endloop
  endfacet
  facet normal 7.009570003e-01 -6.870300770e-01 -1.914392859e-01
    outer loop
      vertex 7.093445957e-02 -2.830410749e-02 -1.808146946e-02
      vertex 6.893399358e-02 -3.045555949e-02 -1.768515818e-02
      vertex 6.893618405e-02 -2.954588458e-02 -2.094172873e-02
    endloop
  endfacet
  facet normal 7.247477770e-01 -6.518087983e-01 -2.233515680e-01
    outer loop
      vertex 7.093445957e-02 -2.830410749e-02 -1.808146946e-02
      vertex 6.893618405e-02 -2.954588458e-02 -2.094172873e-02
      vertex 7.093583792e-02 -2.666025423e-02 -2.287425846e-02
    endloop
  endfacet
  facet normal 7.208523750e-01 -6.537266970e-01 -2.302459925e-01
    outer loop
      vertex 7.093583792e-02 -2.666025423e-02 -2.287425846e-02
      vertex 6.893618405e-02 -2.954588458e-02 -2.094172873e-02
      vertex 6.893689185e-02 -2.920189500e-02 -2.191619575e-02
    endloop
  endfacet
  facet normal 7.068742514e-01 -6.558284163e-01 -2.649864554e-01
    outer loop
      vertex 7.093583792e-02 -2.666025423e-02 -2.287425846e-02
      vertex 6.893689185e-02 -2.920189500e-02 -2.191619575e-02
      vertex 6.893755496e-02 -2.847697027e-02 -2.370858192e-02
    endloop
  endfacet
  facet normal 7.072007060e-01 -7.062792778e-01 3.219840303e-02
    outer loop
      vertex 7.093156874e-02 -2.916581184e-02 -8.049104363e-03
      vertex 6.893233210e-02 -3.116290085e-02 -7.944726385e-03
      vertex 6.893367320e-02 -3.125531226e-02 -1.000125613e-02
    endloop
  endfacet
  facet normal 7.239437103e-01 -6.898544431e-01 -2.517336281e-03
    outer loop
      vertex 7.093156874e-02 -2.916581184e-02 -8.049104363e-03
      vertex 6.893367320e-02 -3.125531226e-02 -1.000125613e-02
      vertex 7.093302906e-02 -2.914585918e-02 -1.309725549e-02
    endloop
  endfacet
  facet normal 7.249293327e-01 -6.888222098e-01 -1.177479164e-03
    outer loop
      vertex 7.093302906e-02 -2.914585918e-02 -1.309725549e-02
      vertex 6.893367320e-02 -3.125531226e-02 -1.000125613e-02
      vertex 6.893393397e-02 -3.125326708e-02 -1.103460789e-02
    endloop
  endfacet
  facet normal 7.026801705e-01 -7.101132870e-01 -4.449424148e-02
    outer loop
      vertex 7.093302906e-02 -2.914585918e-02 -1.309725549e-02
      vertex 6.893393397e-02 -3.125326708e-02 -1.103460789e-02
      vertex 6.893359125e-02 -3.106882423e-02 -1.398370508e-02
    endloop
  endfacet
  facet normal 7.068550587e-01 -7.040382624e-01 6.845521182e-02
    outer loop
      vertex 6.893233210e-02 -3.116290085e-02 -7.944726385e-03
      vertex 7.093156874e-02 -2.916581184e-02 -8.049104363e-03
      vertex 6.893135607e-02 -3.103576973e-02 -6.627150811e-03
    endloop
  endfacet
  facet normal 7.195289135e-01 -6.856127977e-01 1.105136871e-01
    outer loop
      vertex 6.893135607e-02 -3.103576973e-02 -6.627150811e-03
      vertex 7.093156874e-02 -2.916581184e-02 -8.049104363e-03
      vertex 7.093013078e-02 -2.836279199e-02 -3.057920607e-03
    endloop
  endfacet
  facet normal 7.143100500e-01 -6.900238991e-01 1.167396903e-01
    outer loop
      vertex 6.893135607e-02 -3.103576973e-02 -6.627150811e-03
      vertex 7.093013078e-02 -2.836279199e-02 -3.057920607e-03
      vertex 6.892984360e-02 -3.047781996e-02 -3.319959855e-03
    endloop
  endfacet
  facet normal 7.071961761e-01 -6.572827101e-01 2.604860663e-01
    outer loop
      vertex 7.092875242e-02 -2.675164491e-02 1.759285922e-03
      vertex 6.893008202e-02 -2.861199155e-02 2.491289051e-03
      vertex 6.893029064e-02 -2.924703248e-02 8.883395931e-04
    endloop
  endfacet
  facet normal 7.227275968e-01 -6.553827524e-01 2.194043994e-01
    outer loop
      vertex 7.092875242e-02 -2.675164491e-02 1.759285922e-03
      vertex 6.893029064e-02 -2.924703248e-02 8.883395931e-04
      vertex 7.093013078e-02 -2.836279199e-02 -3.057920607e-03
    endloop
  endfacet
  facet normal 7.295516133e-01 -6.458565593e-01 2.249971628e-01
    outer loop
      vertex 7.093013078e-02 -2.836279199e-02 -3.057920607e-03
      vertex 6.893029064e-02 -2.924703248e-02 8.883395931e-04
      vertex 6.893012673e-02 -2.958714589e-02 -8.743257058e-05
    endloop
  endfacet
  facet normal 7.016013861e-01 -6.869853139e-01 1.892263740e-01
    outer loop
      vertex 7.093013078e-02 -2.836279199e-02 -3.057920607e-03
      vertex 6.893012673e-02 -2.958714589e-02 -8.743257058e-05
      vertex 6.892984360e-02 -3.047781996e-02 -3.319959855e-03
    endloop
  endfacet
  facet normal 7.066777945e-01 -6.434029341e-01 2.943453491e-01
    outer loop
      vertex 6.893008202e-02 -2.861199155e-02 2.491289051e-03
      vertex 7.092875242e-02 -2.675164491e-02 1.759285922e-03
      vertex 6.892913580e-02 -2.792302147e-02 3.999568988e-03
    endloop
  endfacet
  facet normal 7.216144800e-01 -6.116491556e-01 3.242805302e-01
    outer loop
      vertex 6.892913580e-02 -2.792302147e-02 3.999568988e-03
      vertex 7.092875242e-02 -2.675164491e-02 1.759285922e-03
      vertex 7.092746347e-02 -2.438403852e-02 6.227861624e-03
    endloop
  endfacet
  facet normal 7.166070342e-01 -6.135263443e-01 3.317525685e-01
    outer loop
      vertex 6.892913580e-02 -2.792302147e-02 3.999568988e-03
      vertex 7.092746347e-02 -2.438403852e-02 6.227861624e-03
      vertex 6.892728060e-02 -2.662723884e-02 6.399935577e-03
    endloop
  endfacet
  facet normal 7.045544386e-01 -5.337708592e-01 4.676448703e-01
    outer loop
      vertex 6.892713904e-02 -2.238929644e-02 1.204887964e-02
      vertex 6.892670691e-02 -2.374744415e-02 1.049934048e-02
      vertex 7.092630863e-02 -2.131903172e-02 1.025852934e-02
    endloop
  endfacet
  facet normal 7.157829404e-01 -5.462490916e-01 4.350479543e-01
    outer loop
      vertex 7.092630863e-02 -2.131903172e-02 1.025852934e-02
      vertex 6.892670691e-02 -2.374744415e-02 1.049934048e-02
      vertex 6.892651320e-02 -2.439138852e-02 9.691121057e-03
    endloop
  endfacet
  facet normal 7.244336009e-01 -5.486185551e-01 4.173891246e-01
    outer loop
      vertex 7.092630863e-02 -2.131903172e-02 1.025852934e-02
      vertex 6.892651320e-02 -2.439138852e-02 9.691121057e-03
      vertex 7.092746347e-02 -2.438403852e-02 6.227861624e-03
    endloop
  endfacet
  facet normal 7.033201456e-01 -5.841426253e-01 4.051150382e-01
    outer loop
      vertex 7.092746347e-02 -2.438403852e-02 6.227861624e-03
      vertex 6.892651320e-02 -2.439138852e-02 9.691121057e-03
      vertex 6.892695278e-02 -2.630182914e-02 6.935653742e-03
    endloop
  endfacet
  facet normal 7.081358433e-01 -6.032785177e-01 3.668769002e-01
    outer loop
      vertex 7.092746347e-02 -2.438403852e-02 6.227861624e-03
      vertex 6.892695278e-02 -2.630182914e-02 6.935653742e-03
      vertex 6.892728060e-02 -2.662723884e-02 6.399935577e-03
    endloop
  endfacet
  facet normal 7.070116997e-01 -4.912998378e-01 5.086835623e-01
    outer loop
      vertex 7.092544436e-02 -1.819128729e-02 1.328059379e-02
      vertex 6.892564893e-02 -1.953343116e-02 1.476379763e-02
      vertex 7.092630863e-02 -2.131903172e-02 1.025852934e-02
    endloop
  endfacet
  facet normal 7.281189561e-01 -4.619344771e-01 5.064181089e-01
    outer loop
      vertex 7.092630863e-02 -2.131903172e-02 1.025852934e-02
      vertex 6.892564893e-02 -1.953343116e-02 1.476379763e-02
      vertex 6.892704964e-02 -2.146823332e-02 1.299693435e-02
    endloop
  endfacet
  facet normal 7.099306583e-01 -5.051003098e-01 4.907872677e-01
    outer loop
      vertex 7.092630863e-02 -2.131903172e-02 1.025852934e-02
      vertex 6.892704964e-02 -2.146823332e-02 1.299693435e-02
      vertex 6.892713904e-02 -2.238929644e-02 1.204887964e-02
    endloop
  endfacet
  facet normal 7.117230892e-01 -4.202055037e-01 5.629187822e-01
    outer loop
      vertex 6.892517954e-02 -1.896656863e-02 1.523088291e-02
      vertex 7.092544436e-02 -1.819128729e-02 1.328059379e-02
      vertex 6.892411411e-02 -1.704582386e-02 1.666602492e-02
    endloop
  endfacet
  facet normal 7.240665555e-01 -3.985856175e-01 5.629006028e-01
    outer loop
      vertex 6.892411411e-02 -1.704582386e-02 1.666602492e-02
      vertex 7.092544436e-02 -1.819128729e-02 1.328059379e-02
      vertex 7.092460990e-02 -1.406911388e-02 1.620054245e-02
    endloop
  endfacet
  facet normal 7.147359848e-01 -3.895007968e-01 5.808972716e-01
    outer loop
      vertex 6.892411411e-02 -1.704582386e-02 1.666602492e-02
      vertex 7.092460990e-02 -1.406911388e-02 1.620054245e-02
      vertex 6.892395020e-02 -1.625174470e-02 1.719866879e-02
    endloop
  endfacet
  facet normal 7.080391049e-01 -3.755166829e-01 5.980533957e-01
    outer loop
      vertex 6.892395020e-02 -1.625174470e-02 1.719866879e-02
      vertex 7.092460990e-02 -1.406911388e-02 1.620054245e-02
      vertex 6.892396510e-02 -1.537660416e-02 1.774815097e-02
    endloop
  endfacet
  facet normal 7.004714608e-01 -3.121767044e-01 6.417829990e-01
    outer loop
      vertex 6.892396510e-02 -1.537660416e-02 1.774815097e-02
      vertex 7.092460990e-02 -1.406911388e-02 1.620054245e-02
      vertex 7.092396915e-02 -9.500228800e-03 1.842364483e-02
    endloop
  endfacet
  facet normal 7.388026118e-01 -3.196485341e-01 5.932921171e-01
    outer loop
      vertex 6.892396510e-02 -1.537660416e-02 1.774815097e-02
      vertex 7.092396915e-02 -9.500228800e-03 1.842364483e-02
      vertex 6.892461330e-02 -1.241428778e-02 1.934335567e-02
    endloop
  endfacet
  facet normal 7.005313635e-01 -2.724771798e-01 6.595544219e-01
    outer loop
      vertex 6.892461330e-02 -1.241428778e-02 1.934335567e-02
      vertex 7.092396915e-02 -9.500228800e-03 1.842364483e-02
      vertex 6.892371178e-02 -9.312723763e-03 2.062563784e-02
    endloop
  endfacet
  facet normal 7.089945674e-01 -2.369451076e-01 6.642166376e-01
    outer loop
      vertex 6.892371178e-02 -9.312723763e-03 2.062563784e-02
      vertex 7.092396915e-02 -9.500228800e-03 1.842364483e-02
      vertex 7.092380524e-02 -7.889990695e-03 1.899823733e-02
    endloop
  endfacet
  facet normal 7.070291042e-01 -2.283734679e-01 6.692947149e-01
    outer loop
      vertex 6.892371178e-02 -9.312723763e-03 2.062563784e-02
      vertex 7.092380524e-02 -7.889990695e-03 1.899823733e-02
      vertex 6.892318279e-02 -8.592673577e-03 2.087188698e-02
    endloop
  endfacet
  facet normal -5.535676610e-03 -8.039782047e-01 5.946330428e-01
    outer loop
      vertex 6.799730659e-02 -5.208648276e-03 2.298521996e-02
      vertex 6.726215035e-02 -4.425958730e-03 2.403661795e-02
      vertex 5.069927126e-02 -4.375645425e-03 2.395045385e-02
    endloop
  endfacet
  facet normal -9.552180767e-03 -8.353115916e-01 5.496938229e-01
    outer loop
      vertex 5.069927126e-02 -4.375645425e-03 2.395045385e-02
      vertex 5.003821850e-02 -4.966390785e-03 2.304127254e-02
      vertex 6.799730659e-02 -5.208648276e-03 2.298521996e-02
    endloop
  endfacet
  facet normal -7.861840539e-03 -7.387492657e-01 6.739345193e-01
    outer loop
      vertex 6.799730659e-02 -5.208648276e-03 2.298521996e-02
      vertex 5.003821850e-02 -4.966390785e-03 2.304127254e-02
      vertex 4.988143966e-02 -5.184931681e-03 2.279988676e-02
    endloop
  endfacet
  facet normal -8.220519871e-03 -7.001671791e-01 7.139316201e-01
    outer loop
      vertex 6.799730659e-02 -5.208648276e-03 2.298521996e-02
      vertex 4.988143966e-02 -5.184931681e-03 2.279988676e-02
      vertex 6.836165488e-02 -5.818671081e-03 2.239115350e-02
    endloop
  endfacet
  facet normal -4.775157198e-03 -6.366133690e-01 7.711683512e-01
    outer loop
      vertex 4.988143966e-02 -5.184931681e-03 2.279988676e-02
      vertex 4.945101589e-02 -6.117047742e-03 2.202774212e-02
      vertex 6.836165488e-02 -5.818671081e-03 2.239115350e-02
    endloop
  endfacet
  facet normal -9.003586136e-03 -4.906152487e-01 8.713297844e-01
    outer loop
      vertex 6.836165488e-02 -5.818671081e-03 2.239115350e-02
      vertex 4.945101589e-02 -6.117047742e-03 2.202774212e-02
      vertex 4.921733961e-02 -7.187100127e-03 2.142281830e-02
    endloop
  endfacet
  facet normal -1.726815390e-04 -5.760217309e-01 8.174343705e-01
    outer loop
      vertex 6.836165488e-02 -5.818671081e-03 2.239115350e-02
      vertex 4.921733961e-02 -7.187100127e-03 2.142281830e-02
      vertex 6.875235587e-02 -6.941826548e-03 2.159978263e-02
    endloop
  endfacet
  facet normal -2.465050435e-03 -4.485195577e-01 8.937696218e-01
    outer loop
      vertex 6.875235587e-02 -6.941826548e-03 2.159978263e-02
      vertex 4.921733961e-02 -7.187100127e-03 2.142281830e-02
      vertex 6.888447702e-02 -7.769936230e-03 2.118457668e-02
    endloop
  endfacet
  facet normal 3.498859296e-04 -3.682333231e-01 9.297333360e-01
    outer loop
      vertex 6.888447702e-02 -7.769936230e-03 2.118457668e-02
      vertex 4.921733961e-02 -7.187100127e-03 2.142281830e-02
      vertex 4.913074151e-02 -8.592633530e-03 2.086617053e-02
    endloop
  endfacet
  facet normal -2.707244130e-04 -3.552776277e-01 9.347608089e-01
    outer loop
      vertex 6.888447702e-02 -7.769936230e-03 2.118457668e-02
      vertex 4.913074151e-02 -8.592633530e-03 2.086617053e-02
      vertex 6.892318279e-02 -8.592673577e-03 2.087188698e-02
    endloop
  endfacet
  facet normal -9.975365829e-04 -1.263595670e-01 9.919840097e-01
    outer loop
      vertex 6.689698249e-02 -3.568833694e-03 2.451919764e-02
      vertex 5.115486681e-02 -3.480055369e-03 2.451467700e-02
      vertex 6.692246348e-02 -3.818819299e-03 2.448737994e-02
    endloop
  endfacet
  facet normal -5.763618392e-04 -1.069400162e-01 9.942653179e-01
    outer loop
      vertex 6.692246348e-02 -3.818819299e-03 2.448737994e-02
      vertex 5.115486681e-02 -3.480055369e-03 2.451467700e-02
      vertex 5.113516375e-02 -3.691469319e-03 2.449192479e-02
    endloop
  endfacet
  facet normal -2.507763216e-03 -3.443925381e-01 9.388223886e-01
    outer loop
      vertex 5.113516375e-02 -3.691469319e-03 2.449192479e-02
      vertex 5.105482414e-02 -3.949155100e-03 2.439718321e-02
      vertex 6.692246348e-02 -3.818819299e-03 2.448737994e-02
    endloop
  endfacet
  facet normal -7.835518918e-04 -5.028029680e-01 8.644006848e-01
    outer loop
      vertex 6.692246348e-02 -3.818819299e-03 2.448737994e-02
      vertex 5.105482414e-02 -3.949155100e-03 2.439718321e-02
      vertex 5.102524534e-02 -4.010655917e-03 2.436138317e-02
    endloop
  endfacet
  facet normal -2.860404085e-03 -3.724899292e-01 9.280318022e-01
    outer loop
      vertex 6.692246348e-02 -3.818819299e-03 2.448737994e-02
      vertex 5.102524534e-02 -4.010655917e-03 2.436138317e-02
      vertex 6.699685007e-02 -4.057446495e-03 2.439182997e-02
    endloop
  endfacet
  facet normal -3.346467623e-03 -6.450664997e-01 7.641191483e-01
    outer loop
      vertex 6.699685007e-02 -4.057446495e-03 2.439182997e-02
      vertex 5.102524534e-02 -4.010655917e-03 2.436138317e-02
      vertex 5.088194087e-02 -4.220888950e-03 2.418327704e-02
    endloop
  endfacet
  facet normal -4.165108781e-03 -6.051548719e-01 7.960968614e-01
    outer loop
      vertex 6.699685007e-02 -4.057446495e-03 2.439182997e-02
      vertex 5.088194087e-02 -4.220888950e-03 2.418327704e-02
      vertex 6.712290645e-02 -4.278739449e-03 2.422427386e-02
    endloop
  endfacet
  facet normal -4.364105873e-03 -8.312171102e-01 5.559308529e-01
    outer loop
      vertex 6.712290645e-02 -4.278739449e-03 2.422427386e-02
      vertex 5.088194087e-02 -4.220888950e-03 2.418327704e-02
      vertex 5.069927126e-02 -4.375645425e-03 2.395045385e-02
    endloop
  endfacet
  facet normal -5.593666341e-03 -7.887732387e-01 6.146588326e-01
    outer loop
      vertex 6.712290645e-02 -4.278739449e-03 2.422427386e-02
      vertex 5.069927126e-02 -4.375645425e-03 2.395045385e-02
      vertex 6.726215035e-02 -4.425958730e-03 2.403661795e-02
    endloop
  endfacet
  facet normal -7.403119206e-01 -2.009929866e-01 6.415139437e-01
    outer loop
      vertex 4.945101589e-02 -6.117047742e-03 2.202774212e-02
      vertex 4.914332181e-02 -6.033530924e-03 2.169882506e-02
      vertex 4.921733961e-02 -7.187100127e-03 2.142281830e-02
    endloop
  endfacet
  facet normal -7.040450573e-01 -3.815610334e-02 7.091295719e-01
    outer loop
      vertex 4.938373715e-02 1.720124390e-03 2.275646105e-02
      vertex 4.713075608e-02 1.720129978e-03 2.051963285e-02
      vertex 4.713080451e-02 -1.603648416e-03 2.034083754e-02
    endloop
  endfacet
  facet normal -7.404767871e-01 -1.358525753e-01 6.582083106e-01
    outer loop
      vertex 4.914332181e-02 -6.033530924e-03 2.169882506e-02
      vertex 4.945101589e-02 -6.117047742e-03 2.202774212e-02
      vertex 4.908392578e-02 -3.358835820e-03 2.218405716e-02
    endloop
  endfacet
  facet normal -7.843582034e-01 -1.386554092e-01 6.046130061e-01
    outer loop
      vertex 4.908392578e-02 -3.358835820e-03 2.218405716e-02
      vertex 4.945101589e-02 -6.117047742e-03 2.202774212e-02
      vertex 4.988143966e-02 -5.184931681e-03 2.279988676e-02
    endloop
  endfacet
  facet normal -7.741494775e-01 -1.291103661e-01 6.196959615e-01
    outer loop
      vertex 4.908392578e-02 -3.358835820e-03 2.218405716e-02
      vertex 4.988143966e-02 -5.184931681e-03 2.279988676e-02
      vertex 5.003821850e-02 -4.966390785e-03 2.304127254e-02
    endloop
  endfacet
  facet normal -7.655223012e-01 -1.170713082e-01 6.326688528e-01
    outer loop
      vertex 5.003821850e-02 -4.966390785e-03 2.304127254e-02
      vertex 5.069927126e-02 -4.375645425e-03 2.395045385e-02
      vertex 4.908392578e-02 -3.358835820e-03 2.218405716e-02
    endloop
  endfacet
  facet normal -7.579616904e-01 -7.938072830e-02 6.474509835e-01
    outer loop
      vertex 4.908392578e-02 -3.358835820e-03 2.218405716e-02
      vertex 5.069927126e-02 -4.375645425e-03 2.395045385e-02
      vertex 5.088194087e-02 -4.220888950e-03 2.418327704e-02
    endloop
  endfacet
  facet normal -7.522119284e-01 -4.423423111e-02 6.574348211e-01
    outer loop
      vertex 4.908392578e-02 -3.358835820e-03 2.218405716e-02
      vertex 5.088194087e-02 -4.220888950e-03 2.418327704e-02
      vertex 5.102524534e-02 -4.010655917e-03 2.436138317e-02
    endloop
  endfacet
  facet normal -7.497803569e-01 -2.427736297e-02 6.612412930e-01
    outer loop
      vertex 5.102524534e-02 -4.010655917e-03 2.436138317e-02
      vertex 5.105482414e-02 -3.949155100e-03 2.439718321e-02
      vertex 4.908392578e-02 -3.358835820e-03 2.218405716e-02
    endloop
  endfacet
  facet normal -7.481615543e-01 -1.066357736e-02 6.634309292e-01
    outer loop
      vertex 4.908392578e-02 -3.358835820e-03 2.218405716e-02
      vertex 5.105482414e-02 -3.949155100e-03 2.439718321e-02
      vertex 5.113516375e-02 -3.691469319e-03 2.449192479e-02
    endloop
  endfacet
  facet normal -7.475694418e-01 -1.806897926e-03 6.641811728e-01
    outer loop
      vertex 4.908392578e-02 -3.358835820e-03 2.218405716e-02
      vertex 5.113516375e-02 -3.691469319e-03 2.449192479e-02
      vertex 5.115486681e-02 -3.480055369e-03 2.451467700e-02
    endloop
  endfacet
  facet normal -7.044946551e-01 1.356586199e-05 7.097092867e-01
    outer loop
      vertex 5.115487054e-02 1.720118453e-03 2.451458015e-02
      vertex 4.938373715e-02 1.720124390e-03 2.275646105e-02
      vertex 5.115486681e-02 -3.480055369e-03 2.451467700e-02
    endloop
  endfacet
  facet normal -7.226415277e-01 -1.245538797e-02 6.911107302e-01
    outer loop
      vertex 5.115486681e-02 -3.480055369e-03 2.451467700e-02
      vertex 4.938373715e-02 1.720124390e-03 2.275646105e-02
      vertex 4.713080451e-02 -1.603648416e-03 2.034083754e-02
    endloop
  endfacet
  facet normal -7.436618805e-01 -1.412978917e-01 6.534538269e-01
    outer loop
      vertex 5.115486681e-02 -3.480055369e-03 2.451467700e-02
      vertex 4.713080451e-02 -1.603648416e-03 2.034083754e-02
      vertex 4.908392578e-02 -3.358835820e-03 2.218405716e-02
    endloop
  endfacet
  facet normal -7.250568867e-01 -8.976185322e-02 6.828142405e-01
    outer loop
      vertex 4.908392578e-02 -3.358835820e-03 2.218405716e-02
      vertex 4.713080451e-02 -1.603648416e-03 2.034083754e-02
      vertex 4.713085666e-02 -3.024105215e-03 2.015416324e-02
    endloop
  endfacet
  facet normal -7.249789834e-01 -1.385006756e-01 6.747022271e-01
    outer loop
      vertex 4.908392578e-02 -3.358835820e-03 2.218405716e-02
      vertex 4.713085666e-02 -3.024105215e-03 2.015416324e-02
      vertex 4.914332181e-02 -6.033530924e-03 2.169882506e-02
    endloop
  endfacet
  facet normal -7.167795897e-01 -1.274477243e-01 6.855538487e-01
    outer loop
      vertex 4.914332181e-02 -6.033530924e-03 2.169882506e-02
      vertex 4.713085666e-02 -3.024105215e-03 2.015416324e-02
      vertex 4.713094607e-02 -4.851970822e-03 1.981444843e-02
    endloop
  endfacet
  facet normal -7.301335335e-01 -2.029603571e-01 6.524661779e-01
    outer loop
      vertex 4.914332181e-02 -6.033530924e-03 2.169882506e-02
      vertex 4.713094607e-02 -4.851970822e-03 1.981444843e-02
      vertex 4.921733961e-02 -7.187100127e-03 2.142281830e-02
    endloop
  endfacet
  facet normal -7.201609015e-01 -1.823820323e-01 6.694064736e-01
    outer loop
      vertex 4.921733961e-02 -7.187100127e-03 2.142281830e-02
      vertex 4.713094607e-02 -4.851970822e-03 1.981444843e-02
      vertex 4.713120684e-02 -7.967226207e-03 1.896596700e-02
    endloop
  endfacet
  facet normal -7.072724700e-01 -2.222105563e-01 6.711096168e-01
    outer loop
      vertex 4.921733961e-02 -7.187100127e-03 2.142281830e-02
      vertex 4.713120684e-02 -7.967226207e-03 1.896596700e-02
      vertex 4.913074151e-02 -8.592633530e-03 2.086617053e-02
    endloop
  endfacet
  facet normal 7.365049720e-01 -1.992613673e-01 6.464173198e-01
    outer loop
      vertex 6.875235587e-02 -6.941826548e-03 2.159978263e-02
      vertex 6.890070438e-02 -6.034815218e-03 2.171034925e-02
      vertex 6.836165488e-02 -5.818671081e-03 2.239115350e-02
    endloop
  endfacet
  facet normal 7.406163216e-01 -1.863449663e-01 6.455718279e-01
    outer loop
      vertex 6.836165488e-02 -5.818671081e-03 2.239115350e-02
      vertex 6.890070438e-02 -6.034815218e-03 2.171034925e-02
      vertex 6.799730659e-02 -5.208648276e-03 2.298521996e-02
    endloop
  endfacet
  facet normal 7.521604300e-01 -2.913111448e-02 6.583358645e-01
    outer loop
      vertex 6.692246348e-02 -3.818819299e-03 2.448737994e-02
      vertex 6.699685007e-02 -4.057446495e-03 2.439182997e-02
      vertex 6.895336509e-02 -3.358790418e-03 2.218739688e-02
    endloop
  endfacet
  facet normal 7.561956644e-01 -6.244453788e-02 6.513592005e-01
    outer loop
      vertex 6.895336509e-02 -3.358790418e-03 2.218739688e-02
      vertex 6.699685007e-02 -4.057446495e-03 2.439182997e-02
      vertex 6.712290645e-02 -4.278739449e-03 2.422427386e-02
    endloop
  endfacet
  facet normal 7.615935206e-01 -9.649655223e-02 6.408305168e-01
    outer loop
      vertex 6.895336509e-02 -3.358790418e-03 2.218739688e-02
      vertex 6.712290645e-02 -4.278739449e-03 2.422427386e-02
      vertex 6.726215035e-02 -4.425958730e-03 2.403661795e-02
    endloop
  endfacet
  facet normal 7.040643096e-01 1.556685493e-05 7.101361752e-01
    outer loop
      vertex 6.689695269e-02 1.720106229e-03 2.451910824e-02
      vertex 6.689698249e-02 -3.568833694e-03 2.451919764e-02
      vertex 6.800568104e-02 1.720108325e-03 2.341986075e-02
    endloop
  endfacet
  facet normal 7.202842236e-01 -6.812206469e-03 6.936456561e-01
    outer loop
      vertex 6.800568104e-02 1.720108325e-03 2.341986075e-02
      vertex 6.689698249e-02 -3.568833694e-03 2.451919764e-02
      vertex 7.092342526e-02 -1.502269763e-03 2.035841532e-02
    endloop
  endfacet
  facet normal 7.036606073e-01 -3.699563444e-02 7.095724344e-01
    outer loop
      vertex 6.800568104e-02 1.720108325e-03 2.341986075e-02
      vertex 7.092342526e-02 -1.502269763e-03 2.035841532e-02
      vertex 7.092337310e-02 1.720113796e-03 2.052647434e-02
    endloop
  endfacet
  facet normal 7.221058011e-01 -1.441473793e-02 6.916324496e-01
    outer loop
      vertex 6.689698249e-02 -3.568833694e-03 2.451919764e-02
      vertex 6.692246348e-02 -3.818819299e-03 2.448737994e-02
      vertex 7.092342526e-02 -1.502269763e-03 2.035841532e-02
    endloop
  endfacet
  facet normal 7.549442053e-01 -1.798154712e-01 6.306549311e-01
    outer loop
      vertex 7.092342526e-02 -1.502269763e-03 2.035841532e-02
      vertex 6.692246348e-02 -3.818819299e-03 2.448737994e-02
      vertex 6.895336509e-02 -3.358790418e-03 2.218739688e-02
    endloop
  endfacet
  facet normal 7.214666009e-01 -8.908123523e-02 6.866953373e-01
    outer loop
      vertex 7.092342526e-02 -1.502269763e-03 2.035841532e-02
      vertex 6.895336509e-02 -3.358790418e-03 2.218739688e-02
      vertex 7.092347741e-02 -3.027779749e-03 2.016046643e-02
    endloop
  endfacet
  facet normal 7.215870023e-01 -1.249611303e-01 6.809529662e-01
    outer loop
      vertex 7.092347741e-02 -3.027779749e-03 2.016046643e-02
      vertex 6.895336509e-02 -3.358790418e-03 2.218739688e-02
      vertex 7.092357427e-02 -4.714170005e-03 1.985089853e-02
    endloop
  endfacet
  facet normal 7.670094967e-01 -1.249804571e-01 6.293459535e-01
    outer loop
      vertex 6.726215035e-02 -4.425958730e-03 2.403661795e-02
      vertex 6.799730659e-02 -5.208648276e-03 2.298521996e-02
      vertex 6.895336509e-02 -3.358790418e-03 2.218739688e-02
    endloop
  endfacet
  facet normal 7.686773539e-01 -1.268865764e-01 6.269249916e-01
    outer loop
      vertex 6.895336509e-02 -3.358790418e-03 2.218739688e-02
      vertex 6.799730659e-02 -5.208648276e-03 2.298521996e-02
      vertex 6.890070438e-02 -6.034815218e-03 2.171034925e-02
    endloop
  endfacet
  facet normal 7.171126008e-01 -1.359690279e-01 6.835656166e-01
    outer loop
      vertex 6.895336509e-02 -3.358790418e-03 2.218739688e-02
      vertex 6.890070438e-02 -6.034815218e-03 2.171034925e-02
      vertex 7.092357427e-02 -4.714170005e-03 1.985089853e-02
    endloop
  endfacet
  facet normal 7.304806709e-01 -1.991105974e-01 6.532632709e-01
    outer loop
      vertex 7.092357427e-02 -4.714170005e-03 1.985089853e-02
      vertex 6.890070438e-02 -6.034815218e-03 2.171034925e-02
      vertex 6.875235587e-02 -6.941826548e-03 2.159978263e-02
    endloop
  endfacet
  facet normal 7.221342921e-01 -1.793231368e-01 6.681057811e-01
    outer loop
      vertex 7.092357427e-02 -4.714170005e-03 1.985089853e-02
      vertex 6.875235587e-02 -6.941826548e-03 2.159978263e-02
      vertex 7.092380524e-02 -7.889990695e-03 1.899823733e-02
    endloop
  endfacet
  facet normal 7.065436244e-01 -2.238664478e-01 6.713269353e-01
    outer loop
      vertex 7.092380524e-02 -7.889990695e-03 1.899823733e-02
      vertex 6.875235587e-02 -6.941826548e-03 2.159978263e-02
      vertex 6.888447702e-02 -7.769936230e-03 2.118457668e-02
    endloop
  endfacet
  facet normal 7.069111466e-01 -2.219807953e-01 6.715661883e-01
    outer loop
      vertex 7.092380524e-02 -7.889990695e-03 1.899823733e-02
      vertex 6.888447702e-02 -7.769936230e-03 2.118457668e-02
      vertex 6.892318279e-02 -8.592673577e-03 2.087188698e-02
    endloop
  endfacet
  facet normal 2.389890433e-04 -5.554077625e-01 -8.315781355e-01
    outer loop
      vertex 6.893987209e-02 -1.614220813e-02 -3.817489743e-02
      vertex 6.893970072e-02 -1.704571024e-02 -3.757145256e-02
      vertex 4.914745688e-02 -1.704569720e-02 -3.757715225e-02
    endloop
  endfacet
  facet normal 1.491246367e-04 -8.538691998e-01 -5.204876661e-01
    outer loop
      vertex 6.893696636e-02 -2.624779381e-02 -2.792778425e-02
      vertex 6.893697381e-02 -2.662716992e-02 -2.730541117e-02
      vertex 4.914449528e-02 -2.662715502e-02 -2.731110528e-02
    endloop
  endfacet
  facet normal -2.310739073e-04 -5.985531807e-01 8.010830283e-01
    outer loop
      vertex 6.892517954e-02 -1.896656863e-02 1.523088291e-02
      vertex 6.892411411e-02 -1.704582386e-02 1.666602492e-02
      vertex 4.913185537e-02 -1.704580709e-02 1.666032895e-02
    endloop
  endfacet
  facet normal 2.651842369e-04 -3.470203876e-01 -9.378575683e-01
    outer loop
      vertex 4.914842173e-02 -1.084170397e-02 -4.095075279e-02
      vertex 4.914872348e-02 -8.592515253e-03 -4.178298265e-02
      vertex 6.894125044e-02 -8.592570201e-03 -4.177736863e-02
    endloop
  endfacet
  facet normal -2.739634365e-04 -3.235893548e-01 9.461975694e-01
    outer loop
      vertex 6.892318279e-02 -8.592673577e-03 2.087188698e-02
      vertex 4.913074151e-02 -8.592633530e-03 2.086617053e-02
      vertex 6.892371178e-02 -9.312723763e-03 2.062563784e-02
    endloop
  endfacet
  facet normal -1.227402594e-03 -3.470113575e-01 9.378601313e-01
    outer loop
      vertex 6.892371178e-02 -9.312723763e-03 2.062563784e-02
      vertex 4.913074151e-02 -8.592633530e-03 2.086617053e-02
      vertex 4.913088307e-02 -1.084182877e-02 2.003396116e-02
    endloop
  endfacet
  facet normal -2.394944895e-04 -5.570567846e-01 8.304743767e-01
    outer loop
      vertex 6.892411411e-02 -1.704582386e-02 1.666602492e-02
      vertex 6.892395020e-02 -1.625174470e-02 1.719866879e-02
      vertex 4.913185537e-02 -1.704580709e-02 1.666032895e-02
    endloop
  endfacet
  facet normal -1.701521687e-03 -5.317508578e-01 8.468991518e-01
    outer loop
      vertex 4.913185537e-02 -1.704580709e-02 1.666032895e-02
      vertex 6.892395020e-02 -1.625174470e-02 1.719866879e-02
      vertex 6.892396510e-02 -1.537660416e-02 1.774815097e-02
    endloop
  endfacet
  facet normal -7.995282300e-03 -4.777073264e-01 8.784826398e-01
    outer loop
      vertex 4.913185537e-02 -1.704580709e-02 1.666032895e-02
      vertex 6.892396510e-02 -1.537660416e-02 1.774815097e-02
      vertex 4.913088307e-02 -1.084182877e-02 2.003396116e-02
    endloop
  endfacet
  facet normal -6.946009118e-03 -4.741125703e-01 8.804368377e-01
    outer loop
      vertex 4.913088307e-02 -1.084182877e-02 2.003396116e-02
      vertex 6.892396510e-02 -1.537660416e-02 1.774815097e-02
      vertex 6.892461330e-02 -1.241428778e-02 1.934335567e-02
    endloop
  endfacet
  facet normal 1.891032560e-03 -3.820651174e-01 9.241334796e-01
    outer loop
      vertex 4.913088307e-02 -1.084182877e-02 2.003396116e-02
      vertex 6.892461330e-02 -1.241428778e-02 1.934335567e-02
      vertex 6.892371178e-02 -9.312723763e-03 2.062563784e-02
    endloop
  endfacet
  facet normal -1.903067314e-04 -7.520230412e-01 6.591367722e-01
    outer loop
      vertex 6.892670691e-02 -2.374744415e-02 1.049934048e-02
      vertex 6.892713904e-02 -2.238929644e-02 1.204887964e-02
      vertex 4.913317785e-02 -2.238927782e-02 1.204318460e-02
    endloop
  endfacet
  facet normal -2.011170582e-04 -7.172436714e-01 6.968224645e-01
    outer loop
      vertex 4.913317785e-02 -2.238927782e-02 1.204318460e-02
      vertex 6.892713904e-02 -2.238929644e-02 1.204887964e-02
      vertex 6.892704964e-02 -2.146823332e-02 1.299693435e-02
    endloop
  endfacet
  facet normal -6.035898346e-03 -6.537975073e-01 7.566454411e-01
    outer loop
      vertex 4.913317785e-02 -2.238927782e-02 1.204318460e-02
      vertex 6.892704964e-02 -2.146823332e-02 1.299693435e-02
      vertex 4.913185537e-02 -1.704580709e-02 1.666032895e-02
    endloop
  endfacet
  facet normal -1.399588212e-02 -6.742721200e-01 7.383503318e-01
    outer loop
      vertex 4.913185537e-02 -1.704580709e-02 1.666032895e-02
      vertex 6.892704964e-02 -2.146823332e-02 1.299693435e-02
      vertex 6.892564893e-02 -1.953343116e-02 1.476379763e-02
    endloop
  endfacet
  facet normal -5.974959116e-03 -6.359077096e-01 7.717419863e-01
    outer loop
      vertex 4.913185537e-02 -1.704580709e-02 1.666032895e-02
      vertex 6.892564893e-02 -1.953343116e-02 1.476379763e-02
      vertex 6.892517954e-02 -1.896656863e-02 1.523088291e-02
    endloop
  endfacet
  facet normal -1.499199716e-04 -8.546785116e-01 5.191575289e-01
    outer loop
      vertex 4.913479835e-02 -2.662722580e-02 6.394243333e-03
      vertex 6.892728060e-02 -2.662723884e-02 6.399935577e-03
      vertex 6.892695278e-02 -2.630182914e-02 6.935653742e-03
    endloop
  endfacet
  facet normal -3.264723811e-03 -7.999117970e-01 6.001086831e-01
    outer loop
      vertex 4.913479835e-02 -2.662722580e-02 6.394243333e-03
      vertex 6.892695278e-02 -2.630182914e-02 6.935653742e-03
      vertex 4.913317785e-02 -2.238927782e-02 1.204318460e-02
    endloop
  endfacet
  facet normal -1.541707665e-02 -8.217035532e-01 5.697065592e-01
    outer loop
      vertex 4.913317785e-02 -2.238927782e-02 1.204318460e-02
      vertex 6.892695278e-02 -2.630182914e-02 6.935653742e-03
      vertex 6.892651320e-02 -2.439138852e-02 9.691121057e-03
    endloop
  endfacet
  facet normal -5.062011071e-03 -7.820980549e-01 6.231347919e-01
    outer loop
      vertex 4.913317785e-02 -2.238927782e-02 1.204318460e-02
      vertex 6.892651320e-02 -2.439138852e-02 9.691121057e-03
      vertex 6.892670691e-02 -2.374744415e-02 1.049934048e-02
    endloop
  endfacet
  facet normal -4.430272020e-05 -9.442822337e-01 3.291368484e-01
    outer loop
      vertex 6.893012673e-02 -2.958714589e-02 -8.743257058e-05
      vertex 6.893029064e-02 -2.924703248e-02 8.883395931e-04
      vertex 4.913663864e-02 -2.956531383e-02 -2.746358041e-05
    endloop
  endfacet
  facet normal -2.091629198e-03 -9.296975732e-01 3.683178127e-01
    outer loop
      vertex 4.913663864e-02 -2.956531383e-02 -2.746358041e-05
      vertex 6.893029064e-02 -2.924703248e-02 8.883395931e-04
      vertex 6.893008202e-02 -2.861199155e-02 2.491289051e-03
    endloop
  endfacet
  facet normal -9.144864976e-03 -9.093061686e-01 4.160272479e-01
    outer loop
      vertex 4.913663864e-02 -2.956531383e-02 -2.746358041e-05
      vertex 6.893008202e-02 -2.861199155e-02 2.491289051e-03
      vertex 4.913479835e-02 -2.662722580e-02 6.394243333e-03
    endloop
  endfacet
  facet normal -9.279291146e-03 -9.095579386e-01 4.154734910e-01
    outer loop
      vertex 4.913479835e-02 -2.662722580e-02 6.394243333e-03
      vertex 6.893008202e-02 -2.861199155e-02 2.491289051e-03
      vertex 6.892913580e-02 -2.792302147e-02 3.999568988e-03
    endloop
  endfacet
  facet normal -1.372473198e-04 -8.799692988e-01 4.750305712e-01
    outer loop
      vertex 4.913479835e-02 -2.662722580e-02 6.394243333e-03
      vertex 6.892913580e-02 -2.792302147e-02 3.999568988e-03
      vertex 6.892728060e-02 -2.662723884e-02 6.399935577e-03
    endloop
  endfacet
  facet normal -1.598818810e-03 -9.770720601e-01 2.129029334e-01
    outer loop
      vertex 4.913862050e-02 -3.106882237e-02 -6.927477196e-03
      vertex 6.893135607e-02 -3.103576973e-02 -6.627150811e-03
      vertex 4.913663864e-02 -2.956531383e-02 -2.746358041e-05
    endloop
  endfacet
  facet normal -1.778545976e-02 -9.859108925e-01 1.663230211e-01
    outer loop
      vertex 4.913663864e-02 -2.956531383e-02 -2.746358041e-05
      vertex 6.893135607e-02 -3.103576973e-02 -6.627150811e-03
      vertex 6.892984360e-02 -3.047781996e-02 -3.319959855e-03
    endloop
  endfacet
  facet normal -2.585222828e-04 -9.640733600e-01 2.656359375e-01
    outer loop
      vertex 4.913663864e-02 -2.956531383e-02 -2.746358041e-05
      vertex 6.892984360e-02 -3.047781996e-02 -3.319959855e-03
      vertex 6.893012673e-02 -2.958714589e-02 -8.743257058e-05
    endloop
  endfacet
  facet normal 1.714209975e-05 -9.980499148e-01 -6.242071465e-02
    outer loop
      vertex 6.893359125e-02 -3.106882423e-02 -1.398370508e-02
      vertex 6.893393397e-02 -3.125326708e-02 -1.103460789e-02
      vertex 4.914065078e-02 -3.106880747e-02 -1.398939639e-02
    endloop
  endfacet
  facet normal -9.023078717e-03 -9.999573231e-01 -1.981929876e-03
    outer loop
      vertex 4.914065078e-02 -3.106880747e-02 -1.398939639e-02
      vertex 6.893393397e-02 -3.125326708e-02 -1.103460789e-02
      vertex 6.893367320e-02 -3.125531226e-02 -1.000125613e-02
    endloop
  endfacet
  facet normal -9.421436116e-03 -9.999555945e-01 -4.812340649e-06
    outer loop
      vertex 4.914065078e-02 -3.106880747e-02 -1.398939639e-02
      vertex 6.893367320e-02 -3.125531226e-02 -1.000125613e-02
      vertex 4.913862050e-02 -3.106882237e-02 -6.927477196e-03
    endloop
  endfacet
  facet normal -2.441216027e-03 -9.989889860e-01 4.488895461e-02
    outer loop
      vertex 4.913862050e-02 -3.106882237e-02 -6.927477196e-03
      vertex 6.893367320e-02 -3.125531226e-02 -1.000125613e-02
      vertex 6.893233210e-02 -3.116290085e-02 -7.944726385e-03
    endloop
  endfacet
  facet normal 2.049219911e-04 -9.953771234e-01 9.604366124e-02
    outer loop
      vertex 4.913862050e-02 -3.106882237e-02 -6.927477196e-03
      vertex 6.893233210e-02 -3.116290085e-02 -7.944726385e-03
      vertex 6.893135607e-02 -3.103576973e-02 -6.627150811e-03
    endloop
  endfacet
  facet normal 2.321235515e-04 -9.631301165e-01 -2.690359354e-01
    outer loop
      vertex 4.914263263e-02 -2.956527099e-02 -2.088940144e-02
      vertex 6.893618405e-02 -2.954588458e-02 -2.094172873e-02
      vertex 6.893399358e-02 -3.045555949e-02 -1.768515818e-02
    endloop
  endfacet
  facet normal -9.481415153e-03 -9.770278335e-01 -2.129006535e-01
    outer loop
      vertex 4.914263263e-02 -2.956527099e-02 -2.088940144e-02
      vertex 6.893399358e-02 -3.045555949e-02 -1.768515818e-02
      vertex 4.914065078e-02 -3.106880747e-02 -1.398939639e-02
    endloop
  endfacet
  facet normal -1.097496366e-03 -9.855446815e-01 -1.694122404e-01
    outer loop
      vertex 4.914065078e-02 -3.106880747e-02 -1.398939639e-02
      vertex 6.893399358e-02 -3.045555949e-02 -1.768515818e-02
      vertex 6.893353909e-02 -3.102375753e-02 -1.437970065e-02
    endloop
  endfacet
  facet normal 3.171315257e-05 -9.935863018e-01 -1.130765676e-01
    outer loop
      vertex 4.914065078e-02 -3.106880747e-02 -1.398939639e-02
      vertex 6.893353909e-02 -3.102375753e-02 -1.437970065e-02
      vertex 6.893359125e-02 -3.106882423e-02 -1.398370508e-02
    endloop
  endfacet
  facet normal 1.364218624e-04 -8.792310953e-01 -4.763955474e-01
    outer loop
      vertex 6.893697381e-02 -2.662716992e-02 -2.730541117e-02
      vertex 6.893741339e-02 -2.787807770e-02 -2.499674819e-02
      vertex 4.914449528e-02 -2.662715502e-02 -2.731110528e-02
    endloop
  endfacet
  facet normal -8.014204912e-03 -9.067607522e-01 -4.215693772e-01
    outer loop
      vertex 4.914449528e-02 -2.662715502e-02 -2.731110528e-02
      vertex 6.893741339e-02 -2.787807770e-02 -2.499674819e-02
      vertex 6.893755496e-02 -2.847697027e-02 -2.370858192e-02
    endloop
  endfacet
  facet normal -9.259052575e-03 -9.093016386e-01 -4.160346091e-01
    outer loop
      vertex 4.914449528e-02 -2.662715502e-02 -2.731110528e-02
      vertex 6.893755496e-02 -2.847697027e-02 -2.370858192e-02
      vertex 4.914263263e-02 -2.956527099e-02 -2.088940144e-02
    endloop
  endfacet
  facet normal -2.431017347e-03 -9.270454049e-01 -3.749411404e-01
    outer loop
      vertex 4.914263263e-02 -2.956527099e-02 -2.088940144e-02
      vertex 6.893755496e-02 -2.847697027e-02 -2.370858192e-02
      vertex 6.893689185e-02 -2.920189500e-02 -2.191619575e-02
    endloop
  endfacet
  facet normal 4.361982064e-05 -9.429720044e-01 -3.328720927e-01
    outer loop
      vertex 4.914263263e-02 -2.956527099e-02 -2.088940144e-02
      vertex 6.893689185e-02 -2.920189500e-02 -2.191619575e-02
      vertex 6.893618405e-02 -2.954588458e-02 -2.094172873e-02
    endloop
  endfacet
  facet normal -2.130078152e-03 -8.197829723e-01 -5.726704001e-01
    outer loop
      vertex 6.893696636e-02 -2.624779381e-02 -2.792778425e-02
      vertex 4.914449528e-02 -2.662715502e-02 -2.731110528e-02
      vertex 6.893818080e-02 -2.431145310e-02 -3.069967777e-02
    endloop
  endfacet
  facet normal -9.153237566e-03 -7.998784184e-01 -6.000922918e-01
    outer loop
      vertex 6.893818080e-02 -2.431145310e-02 -3.069967777e-02
      vertex 4.914449528e-02 -2.662715502e-02 -2.731110528e-02
      vertex 4.914611205e-02 -2.238918841e-02 -3.296002373e-02
    endloop
  endfacet
  facet normal -4.200537689e-03 -7.796238065e-01 -6.262340546e-01
    outer loop
      vertex 6.893818080e-02 -2.431145310e-02 -3.069967777e-02
      vertex 4.914611205e-02 -2.238918841e-02 -3.296002373e-02
      vertex 6.893884391e-02 -2.366434783e-02 -3.150529042e-02
    endloop
  endfacet
  facet normal 2.304474619e-04 -5.973095894e-01 -8.020107150e-01
    outer loop
      vertex 6.893970072e-02 -1.704571024e-02 -3.757145256e-02
      vertex 6.893993169e-02 -1.888690330e-02 -3.620019928e-02
      vertex 4.914745688e-02 -1.704569720e-02 -3.757715225e-02
    endloop
  endfacet
  facet normal -9.711262770e-03 -6.637241244e-01 -7.479144335e-01
    outer loop
      vertex 4.914745688e-02 -1.704569720e-02 -3.757715225e-02
      vertex 6.893993169e-02 -1.888690330e-02 -3.620019928e-02
      vertex 6.894056499e-02 -2.139547653e-02 -3.397401422e-02
    endloop
  endfacet
  facet normal -5.938669667e-03 -6.537933946e-01 -7.566497922e-01
    outer loop
      vertex 4.914745688e-02 -1.704569720e-02 -3.757715225e-02
      vertex 6.894056499e-02 -2.139547653e-02 -3.397401422e-02
      vertex 4.914611205e-02 -2.238918841e-02 -3.296002373e-02
    endloop
  endfacet
  facet normal 5.707977107e-04 -7.197596431e-01 -6.942231655e-01
    outer loop
      vertex 4.914611205e-02 -2.238918841e-02 -3.296002373e-02
      vertex 6.894056499e-02 -2.139547653e-02 -3.397401422e-02
      vertex 6.893989444e-02 -2.262040228e-02 -3.270403296e-02
    endloop
  endfacet
  facet normal -3.153462894e-04 -7.541186213e-01 -6.567381620e-01
    outer loop
      vertex 4.914611205e-02 -2.238918841e-02 -3.296002373e-02
      vertex 6.893989444e-02 -2.262040228e-02 -3.270403296e-02
      vertex 6.893884391e-02 -2.366434783e-02 -3.150529042e-02
    endloop
  endfacet
  facet normal 2.049862873e-03 -3.608075976e-01 -9.326379895e-01
    outer loop
      vertex 6.894125044e-02 -8.592570201e-03 -4.177736863e-02
      vertex 6.894207746e-02 -1.173342671e-02 -4.056226835e-02
      vertex 4.914842173e-02 -1.084170397e-02 -4.095075279e-02
    endloop
  endfacet
  facet normal -2.509267302e-03 -4.456900358e-01 -8.951838613e-01
    outer loop
      vertex 4.914842173e-02 -1.084170397e-02 -4.095075279e-02
      vertex 6.894207746e-02 -1.173342671e-02 -4.056226835e-02
      vertex 6.894081831e-02 -1.419712882e-02 -3.933564946e-02
    endloop
  endfacet
  facet normal -9.298590012e-03 -4.776956141e-01 -8.784762025e-01
    outer loop
      vertex 4.914842173e-02 -1.084170397e-02 -4.095075279e-02
      vertex 6.894081831e-02 -1.419712882e-02 -3.933564946e-02
      vertex 4.914745688e-02 -1.704569720e-02 -3.757715225e-02
    endloop
  endfacet
  facet normal -6.804384757e-03 -4.906242192e-01 -8.713446856e-01
    outer loop
      vertex 4.914745688e-02 -1.704569720e-02 -3.757715225e-02
      vertex 6.894081831e-02 -1.419712882e-02 -3.933564946e-02
      vertex 6.894052774e-02 -1.472271886e-02 -3.903970495e-02
    endloop
  endfacet
  facet normal -2.041314961e-03 -5.202827454e-01 -8.539916277e-01
    outer loop
      vertex 4.914745688e-02 -1.704569720e-02 -3.757715225e-02
      vertex 6.894052774e-02 -1.472271886e-02 -3.903970495e-02
      vertex 6.893987209e-02 -1.614220813e-02 -3.817489743e-02
    endloop
  endfacet
  facet normal 8.037700653e-01 8.710557595e-03 -5.948762894e-01
    outer loop
      vertex 6.698632985e-02 -3.978072666e-03 -4.533809796e-02
      vertex 6.691706926e-02 -3.568700282e-03 -4.542569071e-02
      vertex 6.711518019e-02 -4.239531700e-03 -4.516783729e-02
    endloop
  endfacet
  facet normal 7.514360547e-01 -3.141442314e-02 -6.590576768e-01
    outer loop
      vertex 6.711518019e-02 -4.239531700e-03 -4.516783729e-02
      vertex 6.691706926e-02 -3.568700282e-03 -4.542569071e-02
      vertex 6.897418946e-02 -3.353324952e-03 -4.309049621e-02
    endloop
  endfacet
  facet normal 7.613610029e-01 -9.315432608e-02 -6.416009068e-01
    outer loop
      vertex 6.711518019e-02 -4.239531700e-03 -4.516783729e-02
      vertex 6.897418946e-02 -3.353324952e-03 -4.309049621e-02
      vertex 6.728193909e-02 -4.425792489e-03 -4.494291171e-02
    endloop
  endfacet
  facet normal 7.410320044e-01 -2.011770308e-01 -6.406242251e-01
    outer loop
      vertex 6.883186102e-02 -7.246164605e-03 -4.233899340e-02
      vertex 6.876868755e-02 -6.932487711e-03 -4.251057655e-02
      vertex 6.892616302e-02 -6.032866891e-03 -4.261092469e-02
    endloop
  endfacet
  facet normal 7.350962758e-01 -2.009061724e-01 -6.475107670e-01
    outer loop
      vertex 6.892616302e-02 -6.032866891e-03 -4.261092469e-02
      vertex 6.876868755e-02 -6.932487711e-03 -4.251057655e-02
      vertex 6.837760657e-02 -5.812512711e-03 -4.330205545e-02
    endloop
  endfacet
  facet normal 7.564567924e-01 -1.283394396e-01 -6.413283944e-01
    outer loop
      vertex 6.892616302e-02 -6.032866891e-03 -4.261092469e-02
      vertex 6.837760657e-02 -5.812512711e-03 -4.330205545e-02
      vertex 6.897418946e-02 -3.353324952e-03 -4.309049621e-02
    endloop
  endfacet
  facet normal 7.776869535e-01 -1.358583272e-01 -6.137960553e-01
    outer loop
      vertex 6.897418946e-02 -3.353324952e-03 -4.309049621e-02
      vertex 6.837760657e-02 -5.812512711e-03 -4.330205545e-02
      vertex 6.808228791e-02 -5.302859470e-03 -4.378903657e-02
    endloop
  endfacet
  facet normal 7.676784992e-01 -1.260788888e-01 -6.283102632e-01
    outer loop
      vertex 6.897418946e-02 -3.353324952e-03 -4.309049621e-02
      vertex 6.808228791e-02 -5.302859470e-03 -4.378903657e-02
      vertex 6.728193909e-02 -4.425792489e-03 -4.494291171e-02
    endloop
  endfacet
  facet normal 7.045260668e-01 1.405755393e-05 -7.096781135e-01
    outer loop
      vertex 6.691701710e-02 1.720250701e-03 -4.542563483e-02
      vertex 7.094118744e-02 1.720164670e-03 -4.143068567e-02
      vertex 6.691706926e-02 -3.568700282e-03 -4.542569071e-02
    endloop
  endfacet
  facet normal 7.273107171e-01 -3.567542136e-02 -6.853805184e-01
    outer loop
      vertex 6.691706926e-02 -3.568700282e-03 -4.542569071e-02
      vertex 7.094118744e-02 1.720164670e-03 -4.143068567e-02
      vertex 7.094115764e-02 -1.495442702e-03 -4.126333818e-02
    endloop
  endfacet
  facet normal 7.481086254e-01 -1.582624167e-01 -6.444272399e-01
    outer loop
      vertex 6.691706926e-02 -3.568700282e-03 -4.542569071e-02
      vertex 7.094115764e-02 -1.495442702e-03 -4.126333818e-02
      vertex 6.897418946e-02 -3.353324952e-03 -4.309049621e-02
    endloop
  endfacet
  facet normal 7.217074037e-01 -8.897761256e-02 -6.864557266e-01
    outer loop
      vertex 6.897418946e-02 -3.353324952e-03 -4.309049621e-02
      vertex 7.094115764e-02 -1.495442702e-03 -4.126333818e-02
      vertex 7.094109803e-02 -3.023784142e-03 -4.106529430e-02
    endloop
  endfacet
  facet normal 7.216868401e-01 -1.344646364e-01 -6.790341139e-01
    outer loop
      vertex 6.897418946e-02 -3.353324952e-03 -4.309049621e-02
      vertex 7.094109803e-02 -3.023784142e-03 -4.106529430e-02
      vertex 6.892616302e-02 -6.032866891e-03 -4.261092469e-02
    endloop
  endfacet
  facet normal 7.157481313e-01 -1.264955252e-01 -6.868067384e-01
    outer loop
      vertex 6.892616302e-02 -6.032866891e-03 -4.261092469e-02
      vertex 7.094109803e-02 -3.023784142e-03 -4.106529430e-02
      vertex 7.094098628e-02 -4.749796819e-03 -4.074751586e-02
    endloop
  endfacet
  facet normal 7.313546538e-01 -2.027843744e-01 -6.511519551e-01
    outer loop
      vertex 6.892616302e-02 -6.032866891e-03 -4.261092469e-02
      vertex 7.094098628e-02 -4.749796819e-03 -4.074751586e-02
      vertex 6.883186102e-02 -7.246164605e-03 -4.233899340e-02
    endloop
  endfacet
  facet normal 7.200080752e-01 -1.812615097e-01 -6.698750854e-01
    outer loop
      vertex 6.883186102e-02 -7.246164605e-03 -4.233899340e-02
      vertex 7.094098628e-02 -4.749796819e-03 -4.074751586e-02
      vertex 7.094071805e-02 -7.967177778e-03 -3.987720981e-02
    endloop
  endfacet
  facet normal 7.072755098e-01 -2.224432081e-01 -6.710293293e-01
    outer loop
      vertex 6.883186102e-02 -7.246164605e-03 -4.233899340e-02
      vertex 7.094071805e-02 -7.967177778e-03 -3.987720981e-02
      vertex 6.894125044e-02 -8.592570201e-03 -4.177736863e-02
    endloop
  endfacet
  facet normal -7.066664100e-01 -2.454768568e-01 -6.635990739e-01
    outer loop
      vertex 4.714788869e-02 -1.007987466e-02 -3.910209611e-02
      vertex 4.714812711e-02 -7.967106067e-03 -3.988390043e-02
      vertex 4.914872348e-02 -8.592515253e-03 -4.178298265e-02
    endloop
  endfacet
  facet normal -7.070378065e-01 -2.454350740e-01 6.632187963e-01
    outer loop
      vertex 4.913088679e-02 -1.084182877e-02 2.003397234e-02
      vertex 4.913074151e-02 -8.592633530e-03 2.086617053e-02
      vertex 4.713120684e-02 -7.967226207e-03 1.896596700e-02
    endloop
  endfacet
  facet normal -7.070667148e-01 -2.454716861e-01 6.631744504e-01
    outer loop
      vertex 4.713120684e-02 -7.967226207e-03 1.896596700e-02
      vertex 4.713141918e-02 -1.007999387e-02 1.818415895e-02
      vertex 4.913088679e-02 -1.084182877e-02 2.003397234e-02
    endloop
  endfacet
  facet normal -7.052479386e-01 -3.387706578e-01 6.227838993e-01
    outer loop
      vertex 4.913088679e-02 -1.084182877e-02 2.003397234e-02
      vertex 4.713141918e-02 -1.007999387e-02 1.818415895e-02
      vertex 4.713232815e-02 -1.590772904e-02 1.501512434e-02
    endloop
  endfacet
  facet normal -7.052468061e-01 -3.387717903e-01 6.227845550e-01
    outer loop
      vertex 4.913088679e-02 -1.084182877e-02 2.003397234e-02
      vertex 4.713232815e-02 -1.590772904e-02 1.501512434e-02
      vertex 4.913185909e-02 -1.704581082e-02 1.666033641e-02
    endloop
  endfacet
  facet normal -7.052219510e-01 -4.636416733e-01 5.363752246e-01
    outer loop
      vertex 4.913185909e-02 -1.704581082e-02 1.666033641e-02
      vertex 4.713232815e-02 -1.590772904e-02 1.501512434e-02
      vertex 4.713357240e-02 -2.092714235e-02 1.067798771e-02
    endloop
  endfacet
  facet normal -7.052226067e-01 -4.636409283e-01 5.363749862e-01
    outer loop
      vertex 4.913185909e-02 -1.704581082e-02 1.666033641e-02
      vertex 4.713357240e-02 -2.092714235e-02 1.067798771e-02
      vertex 4.913318157e-02 -2.238928154e-02 1.204319205e-02
    endloop
  endfacet
  facet normal -7.051907182e-01 -5.672513247e-01 4.253610075e-01
    outer loop
      vertex 4.913318157e-02 -2.238928154e-02 1.204319205e-02
      vertex 4.713357240e-02 -2.092714235e-02 1.067798771e-02
      vertex 4.713509232e-02 -2.490807325e-02 5.371631589e-03
    endloop
  endfacet
  facet normal -7.051900029e-01 -5.672520995e-01 4.253610969e-01
    outer loop
      vertex 4.913318157e-02 -2.238928154e-02 1.204319205e-02
      vertex 4.713509232e-02 -2.490807325e-02 5.371631589e-03
      vertex 4.913480207e-02 -2.662722953e-02 6.394248921e-03
    endloop
  endfacet
  facet normal -7.051525712e-01 -6.448510289e-01 2.948337793e-01
    outer loop
      vertex 4.913480207e-02 -2.662722953e-02 6.394248921e-03
      vertex 4.713509232e-02 -2.490807325e-02 5.371631589e-03
      vertex 4.713681713e-02 -2.766798064e-02 -6.606251700e-04
    endloop
  endfacet
  facet normal -7.051495910e-01 -6.448544860e-01 2.948334217e-01
    outer loop
      vertex 4.913480207e-02 -2.662722953e-02 6.394248921e-03
      vertex 4.713681713e-02 -2.766798064e-02 -6.606251700e-04
      vertex 4.913665354e-02 -2.956531942e-02 -2.746370592e-05
    endloop
  endfacet
  facet normal -7.051083446e-01 -6.928844452e-01 1.507759094e-01
    outer loop
      vertex 4.913665354e-02 -2.956531942e-02 -2.746370592e-05
      vertex 4.713681713e-02 -2.766798064e-02 -6.606251700e-04
      vertex 4.713868350e-02 -2.908031084e-02 -7.142184768e-03
    endloop
  endfacet
  facet normal -7.051116824e-01 -6.928808093e-01 1.507770866e-01
    outer loop
      vertex 4.913665354e-02 -2.956531942e-02 -2.746370592e-05
      vertex 4.713868350e-02 -2.908031084e-02 -7.142184768e-03
      vertex 4.913862422e-02 -3.106882796e-02 -6.927473005e-03
    endloop
  endfacet
  facet normal -7.050682306e-01 -7.091394067e-01 -2.038336243e-04
    outer loop
      vertex 4.913862422e-02 -3.106882796e-02 -6.927473005e-03
      vertex 4.713868350e-02 -2.908031084e-02 -7.142184768e-03
      vertex 4.714058712e-02 -2.908029594e-02 -1.377582829e-02
    endloop
  endfacet
  facet normal -7.050657272e-01 -7.091419697e-01 -2.053146891e-04
    outer loop
      vertex 4.913862422e-02 -3.106882796e-02 -6.927473005e-03
      vertex 4.714058712e-02 -2.908029594e-02 -1.377582829e-02
      vertex 4.914066568e-02 -3.106881492e-02 -1.398940012e-02
    endloop
  endfacet
  facet normal -7.050223351e-01 -6.928828359e-01 -1.511847973e-01
    outer loop
      vertex 4.914066568e-02 -3.106881492e-02 -1.398940012e-02
      vertex 4.714058712e-02 -2.908029594e-02 -1.377582829e-02
      vertex 4.714245349e-02 -2.766794153e-02 -2.025737986e-02
    endloop
  endfacet
  facet normal -7.050231099e-01 -6.928822398e-01 -1.511842161e-01
    outer loop
      vertex 4.914066568e-02 -3.106881492e-02 -1.398940012e-02
      vertex 4.714245349e-02 -2.766794153e-02 -2.025737986e-02
      vertex 4.914264753e-02 -2.956527658e-02 -2.088940702e-02
    endloop
  endfacet
  facet normal -7.049817443e-01 -6.448513269e-01 -2.952414751e-01
    outer loop
      vertex 4.914264753e-02 -2.956527658e-02 -2.088940702e-02
      vertex 4.714245349e-02 -2.766794153e-02 -2.025737986e-02
      vertex 4.714418948e-02 -2.490800805e-02 -2.628962882e-02
    endloop
  endfacet
  facet normal -7.049818039e-01 -6.448512673e-01 -2.952414453e-01
    outer loop
      vertex 4.914264753e-02 -2.956527658e-02 -2.088940702e-02
      vertex 4.714418948e-02 -2.490800805e-02 -2.628962882e-02
      vertex 4.914449528e-02 -2.662715875e-02 -2.731110528e-02
    endloop
  endfacet
  facet normal -7.049442530e-01 -5.672512650e-01 -4.257693887e-01
    outer loop
      vertex 4.914449528e-02 -2.662715875e-02 -2.731110528e-02
      vertex 4.714418948e-02 -2.490800805e-02 -2.628962882e-02
      vertex 4.714572057e-02 -2.092705667e-02 -3.159597144e-02
    endloop
  endfacet
  facet normal -7.049437761e-01 -5.672515035e-01 -4.257698953e-01
    outer loop
      vertex 4.914449528e-02 -2.662715875e-02 -2.731110528e-02
      vertex 4.714572057e-02 -2.092705667e-02 -3.159597144e-02
      vertex 4.914612696e-02 -2.238919213e-02 -3.296003118e-02
    endloop
  endfacet
  facet normal -7.049118280e-01 -4.636401832e-01 -5.367839932e-01
    outer loop
      vertex 4.914612696e-02 -2.238919213e-02 -3.296003118e-02
      vertex 4.714572057e-02 -2.092705667e-02 -3.159597144e-02
      vertex 4.714697227e-02 -1.590762287e-02 -3.593308479e-02
    endloop
  endfacet
  facet normal -7.049124241e-01 -4.636400640e-01 -5.367833376e-01
    outer loop
      vertex 4.914612696e-02 -2.238919213e-02 -3.296003118e-02
      vertex 4.714697227e-02 -1.590762287e-02 -3.593308479e-02
      vertex 4.914745688e-02 -1.704570092e-02 -3.757715225e-02
    endloop
  endfacet
  facet normal -7.048874497e-01 -3.387687504e-01 -6.231929064e-01
    outer loop
      vertex 4.914745688e-02 -1.704570092e-02 -3.757715225e-02
      vertex 4.714697227e-02 -1.590762287e-02 -3.593308479e-02
      vertex 4.714788869e-02 -1.007987466e-02 -3.910209611e-02
    endloop
  endfacet
  facet normal -7.048867345e-01 -3.387687206e-01 -6.231937408e-01
    outer loop
      vertex 4.914745688e-02 -1.704570092e-02 -3.757715225e-02
      vertex 4.714788869e-02 -1.007987466e-02 -3.910209611e-02
      vertex 4.914843664e-02 -1.084170397e-02 -4.095076025e-02
    endloop
  endfacet
  facet normal -7.066816688e-01 -2.454469353e-01 -6.635938287e-01
    outer loop
      vertex 4.914843664e-02 -1.084170397e-02 -4.095076025e-02
      vertex 4.714788869e-02 -1.007987466e-02 -3.910209611e-02
      vertex 4.914872348e-02 -8.592515253e-03 -4.178298265e-02
    endloop
  endfacet
  facet normal -3.148435149e-03 4.236855507e-01 9.058038592e-01
    outer loop
      vertex 3.999999911e-02 1.126947720e-02 1.325682178e-02
      vertex 4.713300988e-02 1.176104695e-02 1.305168588e-02
      vertex 4.705347121e-02 1.319568604e-02 1.238036342e-02
    endloop
  endfacet
  facet normal -2.376994677e-02 4.848514199e-01 8.742734790e-01
    outer loop
      vertex 4.705347121e-02 1.319568604e-02 1.238036342e-02
      vertex 4.668795690e-02 1.499299705e-02 1.137368008e-02
      vertex 3.999999911e-02 1.126947720e-02 1.325682178e-02
    endloop
  endfacet
  facet normal -6.269121915e-02 5.377994776e-01 8.407387137e-01
    outer loop
      vertex 3.999999911e-02 1.126947720e-02 1.325682178e-02
      vertex 4.668795690e-02 1.499299705e-02 1.137368008e-02
      vertex 4.603260756e-02 1.659697294e-02 1.029878948e-02
    endloop
  endfacet
  facet normal -6.410771515e-03 4.909602702e-01 8.711583614e-01
    outer loop
      vertex 3.999999911e-02 1.126947720e-02 1.325682178e-02
      vertex 4.603260756e-02 1.659697294e-02 1.029878948e-02
      vertex 3.999999911e-02 1.685238443e-02 1.011045277e-02
    endloop
  endfacet
  facet normal -4.519370833e-08 3.851205111e-01 9.228662848e-01
    outer loop
      vertex 4.713300988e-02 1.176104695e-02 1.305168588e-02
      vertex 3.999999911e-02 1.126947720e-02 1.325682178e-02
      vertex 4.713285342e-02 1.126947999e-02 1.325682178e-02
    endloop
  endfacet
  facet normal -7.953002146e-10 2.533646226e-01 9.673708677e-01
    outer loop
      vertex 4.713285342e-02 1.126947999e-02 1.325682178e-02
      vertex 3.999999911e-02 1.126947720e-02 1.325682178e-02
      vertex 4.000000656e-02 5.070109386e-03 1.488050167e-02
    endloop
  endfacet
  facet normal -2.742876291e-07 2.533649206e-01 9.673707485e-01
    outer loop
      vertex 4.713285342e-02 1.126947999e-02 1.325682178e-02
      vertex 4.000000656e-02 5.070109386e-03 1.488050167e-02
      vertex 4.713238403e-02 5.070111249e-03 1.488050353e-02
    endloop
  endfacet
  facet normal -2.021316305e-07 -8.882767288e-04 9.999995828e-01
    outer loop
      vertex 4.713238403e-02 5.070111249e-03 1.488050353e-02
      vertex 4.000000656e-02 5.070109386e-03 1.488050167e-02
      vertex 4.000000283e-02 -1.338358736e-03 1.487480942e-02
    endloop
  endfacet
  facet normal 4.166518863e-08 -8.885480347e-04 9.999995828e-01
    outer loop
      vertex 4.713238403e-02 5.070111249e-03 1.488050353e-02
      vertex 4.000000283e-02 -1.338358736e-03 1.487480942e-02
      vertex 4.713237658e-02 -1.338356524e-03 1.487480942e-02
    endloop
  endfacet
  facet normal 1.190382974e-07 -2.550836504e-01 9.669190049e-01
    outer loop
      vertex 4.713237658e-02 -1.338356524e-03 1.487480942e-02
      vertex 4.000000283e-02 -1.338358736e-03 1.487480942e-02
      vertex 3.999999538e-02 -7.534827106e-03 1.324011479e-02
    endloop
  endfacet
  facet normal 6.513652284e-09 -2.550835311e-01 9.669190049e-01
    outer loop
      vertex 4.713237658e-02 -1.338356524e-03 1.487480942e-02
      vertex 3.999999538e-02 -7.534827106e-03 1.324011479e-02
      vertex 4.713283479e-02 -7.534828503e-03 1.324011385e-02
    endloop
  endfacet
  facet normal -4.999110459e-08 -4.925181866e-01 8.703021407e-01
    outer loop
      vertex 4.713283479e-02 -7.534828503e-03 1.324011385e-02
      vertex 3.999999538e-02 -7.534827106e-03 1.324011479e-02
      vertex 4.000000656e-02 -1.311213616e-02 1.008382440e-02
    endloop
  endfacet
  facet normal -4.224292240e-07 -4.925178289e-01 8.703023791e-01
    outer loop
      vertex 4.713283479e-02 -7.534828503e-03 1.324011385e-02
      vertex 4.000000656e-02 -1.311213616e-02 1.008382440e-02
      vertex 4.713374004e-02 -1.311213430e-02 1.008382905e-02
    endloop
  endfacet
  facet normal 7.483133686e-07 5.934921503e-01 8.048397899e-01
    outer loop
      vertex 4.603260756e-02 1.659697294e-02 1.029878948e-02
      vertex 4.589145631e-02 1.685288548e-02 1.011007838e-02
      vertex 3.999999911e-02 1.685238443e-02 1.011045277e-02
    endloop
  endfacet
  facet normal -1.473139832e-07 6.002749205e-01 7.997937202e-01
    outer loop
      vertex 3.999999911e-02 1.685238443e-02 1.011045277e-02
      vertex 4.589145631e-02 1.685288548e-02 1.011007838e-02
      vertex 4.584337771e-02 1.693552732e-02 1.004805323e-02
    endloop
  endfacet
  facet normal -6.553554558e-04 6.293241978e-01 7.771425843e-01
    outer loop
      vertex 3.999999911e-02 1.685238443e-02 1.011045277e-02
      vertex 4.584337771e-02 1.693552732e-02 1.004805323e-02
      vertex 4.484117031e-02 1.830158196e-02 8.940986358e-03
    endloop
  endfacet
  facet normal -2.034350857e-02 6.681476235e-01 7.437505722e-01
    outer loop
      vertex 4.484117031e-02 1.830158196e-02 8.940986358e-03
      vertex 4.356271029e-02 1.947241090e-02 7.854205556e-03
      vertex 3.999999911e-02 1.685238443e-02 1.011045277e-02
    endloop
  endfacet
  facet normal -4.682276398e-02 6.876241565e-01 7.245554924e-01
    outer loop
      vertex 3.999999911e-02 1.685238443e-02 1.011045277e-02
      vertex 4.356271029e-02 1.947241090e-02 7.854205556e-03
      vertex 4.181184992e-02 2.055319026e-02 6.715368479e-03
    endloop
  endfacet
  facet normal -6.446926296e-02 6.915638447e-01 7.194325328e-01
    outer loop
      vertex 3.999999911e-02 1.685238443e-02 1.011045277e-02
      vertex 4.181184992e-02 2.055319026e-02 6.715368479e-03
      vertex 4.000000283e-02 2.130799182e-02 5.827444140e-03
    endloop
  endfacet
  facet normal 2.781474677e-07 -4.944812953e-01 -8.691882491e-01
    outer loop
      vertex 4.714524373e-02 -1.311204955e-02 -2.991617098e-02
      vertex 4.000000283e-02 -1.311204862e-02 -2.991617471e-02
      vertex 4.000000656e-02 -7.639375515e-03 -3.302957863e-02
    endloop
  endfacet
  facet normal 7.408025908e-07 -4.944808483e-01 -8.691885471e-01
    outer loop
      vertex 4.714524373e-02 -1.311204955e-02 -2.991617098e-02
      vertex 4.000000656e-02 -7.639375515e-03 -3.302957863e-02
      vertex 4.714614153e-02 -7.639373187e-03 -3.302957490e-02
    endloop
  endfacet
  facet normal 7.329828691e-07 -2.616337836e-01 -9.651672244e-01
    outer loop
      vertex 4.714614153e-02 -7.639373187e-03 -3.302957490e-02
      vertex 4.000000656e-02 -7.639375515e-03 -3.302957863e-02
      vertex 3.999999911e-02 -1.562386751e-03 -3.467690572e-02
    endloop
  endfacet
  facet normal -1.623490533e-07 -2.616347671e-01 -9.651669264e-01
    outer loop
      vertex 4.714614153e-02 -7.639373187e-03 -3.302957490e-02
      vertex 3.999999911e-02 -1.562386751e-03 -3.467690572e-02
      vertex 4.714662954e-02 -1.562388265e-03 -3.467690572e-02
    endloop
  endfacet
  facet normal -1.139866086e-07 -1.219182275e-02 -9.999256730e-01
    outer loop
      vertex 4.714662954e-02 -1.562388265e-03 -3.467690572e-02
      vertex 3.999999911e-02 -1.562386751e-03 -3.467690572e-02
      vertex 3.999999538e-02 4.733450711e-03 -3.475366905e-02
    endloop
  endfacet
  facet normal -3.859517221e-07 -1.219213102e-02 -9.999256730e-01
    outer loop
      vertex 4.714662954e-02 -1.562388265e-03 -3.467690572e-02
      vertex 3.999999538e-02 4.733450711e-03 -3.475366905e-02
      vertex 4.714665562e-02 4.733453039e-03 -3.475367278e-02
    endloop
  endfacet
  facet normal -4.528101272e-07 2.380232662e-01 -9.712594748e-01
    outer loop
      vertex 4.714665562e-02 4.733453039e-03 -3.475367278e-02
      vertex 3.999999538e-02 4.733450711e-03 -3.475366905e-02
      vertex 3.999999166e-02 1.084879693e-02 -3.325499967e-02
    endloop
  endfacet
  facet normal 2.547143936e-07 2.380240411e-01 -9.712592363e-01
    outer loop
      vertex 4.714665562e-02 4.733453039e-03 -3.475367278e-02
      vertex 3.999999166e-02 1.084879693e-02 -3.325499967e-02
      vertex 4.714622349e-02 1.084879227e-02 -3.325499967e-02
    endloop
  endfacet
  facet normal -5.590358749e-02 5.131340027e-01 -8.564860225e-01
    outer loop
      vertex 4.664074630e-02 1.501452923e-02 -3.119269386e-02
      vertex 3.999999166e-02 1.084879693e-02 -3.325499967e-02
      vertex 4.658022895e-02 1.518385857e-02 -3.108729608e-02
    endloop
  endfacet
  facet normal -2.148023248e-02 4.730320573e-01 -8.807833195e-01
    outer loop
      vertex 4.658022895e-02 1.518385857e-02 -3.108729608e-02
      vertex 3.999999166e-02 1.084879693e-02 -3.325499967e-02
      vertex 3.999999911e-02 1.639575325e-02 -3.027596325e-02
    endloop
  endfacet
  facet normal -3.579713032e-02 4.886388779e-01 -8.717514873e-01
    outer loop
      vertex 4.664074630e-02 1.501452923e-02 -3.119269386e-02
      vertex 4.701096192e-02 1.353269164e-02 -3.203850612e-02
      vertex 3.999999166e-02 1.084879693e-02 -3.325499967e-02
    endloop
  endfacet
  facet normal -8.034368977e-03 4.301528335e-01 -9.027203321e-01
    outer loop
      vertex 3.999999166e-02 1.084879693e-02 -3.325499967e-02
      vertex 4.701096192e-02 1.353269164e-02 -3.203850612e-02
      vertex 4.714665562e-02 1.175990049e-02 -3.288445994e-02
    endloop
  endfacet
  facet normal 3.523416012e-07 3.767282367e-01 -9.263238311e-01
    outer loop
      vertex 3.999999166e-02 1.084879693e-02 -3.325499967e-02
      vertex 4.714665562e-02 1.175990049e-02 -3.288445994e-02
      vertex 4.714622349e-02 1.084879227e-02 -3.325499967e-02
    endloop
  endfacet
  facet normal -6.517914683e-02 6.734849811e-01 -7.363217473e-01
    outer loop
      vertex 3.999999911e-02 2.087632194e-02 -2.617776021e-02
      vertex 4.046501964e-02 2.070531622e-02 -2.637533471e-02
      vertex 3.999999911e-02 1.639575325e-02 -3.027596325e-02
    endloop
  endfacet
  facet normal -5.839642510e-02 6.733662486e-01 -7.369991541e-01
    outer loop
      vertex 3.999999911e-02 1.639575325e-02 -3.027596325e-02
      vertex 4.046501964e-02 2.070531622e-02 -2.637533471e-02
      vertex 4.236012325e-02 1.983115822e-02 -2.732417732e-02
    endloop
  endfacet
  facet normal -4.199166223e-02 6.675661802e-01 -7.433654070e-01
    outer loop
      vertex 3.999999911e-02 1.639575325e-02 -3.027596325e-02
      vertex 4.236012325e-02 1.983115822e-02 -2.732417732e-02
      vertex 4.357536882e-02 1.905935444e-02 -2.808593027e-02
    endloop
  endfacet
  facet normal -1.990323700e-02 6.507776976e-01 -7.590074539e-01
    outer loop
      vertex 4.357536882e-02 1.905935444e-02 -2.808593027e-02
      vertex 4.491182789e-02 1.788235083e-02 -2.913014591e-02
      vertex 3.999999911e-02 1.639575325e-02 -3.027596325e-02
    endloop
  endfacet
  facet normal -9.296346107e-04 6.123983860e-01 -7.905487418e-01
    outer loop
      vertex 3.999999911e-02 1.639575325e-02 -3.027596325e-02
      vertex 4.491182789e-02 1.788235083e-02 -2.913014591e-02
      vertex 4.594238475e-02 1.651713066e-02 -3.018892556e-02
    endloop
  endfacet
  facet normal 7.257086108e-04 5.590331554e-01 -8.291450143e-01
    outer loop
      vertex 3.999999911e-02 1.639575325e-02 -3.027596325e-02
      vertex 4.594238475e-02 1.651713066e-02 -3.018892556e-02
      vertex 4.658022895e-02 1.518385857e-02 -3.108729608e-02
    endloop
  endfacet
  facet normal -1.000000000e+00 1.704754453e-07 -1.646706380e-07
    outer loop
      vertex 3.999999911e-02 1.685238443e-02 1.011045277e-02
      vertex 4.000000283e-02 2.130799182e-02 5.827444140e-03
      vertex 4.000000283e-02 2.116926387e-02 -6.002382142e-04
    endloop
  endfacet
  facet normal -1.000000000e+00 7.981449812e-07 -5.052691421e-08
    outer loop
      vertex 3.999999538e-02 -7.534827106e-03 1.324011479e-02
      vertex 4.000000283e-02 -1.338358736e-03 1.487480942e-02
      vertex 4.000000656e-02 5.070109386e-03 1.488050167e-02
    endloop
  endfacet
  facet normal -1.000000000e+00 -1.514099495e-07 7.555551207e-08
    outer loop
      vertex 4.000000656e-02 -1.311213616e-02 1.008382440e-02
      vertex 3.999999911e-02 2.101934887e-02 -9.910875000e-03
      vertex 4.000000283e-02 -1.311204862e-02 -2.991617471e-02
    endloop
  endfacet
  facet normal -1.000000000e+00 2.676128759e-07 -6.393468084e-07
    outer loop
      vertex 4.000000283e-02 -1.311204862e-02 -2.991617471e-02
      vertex 3.999999911e-02 2.101934887e-02 -9.910875000e-03
      vertex 4.000000283e-02 2.096021548e-02 -1.495920401e-02
    endloop
  endfacet
  facet normal -1.000000000e+00 2.569931894e-07 -6.151549314e-07
    outer loop
      vertex 4.000000283e-02 -1.311204862e-02 -2.991617471e-02
      vertex 4.000000283e-02 2.096021548e-02 -1.495920401e-02
      vertex 4.000000656e-02 -7.639375515e-03 -3.302957863e-02
    endloop
  endfacet
  facet normal -1.000000000e+00 8.396873596e-08 5.437289474e-06
    outer loop
      vertex 4.000000656e-02 5.070109386e-03 1.488050167e-02
      vertex 3.999999911e-02 1.126947720e-02 1.325682178e-02
      vertex 3.999999538e-02 -7.534827106e-03 1.324011479e-02
    endloop
  endfacet
  facet normal -1.000000000e+00 8.934357965e-08 -6.120487797e-07
    outer loop
      vertex 3.999999538e-02 -7.534827106e-03 1.324011479e-02
      vertex 3.999999911e-02 1.126947720e-02 1.325682178e-02
      vertex 3.999999911e-02 1.685238443e-02 1.011045277e-02
    endloop
  endfacet
  facet normal -1.000000000e+00 -1.644632874e-07 -2.589783890e-06
    outer loop
      vertex 3.999999538e-02 -7.534827106e-03 1.324011479e-02
      vertex 3.999999911e-02 1.685238443e-02 1.011045277e-02
      vertex 4.000000656e-02 -1.311213616e-02 1.008382440e-02
    endloop
  endfacet
  facet normal -1.000000000e+00 -1.664977134e-07 -3.004856239e-07
    outer loop
      vertex 4.000000656e-02 -1.311213616e-02 1.008382440e-02
      vertex 3.999999911e-02 1.685238443e-02 1.011045277e-02
      vertex 4.000000283e-02 2.116926387e-02 -6.002382142e-04
    endloop
  endfacet
  facet normal -1.000000000e+00 6.677402098e-08 4.480013729e-07
    outer loop
      vertex 4.000000656e-02 -1.311213616e-02 1.008382440e-02
      vertex 4.000000283e-02 2.116926387e-02 -6.002382142e-04
      vertex 3.999999911e-02 2.101934887e-02 -9.910875000e-03
    endloop
  endfacet
  facet normal -1.000000000e+00 3.049513282e-07 2.002337141e-07
    outer loop
      vertex 3.999999911e-02 2.087632194e-02 -2.617776021e-02
      vertex 3.999999911e-02 1.639575325e-02 -3.027596325e-02
      vertex 4.000000283e-02 2.096021548e-02 -1.495920401e-02
    endloop
  endfacet
  facet normal -1.000000000e+00 7.975108929e-07 5.344873344e-08
    outer loop
      vertex 4.000000283e-02 2.096021548e-02 -1.495920401e-02
      vertex 3.999999911e-02 1.639575325e-02 -3.027596325e-02
      vertex 3.999999166e-02 1.084879693e-02 -3.325499967e-02
    endloop
  endfacet
  facet normal -1.000000000e+00 -4.801954105e-07 7.595903639e-07
    outer loop
      vertex 3.999999166e-02 1.084879693e-02 -3.325499967e-02
      vertex 3.999999538e-02 4.733450711e-03 -3.475366905e-02
      vertex 4.000000283e-02 2.096021548e-02 -1.495920401e-02
    endloop
  endfacet
  facet normal -1.000000000e+00 -7.826107549e-07 1.007499236e-06
    outer loop
      vertex 4.000000283e-02 2.096021548e-02 -1.495920401e-02
      vertex 3.999999538e-02 4.733450711e-03 -3.475366905e-02
      vertex 3.999999911e-02 -1.562386751e-03 -3.467690572e-02
    endloop
  endfacet
  facet normal -1.000000000e+00 -7.310592309e-07 9.486143426e-07
    outer loop
      vertex 4.000000283e-02 2.096021548e-02 -1.495920401e-02
      vertex 3.999999911e-02 -1.562386751e-03 -3.467690572e-02
      vertex 4.000000656e-02 -7.639375515e-03 -3.302957863e-02
    endloop
  endfacet
  facet normal 3.099712274e-07 -1.000000000e+00 -2.197514505e-06
    outer loop
      vertex 4.000000656e-02 -1.311213616e-02 1.008382440e-02
      vertex 4.000000283e-02 -1.311204862e-02 -2.991617471e-02
      vertex 4.713374004e-02 -1.311213430e-02 1.008382905e-02
    endloop
  endfacet
  facet normal -2.097136473e-07 -1.000000000e+00 -2.104832220e-06
    outer loop
      vertex 4.713374004e-02 -1.311213430e-02 1.008382905e-02
      vertex 4.000000283e-02 -1.311204862e-02 -2.991617471e-02
      vertex 4.714524373e-02 -1.311204955e-02 -2.991617098e-02
    endloop
  endfacet
  facet normal -7.331022527e-03 -2.450452149e-01 -9.694839120e-01
    outer loop
      vertex 9.791681170e-02 -5.276871845e-03 -3.827429935e-02
      vertex 7.093999535e-02 -8.520590141e-03 -3.725042939e-02
      vertex 7.094047964e-02 -1.936223940e-03 -3.891468793e-02
    endloop
  endfacet
  facet normal 3.150788928e-07 -3.010101616e-01 -9.536209106e-01
    outer loop
      vertex 9.791681170e-02 -5.276871845e-03 -3.827429935e-02
      vertex 9.791681170e-02 -8.520586416e-03 -3.725042194e-02
      vertex 7.093999535e-02 -8.520590141e-03 -3.725042939e-02
    endloop
  endfacet
  facet normal 3.149830547e-07 -4.096826017e-01 -9.122281075e-01
    outer loop
      vertex 7.093999535e-02 -8.520590141e-03 -3.725042939e-02
      vertex 9.791681170e-02 -8.520586416e-03 -3.725042194e-02
      vertex 9.791681170e-02 -1.162350457e-02 -3.585689887e-02
    endloop
  endfacet
  facet normal -7.330932189e-03 -4.620186985e-01 -8.868398666e-01
    outer loop
      vertex 7.093999535e-02 -8.520590141e-03 -3.725042939e-02
      vertex 9.791681170e-02 -1.162350457e-02 -3.585689887e-02
      vertex 7.093907148e-02 -1.454366650e-02 -3.411256894e-02
    endloop
  endfacet
  facet normal 1.133111240e-07 -5.128164887e-01 -8.584982157e-01
    outer loop
      vertex 9.791681170e-02 -1.162350457e-02 -3.585689887e-02
      vertex 9.791681170e-02 -1.454366371e-02 -3.411256522e-02
      vertex 7.093907148e-02 -1.454366650e-02 -3.411256894e-02
    endloop
  endfacet
  facet normal 1.197780790e-07 -6.090124249e-01 -7.931606770e-01
    outer loop
      vertex 7.093907148e-02 -1.454366650e-02 -3.411256894e-02
      vertex 9.791681170e-02 -1.454366371e-02 -3.411256522e-02
      vertex 9.791683406e-02 -1.724157669e-02 -3.204102814e-02
    endloop
  endfacet
  facet normal -7.330866531e-03 -6.540828943e-01 -7.563873529e-01
    outer loop
      vertex 7.093907148e-02 -1.454366650e-02 -3.411256894e-02
      vertex 9.791683406e-02 -1.724157669e-02 -3.204102814e-02
      vertex 7.093780488e-02 -1.968075149e-02 -2.967028320e-02
    endloop
  endfacet
  facet normal 1.711744346e-07 -6.969774961e-01 -7.170929909e-01
    outer loop
      vertex 9.791683406e-02 -1.724157669e-02 -3.204102814e-02
      vertex 9.791681916e-02 -1.968074776e-02 -2.967027947e-02
      vertex 7.093780488e-02 -1.968075149e-02 -2.967028320e-02
    endloop
  endfacet
  facet normal 1.687787829e-07 -7.755132914e-01 -6.313312650e-01
    outer loop
      vertex 7.093780488e-02 -1.968075149e-02 -2.967028320e-02
      vertex 9.791681916e-02 -1.968074776e-02 -2.967027947e-02
      vertex 9.791681916e-02 -2.182820439e-02 -2.703239210e-02
    endloop
  endfacet
  facet normal -7.330271881e-03 -8.108872771e-01 -5.851564407e-01
    outer loop
      vertex 7.093780488e-02 -1.968075149e-02 -2.967028320e-02
      vertex 9.791681916e-02 -2.182820439e-02 -2.703239210e-02
      vertex 7.093621790e-02 -2.365490049e-02 -2.416303940e-02
    endloop
  endfacet
  facet normal -1.977529429e-08 -8.435621858e-01 -5.370314717e-01
    outer loop
      vertex 9.791681916e-02 -2.182820439e-02 -2.703239210e-02
      vertex 9.791682661e-02 -2.365490235e-02 -2.416303940e-02
      vertex 7.093621790e-02 -2.365490049e-02 -2.416303940e-02
    endloop
  endfacet
  facet normal -2.173021940e-08 -9.002048373e-01 -4.354667366e-01
    outer loop
      vertex 7.093621790e-02 -2.365490049e-02 -2.416303940e-02
      vertex 9.791682661e-02 -2.365490235e-02 -2.416303940e-02
      vertex 9.791681916e-02 -2.513613179e-02 -2.110101469e-02
    endloop
  endfacet
  facet normal -7.329815533e-03 -9.239759445e-01 -3.823803663e-01
    outer loop
      vertex 7.093621790e-02 -2.365490049e-02 -2.416303940e-02
      vertex 9.791681916e-02 -2.513613179e-02 -2.110101469e-02
      vertex 7.093439996e-02 -2.625187114e-02 -1.788773946e-02
    endloop
  endfacet
  facet normal -1.030424279e-08 -9.446718097e-01 -3.280169666e-01
    outer loop
      vertex 9.791681916e-02 -2.513613179e-02 -2.110101469e-02
      vertex 9.791681916e-02 -2.625187300e-02 -1.788773760e-02
      vertex 7.093439996e-02 -2.625187114e-02 -1.788773946e-02
    endloop
  endfacet
  facet normal -1.608031752e-08 -9.763649106e-01 -2.161286771e-01
    outer loop
      vertex 7.093439996e-02 -2.625187114e-02 -1.788773946e-02
      vertex 9.791681916e-02 -2.625187300e-02 -1.788773760e-02
      vertex 9.791683406e-02 -2.698702738e-02 -1.456666645e-02
    endloop
  endfacet
  facet normal -7.329499349e-03 -9.872530699e-01 -1.589896679e-01
    outer loop
      vertex 7.093439996e-02 -2.625187114e-02 -1.788773946e-02
      vertex 9.791683406e-02 -2.698702738e-02 -1.456666645e-02
      vertex 7.093247771e-02 -2.733165398e-02 -1.118269470e-02
    endloop
  endfacet
  facet normal -1.230398339e-09 -9.948541522e-01 -1.013171300e-01
    outer loop
      vertex 9.791683406e-02 -2.698702738e-02 -1.456666645e-02
      vertex 9.791681170e-02 -2.733165398e-02 -1.118268818e-02
      vertex 7.093247771e-02 -2.733165398e-02 -1.118269470e-02
    endloop
  endfacet
  facet normal -2.978634051e-08 -9.998895526e-01 1.486243680e-02
    outer loop
      vertex 7.093247771e-02 -2.733165398e-02 -1.118269470e-02
      vertex 9.791681170e-02 -2.733165398e-02 -1.118268818e-02
      vertex 9.791681170e-02 -2.728109993e-02 -7.781593129e-03
    endloop
  endfacet
  facet normal -7.328931708e-03 -9.973071218e-01 7.297155261e-02
    outer loop
      vertex 7.093247771e-02 -2.733165398e-02 -1.118269470e-02
      vertex 9.791681170e-02 -2.728109993e-02 -7.781593129e-03
      vertex 7.093053311e-02 -2.683604509e-02 -4.409367219e-03
    endloop
  endfacet
  facet normal -5.545319226e-08 -9.914032817e-01 1.308418065e-01
    outer loop
      vertex 9.791681170e-02 -2.728109993e-02 -7.781593129e-03
      vertex 9.791681170e-02 -2.683604509e-02 -4.409361165e-03
      vertex 7.093053311e-02 -2.683604509e-02 -4.409367219e-03
    endloop
  endfacet
  facet normal -8.074116664e-08 -9.695097804e-01 2.450526655e-01
    outer loop
      vertex 7.093053311e-02 -2.683604509e-02 -4.409367219e-03
      vertex 9.791681170e-02 -2.683604509e-02 -4.409361165e-03
      vertex 9.791681916e-02 -2.600250579e-02 -1.111602294e-03
    endloop
  endfacet
  facet normal -7.328400388e-03 -9.535961151e-01 3.009994924e-01
    outer loop
      vertex 7.093053311e-02 -2.683604509e-02 -4.409367219e-03
      vertex 9.791681916e-02 -2.600250579e-02 -1.111602294e-03
      vertex 7.092867047e-02 -2.479175851e-02 2.067090245e-03
    endloop
  endfacet
  facet normal 7.971986804e-08 -9.345053434e-01 3.559491038e-01
    outer loop
      vertex 9.791681916e-02 -2.600250579e-02 -1.111602294e-03
      vertex 9.791681170e-02 -2.479175478e-02 2.067092340e-03
      vertex 7.092867047e-02 -2.479175851e-02 2.067090245e-03
    endloop
  endfacet
  facet normal 6.692478394e-08 -8.868632317e-01 4.620320201e-01
    outer loop
      vertex 7.092867047e-02 -2.479175851e-02 2.067090245e-03
      vertex 9.791681170e-02 -2.479175478e-02 2.067092340e-03
      vertex 9.791683406e-02 -2.322016843e-02 5.083728116e-03
    endloop
  endfacet
  facet normal -7.327747066e-03 -8.584762216e-01 5.128009915e-01
    outer loop
      vertex 7.092867047e-02 -2.479175851e-02 2.067090245e-03
      vertex 9.791683406e-02 -2.322016843e-02 5.083728116e-03
      vertex 7.092698663e-02 -2.130899765e-02 7.897527888e-03
    endloop
  endfacet
  facet normal 3.435492246e-08 -8.272289038e-01 5.618650913e-01
    outer loop
      vertex 9.791683406e-02 -2.322016843e-02 5.083728116e-03
      vertex 9.791681916e-02 -2.130899951e-02 7.897525094e-03
      vertex 7.092698663e-02 -2.130899765e-02 7.897527888e-03
    endloop
  endfacet
  facet normal 4.534022580e-08 -7.564067841e-01 6.541015506e-01
    outer loop
      vertex 7.092698663e-02 -2.130899765e-02 7.897527888e-03
      vertex 9.791681916e-02 -2.130899951e-02 7.897525094e-03
      vertex 9.791682661e-02 -1.908409037e-02 1.047042385e-02
    endloop
  endfacet
  facet normal -7.327526808e-03 -7.170757055e-01 6.969567537e-01
    outer loop
      vertex 7.092698663e-02 -2.130899765e-02 7.897527888e-03
      vertex 9.791682661e-02 -1.908409037e-02 1.047042385e-02
      vertex 7.092559338e-02 -1.657552831e-02 1.276762504e-02
    endloop
  endfacet
  facet normal -2.675896127e-08 -6.753550172e-01 7.374927402e-01
    outer loop
      vertex 9.791682661e-02 -1.908409037e-02 1.047042385e-02
      vertex 9.791681916e-02 -1.657552831e-02 1.276762504e-02
      vertex 7.092559338e-02 -1.657552831e-02 1.276762504e-02
    endloop
  endfacet
  facet normal -2.536144095e-08 -5.851711035e-01 8.109098077e-01
    outer loop
      vertex 7.092559338e-02 -1.657552831e-02 1.276762504e-02
      vertex 9.791681916e-02 -1.657552831e-02 1.276762504e-02
      vertex 9.791681916e-02 -1.381723862e-02 1.475807000e-02
    endloop
  endfacet
  facet normal -7.327223197e-03 -5.370171666e-01 8.435394764e-01
    outer loop
      vertex 7.092559338e-02 -1.657552831e-02 1.276762504e-02
      vertex 9.791681916e-02 -1.381723862e-02 1.475807000e-02
      vertex 7.092454284e-02 -1.084652543e-02 1.641483419e-02
    endloop
  endfacet
  facet normal 1.868268740e-08 -4.870726466e-01 8.733614683e-01
    outer loop
      vertex 9.791681916e-02 -1.381723862e-02 1.475807000e-02
      vertex 9.791682661e-02 -1.084652543e-02 1.641483232e-02
      vertex 7.092454284e-02 -1.084652543e-02 1.641483419e-02
    endloop
  endfacet
  facet normal 2.318833481e-08 -3.823887408e-01 9.240015149e-01
    outer loop
      vertex 7.092454284e-02 -1.084652543e-02 1.641483419e-02
      vertex 9.791682661e-02 -1.084652543e-02 1.641483232e-02
      vertex 9.791682661e-02 -7.703562267e-03 1.771551743e-02
    endloop
  endfacet
  facet normal -7.326855324e-03 -3.280080259e-01 9.446465373e-01
    outer loop
      vertex 7.092454284e-02 -1.084652543e-02 1.641483419e-02
      vertex 9.791682661e-02 -7.703562267e-03 1.771551743e-02
      vertex 7.092390954e-02 -4.430846311e-03 1.864253543e-02
    endloop
  endfacet
  facet normal -1.084935377e-07 -2.725348175e-01 9.621459246e-01
    outer loop
      vertex 9.791682661e-02 -7.703562267e-03 1.771551743e-02
      vertex 9.791681170e-02 -4.430846777e-03 1.864253730e-02
      vertex 7.092390954e-02 -4.430846311e-03 1.864253543e-02
    endloop
  endfacet
  facet normal -1.082249170e-07 -1.589926928e-01 9.872797728e-01
    outer loop
      vertex 7.092390954e-02 -4.430846311e-03 1.864253543e-02
      vertex 9.791681170e-02 -4.430846777e-03 1.864253730e-02
      vertex 9.791681170e-02 -1.072639483e-03 1.918334700e-02
    endloop
  endfacet
  facet normal -7.326945662e-03 -1.013158485e-01 9.948273301e-01
    outer loop
      vertex 7.092390954e-02 -4.430846311e-03 1.864253543e-02
      vertex 9.791681170e-02 -1.072639483e-03 1.918334700e-02
      vertex 7.092371583e-02 2.325641690e-03 1.933063194e-02
    endloop
  endfacet
  facet normal 1.468140169e-07 -4.329911619e-02 9.990621805e-01
    outer loop
      vertex 9.791681170e-02 -1.072639483e-03 1.918334700e-02
      vertex 9.791682661e-02 2.325640991e-03 1.933062822e-02
      vertex 7.092371583e-02 2.325641690e-03 1.933063194e-02
    endloop
  endfacet
  facet normal 1.495468354e-07 7.297606021e-02 9.973337054e-01
    outer loop
      vertex 7.092371583e-02 2.325641690e-03 1.933063194e-02
      vertex 9.791682661e-02 2.325640991e-03 1.933062822e-02
      vertex 9.791682661e-02 5.718043074e-03 1.908240095e-02
    endloop
  endfacet
  facet normal -7.326725405e-03 1.308396012e-01 9.913764596e-01
    outer loop
      vertex 7.092371583e-02 2.325641690e-03 1.933063194e-02
      vertex 9.791682661e-02 5.718043074e-03 1.908240095e-02
      vertex 7.092399150e-02 9.058690630e-03 1.844202168e-02
    endloop
  endfacet
  facet normal 9.564860903e-09 1.882657409e-01 9.821181297e-01
    outer loop
      vertex 9.791682661e-02 5.718043074e-03 1.908240095e-02
      vertex 9.791682661e-02 9.058689699e-03 1.844202168e-02
      vertex 7.092399150e-02 9.058690630e-03 1.844202168e-02
    endloop
  endfacet
  facet normal 1.232736402e-08 3.010101020e-01 9.536209702e-01
    outer loop
      vertex 7.092399150e-02 9.058690630e-03 1.844202168e-02
      vertex 9.791682661e-02 9.058689699e-03 1.844202168e-02
      vertex 9.791683406e-02 1.230240520e-02 1.741814427e-02
    endloop
  endfacet
  facet normal -7.326875348e-03 3.559396565e-01 9.344801903e-01
    outer loop
      vertex 7.092399150e-02 9.058690630e-03 1.844202168e-02
      vertex 9.791683406e-02 1.230240520e-02 1.741814427e-02
      vertex 7.092469186e-02 1.540532801e-02 1.602461934e-02
    endloop
  endfacet
  facet normal 6.385398166e-08 4.096828103e-01 9.122280478e-01
    outer loop
      vertex 9.791683406e-02 1.230240520e-02 1.741814427e-02
      vertex 9.791682661e-02 1.540532708e-02 1.602461748e-02
      vertex 7.092469186e-02 1.540532801e-02 1.602461934e-02
    endloop
  endfacet
  facet normal 6.337053549e-08 5.128164887e-01 8.584982753e-01
    outer loop
      vertex 7.092469186e-02 1.540532801e-02 1.602461934e-02
      vertex 9.791682661e-02 1.540532708e-02 1.602461748e-02
      vertex 9.791682661e-02 1.832548529e-02 1.428028569e-02
    endloop
  endfacet
  facet normal -7.327111904e-03 5.618518591e-01 8.272054195e-01
    outer loop
      vertex 7.092469186e-02 1.540532801e-02 1.602461934e-02
      vertex 9.791682661e-02 1.832548529e-02 1.428028569e-02
      vertex 7.092578709e-02 2.102339454e-02 1.220874302e-02
    endloop
  endfacet
  facet normal -1.954361011e-07 6.090126634e-01 7.931604981e-01
    outer loop
      vertex 9.791682661e-02 1.832548529e-02 1.428028569e-02
      vertex 9.791681170e-02 2.102339454e-02 1.220874954e-02
      vertex 7.092578709e-02 2.102339454e-02 1.220874302e-02
    endloop
  endfacet
  facet normal -1.729148948e-07 6.969776750e-01 7.170928717e-01
    outer loop
      vertex 7.092578709e-02 2.102339454e-02 1.220874302e-02
      vertex 9.791681170e-02 2.102339454e-02 1.220874954e-02
      vertex 9.791681916e-02 2.346256748e-02 9.837999009e-03
    endloop
  endfacet
  facet normal -7.327488624e-03 7.374737859e-01 6.753360033e-01
    outer loop
      vertex 7.092578709e-02 2.102339454e-02 1.220874302e-02
      vertex 9.791681916e-02 2.346256748e-02 9.837999009e-03
      vertex 7.092723250e-02 2.561002783e-02 7.200109772e-03
    endloop
  endfacet
  facet normal -8.615135272e-08 7.755124569e-01 6.313322783e-01
    outer loop
      vertex 9.791681916e-02 2.346256748e-02 9.837999009e-03
      vertex 9.791681916e-02 2.561002597e-02 7.200113963e-03
      vertex 7.092723250e-02 2.561002783e-02 7.200109772e-03
    endloop
  endfacet
  facet normal -6.852326351e-08 8.435623646e-01 5.370312333e-01
    outer loop
      vertex 7.092723250e-02 2.561002783e-02 7.200109772e-03
      vertex 9.791681916e-02 2.561002597e-02 7.200113963e-03
      vertex 9.791681170e-02 2.743672393e-02 4.330758937e-03
    endloop
  endfacet
  facet normal -7.328092586e-03 8.733384609e-01 4.870587885e-01
    outer loop
      vertex 7.092723250e-02 2.561002783e-02 7.200109772e-03
      vertex 9.791681170e-02 2.743672393e-02 4.330758937e-03
      vertex 7.092893869e-02 2.891795337e-02 1.268736902e-03
    endloop
  endfacet
  facet normal 4.462829750e-08 9.002047777e-01 4.354668260e-01
    outer loop
      vertex 9.791681170e-02 2.743672393e-02 4.330758937e-03
      vertex 9.791682661e-02 2.891795337e-02 1.268735505e-03
      vertex 7.092893869e-02 2.891795337e-02 1.268736902e-03
    endloop
  endfacet
  facet normal 4.053991987e-08 9.446725249e-01 3.280149102e-01
    outer loop
      vertex 7.092893869e-02 2.891795337e-02 1.268736902e-03
      vertex 9.791682661e-02 2.891795337e-02 1.268735505e-03
      vertex 9.791682661e-02 3.003368713e-02 -1.944541582e-03
    endloop
  endfacet
  facet normal -7.328273728e-03 9.621210694e-01 2.725239992e-01
    outer loop
      vertex 7.092893869e-02 2.891795337e-02 1.268736902e-03
      vertex 9.791682661e-02 3.003368713e-02 -1.944541582e-03
      vertex 7.093081623e-02 3.076884523e-02 -5.265616346e-03
    endloop
  endfacet
  facet normal 8.581208277e-08 9.763647914e-01 2.161290646e-01
    outer loop
      vertex 9.791682661e-02 3.003368713e-02 -1.944541582e-03
      vertex 9.791683406e-02 3.076884523e-02 -5.265623797e-03
      vertex 7.093081623e-02 3.076884523e-02 -5.265616346e-03
    endloop
  endfacet
  facet normal 5.422883120e-08 9.948541522e-01 1.013174951e-01
    outer loop
      vertex 7.093081623e-02 3.076884523e-02 -5.265616346e-03
      vertex 9.791683406e-02 3.076884523e-02 -5.265623797e-03
      vertex 9.791682661e-02 3.111347370e-02 -8.649589494e-03
    endloop
  endfacet
  facet normal -7.328828797e-03 9.990352988e-01 4.329801351e-02
    outer loop
      vertex 7.093081623e-02 3.076884523e-02 -5.265616346e-03
      vertex 9.791682661e-02 3.111347370e-02 -8.649589494e-03
      vertex 7.093276829e-02 3.106292337e-02 -1.205068361e-02
    endloop
  endfacet
  facet normal 2.474721938e-08 9.998895526e-01 -1.486133412e-02
    outer loop
      vertex 9.791682661e-02 3.111347370e-02 -8.649589494e-03
      vertex 9.791682661e-02 3.106292337e-02 -1.205068640e-02
      vertex 7.093276829e-02 3.106292337e-02 -1.205068361e-02
    endloop
  endfacet
  facet normal 1.346814926e-08 9.914031029e-01 -1.308429539e-01
    outer loop
      vertex 7.093276829e-02 3.106292337e-02 -1.205068361e-02
      vertex 9.791682661e-02 3.106292337e-02 -1.205068640e-02
      vertex 9.791682661e-02 3.061786480e-02 -1.542291697e-02
    endloop
  endfacet
  facet normal -7.329459768e-03 9.820912480e-01 -1.882632524e-01
    outer loop
      vertex 7.093276829e-02 3.106292337e-02 -1.205068361e-02
      vertex 9.791682661e-02 3.061786480e-02 -1.542291697e-02
      vertex 7.093468308e-02 2.978432551e-02 -1.872067340e-02
    endloop
  endfacet
  facet normal -3.601117182e-09 9.695097804e-01 -2.450525463e-01
    outer loop
      vertex 9.791682661e-02 3.061786480e-02 -1.542291697e-02
      vertex 9.791682661e-02 2.978432551e-02 -1.872067712e-02
      vertex 7.093468308e-02 2.978432551e-02 -1.872067340e-02
    endloop
  endfacet
  facet normal -1.767359592e-08 9.345057607e-01 -3.559480608e-01
    outer loop
      vertex 7.093468308e-02 2.978432551e-02 -1.872067340e-02
      vertex 9.791682661e-02 2.978432551e-02 -1.872067712e-02
      vertex 9.791682661e-02 2.857357822e-02 -2.189937234e-02
    endloop
  endfacet
  facet normal -7.330018096e-03 9.122028947e-01 -4.096731842e-01
    outer loop
      vertex 7.093468308e-02 2.978432551e-02 -1.872067340e-02
      vertex 9.791682661e-02 2.857357822e-02 -2.189937234e-02
      vertex 7.093647867e-02 2.700199187e-02 -2.491601929e-02
    endloop
  endfacet
  facet normal 1.883527112e-08 8.868638873e-01 -4.620308280e-01
    outer loop
      vertex 9.791682661e-02 2.857357822e-02 -2.189937234e-02
      vertex 9.791683406e-02 2.700199001e-02 -2.491601929e-02
      vertex 7.093647867e-02 2.700199187e-02 -2.491601929e-02
    endloop
  endfacet
  facet normal 1.628264279e-08 8.272279501e-01 -5.618664622e-01
    outer loop
      vertex 7.093647867e-02 2.700199187e-02 -2.491601929e-02
      vertex 9.791683406e-02 2.700199001e-02 -2.491601929e-02
      vertex 9.791681916e-02 2.509082109e-02 -2.772980556e-02
    endloop
  endfacet
  facet normal -7.330376189e-03 7.931367755e-01 -6.089994907e-01
    outer loop
      vertex 7.093647867e-02 2.700199187e-02 -2.491601929e-02
      vertex 9.791681916e-02 2.509082109e-02 -2.772980556e-02
      vertex 7.093802094e-02 2.286590822e-02 -3.030270711e-02
    endloop
  endfacet
  facet normal 1.634499682e-07 7.564058304e-01 -6.541026235e-01
    outer loop
      vertex 9.791681916e-02 2.509082109e-02 -2.772980556e-02
      vertex 9.791681916e-02 2.286590822e-02 -3.030270152e-02
      vertex 7.093802094e-02 2.286590822e-02 -3.030270711e-02
    endloop
  endfacet
  facet normal 1.795956450e-07 6.753560901e-01 -7.374918461e-01
    outer loop
      vertex 7.093802094e-02 2.286590822e-02 -3.030270711e-02
      vertex 9.791681916e-02 2.286590822e-02 -3.030270152e-02
      vertex 9.791681916e-02 2.035735175e-02 -3.259990364e-02
    endloop
  endfacet
  facet normal -7.330861408e-03 6.313128471e-01 -7.754936218e-01
    outer loop
      vertex 7.093802094e-02 2.286590822e-02 -3.030270711e-02
      vertex 9.791681916e-02 2.035735175e-02 -3.259990364e-02
      vertex 7.093924284e-02 1.759905741e-02 -3.459034860e-02
    endloop
  endfacet
  facet normal 2.362329532e-08 5.851703286e-01 -8.109104037e-01
    outer loop
      vertex 9.791681916e-02 2.035735175e-02 -3.259990364e-02
      vertex 9.791682661e-02 1.759905741e-02 -3.459034860e-02
      vertex 7.093924284e-02 1.759905741e-02 -3.459034860e-02
    endloop
  endfacet
  facet normal 2.164898838e-08 4.870731533e-01 -8.733611703e-01
    outer loop
      vertex 7.093924284e-02 1.759905741e-02 -3.459034860e-02
      vertex 9.791682661e-02 1.759905741e-02 -3.459034860e-02
      vertex 9.791681916e-02 1.462834794e-02 -3.624711186e-02
    endloop
  endfacet
  facet normal -7.331026252e-03 4.354556203e-01 -9.001803398e-01
    outer loop
      vertex 7.093924284e-02 1.759905741e-02 -3.459034860e-02
      vertex 9.791681916e-02 1.462834794e-02 -3.624711186e-02
      vertex 7.094009221e-02 1.148538198e-02 -3.754780069e-02
    endloop
  endfacet
  facet normal 2.118503062e-07 3.823883533e-01 -9.240016937e-01
    outer loop
      vertex 9.791681916e-02 1.462834794e-02 -3.624711186e-02
      vertex 9.791681170e-02 1.148538105e-02 -3.754779696e-02
      vertex 7.094009221e-02 1.148538198e-02 -3.754780069e-02
    endloop
  endfacet
  facet normal 2.172610039e-07 2.725351155e-01 -9.621458650e-01
    outer loop
      vertex 7.094009221e-02 1.148538198e-02 -3.754780069e-02
      vertex 9.791681170e-02 1.148538105e-02 -3.754779696e-02
      vertex 9.791682661e-02 8.212668821e-03 -3.847481683e-02
    endloop
  endfacet
  facet normal -7.331382949e-03 2.161215246e-01 -9.763389230e-01
    outer loop
      vertex 7.094009221e-02 1.148538198e-02 -3.754780069e-02
      vertex 9.791682661e-02 8.212668821e-03 -3.847481683e-02
      vertex 7.094049454e-02 4.854462575e-03 -3.901562095e-02
    endloop
  endfacet
  facet normal -1.794136750e-07 1.589922011e-01 -9.872798324e-01
    outer loop
      vertex 7.094049454e-02 4.854462575e-03 -3.901562095e-02
      vertex 9.791682661e-02 8.212668821e-03 -3.847481683e-02
      vertex 9.791682661e-02 4.854461644e-03 -3.901562467e-02
    endloop
  endfacet
  facet normal -1.843663284e-07 5.210058391e-02 -9.986418486e-01
    outer loop
      vertex 7.094049454e-02 4.854462575e-03 -3.901562095e-02
      vertex 9.791682661e-02 4.854461644e-03 -3.901562467e-02
      vertex 7.094055414e-02 1.971385907e-03 -3.916603327e-02
    endloop
  endfacet
  facet normal 9.427758050e-04 4.329942539e-02 -9.990617037e-01
    outer loop
      vertex 7.094055414e-02 1.971385907e-03 -3.916603327e-02
      vertex 9.791682661e-02 4.854461644e-03 -3.901562467e-02
      vertex 9.791681170e-02 1.456177561e-03 -3.916290775e-02
    endloop
  endfacet
  facet normal -1.110243145e-03 -6.418960541e-02 -9.979370832e-01
    outer loop
      vertex 7.094055414e-02 1.971385907e-03 -3.916603327e-02
      vertex 9.791681170e-02 1.456177561e-03 -3.916290775e-02
      vertex 7.094047964e-02 -1.936223940e-03 -3.891468793e-02
    endloop
  endfacet
  facet normal 2.464886109e-07 -7.297606021e-02 -9.973337054e-01
    outer loop
      vertex 7.094047964e-02 -1.936223940e-03 -3.891468793e-02
      vertex 9.791681170e-02 1.456177561e-03 -3.916290775e-02
      vertex 9.791681170e-02 -1.936224638e-03 -3.891468048e-02
    endloop
  endfacet
  facet normal 2.396361651e-07 -1.882658601e-01 -9.821181297e-01
    outer loop
      vertex 7.094047964e-02 -1.936223940e-03 -3.891468793e-02
      vertex 9.791681170e-02 -1.936224638e-03 -3.891468048e-02
      vertex 9.791681170e-02 -5.276871845e-03 -3.827429935e-02
    endloop
  endfacet
  facet normal 1.000000000e+00 -5.202122111e-07 -1.030012641e-06
    outer loop
      vertex 1.000000164e-01 2.185160527e-03 1.008164696e-02
      vertex 1.000000089e-01 -3.460907843e-03 9.355340153e-03
      vertex 9.999999404e-02 1.887907623e-03 -9.916137904e-03
    endloop
  endfacet
  facet normal 1.000000000e+00 -7.582608532e-07 -6.574681493e-07
    outer loop
      vertex 1.000000089e-01 1.719588973e-02 2.954974538e-03
      vertex 1.000000089e-01 1.294959337e-02 6.746362429e-03
      vertex 9.999999404e-02 1.887907623e-03 -9.916137904e-03
    endloop
  endfacet
  facet normal 1.000000000e+00 -1.573479722e-06 -1.162711527e-07
    outer loop
      vertex 9.999999404e-02 1.887907623e-03 -9.916137904e-03
      vertex 1.000000089e-01 1.294959337e-02 6.746362429e-03
      vertex 1.000000015e-01 7.807149086e-03 9.187852964e-03
    endloop
  endfacet
  facet normal 1.000000000e+00 1.471095175e-06 -1.059611918e-06
    outer loop
      vertex 9.999999404e-02 1.887907623e-03 -9.916137904e-03
      vertex 1.000000015e-01 7.807149086e-03 9.187852964e-03
      vertex 1.000000164e-01 2.185160527e-03 1.008164696e-02
    endloop
  endfacet
  facet normal 1.000000000e+00 9.956796276e-08 4.949159802e-07
    outer loop
      vertex 9.999999404e-02 2.163984999e-02 -1.305634715e-02
      vertex 9.999998659e-02 2.172445506e-02 -7.364379708e-03
      vertex 9.999999404e-02 1.887907623e-03 -9.916137904e-03
    endloop
  endfacet
  facet normal 1.000000000e+00 3.590109827e-07 -1.521910576e-06
    outer loop
      vertex 9.999999404e-02 1.887907623e-03 -9.916137904e-03
      vertex 9.999998659e-02 2.172445506e-02 -7.364379708e-03
      vertex 1.000000015e-01 2.020202205e-02 -1.879147021e-03
    endloop
  endfacet
  facet normal 1.000000000e+00 7.852651152e-07 -2.493227612e-06
    outer loop
      vertex 9.999999404e-02 1.887907623e-03 -9.916137904e-03
      vertex 1.000000015e-01 2.020202205e-02 -1.879147021e-03
      vertex 1.000000089e-01 1.719588973e-02 2.954974538e-03
    endloop
  endfacet
  facet normal 1.000000000e+00 -1.369252573e-06 -5.844003681e-07
    outer loop
      vertex 9.999999404e-02 1.244946849e-02 -2.690005861e-02
      vertex 1.000000015e-01 1.680657268e-02 -2.323655784e-02
      vertex 9.999999404e-02 1.887907623e-03 -9.916137904e-03
    endloop
  endfacet
  facet normal 1.000000000e+00 9.421829361e-08 1.054664608e-06
    outer loop
      vertex 9.999999404e-02 1.887907623e-03 -9.916137904e-03
      vertex 1.000000015e-01 1.680657268e-02 -2.323655784e-02
      vertex 1.000000015e-01 1.995505206e-02 -1.849391311e-02
    endloop
  endfacet
  facet normal 1.000000000e+00 2.360528271e-07 1.353407015e-06
    outer loop
      vertex 9.999999404e-02 1.887907623e-03 -9.916137904e-03
      vertex 1.000000015e-01 1.995505206e-02 -1.849391311e-02
      vertex 9.999999404e-02 2.163984999e-02 -1.305634715e-02
    endloop
  endfacet
  facet normal 1.000000000e+00 1.640454116e-06 3.791893164e-07
    outer loop
      vertex 1.000000089e-01 -4.031330347e-03 -2.902013808e-02
      vertex 1.000000015e-01 1.590654836e-03 -2.991393209e-02
      vertex 9.999999404e-02 1.887907623e-03 -9.916137904e-03
    endloop
  endfacet
  facet normal 1.000000000e+00 -5.282442999e-07 4.114254750e-07
    outer loop
      vertex 9.999999404e-02 1.887907623e-03 -9.916137904e-03
      vertex 1.000000015e-01 1.590654836e-03 -2.991393209e-02
      vertex 1.000000015e-01 7.236722857e-03 -2.918762714e-02
    endloop
  endfacet
  facet normal 1.000000000e+00 8.450680298e-07 7.925892760e-07
    outer loop
      vertex 9.999999404e-02 1.887907623e-03 -9.916137904e-03
      vertex 1.000000015e-01 7.236722857e-03 -2.918762714e-02
      vertex 9.999999404e-02 1.244946849e-02 -2.690005861e-02
    endloop
  endfacet
  facet normal 1.000000000e+00 -1.184583311e-06 2.037060085e-06
    outer loop
      vertex 9.999998659e-02 -1.642620377e-02 -1.795312762e-02
      vertex 1.000000015e-01 -1.342007052e-02 -2.278725989e-02
      vertex 9.999999404e-02 1.887907623e-03 -9.916137904e-03
    endloop
  endfacet
  facet normal 1.000000000e+00 1.127239457e-07 4.941369411e-07
    outer loop
      vertex 9.999999404e-02 1.887907623e-03 -9.916137904e-03
      vertex 1.000000015e-01 -1.342007052e-02 -2.278725989e-02
      vertex 1.000000015e-01 -9.173777886e-03 -2.657864615e-02
    endloop
  endfacet
  facet normal 1.000000000e+00 -8.996615293e-07 1.166226070e-06
    outer loop
      vertex 9.999999404e-02 1.887907623e-03 -9.916137904e-03
      vertex 1.000000015e-01 -9.173777886e-03 -2.657864615e-02
      vertex 1.000000089e-01 -4.031330347e-03 -2.902013808e-02
    endloop
  endfacet
  facet normal 1.000000000e+00 -5.485049996e-07 -3.581466217e-06
    outer loop
      vertex 1.000000164e-01 -1.617924124e-02 -1.338373520e-03
      vertex 9.999999404e-02 -1.786402985e-02 -6.775929127e-03
      vertex 9.999999404e-02 1.887907623e-03 -9.916137904e-03
    endloop
  endfacet
  facet normal 1.000000000e+00 1.181737801e-07 6.119482236e-07
    outer loop
      vertex 9.999999404e-02 1.887907623e-03 -9.916137904e-03
      vertex 9.999999404e-02 -1.786402985e-02 -6.775929127e-03
      vertex 9.999999404e-02 -1.794863679e-02 -1.246789470e-02
    endloop
  endfacet
  facet normal 1.000000000e+00 3.990708990e-07 -1.571656526e-06
    outer loop
      vertex 9.999999404e-02 1.887907623e-03 -9.916137904e-03
      vertex 9.999999404e-02 -1.794863679e-02 -1.246789470e-02
      vertex 9.999998659e-02 -1.642620377e-02 -1.795312762e-02
    endloop
  endfacet
  facet normal 1.000000000e+00 -3.290824225e-06 -1.798998369e-06
    outer loop
      vertex 1.000000089e-01 -3.460907843e-03 9.355340153e-03
      vertex 9.999998659e-02 -8.673649281e-03 7.067782804e-03
      vertex 9.999999404e-02 1.887907623e-03 -9.916137904e-03
    endloop
  endfacet
  facet normal 1.000000000e+00 2.784266144e-06 1.978834462e-06
    outer loop
      vertex 9.999999404e-02 1.887907623e-03 -9.916137904e-03
      vertex 9.999998659e-02 -8.673649281e-03 7.067782804e-03
      vertex 1.000000089e-01 -1.303075440e-02 3.404271323e-03
    endloop
  endfacet
  facet normal 1.000000000e+00 1.304543275e-06 3.215666879e-07
    outer loop
      vertex 9.999999404e-02 1.887907623e-03 -9.916137904e-03
      vertex 1.000000089e-01 -1.303075440e-02 3.404271323e-03
      vertex 1.000000164e-01 -1.617924124e-02 -1.338373520e-03
    endloop
  endfacet
  facet normal -1.104850639e-06 -1.570098251e-01 -9.875970483e-01
    outer loop
      vertex 9.891682118e-02 1.590657048e-03 -2.991393022e-02
      vertex 1.000000089e-01 -4.031330347e-03 -2.902013808e-02
      vertex 9.891682863e-02 -4.031331744e-03 -2.902013622e-02
    endloop
  endfacet
  facet normal -6.242413519e-07 -4.288889170e-01 -9.033572674e-01
    outer loop
      vertex 9.891682863e-02 -4.031331744e-03 -2.902013622e-02
      vertex 1.000000089e-01 -4.031330347e-03 -2.902013808e-02
      vertex 1.000000015e-01 -9.173777886e-03 -2.657864615e-02
    endloop
  endfacet
  facet normal -9.867849258e-07 -4.288889766e-01 -9.033572078e-01
    outer loop
      vertex 9.891682863e-02 -4.031331744e-03 -2.902013622e-02
      vertex 1.000000015e-01 -9.173777886e-03 -2.657864615e-02
      vertex 9.891682118e-02 -9.173779748e-03 -2.657864429e-02
    endloop
  endfacet
  facet normal -3.924259886e-07 -6.660209894e-01 -7.459329963e-01
    outer loop
      vertex 9.891682118e-02 -9.173779748e-03 -2.657864429e-02
      vertex 1.000000015e-01 -9.173777886e-03 -2.657864615e-02
      vertex 1.000000015e-01 -1.342007052e-02 -2.278725989e-02
    endloop
  endfacet
  facet normal -9.306142346e-08 -6.660209894e-01 -7.459329963e-01
    outer loop
      vertex 9.891682118e-02 -9.173779748e-03 -2.657864429e-02
      vertex 1.000000015e-01 -1.342007052e-02 -2.278725989e-02
      vertex 9.891682118e-02 -1.342007238e-02 -2.278725803e-02
    endloop
  endfacet
  facet normal 4.456583440e-07 -8.491961360e-01 -5.280775428e-01
    outer loop
      vertex 9.891682118e-02 -1.342007238e-02 -2.278725803e-02
      vertex 1.000000015e-01 -1.342007052e-02 -2.278725989e-02
      vertex 9.999998659e-02 -1.642620377e-02 -1.795312762e-02
    endloop
  endfacet
  facet normal 5.654223969e-06 -8.491956592e-01 -5.280783772e-01
    outer loop
      vertex 9.891682118e-02 -1.342007238e-02 -2.278725803e-02
      vertex 9.999998659e-02 -1.642620377e-02 -1.795312762e-02
      vertex 9.891683608e-02 -1.642620564e-02 -1.795313694e-02
    endloop
  endfacet
  facet normal 3.586106232e-06 -9.635742307e-01 -2.674410045e-01
    outer loop
      vertex 9.891683608e-02 -1.642620564e-02 -1.795313694e-02
      vertex 9.999998659e-02 -1.642620377e-02 -1.795312762e-02
      vertex 9.999999404e-02 -1.794863679e-02 -1.246789470e-02
    endloop
  endfacet
  facet normal 7.336100225e-07 -9.635743499e-01 -2.674404979e-01
    outer loop
      vertex 9.891683608e-02 -1.642620564e-02 -1.795313694e-02
      vertex 9.999999404e-02 -1.794863679e-02 -1.246789470e-02
      vertex 9.891681373e-02 -1.794863679e-02 -1.246789191e-02
    endloop
  endfacet
  facet normal 1.385993642e-06 -9.998895526e-01 1.486243773e-02
    outer loop
      vertex 9.891681373e-02 -1.794863679e-02 -1.246789191e-02
      vertex 9.999999404e-02 -1.794863679e-02 -1.246789470e-02
      vertex 9.999999404e-02 -1.786402985e-02 -6.775929127e-03
    endloop
  endfacet
  facet normal 1.385993642e-06 -9.998895526e-01 1.486243773e-02
    outer loop
      vertex 9.891681373e-02 -1.794863679e-02 -1.246789191e-02
      vertex 9.999999404e-02 -1.786402985e-02 -6.775929127e-03
      vertex 9.891681373e-02 -1.786403172e-02 -6.775926799e-03
    endloop
  endfacet
  facet normal 1.926094001e-06 -9.551996589e-01 2.959620953e-01
    outer loop
      vertex 9.891681373e-02 -1.786403172e-02 -6.775926799e-03
      vertex 9.999999404e-02 -1.786402985e-02 -6.775929127e-03
      vertex 1.000000164e-01 -1.617924124e-02 -1.338373520e-03
    endloop
  endfacet
  facet normal -1.359035764e-06 -9.551994801e-01 2.959626913e-01
    outer loop
      vertex 9.891681373e-02 -1.786403172e-02 -6.775926799e-03
      vertex 1.000000164e-01 -1.617924124e-02 -1.338373520e-03
      vertex 9.891682863e-02 -1.617923751e-02 -1.338371192e-03
    endloop
  endfacet
  facet normal -5.551379445e-07 -8.331251740e-01 5.530844331e-01
    outer loop
      vertex 9.891682863e-02 -1.617923751e-02 -1.338371192e-03
      vertex 1.000000164e-01 -1.617924124e-02 -1.338373520e-03
      vertex 1.000000089e-01 -1.303075440e-02 3.404271323e-03
    endloop
  endfacet
  facet normal 2.310152695e-06 -8.331254721e-01 5.530840158e-01
    outer loop
      vertex 9.891682863e-02 -1.617923751e-02 -1.338371192e-03
      vertex 1.000000089e-01 -1.303075440e-02 3.404271323e-03
      vertex 9.891682863e-02 -1.303075626e-02 3.404273652e-03
    endloop
  endfacet
  facet normal 2.507056934e-06 -6.435569525e-01 7.653982043e-01
    outer loop
      vertex 9.891682863e-02 -1.303075626e-02 3.404273652e-03
      vertex 1.000000089e-01 -1.303075440e-02 3.404271323e-03
      vertex 9.999998659e-02 -8.673649281e-03 7.067782804e-03
    endloop
  endfacet
  facet normal -5.042259545e-06 -6.435558796e-01 7.653991580e-01
    outer loop
      vertex 9.891682863e-02 -1.303075626e-02 3.404273652e-03
      vertex 9.999998659e-02 -8.673649281e-03 7.067782804e-03
      vertex 9.891683608e-02 -8.673651144e-03 7.067774422e-03
    endloop
  endfacet
  facet normal -6.530976862e-06 -4.018481970e-01 9.157062769e-01
    outer loop
      vertex 9.891683608e-02 -8.673651144e-03 7.067774422e-03
      vertex 9.999998659e-02 -8.673649281e-03 7.067782804e-03
      vertex 1.000000089e-01 -3.460907843e-03 9.355340153e-03
    endloop
  endfacet
  facet normal 2.500855089e-06 -4.018497765e-01 9.157056212e-01
    outer loop
      vertex 9.891683608e-02 -8.673651144e-03 7.067774422e-03
      vertex 1.000000089e-01 -3.460907843e-03 9.355340153e-03
      vertex 9.891682863e-02 -3.460909240e-03 9.355342947e-03
    endloop
  endfacet
  facet normal 2.292048293e-06 -1.275880337e-01 9.918272495e-01
    outer loop
      vertex 9.891682863e-02 -3.460909240e-03 9.355342947e-03
      vertex 1.000000089e-01 -3.460907843e-03 9.355340153e-03
      vertex 1.000000164e-01 2.185160527e-03 1.008164696e-02
    endloop
  endfacet
  facet normal -8.923457244e-07 -1.275874227e-01 9.918273091e-01
    outer loop
      vertex 9.891682863e-02 -3.460909240e-03 9.355342947e-03
      vertex 1.000000164e-01 2.185160527e-03 1.008164696e-02
      vertex 9.891682863e-02 2.185159130e-03 1.008164603e-02
    endloop
  endfacet
  facet normal -1.273257112e-06 1.570099741e-01 9.875969887e-01
    outer loop
      vertex 9.891682863e-02 2.185159130e-03 1.008164603e-02
      vertex 1.000000164e-01 2.185160527e-03 1.008164696e-02
      vertex 1.000000015e-01 7.807149086e-03 9.187852964e-03
    endloop
  endfacet
  facet normal 1.897554853e-06 1.570093781e-01 9.875971079e-01
    outer loop
      vertex 9.891682863e-02 2.185159130e-03 1.008164603e-02
      vertex 1.000000015e-01 7.807149086e-03 9.187852964e-03
      vertex 9.891682118e-02 7.807147689e-03 9.187855758e-03
    endloop
  endfacet
  facet normal 1.349328613e-06 4.288890362e-01 9.033572078e-01
    outer loop
      vertex 9.891682118e-02 7.807147689e-03 9.187855758e-03
      vertex 1.000000015e-01 7.807149086e-03 9.187852964e-03
      vertex 1.000000089e-01 1.294959337e-02 6.746362429e-03
    endloop
  endfacet
  facet normal -1.551019068e-06 4.288895428e-01 9.033569694e-01
    outer loop
      vertex 9.891682118e-02 7.807147689e-03 9.187855758e-03
      vertex 1.000000089e-01 1.294959337e-02 6.746362429e-03
      vertex 9.891682863e-02 1.294959150e-02 6.746361498e-03
    endloop
  endfacet
  facet normal -1.703124781e-06 6.660208702e-01 7.459331155e-01
    outer loop
      vertex 9.891682863e-02 1.294959150e-02 6.746361498e-03
      vertex 1.000000089e-01 1.294959337e-02 6.746362429e-03
      vertex 1.000000089e-01 1.719588973e-02 2.954974538e-03
    endloop
  endfacet
  facet normal 6.917923656e-07 6.660205126e-01 7.459334135e-01
    outer loop
      vertex 9.891682863e-02 1.294959150e-02 6.746361498e-03
      vertex 1.000000089e-01 1.719588973e-02 2.954974538e-03
      vertex 9.891682863e-02 1.719588786e-02 2.954976866e-03
    endloop
  endfacet
  facet normal -2.179007907e-08 8.491956592e-01 5.280783772e-01
    outer loop
      vertex 9.891682863e-02 1.719588786e-02 2.954976866e-03
      vertex 1.000000089e-01 1.719588973e-02 2.954974538e-03
      vertex 1.000000015e-01 2.020202205e-02 -1.879147021e-03
    endloop
  endfacet
  facet normal -2.179007907e-08 8.491956592e-01 5.280783772e-01
    outer loop
      vertex 9.891682863e-02 1.719588786e-02 2.954976866e-03
      vertex 1.000000015e-01 2.020202205e-02 -1.879147021e-03
      vertex 9.891681373e-02 2.020202205e-02 -1.879144809e-03
    endloop
  endfacet
  facet normal -7.336086014e-07 9.635742307e-01 2.674410641e-01
    outer loop
      vertex 9.891681373e-02 2.020202205e-02 -1.879144809e-03
      vertex 1.000000015e-01 2.020202205e-02 -1.879147021e-03
      vertex 9.999998659e-02 2.172445506e-02 -7.364379708e-03
    endloop
  endfacet
  facet normal -3.800769719e-06 9.635743499e-01 2.674404979e-01
    outer loop
      vertex 9.891681373e-02 2.020202205e-02 -1.879144809e-03
      vertex 9.999998659e-02 2.172445506e-02 -7.364379708e-03
      vertex 9.891683608e-02 2.172445320e-02 -7.364389952e-03
    endloop
  endfacet
  facet normal -1.215536486e-06 9.998895526e-01 -1.486243308e-02
    outer loop
      vertex 9.891683608e-02 2.172445320e-02 -7.364389952e-03
      vertex 9.999998659e-02 2.172445506e-02 -7.364379708e-03
      vertex 9.999999404e-02 2.163984999e-02 -1.305634715e-02
    endloop
  endfacet
  facet normal -1.385993642e-06 9.998895526e-01 -1.486246567e-02
    outer loop
      vertex 9.891683608e-02 2.172445320e-02 -7.364389952e-03
      vertex 9.999999404e-02 2.163984999e-02 -1.305634715e-02
      vertex 9.891680628e-02 2.163984813e-02 -1.305634435e-02
    endloop
  endfacet
  facet normal -1.926095138e-06 9.551994801e-01 -2.959628105e-01
    outer loop
      vertex 9.891680628e-02 2.163984813e-02 -1.305634435e-02
      vertex 9.999999404e-02 2.163984999e-02 -1.305634715e-02
      vertex 1.000000015e-01 1.995505206e-02 -1.849391311e-02
    endloop
  endfacet
  facet normal 4.881725545e-06 9.551998377e-01 -2.959615886e-01
    outer loop
      vertex 9.891680628e-02 2.163984813e-02 -1.305634435e-02
      vertex 1.000000015e-01 1.995505206e-02 -1.849391311e-02
      vertex 9.891681373e-02 1.995505765e-02 -1.849391125e-02
    endloop
  endfacet
  facet normal 3.864370683e-06 8.331258297e-01 -5.530834794e-01
    outer loop
      vertex 9.891681373e-02 1.995505765e-02 -1.849391125e-02
      vertex 1.000000015e-01 1.995505206e-02 -1.849391311e-02
      vertex 1.000000015e-01 1.680657268e-02 -2.323655784e-02
    endloop
  endfacet
  facet normal -1.866214689e-06 8.331252337e-01 -5.530843735e-01
    outer loop
      vertex 9.891681373e-02 1.995505765e-02 -1.849391125e-02
      vertex 1.000000015e-01 1.680657268e-02 -2.323655784e-02
      vertex 9.891682118e-02 1.680657268e-02 -2.323655598e-02
    endloop
  endfacet
  facet normal -1.892702812e-06 6.435557604e-01 -7.653992176e-01
    outer loop
      vertex 9.891682118e-02 1.680657268e-02 -2.323655598e-02
      vertex 1.000000015e-01 1.680657268e-02 -2.323655784e-02
      vertex 9.999999404e-02 1.244946849e-02 -2.690005861e-02
    endloop
  endfacet
  facet normal -2.199880100e-06 6.435557008e-01 -7.653992772e-01
    outer loop
      vertex 9.891682118e-02 1.680657268e-02 -2.323655598e-02
      vertex 9.999999404e-02 1.244946849e-02 -2.690005861e-02
      vertex 9.891681373e-02 1.244946662e-02 -2.690005675e-02
    endloop
  endfacet
  facet normal -2.133355110e-06 4.018496573e-01 -9.157056808e-01
    outer loop
      vertex 9.891681373e-02 1.244946662e-02 -2.690005675e-02
      vertex 9.999999404e-02 1.244946849e-02 -2.690005861e-02
      vertex 1.000000015e-01 7.236722857e-03 -2.918762714e-02
    endloop
  endfacet
  facet normal 6.307345188e-07 4.018501341e-01 -9.157054424e-01
    outer loop
      vertex 9.891681373e-02 1.244946662e-02 -2.690005675e-02
      vertex 1.000000015e-01 7.236722857e-03 -2.918762714e-02
      vertex 9.891682118e-02 7.236728910e-03 -2.918762527e-02
    endloop
  endfacet
  facet normal -1.016401029e-06 1.275875717e-01 -9.918273091e-01
    outer loop
      vertex 9.891682118e-02 7.236728910e-03 -2.918762527e-02
      vertex 1.000000015e-01 7.236722857e-03 -2.918762714e-02
      vertex 1.000000015e-01 1.590654836e-03 -2.991393209e-02
    endloop
  endfacet
  facet normal -1.057150257e-06 1.275875717e-01 -9.918273091e-01
    outer loop
      vertex 9.891682118e-02 7.236728910e-03 -2.918762527e-02
      vertex 1.000000015e-01 1.590654836e-03 -2.991393209e-02
      vertex 9.891682118e-02 1.590657048e-03 -2.991393022e-02
    endloop
  endfacet
  facet normal -1.644842087e-06 -1.570099294e-01 -9.875970483e-01
    outer loop
      vertex 9.891682118e-02 1.590657048e-03 -2.991393022e-02
      vertex 1.000000015e-01 1.590654836e-03 -2.991393209e-02
      vertex 1.000000089e-01 -4.031330347e-03 -2.902013808e-02
    endloop
  endfacet
  facet normal 1.000000000e+00 1.593611955e-06 1.205144258e-06
    outer loop
      vertex 9.891681373e-02 5.587205291e-03 1.809100434e-02
      vertex 9.891682863e-02 2.185159130e-03 1.008164603e-02
      vertex 9.891682118e-02 7.807147689e-03 9.187855758e-03
    endloop
  endfacet
  facet normal 1.000000000e+00 9.149955531e-07 1.436697175e-06
    outer loop
      vertex 9.891682118e-02 -1.342007238e-02 -2.278725803e-02
      vertex 9.891683608e-02 -1.658747345e-02 -3.128462285e-02
      vertex 9.891682118e-02 -9.173779748e-03 -2.657864429e-02
    endloop
  endfacet
  facet normal 1.000000000e+00 1.863097395e-06 -5.692142580e-08
    outer loop
      vertex 9.891682118e-02 -9.173779748e-03 -2.657864429e-02
      vertex 9.891683608e-02 -1.658747345e-02 -3.128462285e-02
      vertex 9.891682118e-02 -1.116147451e-02 -3.497003764e-02
    endloop
  endfacet
  facet normal 1.000000000e+00 -1.113200142e-06 6.480833576e-07
    outer loop
      vertex 9.891682118e-02 -9.173779748e-03 -2.657864429e-02
      vertex 9.891682118e-02 -1.116147451e-02 -3.497003764e-02
      vertex 9.891682863e-02 -4.031331744e-03 -2.902013622e-02
    endloop
  endfacet
  facet normal 1.000000000e+00 -3.412750118e-07 -2.769634193e-07
    outer loop
      vertex 9.891682863e-02 -4.031331744e-03 -2.902013622e-02
      vertex 9.891682118e-02 -1.116147451e-02 -3.497003764e-02
      vertex 9.891682118e-02 -5.031821318e-03 -3.730479255e-02
    endloop
  endfacet
  facet normal 1.000000000e+00 1.500771759e-06 -4.994166147e-07
    outer loop
      vertex 9.891682863e-02 -4.031331744e-03 -2.902013622e-02
      vertex 9.891682118e-02 -5.031821318e-03 -3.730479255e-02
      vertex 9.891682118e-02 1.590657048e-03 -2.991393022e-02
    endloop
  endfacet
  facet normal 1.000000000e+00 2.048692522e-06 -9.903731097e-07
    outer loop
      vertex 9.891682118e-02 1.590657048e-03 -2.991393022e-02
      vertex 9.891682118e-02 -5.031821318e-03 -3.730479255e-02
      vertex 9.891681373e-02 1.471042284e-03 -3.816301376e-02
    endloop
  endfacet
  facet normal 1.000000000e+00 -3.820168217e-07 -9.551270068e-07
    outer loop
      vertex 9.891682118e-02 1.590657048e-03 -2.991393022e-02
      vertex 9.891681373e-02 1.471042284e-03 -3.816301376e-02
      vertex 9.891682118e-02 7.236728910e-03 -2.918762527e-02
    endloop
  endfacet
  facet normal 1.000000000e+00 -2.021277396e-06 9.791501299e-08
    outer loop
      vertex 9.891682118e-02 7.236728910e-03 -2.918762527e-02
      vertex 9.891681373e-02 1.471042284e-03 -3.816301376e-02
      vertex 9.891682118e-02 7.996535860e-03 -3.749845177e-02
    endloop
  endfacet
  facet normal 1.000000000e+00 1.027596909e-06 3.766546399e-07
    outer loop
      vertex 9.891682118e-02 7.236728910e-03 -2.918762527e-02
      vertex 9.891682118e-02 7.996535860e-03 -3.749845177e-02
      vertex 9.891681373e-02 1.244946662e-02 -2.690005675e-02
    endloop
  endfacet
  facet normal 1.000000000e+00 6.997636319e-07 3.523020723e-06
    outer loop
      vertex 9.891683608e-02 2.172445320e-02 -7.364389952e-03
      vertex 9.891681373e-02 2.907154337e-02 -2.217068803e-03
      vertex 9.891681373e-02 2.020202205e-02 -1.879144809e-03
    endloop
  endfacet
  facet normal 1.000000000e+00 5.738642699e-07 2.185296495e-07
    outer loop
      vertex 9.891681373e-02 2.020202205e-02 -1.879144809e-03
      vertex 9.891681373e-02 2.907154337e-02 -2.217068803e-03
      vertex 9.891681373e-02 2.656336129e-02 3.843685845e-03
    endloop
  endfacet
  facet normal 1.000000000e+00 2.214091637e-06 -1.604701652e-06
    outer loop
      vertex 9.891681373e-02 2.020202205e-02 -1.879144809e-03
      vertex 9.891681373e-02 2.656336129e-02 3.843685845e-03
      vertex 9.891682863e-02 1.719588786e-02 2.954976866e-03
    endloop
  endfacet
  facet normal 1.000000000e+00 2.114628387e-06 -5.563054515e-07
    outer loop
      vertex 9.891682863e-02 1.719588786e-02 2.954976866e-03
      vertex 9.891681373e-02 2.656336129e-02 3.843685845e-03
      vertex 9.891682118e-02 2.272508107e-02 9.162642993e-03
    endloop
  endfacet
  facet normal 1.000000000e+00 3.895186467e-07 9.802562317e-07
    outer loop
      vertex 9.891682863e-02 1.719588786e-02 2.954976866e-03
      vertex 9.891682118e-02 2.272508107e-02 9.162642993e-03
      vertex 9.891682863e-02 1.294959150e-02 6.746361498e-03
    endloop
  endfacet
  facet normal 1.000000000e+00 -2.754060979e-08 2.667542049e-06
    outer loop
      vertex 9.891682863e-02 1.294959150e-02 6.746361498e-03
      vertex 9.891682118e-02 2.272508107e-02 9.162642993e-03
      vertex 9.891681373e-02 1.776361652e-02 1.345306449e-02
    endloop
  endfacet
  facet normal 1.000000000e+00 -1.116741144e-09 2.648575219e-06
    outer loop
      vertex 9.891682863e-02 1.294959150e-02 6.746361498e-03
      vertex 9.891681373e-02 1.776361652e-02 1.345306449e-02
      vertex 9.891682118e-02 7.807147689e-03 9.187855758e-03
    endloop
  endfacet
  facet normal 1.000000000e+00 2.098593313e-06 -2.252872491e-06
    outer loop
      vertex 9.891682118e-02 7.807147689e-03 9.187855758e-03
      vertex 9.891681373e-02 1.776361652e-02 1.345306449e-02
      vertex 9.891682863e-02 1.194645558e-02 1.648363844e-02
    endloop
  endfacet
  facet normal 1.000000000e+00 -2.289715667e-06 2.368617373e-07
    outer loop
      vertex 9.891682118e-02 7.807147689e-03 9.187855758e-03
      vertex 9.891682863e-02 1.194645558e-02 1.648363844e-02
      vertex 9.891681373e-02 5.587205291e-03 1.809100434e-02
    endloop
  endfacet
  facet normal 1.000000000e+00 -1.123566335e-06 2.359289965e-06
    outer loop
      vertex 9.891681373e-02 5.587205291e-03 1.809100434e-02
      vertex 9.891681373e-02 2.310778946e-03 1.833074354e-02
      vertex 9.891682863e-02 2.185159130e-03 1.008164603e-02
    endloop
  endfacet
  facet normal 1.000000000e+00 8.196934687e-07 2.329697281e-06
    outer loop
      vertex 9.891682863e-02 2.185159130e-03 1.008164603e-02
      vertex 9.891681373e-02 2.310778946e-03 1.833074354e-02
      vertex 9.891681373e-02 -9.713246836e-04 1.818849333e-02
    endloop
  endfacet
  facet normal 1.000000000e+00 -6.426338928e-07 1.760325290e-06
    outer loop
      vertex 9.891682863e-02 2.185159130e-03 1.008164603e-02
      vertex 9.891681373e-02 -9.713246836e-04 1.818849333e-02
      vertex 9.891682863e-02 -3.460909240e-03 9.355342947e-03
    endloop
  endfacet
  facet normal 1.000000000e+00 4.052963334e-07 1.464970751e-06
    outer loop
      vertex 9.891682863e-02 -3.460909240e-03 9.355342947e-03
      vertex 9.891681373e-02 -9.713246836e-04 1.818849333e-02
      vertex 9.891682118e-02 -7.375544868e-03 1.677084714e-02
    endloop
  endfacet
  facet normal 1.000000000e+00 5.747817227e-07 1.554441837e-06
    outer loop
      vertex 9.891682863e-02 -3.460909240e-03 9.355342947e-03
      vertex 9.891682118e-02 -7.375544868e-03 1.677084714e-02
      vertex 9.891683608e-02 -8.673651144e-03 7.067774422e-03
    endloop
  endfacet
  facet normal 1.000000000e+00 -2.090533144e-06 1.911015488e-06
    outer loop
      vertex 9.891683608e-02 -8.673651144e-03 7.067774422e-03
      vertex 9.891682118e-02 -7.375544868e-03 1.677084714e-02
      vertex 9.891681373e-02 -1.328021102e-02 1.391451061e-02
    endloop
  endfacet
  facet normal 1.000000000e+00 -3.018878033e-06 1.286414886e-06
    outer loop
      vertex 9.891683608e-02 -8.673651144e-03 7.067774422e-03
      vertex 9.891681373e-02 -1.328021102e-02 1.391451061e-02
      vertex 9.891682863e-02 -1.303075626e-02 3.404273652e-03
    endloop
  endfacet
  facet normal 1.000000000e+00 1.299694873e-06 1.388913802e-06
    outer loop
      vertex 9.891682863e-02 -1.303075626e-02 3.404273652e-03
      vertex 9.891681373e-02 -1.328021102e-02 1.391451061e-02
      vertex 9.891682118e-02 -1.836699620e-02 9.773445316e-03
    endloop
  endfacet
  facet normal 1.000000000e+00 5.910740128e-07 7.952149303e-07
    outer loop
      vertex 9.891682863e-02 -1.303075626e-02 3.404273652e-03
      vertex 9.891682118e-02 -1.836699620e-02 9.773445316e-03
      vertex 9.891682863e-02 -1.617923751e-02 -1.338371192e-03
    endloop
  endfacet
  facet normal 1.000000000e+00 2.180294814e-06 -1.076530225e-07
    outer loop
      vertex 9.891682118e-02 7.996535860e-03 -3.749845177e-02
      vertex 9.891680628e-02 1.419287734e-02 -3.534690663e-02
      vertex 9.891681373e-02 1.244946662e-02 -2.690005675e-02
    endloop
  endfacet
  facet normal 1.000000000e+00 -1.479143748e-06 -8.629527315e-07
    outer loop
      vertex 9.891681373e-02 1.244946662e-02 -2.690005675e-02
      vertex 9.891680628e-02 1.419287734e-02 -3.534690663e-02
      vertex 9.891682118e-02 1.972601935e-02 -3.182439134e-02
    endloop
  endfacet
  facet normal 1.000000000e+00 -1.308609626e-06 -6.109593187e-07
    outer loop
      vertex 9.891681373e-02 1.244946662e-02 -2.690005675e-02
      vertex 9.891682118e-02 1.972601935e-02 -3.182439134e-02
      vertex 9.891682118e-02 1.680657268e-02 -2.323655598e-02
    endloop
  endfacet
  facet normal 1.000000000e+00 -2.458080814e-07 -2.496582852e-07
    outer loop
      vertex 9.891682118e-02 1.680657268e-02 -2.323655598e-02
      vertex 9.891682118e-02 1.972601935e-02 -3.182439134e-02
      vertex 9.891682118e-02 2.429765649e-02 -2.712079324e-02
    endloop
  endfacet
  facet normal 1.000000000e+00 3.443886669e-07 8.885866691e-07
    outer loop
      vertex 9.891682118e-02 1.680657268e-02 -2.323655598e-02
      vertex 9.891682118e-02 2.429765649e-02 -2.712079324e-02
      vertex 9.891681373e-02 1.995505765e-02 -1.849391125e-02
    endloop
  endfacet
  facet normal 1.000000000e+00 8.364744417e-07 1.136292667e-06
    outer loop
      vertex 9.891681373e-02 1.995505765e-02 -1.849391125e-02
      vertex 9.891682118e-02 2.429765649e-02 -2.712079324e-02
      vertex 9.891681373e-02 2.766135149e-02 -2.148968540e-02
    endloop
  endfacet
  facet normal 1.000000000e+00 8.259540891e-07 1.109230197e-06
    outer loop
      vertex 9.891681373e-02 1.995505765e-02 -1.849391125e-02
      vertex 9.891681373e-02 2.766135149e-02 -2.148968540e-02
      vertex 9.891680628e-02 2.163984813e-02 -1.305634435e-02
    endloop
  endfacet
  facet normal 1.000000000e+00 -3.715442290e-06 -2.133379894e-06
    outer loop
      vertex 9.891680628e-02 2.163984813e-02 -1.305634435e-02
      vertex 9.891681373e-02 2.766135149e-02 -2.148968540e-02
      vertex 9.891683608e-02 2.963574417e-02 -1.523465384e-02
    endloop
  endfacet
  facet normal 1.000000000e+00 -4.281319434e-06 -4.210538918e-06
    outer loop
      vertex 9.891680628e-02 2.163984813e-02 -1.305634435e-02
      vertex 9.891683608e-02 2.963574417e-02 -1.523465384e-02
      vertex 9.891683608e-02 2.172445320e-02 -7.364389952e-03
    endloop
  endfacet
  facet normal 1.000000000e+00 1.324046025e-06 1.424046786e-06
    outer loop
      vertex 9.891683608e-02 2.172445320e-02 -7.364389952e-03
      vertex 9.891683608e-02 2.963574417e-02 -1.523465384e-02
      vertex 9.891682863e-02 3.011441231e-02 -8.692889474e-03
    endloop
  endfacet
  facet normal 1.000000000e+00 1.480050173e-06 2.409269428e-06
    outer loop
      vertex 9.891683608e-02 2.172445320e-02 -7.364389952e-03
      vertex 9.891682863e-02 3.011441231e-02 -8.692889474e-03
      vertex 9.891681373e-02 2.907154337e-02 -2.217068803e-03
    endloop
  endfacet
  facet normal 1.000000000e+00 -3.612394721e-06 -3.238769253e-08
    outer loop
      vertex 9.891682118e-02 -1.836699620e-02 9.773445316e-03
      vertex 9.891680628e-02 -2.236166969e-02 4.570920486e-03
      vertex 9.891682863e-02 -1.617923751e-02 -1.338371192e-03
    endloop
  endfacet
  facet normal 1.000000000e+00 -2.063742613e-06 1.587846441e-06
    outer loop
      vertex 9.891682863e-02 -1.617923751e-02 -1.338371192e-03
      vertex 9.891680628e-02 -2.236166969e-02 4.570920486e-03
      vertex 9.891681373e-02 -2.504888549e-02 -1.412611571e-03
    endloop
  endfacet
  facet normal 1.000000000e+00 -2.024302148e-06 -3.124198429e-06
    outer loop
      vertex 9.891682863e-02 -1.617923751e-02 -1.338371192e-03
      vertex 9.891681373e-02 -2.504888549e-02 -1.412611571e-03
      vertex 9.891681373e-02 -1.786403172e-02 -6.775926799e-03
    endloop
  endfacet
  facet normal 1.000000000e+00 -9.440511661e-08 -5.388516229e-07
    outer loop
      vertex 9.891681373e-02 -1.786403172e-02 -6.775926799e-03
      vertex 9.891681373e-02 -2.504888549e-02 -1.412611571e-03
      vertex 9.891680628e-02 -2.628376894e-02 -7.854567841e-03
    endloop
  endfacet
  facet normal 1.000000000e+00 -2.425194054e-07 6.173095812e-07
    outer loop
      vertex 9.891681373e-02 -1.786403172e-02 -6.775926799e-03
      vertex 9.891680628e-02 -2.628376894e-02 -7.854567841e-03
      vertex 9.891681373e-02 -1.794863679e-02 -1.246789191e-02
    endloop
  endfacet
  facet normal 1.000000000e+00 -7.120002579e-07 -2.309257070e-07
    outer loop
      vertex 9.891681373e-02 -1.794863679e-02 -1.246789191e-02
      vertex 9.891680628e-02 -2.628376894e-02 -7.854567841e-03
      vertex 9.891680628e-02 -2.599974535e-02 -1.440766547e-02
    endloop
  endfacet
  facet normal 1.000000000e+00 -1.471268774e-06 2.920449788e-06
    outer loop
      vertex 9.891681373e-02 -1.794863679e-02 -1.246789191e-02
      vertex 9.891680628e-02 -2.599974535e-02 -1.440766547e-02
      vertex 9.891683608e-02 -1.642620564e-02 -1.795313694e-02
    endloop
  endfacet
  facet normal 1.000000000e+00 -2.006689328e-06 1.474698934e-06
    outer loop
      vertex 9.891683608e-02 -1.642620564e-02 -1.795313694e-02
      vertex 9.891680628e-02 -2.599974535e-02 -1.440766547e-02
      vertex 9.891682118e-02 -2.421213128e-02 -2.071862668e-02
    endloop
  endfacet
  facet normal 1.000000000e+00 -3.471845673e-07 -3.197449587e-06
    outer loop
      vertex 9.891683608e-02 -1.642620564e-02 -1.795313694e-02
      vertex 9.891682118e-02 -2.421213128e-02 -2.071862668e-02
      vertex 9.891682118e-02 -1.342007238e-02 -2.278725803e-02
    endloop
  endfacet
  facet normal 1.000000000e+00 6.885510970e-07 2.205988039e-06
    outer loop
      vertex 9.891682118e-02 -1.342007238e-02 -2.278725803e-02
      vertex 9.891682118e-02 -2.421213128e-02 -2.071862668e-02
      vertex 9.891682863e-02 -2.101729624e-02 -2.644722536e-02
    endloop
  endfacet
  facet normal 1.000000000e+00 1.090710953e-06 1.371199005e-06
    outer loop
      vertex 9.891682118e-02 -1.342007238e-02 -2.278725803e-02
      vertex 9.891682863e-02 -2.101729624e-02 -2.644722536e-02
      vertex 9.891683608e-02 -1.658747345e-02 -3.128462285e-02
    endloop
  endfacet
  facet normal 7.065101266e-01 3.064037859e-02 -7.070393562e-01
    outer loop
      vertex 9.891681373e-02 1.471042284e-03 -3.816301376e-02
      vertex 9.791681170e-02 1.456177561e-03 -3.916290775e-02
      vertex 9.791682661e-02 4.854461644e-03 -3.901562467e-02
    endloop
  endfacet
  facet normal 7.658532262e-01 6.514703482e-02 -6.397067308e-01
    outer loop
      vertex 9.891681373e-02 1.471042284e-03 -3.816301376e-02
      vertex 9.791682661e-02 4.854461644e-03 -3.901562467e-02
      vertex 9.891682118e-02 7.996535860e-03 -3.749845177e-02
    endloop
  endfacet
  facet normal 7.065097094e-01 1.125196218e-01 -6.987012029e-01
    outer loop
      vertex 9.891682118e-02 7.996535860e-03 -3.749845177e-02
      vertex 9.791682661e-02 4.854461644e-03 -3.901562467e-02
      vertex 9.791682661e-02 8.212668821e-03 -3.847481683e-02
    endloop
  endfacet
  facet normal 7.047060132e-01 2.327290326e-01 -6.702437401e-01
    outer loop
      vertex 9.891682118e-02 7.996535860e-03 -3.749845177e-02
      vertex 9.791682661e-02 8.212668821e-03 -3.847481683e-02
      vertex 9.891680628e-02 1.419287734e-02 -3.534690663e-02
    endloop
  endfacet
  facet normal 8.096833825e-01 1.599453539e-01 -5.646505952e-01
    outer loop
      vertex 9.791682661e-02 8.212668821e-03 -3.847481683e-02
      vertex 9.791681170e-02 1.148538105e-02 -3.754779696e-02
      vertex 9.891680628e-02 1.419287734e-02 -3.534690663e-02
    endloop
  endfacet
  facet normal 7.065109015e-01 2.706161737e-01 -6.539183259e-01
    outer loop
      vertex 9.891680628e-02 1.419287734e-02 -3.534690663e-02
      vertex 9.791681170e-02 1.148538105e-02 -3.754779696e-02
      vertex 9.791681916e-02 1.462834794e-02 -3.624711186e-02
    endloop
  endfacet
  facet normal 7.047073245e-01 3.810207844e-01 -5.985071063e-01
    outer loop
      vertex 9.891680628e-02 1.419287734e-02 -3.534690663e-02
      vertex 9.791681916e-02 1.462834794e-02 -3.624711186e-02
      vertex 9.891682118e-02 1.972601935e-02 -3.182439134e-02
    endloop
  endfacet
  facet normal 8.096909523e-01 2.858403325e-01 -5.125386715e-01
    outer loop
      vertex 9.891682118e-02 1.972601935e-02 -3.182439134e-02
      vertex 9.791681916e-02 1.462834794e-02 -3.624711186e-02
      vertex 9.791682661e-02 1.759905741e-02 -3.459034860e-02
    endloop
  endfacet
  facet normal 7.065084577e-01 4.141280353e-01 -5.738847852e-01
    outer loop
      vertex 9.791682661e-02 1.759905741e-02 -3.459034860e-02
      vertex 9.791681916e-02 2.035735175e-02 -3.259990364e-02
      vertex 9.891682118e-02 1.972601935e-02 -3.182439134e-02
    endloop
  endfacet
  facet normal 7.065083981e-01 4.779534340e-01 -5.219256282e-01
    outer loop
      vertex 9.891682118e-02 1.972601935e-02 -3.182439134e-02
      vertex 9.791681916e-02 2.035735175e-02 -3.259990364e-02
      vertex 9.791681916e-02 2.286590822e-02 -3.030270152e-02
    endloop
  endfacet
  facet normal 7.658464313e-01 4.611083865e-01 -4.481722116e-01
    outer loop
      vertex 9.891682118e-02 1.972601935e-02 -3.182439134e-02
      vertex 9.791681916e-02 2.286590822e-02 -3.030270152e-02
      vertex 9.891682118e-02 2.429765649e-02 -2.712079324e-02
    endloop
  endfacet
  facet normal 7.065067291e-01 5.353131890e-01 -4.629125893e-01
    outer loop
      vertex 9.891682118e-02 2.429765649e-02 -2.712079324e-02
      vertex 9.791681916e-02 2.286590822e-02 -3.030270152e-02
      vertex 9.791681916e-02 2.509082109e-02 -2.772980556e-02
    endloop
  endfacet
  facet normal 7.047031522e-01 6.091068387e-01 -3.638437390e-01
    outer loop
      vertex 9.891682118e-02 2.429765649e-02 -2.712079324e-02
      vertex 9.791681916e-02 2.509082109e-02 -2.772980556e-02
      vertex 9.891681373e-02 2.766135149e-02 -2.148968540e-02
    endloop
  endfacet
  facet normal 8.097001910e-01 4.854510725e-01 -3.297315538e-01
    outer loop
      vertex 9.891681373e-02 2.766135149e-02 -2.148968540e-02
      vertex 9.791681916e-02 2.509082109e-02 -2.772980556e-02
      vertex 9.791683406e-02 2.700199001e-02 -2.491601929e-02
    endloop
  endfacet
  facet normal 7.065120935e-01 6.276353598e-01 -3.269778788e-01
    outer loop
      vertex 9.791683406e-02 2.700199001e-02 -2.491601929e-02
      vertex 9.791682661e-02 2.857357822e-02 -2.189937234e-02
      vertex 9.891681373e-02 2.766135149e-02 -2.148968540e-02
    endloop
  endfacet
  facet normal 7.065117955e-01 6.613510251e-01 -2.519044280e-01
    outer loop
      vertex 9.891681373e-02 2.766135149e-02 -2.148968540e-02
      vertex 9.791682661e-02 2.857357822e-02 -2.189937234e-02
      vertex 9.791682661e-02 2.978432551e-02 -1.872067712e-02
    endloop
  endfacet
  facet normal 7.658478618e-01 6.131985188e-01 -1.935578883e-01
    outer loop
      vertex 9.891681373e-02 2.766135149e-02 -2.148968540e-02
      vertex 9.791682661e-02 2.978432551e-02 -1.872067712e-02
      vertex 9.891683608e-02 2.963574417e-02 -1.523465384e-02
    endloop
  endfacet
  facet normal 7.065054774e-01 6.861292124e-01 -1.734263450e-01
    outer loop
      vertex 9.891683608e-02 2.963574417e-02 -1.523465384e-02
      vertex 9.791682661e-02 2.978432551e-02 -1.872067712e-02
      vertex 9.791682661e-02 3.061786480e-02 -1.542291697e-02
    endloop
  endfacet
  facet normal 7.047017813e-01 7.076119781e-01 -5.177551135e-02
    outer loop
      vertex 9.891683608e-02 2.963574417e-02 -1.523465384e-02
      vertex 9.791682661e-02 3.061786480e-02 -1.542291697e-02
      vertex 9.891682863e-02 3.011441231e-02 -8.692889474e-03
    endloop
  endfacet
  facet normal 8.096885681e-01 5.818147063e-01 -7.678572834e-02
    outer loop
      vertex 9.791682661e-02 3.061786480e-02 -1.542291697e-02
      vertex 9.791682661e-02 3.106292337e-02 -1.205068640e-02
      vertex 9.891682863e-02 3.011441231e-02 -8.692889474e-03
    endloop
  endfacet
  facet normal 7.065092921e-01 7.076256275e-01 -1.051835809e-02
    outer loop
      vertex 9.891682863e-02 3.011441231e-02 -8.692889474e-03
      vertex 9.791682661e-02 3.106292337e-02 -1.205068640e-02
      vertex 9.791682661e-02 3.111347370e-02 -8.649589494e-03
    endloop
  endfacet
  facet normal 7.047052979e-01 7.004749775e-01 1.128062829e-01
    outer loop
      vertex 9.891682863e-02 3.011441231e-02 -8.692889474e-03
      vertex 9.791682661e-02 3.111347370e-02 -8.649589494e-03
      vertex 9.891681373e-02 2.907154337e-02 -2.217068803e-03
    endloop
  endfacet
  facet normal 8.096953034e-01 5.838307738e-01 5.945745111e-02
    outer loop
      vertex 9.791682661e-02 3.111347370e-02 -8.649589494e-03
      vertex 9.791683406e-02 3.076884523e-02 -5.265623797e-03
      vertex 9.891681373e-02 2.907154337e-02 -2.217068803e-03
    endloop
  endfacet
  facet normal 7.065111995e-01 6.909747720e-01 1.529567242e-01
    outer loop
      vertex 9.891681373e-02 2.907154337e-02 -2.217068803e-03
      vertex 9.791683406e-02 3.076884523e-02 -5.265623797e-03
      vertex 9.791682661e-02 3.003368713e-02 -1.944541582e-03
    endloop
  endfacet
  facet normal 7.047069669e-01 6.555777192e-01 2.713041306e-01
    outer loop
      vertex 9.891681373e-02 2.907154337e-02 -2.217068803e-03
      vertex 9.791682661e-02 3.003368713e-02 -1.944541582e-03
      vertex 9.891681373e-02 2.656336129e-02 3.843685845e-03
    endloop
  endfacet
  facet normal 8.096921444e-01 5.543857217e-01 1.924971044e-01
    outer loop
      vertex 9.891681373e-02 2.656336129e-02 3.843685845e-03
      vertex 9.791682661e-02 3.003368713e-02 -1.944541582e-03
      vertex 9.791682661e-02 2.891795337e-02 1.268735505e-03
    endloop
  endfacet
  facet normal 7.065091729e-01 6.370774508e-01 3.081835806e-01
    outer loop
      vertex 9.791682661e-02 2.891795337e-02 1.268735505e-03
      vertex 9.791681170e-02 2.743672393e-02 4.330758937e-03
      vertex 9.891681373e-02 2.656336129e-02 3.843685845e-03
    endloop
  endfacet
  facet normal 7.065091133e-01 5.969930291e-01 3.800581396e-01
    outer loop
      vertex 9.891681373e-02 2.656336129e-02 3.843685845e-03
      vertex 9.791681170e-02 2.743672393e-02 4.330758937e-03
      vertex 9.791681916e-02 2.561002597e-02 7.200113963e-03
    endloop
  endfacet
  facet normal 7.658491731e-01 5.214322209e-01 3.762758076e-01
    outer loop
      vertex 9.891681373e-02 2.656336129e-02 3.843685845e-03
      vertex 9.791681916e-02 2.561002597e-02 7.200113963e-03
      vertex 9.891682118e-02 2.272508107e-02 9.162642993e-03
    endloop
  endfacet
  facet normal 7.065045238e-01 5.488365293e-01 4.467995167e-01
    outer loop
      vertex 9.891682118e-02 2.272508107e-02 9.162642993e-03
      vertex 9.791681916e-02 2.561002597e-02 7.200113963e-03
      vertex 9.791681916e-02 2.346256748e-02 9.837999009e-03
    endloop
  endfacet
  facet normal 7.047008276e-01 4.640873373e-01 5.366746783e-01
    outer loop
      vertex 9.891682118e-02 2.272508107e-02 9.162642993e-03
      vertex 9.791681916e-02 2.346256748e-02 9.837999009e-03
      vertex 9.891681373e-02 1.776361652e-02 1.345306449e-02
    endloop
  endfacet
  facet normal 8.096870184e-01 4.090282023e-01 4.208359122e-01
    outer loop
      vertex 9.891681373e-02 1.776361652e-02 1.345306449e-02
      vertex 9.791681916e-02 2.346256748e-02 9.837999009e-03
      vertex 9.791681170e-02 2.102339454e-02 1.220874954e-02
    endloop
  endfacet
  facet normal 7.065128684e-01 4.310016930e-01 5.613172650e-01
    outer loop
      vertex 9.791681170e-02 2.102339454e-02 1.220874954e-02
      vertex 9.791682661e-02 1.832548529e-02 1.428028569e-02
      vertex 9.891681373e-02 1.776361652e-02 1.345306449e-02
    endloop
  endfacet
  facet normal 7.065126896e-01 3.629196286e-01 6.075599790e-01
    outer loop
      vertex 9.891681373e-02 1.776361652e-02 1.345306449e-02
      vertex 9.791682661e-02 1.832548529e-02 1.428028569e-02
      vertex 9.791682661e-02 1.540532708e-02 1.602461748e-02
    endloop
  endfacet
  facet normal 7.658495903e-01 2.970968485e-01 5.702700019e-01
    outer loop
      vertex 9.891681373e-02 1.776361652e-02 1.345306449e-02
      vertex 9.791682661e-02 1.540532708e-02 1.602461748e-02
      vertex 9.891682863e-02 1.194645558e-02 1.648363844e-02
    endloop
  endfacet
  facet normal 7.065081596e-01 2.899357677e-01 6.455877423e-01
    outer loop
      vertex 9.891682863e-02 1.194645558e-02 1.648363844e-02
      vertex 9.791682661e-02 1.540532708e-02 1.602461748e-02
      vertex 9.791683406e-02 1.230240520e-02 1.741814427e-02
    endloop
  endfacet
  facet normal 7.047041655e-01 1.738641858e-01 6.878685951e-01
    outer loop
      vertex 9.891682863e-02 1.194645558e-02 1.648363844e-02
      vertex 9.791683406e-02 1.230240520e-02 1.741814427e-02
      vertex 9.891681373e-02 5.587205291e-03 1.809100434e-02
    endloop
  endfacet
  facet normal 8.096894622e-01 1.766495258e-01 5.596409440e-01
    outer loop
      vertex 9.791683406e-02 1.230240520e-02 1.741814427e-02
      vertex 9.791682661e-02 9.058689699e-03 1.844202168e-02
      vertex 9.891681373e-02 5.587205291e-03 1.809100434e-02
    endloop
  endfacet
  facet normal 7.065097690e-01 1.332362294e-01 6.950482726e-01
    outer loop
      vertex 9.891681373e-02 5.587205291e-03 1.809100434e-02
      vertex 9.791682661e-02 9.058689699e-03 1.844202168e-02
      vertex 9.791682661e-02 5.718043074e-03 1.908240095e-02
    endloop
  endfacet
  facet normal 7.065098882e-01 5.164434016e-02 7.058163285e-01
    outer loop
      vertex 9.891681373e-02 5.587205291e-03 1.809100434e-02
      vertex 9.791682661e-02 5.718043074e-03 1.908240095e-02
      vertex 9.891681373e-02 2.310778946e-03 1.833074354e-02
    endloop
  endfacet
  facet normal 7.065111399e-01 5.164500326e-02 7.058150172e-01
    outer loop
      vertex 9.891681373e-02 2.310778946e-03 1.833074354e-02
      vertex 9.791682661e-02 5.718043074e-03 1.908240095e-02
      vertex 9.791682661e-02 2.325640991e-03 1.933062822e-02
    endloop
  endfacet
  facet normal 7.065111995e-01 -3.064332344e-02 7.070381641e-01
    outer loop
      vertex 9.891681373e-02 2.310778946e-03 1.833074354e-02
      vertex 9.791682661e-02 2.325640991e-03 1.933062822e-02
      vertex 9.891681373e-02 -9.713246836e-04 1.818849333e-02
    endloop
  endfacet
  facet normal 7.065075040e-01 -3.064568900e-02 7.070417404e-01
    outer loop
      vertex 9.791682661e-02 2.325640991e-03 1.933062822e-02
      vertex 9.791681170e-02 -1.072639483e-03 1.918334700e-02
      vertex 9.891681373e-02 -9.713246836e-04 1.818849333e-02
    endloop
  endfacet
  facet normal 7.065073252e-01 -1.125198752e-01 6.987035871e-01
    outer loop
      vertex 9.891681373e-02 -9.713246836e-04 1.818849333e-02
      vertex 9.791681170e-02 -1.072639483e-03 1.918334700e-02
      vertex 9.791681170e-02 -4.430846777e-03 1.864253730e-02
    endloop
  endfacet
  facet normal 7.658478022e-01 -1.389752477e-01 6.278240681e-01
    outer loop
      vertex 9.891681373e-02 -9.713246836e-04 1.818849333e-02
      vertex 9.791681170e-02 -4.430846777e-03 1.864253730e-02
      vertex 9.891682118e-02 -7.375544868e-03 1.677084714e-02
    endloop
  endfacet
  facet normal 7.065105438e-01 -1.928705126e-01 6.809139252e-01
    outer loop
      vertex 9.791681170e-02 -4.430846777e-03 1.864253730e-02
      vertex 9.791682661e-02 -7.703562267e-03 1.771551743e-02
      vertex 9.891682118e-02 -7.375544868e-03 1.677084714e-02
    endloop
  endfacet
  facet normal 7.065107226e-01 -2.706182897e-01 6.539177299e-01
    outer loop
      vertex 9.891682118e-02 -7.375544868e-03 1.677084714e-02
      vertex 9.791682661e-02 -7.703562267e-03 1.771551743e-02
      vertex 9.791682661e-02 -1.084652543e-02 1.641483232e-02
    endloop
  endfacet
  facet normal 7.658504248e-01 -2.800143361e-01 5.788480639e-01
    outer loop
      vertex 9.891682118e-02 -7.375544868e-03 1.677084714e-02
      vertex 9.791682661e-02 -1.084652543e-02 1.641483232e-02
      vertex 9.891681373e-02 -1.328021102e-02 1.391451061e-02
    endloop
  endfacet
  facet normal 7.065082788e-01 -3.447051346e-01 6.180812716e-01
    outer loop
      vertex 9.791682661e-02 -1.084652543e-02 1.641483232e-02
      vertex 9.791681916e-02 -1.381723862e-02 1.475807000e-02
      vertex 9.891681373e-02 -1.328021102e-02 1.391451061e-02
    endloop
  endfacet
  facet normal 7.065082192e-01 -4.141282439e-01 5.738849640e-01
    outer loop
      vertex 9.891681373e-02 -1.328021102e-02 1.391451061e-02
      vertex 9.791681916e-02 -1.381723862e-02 1.475807000e-02
      vertex 9.791681916e-02 -1.657552831e-02 1.276762504e-02
    endloop
  endfacet
  facet normal 7.658479810e-01 -4.059588909e-01 4.986724555e-01
    outer loop
      vertex 9.891681373e-02 -1.328021102e-02 1.391451061e-02
      vertex 9.791681916e-02 -1.657552831e-02 1.276762504e-02
      vertex 9.891682118e-02 -1.836699620e-02 9.773445316e-03
    endloop
  endfacet
  facet normal 7.065082788e-01 -4.779509902e-01 5.219280720e-01
    outer loop
      vertex 9.791681916e-02 -1.657552831e-02 1.276762504e-02
      vertex 9.791682661e-02 -1.908409037e-02 1.047042385e-02
      vertex 9.891682118e-02 -1.836699620e-02 9.773445316e-03
    endloop
  endfacet
  facet normal 7.065082788e-01 -5.353128910e-01 4.629105926e-01
    outer loop
      vertex 9.891682118e-02 -1.836699620e-02 9.773445316e-03
      vertex 9.791682661e-02 -1.908409037e-02 1.047042385e-02
      vertex 9.791681916e-02 -2.130899951e-02 7.897525094e-03
    endloop
  endfacet
  facet normal 7.658500075e-01 -5.100176334e-01 3.916066289e-01
    outer loop
      vertex 9.891682118e-02 -1.836699620e-02 9.773445316e-03
      vertex 9.791681916e-02 -2.130899951e-02 7.897525094e-03
      vertex 9.891680628e-02 -2.236166969e-02 4.570920486e-03
    endloop
  endfacet
  facet normal 7.065141201e-01 -5.854278803e-01 3.976329267e-01
    outer loop
      vertex 9.791681916e-02 -2.130899951e-02 7.897525094e-03
      vertex 9.791683406e-02 -2.322016843e-02 5.083728116e-03
      vertex 9.891680628e-02 -2.236166969e-02 4.570920486e-03
    endloop
  endfacet
  facet normal 7.065143585e-01 -6.276336908e-01 3.269760609e-01
    outer loop
      vertex 9.891680628e-02 -2.236166969e-02 4.570920486e-03
      vertex 9.791683406e-02 -2.322016843e-02 5.083728116e-03
      vertex 9.791681170e-02 -2.479175478e-02 2.067092340e-03
    endloop
  endfacet
  facet normal 7.658486962e-01 -5.865812302e-01 2.634353340e-01
    outer loop
      vertex 9.891680628e-02 -2.236166969e-02 4.570920486e-03
      vertex 9.791681170e-02 -2.479175478e-02 2.067092340e-03
      vertex 9.891681373e-02 -2.504888549e-02 -1.412611571e-03
    endloop
  endfacet
  facet normal 7.065083981e-01 -6.613535881e-01 2.519073486e-01
    outer loop
      vertex 9.791681170e-02 -2.479175478e-02 2.067092340e-03
      vertex 9.791681916e-02 -2.600250579e-02 -1.111602294e-03
      vertex 9.891681373e-02 -2.504888549e-02 -1.412611571e-03
    endloop
  endfacet
  facet normal 7.065083981e-01 -6.861267090e-01 1.734242439e-01
    outer loop
      vertex 9.891681373e-02 -2.504888549e-02 -1.412611571e-03
      vertex 9.791681916e-02 -2.600250579e-02 -1.111602294e-03
      vertex 9.791681170e-02 -2.683604509e-02 -4.409361165e-03
    endloop
  endfacet
  facet normal 7.658489347e-01 -6.315222383e-01 1.210583523e-01
    outer loop
      vertex 9.891681373e-02 -2.504888549e-02 -1.412611571e-03
      vertex 9.791681170e-02 -2.683604509e-02 -4.409361165e-03
      vertex 9.891680628e-02 -2.628376894e-02 -7.854567841e-03
    endloop
  endfacet
  facet normal 7.065092921e-01 -7.016197443e-01 9.259774536e-02
    outer loop
      vertex 9.791681170e-02 -2.683604509e-02 -4.409361165e-03
      vertex 9.791681170e-02 -2.728109993e-02 -7.781593129e-03
      vertex 9.891680628e-02 -2.628376894e-02 -7.854567841e-03
    endloop
  endfacet
  facet normal 7.065093517e-01 -7.076255679e-01 1.051740441e-02
    outer loop
      vertex 9.891680628e-02 -2.628376894e-02 -7.854567841e-03
      vertex 9.791681170e-02 -2.728109993e-02 -7.781593129e-03
      vertex 9.791681170e-02 -2.733165398e-02 -1.118268818e-02
    endloop
  endfacet
  facet normal 7.658489943e-01 -6.424173713e-01 -2.784370258e-02
    outer loop
      vertex 9.891680628e-02 -2.628376894e-02 -7.854567841e-03
      vertex 9.791681170e-02 -2.733165398e-02 -1.118268818e-02
      vertex 9.891680628e-02 -2.599974535e-02 -1.440766547e-02
    endloop
  endfacet
  facet normal 7.065181136e-01 -7.040537596e-01 -7.169669122e-02
    outer loop
      vertex 9.791681170e-02 -2.733165398e-02 -1.118268818e-02
      vertex 9.791683406e-02 -2.698702738e-02 -1.456666645e-02
      vertex 9.891680628e-02 -2.599974535e-02 -1.440766547e-02
    endloop
  endfacet
  facet normal 7.065185308e-01 -6.909672618e-01 -1.529569328e-01
    outer loop
      vertex 9.891680628e-02 -2.599974535e-02 -1.440766547e-02
      vertex 9.791683406e-02 -2.698702738e-02 -1.456666645e-02
      vertex 9.791681916e-02 -2.625187300e-02 -1.788773760e-02
    endloop
  endfacet
  facet normal 7.658495307e-01 -6.186796427e-01 -1.752427369e-01
    outer loop
      vertex 9.891680628e-02 -2.599974535e-02 -1.440766547e-02
      vertex 9.791681916e-02 -2.625187300e-02 -1.788773760e-02
      vertex 9.891682118e-02 -2.421213128e-02 -2.071862668e-02
    endloop
  endfacet
  facet normal 7.065053582e-01 -6.685515642e-01 -2.321401089e-01
    outer loop
      vertex 9.791681916e-02 -2.625187300e-02 -1.788773760e-02
      vertex 9.791681916e-02 -2.513613179e-02 -2.110101469e-02
      vertex 9.891682118e-02 -2.421213128e-02 -2.071862668e-02
    endloop
  endfacet
  facet normal 7.065053582e-01 -6.370828152e-01 -3.081812263e-01
    outer loop
      vertex 9.891682118e-02 -2.421213128e-02 -2.071862668e-02
      vertex 9.791681916e-02 -2.513613179e-02 -2.110101469e-02
      vertex 9.791682661e-02 -2.365490235e-02 -2.416303940e-02
    endloop
  endfacet
  facet normal 7.658487558e-01 -5.615900755e-01 -3.131969571e-01
    outer loop
      vertex 9.891682118e-02 -2.421213128e-02 -2.071862668e-02
      vertex 9.791682661e-02 -2.365490235e-02 -2.416303940e-02
      vertex 9.891682863e-02 -2.101729624e-02 -2.644722536e-02
    endloop
  endfacet
  facet normal 7.065029740e-01 -5.969969630e-01 -3.800634444e-01
    outer loop
      vertex 9.791682661e-02 -2.365490235e-02 -2.416303940e-02
      vertex 9.791681916e-02 -2.182820439e-02 -2.703239210e-02
      vertex 9.891682863e-02 -2.101729624e-02 -2.644722536e-02
    endloop
  endfacet
  facet normal 7.065028548e-01 -5.488387942e-01 -4.467994273e-01
    outer loop
      vertex 9.891682863e-02 -2.101729624e-02 -2.644722536e-02
      vertex 9.791681916e-02 -2.182820439e-02 -2.703239210e-02
      vertex 9.791681916e-02 -1.968074776e-02 -2.967027947e-02
    endloop
  endfacet
  facet normal 7.658441663e-01 -4.742272794e-01 -4.342709184e-01
    outer loop
      vertex 9.891682863e-02 -2.101729624e-02 -2.644722536e-02
      vertex 9.791681916e-02 -1.968074776e-02 -2.967027947e-02
      vertex 9.891683608e-02 -1.658747345e-02 -3.128462285e-02
    endloop
  endfacet
  facet normal 7.065070271e-01 -4.932565093e-01 -5.074897408e-01
    outer loop
      vertex 9.791681916e-02 -1.968074776e-02 -2.967027947e-02
      vertex 9.791683406e-02 -1.724157669e-02 -3.204102814e-02
      vertex 9.891683608e-02 -1.658747345e-02 -3.128462285e-02
    endloop
  endfacet
  facet normal 7.065069079e-01 -4.309984148e-01 -5.613273382e-01
    outer loop
      vertex 9.891683608e-02 -1.658747345e-02 -3.128462285e-02
      vertex 9.791683406e-02 -1.724157669e-02 -3.204102814e-02
      vertex 9.791681170e-02 -1.454366371e-02 -3.411256522e-02
    endloop
  endfacet
  facet normal 7.658413053e-01 -3.612950146e-01 -5.319332480e-01
    outer loop
      vertex 9.891683608e-02 -1.658747345e-02 -3.128462285e-02
      vertex 9.791681170e-02 -1.454366371e-02 -3.411256522e-02
      vertex 9.891682118e-02 -1.116147451e-02 -3.497003764e-02
    endloop
  endfacet
  facet normal 7.065039277e-01 -3.629257083e-01 -6.075665951e-01
    outer loop
      vertex 9.791681170e-02 -1.454366371e-02 -3.411256522e-02
      vertex 9.791681170e-02 -1.162350457e-02 -3.585689887e-02
      vertex 9.891682118e-02 -1.116147451e-02 -3.497003764e-02
    endloop
  endfacet
  facet normal 7.065038681e-01 -2.899350822e-01 -6.455926895e-01
    outer loop
      vertex 9.891682118e-02 -1.116147451e-02 -3.497003764e-02
      vertex 9.791681170e-02 -1.162350457e-02 -3.585689887e-02
      vertex 9.791681170e-02 -8.520586416e-03 -3.725042194e-02
    endloop
  endfacet
  facet normal 7.658425570e-01 -2.288852483e-01 -6.009132266e-01
    outer loop
      vertex 9.891682118e-02 -1.116147451e-02 -3.497003764e-02
      vertex 9.791681170e-02 -8.520586416e-03 -3.725042194e-02
      vertex 9.891682118e-02 -5.031821318e-03 -3.730479255e-02
    endloop
  endfacet
  facet normal 7.065021396e-01 -2.130288929e-01 -6.748877168e-01
    outer loop
      vertex 9.891682118e-02 -5.031821318e-03 -3.730479255e-02
      vertex 9.791681170e-02 -8.520586416e-03 -3.725042194e-02
      vertex 9.791681170e-02 -5.276871845e-03 -3.827429935e-02
    endloop
  endfacet
  facet normal 7.046982646e-01 -9.283135831e-02 -7.034079432e-01
    outer loop
      vertex 9.891682118e-02 -5.031821318e-03 -3.730479255e-02
      vertex 9.791681170e-02 -5.276871845e-03 -3.827429935e-02
      vertex 9.891681373e-02 1.471042284e-03 -3.816301376e-02
    endloop
  endfacet
  facet normal 8.096893430e-01 -1.104855090e-01 -5.763646364e-01
    outer loop
      vertex 9.891681373e-02 1.471042284e-03 -3.816301376e-02
      vertex 9.791681170e-02 -5.276871845e-03 -3.827429935e-02
      vertex 9.791681170e-02 -1.936224638e-03 -3.891468048e-02
    endloop
  endfacet
  facet normal 7.065100670e-01 -5.164567009e-02 -7.058160305e-01
    outer loop
      vertex 9.891681373e-02 1.471042284e-03 -3.816301376e-02
      vertex 9.791681170e-02 -1.936224638e-03 -3.891468048e-02
      vertex 9.791681170e-02 1.456177561e-03 -3.916290775e-02
    endloop
  endfacet
endsolid left_elbow_link
