solid right_wrist_pitch_link
  facet normal -1.318081170e-01 -6.851972342e-01 7.163318992e-01
    outer loop
      vertex 2.545537986e-02 -2.225602977e-02 1.717366092e-02
      vertex 2.674922161e-02 -1.868089847e-02 2.083147503e-02
      vertex 2.594191581e-02 -1.841511019e-02 2.093716338e-02
    endloop
  endfacet
  facet normal -2.813348472e-01 -6.359673142e-01 7.186071873e-01
    outer loop
      vertex 3.226089105e-02 -2.088109218e-02 2.051162347e-02
      vertex 2.914405242e-02 -2.367504314e-02 1.681873389e-02
      vertex 3.395538032e-02 -2.164382115e-02 2.050000057e-02
    endloop
  endfacet
  facet normal -2.614758909e-01 -6.589120030e-01 7.053122520e-01
    outer loop
      vertex 3.395538032e-02 -2.164382115e-02 2.050000057e-02
      vertex 2.914405242e-02 -2.367504314e-02 1.681873389e-02
      vertex 3.167199343e-02 -2.478090860e-02 1.672278717e-02
    endloop
  endfacet
  facet normal -2.954782546e-01 -6.394976974e-01 7.097430825e-01
    outer loop
      vertex 3.395538032e-02 -2.164382115e-02 2.050000057e-02
      vertex 3.167199343e-02 -2.478090860e-02 1.672278717e-02
      vertex 3.556134924e-02 -2.238584869e-02 2.050000615e-02
    endloop
  endfacet
  facet normal -2.893454432e-01 -6.452388763e-01 7.070685625e-01
    outer loop
      vertex 3.556134924e-02 -2.238584869e-02 2.050000615e-02
      vertex 3.167199343e-02 -2.478090860e-02 1.672278717e-02
      vertex 3.395539150e-02 -2.582979761e-02 1.670002751e-02
    endloop
  endfacet
  facet normal -2.685632110e-01 -6.454668641e-01 7.150149345e-01
    outer loop
      vertex 3.226089105e-02 -2.088109218e-02 2.051162347e-02
      vertex 3.137477115e-02 -2.049320750e-02 2.052894793e-02
      vertex 2.914405242e-02 -2.367504314e-02 1.681873389e-02
    endloop
  endfacet
  facet normal -2.570098639e-01 -6.518081427e-01 7.135068774e-01
    outer loop
      vertex 2.914405242e-02 -2.367504314e-02 1.681873389e-02
      vertex 3.137477115e-02 -2.049320750e-02 2.052894793e-02
      vertex 3.062013537e-02 -2.017100342e-02 2.055146545e-02
    endloop
  endfacet
  facet normal -2.315693200e-01 -6.619033813e-01 7.129232883e-01
    outer loop
      vertex 2.914405242e-02 -2.367504314e-02 1.681873389e-02
      vertex 3.062013537e-02 -2.017100342e-02 2.055146545e-02
      vertex 2.861071564e-02 -2.345268242e-02 1.685194485e-02
    endloop
  endfacet
  facet normal -2.349927276e-01 -6.602610350e-01 7.133258581e-01
    outer loop
      vertex 2.861071564e-02 -2.345268242e-02 1.685194485e-02
      vertex 3.062013537e-02 -2.017100342e-02 2.055146545e-02
      vertex 2.902520820e-02 -1.952015236e-02 2.062847838e-02
    endloop
  endfacet
  facet normal -2.070861906e-01 -6.661986113e-01 7.164458632e-01
    outer loop
      vertex 2.861071564e-02 -2.345268242e-02 1.685194485e-02
      vertex 2.902520820e-02 -1.952015236e-02 2.062847838e-02
      vertex 2.718236111e-02 -2.288266085e-02 1.696912758e-02
    endloop
  endfacet
  facet normal -1.639384180e-01 -6.838661432e-01 7.109509706e-01
    outer loop
      vertex 2.718236111e-02 -2.288266085e-02 1.696912758e-02
      vertex 2.902520820e-02 -1.952015236e-02 2.062847838e-02
      vertex 2.545537986e-02 -2.225602977e-02 1.717366092e-02
    endloop
  endfacet
  facet normal -1.921392828e-01 -6.629857421e-01 7.235554457e-01
    outer loop
      vertex 2.545537986e-02 -2.225602977e-02 1.717366092e-02
      vertex 2.902520820e-02 -1.952015236e-02 2.062847838e-02
      vertex 2.746900544e-02 -1.893301308e-02 2.075321972e-02
    endloop
  endfacet
  facet normal -1.591428220e-01 -6.773033738e-01 7.182852626e-01
    outer loop
      vertex 2.545537986e-02 -2.225602977e-02 1.717366092e-02
      vertex 2.746900544e-02 -1.893301308e-02 2.075321972e-02
      vertex 2.674922161e-02 -1.868089847e-02 2.083147503e-02
    endloop
  endfacet
  facet normal -8.241397887e-02 -6.911171675e-01 7.180285454e-01
    outer loop
      vertex 2.443260513e-02 -1.797062904e-02 2.119174972e-02
      vertex 2.300867997e-02 -2.152325585e-02 1.760883816e-02
      vertex 2.594191581e-02 -1.841511019e-02 2.093716338e-02
    endloop
  endfacet
  facet normal -5.033370852e-02 -7.074294090e-01 7.049894929e-01
    outer loop
      vertex 2.594191581e-02 -1.841511019e-02 2.093716338e-02
      vertex 2.300867997e-02 -2.152325585e-02 1.760883816e-02
      vertex 2.389407158e-02 -2.176470682e-02 1.742976531e-02
    endloop
  endfacet
  facet normal -9.950459749e-02 -6.899393797e-01 7.169954777e-01
    outer loop
      vertex 2.594191581e-02 -1.841511019e-02 2.093716338e-02
      vertex 2.389407158e-02 -2.176470682e-02 1.742976531e-02
      vertex 2.545537986e-02 -2.225602977e-02 1.717366092e-02
    endloop
  endfacet
  facet normal 1.200849563e-01 -7.075544596e-01 6.963808537e-01
    outer loop
      vertex 2.070503123e-02 -1.718654484e-02 2.217570506e-02
      vertex 1.814789325e-02 -2.070429735e-02 1.904246584e-02
      vertex 2.089483477e-02 -1.721559092e-02 2.211346291e-02
    endloop
  endfacet
  facet normal 1.563110799e-01 -7.191022635e-01 6.770958304e-01
    outer loop
      vertex 2.089483477e-02 -1.721559092e-02 2.211346291e-02
      vertex 1.814789325e-02 -2.070429735e-02 1.904246584e-02
      vertex 1.963663101e-02 -2.086902782e-02 1.852383278e-02
    endloop
  endfacet
  facet normal 7.961937040e-02 -7.124425173e-01 6.971989870e-01
    outer loop
      vertex 2.089483477e-02 -1.721559092e-02 2.211346291e-02
      vertex 1.963663101e-02 -2.086902782e-02 1.852383278e-02
      vertex 2.239456214e-02 -1.748578623e-02 2.166609280e-02
    endloop
  endfacet
  facet normal 1.124680340e-01 -7.238867879e-01 6.806899905e-01
    outer loop
      vertex 2.239456214e-02 -1.748578623e-02 2.166609280e-02
      vertex 1.963663101e-02 -2.086902782e-02 1.852383278e-02
      vertex 2.018493786e-02 -2.094737440e-02 1.834991947e-02
    endloop
  endfacet
  facet normal 3.259682655e-02 -7.021809816e-01 7.112519145e-01
    outer loop
      vertex 2.239456214e-02 -1.748578623e-02 2.166609280e-02
      vertex 2.018493786e-02 -2.094737440e-02 1.834991947e-02
      vertex 2.305586450e-02 -1.762822643e-02 2.149516158e-02
    endloop
  endfacet
  facet normal 7.986859232e-02 -7.211684585e-01 6.881403327e-01
    outer loop
      vertex 2.305586450e-02 -1.762822643e-02 2.149516158e-02
      vertex 2.018493786e-02 -2.094737440e-02 1.834991947e-02
      vertex 2.112348005e-02 -2.110601962e-02 1.807472855e-02
    endloop
  endfacet
  facet normal -3.227206413e-03 -7.002871037e-01 7.138540149e-01
    outer loop
      vertex 2.305586450e-02 -1.762822643e-02 2.149516158e-02
      vertex 2.112348005e-02 -2.110601962e-02 1.807472855e-02
      vertex 2.387884632e-02 -1.782556809e-02 2.130529098e-02
    endloop
  endfacet
  facet normal 3.576532006e-02 -7.163088322e-01 6.968662143e-01
    outer loop
      vertex 2.387884632e-02 -1.782556809e-02 2.130529098e-02
      vertex 2.112348005e-02 -2.110601962e-02 1.807472855e-02
      vertex 2.211810462e-02 -2.130945772e-02 1.781456731e-02
    endloop
  endfacet
  facet normal -3.626656905e-02 -6.981278062e-01 7.150540948e-01
    outer loop
      vertex 2.387884632e-02 -1.782556809e-02 2.130529098e-02
      vertex 2.211810462e-02 -2.130945772e-02 1.781456731e-02
      vertex 2.443260513e-02 -1.797062904e-02 2.119174972e-02
    endloop
  endfacet
  facet normal 1.441041008e-03 -7.116261721e-01 7.025568485e-01
    outer loop
      vertex 2.443260513e-02 -1.797062904e-02 2.119174972e-02
      vertex 2.211810462e-02 -2.130945772e-02 1.781456731e-02
      vertex 2.260472625e-02 -2.142260037e-02 1.769896597e-02
    endloop
  endfacet
  facet normal -1.813341491e-02 -7.063722610e-01 7.076082230e-01
    outer loop
      vertex 2.443260513e-02 -1.797062904e-02 2.119174972e-02
      vertex 2.260472625e-02 -2.142260037e-02 1.769896597e-02
      vertex 2.300867997e-02 -2.152325585e-02 1.760883816e-02
    endloop
  endfacet
  facet normal 1.988048255e-01 -7.151661515e-01 6.700850725e-01
    outer loop
      vertex 1.772792637e-02 -1.686187461e-02 2.329051122e-02
      vertex 1.664559916e-02 -2.059815824e-02 1.962397434e-02
      vertex 1.929662004e-02 -1.700413413e-02 2.267327160e-02
    endloop
  endfacet
  facet normal 2.069075257e-01 -7.172019482e-01 6.654402018e-01
    outer loop
      vertex 1.929662004e-02 -1.700413413e-02 2.267327160e-02
      vertex 1.664559916e-02 -2.059815824e-02 1.962397434e-02
      vertex 1.814789325e-02 -2.070429735e-02 1.904246584e-02
    endloop
  endfacet
  facet normal 1.569242030e-01 -7.160990238e-01 6.801301241e-01
    outer loop
      vertex 1.929662004e-02 -1.700413413e-02 2.267327160e-02
      vertex 1.814789325e-02 -2.070429735e-02 1.904246584e-02
      vertex 2.025259845e-02 -1.712175272e-02 2.232886292e-02
    endloop
  endfacet
  facet normal 1.319621205e-01 -7.110664845e-01 6.906304955e-01
    outer loop
      vertex 2.025259845e-02 -1.712175272e-02 2.232886292e-02
      vertex 1.814789325e-02 -2.070429735e-02 1.904246584e-02
      vertex 2.070503123e-02 -1.718654484e-02 2.217570506e-02
    endloop
  endfacet
  facet normal 2.942282259e-01 -7.070968747e-01 6.429958940e-01
    outer loop
      vertex 1.204463094e-02 -1.670003496e-02 2.582979202e-02
      vertex 1.043866947e-02 -2.050001919e-02 2.238585427e-02
      vertex 1.364505664e-02 -1.670859195e-02 2.508804388e-02
    endloop
  endfacet
  facet normal 2.972228825e-01 -7.079644799e-01 6.406597495e-01
    outer loop
      vertex 1.364505664e-02 -1.670859195e-02 2.508804388e-02
      vertex 1.043866947e-02 -2.050001919e-02 2.238585427e-02
      vertex 1.204461977e-02 -2.050000057e-02 2.164082229e-02
    endloop
  endfacet
  facet normal 2.805764675e-01 -7.078434229e-01 6.482549906e-01
    outer loop
      vertex 1.364505664e-02 -1.670859195e-02 2.508804388e-02
      vertex 1.204461977e-02 -2.050000057e-02 2.164082229e-02
      vertex 1.521740668e-02 -1.673955657e-02 2.437369153e-02
    endloop
  endfacet
  facet normal 2.837403417e-01 -7.087717056e-01 6.458591819e-01
    outer loop
      vertex 1.521740668e-02 -1.673955657e-02 2.437369153e-02
      vertex 1.204461977e-02 -2.050000057e-02 2.164082229e-02
      vertex 1.475419104e-02 -2.052727342e-02 2.042051777e-02
    endloop
  endfacet
  facet normal 2.502996325e-01 -7.135555148e-01 6.543611884e-01
    outer loop
      vertex 1.521740668e-02 -1.673955657e-02 2.437369153e-02
      vertex 1.475419104e-02 -2.052727342e-02 2.042051777e-02
      vertex 1.749727130e-02 -1.684573293e-02 2.338583954e-02
    endloop
  endfacet
  facet normal 2.621423006e-01 -7.162433863e-01 6.467432380e-01
    outer loop
      vertex 1.749727130e-02 -1.684573293e-02 2.338583954e-02
      vertex 1.475419104e-02 -2.052727342e-02 2.042051777e-02
      vertex 1.511999406e-02 -2.053670771e-02 2.026179992e-02
    endloop
  endfacet
  facet normal 2.259524018e-01 -7.100273371e-01 6.669383049e-01
    outer loop
      vertex 1.749727130e-02 -1.684573293e-02 2.338583954e-02
      vertex 1.511999406e-02 -2.053670771e-02 2.026179992e-02
      vertex 1.772792637e-02 -1.686187461e-02 2.329051122e-02
    endloop
  endfacet
  facet normal 2.502778471e-01 -7.153313160e-01 6.524278522e-01
    outer loop
      vertex 1.772792637e-02 -1.686187461e-02 2.329051122e-02
      vertex 1.511999406e-02 -2.053670771e-02 2.026179992e-02
      vertex 1.612292603e-02 -2.057260461e-02 1.983770728e-02
    endloop
  endfacet
  facet normal 2.345410436e-01 -7.146397233e-01 6.589996815e-01
    outer loop
      vertex 1.772792637e-02 -1.686187461e-02 2.329051122e-02
      vertex 1.612292603e-02 -2.057260461e-02 1.983770728e-02
      vertex 1.664559916e-02 -2.059815824e-02 1.962397434e-02
    endloop
  endfacet
  facet normal -2.952102721e-01 -6.425397396e-01 -7.071022391e-01
    outer loop
      vertex 3.556137159e-02 -2.238584682e-02 -2.249998040e-02
      vertex 3.395535797e-02 -2.582976408e-02 -1.870001294e-02
      vertex 3.395538032e-02 -2.164796181e-02 -2.250000089e-02
    endloop
  endfacet
  facet normal -2.932394445e-01 -6.429477930e-01 -7.075512409e-01
    outer loop
      vertex 3.395538032e-02 -2.164796181e-02 -2.250000089e-02
      vertex 3.395535797e-02 -2.582976408e-02 -1.870001294e-02
      vertex 3.178314865e-02 -2.483739331e-02 -1.870151795e-02
    endloop
  endfacet
  facet normal -2.850818932e-01 -6.475141644e-01 -7.067204118e-01
    outer loop
      vertex 3.395538032e-02 -2.164796181e-02 -2.250000089e-02
      vertex 3.178314865e-02 -2.483739331e-02 -1.870151795e-02
      vertex 3.186056390e-02 -2.072412148e-02 -2.250142395e-02
    endloop
  endfacet
  facet normal -2.788662016e-01 -6.488171220e-01 -7.080042362e-01
    outer loop
      vertex 3.186056390e-02 -2.072412148e-02 -2.250142395e-02
      vertex 3.178314865e-02 -2.483739331e-02 -1.870151795e-02
      vertex 2.970218658e-02 -2.393378131e-02 -1.870994829e-02
    endloop
  endfacet
  facet normal -2.685976326e-01 -6.543719769e-01 -7.068610787e-01
    outer loop
      vertex 3.186056390e-02 -2.072412148e-02 -2.250142395e-02
      vertex 2.970218658e-02 -2.393378131e-02 -1.870994829e-02
      vertex 2.984040044e-02 -1.988523453e-02 -2.251038328e-02
    endloop
  endfacet
  facet normal -2.575142384e-01 -6.566427946e-01 -7.088770270e-01
    outer loop
      vertex 2.984040044e-02 -1.988523453e-02 -2.251038328e-02
      vertex 2.970218658e-02 -2.393378131e-02 -1.870994829e-02
      vertex 2.770576812e-02 -2.312489040e-02 -1.873399504e-02
    endloop
  endfacet
  facet normal -2.502806783e-01 -6.603807807e-01 -7.079949379e-01
    outer loop
      vertex 2.984040044e-02 -1.988523453e-02 -2.251038328e-02
      vertex 2.770576812e-02 -2.312489040e-02 -1.873399504e-02
      vertex 2.867466770e-02 -1.943035424e-02 -2.252257802e-02
    endloop
  endfacet
  facet normal -2.359734476e-01 -6.648660302e-01 -7.087098956e-01
    outer loop
      vertex 2.867466770e-02 -1.943035424e-02 -2.252257802e-02
      vertex 2.770576812e-02 -2.312489040e-02 -1.873399504e-02
      vertex 2.788851224e-02 -1.913785748e-02 -2.253521979e-02
    endloop
  endfacet
  facet normal -2.309144884e-01 -6.658265591e-01 -7.094741464e-01
    outer loop
      vertex 2.770576812e-02 -2.312489040e-02 -1.873399504e-02
      vertex 2.620929107e-02 -2.256694436e-02 -1.877055317e-02
      vertex 2.788851224e-02 -1.913785748e-02 -2.253521979e-02
    endloop
  endfacet
  facet normal -2.128262222e-01 -6.732264757e-01 -7.081462145e-01
    outer loop
      vertex 2.788851224e-02 -1.913785748e-02 -2.253521979e-02
      vertex 2.620929107e-02 -2.256694436e-02 -1.877055317e-02
      vertex 2.578528412e-02 -2.241785452e-02 -1.878486015e-02
    endloop
  endfacet
  facet normal -2.122464478e-01 -6.734999418e-01 -7.080602050e-01
    outer loop
      vertex 2.788851224e-02 -1.913785748e-02 -2.253521979e-02
      vertex 2.578528412e-02 -2.241785452e-02 -1.878486015e-02
      vertex 2.599945106e-02 -1.848849654e-02 -2.258662507e-02
    endloop
  endfacet
  facet normal -1.826979816e-01 -6.784775853e-01 -7.115403414e-01
    outer loop
      vertex 2.599945106e-02 -1.848849654e-02 -2.258662507e-02
      vertex 2.578528412e-02 -2.241785452e-02 -1.878486015e-02
      vertex 2.384074777e-02 -2.179418691e-02 -1.888026111e-02
    endloop
  endfacet
  facet normal -1.806474775e-01 -6.794080138e-01 -7.111759186e-01
    outer loop
      vertex 2.599945106e-02 -1.848849654e-02 -2.258662507e-02
      vertex 2.384074777e-02 -2.179418691e-02 -1.888026111e-02
      vertex 2.510838769e-02 -1.821153425e-02 -2.262487449e-02
    endloop
  endfacet
  facet normal -1.438472420e-01 -6.902691722e-01 -7.091096044e-01
    outer loop
      vertex 2.510838769e-02 -1.821153425e-02 -2.262487449e-02
      vertex 2.384074777e-02 -2.179418691e-02 -1.888026111e-02
      vertex 2.310605720e-02 -2.158747055e-02 -1.893244870e-02
    endloop
  endfacet
  facet normal -1.557470858e-01 -6.855089664e-01 -7.112104297e-01
    outer loop
      vertex 2.510838769e-02 -1.821153425e-02 -2.262487449e-02
      vertex 2.310605720e-02 -2.158747055e-02 -1.893244870e-02
      vertex 2.417087927e-02 -1.794328541e-02 -2.267812565e-02
    endloop
  endfacet
  facet normal -1.167081669e-01 -6.950656772e-01 -7.094102502e-01
    outer loop
      vertex 2.417087927e-02 -1.794328541e-02 -2.267812565e-02
      vertex 2.310605720e-02 -2.158747055e-02 -1.893244870e-02
      vertex 2.232176065e-02 -2.138632350e-02 -1.900050044e-02
    endloop
  endfacet
  facet normal -1.360264122e-01 -6.881787181e-01 -7.126758099e-01
    outer loop
      vertex 2.417087927e-02 -1.794328541e-02 -2.267812565e-02
      vertex 2.232176065e-02 -2.138632350e-02 -1.900050044e-02
      vertex 2.385483123e-02 -1.785857603e-02 -2.269960009e-02
    endloop
  endfacet
  facet normal -1.185744405e-01 -6.935592294e-01 -7.105742097e-01
    outer loop
      vertex 2.385483123e-02 -1.785857603e-02 -2.269960009e-02
      vertex 2.232176065e-02 -2.138632350e-02 -1.900050044e-02
      vertex 2.310115658e-02 -1.766881160e-02 -2.275905386e-02
    endloop
  endfacet
  facet normal -7.049133629e-02 -7.018624544e-01 -7.088159919e-01
    outer loop
      vertex 2.310115658e-02 -1.766881160e-02 -2.275905386e-02
      vertex 2.232176065e-02 -2.138632350e-02 -1.900050044e-02
      vertex 2.081452869e-02 -2.106057666e-02 -1.917315833e-02
    endloop
  endfacet
  facet normal -8.948024362e-02 -6.944718957e-01 -7.139342427e-01
    outer loop
      vertex 2.310115658e-02 -1.766881160e-02 -2.275905386e-02
      vertex 2.081452869e-02 -2.106057666e-02 -1.917315833e-02
      vertex 2.233537845e-02 -1.749415509e-02 -2.283297107e-02
    endloop
  endfacet
  facet normal 9.079910815e-02 -7.129770517e-01 -6.952835917e-01
    outer loop
      vertex 1.934274286e-02 -1.699174196e-02 -2.329144254e-02
      vertex 1.740739495e-02 -2.062484436e-02 -1.981862821e-02
      vertex 1.801338047e-02 -1.685872115e-02 -2.360145375e-02
    endloop
  endfacet
  facet normal 1.427472532e-01 -7.127516866e-01 -6.867374182e-01
    outer loop
      vertex 1.801338047e-02 -1.685872115e-02 -2.360145375e-02
      vertex 1.740739495e-02 -2.062484436e-02 -1.981862821e-02
      vertex 1.636835374e-02 -2.056423575e-02 -2.009751089e-02
    endloop
  endfacet
  facet normal 1.361876875e-01 -7.119158506e-01 -6.889330745e-01
    outer loop
      vertex 1.801338047e-02 -1.685872115e-02 -2.360145375e-02
      vertex 1.636835374e-02 -2.056423575e-02 -2.009751089e-02
      vertex 1.740198769e-02 -1.681405306e-02 -2.376847155e-02
    endloop
  endfacet
  facet normal -4.486707225e-02 -7.060811520e-01 -7.067080736e-01
    outer loop
      vertex 2.233537845e-02 -1.749415509e-02 -2.283297107e-02
      vertex 2.081452869e-02 -2.106057666e-02 -1.917315833e-02
      vertex 2.083314955e-02 -1.720605418e-02 -2.302544378e-02
    endloop
  endfacet
  facet normal -2.458261093e-03 -7.068934441e-01 -7.073158026e-01
    outer loop
      vertex 2.083314955e-02 -1.720605418e-02 -2.302544378e-02
      vertex 2.081452869e-02 -2.106057666e-02 -1.917315833e-02
      vertex 1.931205764e-02 -2.081863955e-02 -1.940972917e-02
    endloop
  endfacet
  facet normal 3.567280248e-03 -7.081583142e-01 -7.060446739e-01
    outer loop
      vertex 2.083314955e-02 -1.720605418e-02 -2.302544378e-02
      vertex 1.931205764e-02 -2.081863955e-02 -1.940972917e-02
      vertex 2.019144967e-02 -1.710502617e-02 -2.313001640e-02
    endloop
  endfacet
  facet normal 4.986900836e-02 -7.127299905e-01 -6.996635199e-01
    outer loop
      vertex 2.019144967e-02 -1.710502617e-02 -2.313001640e-02
      vertex 1.931205764e-02 -2.081863955e-02 -1.940972917e-02
      vertex 1.855977625e-02 -2.072784677e-02 -1.955583692e-02
    endloop
  endfacet
  facet normal 3.877895325e-02 -7.105799317e-01 -7.025470138e-01
    outer loop
      vertex 2.019144967e-02 -1.710502617e-02 -2.313001640e-02
      vertex 1.855977625e-02 -2.072784677e-02 -1.955583692e-02
      vertex 1.934274286e-02 -1.699174196e-02 -2.329144254e-02
    endloop
  endfacet
  facet normal 7.999507338e-02 -7.131270766e-01 -6.964557171e-01
    outer loop
      vertex 1.934274286e-02 -1.699174196e-02 -2.329144254e-02
      vertex 1.855977625e-02 -2.072784677e-02 -1.955583692e-02
      vertex 1.804174483e-02 -2.067644894e-02 -1.966796629e-02
    endloop
  endfacet
  facet normal 1.056625396e-01 -7.159494758e-01 -6.901100278e-01
    outer loop
      vertex 1.934274286e-02 -1.699174196e-02 -2.329144254e-02
      vertex 1.804174483e-02 -2.067644894e-02 -1.966796629e-02
      vertex 1.740739495e-02 -2.062484436e-02 -1.981862821e-02
    endloop
  endfacet
  facet normal 2.721928656e-01 -7.089735270e-01 -6.505901814e-01
    outer loop
      vertex 1.204460859e-02 -2.050000057e-02 -2.166514657e-02
      vertex 1.262605563e-02 -1.670018025e-02 -2.556269430e-02
      vertex 1.457099244e-02 -1.671131887e-02 -2.473683655e-02
    endloop
  endfacet
  facet normal 1.713621765e-01 -7.128864527e-01 -6.800205112e-01
    outer loop
      vertex 1.740198769e-02 -1.681405306e-02 -2.376847155e-02
      vertex 1.636835374e-02 -2.056423575e-02 -2.009751089e-02
      vertex 1.634375565e-02 -1.675791107e-02 -2.409399673e-02
    endloop
  endfacet
  facet normal 1.957692653e-01 -7.095106840e-01 -6.769556403e-01
    outer loop
      vertex 1.634375565e-02 -1.675791107e-02 -2.409399673e-02
      vertex 1.636835374e-02 -2.056423575e-02 -2.009751089e-02
      vertex 1.461428031e-02 -2.051342092e-02 -2.065803111e-02
    endloop
  endfacet
  facet normal 2.117516994e-01 -7.110062242e-01 -6.705455780e-01
    outer loop
      vertex 1.634375565e-02 -1.675791107e-02 -2.409399673e-02
      vertex 1.461428031e-02 -2.051342092e-02 -2.065803111e-02
      vertex 1.528331265e-02 -1.672420092e-02 -2.446461841e-02
    endloop
  endfacet
  facet normal 2.362397313e-01 -7.091054320e-01 -6.643494964e-01
    outer loop
      vertex 1.528331265e-02 -1.672420092e-02 -2.446461841e-02
      vertex 1.461428031e-02 -2.051342092e-02 -2.065803111e-02
      vertex 1.366954297e-02 -2.050362714e-02 -2.100442909e-02
    endloop
  endfacet
  facet normal 2.404024154e-01 -7.093119025e-01 -6.626336575e-01
    outer loop
      vertex 1.528331265e-02 -1.672420092e-02 -2.446461841e-02
      vertex 1.366954297e-02 -2.050362714e-02 -2.100442909e-02
      vertex 1.457099244e-02 -1.671131887e-02 -2.473683655e-02
    endloop
  endfacet
  facet normal 2.581273913e-01 -7.081567645e-01 -6.571789980e-01
    outer loop
      vertex 1.457099244e-02 -1.671131887e-02 -2.473683655e-02
      vertex 1.366954297e-02 -2.050362714e-02 -2.100442909e-02
      vertex 1.273955032e-02 -2.050036192e-02 -2.137323096e-02
    endloop
  endfacet
  facet normal 2.727693915e-01 -7.090736628e-01 -6.502395272e-01
    outer loop
      vertex 1.457099244e-02 -1.671131887e-02 -2.473683655e-02
      vertex 1.273955032e-02 -2.050036192e-02 -2.137323096e-02
      vertex 1.204460859e-02 -2.050000057e-02 -2.166514657e-02
    endloop
  endfacet
  facet normal 2.883031964e-01 -7.067669034e-01 -6.460354924e-01
    outer loop
      vertex 1.204460859e-02 -2.050000057e-02 -2.166514657e-02
      vertex 1.066724584e-02 -2.050000057e-02 -2.227981575e-02
      vertex 1.262605563e-02 -1.670018025e-02 -2.556269430e-02
    endloop
  endfacet
  facet normal 2.973454297e-01 -7.073349953e-01 -6.412978172e-01
    outer loop
      vertex 1.262605563e-02 -1.670018025e-02 -2.556269430e-02
      vertex 1.066724584e-02 -2.050000057e-02 -2.227981575e-02
      vertex 1.043871790e-02 -2.049999498e-02 -2.238578163e-02
    endloop
  endfacet
  facet normal 2.949938774e-01 -7.071025372e-01 -6.426388025e-01
    outer loop
      vertex 1.262605563e-02 -1.670018025e-02 -2.556269430e-02
      vertex 1.043871790e-02 -2.049999498e-02 -2.238578163e-02
      vertex 1.204462722e-02 -1.670002751e-02 -2.582975850e-02
    endloop
  endfacet
  facet normal -2.774510384e-01 6.477484703e-01 -7.095370889e-01
    outer loop
      vertex 3.395539150e-02 2.582977898e-02 -1.870000362e-02
      vertex 3.357033432e-02 2.358333953e-02 -2.060024627e-02
      vertex 3.222979978e-02 2.508877218e-02 -1.870172098e-02
    endloop
  endfacet
  facet normal -2.569944263e-01 6.606560349e-01 -7.053279281e-01
    outer loop
      vertex 3.222979978e-02 2.508877218e-02 -1.870172098e-02
      vertex 3.357033432e-02 2.358333953e-02 -2.060024627e-02
      vertex 3.222278506e-02 2.305643633e-02 -2.060278319e-02
    endloop
  endfacet
  facet normal -2.339057922e-01 6.646074057e-01 -7.096372843e-01
    outer loop
      vertex 3.222979978e-02 2.508877218e-02 -1.870172098e-02
      vertex 3.222278506e-02 2.305643633e-02 -2.060278319e-02
      vertex 3.046520054e-02 2.445482090e-02 -1.871380955e-02
    endloop
  endfacet
  facet normal -2.084431648e-01 6.832814217e-01 -6.997699142e-01
    outer loop
      vertex 3.046520054e-02 2.445482090e-02 -1.871380955e-02
      vertex 3.222278506e-02 2.305643633e-02 -2.060278319e-02
      vertex 2.939468436e-02 2.216288634e-02 -2.063286118e-02
    endloop
  endfacet
  facet normal -1.869418472e-01 6.805269122e-01 -7.084743381e-01
    outer loop
      vertex 3.046520054e-02 2.445482090e-02 -1.871380955e-02
      vertex 2.939468436e-02 2.216288634e-02 -2.063286118e-02
      vertex 2.865942009e-02 2.392407693e-02 -1.874713413e-02
    endloop
  endfacet
  facet normal -1.375225931e-01 6.965684295e-01 -7.041873932e-01
    outer loop
      vertex 2.865942009e-02 2.392407693e-02 -1.874713413e-02
      vertex 2.939468436e-02 2.216288634e-02 -2.063286118e-02
      vertex 2.680892870e-02 2.349201776e-02 -1.881313138e-02
    endloop
  endfacet
  facet normal -1.329049319e-01 7.008873224e-01 -7.007804513e-01
    outer loop
      vertex 2.680892870e-02 2.349201776e-02 -1.881313138e-02
      vertex 2.939468436e-02 2.216288634e-02 -2.063286118e-02
      vertex 2.639779821e-02 2.149018086e-02 -2.073730156e-02
    endloop
  endfacet
  facet normal -9.671962261e-02 6.999872327e-01 -7.075755596e-01
    outer loop
      vertex 2.680892870e-02 2.349201776e-02 -1.881313138e-02
      vertex 2.639779821e-02 2.149018086e-02 -2.073730156e-02
      vertex 2.583327144e-02 2.330536582e-02 -1.886441745e-02
    endloop
  endfacet
  facet normal -5.214085430e-02 7.120265961e-01 -7.002138495e-01
    outer loop
      vertex 2.334950119e-02 2.104138769e-02 -2.096667700e-02
      vertex 2.391872555e-02 2.301191166e-02 -1.900529675e-02
      vertex 2.639779821e-02 2.149018086e-02 -2.073730156e-02
    endloop
  endfacet
  facet normal -4.556410387e-02 7.172160149e-01 -6.953597069e-01
    outer loop
      vertex 2.639779821e-02 2.149018086e-02 -2.073730156e-02
      vertex 2.391872555e-02 2.301191166e-02 -1.900529675e-02
      vertex 2.490999550e-02 2.315246873e-02 -1.892527565e-02
    endloop
  endfacet
  facet normal -7.037563622e-02 7.056163549e-01 -7.050906420e-01
    outer loop
      vertex 2.639779821e-02 2.149018086e-02 -2.073730156e-02
      vertex 2.490999550e-02 2.315246873e-02 -1.892527565e-02
      vertex 2.583327144e-02 2.330536582e-02 -1.886441745e-02
    endloop
  endfacet
  facet normal 3.261134773e-02 7.110680938e-01 -7.023664713e-01
    outer loop
      vertex 2.018071152e-02 2.076960541e-02 -2.138895541e-02
      vertex 2.014934085e-02 2.266277000e-02 -1.947379299e-02
      vertex 2.334950119e-02 2.104138769e-02 -2.096667700e-02
    endloop
  endfacet
  facet normal 4.571317881e-02 7.239800096e-01 -6.883046031e-01
    outer loop
      vertex 2.334950119e-02 2.104138769e-02 -2.096667700e-02
      vertex 2.014934085e-02 2.266277000e-02 -1.947379299e-02
      vertex 2.190499194e-02 2.279267460e-02 -1.922055520e-02
    endloop
  endfacet
  facet normal -1.075856970e-03 7.056161761e-01 -7.085934281e-01
    outer loop
      vertex 2.334950119e-02 2.104138769e-02 -2.096667700e-02
      vertex 2.190499194e-02 2.279267460e-02 -1.922055520e-02
      vertex 2.391872555e-02 2.301191166e-02 -1.900529675e-02
    endloop
  endfacet
  facet normal 1.561333686e-01 7.075837851e-01 -6.891644001e-01
    outer loop
      vertex 1.625211164e-02 2.252304554e-02 -2.029675245e-02
      vertex 1.733965427e-02 2.254573442e-02 -2.002706937e-02
      vertex 1.706221141e-02 2.064278349e-02 -2.204373665e-02
    endloop
  endfacet
  facet normal 1.341350675e-01 7.114652991e-01 -6.898006201e-01
    outer loop
      vertex 1.706221141e-02 2.064278349e-02 -2.204373665e-02
      vertex 1.733965427e-02 2.254573442e-02 -2.002706937e-02
      vertex 1.796579361e-02 2.256381325e-02 -1.988666691e-02
    endloop
  endfacet
  facet normal 1.150936186e-01 7.173891068e-01 -6.870999336e-01
    outer loop
      vertex 1.706221141e-02 2.064278349e-02 -2.204373665e-02
      vertex 1.796579361e-02 2.256381325e-02 -1.988666691e-02
      vertex 2.018071152e-02 2.076960541e-02 -2.138895541e-02
    endloop
  endfacet
  facet normal 1.029181331e-01 7.101871967e-01 -6.964495778e-01
    outer loop
      vertex 2.018071152e-02 2.076960541e-02 -2.138895541e-02
      vertex 1.796579361e-02 2.256381325e-02 -1.988666691e-02
      vertex 1.988622360e-02 2.264749072e-02 -1.951754652e-02
    endloop
  endfacet
  facet normal 7.525081933e-02 7.097789049e-01 -7.003936172e-01
    outer loop
      vertex 2.018071152e-02 2.076960541e-02 -2.138895541e-02
      vertex 1.988622360e-02 2.264749072e-02 -1.951754652e-02
      vertex 2.014934085e-02 2.266277000e-02 -1.947379299e-02
    endloop
  endfacet
  facet normal 2.269306332e-01 7.068732381e-01 -6.699497700e-01
    outer loop
      vertex 1.335396990e-02 2.250070497e-02 -2.119156159e-02
      vertex 1.420276985e-02 2.250314131e-02 -2.090147883e-02
      vertex 1.416176185e-02 2.060444094e-02 -2.291871421e-02
    endloop
  endfacet
  facet normal 2.122868299e-01 7.094227672e-01 -6.720518470e-01
    outer loop
      vertex 1.416176185e-02 2.060444094e-02 -2.291871421e-02
      vertex 1.420276985e-02 2.250314131e-02 -2.090147883e-02
      vertex 1.458714530e-02 2.250512689e-02 -2.077796683e-02
    endloop
  endfacet
  facet normal 1.934632361e-01 7.142621279e-01 -6.726080775e-01
    outer loop
      vertex 1.416176185e-02 2.060444094e-02 -2.291871421e-02
      vertex 1.458714530e-02 2.250512689e-02 -2.077796683e-02
      vertex 1.706221141e-02 2.064278349e-02 -2.204373665e-02
    endloop
  endfacet
  facet normal 1.900909841e-01 7.120339870e-01 -6.759238243e-01
    outer loop
      vertex 1.706221141e-02 2.064278349e-02 -2.204373665e-02
      vertex 1.458714530e-02 2.250512689e-02 -2.077796683e-02
      vertex 1.606296003e-02 2.252009138e-02 -2.034715749e-02
    endloop
  endfacet
  facet normal 1.711746156e-01 7.091915607e-01 -6.839200258e-01
    outer loop
      vertex 1.706221141e-02 2.064278349e-02 -2.204373665e-02
      vertex 1.606296003e-02 2.252009138e-02 -2.034715749e-02
      vertex 1.625211164e-02 2.252304554e-02 -2.029675245e-02
    endloop
  endfacet
  facet normal 2.464581728e-01 7.078881860e-01 -6.619310379e-01
    outer loop
      vertex 1.335396990e-02 2.250070497e-02 -2.119156159e-02
      vertex 1.416176185e-02 2.060444094e-02 -2.291871421e-02
      vertex 1.238887385e-02 2.250001207e-02 -2.155163884e-02
    endloop
  endfacet
  facet normal 2.600110173e-01 7.128908634e-01 -6.512917280e-01
    outer loop
      vertex 1.238887385e-02 2.250001207e-02 -2.155163884e-02
      vertex 1.416176185e-02 2.060444094e-02 -2.291871421e-02
      vertex 1.154611260e-02 2.060003206e-02 -2.396776900e-02
    endloop
  endfacet
  facet normal 2.585052848e-01 7.134885788e-01 -6.512365341e-01
    outer loop
      vertex 1.238887385e-02 2.250001207e-02 -2.155163884e-02
      vertex 1.154611260e-02 2.060003206e-02 -2.396776900e-02
      vertex 1.204461977e-02 2.250000089e-02 -2.168830112e-02
    endloop
  endfacet
  facet normal 2.982834578e-01 7.000904679e-01 -6.487683058e-01
    outer loop
      vertex 1.204461977e-02 2.250000089e-02 -2.168830112e-02
      vertex 1.154611260e-02 2.060003206e-02 -2.396776900e-02
      vertex 1.124164090e-02 2.060000226e-02 -2.410778776e-02
    endloop
  endfacet
  facet normal 2.817344666e-01 7.069845200e-01 -6.486898661e-01
    outer loop
      vertex 1.204461977e-02 2.250000089e-02 -2.168830112e-02
      vertex 1.124164090e-02 2.060000226e-02 -2.410778776e-02
      vertex 1.043874398e-02 2.249998227e-02 -2.238577418e-02
    endloop
  endfacet
  facet normal 2.193160057e-01 7.061733603e-01 -6.732159257e-01
    outer loop
      vertex 1.553423330e-02 1.871380955e-02 -2.445538342e-02
      vertex 1.496976614e-02 1.870819367e-02 -2.464516275e-02
      vertex 1.455714554e-02 1.967680641e-02 -2.376355231e-02
    endloop
  endfacet
  facet normal 2.418361455e-01 7.074602842e-01 -6.640897393e-01
    outer loop
      vertex 1.455714554e-02 1.967680641e-02 -2.376355231e-02
      vertex 1.496976614e-02 1.870819367e-02 -2.464516275e-02
      vertex 1.376960054e-02 1.870171539e-02 -2.508911863e-02
    endloop
  endfacet
  facet normal 2.656600475e-01 6.944667101e-01 -6.686858535e-01
    outer loop
      vertex 1.455714554e-02 1.967680641e-02 -2.376355231e-02
      vertex 1.376960054e-02 1.870171539e-02 -2.508911863e-02
      vertex 1.193927228e-02 1.967046037e-02 -2.481018938e-02
    endloop
  endfacet
  facet normal 2.772009075e-01 7.100973129e-01 -6.472414136e-01
    outer loop
      vertex 1.193927228e-02 1.967046037e-02 -2.481018938e-02
      vertex 1.376960054e-02 1.870171539e-02 -2.508911863e-02
      vertex 1.204460859e-02 1.870000362e-02 -2.582977712e-02
    endloop
  endfacet
  facet normal 2.952336073e-01 7.071028948e-01 -6.425282955e-01
    outer loop
      vertex 1.193927228e-02 1.967046037e-02 -2.481018938e-02
      vertex 1.204460859e-02 1.870000362e-02 -2.582977712e-02
      vertex 1.163449138e-02 1.967042312e-02 -2.495027333e-02
    endloop
  endfacet
  facet normal 1.913000494e-01 6.932707429e-01 -6.948236823e-01
    outer loop
      vertex 1.553423330e-02 1.871380955e-02 -2.445538342e-02
      vertex 1.455714554e-02 1.967680641e-02 -2.376355231e-02
      vertex 1.734053157e-02 1.874711923e-02 -2.392483503e-02
    endloop
  endfacet
  facet normal 1.939250529e-01 6.998521686e-01 -6.874591112e-01
    outer loop
      vertex 1.734053157e-02 1.874711923e-02 -2.392483503e-02
      vertex 1.455714554e-02 1.967680641e-02 -2.376355231e-02
      vertex 1.745868102e-02 1.972288266e-02 -2.289815247e-02
    endloop
  endfacet
  facet normal 1.550303847e-01 7.071192265e-01 -6.898898482e-01
    outer loop
      vertex 1.734053157e-02 1.874711923e-02 -2.392483503e-02
      vertex 1.745868102e-02 1.972288266e-02 -2.289815247e-02
      vertex 1.787240803e-02 1.876234263e-02 -2.378970943e-02
    endloop
  endfacet
  facet normal 4.444087297e-02 7.014789581e-01 -7.113032341e-01
    outer loop
      vertex 2.206634171e-02 1.900395192e-02 -2.301485650e-02
      vertex 2.109313756e-02 1.892548054e-02 -2.315304801e-02
      vertex 2.058083937e-02 1.986413077e-02 -2.225936949e-02
    endloop
  endfacet
  facet normal 6.979372352e-02 7.075800896e-01 -7.031779289e-01
    outer loop
      vertex 2.058083937e-02 1.986413077e-02 -2.225936949e-02
      vertex 2.109313756e-02 1.892548054e-02 -2.315304801e-02
      vertex 2.016515471e-02 1.886430569e-02 -2.330671251e-02
    endloop
  endfacet
  facet normal 1.136376709e-01 6.957251430e-01 -7.092622519e-01
    outer loop
      vertex 2.058083937e-02 1.986413077e-02 -2.225936949e-02
      vertex 2.016515471e-02 1.886430569e-02 -2.330671251e-02
      vertex 1.745868102e-02 1.972288266e-02 -2.289815247e-02
    endloop
  endfacet
  facet normal 1.041016281e-01 6.755145192e-01 -7.299609780e-01
    outer loop
      vertex 1.745868102e-02 1.972288266e-02 -2.289815247e-02
      vertex 2.016515471e-02 1.886430569e-02 -2.330671251e-02
      vertex 1.919246837e-02 1.881317981e-02 -2.349274233e-02
    endloop
  endfacet
  facet normal 1.299549788e-01 7.040208578e-01 -6.981879473e-01
    outer loop
      vertex 1.745868102e-02 1.972288266e-02 -2.289815247e-02
      vertex 1.919246837e-02 1.881317981e-02 -2.349274233e-02
      vertex 1.787240803e-02 1.876234263e-02 -2.378970943e-02
    endloop
  endfacet
  facet normal 2.210900187e-02 6.810253263e-01 -7.319260240e-01
    outer loop
      vertex 2.206634171e-02 1.900395192e-02 -2.301485650e-02
      vertex 2.058083937e-02 1.986413077e-02 -2.225936949e-02
      vertex 2.300904505e-02 1.909520105e-02 -2.290147729e-02
    endloop
  endfacet
  facet normal 2.804751135e-02 6.914162040e-01 -7.219120264e-01
    outer loop
      vertex 2.300904505e-02 1.909520105e-02 -2.290147729e-02
      vertex 2.058083937e-02 1.986413077e-02 -2.225936949e-02
      vertex 2.375207096e-02 2.015544102e-02 -2.185715735e-02
    endloop
  endfacet
  facet normal -1.073566545e-02 7.055059671e-01 -7.086226344e-01
    outer loop
      vertex 2.300904505e-02 1.909520105e-02 -2.290147729e-02
      vertex 2.375207096e-02 2.015544102e-02 -2.185715735e-02
      vertex 2.408020571e-02 1.921868883e-02 -2.279476076e-02
    endloop
  endfacet
  facet normal -5.073820055e-02 6.975823045e-01 -7.147059441e-01
    outer loop
      vertex 2.408020571e-02 1.921868883e-02 -2.279476076e-02
      vertex 2.375207096e-02 2.015544102e-02 -2.185715735e-02
      vertex 2.609894797e-02 1.951503754e-02 -2.264882624e-02
    endloop
  endfacet
  facet normal -5.571323261e-02 6.890595555e-01 -7.225599885e-01
    outer loop
      vertex 2.609894797e-02 1.951503754e-02 -2.264882624e-02
      vertex 2.375207096e-02 2.015544102e-02 -2.185715735e-02
      vertex 2.679703943e-02 2.062318288e-02 -2.164588496e-02
    endloop
  endfacet
  facet normal -9.271706641e-02 6.996210217e-01 -7.084729671e-01
    outer loop
      vertex 2.609894797e-02 1.951503754e-02 -2.264882624e-02
      vertex 2.679703943e-02 2.062318288e-02 -2.164588496e-02
      vertex 2.721365355e-02 1.971795224e-02 -2.259432711e-02
    endloop
  endfacet
  facet normal -1.332036555e-01 6.767994761e-01 -7.240160108e-01
    outer loop
      vertex 2.979086526e-02 2.131032385e-02 -2.155435644e-02
      vertex 2.865791507e-02 2.002649754e-02 -2.254601941e-02
      vertex 2.679703943e-02 2.062318288e-02 -2.164588496e-02
    endloop
  endfacet
  facet normal -1.313154101e-01 6.794536710e-01 -7.218718529e-01
    outer loop
      vertex 2.679703943e-02 2.062318288e-02 -2.164588496e-02
      vertex 2.865791507e-02 2.002649754e-02 -2.254601941e-02
      vertex 2.802651003e-02 1.988500357e-02 -2.256434038e-02
    endloop
  endfacet
  facet normal -1.160611510e-01 6.925467849e-01 -7.119752169e-01
    outer loop
      vertex 2.679703943e-02 2.062318288e-02 -2.164588496e-02
      vertex 2.802651003e-02 1.988500357e-02 -2.256434038e-02
      vertex 2.721365355e-02 1.971795224e-02 -2.259432711e-02
    endloop
  endfacet
  facet normal -2.506615520e-01 6.607964635e-01 -7.074721456e-01
    outer loop
      vertex 3.360407799e-02 2.154889330e-02 -2.250001393e-02
      vertex 3.303017467e-02 2.133093588e-02 -2.250025421e-02
      vertex 3.261793032e-02 2.221225947e-02 -2.153101563e-02
    endloop
  endfacet
  facet normal -2.312081307e-01 6.688539386e-01 -7.065247297e-01
    outer loop
      vertex 3.261793032e-02 2.221225947e-02 -2.153101563e-02
      vertex 3.303017467e-02 2.133093588e-02 -2.250025421e-02
      vertex 3.178988770e-02 2.089907601e-02 -2.250320837e-02
    endloop
  endfacet
  facet normal -2.054823786e-01 6.627084613e-01 -7.201350331e-01
    outer loop
      vertex 3.261793032e-02 2.221225947e-02 -2.153101563e-02
      vertex 3.178988770e-02 2.089907601e-02 -2.250320837e-02
      vertex 2.979086526e-02 2.131032385e-02 -2.155435644e-02
    endloop
  endfacet
  facet normal -1.958216727e-01 6.795000434e-01 -7.070598006e-01
    outer loop
      vertex 2.979086526e-02 2.131032385e-02 -2.155435644e-02
      vertex 3.178988770e-02 2.089907601e-02 -2.250320837e-02
      vertex 2.992948517e-02 2.034511603e-02 -2.252033353e-02
    endloop
  endfacet
  facet normal -1.578420848e-01 6.871035099e-01 -7.092070580e-01
    outer loop
      vertex 2.979086526e-02 2.131032385e-02 -2.155435644e-02
      vertex 2.992948517e-02 2.034511603e-02 -2.252033353e-02
      vertex 2.865791507e-02 2.002649754e-02 -2.254601941e-02
    endloop
  endfacet
  facet normal -2.711974978e-01 6.533803344e-01 -7.067857385e-01
    outer loop
      vertex 3.515119106e-02 2.326529659e-02 -2.152957395e-02
      vertex 3.556125611e-02 2.238577418e-02 -2.249998227e-02
      vertex 3.261793032e-02 2.221225947e-02 -2.153101563e-02
    endloop
  endfacet
  facet normal -2.753075063e-01 6.338965297e-01 -7.227592468e-01
    outer loop
      vertex 3.261793032e-02 2.221225947e-02 -2.153101563e-02
      vertex 3.556125611e-02 2.238577418e-02 -2.249998227e-02
      vertex 3.395538032e-02 2.168830484e-02 -2.250000089e-02
    endloop
  endfacet
  facet normal -2.592812479e-01 6.534278393e-01 -7.111999393e-01
    outer loop
      vertex 3.261793032e-02 2.221225947e-02 -2.153101563e-02
      vertex 3.395538032e-02 2.168830484e-02 -2.250000089e-02
      vertex 3.360407799e-02 2.154889330e-02 -2.250001393e-02
    endloop
  endfacet
  facet normal 2.952346504e-01 7.071003914e-01 -6.425305605e-01
    outer loop
      vertex 1.163449138e-02 1.967042312e-02 -2.495027333e-02
      vertex 1.124164090e-02 2.060000226e-02 -2.410778776e-02
      vertex 1.193927228e-02 1.967046037e-02 -2.481018938e-02
    endloop
  endfacet
  facet normal 2.953703701e-01 7.071303129e-01 -6.424353123e-01
    outer loop
      vertex 1.193927228e-02 1.967046037e-02 -2.481018938e-02
      vertex 1.124164090e-02 2.060000226e-02 -2.410778776e-02
      vertex 1.154611260e-02 2.060003206e-02 -2.396776900e-02
    endloop
  endfacet
  facet normal 2.612390518e-01 7.065291405e-01 -6.577011347e-01
    outer loop
      vertex 1.193927228e-02 1.967046037e-02 -2.481018938e-02
      vertex 1.154611260e-02 2.060003206e-02 -2.396776900e-02
      vertex 1.455714554e-02 1.967680641e-02 -2.376355231e-02
    endloop
  endfacet
  facet normal 2.616801858e-01 7.084691525e-01 -6.554349065e-01
    outer loop
      vertex 1.455714554e-02 1.967680641e-02 -2.376355231e-02
      vertex 1.154611260e-02 2.060003206e-02 -2.396776900e-02
      vertex 1.416176185e-02 2.060444094e-02 -2.291871421e-02
    endloop
  endfacet
  facet normal 1.925939620e-01 7.043416500e-01 -6.832352281e-01
    outer loop
      vertex 1.455714554e-02 1.967680641e-02 -2.376355231e-02
      vertex 1.416176185e-02 2.060444094e-02 -2.291871421e-02
      vertex 1.745868102e-02 1.972288266e-02 -2.289815247e-02
    endloop
  endfacet
  facet normal 1.943888813e-01 7.112337947e-01 -6.755437851e-01
    outer loop
      vertex 1.745868102e-02 1.972288266e-02 -2.289815247e-02
      vertex 1.416176185e-02 2.060444094e-02 -2.291871421e-02
      vertex 1.706221141e-02 2.064278349e-02 -2.204373665e-02
    endloop
  endfacet
  facet normal 1.121863425e-01 7.017778158e-01 -7.035070062e-01
    outer loop
      vertex 1.745868102e-02 1.972288266e-02 -2.289815247e-02
      vertex 1.706221141e-02 2.064278349e-02 -2.204373665e-02
      vertex 2.058083937e-02 1.986413077e-02 -2.225936949e-02
    endloop
  endfacet
  facet normal 1.158230305e-01 7.144735456e-01 -6.900091171e-01
    outer loop
      vertex 2.058083937e-02 1.986413077e-02 -2.225936949e-02
      vertex 1.706221141e-02 2.064278349e-02 -2.204373665e-02
      vertex 2.018071152e-02 2.076960541e-02 -2.138895541e-02
    endloop
  endfacet
  facet normal 2.646578290e-02 6.988226771e-01 -7.148051858e-01
    outer loop
      vertex 2.058083937e-02 1.986413077e-02 -2.225936949e-02
      vertex 2.018071152e-02 2.076960541e-02 -2.138895541e-02
      vertex 2.375207096e-02 2.015544102e-02 -2.185715735e-02
    endloop
  endfacet
  facet normal 3.159980103e-02 7.156614661e-01 -6.977321506e-01
    outer loop
      vertex 2.375207096e-02 2.015544102e-02 -2.185715735e-02
      vertex 2.018071152e-02 2.076960541e-02 -2.138895541e-02
      vertex 2.334950119e-02 2.104138769e-02 -2.096667700e-02
    endloop
  endfacet
  facet normal -5.697603524e-02 6.947603822e-01 -7.169809937e-01
    outer loop
      vertex 2.375207096e-02 2.015544102e-02 -2.185715735e-02
      vertex 2.334950119e-02 2.104138769e-02 -2.096667700e-02
      vertex 2.679703943e-02 2.062318288e-02 -2.164588496e-02
    endloop
  endfacet
  facet normal -5.191060156e-02 7.110027075e-01 -7.012705803e-01
    outer loop
      vertex 2.679703943e-02 2.062318288e-02 -2.164588496e-02
      vertex 2.334950119e-02 2.104138769e-02 -2.096667700e-02
      vertex 2.639779821e-02 2.149018086e-02 -2.073730156e-02
    endloop
  endfacet
  facet normal -1.356794834e-01 6.863228679e-01 -7.145292163e-01
    outer loop
      vertex 2.679703943e-02 2.062318288e-02 -2.164588496e-02
      vertex 2.639779821e-02 2.149018086e-02 -2.073730156e-02
      vertex 2.979086526e-02 2.131032385e-02 -2.155435644e-02
    endloop
  endfacet
  facet normal -1.323016882e-01 6.985753179e-01 -7.031989694e-01
    outer loop
      vertex 2.979086526e-02 2.131032385e-02 -2.155435644e-02
      vertex 2.639779821e-02 2.149018086e-02 -2.073730156e-02
      vertex 2.939468436e-02 2.216288634e-02 -2.063286118e-02
    endloop
  endfacet
  facet normal -2.084017396e-01 6.716220975e-01 -7.109799385e-01
    outer loop
      vertex 2.979086526e-02 2.131032385e-02 -2.155435644e-02
      vertex 2.939468436e-02 2.216288634e-02 -2.063286118e-02
      vertex 3.261793032e-02 2.221225947e-02 -2.153101563e-02
    endloop
  endfacet
  facet normal -2.068382353e-01 6.783778071e-01 -7.049975395e-01
    outer loop
      vertex 3.261793032e-02 2.221225947e-02 -2.153101563e-02
      vertex 2.939468436e-02 2.216288634e-02 -2.063286118e-02
      vertex 3.222278506e-02 2.305643633e-02 -2.060278319e-02
    endloop
  endfacet
  facet normal -2.706455588e-01 6.520544291e-01 -7.082203031e-01
    outer loop
      vertex 3.261793032e-02 2.221225947e-02 -2.153101563e-02
      vertex 3.222278506e-02 2.305643633e-02 -2.060278319e-02
      vertex 3.515119106e-02 2.326529659e-02 -2.152957395e-02
    endloop
  endfacet
  facet normal -2.647780776e-01 6.804564595e-01 -6.832800508e-01
    outer loop
      vertex 3.515119106e-02 2.326529659e-02 -2.152957395e-02
      vertex 3.222278506e-02 2.305643633e-02 -2.060278319e-02
      vertex 3.357033432e-02 2.358333953e-02 -2.060024627e-02
    endloop
  endfacet
  facet normal -2.854707837e-01 6.470032334e-01 -7.070313096e-01
    outer loop
      vertex 3.515119106e-02 2.326529659e-02 -2.152957395e-02
      vertex 3.357033432e-02 2.358333953e-02 -2.060024627e-02
      vertex 3.475833684e-02 2.410778031e-02 -2.059999853e-02
    endloop
  endfacet
  facet normal -2.854708135e-01 6.470033526e-01 -7.070311308e-01
    outer loop
      vertex 3.475833684e-02 2.410778031e-02 -2.059999853e-02
      vertex 3.357033432e-02 2.358333953e-02 -2.060024627e-02
      vertex 3.395539150e-02 2.582977898e-02 -1.870000362e-02
    endloop
  endfacet
  facet normal 2.953114808e-01 7.071025372e-01 6.424928904e-01
    outer loop
      vertex 1.043862849e-02 2.249998040e-02 2.238584682e-02
      vertex 1.204464212e-02 1.870001294e-02 2.582976408e-02
      vertex 1.204461977e-02 2.250000089e-02 2.164765634e-02
    endloop
  endfacet
  facet normal 2.936105728e-01 7.074904442e-01 6.428453326e-01
    outer loop
      vertex 1.204461977e-02 2.250000089e-02 2.164765634e-02
      vertex 1.204464212e-02 1.870001294e-02 2.582976408e-02
      vertex 1.422720030e-02 1.870110072e-02 2.483171411e-02
    endloop
  endfacet
  facet normal 2.856015861e-01 7.066628337e-01 6.473479271e-01
    outer loop
      vertex 1.204461977e-02 2.250000089e-02 2.164765634e-02
      vertex 1.422720030e-02 1.870110072e-02 2.483171411e-02
      vertex 1.412612200e-02 2.250102162e-02 2.072820999e-02
    endloop
  endfacet
  facet normal 2.798887491e-01 7.078287005e-01 6.485682726e-01
    outer loop
      vertex 1.412612200e-02 2.250102162e-02 2.072820999e-02
      vertex 1.422720030e-02 1.870110072e-02 2.483171411e-02
      vertex 1.631388441e-02 1.870827004e-02 2.392338403e-02
    endloop
  endfacet
  facet normal 2.764438391e-01 7.074406743e-01 6.504663825e-01
    outer loop
      vertex 1.412612200e-02 2.250102162e-02 2.072820999e-02
      vertex 1.631388441e-02 1.870827004e-02 2.392338403e-02
      vertex 1.460054144e-02 2.250194363e-02 2.052558213e-02
    endloop
  endfacet
  facet normal 2.651396096e-01 7.069801688e-01 6.556524038e-01
    outer loop
      vertex 1.460054144e-02 2.250194363e-02 2.052558213e-02
      vertex 1.631388441e-02 1.870827004e-02 2.392338403e-02
      vertex 1.742863096e-02 1.871796325e-02 2.346213907e-02
    endloop
  endfacet
  facet normal 2.673246861e-01 7.074936628e-01 6.542096734e-01
    outer loop
      vertex 1.460054144e-02 2.250194363e-02 2.052558213e-02
      vertex 1.742863096e-02 1.871796325e-02 2.346213907e-02
      vertex 1.613202505e-02 2.250866778e-02 1.989251189e-02
    endloop
  endfacet
  facet normal 2.518773973e-01 7.077234387e-01 6.600646377e-01
    outer loop
      vertex 1.613202505e-02 2.250866778e-02 1.989251189e-02
      vertex 1.742863096e-02 1.871796325e-02 2.346213907e-02
      vertex 1.731842570e-02 2.251994982e-02 1.942769065e-02
    endloop
  endfacet
  facet normal 2.521913946e-01 7.076681852e-01 6.600040197e-01
    outer loop
      vertex 1.731842570e-02 2.251994982e-02 1.942769065e-02
      vertex 1.742863096e-02 1.871796325e-02 2.346213907e-02
      vertex 1.831250824e-02 1.873044856e-02 2.311101742e-02
    endloop
  endfacet
  facet normal 2.379382700e-01 7.083485723e-01 6.645507216e-01
    outer loop
      vertex 1.731842570e-02 2.251994982e-02 1.942769065e-02
      vertex 1.831250824e-02 1.873044856e-02 2.311101742e-02
      vertex 1.806875318e-02 2.253110148e-02 1.914715394e-02
    endloop
  endfacet
  facet normal 2.325440198e-01 7.091271877e-01 6.656289697e-01
    outer loop
      vertex 1.831250824e-02 1.873044856e-02 2.311101742e-02
      vertex 1.979187876e-02 1.876475476e-02 2.255763672e-02
      vertex 1.806875318e-02 2.253110148e-02 1.914715394e-02
    endloop
  endfacet
  facet normal 2.143817991e-01 7.076874375e-01 6.732153893e-01
    outer loop
      vertex 1.806875318e-02 2.253110148e-02 1.914715394e-02
      vertex 1.979187876e-02 1.876475476e-02 2.255763672e-02
      vertex 2.023307048e-02 1.877905987e-02 2.240210399e-02
    endloop
  endfacet
  facet normal 2.149378657e-01 7.077746987e-01 6.729462743e-01
    outer loop
      vertex 1.806875318e-02 2.253110148e-02 1.914715394e-02
      vertex 2.023307048e-02 1.877905987e-02 2.240210399e-02
      vertex 1.994183846e-02 2.257880569e-02 1.849872060e-02
    endloop
  endfacet
  facet normal 1.855430007e-01 7.109964490e-01 6.782756448e-01
    outer loop
      vertex 1.994183846e-02 2.257880569e-02 1.849872060e-02
      vertex 2.023307048e-02 1.877905987e-02 2.240210399e-02
      vertex 2.205174603e-02 1.886436716e-02 2.181518078e-02
    endloop
  endfacet
  facet normal 1.925530285e-01 7.121483088e-01 6.751059890e-01
    outer loop
      vertex 1.994183846e-02 2.257880569e-02 1.849872060e-02
      vertex 2.205174603e-02 1.886436716e-02 2.181518078e-02
      vertex 2.008140646e-02 2.258381434e-02 1.845362969e-02
    endloop
  endfacet
  facet normal 1.816362292e-01 7.105792761e-01 6.797686219e-01
    outer loop
      vertex 2.008140646e-02 2.258381434e-02 1.845362969e-02
      vertex 2.205174603e-02 1.886436716e-02 2.181518078e-02
      vertex 2.087854967e-02 2.261726558e-02 1.820566319e-02
    endloop
  endfacet
  facet normal 1.531525254e-01 7.094794512e-01 6.878831387e-01
    outer loop
      vertex 2.087854967e-02 2.261726558e-02 1.820566319e-02
      vertex 2.205174603e-02 1.886436716e-02 2.181518078e-02
      vertex 2.249591239e-02 1.889317110e-02 2.168658189e-02
    endloop
  endfacet
  facet normal 1.589052528e-01 7.101290226e-01 6.859051585e-01
    outer loop
      vertex 2.087854967e-02 2.261726558e-02 1.820566319e-02
      vertex 2.249591239e-02 1.889317110e-02 2.168658189e-02
      vertex 2.175389417e-02 2.266511694e-02 1.795332879e-02
    endloop
  endfacet
  facet normal 1.373806894e-01 7.103031278e-01 6.903592944e-01
    outer loop
      vertex 2.175389417e-02 2.266511694e-02 1.795332879e-02
      vertex 2.249591239e-02 1.889317110e-02 2.168658189e-02
      vertex 2.296600863e-02 1.892782561e-02 2.155737765e-02
    endloop
  endfacet
  facet normal 1.376206726e-01 7.103191018e-01 6.902951002e-01
    outer loop
      vertex 2.175389417e-02 2.266511694e-02 1.795332879e-02
      vertex 2.296600863e-02 1.892782561e-02 2.155737765e-02
      vertex 2.224811353e-02 2.269819193e-02 1.782076433e-02
    endloop
  endfacet
  facet normal 1.178929880e-01 7.102459669e-01 6.940115094e-01
    outer loop
      vertex 2.224811353e-02 2.269819193e-02 1.782076433e-02
      vertex 2.296600863e-02 1.892782561e-02 2.155737765e-02
      vertex 2.356305160e-02 1.897863857e-02 2.140395530e-02
    endloop
  endfacet
  facet normal 1.064712554e-01 7.091046572e-01 6.970182657e-01
    outer loop
      vertex 2.224811353e-02 2.269819193e-02 1.782076433e-02
      vertex 2.356305160e-02 1.897863857e-02 2.140395530e-02
      vertex 2.353717946e-02 2.280935086e-02 1.751076989e-02
    endloop
  endfacet
  facet normal 7.487504184e-02 7.110505700e-01 6.991429329e-01
    outer loop
      vertex 2.353717946e-02 2.280935086e-02 1.751076989e-02
      vertex 2.356305160e-02 1.897863857e-02 2.140395530e-02
      vertex 2.506238036e-02 1.914464310e-02 2.107455209e-02
    endloop
  endfacet
  facet normal 7.652025670e-02 7.113076448e-01 6.987031698e-01
    outer loop
      vertex 2.353717946e-02 2.280935086e-02 1.751076989e-02
      vertex 2.506238036e-02 1.914464310e-02 2.107455209e-02
      vertex 2.375671268e-02 2.283239178e-02 1.746327057e-02
    endloop
  endfacet
  facet normal 9.504759684e-03 7.013447285e-01 7.127588987e-01
    outer loop
      vertex 2.375671268e-02 2.283239178e-02 1.746327057e-02
      vertex 2.506238036e-02 1.914464310e-02 2.107455209e-02
      vertex 2.655681968e-02 1.937402226e-02 2.082891762e-02
    endloop
  endfacet
  facet normal 3.903897107e-02 7.129572630e-01 7.001199126e-01
    outer loop
      vertex 2.375671268e-02 2.283239178e-02 1.746327057e-02
      vertex 2.655681968e-02 1.937402226e-02 2.082891762e-02
      vertex 2.524910867e-02 2.302686684e-02 1.718201302e-02
    endloop
  endfacet
  facet normal -2.749577463e-01 6.494727135e-01 7.089312077e-01
    outer loop
      vertex 3.348348290e-02 2.561230212e-02 1.670006663e-02
      vertex 3.150700405e-02 2.476565912e-02 1.670912653e-02
      vertex 3.395537660e-02 2.166426741e-02 2.050000057e-02
    endloop
  endfacet
  facet normal -5.856807809e-03 7.054681778e-01 7.087174058e-01
    outer loop
      vertex 2.524910867e-02 2.302686684e-02 1.718201302e-02
      vertex 2.655681968e-02 1.937402226e-02 2.082891762e-02
      vertex 2.579691820e-02 2.311687730e-02 1.709694229e-02
    endloop
  endfacet
  facet normal -4.817596450e-02 7.003352642e-01 7.121864557e-01
    outer loop
      vertex 2.579691820e-02 2.311687730e-02 1.709694229e-02
      vertex 2.655681968e-02 1.937402226e-02 2.082891762e-02
      vertex 2.742901258e-02 1.954190247e-02 2.072283067e-02
    endloop
  endfacet
  facet normal -4.157364368e-02 7.020539641e-01 7.109091878e-01
    outer loop
      vertex 2.579691820e-02 2.311687730e-02 1.709694229e-02
      vertex 2.742901258e-02 1.954190247e-02 2.072283067e-02
      vertex 2.673124708e-02 2.329629660e-02 1.697439700e-02
    endloop
  endfacet
  facet normal -8.028346300e-02 6.967523098e-01 7.128048539e-01
    outer loop
      vertex 2.673124708e-02 2.329629660e-02 1.697439700e-02
      vertex 2.742901258e-02 1.954190247e-02 2.072283067e-02
      vertex 2.789868601e-02 1.964345388e-02 2.067646571e-02
    endloop
  endfacet
  facet normal -9.549190849e-02 6.933510303e-01 7.142447829e-01
    outer loop
      vertex 2.673124708e-02 2.329629660e-02 1.697439700e-02
      vertex 2.789868601e-02 1.964345388e-02 2.067646571e-02
      vertex 2.804133669e-02 2.360707708e-02 1.684786193e-02
    endloop
  endfacet
  facet normal -1.292300969e-01 6.913265586e-01 7.108918428e-01
    outer loop
      vertex 2.804133669e-02 2.360707708e-02 1.684786193e-02
      vertex 2.789868601e-02 1.964345388e-02 2.067646571e-02
      vertex 2.956978045e-02 2.007115260e-02 2.056431957e-02
    endloop
  endfacet
  facet normal -1.627583206e-01 6.805332899e-01 7.144117951e-01
    outer loop
      vertex 2.804133669e-02 2.360707708e-02 1.684786193e-02
      vertex 2.956978045e-02 2.007115260e-02 2.056431957e-02
      vertex 2.971724607e-02 2.410871536e-02 1.675182022e-02
    endloop
  endfacet
  facet normal -1.956538111e-01 6.770510077e-01 7.094515562e-01
    outer loop
      vertex 2.971724607e-02 2.410871536e-02 1.675182022e-02
      vertex 2.956978045e-02 2.007115260e-02 2.056431957e-02
      vertex 3.132453561e-02 2.063146979e-02 2.051352151e-02
    endloop
  endfacet
  facet normal -2.145953476e-01 6.698076129e-01 7.108492255e-01
    outer loop
      vertex 2.971724607e-02 2.410871536e-02 1.675182022e-02
      vertex 3.132453561e-02 2.063146979e-02 2.051352151e-02
      vertex 3.069004416e-02 2.445133030e-02 1.672266051e-02
    endloop
  endfacet
  facet normal -2.366310209e-01 6.643173099e-01 7.090051174e-01
    outer loop
      vertex 3.069004416e-02 2.445133030e-02 1.672266051e-02
      vertex 3.132453561e-02 2.063146979e-02 2.051352151e-02
      vertex 3.230362758e-02 2.099091560e-02 2.050350420e-02
    endloop
  endfacet
  facet normal -2.428579628e-01 6.617431641e-01 7.093066573e-01
    outer loop
      vertex 3.069004416e-02 2.445133030e-02 1.672266051e-02
      vertex 3.230362758e-02 2.099091560e-02 2.050350420e-02
      vertex 3.150700405e-02 2.476565912e-02 1.670912653e-02
    endloop
  endfacet
  facet normal -2.584364414e-01 6.571827531e-01 7.080405354e-01
    outer loop
      vertex 3.150700405e-02 2.476565912e-02 1.670912653e-02
      vertex 3.230362758e-02 2.099091560e-02 2.050350420e-02
      vertex 3.320556134e-02 2.134895511e-02 2.050038986e-02
    endloop
  endfacet
  facet normal -2.731900215e-01 6.505246162e-01 7.086500525e-01
    outer loop
      vertex 3.150700405e-02 2.476565912e-02 1.670912653e-02
      vertex 3.320556134e-02 2.134895511e-02 2.050038986e-02
      vertex 3.395537660e-02 2.166426741e-02 2.050000057e-02
    endloop
  endfacet
  facet normal -2.885701954e-01 6.458345056e-01 7.068415880e-01
    outer loop
      vertex 3.395537660e-02 2.166426741e-02 2.050000057e-02
      vertex 3.532718495e-02 2.227721550e-02 2.050000057e-02
      vertex 3.348348290e-02 2.561230212e-02 1.670006663e-02
    endloop
  endfacet
  facet normal -2.974479795e-01 6.413676143e-01 7.072286010e-01
    outer loop
      vertex 3.348348290e-02 2.561230212e-02 1.670006663e-02
      vertex 3.532718495e-02 2.227721550e-02 2.050000057e-02
      vertex 3.556128219e-02 2.238578722e-02 2.049999684e-02
    endloop
  endfacet
  facet normal -2.958975732e-01 6.422204375e-01 7.071049809e-01
    outer loop
      vertex 3.348348290e-02 2.561230212e-02 1.670006663e-02
      vertex 3.556128219e-02 2.238578722e-02 2.049999684e-02
      vertex 3.395537287e-02 2.582976036e-02 1.670003124e-02
    endloop
  endfacet
  facet normal -2.787025869e-01 6.500514746e-01 7.069355845e-01
    outer loop
      vertex 3.395537287e-02 2.582976036e-02 1.670003124e-02
      vertex 3.556128219e-02 2.238578722e-02 2.049999684e-02
      vertex 3.559232131e-02 2.653168328e-02 1.669993997e-02
    endloop
  endfacet
  facet normal -2.720814049e-01 6.513062119e-01 7.083585858e-01
    outer loop
      vertex 3.559232131e-02 2.653168328e-02 1.669993997e-02
      vertex 3.556128219e-02 2.238578722e-02 2.049999684e-02
      vertex 3.741268814e-02 2.315920219e-02 2.050000057e-02
    endloop
  endfacet
  facet normal -2.110281438e-01 6.718616486e-01 7.099782228e-01
    outer loop
      vertex 3.980207443e-02 2.390969545e-02 2.050000057e-02
      vertex 3.725786135e-02 2.712609433e-02 1.670005918e-02
      vertex 3.741268814e-02 2.315920219e-02 2.050000057e-02
    endloop
  endfacet
  facet normal -2.305421680e-01 6.684060693e-01 7.071658969e-01
    outer loop
      vertex 3.741268814e-02 2.315920219e-02 2.050000057e-02
      vertex 3.725786135e-02 2.712609433e-02 1.670005918e-02
      vertex 3.616337478e-02 2.674866095e-02 1.669999398e-02
    endloop
  endfacet
  facet normal -2.512407303e-01 6.610538960e-01 7.070260644e-01
    outer loop
      vertex 3.741268814e-02 2.315920219e-02 2.050000057e-02
      vertex 3.616337478e-02 2.674866095e-02 1.669999398e-02
      vertex 3.559232131e-02 2.653168328e-02 1.669993997e-02
    endloop
  endfacet
  facet normal -1.151556671e-01 6.978381872e-01 7.069377899e-01
    outer loop
      vertex 4.180343449e-02 2.818933874e-02 1.669982634e-02
      vertex 4.092141986e-02 2.804385871e-02 1.669975929e-02
      vertex 4.227170721e-02 2.441688441e-02 2.050000057e-02
    endloop
  endfacet
  facet normal -1.289464086e-01 6.940822601e-01 7.082532048e-01
    outer loop
      vertex 4.227170721e-02 2.441688441e-02 2.050000057e-02
      vertex 4.092141986e-02 2.804385871e-02 1.669975929e-02
      vertex 4.066655785e-02 2.799650654e-02 1.669976301e-02
    endloop
  endfacet
  facet normal -1.417059451e-01 6.900026798e-01 7.097998261e-01
    outer loop
      vertex 4.227170721e-02 2.441688441e-02 2.050000057e-02
      vertex 4.066655785e-02 2.799650654e-02 1.669976301e-02
      vertex 3.980207443e-02 2.390969545e-02 2.050000057e-02
    endloop
  endfacet
  facet normal -1.535988152e-01 6.901133657e-01 7.072134614e-01
    outer loop
      vertex 3.980207443e-02 2.390969545e-02 2.050000057e-02
      vertex 4.066655785e-02 2.799650654e-02 1.669976301e-02
      vertex 3.894988820e-02 2.761423402e-02 1.669995114e-02
    endloop
  endfacet
  facet normal -1.960753798e-01 6.798083186e-01 7.066930532e-01
    outer loop
      vertex 3.980207443e-02 2.390969545e-02 2.050000057e-02
      vertex 3.894988820e-02 2.761423402e-02 1.669995114e-02
      vertex 3.725786135e-02 2.712609433e-02 1.670005918e-02
    endloop
  endfacet
  facet normal -2.858828939e-02 7.064311504e-01 7.072041631e-01
    outer loop
      vertex 4.496113211e-02 2.848105878e-02 1.670004427e-02
      vertex 4.473099858e-02 2.847173437e-02 1.670005545e-02
      vertex 4.478946701e-02 2.466999739e-02 2.050000057e-02
    endloop
  endfacet
  facet normal -5.074388534e-02 7.056388259e-01 7.067523599e-01
    outer loop
      vertex 4.478946701e-02 2.466999739e-02 2.050000057e-02
      vertex 4.473099858e-02 2.847173437e-02 1.670005545e-02
      vertex 4.318412021e-02 2.836055122e-02 1.669999957e-02
    endloop
  endfacet
  facet normal -7.042668760e-02 7.005470395e-01 7.101224661e-01
    outer loop
      vertex 4.478946701e-02 2.466999739e-02 2.050000057e-02
      vertex 4.318412021e-02 2.836055122e-02 1.669999957e-02
      vertex 4.227170721e-02 2.441688441e-02 2.050000057e-02
    endloop
  endfacet
  facet normal -7.944233716e-02 7.011455297e-01 7.085787654e-01
    outer loop
      vertex 4.227170721e-02 2.441688441e-02 2.050000057e-02
      vertex 4.318412021e-02 2.836055122e-02 1.669999957e-02
      vertex 4.240624607e-02 2.827251144e-02 1.669990458e-02
    endloop
  endfacet
  facet normal -9.672610462e-02 7.003778815e-01 7.071880102e-01
    outer loop
      vertex 4.227170721e-02 2.441688441e-02 2.050000057e-02
      vertex 4.240624607e-02 2.827251144e-02 1.669990458e-02
      vertex 4.180343449e-02 2.818933874e-02 1.669982634e-02
    endloop
  endfacet
  facet normal -3.759640036e-03 7.061542273e-01 7.080480456e-01
    outer loop
      vertex 4.496113211e-02 2.848105878e-02 1.670004427e-02
      vertex 4.478946701e-02 2.466999739e-02 2.050000057e-02
      vertex 4.672953859e-02 2.849066071e-02 1.669985801e-02
    endloop
  endfacet
  facet normal 1.496609882e-03 7.048172355e-01 7.093873024e-01
    outer loop
      vertex 4.672953859e-02 2.849066071e-02 1.669985801e-02
      vertex 4.478946701e-02 2.466999739e-02 2.050000057e-02
      vertex 4.732106254e-02 2.466462180e-02 2.050000057e-02
    endloop
  endfacet
  facet normal 2.811879106e-02 7.066079974e-01 7.070462704e-01
    outer loop
      vertex 4.672953859e-02 2.849066071e-02 1.669985801e-02
      vertex 4.732106254e-02 2.466462180e-02 2.050000057e-02
      vertex 4.753148556e-02 2.845882252e-02 1.669978350e-02
    endloop
  endfacet
  facet normal 4.985681549e-02 7.054049969e-01 7.070488334e-01
    outer loop
      vertex 4.753148556e-02 2.845882252e-02 1.669978350e-02
      vertex 4.732106254e-02 2.466462180e-02 2.050000057e-02
      vertex 4.848776013e-02 2.839121409e-02 1.669980399e-02
    endloop
  endfacet
  facet normal 7.362675667e-02 7.006564140e-01 7.096898556e-01
    outer loop
      vertex 4.848776013e-02 2.839121409e-02 1.669980399e-02
      vertex 4.732106254e-02 2.466462180e-02 2.050000057e-02
      vertex 4.983085766e-02 2.440088615e-02 2.050000057e-02
    endloop
  endfacet
  facet normal 8.330382407e-02 7.018078566e-01 7.074787617e-01
    outer loop
      vertex 4.848776013e-02 2.839121409e-02 1.669980399e-02
      vertex 4.983085766e-02 2.440088615e-02 2.050000057e-02
      vertex 5.023419112e-02 2.818371169e-02 1.670000516e-02
    endloop
  endfacet
  facet normal 1.266990900e-01 6.962383986e-01 7.065404654e-01
    outer loop
      vertex 5.023419112e-02 2.818371169e-02 1.670000516e-02
      vertex 4.983085766e-02 2.440088615e-02 2.050000057e-02
      vertex 5.196717381e-02 2.786831185e-02 1.670004241e-02
    endloop
  endfacet
  facet normal 1.443930566e-01 6.891854405e-01 7.100521326e-01
    outer loop
      vertex 5.196717381e-02 2.786831185e-02 1.670004241e-02
      vertex 4.983085766e-02 2.440088615e-02 2.050000057e-02
      vertex 5.228751898e-02 2.388618514e-02 2.050000057e-02
    endloop
  endfacet
  facet normal 1.524723470e-01 6.886855960e-01 7.088472247e-01
    outer loop
      vertex 5.196717381e-02 2.786831185e-02 1.670004241e-02
      vertex 5.228751898e-02 2.388618514e-02 2.050000057e-02
      vertex 5.234969035e-02 2.778365463e-02 1.670001261e-02
    endloop
  endfacet
  facet normal 2.133204639e-01 6.711886525e-01 7.099297047e-01
    outer loop
      vertex 5.465765670e-02 2.313289605e-02 2.050000057e-02
      vertex 5.444706604e-02 2.721942402e-02 1.669975370e-02
      vertex 5.228751898e-02 2.388618514e-02 2.050000057e-02
    endloop
  endfacet
  facet normal 1.887548119e-01 6.826086640e-01 7.059865594e-01
    outer loop
      vertex 5.228751898e-02 2.388618514e-02 2.050000057e-02
      vertex 5.444706604e-02 2.721942402e-02 1.669975370e-02
      vertex 5.273033679e-02 2.769390866e-02 1.669997163e-02
    endloop
  endfacet
  facet normal 1.621765345e-01 6.875268221e-01 7.078174949e-01
    outer loop
      vertex 5.228751898e-02 2.388618514e-02 2.050000057e-02
      vertex 5.273033679e-02 2.769390866e-02 1.669997163e-02
      vertex 5.234969035e-02 2.778365463e-02 1.670001261e-02
    endloop
  endfacet
  facet normal 2.497516870e-01 6.615321636e-01 7.071062922e-01
    outer loop
      vertex 5.611896142e-02 2.664313465e-02 1.669986546e-02
      vertex 5.602096394e-02 2.668014914e-02 1.669985056e-02
      vertex 5.465765670e-02 2.313289605e-02 2.050000057e-02
    endloop
  endfacet
  facet normal 2.467770875e-01 6.626614332e-01 7.070932984e-01
    outer loop
      vertex 5.465765670e-02 2.313289605e-02 2.050000057e-02
      vertex 5.602096394e-02 2.668014914e-02 1.669985056e-02
      vertex 5.587989837e-02 2.673270553e-02 1.669982821e-02
    endloop
  endfacet
  facet normal 2.273565084e-01 6.694141626e-01 7.072437406e-01
    outer loop
      vertex 5.465765670e-02 2.313289605e-02 2.050000057e-02
      vertex 5.587989837e-02 2.673270553e-02 1.669982821e-02
      vertex 5.444706604e-02 2.721942402e-02 1.669975370e-02
    endloop
  endfacet
  facet normal 2.712098062e-01 6.528136730e-01 7.073044181e-01
    outer loop
      vertex 5.611896142e-02 2.664313465e-02 1.669986546e-02
      vertex 5.465765670e-02 2.313289605e-02 2.050000057e-02
      vertex 5.774515495e-02 2.596731298e-02 1.670007221e-02
    endloop
  endfacet
  facet normal 2.795567811e-01 6.467849016e-01 7.095895410e-01
    outer loop
      vertex 5.774515495e-02 2.596731298e-02 1.670007221e-02
      vertex 5.465765670e-02 2.313289605e-02 2.050000057e-02
      vertex 5.691474304e-02 2.215732634e-02 2.050000057e-02
    endloop
  endfacet
  facet normal 3.008887470e-01 6.397712231e-01 7.072190046e-01
    outer loop
      vertex 5.774515495e-02 2.596731298e-02 1.670007221e-02
      vertex 5.691474304e-02 2.215732634e-02 2.050000057e-02
      vertex 5.851057544e-02 2.560733259e-02 1.670007035e-02
    endloop
  endfacet
  facet normal 3.423013985e-01 6.157551408e-01 7.097008824e-01
    outer loop
      vertex 5.906154588e-02 2.096390724e-02 2.050000057e-02
      vertex 5.951092392e-02 2.509392239e-02 1.669994742e-02
      vertex 5.691474304e-02 2.215732634e-02 2.050000057e-02
    endloop
  endfacet
  facet normal 3.324201107e-01 6.227123141e-01 7.083263993e-01
    outer loop
      vertex 5.691474304e-02 2.215732634e-02 2.050000057e-02
      vertex 5.951092392e-02 2.509392239e-02 1.669994742e-02
      vertex 5.932445452e-02 2.519342862e-02 1.669997908e-02
    endloop
  endfacet
  facet normal 3.206553161e-01 6.303646564e-01 7.069799304e-01
    outer loop
      vertex 5.691474304e-02 2.215732634e-02 2.050000057e-02
      vertex 5.932445452e-02 2.519342862e-02 1.669997908e-02
      vertex 5.851057544e-02 2.560733259e-02 1.670007035e-02
    endloop
  endfacet
  facet normal 4.183427989e-01 5.699045658e-01 7.072468400e-01
    outer loop
      vertex 6.298067421e-02 2.288900688e-02 1.669993624e-02
      vertex 6.275643408e-02 2.305367216e-02 1.669988781e-02
      vertex 6.085131317e-02 1.973623410e-02 2.050000057e-02
    endloop
  endfacet
  facet normal 3.997468948e-01 5.818041563e-01 7.083122730e-01
    outer loop
      vertex 6.085131317e-02 1.973623410e-02 2.050000057e-02
      vertex 6.275643408e-02 2.305367216e-02 1.669988781e-02
      vertex 6.151777506e-02 2.390499040e-02 1.669967547e-02
    endloop
  endfacet
  facet normal 3.992219865e-01 5.820064545e-01 7.084421515e-01
    outer loop
      vertex 6.085131317e-02 1.973623410e-02 2.050000057e-02
      vertex 6.151777506e-02 2.390499040e-02 1.669967547e-02
      vertex 5.906154588e-02 2.096390724e-02 2.050000057e-02
    endloop
  endfacet
  facet normal 3.769795597e-01 5.985324979e-01 7.068559527e-01
    outer loop
      vertex 5.906154588e-02 2.096390724e-02 2.050000057e-02
      vertex 6.151777506e-02 2.390499040e-02 1.669967547e-02
      vertex 6.085534394e-02 2.432218567e-02 1.669970155e-02
    endloop
  endfacet
  facet normal 3.518799543e-01 6.127739549e-01 7.075935602e-01
    outer loop
      vertex 5.906154588e-02 2.096390724e-02 2.050000057e-02
      vertex 6.085534394e-02 2.432218567e-02 1.669970155e-02
      vertex 5.951092392e-02 2.509392239e-02 1.669994742e-02
    endloop
  endfacet
  facet normal 4.390391409e-01 5.550473332e-01 7.065175772e-01
    outer loop
      vertex 6.298067421e-02 2.288900688e-02 1.669993624e-02
      vertex 6.085131317e-02 1.973623410e-02 2.050000057e-02
      vertex 6.436756998e-02 2.179179713e-02 1.670008153e-02
    endloop
  endfacet
  facet normal 4.513500333e-01 5.404924154e-01 7.100359797e-01
    outer loop
      vertex 6.436756998e-02 2.179179713e-02 1.670008153e-02
      vertex 6.085131317e-02 1.973623410e-02 2.050000057e-02
      vertex 6.277293712e-02 1.813153923e-02 2.050000057e-02
    endloop
  endfacet
  facet normal 4.693933427e-01 5.292617083e-01 7.067899108e-01
    outer loop
      vertex 6.436756998e-02 2.179179713e-02 1.670008153e-02
      vertex 6.277293712e-02 1.813153923e-02 2.050000057e-02
      vertex 6.543762982e-02 2.084294893e-02 1.669995300e-02
    endloop
  endfacet
  facet normal 5.398733020e-01 4.565002620e-01 7.072088122e-01
    outer loop
      vertex 6.806871295e-02 1.803391054e-02 1.669993438e-02
      vertex 6.745591760e-02 1.875882596e-02 1.669980399e-02
      vertex 6.453362107e-02 1.632758602e-02 2.050000057e-02
    endloop
  endfacet
  facet normal 5.257229209e-01 4.731093049e-01 7.069532871e-01
    outer loop
      vertex 6.453362107e-02 1.632758602e-02 2.050000057e-02
      vertex 6.745591760e-02 1.875882596e-02 1.669980399e-02
      vertex 6.691250205e-02 1.936277747e-02 1.669973321e-02
    endloop
  endfacet
  facet normal 5.045598149e-01 4.924570322e-01 7.091582417e-01
    outer loop
      vertex 6.453362107e-02 1.632758602e-02 2.050000057e-02
      vertex 6.691250205e-02 1.936277747e-02 1.669973321e-02
      vertex 6.277293712e-02 1.813153923e-02 2.050000057e-02
    endloop
  endfacet
  facet normal 5.029608607e-01 4.952766299e-01 7.083300352e-01
    outer loop
      vertex 6.277293712e-02 1.813153923e-02 2.050000057e-02
      vertex 6.691250205e-02 1.936277747e-02 1.669973321e-02
      vertex 6.567838788e-02 2.061579190e-02 1.669990458e-02
    endloop
  endfacet
  facet normal 4.852837026e-01 5.141932964e-01 7.071810365e-01
    outer loop
      vertex 6.277293712e-02 1.813153923e-02 2.050000057e-02
      vertex 6.567838788e-02 2.061579190e-02 1.669990458e-02
      vertex 6.543762982e-02 2.084294893e-02 1.669995300e-02
    endloop
  endfacet
  facet normal 5.683150887e-01 4.209752977e-01 7.069637179e-01
    outer loop
      vertex 6.610648334e-02 1.434592716e-02 2.050000057e-02
      vertex 6.923889369e-02 1.649859548e-02 1.670006104e-02
      vertex 6.855570525e-02 1.742096804e-02 1.670002192e-02
    endloop
  endfacet
  facet normal 5.516618490e-01 4.378594458e-01 7.098931670e-01
    outer loop
      vertex 6.610648334e-02 1.434592716e-02 2.050000057e-02
      vertex 6.855570525e-02 1.742096804e-02 1.670002192e-02
      vertex 6.453362107e-02 1.632758602e-02 2.050000057e-02
    endloop
  endfacet
  facet normal 5.533868670e-01 4.343463480e-01 7.107082605e-01
    outer loop
      vertex 6.453362107e-02 1.632758602e-02 2.050000057e-02
      vertex 6.855570525e-02 1.742096804e-02 1.670002192e-02
      vertex 6.828470528e-02 1.776631363e-02 1.669997722e-02
    endloop
  endfacet
  facet normal 5.485603213e-01 4.428870380e-01 7.091774344e-01
    outer loop
      vertex 6.453362107e-02 1.632758602e-02 2.050000057e-02
      vertex 6.828470528e-02 1.776631363e-02 1.669997722e-02
      vertex 6.806871295e-02 1.803391054e-02 1.669993438e-02
    endloop
  endfacet
  facet normal 5.810461044e-01 4.028370082e-01 7.071830034e-01
    outer loop
      vertex 6.923889369e-02 1.649859548e-02 1.670006104e-02
      vertex 6.610648334e-02 1.434592716e-02 2.050000057e-02
      vertex 6.959984452e-02 1.597802900e-02 1.670002937e-02
    endloop
  endfacet
  facet normal 5.940995216e-01 3.795861304e-01 7.091968060e-01
    outer loop
      vertex 6.959984452e-02 1.597802900e-02 1.670002937e-02
      vertex 6.610648334e-02 1.434592716e-02 2.050000057e-02
      vertex 6.747003645e-02 1.221179683e-02 2.050000057e-02
    endloop
  endfacet
  facet normal 5.951043963e-01 3.786647022e-01 7.088468075e-01
    outer loop
      vertex 6.959984452e-02 1.597802900e-02 1.670002937e-02
      vertex 6.747003645e-02 1.221179683e-02 2.050000057e-02
      vertex 7.046744227e-02 1.461486612e-02 1.669984497e-02
    endloop
  endfacet
  facet normal 6.077500582e-01 3.607212305e-01 7.074744105e-01
    outer loop
      vertex 7.046744227e-02 1.461486612e-02 1.669984497e-02
      vertex 6.747003645e-02 1.221179683e-02 2.050000057e-02
      vertex 7.054537535e-02 1.448359899e-02 1.669982821e-02
    endloop
  endfacet
  facet normal 6.176084876e-01 3.456659913e-01 7.064522505e-01
    outer loop
      vertex 7.054537535e-02 1.448359899e-02 1.669982821e-02
      vertex 6.747003645e-02 1.221179683e-02 2.050000057e-02
      vertex 6.763649732e-02 1.191436779e-02 2.050000057e-02
    endloop
  endfacet
  facet normal 6.209242940e-01 3.409804404e-01 7.058224678e-01
    outer loop
      vertex 7.054537535e-02 1.448359899e-02 1.669982821e-02
      vertex 6.763649732e-02 1.191436779e-02 2.050000057e-02
      vertex 7.139303535e-02 1.293999888e-02 1.669983007e-02
    endloop
  endfacet
  facet normal 6.337954402e-01 3.078435063e-01 7.096025348e-01
    outer loop
      vertex 7.139303535e-02 1.293999888e-02 1.669983007e-02
      vertex 6.763649732e-02 1.191436779e-02 2.050000057e-02
      vertex 6.873858720e-02 9.645370767e-03 2.050000057e-02
    endloop
  endfacet
  facet normal 6.391084194e-01 3.013018668e-01 7.076422572e-01
    outer loop
      vertex 7.139303535e-02 1.293999888e-02 1.669983007e-02
      vertex 6.873858720e-02 9.645370767e-03 2.050000057e-02
      vertex 7.214282453e-02 1.134911925e-02 1.670002565e-02
    endloop
  endfacet
  facet normal 6.774390340e-01 2.055864930e-01 7.062652111e-01
    outer loop
      vertex 7.347337157e-02 7.580498699e-03 1.669978350e-02
      vertex 7.305064797e-02 8.972862735e-03 1.669994555e-02
      vertex 6.959955394e-02 7.290161215e-03 2.050000057e-02
    endloop
  endfacet
  facet normal 6.670034528e-01 2.313882709e-01 7.082131505e-01
    outer loop
      vertex 6.959955394e-02 7.290161215e-03 2.050000057e-02
      vertex 7.305064797e-02 8.972862735e-03 1.669994555e-02
      vertex 7.279399782e-02 9.712452069e-03 1.670002565e-02
    endloop
  endfacet
  facet normal 6.613370776e-01 2.417589128e-01 7.100604773e-01
    outer loop
      vertex 6.959955394e-02 7.290161215e-03 2.050000057e-02
      vertex 7.279399782e-02 9.712452069e-03 1.670002565e-02
      vertex 6.873858720e-02 9.645370767e-03 2.050000057e-02
    endloop
  endfacet
  facet normal 6.580179930e-01 2.596125007e-01 7.068335414e-01
    outer loop
      vertex 6.873858720e-02 9.645370767e-03 2.050000057e-02
      vertex 7.279399782e-02 9.712452069e-03 1.670002565e-02
      vertex 7.220748812e-02 1.119899377e-02 1.670003682e-02
    endloop
  endfacet
  facet normal 6.493597627e-01 2.797434926e-01 7.071601748e-01
    outer loop
      vertex 6.873858720e-02 9.645370767e-03 2.050000057e-02
      vertex 7.220748812e-02 1.119899377e-02 1.670003682e-02
      vertex 7.214282453e-02 1.134911925e-02 1.670002565e-02
    endloop
  endfacet
  facet normal 6.813092828e-01 1.837955415e-01 7.085455656e-01
    outer loop
      vertex 7.347337157e-02 7.580498699e-03 1.669978350e-02
      vertex 6.959955394e-02 7.290161215e-03 2.050000057e-02
      vertex 7.355778664e-02 7.267611101e-03 1.669977047e-02
    endloop
  endfacet
  facet normal 6.825421453e-01 1.737628877e-01 7.098891735e-01
    outer loop
      vertex 7.355778664e-02 7.267611101e-03 1.669977047e-02
      vertex 6.959955394e-02 7.290161215e-03 2.050000057e-02
      vertex 7.021260262e-02 4.882107954e-03 2.050000057e-02
    endloop
  endfacet
  facet normal 6.882593632e-01 1.615419835e-01 7.072504759e-01
    outer loop
      vertex 7.355778664e-02 7.267611101e-03 1.669977047e-02
      vertex 7.021260262e-02 4.882107954e-03 2.050000057e-02
      vertex 7.391440868e-02 5.747654941e-03 1.669989526e-02
    endloop
  endfacet
  facet normal 6.967269182e-01 1.046936214e-01 7.096554041e-01
    outer loop
      vertex 7.057779282e-02 2.451786539e-03 2.050000057e-02
      vertex 7.424438000e-02 3.808509558e-03 1.670005731e-02
      vertex 7.021260262e-02 4.882107954e-03 2.050000057e-02
    endloop
  endfacet
  facet normal 6.974358559e-01 1.161384806e-01 7.071740627e-01
    outer loop
      vertex 7.021260262e-02 4.882107954e-03 2.050000057e-02
      vertex 7.424438000e-02 3.808509558e-03 1.670005731e-02
      vertex 7.395526767e-02 5.545517430e-03 1.669992134e-02
    endloop
  endfacet
  facet normal 6.930877566e-01 1.401882321e-01 7.070902586e-01
    outer loop
      vertex 7.021260262e-02 4.882107954e-03 2.050000057e-02
      vertex 7.395526767e-02 5.545517430e-03 1.669992134e-02
      vertex 7.391440868e-02 5.747654941e-03 1.669989526e-02
    endloop
  endfacet
  facet normal 7.071018219e-01 3.813186428e-03 7.071014643e-01
    outer loop
      vertex 7.450000197e-02 1.387778781e-17 1.669999957e-02
      vertex 7.449845225e-02 2.966997563e-04 1.669994369e-02
      vertex 7.069999725e-02 -6.689007570e-09 2.050000057e-02
    endloop
  endfacet
  facet normal 7.058138251e-01 2.919200249e-02 7.077956200e-01
    outer loop
      vertex 7.069999725e-02 -6.689007570e-09 2.050000057e-02
      vertex 7.449845225e-02 2.966997563e-04 1.669994369e-02
      vertex 7.442557067e-02 2.058357699e-03 1.669996604e-02
    endloop
  endfacet
  facet normal 7.040603757e-01 3.509239107e-02 7.092725635e-01
    outer loop
      vertex 7.069999725e-02 -6.689007570e-09 2.050000057e-02
      vertex 7.442557067e-02 2.058357699e-03 1.669996604e-02
      vertex 7.057779282e-02 2.451786539e-03 2.050000057e-02
    endloop
  endfacet
  facet normal 7.045266032e-01 6.167263910e-02 7.069927454e-01
    outer loop
      vertex 7.057779282e-02 2.451786539e-03 2.050000057e-02
      vertex 7.442557067e-02 2.058357699e-03 1.669996604e-02
      vertex 7.435040921e-02 2.916185884e-03 1.670003310e-02
    endloop
  endfacet
  facet normal 7.020686865e-01 8.340321481e-02 7.072082162e-01
    outer loop
      vertex 7.057779282e-02 2.451786539e-03 2.050000057e-02
      vertex 7.435040921e-02 2.916185884e-03 1.670003310e-02
      vertex 7.424438000e-02 3.808509558e-03 1.670005731e-02
    endloop
  endfacet
  facet normal -1.039721817e-01 -6.995069981e-01 7.070217729e-01
    outer loop
      vertex 4.153323174e-02 -2.814778872e-02 1.669979654e-02
      vertex 4.209369794e-02 -2.823102660e-02 1.669986360e-02
      vertex 4.252568260e-02 -2.445427328e-02 2.050000057e-02
    endloop
  endfacet
  facet normal 6.741334796e-01 -2.132865787e-01 7.071442008e-01
    outer loop
      vertex 7.314237952e-02 -8.691444062e-03 1.669990830e-02
      vertex 7.320003211e-02 -8.509290405e-03 1.669988409e-02
      vertex 6.959955394e-02 -7.290156558e-03 2.050000057e-02
    endloop
  endfacet
  facet normal 7.069339156e-01 -2.212259918e-02 7.069335580e-01
    outer loop
      vertex 7.450000197e-02 1.387778781e-17 1.669999957e-02
      vertex 7.069999725e-02 -6.689007570e-09 2.050000057e-02
      vertex 7.444434613e-02 -1.780224149e-03 1.669994369e-02
    endloop
  endfacet
  facet normal 7.036089897e-01 -3.506728262e-02 7.097215652e-01
    outer loop
      vertex 7.444434613e-02 -1.780224149e-03 1.669994369e-02
      vertex 7.069999725e-02 -6.689007570e-09 2.050000057e-02
      vertex 7.057780772e-02 -2.451758366e-03 2.050000057e-02
    endloop
  endfacet
  facet normal 7.048854828e-01 -5.823163688e-02 7.069268227e-01
    outer loop
      vertex 7.444434613e-02 -1.780224149e-03 1.669994369e-02
      vertex 7.057780772e-02 -2.451758366e-03 2.050000057e-02
      vertex 7.435040921e-02 -2.916186349e-03 1.670003310e-02
    endloop
  endfacet
  facet normal 6.965954304e-01 -1.046744883e-01 7.097873688e-01
    outer loop
      vertex 7.021261007e-02 -4.882102367e-03 2.050000057e-02
      vertex 7.413440198e-02 -4.550304264e-03 1.670002565e-02
      vertex 7.057780772e-02 -2.451758366e-03 2.050000057e-02
    endloop
  endfacet
  facet normal 6.982314587e-01 -1.001674235e-01 7.088295221e-01
    outer loop
      vertex 7.057780772e-02 -2.451758366e-03 2.050000057e-02
      vertex 7.413440198e-02 -4.550304264e-03 1.670002565e-02
      vertex 7.427917421e-02 -3.540924517e-03 1.670005731e-02
    endloop
  endfacet
  facet normal 7.024684548e-01 -8.007068932e-02 7.071964145e-01
    outer loop
      vertex 7.057780772e-02 -2.451758366e-03 2.050000057e-02
      vertex 7.427917421e-02 -3.540924517e-03 1.670005731e-02
      vertex 7.435040921e-02 -2.916186349e-03 1.670003310e-02
    endloop
  endfacet
  facet normal 6.761969328e-01 -2.069344223e-01 7.070614100e-01
    outer loop
      vertex 7.320003211e-02 -8.509290405e-03 1.669988409e-02
      vertex 7.330179960e-02 -8.176898584e-03 1.669984125e-02
      vertex 6.959955394e-02 -7.290156558e-03 2.050000057e-02
    endloop
  endfacet
  facet normal 6.811783314e-01 -1.881432831e-01 7.075296640e-01
    outer loop
      vertex 6.959955394e-02 -7.290156558e-03 2.050000057e-02
      vertex 7.330179960e-02 -8.176898584e-03 1.669984125e-02
      vertex 7.362745702e-02 -6.998105440e-03 1.669977233e-02
    endloop
  endfacet
  facet normal 6.824493408e-01 -1.737418324e-01 7.099835873e-01
    outer loop
      vertex 6.959955394e-02 -7.290156558e-03 2.050000057e-02
      vertex 7.362745702e-02 -6.998105440e-03 1.669977233e-02
      vertex 7.021261007e-02 -4.882102367e-03 2.050000057e-02
    endloop
  endfacet
  facet normal 6.913324594e-01 -1.526576430e-01 7.062259316e-01
    outer loop
      vertex 7.021261007e-02 -4.882102367e-03 2.050000057e-02
      vertex 7.362745702e-02 -6.998105440e-03 1.669977233e-02
      vertex 7.400649786e-02 -5.280719139e-03 1.669995487e-02
    endloop
  endfacet
  facet normal 6.959733963e-01 -1.219433621e-01 7.076375484e-01
    outer loop
      vertex 7.021261007e-02 -4.882102367e-03 2.050000057e-02
      vertex 7.400649786e-02 -5.280719139e-03 1.669995487e-02
      vertex 7.413440198e-02 -4.550304264e-03 1.670002565e-02
    endloop
  endfacet
  facet normal 6.700349450e-01 -2.246606648e-01 7.075173259e-01
    outer loop
      vertex 7.314237952e-02 -8.691444062e-03 1.669990830e-02
      vertex 6.959955394e-02 -7.290156558e-03 2.050000057e-02
      vertex 7.289342582e-02 -9.433643892e-03 1.669999957e-02
    endloop
  endfacet
  facet normal 6.615433693e-01 -2.418327630e-01 7.098431587e-01
    outer loop
      vertex 7.289342582e-02 -9.433643892e-03 1.669999957e-02
      vertex 6.959955394e-02 -7.290156558e-03 2.050000057e-02
      vertex 6.873861700e-02 -9.645289741e-03 2.050000057e-02
    endloop
  endfacet
  facet normal 6.596575975e-01 -2.547915876e-01 7.070595026e-01
    outer loop
      vertex 7.289342582e-02 -9.433643892e-03 1.669999957e-02
      vertex 6.873861700e-02 -9.645289741e-03 2.050000057e-02
      vertex 7.225164771e-02 -1.109509356e-02 1.670004427e-02
    endloop
  endfacet
  facet normal 6.159542203e-01 -3.473569155e-01 7.070668936e-01
    outer loop
      vertex 7.067979872e-02 -1.425333228e-02 1.669980213e-02
      vertex 7.096564025e-02 -1.374651771e-02 1.669977419e-02
      vertex 6.763650477e-02 -1.191433799e-02 2.050000057e-02
    endloop
  endfacet
  facet normal 6.264007092e-01 -3.282618821e-01 7.070122361e-01
    outer loop
      vertex 6.763650477e-02 -1.191433799e-02 2.050000057e-02
      vertex 7.096564025e-02 -1.374651771e-02 1.669977419e-02
      vertex 7.151298970e-02 -1.270186901e-02 1.669985987e-02
    endloop
  endfacet
  facet normal 6.334712505e-01 -3.076853156e-01 7.099605203e-01
    outer loop
      vertex 6.763650477e-02 -1.191433799e-02 2.050000057e-02
      vertex 7.151298970e-02 -1.270186901e-02 1.669985987e-02
      vertex 6.873861700e-02 -9.645289741e-03 2.050000057e-02
    endloop
  endfacet
  facet normal 6.379262805e-01 -3.018137217e-01 7.084903121e-01
    outer loop
      vertex 6.873861700e-02 -9.645289741e-03 2.050000057e-02
      vertex 7.151298970e-02 -1.270186901e-02 1.669985987e-02
      vertex 7.200381905e-02 -1.166411210e-02 1.669999585e-02
    endloop
  endfacet
  facet normal 6.482857466e-01 -2.824126482e-01 7.070846558e-01
    outer loop
      vertex 6.873861700e-02 -9.645289741e-03 2.050000057e-02
      vertex 7.200381905e-02 -1.166411210e-02 1.669999585e-02
      vertex 7.225164771e-02 -1.109509356e-02 1.670004427e-02
    endloop
  endfacet
  facet normal 6.063179970e-01 -3.617222309e-01 7.081916928e-01
    outer loop
      vertex 7.067979872e-02 -1.425333228e-02 1.669980213e-02
      vertex 6.763650477e-02 -1.191433799e-02 2.050000057e-02
      vertex 7.026257366e-02 -1.495250221e-02 1.669989340e-02
    endloop
  endfacet
  facet normal 5.985217094e-01 -3.708487153e-01 7.101006508e-01
    outer loop
      vertex 7.026257366e-02 -1.495250221e-02 1.669989340e-02
      vertex 6.763650477e-02 -1.191433799e-02 2.050000057e-02
      vertex 6.630319357e-02 -1.406620722e-02 2.050000057e-02
    endloop
  endfacet
  facet normal 5.947454572e-01 -3.801726997e-01 7.083407044e-01
    outer loop
      vertex 7.026257366e-02 -1.495250221e-02 1.669989340e-02
      vertex 6.630319357e-02 -1.406620722e-02 2.050000057e-02
      vertex 6.975366175e-02 -1.574844308e-02 1.670000516e-02
    endloop
  endfacet
  facet normal 5.434871316e-01 -4.522185028e-01 7.071917653e-01
    outer loop
      vertex 6.475738436e-02 -1.606994867e-02 2.050000057e-02
      vertex 6.771049649e-02 -1.846359111e-02 1.669985615e-02
      vertex 6.810776144e-02 -1.798601449e-02 1.669994183e-02
    endloop
  endfacet
  facet normal 5.495180488e-01 -4.434460998e-01 7.080857754e-01
    outer loop
      vertex 6.810776144e-02 -1.798601449e-02 1.669994183e-02
      vertex 6.825483590e-02 -1.780371927e-02 1.669997163e-02
      vertex 6.475738436e-02 -1.606994867e-02 2.050000057e-02
    endloop
  endfacet
  facet normal 5.562952757e-01 -4.327191114e-01 7.094291449e-01
    outer loop
      vertex 6.475738436e-02 -1.606994867e-02 2.050000057e-02
      vertex 6.825483590e-02 -1.780371927e-02 1.669997163e-02
      vertex 6.873542070e-02 -1.718576252e-02 1.670004427e-02
    endloop
  endfacet
  facet normal 5.575646758e-01 -4.301401377e-01 7.100007534e-01
    outer loop
      vertex 6.475738436e-02 -1.606994867e-02 2.050000057e-02
      vertex 6.873542070e-02 -1.718576252e-02 1.670004427e-02
      vertex 6.630319357e-02 -1.406620722e-02 2.050000057e-02
    endloop
  endfacet
  facet normal 5.733464956e-01 -4.141196609e-01 7.069503069e-01
    outer loop
      vertex 6.630319357e-02 -1.406620722e-02 2.050000057e-02
      vertex 6.873542070e-02 -1.718576252e-02 1.670004427e-02
      vertex 6.946104020e-02 -1.618114300e-02 1.670004614e-02
    endloop
  endfacet
  facet normal 5.857207775e-01 -3.960353136e-01 7.071684599e-01
    outer loop
      vertex 6.630319357e-02 -1.406620722e-02 2.050000057e-02
      vertex 6.946104020e-02 -1.618114300e-02 1.670004614e-02
      vertex 6.975366175e-02 -1.574844308e-02 1.670000516e-02
    endloop
  endfacet
  facet normal 5.312137604e-01 -4.669582844e-01 7.069383860e-01
    outer loop
      vertex 6.771049649e-02 -1.846359111e-02 1.669985615e-02
      vertex 6.475738436e-02 -1.606994867e-02 2.050000057e-02
      vertex 6.709928066e-02 -1.915907860e-02 1.669974811e-02
    endloop
  endfacet
  facet normal 5.111192465e-01 -4.852533340e-01 7.094267607e-01
    outer loop
      vertex 6.709928066e-02 -1.915907860e-02 1.669974811e-02
      vertex 6.475738436e-02 -1.606994867e-02 2.050000057e-02
      vertex 6.302067637e-02 -1.789923012e-02 2.050000057e-02
    endloop
  endfacet
  facet normal 5.079656839e-01 -4.907935858e-01 7.078788877e-01
    outer loop
      vertex 6.709928066e-02 -1.915907860e-02 1.669974811e-02
      vertex 6.302067637e-02 -1.789923012e-02 2.050000057e-02
      vertex 6.587041169e-02 -2.043077908e-02 1.669986360e-02
    endloop
  endfacet
  facet normal 4.586727917e-01 -5.342484713e-01 7.100688815e-01
    outer loop
      vertex 6.111896411e-02 -1.953192055e-02 2.050000057e-02
      vertex 6.457065046e-02 -2.161899582e-02 1.670007221e-02
      vertex 6.302067637e-02 -1.789923012e-02 2.050000057e-02
    endloop
  endfacet
  facet normal 4.733634293e-01 -5.251815915e-01 7.071855068e-01
    outer loop
      vertex 6.302067637e-02 -1.789923012e-02 2.050000057e-02
      vertex 6.457065046e-02 -2.161899582e-02 1.670007221e-02
      vertex 6.557610631e-02 -2.071294188e-02 1.669992507e-02
    endloop
  endfacet
  facet normal 4.894721508e-01 -5.103787780e-01 7.070576549e-01
    outer loop
      vertex 6.302067637e-02 -1.789923012e-02 2.050000057e-02
      vertex 6.557610631e-02 -2.071294188e-02 1.669992507e-02
      vertex 6.587041169e-02 -2.043077908e-02 1.669986360e-02
    endloop
  endfacet
  facet normal 4.203936458e-01 -5.680714250e-01 7.075055242e-01
    outer loop
      vertex 6.271076202e-02 -2.308680117e-02 1.669987850e-02
      vertex 6.320182979e-02 -2.272326872e-02 1.669997722e-02
      vertex 6.111896411e-02 -1.953192055e-02 2.050000057e-02
    endloop
  endfacet
  facet normal 4.305727780e-01 -5.609265566e-01 7.070844769e-01
    outer loop
      vertex 6.111896411e-02 -1.953192055e-02 2.050000057e-02
      vertex 6.320182979e-02 -2.272326872e-02 1.669997722e-02
      vertex 6.351073831e-02 -2.248608693e-02 1.670002751e-02
    endloop
  endfacet
  facet normal 4.476562738e-01 -5.472421050e-01 7.071986198e-01
    outer loop
      vertex 6.111896411e-02 -1.953192055e-02 2.050000057e-02
      vertex 6.351073831e-02 -2.248608693e-02 1.670002751e-02
      vertex 6.457065046e-02 -2.161899582e-02 1.670007221e-02
    endloop
  endfacet
  facet normal 4.013727009e-01 -5.789588690e-01 7.097228765e-01
    outer loop
      vertex 6.271076202e-02 -2.308680117e-02 1.669987850e-02
      vertex 6.111896411e-02 -1.953192055e-02 2.050000057e-02
      vertex 6.176523492e-02 -2.374252118e-02 1.669969968e-02
    endloop
  endfacet
  facet normal 4.060358107e-01 -5.771661401e-01 7.085295916e-01
    outer loop
      vertex 6.176523492e-02 -2.374252118e-02 1.669969968e-02
      vertex 6.111896411e-02 -1.953192055e-02 2.050000057e-02
      vertex 5.927132443e-02 -2.083173394e-02 2.050000057e-02
    endloop
  endfacet
  facet normal 3.831355870e-01 -5.946063399e-01 7.068595886e-01
    outer loop
      vertex 6.176523492e-02 -2.374252118e-02 1.669969968e-02
      vertex 5.927132443e-02 -2.083173394e-02 2.050000057e-02
      vertex 6.110717356e-02 -2.416657470e-02 1.669967547e-02
    endloop
  endfacet
  facet normal 3.557425737e-01 -6.105310917e-01 7.076008916e-01
    outer loop
      vertex 6.110717356e-02 -2.416657470e-02 1.669967547e-02
      vertex 5.927132443e-02 -2.083173394e-02 2.050000057e-02
      vertex 5.956812948e-02 -2.506303787e-02 1.669993624e-02
    endloop
  endfacet
  facet normal 3.486491144e-01 -6.125953197e-01 7.093452811e-01
    outer loop
      vertex 5.956812948e-02 -2.506303787e-02 1.669993624e-02
      vertex 5.927132443e-02 -2.083173394e-02 2.050000057e-02
      vertex 5.713665485e-02 -2.204664797e-02 2.050000057e-02
    endloop
  endfacet
  facet normal 3.269323707e-01 -6.271268129e-01 7.069845796e-01
    outer loop
      vertex 5.956812948e-02 -2.506303787e-02 1.669993624e-02
      vertex 5.713665485e-02 -2.204664797e-02 2.050000057e-02
      vertex 5.877176672e-02 -2.547806688e-02 1.670004986e-02
    endloop
  endfacet
  facet normal 3.071634471e-01 -6.367945671e-01 7.072080970e-01
    outer loop
      vertex 5.877176672e-02 -2.547806688e-02 1.670004986e-02
      vertex 5.713665485e-02 -2.204664797e-02 2.050000057e-02
      vertex 5.798759311e-02 -2.585628815e-02 1.670007966e-02
    endloop
  endfacet
  facet normal 2.860534787e-01 -6.439102292e-01 7.096146941e-01
    outer loop
      vertex 5.798759311e-02 -2.585628815e-02 1.670007966e-02
      vertex 5.713665485e-02 -2.204664797e-02 2.050000057e-02
      vertex 5.489227921e-02 -2.304369956e-02 2.050000057e-02
    endloop
  endfacet
  facet normal 2.773409784e-01 -6.502971053e-01 7.072451115e-01
    outer loop
      vertex 5.798759311e-02 -2.585628815e-02 1.670007966e-02
      vertex 5.489227921e-02 -2.304369956e-02 2.050000057e-02
      vertex 5.636779219e-02 -2.654729411e-02 1.669990644e-02
    endloop
  endfacet
  facet normal 1.794219911e-01 -6.838962436e-01 7.071729898e-01
    outer loop
      vertex 5.301762000e-02 -2.762250975e-02 1.669993624e-02
      vertex 5.343904346e-02 -2.751201019e-02 1.669987664e-02
      vertex 5.253256112e-02 -2.382036485e-02 2.050000057e-02
    endloop
  endfacet
  facet normal 2.005449235e-01 -6.783584952e-01 7.068319917e-01
    outer loop
      vertex 5.253256112e-02 -2.382036485e-02 2.050000057e-02
      vertex 5.343904346e-02 -2.751201019e-02 1.669987664e-02
      vertex 5.471061543e-02 -2.713623270e-02 1.669974066e-02
    endloop
  endfacet
  facet normal 2.201867402e-01 -6.689864397e-01 7.099119425e-01
    outer loop
      vertex 5.253256112e-02 -2.382036485e-02 2.050000057e-02
      vertex 5.471061543e-02 -2.713623270e-02 1.669974066e-02
      vertex 5.489227921e-02 -2.304369956e-02 2.050000057e-02
    endloop
  endfacet
  facet normal 2.343431264e-01 -6.670733094e-01 7.071749568e-01
    outer loop
      vertex 5.489227921e-02 -2.304369956e-02 2.050000057e-02
      vertex 5.471061543e-02 -2.713623270e-02 1.669974066e-02
      vertex 5.617922544e-02 -2.662016824e-02 1.669987477e-02
    endloop
  endfacet
  facet normal 2.547985613e-01 -6.596223116e-01 7.070899010e-01
    outer loop
      vertex 5.489227921e-02 -2.304369956e-02 2.050000057e-02
      vertex 5.617922544e-02 -2.662016824e-02 1.669987477e-02
      vertex 5.636779219e-02 -2.654729411e-02 1.669990644e-02
    endloop
  endfacet
  facet normal 1.337090582e-01 -6.949691176e-01 7.064982653e-01
    outer loop
      vertex 5.008327216e-02 -2.435989678e-02 2.050000057e-02
      vertex 5.050727352e-02 -2.814133093e-02 1.670002937e-02
      vertex 5.225629359e-02 -2.780483477e-02 1.670002192e-02
    endloop
  endfacet
  facet normal 1.514807194e-01 -6.876704693e-01 7.100442648e-01
    outer loop
      vertex 5.008327216e-02 -2.435989678e-02 2.050000057e-02
      vertex 5.225629359e-02 -2.780483477e-02 1.670002192e-02
      vertex 5.253256112e-02 -2.382036485e-02 2.050000057e-02
    endloop
  endfacet
  facet normal 1.594655961e-01 -6.870908737e-01 7.088560462e-01
    outer loop
      vertex 5.253256112e-02 -2.382036485e-02 2.050000057e-02
      vertex 5.225629359e-02 -2.780483477e-02 1.670002192e-02
      vertex 5.262436718e-02 -2.771944739e-02 1.669998467e-02
    endloop
  endfacet
  facet normal 1.691504419e-01 -6.858476400e-01 7.078143358e-01
    outer loop
      vertex 5.253256112e-02 -2.382036485e-02 2.050000057e-02
      vertex 5.262436718e-02 -2.771944739e-02 1.669998467e-02
      vertex 5.301762000e-02 -2.762250975e-02 1.669993624e-02
    endloop
  endfacet
  facet normal 9.249315411e-02 -7.006158233e-01 7.075185180e-01
    outer loop
      vertex 5.050727352e-02 -2.814133093e-02 1.670002937e-02
      vertex 5.008327216e-02 -2.435989678e-02 2.050000057e-02
      vertex 4.895659536e-02 -2.834622562e-02 1.669985242e-02
    endloop
  endfacet
  facet normal 8.087345213e-02 -6.996222138e-01 7.099213004e-01
    outer loop
      vertex 4.895659536e-02 -2.834622562e-02 1.669985242e-02
      vertex 5.008327216e-02 -2.435989678e-02 2.050000057e-02
      vertex 4.757744074e-02 -2.464956045e-02 2.050000057e-02
    endloop
  endfacet
  facet normal 7.061075419e-02 -7.020804882e-01 7.085880637e-01
    outer loop
      vertex 4.895659536e-02 -2.834622562e-02 1.669985242e-02
      vertex 4.757744074e-02 -2.464956045e-02 2.050000057e-02
      vertex 4.875326157e-02 -2.836669795e-02 1.669983007e-02
    endloop
  endfacet
  facet normal 8.833941072e-03 -7.047046423e-01 7.094457746e-01
    outer loop
      vertex 4.504654557e-02 -2.468128689e-02 2.050000057e-02
      vertex 4.699604586e-02 -2.848258987e-02 1.669982634e-02
      vertex 4.757744074e-02 -2.464956045e-02 2.050000057e-02
    endloop
  endfacet
  facet normal 3.499771282e-02 -7.062974572e-01 7.070495486e-01
    outer loop
      vertex 4.757744074e-02 -2.464956045e-02 2.050000057e-02
      vertex 4.699604586e-02 -2.848258987e-02 1.669982634e-02
      vertex 4.782100767e-02 -2.844176441e-02 1.669977419e-02
    endloop
  endfacet
  facet normal 5.671676993e-02 -7.048941851e-01 7.070413232e-01
    outer loop
      vertex 4.757744074e-02 -2.464956045e-02 2.050000057e-02
      vertex 4.782100767e-02 -2.844176441e-02 1.669977419e-02
      vertex 4.875326157e-02 -2.836669795e-02 1.669983007e-02
    endloop
  endfacet
  facet normal -8.948095888e-02 -7.013360262e-01 7.071923018e-01
    outer loop
      vertex 4.209369794e-02 -2.823102660e-02 1.669986360e-02
      vertex 4.270006344e-02 -2.830830961e-02 1.669994369e-02
      vertex 4.252568260e-02 -2.445427328e-02 2.050000057e-02
    endloop
  endfacet
  facet normal -7.214333117e-02 -7.019262910e-01 7.085865140e-01
    outer loop
      vertex 4.252568260e-02 -2.445427328e-02 2.050000057e-02
      vertex 4.270006344e-02 -2.830830961e-02 1.669994369e-02
      vertex 4.347882420e-02 -2.838826738e-02 1.670002565e-02
    endloop
  endfacet
  facet normal -6.314898282e-02 -7.012355328e-01 7.101274133e-01
    outer loop
      vertex 4.252568260e-02 -2.445427328e-02 2.050000057e-02
      vertex 4.347882420e-02 -2.838826738e-02 1.670002565e-02
      vertex 4.504654557e-02 -2.468128689e-02 2.050000057e-02
    endloop
  endfacet
  facet normal -4.080376402e-02 -7.067487240e-01 7.062869668e-01
    outer loop
      vertex 4.504654557e-02 -2.468128689e-02 2.050000057e-02
      vertex 4.347882420e-02 -2.838826738e-02 1.670002565e-02
      vertex 4.523734376e-02 -2.848979458e-02 1.670002565e-02
    endloop
  endfacet
  facet normal 2.973400289e-03 -7.062355280e-01 7.079706788e-01
    outer loop
      vertex 4.504654557e-02 -2.468128689e-02 2.050000057e-02
      vertex 4.523734376e-02 -2.848979458e-02 1.670002565e-02
      vertex 4.699604586e-02 -2.848258987e-02 1.669982634e-02
    endloop
  endfacet
  facet normal -1.181168482e-01 -6.964873672e-01 7.077808976e-01
    outer loop
      vertex 4.153323174e-02 -2.814778872e-02 1.669979654e-02
      vertex 4.252568260e-02 -2.445427328e-02 2.050000057e-02
      vertex 4.094025493e-02 -2.804726362e-02 1.669975929e-02
    endloop
  endfacet
  facet normal -1.345254183e-01 -6.914108396e-01 7.098267078e-01
    outer loop
      vertex 4.094025493e-02 -2.804726362e-02 1.669975929e-02
      vertex 4.252568260e-02 -2.445427328e-02 2.050000057e-02
      vertex 4.004969820e-02 -2.397252992e-02 2.050000057e-02
    endloop
  endfacet
  facet normal -1.469835341e-01 -6.916278005e-01 7.071399093e-01
    outer loop
      vertex 4.094025493e-02 -2.804726362e-02 1.669975929e-02
      vertex 4.004969820e-02 -2.397252992e-02 2.050000057e-02
      vertex 3.921152651e-02 -2.767971531e-02 1.669991761e-02
    endloop
  endfacet
  facet normal -1.846961826e-01 -6.828145981e-01 7.068603635e-01
    outer loop
      vertex 3.921152651e-02 -2.767971531e-02 1.669991761e-02
      vertex 4.004969820e-02 -2.397252992e-02 2.050000057e-02
      vertex 3.790418431e-02 -2.732595429e-02 1.670004800e-02
    endloop
  endfacet
  facet normal -2.040960342e-01 -6.739688516e-01 7.100075483e-01
    outer loop
      vertex 3.790418431e-02 -2.732595429e-02 1.670004800e-02
      vertex 4.004969820e-02 -2.397252992e-02 2.050000057e-02
      vertex 3.765067458e-02 -2.324604057e-02 2.050000057e-02
    endloop
  endfacet
  facet normal -2.048678994e-01 -6.738844514e-01 7.098653913e-01
    outer loop
      vertex 3.790418431e-02 -2.732595429e-02 1.670004800e-02
      vertex 3.765067458e-02 -2.324604057e-02 2.050000057e-02
      vertex 3.751507774e-02 -2.720764838e-02 1.670006104e-02
    endloop
  endfacet
  facet normal -2.952750623e-01 -6.425104737e-01 7.071017623e-01
    outer loop
      vertex 3.395539150e-02 -2.582979761e-02 1.670002751e-02
      vertex 3.422492370e-02 -2.595375851e-02 1.669994183e-02
      vertex 3.556134924e-02 -2.238584869e-02 2.050000615e-02
    endloop
  endfacet
  facet normal -2.718344331e-01 -6.520253420e-01 7.077916265e-01
    outer loop
      vertex 3.556134924e-02 -2.238584869e-02 2.050000615e-02
      vertex 3.422492370e-02 -2.595375851e-02 1.669994183e-02
      vertex 3.585232794e-02 -2.663221210e-02 1.669996418e-02
    endloop
  endfacet
  facet normal -2.686386406e-01 -6.525034904e-01 7.085707188e-01
    outer loop
      vertex 3.556134924e-02 -2.238584869e-02 2.050000615e-02
      vertex 3.585232794e-02 -2.663221210e-02 1.669996418e-02
      vertex 3.765067458e-02 -2.324604057e-02 2.050000057e-02
    endloop
  endfacet
  facet normal -2.445282340e-01 -6.635703444e-01 7.070221305e-01
    outer loop
      vertex 3.765067458e-02 -2.324604057e-02 2.050000057e-02
      vertex 3.585232794e-02 -2.663221210e-02 1.669996418e-02
      vertex 3.644438460e-02 -2.685032971e-02 1.670001820e-02
    endloop
  endfacet
  facet normal -2.238458842e-01 -6.706611514e-01 7.071822286e-01
    outer loop
      vertex 3.765067458e-02 -2.324604057e-02 2.050000057e-02
      vertex 3.644438460e-02 -2.685032971e-02 1.670001820e-02
      vertex 3.751507774e-02 -2.720764838e-02 1.670006104e-02
    endloop
  endfacet
  facet normal 6.176065207e-01 -3.456687629e-01 -7.064526081e-01
    outer loop
      vertex 7.054536790e-02 -1.448360924e-02 -1.869982854e-02
      vertex 6.747002900e-02 -1.221179683e-02 -2.250000089e-02
      vertex 6.763649732e-02 -1.191436779e-02 -2.250000089e-02
    endloop
  endfacet
  facet normal -2.787067592e-01 -6.500508785e-01 -7.069345117e-01
    outer loop
      vertex 3.395535797e-02 -2.582976408e-02 -1.870001294e-02
      vertex 3.556137159e-02 -2.238584682e-02 -2.249998040e-02
      vertex 3.559231013e-02 -2.653167956e-02 -1.869994029e-02
    endloop
  endfacet
  facet normal -2.720801830e-01 -6.513066888e-01 -7.083586454e-01
    outer loop
      vertex 3.559231013e-02 -2.653167956e-02 -1.869994029e-02
      vertex 3.556137159e-02 -2.238584682e-02 -2.249998040e-02
      vertex 3.741268814e-02 -2.315920219e-02 -2.250000089e-02
    endloop
  endfacet
  facet normal -2.512401938e-01 -6.610540748e-01 -7.070260644e-01
    outer loop
      vertex 3.559231013e-02 -2.653167956e-02 -1.869994029e-02
      vertex 3.741268814e-02 -2.315920219e-02 -2.250000089e-02
      vertex 3.616337478e-02 -2.674866095e-02 -1.869999431e-02
    endloop
  endfacet
  facet normal -2.305422276e-01 -6.684060693e-01 -7.071658969e-01
    outer loop
      vertex 3.616337478e-02 -2.674866095e-02 -1.869999431e-02
      vertex 3.741268814e-02 -2.315920219e-02 -2.250000089e-02
      vertex 3.725785017e-02 -2.712609060e-02 -1.870005950e-02
    endloop
  endfacet
  facet normal -2.110280991e-01 -6.718617082e-01 -7.099781632e-01
    outer loop
      vertex 3.725785017e-02 -2.712609060e-02 -1.870005950e-02
      vertex 3.741268814e-02 -2.315920219e-02 -2.250000089e-02
      vertex 3.980207443e-02 -2.390969545e-02 -2.250000089e-02
    endloop
  endfacet
  facet normal -2.082135677e-01 -6.733753085e-01 -7.093749046e-01
    outer loop
      vertex 3.725785017e-02 -2.712609060e-02 -1.870005950e-02
      vertex 3.980207443e-02 -2.390969545e-02 -2.250000089e-02
      vertex 3.790418431e-02 -2.732595429e-02 -1.870004833e-02
    endloop
  endfacet
  facet normal -1.001227722e-01 -7.002018690e-01 -7.068895102e-01
    outer loop
      vertex 4.240623489e-02 -2.827251144e-02 -1.869990490e-02
      vertex 4.153323174e-02 -2.814778872e-02 -1.869979687e-02
      vertex 4.227170721e-02 -2.441688441e-02 -2.250000089e-02
    endloop
  endfacet
  facet normal -1.215829849e-01 -6.963758469e-01 -7.073035240e-01
    outer loop
      vertex 4.227170721e-02 -2.441688441e-02 -2.250000089e-02
      vertex 4.153323174e-02 -2.814778872e-02 -1.869979687e-02
      vertex 4.066654667e-02 -2.799650468e-02 -1.869976334e-02
    endloop
  endfacet
  facet normal -1.417059600e-01 -6.900026202e-01 -7.097998261e-01
    outer loop
      vertex 4.227170721e-02 -2.441688441e-02 -2.250000089e-02
      vertex 4.066654667e-02 -2.799650468e-02 -1.869976334e-02
      vertex 3.980207443e-02 -2.390969545e-02 -2.250000089e-02
    endloop
  endfacet
  facet normal -1.535988003e-01 -6.901133060e-01 -7.072135806e-01
    outer loop
      vertex 3.980207443e-02 -2.390969545e-02 -2.250000089e-02
      vertex 4.066654667e-02 -2.799650468e-02 -1.869976334e-02
      vertex 3.894987702e-02 -2.761423215e-02 -1.869995147e-02
    endloop
  endfacet
  facet normal -1.879198253e-01 -6.818948984e-01 -7.068985105e-01
    outer loop
      vertex 3.980207443e-02 -2.390969545e-02 -2.250000089e-02
      vertex 3.894987702e-02 -2.761423215e-02 -1.869995147e-02
      vertex 3.790418431e-02 -2.732595429e-02 -1.870004833e-02
    endloop
  endfacet
  facet normal -7.944065332e-02 -7.011454701e-01 -7.085790038e-01
    outer loop
      vertex 4.240623489e-02 -2.827251144e-02 -1.869990490e-02
      vertex 4.227170721e-02 -2.441688441e-02 -2.250000089e-02
      vertex 4.318410903e-02 -2.836054936e-02 -1.869999990e-02
    endloop
  endfacet
  facet normal -7.042669505e-02 -7.005470991e-01 -7.101224065e-01
    outer loop
      vertex 4.318410903e-02 -2.836054936e-02 -1.869999990e-02
      vertex 4.227170721e-02 -2.441688441e-02 -2.250000089e-02
      vertex 4.478946701e-02 -2.466999739e-02 -2.250000089e-02
    endloop
  endfacet
  facet normal -4.791903868e-02 -7.063446641e-01 -7.062442899e-01
    outer loop
      vertex 4.318410903e-02 -2.836054936e-02 -1.869999990e-02
      vertex 4.478946701e-02 -2.466999739e-02 -2.250000089e-02
      vertex 4.496112093e-02 -2.848105878e-02 -1.870004460e-02
    endloop
  endfacet
  facet normal 4.985471442e-02 -7.054052949e-01 -7.070487142e-01
    outer loop
      vertex 4.848774895e-02 -2.839121595e-02 -1.869980432e-02
      vertex 4.753148556e-02 -2.845882252e-02 -1.869978197e-02
      vertex 4.732106254e-02 -2.466462180e-02 -2.250000089e-02
    endloop
  endfacet
  facet normal 2.811837196e-02 -7.066081762e-01 -7.070460916e-01
    outer loop
      vertex 4.732106254e-02 -2.466462180e-02 -2.250000089e-02
      vertex 4.753148556e-02 -2.845882252e-02 -1.869978197e-02
      vertex 4.672952369e-02 -2.849066071e-02 -1.869985647e-02
    endloop
  endfacet
  facet normal 1.496610232e-03 -7.048174143e-01 -7.093871832e-01
    outer loop
      vertex 4.732106254e-02 -2.466462180e-02 -2.250000089e-02
      vertex 4.672952369e-02 -2.849066071e-02 -1.869985647e-02
      vertex 4.478946701e-02 -2.466999739e-02 -2.250000089e-02
    endloop
  endfacet
  facet normal -3.158708569e-04 -7.052809596e-01 -7.089278698e-01
    outer loop
      vertex 4.478946701e-02 -2.466999739e-02 -2.250000089e-02
      vertex 4.672952369e-02 -2.849066071e-02 -1.869985647e-02
      vertex 4.523842409e-02 -2.848982252e-02 -1.870002598e-02
    endloop
  endfacet
  facet normal -2.227736637e-02 -7.064020634e-01 -7.074601650e-01
    outer loop
      vertex 4.478946701e-02 -2.466999739e-02 -2.250000089e-02
      vertex 4.523842409e-02 -2.848982252e-02 -1.870002598e-02
      vertex 4.496112093e-02 -2.848105878e-02 -1.870004460e-02
    endloop
  endfacet
  facet normal 6.728714705e-02 -7.019644380e-01 -7.090263367e-01
    outer loop
      vertex 4.848774895e-02 -2.839121595e-02 -1.869980432e-02
      vertex 4.732106254e-02 -2.466462180e-02 -2.250000089e-02
      vertex 4.895659536e-02 -2.834622562e-02 -1.869985275e-02
    endloop
  endfacet
  facet normal 7.358508557e-02 -7.002598643e-01 -7.100854516e-01
    outer loop
      vertex 4.895659536e-02 -2.834622562e-02 -1.869985275e-02
      vertex 4.732106254e-02 -2.466462180e-02 -2.250000089e-02
      vertex 4.983085766e-02 -2.440088615e-02 -2.250000089e-02
    endloop
  endfacet
  facet normal 8.910238743e-02 -7.011424899e-01 -7.074319124e-01
    outer loop
      vertex 4.895659536e-02 -2.834622562e-02 -1.869985275e-02
      vertex 4.983085766e-02 -2.440088615e-02 -2.250000089e-02
      vertex 5.023417994e-02 -2.818371356e-02 -1.870000549e-02
    endloop
  endfacet
  facet normal 1.266984046e-01 -6.962385178e-01 -7.065404654e-01
    outer loop
      vertex 5.023417994e-02 -2.818371356e-02 -1.870000549e-02
      vertex 4.983085766e-02 -2.440088615e-02 -2.250000089e-02
      vertex 5.196716264e-02 -2.786831558e-02 -1.870004274e-02
    endloop
  endfacet
  facet normal 1.443930119e-01 -6.891853809e-01 -7.100522518e-01
    outer loop
      vertex 5.196716264e-02 -2.786831558e-02 -1.870004274e-02
      vertex 4.983085766e-02 -2.440088615e-02 -2.250000089e-02
      vertex 5.228751898e-02 -2.388618514e-02 -2.250000089e-02
    endloop
  endfacet
  facet normal 1.573757976e-01 -6.883592606e-01 -7.080920339e-01
    outer loop
      vertex 5.196716264e-02 -2.786831558e-02 -1.870004274e-02
      vertex 5.228751898e-02 -2.388618514e-02 -2.250000089e-02
      vertex 5.273032561e-02 -2.769391052e-02 -1.869997196e-02
    endloop
  endfacet
  facet normal 1.887542009e-01 -6.826089025e-01 -7.059864998e-01
    outer loop
      vertex 5.273032561e-02 -2.769391052e-02 -1.869997196e-02
      vertex 5.228751898e-02 -2.388618514e-02 -2.250000089e-02
      vertex 5.444705486e-02 -2.721942775e-02 -1.869975403e-02
    endloop
  endfacet
  facet normal 2.133205086e-01 -6.711886525e-01 -7.099297047e-01
    outer loop
      vertex 5.444705486e-02 -2.721942775e-02 -1.869975403e-02
      vertex 5.228751898e-02 -2.388618514e-02 -2.250000089e-02
      vertex 5.465765670e-02 -2.313289605e-02 -2.250000089e-02
    endloop
  endfacet
  facet normal 2.273563445e-01 -6.694142222e-01 -7.072437406e-01
    outer loop
      vertex 5.444705486e-02 -2.721942775e-02 -1.869975403e-02
      vertex 5.465765670e-02 -2.313289605e-02 -2.250000089e-02
      vertex 5.587989837e-02 -2.673270553e-02 -1.869982854e-02
    endloop
  endfacet
  facet normal 3.206554651e-01 -6.303647757e-01 -7.069797516e-01
    outer loop
      vertex 5.932444334e-02 -2.519343421e-02 -1.869997755e-02
      vertex 5.851057544e-02 -2.560733259e-02 -1.870006882e-02
      vertex 5.691474304e-02 -2.215732634e-02 -2.250000089e-02
    endloop
  endfacet
  facet normal 3.008877635e-01 -6.397718787e-01 -7.072188854e-01
    outer loop
      vertex 5.691474304e-02 -2.215732634e-02 -2.250000089e-02
      vertex 5.851057544e-02 -2.560733259e-02 -1.870006882e-02
      vertex 5.774514377e-02 -2.596731670e-02 -1.870007068e-02
    endloop
  endfacet
  facet normal 2.795568705e-01 -6.467851400e-01 -7.095892429e-01
    outer loop
      vertex 5.691474304e-02 -2.215732634e-02 -2.250000089e-02
      vertex 5.774514377e-02 -2.596731670e-02 -1.870007068e-02
      vertex 5.465765670e-02 -2.313289605e-02 -2.250000089e-02
    endloop
  endfacet
  facet normal 2.712105215e-01 -6.528134346e-01 -7.073043585e-01
    outer loop
      vertex 5.465765670e-02 -2.313289605e-02 -2.250000089e-02
      vertex 5.774514377e-02 -2.596731670e-02 -1.870007068e-02
      vertex 5.611895025e-02 -2.664313838e-02 -1.869986579e-02
    endloop
  endfacet
  facet normal 2.480082065e-01 -6.622226238e-01 -7.070736289e-01
    outer loop
      vertex 5.465765670e-02 -2.313289605e-02 -2.250000089e-02
      vertex 5.611895025e-02 -2.664313838e-02 -1.869986579e-02
      vertex 5.587989837e-02 -2.673270553e-02 -1.869982854e-02
    endloop
  endfacet
  facet normal 3.330045342e-01 -6.223280430e-01 -7.083895802e-01
    outer loop
      vertex 5.932444334e-02 -2.519343421e-02 -1.869997755e-02
      vertex 5.691474304e-02 -2.215732634e-02 -2.250000089e-02
      vertex 5.956056714e-02 -2.506713010e-02 -1.869993843e-02
    endloop
  endfacet
  facet normal 3.422701657e-01 -6.156989336e-01 -7.097647190e-01
    outer loop
      vertex 5.956056714e-02 -2.506713010e-02 -1.869993843e-02
      vertex 5.691474304e-02 -2.215732634e-02 -2.250000089e-02
      vertex 5.906154588e-02 -2.096390724e-02 -2.250000089e-02
    endloop
  endfacet
  facet normal 3.524915576e-01 -6.124349236e-01 -7.075825930e-01
    outer loop
      vertex 5.956056714e-02 -2.506713010e-02 -1.869993843e-02
      vertex 5.906154588e-02 -2.096390724e-02 -2.250000089e-02
      vertex 6.085533276e-02 -2.432219125e-02 -1.869970188e-02
    endloop
  endfacet
  facet normal 3.769798279e-01 -5.985323787e-01 -7.068558335e-01
    outer loop
      vertex 6.085533276e-02 -2.432219125e-02 -1.869970188e-02
      vertex 5.906154588e-02 -2.096390724e-02 -2.250000089e-02
      vertex 6.151776761e-02 -2.390499786e-02 -1.869967394e-02
    endloop
  endfacet
  facet normal 3.992220759e-01 -5.820065737e-01 -7.084420323e-01
    outer loop
      vertex 6.151776761e-02 -2.390499786e-02 -1.869967394e-02
      vertex 5.906154588e-02 -2.096390724e-02 -2.250000089e-02
      vertex 6.085131317e-02 -1.973623410e-02 -2.250000089e-02
    endloop
  endfacet
  facet normal 3.990766108e-01 -5.820626020e-01 -7.084779739e-01
    outer loop
      vertex 6.151776761e-02 -2.390499786e-02 -1.869967394e-02
      vertex 6.085131317e-02 -1.973623410e-02 -2.250000089e-02
      vertex 6.271076202e-02 -2.308680117e-02 -1.869987883e-02
    endloop
  endfacet
  facet normal 4.852841794e-01 -5.141931772e-01 -7.071807981e-01
    outer loop
      vertex 6.567838043e-02 -2.061580122e-02 -1.869990304e-02
      vertex 6.543762982e-02 -2.084294893e-02 -1.869995333e-02
      vertex 6.277293712e-02 -1.813154109e-02 -2.250000089e-02
    endloop
  endfacet
  facet normal 4.693937302e-01 -5.292616487e-01 -7.067896724e-01
    outer loop
      vertex 6.277293712e-02 -1.813154109e-02 -2.250000089e-02
      vertex 6.543762982e-02 -2.084294893e-02 -1.869995333e-02
      vertex 6.436756253e-02 -2.179180458e-02 -1.870008186e-02
    endloop
  endfacet
  facet normal 4.513497651e-01 -5.404927731e-01 -7.100358605e-01
    outer loop
      vertex 6.277293712e-02 -1.813154109e-02 -2.250000089e-02
      vertex 6.436756253e-02 -2.179180458e-02 -1.870008186e-02
      vertex 6.085131317e-02 -1.973623410e-02 -2.250000089e-02
    endloop
  endfacet
  facet normal 4.390386343e-01 -5.550479293e-01 -7.065174580e-01
    outer loop
      vertex 6.085131317e-02 -1.973623410e-02 -2.250000089e-02
      vertex 6.436756253e-02 -2.179180458e-02 -1.870008186e-02
      vertex 6.298066676e-02 -2.288901433e-02 -1.869993471e-02
    endloop
  endfacet
  facet normal 4.177743495e-01 -5.703048706e-01 -7.072601914e-01
    outer loop
      vertex 6.085131317e-02 -1.973623410e-02 -2.250000089e-02
      vertex 6.298066676e-02 -2.288901433e-02 -1.869993471e-02
      vertex 6.271076202e-02 -2.308680117e-02 -1.869987883e-02
    endloop
  endfacet
  facet normal 5.029602051e-01 -4.952777922e-01 -7.083296776e-01
    outer loop
      vertex 6.567838043e-02 -2.061580122e-02 -1.869990304e-02
      vertex 6.277293712e-02 -1.813154109e-02 -2.250000089e-02
      vertex 6.691249460e-02 -1.936278678e-02 -1.869973354e-02
    endloop
  endfacet
  facet normal 5.045598149e-01 -4.924570322e-01 -7.091582417e-01
    outer loop
      vertex 6.691249460e-02 -1.936278678e-02 -1.869973354e-02
      vertex 6.277293712e-02 -1.813154109e-02 -2.250000089e-02
      vertex 6.453362107e-02 -1.632758789e-02 -2.250000089e-02
    endloop
  endfacet
  facet normal 5.257226229e-01 -4.731096625e-01 -7.069532871e-01
    outer loop
      vertex 6.691249460e-02 -1.936278678e-02 -1.869973354e-02
      vertex 6.453362107e-02 -1.632758789e-02 -2.250000089e-02
      vertex 6.745591760e-02 -1.875882782e-02 -1.869980432e-02
    endloop
  endfacet
  facet normal 5.516620278e-01 -4.378592372e-01 -7.098931670e-01
    outer loop
      vertex 6.610648334e-02 -1.434592716e-02 -2.250000089e-02
      vertex 6.855569780e-02 -1.742097735e-02 -1.870002225e-02
      vertex 6.453362107e-02 -1.632758789e-02 -2.250000089e-02
    endloop
  endfacet
  facet normal 5.514685512e-01 -4.382517040e-01 -7.098012567e-01
    outer loop
      vertex 6.453362107e-02 -1.632758789e-02 -2.250000089e-02
      vertex 6.855569780e-02 -1.742097735e-02 -1.870002225e-02
      vertex 6.806870550e-02 -1.803391986e-02 -1.869993471e-02
    endloop
  endfacet
  facet normal 5.398737192e-01 -4.564997554e-01 -7.072088122e-01
    outer loop
      vertex 6.453362107e-02 -1.632758789e-02 -2.250000089e-02
      vertex 6.806870550e-02 -1.803391986e-02 -1.869993471e-02
      vertex 6.745591760e-02 -1.875882782e-02 -1.869980432e-02
    endloop
  endfacet
  facet normal 6.050326228e-01 -3.647982776e-01 -7.077130079e-01
    outer loop
      vertex 7.054536790e-02 -1.448360924e-02 -1.869982854e-02
      vertex 7.026257366e-02 -1.495250221e-02 -1.869989373e-02
      vertex 6.747002900e-02 -1.221179683e-02 -2.250000089e-02
    endloop
  endfacet
  facet normal 5.913751125e-01 -3.820748627e-01 -7.101368308e-01
    outer loop
      vertex 6.747002900e-02 -1.221179683e-02 -2.250000089e-02
      vertex 7.026257366e-02 -1.495250221e-02 -1.869989373e-02
      vertex 6.959983706e-02 -1.597803831e-02 -1.870002970e-02
    endloop
  endfacet
  facet normal 5.940997005e-01 -3.795857131e-01 -7.091968656e-01
    outer loop
      vertex 6.747002900e-02 -1.221179683e-02 -2.250000089e-02
      vertex 6.959983706e-02 -1.597803831e-02 -1.870002970e-02
      vertex 6.610648334e-02 -1.434592716e-02 -2.250000089e-02
    endloop
  endfacet
  facet normal 5.810462832e-01 -4.028366208e-01 -7.071830630e-01
    outer loop
      vertex 6.610648334e-02 -1.434592716e-02 -2.250000089e-02
      vertex 6.959983706e-02 -1.597803831e-02 -1.870002970e-02
      vertex 6.923889369e-02 -1.649859734e-02 -1.870006137e-02
    endloop
  endfacet
  facet normal 5.683144331e-01 -4.209760129e-01 -7.069638371e-01
    outer loop
      vertex 6.610648334e-02 -1.434592716e-02 -2.250000089e-02
      vertex 6.923889369e-02 -1.649859734e-02 -1.870006137e-02
      vertex 6.855569780e-02 -1.742097735e-02 -1.870002225e-02
    endloop
  endfacet
  facet normal 6.344525218e-01 -3.081626594e-01 -7.088764310e-01
    outer loop
      vertex 6.873858720e-02 -9.645370767e-03 -2.250000089e-02
      vertex 7.200381905e-02 -1.166411210e-02 -1.869999431e-02
      vertex 6.763649732e-02 -1.191436779e-02 -2.250000089e-02
    endloop
  endfacet
  facet normal 6.351699233e-01 -3.041526973e-01 -7.099650502e-01
    outer loop
      vertex 6.763649732e-02 -1.191436779e-02 -2.250000089e-02
      vertex 7.200381905e-02 -1.166411210e-02 -1.869999431e-02
      vertex 7.139303535e-02 -1.294001006e-02 -1.869983040e-02
    endloop
  endfacet
  facet normal 6.209241748e-01 -3.409805894e-01 -7.058225274e-01
    outer loop
      vertex 6.763649732e-02 -1.191436779e-02 -2.250000089e-02
      vertex 7.139303535e-02 -1.294001006e-02 -1.869983040e-02
      vertex 7.054536790e-02 -1.448360924e-02 -1.869982854e-02
    endloop
  endfacet
  facet normal 6.745961905e-01 -2.127621919e-01 -7.068608403e-01
    outer loop
      vertex 7.330179960e-02 -8.176898584e-03 -1.869984157e-02
      vertex 7.305064797e-02 -8.972873911e-03 -1.869994588e-02
      vertex 6.959955394e-02 -7.290161215e-03 -2.250000089e-02
    endloop
  endfacet
  facet normal 6.670027971e-01 -2.313897312e-01 -7.082132697e-01
    outer loop
      vertex 6.959955394e-02 -7.290161215e-03 -2.250000089e-02
      vertex 7.305064797e-02 -8.972873911e-03 -1.869994588e-02
      vertex 7.279399037e-02 -9.712463245e-03 -1.870002598e-02
    endloop
  endfacet
  facet normal 6.613371968e-01 -2.417589575e-01 -7.100603580e-01
    outer loop
      vertex 6.959955394e-02 -7.290161215e-03 -2.250000089e-02
      vertex 7.279399037e-02 -9.712463245e-03 -1.870002598e-02
      vertex 6.873858720e-02 -9.645370767e-03 -2.250000089e-02
    endloop
  endfacet
  facet normal 6.576251388e-01 -2.616442144e-01 -7.064499259e-01
    outer loop
      vertex 6.873858720e-02 -9.645370767e-03 -2.250000089e-02
      vertex 7.279399037e-02 -9.712463245e-03 -1.870002598e-02
      vertex 7.214282453e-02 -1.134912949e-02 -1.870002598e-02
    endloop
  endfacet
  facet normal 6.466830373e-01 -2.854636610e-01 -7.073270082e-01
    outer loop
      vertex 6.873858720e-02 -9.645370767e-03 -2.250000089e-02
      vertex 7.214282453e-02 -1.134912949e-02 -1.870002598e-02
      vertex 7.200381905e-02 -1.166411210e-02 -1.869999431e-02
    endloop
  endfacet
  facet normal 6.803162098e-01 -1.914732158e-01 -7.074658275e-01
    outer loop
      vertex 7.330179960e-02 -8.176898584e-03 -1.869984157e-02
      vertex 6.959955394e-02 -7.290161215e-03 -2.250000089e-02
      vertex 7.355778664e-02 -7.267622277e-03 -1.869977079e-02
    endloop
  endfacet
  facet normal 6.825420856e-01 -1.737628281e-01 -7.098892927e-01
    outer loop
      vertex 7.355778664e-02 -7.267622277e-03 -1.869977079e-02
      vertex 6.959955394e-02 -7.290161215e-03 -2.250000089e-02
      vertex 7.021260262e-02 -4.882107489e-03 -2.250000089e-02
    endloop
  endfacet
  facet normal 6.893509626e-01 -1.591728926e-01 -7.067243457e-01
    outer loop
      vertex 7.355778664e-02 -7.267622277e-03 -1.869977079e-02
      vertex 7.021260262e-02 -4.882107489e-03 -2.250000089e-02
      vertex 7.395526767e-02 -5.545529071e-03 -1.869992167e-02
    endloop
  endfacet
  facet normal 6.958264709e-01 -1.253198832e-01 -7.071919441e-01
    outer loop
      vertex 7.395526767e-02 -5.545529071e-03 -1.869992167e-02
      vertex 7.021260262e-02 -4.882107489e-03 -2.250000089e-02
      vertex 7.413440198e-02 -4.550304264e-03 -1.870002598e-02
    endloop
  endfacet
  facet normal 6.965950131e-01 -1.046738178e-01 -7.097878456e-01
    outer loop
      vertex 7.413440198e-02 -4.550304264e-03 -1.870002598e-02
      vertex 7.021260262e-02 -4.882107489e-03 -2.250000089e-02
      vertex 7.057779282e-02 -2.451786539e-03 -2.250000089e-02
    endloop
  endfacet
  facet normal 6.970669627e-01 -1.033786163e-01 -7.095143199e-01
    outer loop
      vertex 7.413440198e-02 -4.550304264e-03 -1.870002598e-02
      vertex 7.057779282e-02 -2.451786539e-03 -2.250000089e-02
      vertex 7.424438000e-02 -3.808521200e-03 -1.870005764e-02
    endloop
  endfacet
  facet normal 7.071018219e-01 -3.813032759e-03 -7.071014643e-01
    outer loop
      vertex 7.069999725e-02 6.689021337e-09 -2.250000089e-02
      vertex 7.450000197e-02 1.734723476e-17 -1.869999990e-02
      vertex 7.449845225e-02 -2.967117180e-04 -1.869994402e-02
    endloop
  endfacet
  facet normal 7.066286802e-01 -1.422484126e-02 -7.074415684e-01
    outer loop
      vertex 7.449845225e-02 -2.967117180e-04 -1.869994402e-02
      vertex 7.448743284e-02 -8.461463149e-04 -1.869990304e-02
      vertex 7.069999725e-02 6.689021337e-09 -2.250000089e-02
    endloop
  endfacet
  facet normal 7.038234472e-01 -3.588261455e-02 -7.094681263e-01
    outer loop
      vertex 7.069999725e-02 6.689021337e-09 -2.250000089e-02
      vertex 7.448743284e-02 -8.461463149e-04 -1.869990304e-02
      vertex 7.442557067e-02 -2.058369573e-03 -1.869996637e-02
    endloop
  endfacet
  facet normal 7.040604949e-01 -3.509239852e-02 -7.092724442e-01
    outer loop
      vertex 7.069999725e-02 6.689021337e-09 -2.250000089e-02
      vertex 7.442557067e-02 -2.058369573e-03 -1.869996637e-02
      vertex 7.057779282e-02 -2.451786539e-03 -2.250000089e-02
    endloop
  endfacet
  facet normal 7.045266628e-01 -6.167196855e-02 -7.069927454e-01
    outer loop
      vertex 7.057779282e-02 -2.451786539e-03 -2.250000089e-02
      vertex 7.442557067e-02 -2.058369573e-03 -1.869996637e-02
      vertex 7.435040921e-02 -2.916185884e-03 -1.870003343e-02
    endloop
  endfacet
  facet normal 7.020688057e-01 -8.340214193e-02 -7.072082162e-01
    outer loop
      vertex 7.057779282e-02 -2.451786539e-03 -2.250000089e-02
      vertex 7.435040921e-02 -2.916185884e-03 -1.870003343e-02
      vertex 7.424438000e-02 -3.808521200e-03 -1.870005764e-02
    endloop
  endfacet
  facet normal 7.069339156e-01 2.212333865e-02 -7.069334984e-01
    outer loop
      vertex 7.450000197e-02 1.734723476e-17 -1.869999990e-02
      vertex 7.069999725e-02 6.689021337e-09 -2.250000089e-02
      vertex 7.444434613e-02 1.780224149e-03 -1.869994216e-02
    endloop
  endfacet
  facet normal 7.036091685e-01 3.506729007e-02 -7.097213864e-01
    outer loop
      vertex 7.444434613e-02 1.780224149e-03 -1.869994216e-02
      vertex 7.069999725e-02 6.689021337e-09 -2.250000089e-02
      vertex 7.057780772e-02 2.451758366e-03 -2.250000089e-02
    endloop
  endfacet
  facet normal 7.048856020e-01 5.823048949e-02 -7.069268227e-01
    outer loop
      vertex 7.444434613e-02 1.780224149e-03 -1.869994216e-02
      vertex 7.057780772e-02 2.451758366e-03 -2.250000089e-02
      vertex 7.435040921e-02 2.916186349e-03 -1.870003343e-02
    endloop
  endfacet
  facet normal 6.967049241e-01 1.046909392e-01 -7.096774578e-01
    outer loop
      vertex 7.021261007e-02 4.882102367e-03 -2.250000089e-02
      vertex 7.424217463e-02 3.824850777e-03 -1.870005764e-02
      vertex 7.057780772e-02 2.451758366e-03 -2.250000089e-02
    endloop
  endfacet
  facet normal 7.001504898e-01 9.124404192e-02 -7.081410885e-01
    outer loop
      vertex 7.057780772e-02 2.451758366e-03 -2.250000089e-02
      vertex 7.424217463e-02 3.824850777e-03 -1.870005764e-02
      vertex 7.427917421e-02 3.540924517e-03 -1.870005764e-02
    endloop
  endfacet
  facet normal 7.024684548e-01 8.007068932e-02 -7.071964145e-01
    outer loop
      vertex 7.057780772e-02 2.451758366e-03 -2.250000089e-02
      vertex 7.427917421e-02 3.540924517e-03 -1.870005764e-02
      vertex 7.435040921e-02 2.916186349e-03 -1.870003343e-02
    endloop
  endfacet
  facet normal 6.785354018e-01 1.996094435e-01 -7.069270015e-01
    outer loop
      vertex 7.320003211e-02 8.509290405e-03 -1.869988441e-02
      vertex 7.347337157e-02 7.580498699e-03 -1.869978383e-02
      vertex 6.959955394e-02 7.290156558e-03 -2.250000089e-02
    endloop
  endfacet
  facet normal 6.818805337e-01 1.803978533e-01 -7.088691592e-01
    outer loop
      vertex 6.959955394e-02 7.290156558e-03 -2.250000089e-02
      vertex 7.347337157e-02 7.580498699e-03 -1.869978383e-02
      vertex 7.362745702e-02 6.998105440e-03 -1.869977266e-02
    endloop
  endfacet
  facet normal 6.824493408e-01 1.737418324e-01 -7.099835873e-01
    outer loop
      vertex 6.959955394e-02 7.290156558e-03 -2.250000089e-02
      vertex 7.362745702e-02 6.998105440e-03 -1.869977266e-02
      vertex 7.021261007e-02 4.882102367e-03 -2.250000089e-02
    endloop
  endfacet
  facet normal 6.913327575e-01 1.526569426e-01 -7.062258124e-01
    outer loop
      vertex 7.021261007e-02 4.882102367e-03 -2.250000089e-02
      vertex 7.362745702e-02 6.998105440e-03 -1.869977266e-02
      vertex 7.400649786e-02 5.280719139e-03 -1.869995333e-02
    endloop
  endfacet
  facet normal 6.972067952e-01 1.129149422e-01 -7.079215050e-01
    outer loop
      vertex 7.021261007e-02 4.882102367e-03 -2.250000089e-02
      vertex 7.400649786e-02 5.280719139e-03 -1.869995333e-02
      vertex 7.424217463e-02 3.824850777e-03 -1.870005764e-02
    endloop
  endfacet
  facet normal 6.615433693e-01 2.418327630e-01 -7.098431587e-01
    outer loop
      vertex 6.873861700e-02 9.645289741e-03 -2.250000089e-02
      vertex 7.289342582e-02 9.433643892e-03 -1.869999990e-02
      vertex 6.959955394e-02 7.290156558e-03 -2.250000089e-02
    endloop
  endfacet
  facet normal 6.700349450e-01 2.246606648e-01 -7.075173259e-01
    outer loop
      vertex 6.959955394e-02 7.290156558e-03 -2.250000089e-02
      vertex 7.289342582e-02 9.433643892e-03 -1.869999990e-02
      vertex 7.314237952e-02 8.691444062e-03 -1.869990863e-02
    endloop
  endfacet
  facet normal 6.741334796e-01 2.132865787e-01 -7.071442008e-01
    outer loop
      vertex 6.959955394e-02 7.290156558e-03 -2.250000089e-02
      vertex 7.314237952e-02 8.691444062e-03 -1.869990863e-02
      vertex 7.320003211e-02 8.509290405e-03 -1.869988441e-02
    endloop
  endfacet
  facet normal 6.096298695e-01 3.580015600e-01 -7.072384953e-01
    outer loop
      vertex 7.046744227e-02 1.461486612e-02 -1.869984530e-02
      vertex 7.067979872e-02 1.425333228e-02 -1.869980246e-02
      vertex 6.746999174e-02 1.221185736e-02 -2.250000089e-02
    endloop
  endfacet
  facet normal 6.234793663e-01 3.348554075e-01 -7.065021992e-01
    outer loop
      vertex 6.746999174e-02 1.221185736e-02 -2.250000089e-02
      vertex 7.067979872e-02 1.425333228e-02 -1.869980246e-02
      vertex 7.151298970e-02 1.270186901e-02 -1.869986020e-02
    endloop
  endfacet
  facet normal 6.197074056e-01 3.468401432e-01 -7.040345669e-01
    outer loop
      vertex 6.746999174e-02 1.221185736e-02 -2.250000089e-02
      vertex 7.151298970e-02 1.270186901e-02 -1.869986020e-02
      vertex 6.763650477e-02 1.191433799e-02 -2.250000089e-02
    endloop
  endfacet
  facet normal 6.377235055e-01 2.947857976e-01 -7.116249800e-01
    outer loop
      vertex 6.763650477e-02 1.191433799e-02 -2.250000089e-02
      vertex 7.151298970e-02 1.270186901e-02 -1.869986020e-02
      vertex 7.220748812e-02 1.119899377e-02 -1.870003715e-02
    endloop
  endfacet
  facet normal 6.361207962e-01 3.089722693e-01 -7.070264816e-01
    outer loop
      vertex 6.763650477e-02 1.191433799e-02 -2.250000089e-02
      vertex 7.220748812e-02 1.119899377e-02 -1.870003715e-02
      vertex 6.873861700e-02 9.645289741e-03 -2.250000089e-02
    endloop
  endfacet
  facet normal 6.507394314e-01 2.765915096e-01 -7.071317434e-01
    outer loop
      vertex 6.873861700e-02 9.645289741e-03 -2.250000089e-02
      vertex 7.220748812e-02 1.119899377e-02 -1.870003715e-02
      vertex 7.225164771e-02 1.109509356e-02 -1.870004274e-02
    endloop
  endfacet
  facet normal 6.596574783e-01 2.547923326e-01 -7.070593238e-01
    outer loop
      vertex 6.873861700e-02 9.645289741e-03 -2.250000089e-02
      vertex 7.225164771e-02 1.109509356e-02 -1.870004274e-02
      vertex 7.289342582e-02 9.433643892e-03 -1.869999990e-02
    endloop
  endfacet
  facet normal 5.970980525e-01 3.758741915e-01 -7.086554170e-01
    outer loop
      vertex 7.046744227e-02 1.461486612e-02 -1.869984530e-02
      vertex 6.746999174e-02 1.221185736e-02 -2.250000089e-02
      vertex 6.975366175e-02 1.574844308e-02 -1.870000549e-02
    endloop
  endfacet
  facet normal 5.936327577e-01 3.792859316e-01 -7.097480893e-01
    outer loop
      vertex 6.975366175e-02 1.574844308e-02 -1.870000549e-02
      vertex 6.746999174e-02 1.221185736e-02 -2.250000089e-02
      vertex 6.610642374e-02 1.434602495e-02 -2.250000089e-02
    endloop
  endfacet
  facet normal 5.829941630e-01 4.000087678e-01 -7.071850896e-01
    outer loop
      vertex 6.975366175e-02 1.574844308e-02 -1.870000549e-02
      vertex 6.610642374e-02 1.434602495e-02 -2.250000089e-02
      vertex 6.923882663e-02 1.649869792e-02 -1.870006137e-02
    endloop
  endfacet
  facet normal 5.514960885e-01 4.377351701e-01 -7.100986242e-01
    outer loop
      vertex 6.453356892e-02 1.632763445e-02 -2.250000089e-02
      vertex 6.825483590e-02 1.780371927e-02 -1.869997196e-02
      vertex 6.610642374e-02 1.434602495e-02 -2.250000089e-02
    endloop
  endfacet
  facet normal 5.567618012e-01 4.330818653e-01 -7.088415623e-01
    outer loop
      vertex 6.610642374e-02 1.434602495e-02 -2.250000089e-02
      vertex 6.825483590e-02 1.780371927e-02 -1.869997196e-02
      vertex 6.873542070e-02 1.718576252e-02 -1.870004460e-02
    endloop
  endfacet
  facet normal 5.704503059e-01 4.179763198e-01 -7.070235014e-01
    outer loop
      vertex 6.610642374e-02 1.434602495e-02 -2.250000089e-02
      vertex 6.873542070e-02 1.718576252e-02 -1.870004460e-02
      vertex 6.923882663e-02 1.649869792e-02 -1.870006137e-02
    endloop
  endfacet
  facet normal 4.906183481e-01 5.085387826e-01 -7.075887918e-01
    outer loop
      vertex 6.569877267e-02 2.059631608e-02 -1.869989932e-02
      vertex 6.587041169e-02 2.043077908e-02 -1.869986206e-02
      vertex 6.277285516e-02 1.813160628e-02 -2.250000089e-02
    endloop
  endfacet
  facet normal 5.068469048e-01 4.897134304e-01 -7.094271779e-01
    outer loop
      vertex 6.277285516e-02 1.813160628e-02 -2.250000089e-02
      vertex 6.587041169e-02 2.043077908e-02 -1.869986206e-02
      vertex 6.709928066e-02 1.915907860e-02 -1.869974844e-02
    endloop
  endfacet
  facet normal 5.051286817e-01 4.930165410e-01 -7.083641291e-01
    outer loop
      vertex 6.277285516e-02 1.813160628e-02 -2.250000089e-02
      vertex 6.709928066e-02 1.915907860e-02 -1.869974844e-02
      vertex 6.453356892e-02 1.632763445e-02 -2.250000089e-02
    endloop
  endfacet
  facet normal 5.279553533e-01 4.705227315e-01 -7.070159316e-01
    outer loop
      vertex 6.453356892e-02 1.632763445e-02 -2.250000089e-02
      vertex 6.709928066e-02 1.915907860e-02 -1.869974844e-02
      vertex 6.745585799e-02 1.875889301e-02 -1.869980432e-02
    endloop
  endfacet
  facet normal 5.422296524e-01 4.536829591e-01 -7.072190642e-01
    outer loop
      vertex 6.453356892e-02 1.632763445e-02 -2.250000089e-02
      vertex 6.745585799e-02 1.875889301e-02 -1.869980432e-02
      vertex 6.825483590e-02 1.780371927e-02 -1.869997196e-02
    endloop
  endfacet
  facet normal 4.755288363e-01 5.244390368e-01 -7.062832713e-01
    outer loop
      vertex 6.569877267e-02 2.059631608e-02 -1.869989932e-02
      vertex 6.277285516e-02 1.813160628e-02 -2.250000089e-02
      vertex 6.457065046e-02 2.161899582e-02 -1.870007254e-02
    endloop
  endfacet
  facet normal 4.514949620e-01 5.406700373e-01 -7.098085880e-01
    outer loop
      vertex 6.457065046e-02 2.161899582e-02 -1.870007254e-02
      vertex 6.277285516e-02 1.813160628e-02 -2.250000089e-02
      vertex 6.085127220e-02 1.973625645e-02 -2.250000089e-02
    endloop
  endfacet
  facet normal 4.439133406e-01 5.503205657e-01 -7.071691751e-01
    outer loop
      vertex 6.457065046e-02 2.161899582e-02 -1.870007254e-02
      vertex 6.085127220e-02 1.973625645e-02 -2.250000089e-02
      vertex 6.320182979e-02 2.272326872e-02 -1.869997755e-02
    endloop
  endfacet
  facet normal 3.989077806e-01 5.815443397e-01 -7.089983821e-01
    outer loop
      vertex 5.906159803e-02 2.096387558e-02 -2.250000089e-02
      vertex 6.176523492e-02 2.374252118e-02 -1.869969815e-02
      vertex 6.085127220e-02 1.973625645e-02 -2.250000089e-02
    endloop
  endfacet
  facet normal 4.028411806e-01 5.798518658e-01 -7.081601620e-01
    outer loop
      vertex 6.085127220e-02 1.973625645e-02 -2.250000089e-02
      vertex 6.176523492e-02 2.374252118e-02 -1.869969815e-02
      vertex 6.275643408e-02 2.305367216e-02 -1.869988814e-02
    endloop
  endfacet
  facet normal 4.212274253e-01 5.680209994e-01 -7.070499063e-01
    outer loop
      vertex 6.085127220e-02 1.973625645e-02 -2.250000089e-02
      vertex 6.275643408e-02 2.305367216e-02 -1.869988814e-02
      vertex 6.320182979e-02 2.272326872e-02 -1.869997755e-02
    endloop
  endfacet
  facet normal 3.422679603e-01 6.156902909e-01 -7.097733021e-01
    outer loop
      vertex 5.691469833e-02 2.215735614e-02 -2.250000089e-02
      vertex 5.956812948e-02 2.506303787e-02 -1.869993657e-02
      vertex 5.906159803e-02 2.096387558e-02 -2.250000089e-02
    endloop
  endfacet
  facet normal 3.561445177e-01 6.112213731e-01 -7.068023086e-01
    outer loop
      vertex 5.906159803e-02 2.096387558e-02 -2.250000089e-02
      vertex 5.956812948e-02 2.506303787e-02 -1.869993657e-02
      vertex 6.110717356e-02 2.416657470e-02 -1.869967580e-02
    endloop
  endfacet
  facet normal 3.830100298e-01 5.944083929e-01 -7.070940137e-01
    outer loop
      vertex 5.906159803e-02 2.096387558e-02 -2.250000089e-02
      vertex 6.110717356e-02 2.416657470e-02 -1.869967580e-02
      vertex 6.176523492e-02 2.374252118e-02 -1.869969815e-02
    endloop
  endfacet
  facet normal 2.528375685e-01 6.603528261e-01 -7.071119547e-01
    outer loop
      vertex 5.602096394e-02 2.668014914e-02 -1.869985089e-02
      vertex 5.636779219e-02 2.654729411e-02 -1.869990677e-02
      vertex 5.465761572e-02 2.313291468e-02 -2.250000089e-02
    endloop
  endfacet
  facet normal 2.769763768e-01 6.494426727e-01 -7.081725001e-01
    outer loop
      vertex 5.465761572e-02 2.313291468e-02 -2.250000089e-02
      vertex 5.636779219e-02 2.654729411e-02 -1.869990677e-02
      vertex 5.798759311e-02 2.585628815e-02 -1.870007999e-02
    endloop
  endfacet
  facet normal 2.797651887e-01 6.472734213e-01 -7.090617418e-01
    outer loop
      vertex 5.465761572e-02 2.313291468e-02 -2.250000089e-02
      vertex 5.798759311e-02 2.585628815e-02 -1.870007999e-02
      vertex 5.691469833e-02 2.215735614e-02 -2.250000089e-02
    endloop
  endfacet
  facet normal 3.038942218e-01 6.383659840e-01 -7.072037458e-01
    outer loop
      vertex 5.691469833e-02 2.215735614e-02 -2.250000089e-02
      vertex 5.798759311e-02 2.585628815e-02 -1.870007999e-02
      vertex 5.851050466e-02 2.560736798e-02 -1.870006882e-02
    endloop
  endfacet
  facet normal 3.237456381e-01 6.288608909e-01 -7.069106698e-01
    outer loop
      vertex 5.691469833e-02 2.215735614e-02 -2.250000089e-02
      vertex 5.851050466e-02 2.560736798e-02 -1.870006882e-02
      vertex 5.956812948e-02 2.506303787e-02 -1.869993657e-02
    endloop
  endfacet
  facet normal 2.324447930e-01 6.679961085e-01 -7.069303989e-01
    outer loop
      vertex 5.602096394e-02 2.668014914e-02 -1.869985089e-02
      vertex 5.465761572e-02 2.313291468e-02 -2.250000089e-02
      vertex 5.471061543e-02 2.713623270e-02 -1.869973913e-02
    endloop
  endfacet
  facet normal 2.133031189e-01 6.711428165e-01 -7.099782825e-01
    outer loop
      vertex 5.471061543e-02 2.713623270e-02 -1.869973913e-02
      vertex 5.465761572e-02 2.313291468e-02 -2.250000089e-02
      vertex 5.228753015e-02 2.388617769e-02 -2.250000089e-02
    endloop
  endfacet
  facet normal 1.954743713e-01 6.802694798e-01 -7.064157724e-01
    outer loop
      vertex 5.471061543e-02 2.713623270e-02 -1.869973913e-02
      vertex 5.228753015e-02 2.388617769e-02 -2.250000089e-02
      vertex 5.301762000e-02 2.762250975e-02 -1.869993471e-02
    endloop
  endfacet
  facet normal 1.444493234e-01 6.894443631e-01 -7.097892761e-01
    outer loop
      vertex 4.983093962e-02 2.440087125e-02 -2.250000089e-02
      vertex 5.225629359e-02 2.780483477e-02 -1.870002225e-02
      vertex 5.228753015e-02 2.388617769e-02 -2.250000089e-02
    endloop
  endfacet
  facet normal 1.561470777e-01 6.882543564e-01 -7.084659338e-01
    outer loop
      vertex 5.228753015e-02 2.388617769e-02 -2.250000089e-02
      vertex 5.225629359e-02 2.780483477e-02 -1.870002225e-02
      vertex 5.234969035e-02 2.778365463e-02 -1.870001294e-02
    endloop
  endfacet
  facet normal 1.658459902e-01 6.870704293e-01 -7.074102759e-01
    outer loop
      vertex 5.228753015e-02 2.388617769e-02 -2.250000089e-02
      vertex 5.234969035e-02 2.778365463e-02 -1.870001294e-02
      vertex 5.301762000e-02 2.762250975e-02 -1.869993471e-02
    endloop
  endfacet
  facet normal 5.079331622e-02 7.053455114e-01 -7.070415020e-01
    outer loop
      vertex 4.753149301e-02 2.845882252e-02 -1.869978197e-02
      vertex 4.856353626e-02 2.838447317e-02 -1.869981177e-02
      vertex 4.732110724e-02 2.466461621e-02 -2.250000089e-02
    endloop
  endfacet
  facet normal 6.572316587e-02 7.022488117e-01 -7.088914514e-01
    outer loop
      vertex 4.732110724e-02 2.466461621e-02 -2.250000089e-02
      vertex 4.856353626e-02 2.838447317e-02 -1.869981177e-02
      vertex 4.875326157e-02 2.836669795e-02 -1.869983040e-02
    endloop
  endfacet
  facet normal 7.359538972e-02 7.003434300e-01 -7.100019455e-01
    outer loop
      vertex 4.732110724e-02 2.466461621e-02 -2.250000089e-02
      vertex 4.875326157e-02 2.836669795e-02 -1.869983040e-02
      vertex 4.983093962e-02 2.440087125e-02 -2.250000089e-02
    endloop
  endfacet
  facet normal 9.008029848e-02 7.017059922e-01 -7.067490220e-01
    outer loop
      vertex 4.983093962e-02 2.440087125e-02 -2.250000089e-02
      vertex 4.875326157e-02 2.836669795e-02 -1.869983040e-02
      vertex 5.050727352e-02 2.814133093e-02 -1.870002784e-02
    endloop
  endfacet
  facet normal 1.335776001e-01 6.942897439e-01 -7.071907520e-01
    outer loop
      vertex 4.983093962e-02 2.440087125e-02 -2.250000089e-02
      vertex 5.050727352e-02 2.814133093e-02 -1.870002784e-02
      vertex 5.225629359e-02 2.780483477e-02 -1.870002225e-02
    endloop
  endfacet
  facet normal 3.141677007e-02 7.064468861e-01 -7.070684433e-01
    outer loop
      vertex 4.753149301e-02 2.845882252e-02 -1.869978197e-02
      vertex 4.732110724e-02 2.466461621e-02 -2.250000089e-02
      vertex 4.699604586e-02 2.848258987e-02 -1.869982667e-02
    endloop
  endfacet
  facet normal 1.500155427e-03 7.055160999e-01 -7.086923122e-01
    outer loop
      vertex 4.699604586e-02 2.848258987e-02 -1.869982667e-02
      vertex 4.732110724e-02 2.466461621e-02 -2.250000089e-02
      vertex 4.478948936e-02 2.466999926e-02 -2.250000089e-02
    endloop
  endfacet
  facet normal 2.968824701e-03 7.050870061e-01 -7.091146111e-01
    outer loop
      vertex 4.699604586e-02 2.848258987e-02 -1.869982667e-02
      vertex 4.478948936e-02 2.466999926e-02 -2.250000089e-02
      vertex 4.523734376e-02 2.848979458e-02 -1.870002598e-02
    endloop
  endfacet
  facet normal -9.308569133e-02 7.008500099e-01 -7.072088122e-01
    outer loop
      vertex 4.180345684e-02 2.818934247e-02 -1.869982667e-02
      vertex 4.270006344e-02 2.830830961e-02 -1.869994402e-02
      vertex 4.227171466e-02 2.441688254e-02 -2.250000089e-02
    endloop
  endfacet
  facet normal -7.203704119e-02 7.008900046e-01 -7.096223831e-01
    outer loop
      vertex 4.227171466e-02 2.441688254e-02 -2.250000089e-02
      vertex 4.270006344e-02 2.830830961e-02 -1.869994402e-02
      vertex 4.347882420e-02 2.838826738e-02 -1.870002598e-02
    endloop
  endfacet
  facet normal -7.044474036e-02 7.007197738e-01 -7.099502683e-01
    outer loop
      vertex 4.227171466e-02 2.441688254e-02 -2.250000089e-02
      vertex 4.347882420e-02 2.838826738e-02 -1.870002598e-02
      vertex 4.478948936e-02 2.466999926e-02 -2.250000089e-02
    endloop
  endfacet
  facet normal -4.706346244e-02 7.057945728e-01 -7.068514824e-01
    outer loop
      vertex 4.478948936e-02 2.466999926e-02 -2.250000089e-02
      vertex 4.347882420e-02 2.838826738e-02 -1.870002598e-02
      vertex 4.473099858e-02 2.847173437e-02 -1.870005578e-02
    endloop
  endfacet
  facet normal -2.515842021e-02 7.065228224e-01 -7.072429061e-01
    outer loop
      vertex 4.478948936e-02 2.466999926e-02 -2.250000089e-02
      vertex 4.473099858e-02 2.847173437e-02 -1.870005578e-02
      vertex 4.523734376e-02 2.848979458e-02 -1.870002598e-02
    endloop
  endfacet
  facet normal -1.149209812e-01 6.978718042e-01 -7.069427967e-01
    outer loop
      vertex 4.180345684e-02 2.818934247e-02 -1.869982667e-02
      vertex 4.227171466e-02 2.441688254e-02 -2.250000089e-02
      vertex 4.094025493e-02 2.804726362e-02 -1.869975962e-02
    endloop
  endfacet
  facet normal -1.418049932e-01 6.904878020e-01 -7.093080282e-01
    outer loop
      vertex 4.094025493e-02 2.804726362e-02 -1.869975962e-02
      vertex 4.227171466e-02 2.441688254e-02 -2.250000089e-02
      vertex 3.980206326e-02 2.390969172e-02 -2.250000089e-02
    endloop
  endfacet
  facet normal -1.467903405e-01 6.907195449e-01 -7.080671787e-01
    outer loop
      vertex 4.094025493e-02 2.804726362e-02 -1.869975962e-02
      vertex 3.980206326e-02 2.390969172e-02 -2.250000089e-02
      vertex 3.921152651e-02 2.767971531e-02 -1.869991794e-02
    endloop
  endfacet
  facet normal -1.897503883e-01 6.821098924e-01 -7.062017322e-01
    outer loop
      vertex 3.921152651e-02 2.767971531e-02 -1.869991794e-02
      vertex 3.980206326e-02 2.390969172e-02 -2.250000089e-02
      vertex 3.751507774e-02 2.720764838e-02 -1.870005950e-02
    endloop
  endfacet
  facet normal -2.110073566e-01 6.717975140e-01 -7.100450397e-01
    outer loop
      vertex 3.751507774e-02 2.720764838e-02 -1.870005950e-02
      vertex 3.980206326e-02 2.390969172e-02 -2.250000089e-02
      vertex 3.741272911e-02 2.315921709e-02 -2.250000089e-02
    endloop
  endfacet
  facet normal -2.273718268e-01 6.695005298e-01 -7.071570754e-01
    outer loop
      vertex 3.751507774e-02 2.720764838e-02 -1.870005950e-02
      vertex 3.741272911e-02 2.315921709e-02 -2.250000089e-02
      vertex 3.616340458e-02 2.674867027e-02 -1.869999431e-02
    endloop
  endfacet
  facet normal -2.953639030e-01 6.424689889e-01 -7.071024179e-01
    outer loop
      vertex 3.475833684e-02 2.410778031e-02 -2.059999853e-02
      vertex 3.395539150e-02 2.582977898e-02 -1.870000362e-02
      vertex 3.422492370e-02 2.595375851e-02 -1.869994216e-02
    endloop
  endfacet
  facet normal -2.714519203e-01 6.511077881e-01 -7.087824345e-01
    outer loop
      vertex 3.422492370e-02 2.595375851e-02 -1.869994216e-02
      vertex 3.585232794e-02 2.663221210e-02 -1.869996451e-02
      vertex 3.475833684e-02 2.410778031e-02 -2.059999853e-02
    endloop
  endfacet
  facet normal -2.427877933e-01 6.483367682e-01 -7.216048241e-01
    outer loop
      vertex 3.475833684e-02 2.410778031e-02 -2.059999853e-02
      vertex 3.585232794e-02 2.663221210e-02 -1.869996451e-02
      vertex 3.616340458e-02 2.674867027e-02 -1.869999431e-02
    endloop
  endfacet
  facet normal -2.718003094e-01 6.531184912e-01 -7.067961693e-01
    outer loop
      vertex 3.475833684e-02 2.410778031e-02 -2.059999853e-02
      vertex 3.616340458e-02 2.674867027e-02 -1.869999431e-02
      vertex 3.515119106e-02 2.326529659e-02 -2.152957395e-02
    endloop
  endfacet
  facet normal -2.725345492e-01 6.531091332e-01 -7.065219879e-01
    outer loop
      vertex 3.515119106e-02 2.326529659e-02 -2.152957395e-02
      vertex 3.616340458e-02 2.674867027e-02 -1.869999431e-02
      vertex 3.741272911e-02 2.315921709e-02 -2.250000089e-02
    endloop
  endfacet
  facet normal -2.726801634e-01 6.527263522e-01 -7.068195343e-01
    outer loop
      vertex 3.515119106e-02 2.326529659e-02 -2.152957395e-02
      vertex 3.741272911e-02 2.315921709e-02 -2.250000089e-02
      vertex 3.556125611e-02 2.238577418e-02 -2.249998227e-02
    endloop
  endfacet
  facet normal -6.176072955e-01 7.064531446e-01 3.456663191e-01
    outer loop
      vertex -2.454536781e-02 1.869982854e-02 1.448360924e-02
      vertex -2.146998420e-02 2.250000089e-02 1.221186854e-02
      vertex -2.163651213e-02 2.250000089e-02 1.191433053e-02
    endloop
  endfacet
  facet normal 2.787066400e-01 7.069345117e-01 6.500509381e-01
    outer loop
      vertex 1.204464212e-02 1.870001294e-02 2.582976408e-02
      vertex 1.043862849e-02 2.249998040e-02 2.238584682e-02
      vertex 1.040768996e-02 1.869994029e-02 2.653167956e-02
    endloop
  endfacet
  facet normal 2.720804811e-01 7.083585262e-01 6.513066888e-01
    outer loop
      vertex 1.040768996e-02 1.869994029e-02 2.653167956e-02
      vertex 1.043862849e-02 2.249998040e-02 2.238584682e-02
      vertex 8.587338030e-03 2.250000089e-02 2.315919288e-02
    endloop
  endfacet
  facet normal 2.512385845e-01 7.070259452e-01 6.610548496e-01
    outer loop
      vertex 1.040768996e-02 1.869994029e-02 2.653167956e-02
      vertex 8.587338030e-03 2.250000089e-02 2.315919288e-02
      vertex 9.836595505e-03 1.869999431e-02 2.674867027e-02
    endloop
  endfacet
  facet normal 2.305424064e-01 7.071658969e-01 6.684060097e-01
    outer loop
      vertex 9.836595505e-03 1.869999431e-02 2.674867027e-02
      vertex 8.587338030e-03 2.250000089e-02 2.315919288e-02
      vertex 8.742149919e-03 1.870005950e-02 2.712609060e-02
    endloop
  endfacet
  facet normal 2.110290080e-01 7.099781632e-01 6.718614101e-01
    outer loop
      vertex 8.742149919e-03 1.870005950e-02 2.712609060e-02
      vertex 8.587338030e-03 2.250000089e-02 2.315919288e-02
      vertex 6.197962910e-03 2.250000089e-02 2.390968613e-02
    endloop
  endfacet
  facet normal 2.082133740e-01 7.093746662e-01 6.733756661e-01
    outer loop
      vertex 8.742149919e-03 1.870005950e-02 2.712609060e-02
      vertex 6.197962910e-03 2.250000089e-02 2.390968613e-02
      vertex 8.095815778e-03 1.870004833e-02 2.732595429e-02
    endloop
  endfacet
  facet normal 1.001227349e-01 7.068893909e-01 7.002019882e-01
    outer loop
      vertex 3.593765199e-03 1.869990490e-02 2.827251144e-02
      vertex 4.466768354e-03 1.869979687e-02 2.814778872e-02
      vertex 3.728289157e-03 2.250000089e-02 2.441688627e-02
    endloop
  endfacet
  facet normal 1.215831265e-01 7.073034048e-01 6.963759065e-01
    outer loop
      vertex 3.728289157e-03 2.250000089e-02 2.441688627e-02
      vertex 4.466768354e-03 1.869979687e-02 2.814778872e-02
      vertex 5.333453417e-03 1.869976334e-02 2.799650468e-02
    endloop
  endfacet
  facet normal 1.417067051e-01 7.097998261e-01 6.900024414e-01
    outer loop
      vertex 3.728289157e-03 2.250000089e-02 2.441688627e-02
      vertex 5.333453417e-03 1.869976334e-02 2.799650468e-02
      vertex 6.197962910e-03 2.250000089e-02 2.390968613e-02
    endloop
  endfacet
  facet normal 1.535987258e-01 7.072136402e-01 6.901132464e-01
    outer loop
      vertex 6.197962910e-03 2.250000089e-02 2.390968613e-02
      vertex 5.333453417e-03 1.869976334e-02 2.799650468e-02
      vertex 7.050123066e-03 1.869995147e-02 2.761423215e-02
    endloop
  endfacet
  facet normal 1.879201531e-01 7.068984509e-01 6.818948984e-01
    outer loop
      vertex 6.197962910e-03 2.250000089e-02 2.390968613e-02
      vertex 7.050123066e-03 1.869995147e-02 2.761423215e-02
      vertex 8.095815778e-03 1.870004833e-02 2.732595429e-02
    endloop
  endfacet
  facet normal 7.944050431e-02 7.085789442e-01 7.011455894e-01
    outer loop
      vertex 3.593765199e-03 1.869990490e-02 2.827251144e-02
      vertex 3.728289157e-03 2.250000089e-02 2.441688627e-02
      vertex 2.815891057e-03 1.869999990e-02 2.836054936e-02
    endloop
  endfacet
  facet normal 7.042653114e-02 7.101222873e-01 7.005472779e-01
    outer loop
      vertex 2.815891057e-03 1.869999990e-02 2.836054936e-02
      vertex 3.728289157e-03 2.250000089e-02 2.441688627e-02
      vertex 1.210540417e-03 2.250000089e-02 2.466999739e-02
    endloop
  endfacet
  facet normal 4.791907221e-02 7.062442303e-01 7.063447237e-01
    outer loop
      vertex 2.815891057e-03 1.869999990e-02 2.836054936e-02
      vertex 1.210540417e-03 2.250000089e-02 2.466999739e-02
      vertex 1.038879040e-03 1.870004460e-02 2.848105878e-02
    endloop
  endfacet
  facet normal -4.985393211e-02 7.070487142e-01 7.054053545e-01
    outer loop
      vertex -2.487748861e-03 1.869980432e-02 2.839121595e-02
      vertex -1.531470683e-03 1.869978197e-02 2.845882252e-02
      vertex -1.321103540e-03 2.250000089e-02 2.466461807e-02
    endloop
  endfacet
  facet normal -2.811881900e-02 7.070462704e-01 7.066080570e-01
    outer loop
      vertex -1.321103540e-03 2.250000089e-02 2.466461807e-02
      vertex -1.531470683e-03 1.869978197e-02 2.845882252e-02
      vertex -7.295237156e-04 1.869985647e-02 2.849066071e-02
    endloop
  endfacet
  facet normal -1.497618388e-03 7.093874216e-01 7.048171759e-01
    outer loop
      vertex -1.321103540e-03 2.250000089e-02 2.466461807e-02
      vertex -7.295237156e-04 1.869985647e-02 2.849066071e-02
      vertex 1.210540417e-03 2.250000089e-02 2.466999739e-02
    endloop
  endfacet
  facet normal 3.158714972e-04 7.089278698e-01 7.052809596e-01
    outer loop
      vertex 1.210540417e-03 2.250000089e-02 2.466999739e-02
      vertex -7.295237156e-04 1.869985647e-02 2.849066071e-02
      vertex 7.615758805e-04 1.870002598e-02 2.848982252e-02
    endloop
  endfacet
  facet normal 2.227724530e-02 7.074601054e-01 7.064020634e-01
    outer loop
      vertex 1.210540417e-03 2.250000089e-02 2.466999739e-02
      vertex 7.615758805e-04 1.870002598e-02 2.848982252e-02
      vertex 1.038879040e-03 1.870004460e-02 2.848105878e-02
    endloop
  endfacet
  facet normal -6.728702039e-02 7.090263367e-01 7.019644976e-01
    outer loop
      vertex -2.487748861e-03 1.869980432e-02 2.839121595e-02
      vertex -1.321103540e-03 2.250000089e-02 2.466461807e-02
      vertex -2.956595272e-03 1.869985275e-02 2.834622562e-02
    endloop
  endfacet
  facet normal -7.358638942e-02 7.100856304e-01 7.002595067e-01
    outer loop
      vertex -2.956595272e-03 1.869985275e-02 2.834622562e-02
      vertex -1.321103540e-03 2.250000089e-02 2.466461807e-02
      vertex -3.830906004e-03 2.250000089e-02 2.440087683e-02
    endloop
  endfacet
  facet normal -8.910252899e-02 7.074322104e-01 7.011421919e-01
    outer loop
      vertex -2.956595272e-03 1.869985275e-02 2.834622562e-02
      vertex -3.830906004e-03 2.250000089e-02 2.440087683e-02
      vertex -4.234179854e-03 1.870000549e-02 2.818371356e-02
    endloop
  endfacet
  facet normal -1.266982555e-01 7.065405250e-01 6.962385178e-01
    outer loop
      vertex -4.234179854e-03 1.870000549e-02 2.818371356e-02
      vertex -3.830906004e-03 2.250000089e-02 2.440087683e-02
      vertex -5.967162549e-03 1.870004274e-02 2.786831558e-02
    endloop
  endfacet
  facet normal -1.443942785e-01 7.100524306e-01 6.891849041e-01
    outer loop
      vertex -5.967162549e-03 1.870004274e-02 2.786831558e-02
      vertex -3.830906004e-03 2.250000089e-02 2.440087683e-02
      vertex -6.287515163e-03 2.250000089e-02 2.388618141e-02
    endloop
  endfacet
  facet normal -1.573757976e-01 7.080924511e-01 6.883589029e-01
    outer loop
      vertex -5.967162549e-03 1.870004274e-02 2.786831558e-02
      vertex -6.287515163e-03 2.250000089e-02 2.388618141e-02
      vertex -6.730325520e-03 1.869997196e-02 2.769391052e-02
    endloop
  endfacet
  facet normal -1.887541860e-01 7.059868574e-01 6.826084852e-01
    outer loop
      vertex -6.730325520e-03 1.869997196e-02 2.769391052e-02
      vertex -6.287515163e-03 2.250000089e-02 2.388618141e-02
      vertex -8.447054774e-03 1.869975403e-02 2.721942775e-02
    endloop
  endfacet
  facet normal -2.133183777e-01 7.099297643e-01 6.711891890e-01
    outer loop
      vertex -8.447054774e-03 1.869975403e-02 2.721942775e-02
      vertex -6.287515163e-03 2.250000089e-02 2.388618141e-02
      vertex -8.657637984e-03 2.250000089e-02 2.313290536e-02
    endloop
  endfacet
  facet normal -2.273554057e-01 7.072436810e-01 6.694145799e-01
    outer loop
      vertex -8.447054774e-03 1.869975403e-02 2.721942775e-02
      vertex -8.657637984e-03 2.250000089e-02 2.313290536e-02
      vertex -9.879872203e-03 1.869982854e-02 2.673271671e-02
    endloop
  endfacet
  facet normal -3.206546307e-01 7.069787979e-01 6.303662658e-01
    outer loop
      vertex -1.332444325e-02 1.869997755e-02 2.519343421e-02
      vertex -1.251050085e-02 1.870006882e-02 2.560736798e-02
      vertex -1.091470569e-02 2.250000089e-02 2.215735428e-02
    endloop
  endfacet
  facet normal -3.008879125e-01 7.072179914e-01 6.397727728e-01
    outer loop
      vertex -1.091470569e-02 2.250000089e-02 2.215735428e-02
      vertex -1.251050085e-02 1.870006882e-02 2.560736798e-02
      vertex -1.174514368e-02 1.870007068e-02 2.596731670e-02
    endloop
  endfacet
  facet normal -2.795546353e-01 7.095885277e-01 6.467869878e-01
    outer loop
      vertex -1.091470569e-02 2.250000089e-02 2.215735428e-02
      vertex -1.174514368e-02 1.870007068e-02 2.596731670e-02
      vertex -8.657637984e-03 2.250000089e-02 2.313290536e-02
    endloop
  endfacet
  facet normal -2.712104917e-01 7.073041797e-01 6.528136730e-01
    outer loop
      vertex -8.657637984e-03 2.250000089e-02 2.313290536e-02
      vertex -1.174514368e-02 1.870007068e-02 2.596731670e-02
      vertex -1.011895016e-02 1.869986579e-02 2.664313838e-02
    endloop
  endfacet
  facet normal -2.480125427e-01 7.070734501e-01 6.622212529e-01
    outer loop
      vertex -8.657637984e-03 2.250000089e-02 2.313290536e-02
      vertex -1.011895016e-02 1.869986579e-02 2.664313838e-02
      vertex -9.879872203e-03 1.869982854e-02 2.673271671e-02
    endloop
  endfacet
  facet normal -3.330048919e-01 7.083888054e-01 6.223286986e-01
    outer loop
      vertex -1.332444325e-02 1.869997755e-02 2.519343421e-02
      vertex -1.091470569e-02 2.250000089e-02 2.215735428e-02
      vertex -1.356056705e-02 1.869993843e-02 2.506713010e-02
    endloop
  endfacet
  facet normal -3.422732055e-01 7.097644806e-01 6.156975627e-01
    outer loop
      vertex -1.356056705e-02 1.869993843e-02 2.506713010e-02
      vertex -1.091470569e-02 2.250000089e-02 2.215735428e-02
      vertex -1.306157932e-02 2.250000089e-02 2.096388303e-02
    endloop
  endfacet
  facet normal -3.524906337e-01 7.075831294e-01 6.124348640e-01
    outer loop
      vertex -1.356056705e-02 1.869993843e-02 2.506713010e-02
      vertex -1.306157932e-02 2.250000089e-02 2.096388303e-02
      vertex -1.485533267e-02 1.869970188e-02 2.432219312e-02
    endloop
  endfacet
  facet normal -3.769797087e-01 7.068561912e-01 5.985320807e-01
    outer loop
      vertex -1.485533267e-02 1.869970188e-02 2.432219312e-02
      vertex -1.306157932e-02 2.250000089e-02 2.096388303e-02
      vertex -1.551776752e-02 1.869967394e-02 2.390499786e-02
    endloop
  endfacet
  facet normal -3.992221951e-01 7.084422112e-01 5.820062160e-01
    outer loop
      vertex -1.551776752e-02 1.869967394e-02 2.390499786e-02
      vertex -1.306157932e-02 2.250000089e-02 2.096388303e-02
      vertex -1.485125348e-02 2.250000089e-02 1.973627135e-02
    endloop
  endfacet
  facet normal -3.990767002e-01 7.084781528e-01 5.820623040e-01
    outer loop
      vertex -1.551776752e-02 1.869967394e-02 2.390499786e-02
      vertex -1.485125348e-02 2.250000089e-02 1.973627135e-02
      vertex -1.671076193e-02 1.869987883e-02 2.308680117e-02
    endloop
  endfacet
  facet normal -4.852862358e-01 7.071817517e-01 5.141898990e-01
    outer loop
      vertex -1.967838034e-02 1.869990304e-02 2.061580122e-02
      vertex -1.943758503e-02 1.869995333e-02 2.084299177e-02
      vertex -1.677284017e-02 2.250000089e-02 1.813161932e-02
    endloop
  endfacet
  facet normal -4.693928063e-01 7.067903876e-01 5.292614698e-01
    outer loop
      vertex -1.677284017e-02 2.250000089e-02 1.813161932e-02
      vertex -1.943758503e-02 1.869995333e-02 2.084299177e-02
      vertex -1.836756244e-02 1.870008186e-02 2.179180458e-02
    endloop
  endfacet
  facet normal -4.513478875e-01 7.100364566e-01 5.404935479e-01
    outer loop
      vertex -1.677284017e-02 2.250000089e-02 1.813161932e-02
      vertex -1.836756244e-02 1.870008186e-02 2.179180458e-02
      vertex -1.485125348e-02 2.250000089e-02 1.973627135e-02
    endloop
  endfacet
  facet normal -4.390378594e-01 7.065181136e-01 5.550476909e-01
    outer loop
      vertex -1.485125348e-02 2.250000089e-02 1.973627135e-02
      vertex -1.836756244e-02 1.870008186e-02 2.179180458e-02
      vertex -1.698066667e-02 1.869993471e-02 2.288901433e-02
    endloop
  endfacet
  facet normal -4.177740812e-01 7.072606087e-01 5.703045130e-01
    outer loop
      vertex -1.485125348e-02 2.250000089e-02 1.973627135e-02
      vertex -1.698066667e-02 1.869993471e-02 2.288901433e-02
      vertex -1.671076193e-02 1.869987883e-02 2.308680117e-02
    endloop
  endfacet
  facet normal -5.029593110e-01 7.083308697e-01 4.952769578e-01
    outer loop
      vertex -1.967838034e-02 1.869990304e-02 2.061580122e-02
      vertex -1.677284017e-02 2.250000089e-02 1.813161932e-02
      vertex -2.091249451e-02 1.869973354e-02 1.936278678e-02
    endloop
  endfacet
  facet normal -5.045566559e-01 7.091583014e-01 4.924602807e-01
    outer loop
      vertex -2.091249451e-02 1.869973354e-02 1.936278678e-02
      vertex -1.677284017e-02 2.250000089e-02 1.813161932e-02
      vertex -1.853356138e-02 2.250000089e-02 1.632764935e-02
    endloop
  endfacet
  facet normal -5.257204771e-01 7.069535851e-01 4.731116295e-01
    outer loop
      vertex -2.091249451e-02 1.869973354e-02 1.936278678e-02
      vertex -1.853356138e-02 2.250000089e-02 1.632764935e-02
      vertex -2.145584300e-02 1.869980432e-02 1.875891350e-02
    endloop
  endfacet
  facet normal -5.516592264e-01 7.098926902e-01 4.378635287e-01
    outer loop
      vertex -2.010640875e-02 2.250000089e-02 1.434603706e-02
      vertex -2.255569771e-02 1.870002225e-02 1.742097735e-02
      vertex -1.853356138e-02 2.250000089e-02 1.632764935e-02
    endloop
  endfacet
  facet normal -5.514680743e-01 7.098019123e-01 4.382512867e-01
    outer loop
      vertex -1.853356138e-02 2.250000089e-02 1.632764935e-02
      vertex -2.255569771e-02 1.870002225e-02 1.742097735e-02
      vertex -2.206870541e-02 1.869993471e-02 1.803391986e-02
    endloop
  endfacet
  facet normal -5.398727655e-01 7.072091103e-01 4.565004706e-01
    outer loop
      vertex -1.853356138e-02 2.250000089e-02 1.632764935e-02
      vertex -2.206870541e-02 1.869993471e-02 1.803391986e-02
      vertex -2.145584300e-02 1.869980432e-02 1.875891350e-02
    endloop
  endfacet
  facet normal -6.050345898e-01 7.077132463e-01 3.647946417e-01
    outer loop
      vertex -2.454536781e-02 1.869982854e-02 1.448360924e-02
      vertex -2.426258102e-02 1.869989373e-02 1.495250221e-02
      vertex -2.146998420e-02 2.250000089e-02 1.221186854e-02
    endloop
  endfacet
  facet normal -5.913735628e-01 7.101374269e-01 3.820760250e-01
    outer loop
      vertex -2.146998420e-02 2.250000089e-02 1.221186854e-02
      vertex -2.426258102e-02 1.869989373e-02 1.495250221e-02
      vertex -2.359983698e-02 1.870002970e-02 1.597803831e-02
    endloop
  endfacet
  facet normal -5.940995812e-01 7.091970444e-01 3.795855939e-01
    outer loop
      vertex -2.146998420e-02 2.250000089e-02 1.221186854e-02
      vertex -2.359983698e-02 1.870002970e-02 1.597803831e-02
      vertex -2.010640875e-02 2.250000089e-02 1.434603706e-02
    endloop
  endfacet
  facet normal -5.810456872e-01 7.071826458e-01 4.028381705e-01
    outer loop
      vertex -2.010640875e-02 2.250000089e-02 1.434603706e-02
      vertex -2.359983698e-02 1.870002970e-02 1.597803831e-02
      vertex -2.323881164e-02 1.870006137e-02 1.649871841e-02
    endloop
  endfacet
  facet normal -5.683135986e-01 7.069634199e-01 4.209778607e-01
    outer loop
      vertex -2.010640875e-02 2.250000089e-02 1.434603706e-02
      vertex -2.323881164e-02 1.870006137e-02 1.649871841e-02
      vertex -2.255569771e-02 1.870002225e-02 1.742097735e-02
    endloop
  endfacet
  facet normal -6.344519854e-01 7.088773847e-01 3.081615567e-01
    outer loop
      vertex -2.273861691e-02 2.250000089e-02 9.645285085e-03
      vertex -2.600381896e-02 1.869999431e-02 1.166411210e-02
      vertex -2.163651213e-02 2.250000089e-02 1.191433053e-02
    endloop
  endfacet
  facet normal -6.351692677e-01 7.099657655e-01 3.041523695e-01
    outer loop
      vertex -2.163651213e-02 2.250000089e-02 1.191433053e-02
      vertex -2.600381896e-02 1.869999431e-02 1.166411210e-02
      vertex -2.539303526e-02 1.869983040e-02 1.294001006e-02
    endloop
  endfacet
  facet normal -6.209231019e-01 7.058233619e-01 3.409807682e-01
    outer loop
      vertex -2.163651213e-02 2.250000089e-02 1.191433053e-02
      vertex -2.539303526e-02 1.869983040e-02 1.294001006e-02
      vertex -2.454536781e-02 1.869982854e-02 1.448360924e-02
    endloop
  endfacet
  facet normal -6.745961308e-01 7.068613172e-01 2.127608359e-01
    outer loop
      vertex -2.730179951e-02 1.869984157e-02 8.176899515e-03
      vertex -2.705064788e-02 1.869994588e-02 8.972873911e-03
      vertex -2.359955385e-02 2.250000089e-02 7.290152367e-03
    endloop
  endfacet
  facet normal -6.670016646e-01 7.082139850e-01 2.313909978e-01
    outer loop
      vertex -2.359955385e-02 2.250000089e-02 7.290152367e-03
      vertex -2.705064788e-02 1.869994588e-02 8.972873911e-03
      vertex -2.679399028e-02 1.870002598e-02 9.712463245e-03
    endloop
  endfacet
  facet normal -6.613377333e-01 7.100605369e-01 2.417571098e-01
    outer loop
      vertex -2.359955385e-02 2.250000089e-02 7.290152367e-03
      vertex -2.679399028e-02 1.870002598e-02 9.712463245e-03
      vertex -2.273861691e-02 2.250000089e-02 9.645285085e-03
    endloop
  endfacet
  facet normal -6.576252580e-01 7.064501047e-01 2.616433799e-01
    outer loop
      vertex -2.273861691e-02 2.250000089e-02 9.645285085e-03
      vertex -2.679399028e-02 1.870002598e-02 9.712463245e-03
      vertex -2.614282444e-02 1.870002598e-02 1.134913042e-02
    endloop
  endfacet
  facet normal -6.466836929e-01 7.073275447e-01 2.854609787e-01
    outer loop
      vertex -2.273861691e-02 2.250000089e-02 9.645285085e-03
      vertex -2.614282444e-02 1.870002598e-02 1.134913042e-02
      vertex -2.600381896e-02 1.869999431e-02 1.166411210e-02
    endloop
  endfacet
  facet normal -6.803157926e-01 7.074662447e-01 1.914730072e-01
    outer loop
      vertex -2.730179951e-02 1.869984157e-02 8.176899515e-03
      vertex -2.359955385e-02 2.250000089e-02 7.290152367e-03
      vertex -2.755778655e-02 1.869977079e-02 7.267622743e-03
    endloop
  endfacet
  facet normal -6.825413704e-01 7.098893523e-01 1.737653315e-01
    outer loop
      vertex -2.755778655e-02 1.869977079e-02 7.267622743e-03
      vertex -2.359955385e-02 2.250000089e-02 7.290152367e-03
      vertex -2.421260998e-02 2.250000089e-02 4.882099107e-03
    endloop
  endfacet
  facet normal -6.893514395e-01 7.067238092e-01 1.591729969e-01
    outer loop
      vertex -2.755778655e-02 1.869977079e-02 7.267622743e-03
      vertex -2.421260998e-02 2.250000089e-02 4.882099107e-03
      vertex -2.795526758e-02 1.869992167e-02 5.545529537e-03
    endloop
  endfacet
  facet normal -6.958272457e-01 7.071914077e-01 1.253186613e-01
    outer loop
      vertex -2.795526758e-02 1.869992167e-02 5.545529537e-03
      vertex -2.421260998e-02 2.250000089e-02 4.882099107e-03
      vertex -2.813440189e-02 1.870002598e-02 4.550304264e-03
    endloop
  endfacet
  facet normal -6.965957284e-01 7.097870111e-01 1.046746150e-01
    outer loop
      vertex -2.813440189e-02 1.870002598e-02 4.550304264e-03
      vertex -2.421260998e-02 2.250000089e-02 4.882099107e-03
      vertex -2.457780764e-02 2.250000089e-02 2.451756969e-03
    endloop
  endfacet
  facet normal -6.970678568e-01 7.095133662e-01 1.033788249e-01
    outer loop
      vertex -2.813440189e-02 1.870002598e-02 4.550304264e-03
      vertex -2.457780764e-02 2.250000089e-02 2.451756969e-03
      vertex -2.824437991e-02 1.870005764e-02 3.808521666e-03
    endloop
  endfacet
  facet normal -7.071012855e-01 7.071019411e-01 3.826342290e-03
    outer loop
      vertex -2.850000188e-02 1.869999990e-02 4.510281038e-17
      vertex -2.849845216e-02 1.869994402e-02 2.967120672e-04
      vertex -2.469999716e-02 2.250000089e-02 6.689000909e-09
    endloop
  endfacet
  facet normal -7.058138847e-01 7.077956200e-01 2.919126116e-02
    outer loop
      vertex -2.469999716e-02 2.250000089e-02 6.689000909e-09
      vertex -2.849845216e-02 1.869994402e-02 2.967120672e-04
      vertex -2.842557058e-02 1.869996637e-02 2.058369806e-03
    endloop
  endfacet
  facet normal -7.040612698e-01 7.092717886e-01 3.508877382e-02
    outer loop
      vertex -2.469999716e-02 2.250000089e-02 6.689000909e-09
      vertex -2.842557058e-02 1.869996637e-02 2.058369806e-03
      vertex -2.457780764e-02 2.250000089e-02 2.451756969e-03
    endloop
  endfacet
  facet normal -7.045274973e-01 7.069916129e-01 6.167521700e-02
    outer loop
      vertex -2.457780764e-02 2.250000089e-02 2.451756969e-03
      vertex -2.842557058e-02 1.869996637e-02 2.058369806e-03
      vertex -2.835040912e-02 1.870003343e-02 2.916184487e-03
    endloop
  endfacet
  facet normal -7.020698786e-01 7.072071433e-01 8.340209723e-02
    outer loop
      vertex -2.457780764e-02 2.250000089e-02 2.451756969e-03
      vertex -2.835040912e-02 1.870003343e-02 2.916184487e-03
      vertex -2.824437991e-02 1.870005764e-02 3.808521666e-03
    endloop
  endfacet
  facet normal -3.141693026e-02 7.070680857e-01 -7.064472437e-01
    outer loop
      vertex -9.960458847e-04 1.869982667e-02 -2.848258987e-02
      vertex -1.531489310e-03 1.869978197e-02 -2.845882252e-02
      vertex -1.321066287e-03 2.250000089e-02 -2.466462180e-02
    endloop
  endfacet
  facet normal -7.069333196e-01 7.069340944e-01 -2.212405950e-02
    outer loop
      vertex -2.850000188e-02 1.869999990e-02 4.510281038e-17
      vertex -2.469999716e-02 2.250000089e-02 6.689000909e-09
      vertex -2.844434604e-02 1.869994216e-02 -1.780224149e-03
    endloop
  endfacet
  facet normal -7.036086321e-01 7.097218633e-01 -3.506771848e-02
    outer loop
      vertex -2.844434604e-02 1.869994216e-02 -1.780224149e-03
      vertex -2.469999716e-02 2.250000089e-02 6.689000909e-09
      vertex -2.457780018e-02 2.250000089e-02 -2.451787936e-03
    endloop
  endfacet
  facet normal -7.048852444e-01 7.069270015e-01 -5.823269859e-02
    outer loop
      vertex -2.844434604e-02 1.869994216e-02 -1.780224149e-03
      vertex -2.457780018e-02 2.250000089e-02 -2.451787936e-03
      vertex -2.835040912e-02 1.870003343e-02 -2.916187746e-03
    endloop
  endfacet
  facet normal -6.967045665e-01 7.096776366e-01 -1.046918258e-01
    outer loop
      vertex -2.421260253e-02 2.250000089e-02 -4.882110283e-03
      vertex -2.824217454e-02 1.870005764e-02 -3.824850777e-03
      vertex -2.457780018e-02 2.250000089e-02 -2.451787936e-03
    endloop
  endfacet
  facet normal -7.001514435e-01 7.081407309e-01 -9.123957157e-02
    outer loop
      vertex -2.457780018e-02 2.250000089e-02 -2.451787936e-03
      vertex -2.824217454e-02 1.870005764e-02 -3.824850777e-03
      vertex -2.827917412e-02 1.870005764e-02 -3.540924517e-03
    endloop
  endfacet
  facet normal -7.024683952e-01 7.071964145e-01 -8.007086068e-02
    outer loop
      vertex -2.457780018e-02 2.250000089e-02 -2.451787936e-03
      vertex -2.827917412e-02 1.870005764e-02 -3.540924517e-03
      vertex -2.835040912e-02 1.870003343e-02 -2.916187746e-03
    endloop
  endfacet
  facet normal -6.785349250e-01 7.069266438e-01 -1.996122301e-01
    outer loop
      vertex -2.720002457e-02 1.869988441e-02 -8.509321138e-03
      vertex -2.747337148e-02 1.869978383e-02 -7.580498699e-03
      vertex -2.359955385e-02 2.250000089e-02 -7.290164940e-03
    endloop
  endfacet
  facet normal -6.818813086e-01 7.088695168e-01 -1.803936809e-01
    outer loop
      vertex -2.359955385e-02 2.250000089e-02 -7.290164940e-03
      vertex -2.747337148e-02 1.869978383e-02 -7.580498699e-03
      vertex -2.762745693e-02 1.869977266e-02 -6.998105440e-03
    endloop
  endfacet
  facet normal -6.824498773e-01 7.099835277e-01 -1.737398207e-01
    outer loop
      vertex -2.359955385e-02 2.250000089e-02 -7.290164940e-03
      vertex -2.762745693e-02 1.869977266e-02 -6.998105440e-03
      vertex -2.421260253e-02 2.250000089e-02 -4.882110283e-03
    endloop
  endfacet
  facet normal -6.913323998e-01 7.062261701e-01 -1.526568681e-01
    outer loop
      vertex -2.421260253e-02 2.250000089e-02 -4.882110283e-03
      vertex -2.762745693e-02 1.869977266e-02 -6.998105440e-03
      vertex -2.800649777e-02 1.869995333e-02 -5.280719139e-03
    endloop
  endfacet
  facet normal -6.972064376e-01 7.079219222e-01 -1.129148751e-01
    outer loop
      vertex -2.421260253e-02 2.250000089e-02 -4.882110283e-03
      vertex -2.800649777e-02 1.869995333e-02 -5.280719139e-03
      vertex -2.824217454e-02 1.870005764e-02 -3.824850777e-03
    endloop
  endfacet
  facet normal -6.615436673e-01 7.098428607e-01 -2.418327779e-01
    outer loop
      vertex -2.273858711e-02 2.250000089e-02 -9.645375423e-03
      vertex -2.689342573e-02 1.869999990e-02 -9.433643892e-03
      vertex -2.359955385e-02 2.250000089e-02 -7.290164940e-03
    endloop
  endfacet
  facet normal -6.700351834e-01 7.075170875e-01 -2.246607393e-01
    outer loop
      vertex -2.359955385e-02 2.250000089e-02 -7.290164940e-03
      vertex -2.689342573e-02 1.869999990e-02 -9.433643892e-03
      vertex -2.714237943e-02 1.869990863e-02 -8.691444062e-03
    endloop
  endfacet
  facet normal -6.741353869e-01 7.071437836e-01 -2.132818252e-01
    outer loop
      vertex -2.359955385e-02 2.250000089e-02 -7.290164940e-03
      vertex -2.714237943e-02 1.869990863e-02 -8.691444062e-03
      vertex -2.720002457e-02 1.869988441e-02 -8.509321138e-03
    endloop
  endfacet
  facet normal -6.096320748e-01 7.072375417e-01 -3.579997122e-01
    outer loop
      vertex -2.446744218e-02 1.869984530e-02 -1.461486612e-02
      vertex -2.467979863e-02 1.869980246e-02 -1.425333228e-02
      vertex -2.147004381e-02 2.250000089e-02 -1.221178472e-02
    endloop
  endfacet
  facet normal -6.234797835e-01 7.065010071e-01 -3.348571360e-01
    outer loop
      vertex -2.147004381e-02 2.250000089e-02 -1.221178472e-02
      vertex -2.467979863e-02 1.869980246e-02 -1.425333228e-02
      vertex -2.551298961e-02 1.869986020e-02 -1.270186901e-02
    endloop
  endfacet
  facet normal -6.197094321e-01 7.040346265e-01 -3.468363881e-01
    outer loop
      vertex -2.147004381e-02 2.250000089e-02 -1.221178472e-02
      vertex -2.551298961e-02 1.869986020e-02 -1.270186901e-02
      vertex -2.163649723e-02 2.250000089e-02 -1.191437431e-02
    endloop
  endfacet
  facet normal -6.377242208e-01 7.116248012e-01 -2.947845459e-01
    outer loop
      vertex -2.163649723e-02 2.250000089e-02 -1.191437431e-02
      vertex -2.551298961e-02 1.869986020e-02 -1.270186901e-02
      vertex -2.620748803e-02 1.870003715e-02 -1.119899377e-02
    endloop
  endfacet
  facet normal -6.361212134e-01 7.070251703e-01 -3.089744747e-01
    outer loop
      vertex -2.163649723e-02 2.250000089e-02 -1.191437431e-02
      vertex -2.620748803e-02 1.870003715e-02 -1.119899377e-02
      vertex -2.273858711e-02 2.250000089e-02 -9.645375423e-03
    endloop
  endfacet
  facet normal -6.507316828e-01 7.071310878e-01 -2.766115367e-01
    outer loop
      vertex -2.273858711e-02 2.250000089e-02 -9.645375423e-03
      vertex -2.620748803e-02 1.870003715e-02 -1.119899377e-02
      vertex -2.625164762e-02 1.870004274e-02 -1.109509356e-02
    endloop
  endfacet
  facet normal -6.596580148e-01 7.070590258e-01 -2.547917962e-01
    outer loop
      vertex -2.273858711e-02 2.250000089e-02 -9.645375423e-03
      vertex -2.625164762e-02 1.870004274e-02 -1.109509356e-02
      vertex -2.689342573e-02 1.869999990e-02 -9.433643892e-03
    endloop
  endfacet
  facet normal -5.970979929e-01 7.086549401e-01 -3.758751452e-01
    outer loop
      vertex -2.446744218e-02 1.869984530e-02 -1.461486612e-02
      vertex -2.147004381e-02 2.250000089e-02 -1.221178472e-02
      vertex -2.375366166e-02 1.870000549e-02 -1.574844308e-02
    endloop
  endfacet
  facet normal -5.936320424e-01 7.097479105e-01 -3.792874217e-01
    outer loop
      vertex -2.375366166e-02 1.870000549e-02 -1.574844308e-02
      vertex -2.147004381e-02 2.250000089e-02 -1.221178472e-02
      vertex -2.010649070e-02 2.250000089e-02 -1.434591506e-02
    endloop
  endfacet
  facet normal -5.829950571e-01 7.071857452e-01 -4.000063539e-01
    outer loop
      vertex -2.375366166e-02 1.870000549e-02 -1.574844308e-02
      vertex -2.010649070e-02 2.250000089e-02 -1.434591506e-02
      vertex -2.323890850e-02 1.870006137e-02 -1.649857871e-02
    endloop
  endfacet
  facet normal -5.514991283e-01 7.100990415e-01 -4.377305508e-01
    outer loop
      vertex -1.853362843e-02 2.250000089e-02 -1.632757299e-02
      vertex -2.225483581e-02 1.869997196e-02 -1.780371927e-02
      vertex -2.010649070e-02 2.250000089e-02 -1.434591506e-02
    endloop
  endfacet
  facet normal -5.567597151e-01 7.088431716e-01 -4.330819249e-01
    outer loop
      vertex -2.010649070e-02 2.250000089e-02 -1.434591506e-02
      vertex -2.225483581e-02 1.869997196e-02 -1.780371927e-02
      vertex -2.273542807e-02 1.870004460e-02 -1.718576252e-02
    endloop
  endfacet
  facet normal -5.704526305e-01 7.070241570e-01 -4.179719985e-01
    outer loop
      vertex -2.010649070e-02 2.250000089e-02 -1.434591506e-02
      vertex -2.273542807e-02 1.870004460e-02 -1.718576252e-02
      vertex -2.323890850e-02 1.870006137e-02 -1.649857871e-02
    endloop
  endfacet
  facet normal -4.906163514e-01 7.075877190e-01 -5.085422397e-01
    outer loop
      vertex -1.969877258e-02 1.869989932e-02 -2.059631608e-02
      vertex -1.987041160e-02 1.869986206e-02 -2.043077908e-02
      vertex -1.677295193e-02 2.250000089e-02 -1.813152619e-02
    endloop
  endfacet
  facet normal -5.068480968e-01 7.094260454e-01 -4.897138178e-01
    outer loop
      vertex -1.677295193e-02 2.250000089e-02 -1.813152619e-02
      vertex -1.987041160e-02 1.869986206e-02 -2.043077908e-02
      vertex -2.109928057e-02 1.869974844e-02 -1.915907860e-02
    endloop
  endfacet
  facet normal -5.051316023e-01 7.083641291e-01 -4.930135310e-01
    outer loop
      vertex -1.677295193e-02 2.250000089e-02 -1.813152619e-02
      vertex -2.109928057e-02 1.869974844e-02 -1.915907860e-02
      vertex -1.853362843e-02 2.250000089e-02 -1.632757299e-02
    endloop
  endfacet
  facet normal -5.279555917e-01 7.070156932e-01 -4.705227315e-01
    outer loop
      vertex -1.853362843e-02 2.250000089e-02 -1.632757299e-02
      vertex -2.109928057e-02 1.869974844e-02 -1.915907860e-02
      vertex -2.145593241e-02 1.869980432e-02 -1.875880919e-02
    endloop
  endfacet
  facet normal -5.422299504e-01 7.072188854e-01 -4.536828399e-01
    outer loop
      vertex -1.853362843e-02 2.250000089e-02 -1.632757299e-02
      vertex -2.145593241e-02 1.869980432e-02 -1.875880919e-02
      vertex -2.225483581e-02 1.869997196e-02 -1.780371927e-02
    endloop
  endfacet
  facet normal -4.212278724e-01 7.070491910e-01 -5.680215955e-01
    outer loop
      vertex -1.675643399e-02 1.869988814e-02 -2.305367216e-02
      vertex -1.720182970e-02 1.869997755e-02 -2.272326872e-02
      vertex -1.485132799e-02 2.250000089e-02 -1.973622292e-02
    endloop
  endfacet
  facet normal -4.439135790e-01 7.071681619e-01 -5.503216386e-01
    outer loop
      vertex -1.485132799e-02 2.250000089e-02 -1.973622292e-02
      vertex -1.720182970e-02 1.869997755e-02 -2.272326872e-02
      vertex -1.857065037e-02 1.870007254e-02 -2.161899582e-02
    endloop
  endfacet
  facet normal -4.514975846e-01 7.098082900e-01 -5.406682491e-01
    outer loop
      vertex -1.485132799e-02 2.250000089e-02 -1.973622292e-02
      vertex -1.857065037e-02 1.870007254e-02 -2.161899582e-02
      vertex -1.677295193e-02 2.250000089e-02 -1.813152619e-02
    endloop
  endfacet
  facet normal -4.718171656e-01 7.068708539e-01 -5.269934535e-01
    outer loop
      vertex -1.677295193e-02 2.250000089e-02 -1.813152619e-02
      vertex -1.857065037e-02 1.870007254e-02 -2.161899582e-02
      vertex -1.943764463e-02 1.869995333e-02 -2.084293589e-02
    endloop
  endfacet
  facet normal -4.855390787e-01 7.071844339e-01 -5.139474273e-01
    outer loop
      vertex -1.677295193e-02 2.250000089e-02 -1.813152619e-02
      vertex -1.943764463e-02 1.869995333e-02 -2.084293589e-02
      vertex -1.969877258e-02 1.869989932e-02 -2.059631608e-02
    endloop
  endfacet
  facet normal -4.028414786e-01 7.081596255e-01 -5.798522830e-01
    outer loop
      vertex -1.675643399e-02 1.869988814e-02 -2.305367216e-02
      vertex -1.485132799e-02 2.250000089e-02 -1.973622292e-02
      vertex -1.576523483e-02 1.869969815e-02 -2.374252118e-02
    endloop
  endfacet
  facet normal -3.989055455e-01 7.089984417e-01 -5.815458894e-01
    outer loop
      vertex -1.576523483e-02 1.869969815e-02 -2.374252118e-02
      vertex -1.485132799e-02 2.250000089e-02 -1.973622292e-02
      vertex -1.306154951e-02 2.250000089e-02 -2.096390352e-02
    endloop
  endfacet
  facet normal -3.830110431e-01 7.070943117e-01 -5.944074392e-01
    outer loop
      vertex -1.576523483e-02 1.869969815e-02 -2.374252118e-02
      vertex -1.306154951e-02 2.250000089e-02 -2.096390352e-02
      vertex -1.510717347e-02 1.869967580e-02 -2.416657470e-02
    endloop
  endfacet
  facet normal -3.561443388e-01 7.068023682e-01 -6.112214327e-01
    outer loop
      vertex -1.510717347e-02 1.869967580e-02 -2.416657470e-02
      vertex -1.306154951e-02 2.250000089e-02 -2.096390352e-02
      vertex -1.356812939e-02 1.869993657e-02 -2.506303787e-02
    endloop
  endfacet
  facet normal -3.422668874e-01 7.097734213e-01 -6.156907678e-01
    outer loop
      vertex -1.356812939e-02 1.869993657e-02 -2.506303787e-02
      vertex -1.306154951e-02 2.250000089e-02 -2.096390352e-02
      vertex -1.091475040e-02 2.250000089e-02 -2.215732448e-02
    endloop
  endfacet
  facet normal -3.237458766e-01 7.069112062e-01 -6.288601756e-01
    outer loop
      vertex -1.356812939e-02 1.869993657e-02 -2.506303787e-02
      vertex -1.091475040e-02 2.250000089e-02 -2.215732448e-02
      vertex -1.251057535e-02 1.870006882e-02 -2.560733259e-02
    endloop
  endfacet
  facet normal -3.038961589e-01 7.072042227e-01 -6.383645535e-01
    outer loop
      vertex -1.251057535e-02 1.870006882e-02 -2.560733259e-02
      vertex -1.091475040e-02 2.250000089e-02 -2.215732448e-02
      vertex -1.198759302e-02 1.870007999e-02 -2.585628815e-02
    endloop
  endfacet
  facet normal -2.797668874e-01 7.090624571e-01 -6.472719312e-01
    outer loop
      vertex -1.198759302e-02 1.870007999e-02 -2.585628815e-02
      vertex -1.091475040e-02 2.250000089e-02 -2.215732448e-02
      vertex -8.657656610e-03 2.250000089e-02 -2.313289605e-02
    endloop
  endfacet
  facet normal -2.769760787e-01 7.081726193e-01 -6.494427323e-01
    outer loop
      vertex -1.198759302e-02 1.870007999e-02 -2.585628815e-02
      vertex -8.657656610e-03 2.250000089e-02 -2.313289605e-02
      vertex -1.036779210e-02 1.869990677e-02 -2.654729411e-02
    endloop
  endfacet
  facet normal -2.133054286e-01 7.099783421e-01 -6.711419821e-01
    outer loop
      vertex -6.287503988e-03 2.250000089e-02 -2.388618886e-02
      vertex -8.710615337e-03 1.869973913e-02 -2.713623270e-02
      vertex -8.657656610e-03 2.250000089e-02 -2.313289605e-02
    endloop
  endfacet
  facet normal -2.324442118e-01 7.069308162e-01 -6.679958701e-01
    outer loop
      vertex -8.657656610e-03 2.250000089e-02 -2.313289605e-02
      vertex -8.710615337e-03 1.869973913e-02 -2.713623270e-02
      vertex -1.002096385e-02 1.869985089e-02 -2.668014914e-02
    endloop
  endfacet
  facet normal -2.528386414e-01 7.071122527e-01 -6.603520513e-01
    outer loop
      vertex -8.657656610e-03 2.250000089e-02 -2.313289605e-02
      vertex -1.002096385e-02 1.869985089e-02 -2.668014914e-02
      vertex -1.036779210e-02 1.869990677e-02 -2.654729411e-02
    endloop
  endfacet
  facet normal -1.561502218e-01 7.084650993e-01 -6.882545352e-01
    outer loop
      vertex -6.349690259e-03 1.870001294e-02 -2.778365463e-02
      vertex -6.287503988e-03 2.250000089e-02 -2.388618886e-02
      vertex -6.256293505e-03 1.870002225e-02 -2.780483477e-02
    endloop
  endfacet
  facet normal -1.444469988e-01 7.097890377e-01 -6.894451380e-01
    outer loop
      vertex -6.256293505e-03 1.870002225e-02 -2.780483477e-02
      vertex -6.287503988e-03 2.250000089e-02 -2.388618886e-02
      vertex -3.830846399e-03 2.250000089e-02 -2.440088801e-02
    endloop
  endfacet
  facet normal -1.658457816e-01 7.074098587e-01 -6.870709658e-01
    outer loop
      vertex -6.349690259e-03 1.870001294e-02 -2.778365463e-02
      vertex -7.017619908e-03 1.869993471e-02 -2.762250975e-02
      vertex -6.287503988e-03 2.250000089e-02 -2.388618886e-02
    endloop
  endfacet
  facet normal -1.759548634e-01 7.071446180e-01 -6.848257780e-01
    outer loop
      vertex -6.287503988e-03 2.250000089e-02 -2.388618886e-02
      vertex -7.017619908e-03 1.869993471e-02 -2.762250975e-02
      vertex -7.159277797e-03 1.869991608e-02 -2.758613229e-02
    endloop
  endfacet
  facet normal -1.971231699e-01 7.067563534e-01 -6.794394255e-01
    outer loop
      vertex -6.287503988e-03 2.250000089e-02 -2.388618886e-02
      vertex -7.159277797e-03 1.869991608e-02 -2.758613229e-02
      vertex -8.710615337e-03 1.869973913e-02 -2.713623270e-02
    endloop
  endfacet
  facet normal -5.079315975e-02 7.070412636e-01 -7.053458095e-01
    outer loop
      vertex -1.531489310e-03 1.869978197e-02 -2.845882252e-02
      vertex -2.563536167e-03 1.869981177e-02 -2.838447317e-02
      vertex -1.321066287e-03 2.250000089e-02 -2.466462180e-02
    endloop
  endfacet
  facet normal -6.572357565e-02 7.088913321e-01 -7.022488713e-01
    outer loop
      vertex -1.321066287e-03 2.250000089e-02 -2.466462180e-02
      vertex -2.563536167e-03 1.869981177e-02 -2.838447317e-02
      vertex -2.753261477e-03 1.869983040e-02 -2.836669795e-02
    endloop
  endfacet
  facet normal -7.359384000e-02 7.100016475e-01 -7.003439069e-01
    outer loop
      vertex -1.321066287e-03 2.250000089e-02 -2.466462180e-02
      vertex -2.753261477e-03 1.869983040e-02 -2.836669795e-02
      vertex -3.830846399e-03 2.250000089e-02 -2.440088801e-02
    endloop
  endfacet
  facet normal -9.008032084e-02 7.067486048e-01 -7.017064691e-01
    outer loop
      vertex -3.830846399e-03 2.250000089e-02 -2.440088801e-02
      vertex -2.753261477e-03 1.869983040e-02 -2.836669795e-02
      vertex -4.507273436e-03 1.870002784e-02 -2.814133093e-02
    endloop
  endfacet
  facet normal -1.335775107e-01 7.071908712e-01 -6.942896247e-01
    outer loop
      vertex -3.830846399e-03 2.250000089e-02 -2.440088801e-02
      vertex -4.507273436e-03 1.870002784e-02 -2.814133093e-02
      vertex -6.256293505e-03 1.870002225e-02 -2.780483477e-02
    endloop
  endfacet
  facet normal -2.970776754e-03 7.086268663e-01 -7.055771947e-01
    outer loop
      vertex -9.960458847e-04 1.869982667e-02 -2.848258987e-02
      vertex -1.321066287e-03 2.250000089e-02 -2.466462180e-02
      vertex 7.626562146e-04 1.870002598e-02 -2.848979458e-02
    endloop
  endfacet
  facet normal -1.497371588e-03 7.090308666e-01 -7.051758766e-01
    outer loop
      vertex 7.626562146e-04 1.870002598e-02 -2.848979458e-02
      vertex -1.321066287e-03 2.250000089e-02 -2.466462180e-02
      vertex 1.210529241e-03 2.250000089e-02 -2.466999739e-02
    endloop
  endfacet
  facet normal 2.594041638e-02 7.071828842e-01 -7.065545917e-01
    outer loop
      vertex 7.626562146e-04 1.870002598e-02 -2.848979458e-02
      vertex 1.210529241e-03 2.250000089e-02 -2.466999739e-02
      vertex 1.331586274e-03 1.870005764e-02 -2.846887521e-02
    endloop
  endfacet
  facet normal 4.783332348e-02 7.069600821e-01 -7.056340575e-01
    outer loop
      vertex 1.331586274e-03 1.870005764e-02 -2.846887521e-02
      vertex 1.210529241e-03 2.250000089e-02 -2.466999739e-02
      vertex 2.521175891e-03 1.870002598e-02 -2.838826738e-02
    endloop
  endfacet
  facet normal 7.044398785e-02 7.099502087e-01 -7.007198930e-01
    outer loop
      vertex 2.521175891e-03 1.870002598e-02 -2.838826738e-02
      vertex 1.210529241e-03 2.250000089e-02 -2.466999739e-02
      vertex 3.728292882e-03 2.250000089e-02 -2.441688441e-02
    endloop
  endfacet
  facet normal 7.203724235e-02 7.096220851e-01 -7.008902431e-01
    outer loop
      vertex 2.521175891e-03 1.870002598e-02 -2.838826738e-02
      vertex 3.728292882e-03 2.250000089e-02 -2.441688441e-02
      vertex 3.299936652e-03 1.869994402e-02 -2.830830961e-02
    endloop
  endfacet
  facet normal 1.418053657e-01 7.093077302e-01 -6.904880404e-01
    outer loop
      vertex 6.197921932e-03 2.250000089e-02 -2.390969731e-02
      vertex 5.059745163e-03 1.869975962e-02 -2.804726362e-02
      vertex 3.728292882e-03 2.250000089e-02 -2.441688441e-02
    endloop
  endfacet
  facet normal 1.149217039e-01 7.069425583e-01 -6.978719234e-01
    outer loop
      vertex 3.728292882e-03 2.250000089e-02 -2.441688441e-02
      vertex 5.059745163e-03 1.869975962e-02 -2.804726362e-02
      vertex 4.196569324e-03 1.869982667e-02 -2.818933874e-02
    endloop
  endfacet
  facet normal 9.308578819e-02 7.072085142e-01 -7.008503079e-01
    outer loop
      vertex 3.728292882e-03 2.250000089e-02 -2.441688441e-02
      vertex 4.196569324e-03 1.869982667e-02 -2.818933874e-02
      vertex 3.299936652e-03 1.869994402e-02 -2.830830961e-02
    endloop
  endfacet
  facet normal 2.110080570e-01 7.100451589e-01 -6.717972159e-01
    outer loop
      vertex 8.587311953e-03 2.250000089e-02 -2.315920219e-02
      vertex 8.484922349e-03 1.870005950e-02 -2.720764838e-02
      vertex 6.197921932e-03 2.250000089e-02 -2.390969731e-02
    endloop
  endfacet
  facet normal 1.897502840e-01 7.062016129e-01 -6.821100712e-01
    outer loop
      vertex 6.197921932e-03 2.250000089e-02 -2.390969731e-02
      vertex 8.484922349e-03 1.870005950e-02 -2.720764838e-02
      vertex 6.788473576e-03 1.869991794e-02 -2.767971531e-02
    endloop
  endfacet
  facet normal 1.467904150e-01 7.080669403e-01 -6.907197237e-01
    outer loop
      vertex 6.197921932e-03 2.250000089e-02 -2.390969731e-02
      vertex 6.788473576e-03 1.869991794e-02 -2.767971531e-02
      vertex 5.059745163e-03 1.869975962e-02 -2.804726362e-02
    endloop
  endfacet
  facet normal 2.727985382e-01 7.065135241e-01 -6.530081034e-01
    outer loop
      vertex 1.043874398e-02 2.249998227e-02 -2.238577418e-02
      vertex 9.836636484e-03 1.869999431e-02 -2.674865536e-02
      vertex 8.587311953e-03 2.250000089e-02 -2.315920219e-02
    endloop
  endfacet
  facet normal 2.312115729e-01 7.071666121e-01 -6.681740880e-01
    outer loop
      vertex 8.587311953e-03 2.250000089e-02 -2.315920219e-02
      vertex 9.836636484e-03 1.869999431e-02 -2.674865536e-02
      vertex 8.796270937e-03 1.870005950e-02 -2.710858919e-02
    endloop
  endfacet
  facet normal 2.136273831e-01 7.095969915e-01 -6.714428067e-01
    outer loop
      vertex 8.587311953e-03 2.250000089e-02 -2.315920219e-02
      vertex 8.796270937e-03 1.870005950e-02 -2.710858919e-02
      vertex 8.484922349e-03 1.870005950e-02 -2.720764838e-02
    endloop
  endfacet
  facet normal 2.953655124e-01 7.071033120e-01 -6.424672008e-01
    outer loop
      vertex 1.163449138e-02 1.967042312e-02 -2.495027333e-02
      vertex 1.204460859e-02 1.870000362e-02 -2.582977712e-02
      vertex 1.177507639e-02 1.869994216e-02 -2.595375851e-02
    endloop
  endfacet
  facet normal 2.717966437e-01 7.067981958e-01 -6.531178355e-01
    outer loop
      vertex 1.043874398e-02 2.249998227e-02 -2.238577418e-02
      vertex 1.124164090e-02 2.060000226e-02 -2.410778776e-02
      vertex 9.836636484e-03 1.869999431e-02 -2.674865536e-02
    endloop
  endfacet
  facet normal 2.718036473e-01 7.067945004e-01 -6.531189084e-01
    outer loop
      vertex 9.836636484e-03 1.869999431e-02 -2.674865536e-02
      vertex 1.124164090e-02 2.060000226e-02 -2.410778776e-02
      vertex 1.163449138e-02 1.967042312e-02 -2.495027333e-02
    endloop
  endfacet
  facet normal 2.375846356e-01 7.355604172e-01 -6.344323158e-01
    outer loop
      vertex 9.836636484e-03 1.869999431e-02 -2.674865536e-02
      vertex 1.163449138e-02 1.967042312e-02 -2.495027333e-02
      vertex 1.014767215e-02 1.869996451e-02 -2.663221210e-02
    endloop
  endfacet
  facet normal 2.707236707e-01 7.106614113e-01 -6.493605375e-01
    outer loop
      vertex 1.014767215e-02 1.869996451e-02 -2.663221210e-02
      vertex 1.163449138e-02 1.967042312e-02 -2.495027333e-02
      vertex 1.177507639e-02 1.869994216e-02 -2.595375851e-02
    endloop
  endfacet
  facet normal -7.069340944e-01 -7.069344521e-01 2.208709531e-02
    outer loop
      vertex -2.850000188e-02 -1.670013927e-02 4.857225733e-17
      vertex -2.470013872e-02 -2.050000057e-02 -6.688801957e-09
      vertex -2.844434604e-02 -1.670017466e-02 1.780224615e-03
    endloop
  endfacet
  facet normal -7.034346461e-01 -7.098629475e-01 3.569782525e-02
    outer loop
      vertex -2.844434604e-02 -1.670017466e-02 1.780224615e-03
      vertex -2.470013872e-02 -2.050000057e-02 -6.688801957e-09
      vertex -2.457345650e-02 -2.050000057e-02 2.496298403e-03
    endloop
  endfacet
  facet normal -6.970260739e-01 -7.090688348e-01 1.066586673e-01
    outer loop
      vertex -2.419512346e-02 -2.050000057e-02 4.968746100e-03
      vertex -2.827917412e-02 -1.670008712e-02 3.540924983e-03
      vertex -2.457345650e-02 -2.050000057e-02 2.496298403e-03
    endloop
  endfacet
  facet normal -7.026100755e-01 -7.070992589e-01 7.968539745e-02
    outer loop
      vertex -2.457345650e-02 -2.050000057e-02 2.496298403e-03
      vertex -2.827917412e-02 -1.670008712e-02 3.540924983e-03
      vertex -2.835407481e-02 -1.670010574e-02 2.880337881e-03
    endloop
  endfacet
  facet normal -7.047835588e-01 -7.070575953e-01 5.787623301e-02
    outer loop
      vertex -2.457345650e-02 -2.050000057e-02 2.496298403e-03
      vertex -2.835407481e-02 -1.670010574e-02 2.880337881e-03
      vertex -2.844434604e-02 -1.670017466e-02 1.780224615e-03
    endloop
  endfacet
  facet normal -6.754881740e-01 -7.070214152e-01 2.093714923e-01
    outer loop
      vertex -2.714237943e-02 -1.670019515e-02 8.691444993e-03
      vertex -2.730179951e-02 -1.670025848e-02 8.176899515e-03
      vertex -2.356691286e-02 -2.050000057e-02 7.395382971e-03
    endloop
  endfacet
  facet normal -6.808130145e-01 -7.078857422e-01 1.881261617e-01
    outer loop
      vertex -2.356691286e-02 -2.050000057e-02 7.395382971e-03
      vertex -2.730179951e-02 -1.670025848e-02 8.176899515e-03
      vertex -2.762745693e-02 -1.670032926e-02 6.998105906e-03
    endloop
  endfacet
  facet normal -6.816888452e-01 -7.100397348e-01 1.764764041e-01
    outer loop
      vertex -2.356691286e-02 -2.050000057e-02 7.395382971e-03
      vertex -2.762745693e-02 -1.670032926e-02 6.998105906e-03
      vertex -2.419512346e-02 -2.050000057e-02 4.968746100e-03
    endloop
  endfacet
  facet normal -6.914787292e-01 -7.061055303e-01 1.525521129e-01
    outer loop
      vertex -2.419512346e-02 -2.050000057e-02 4.968746100e-03
      vertex -2.762745693e-02 -1.670032926e-02 6.998105906e-03
      vertex -2.800649777e-02 -1.670017652e-02 5.280720070e-03
    endloop
  endfacet
  facet normal -6.973075271e-01 -7.083969712e-01 1.092519090e-01
    outer loop
      vertex -2.419512346e-02 -2.050000057e-02 4.968746100e-03
      vertex -2.800649777e-02 -1.670017652e-02 5.280720070e-03
      vertex -2.827917412e-02 -1.670008712e-02 3.540924983e-03
    endloop
  endfacet
  facet normal -6.701782346e-01 -7.073132396e-01 2.248756886e-01
    outer loop
      vertex -2.714237943e-02 -1.670019515e-02 8.691444993e-03
      vertex -2.356691286e-02 -2.050000057e-02 7.395382971e-03
      vertex -2.689342573e-02 -1.670010947e-02 9.433650412e-03
    endloop
  endfacet
  facet normal -6.606662869e-01 -7.096549273e-01 2.447649688e-01
    outer loop
      vertex -2.689342573e-02 -1.670010947e-02 9.433650412e-03
      vertex -2.356691286e-02 -2.050000057e-02 7.395382971e-03
      vertex -2.269775048e-02 -2.050000057e-02 9.741414338e-03
    endloop
  endfacet
  facet normal -6.593405008e-01 -7.073858976e-01 2.547062337e-01
    outer loop
      vertex -2.689342573e-02 -1.670010947e-02 9.433650412e-03
      vertex -2.269775048e-02 -2.050000057e-02 9.741414338e-03
      vertex -2.625164017e-02 -1.670007221e-02 1.109510008e-02
    endloop
  endfacet
  facet normal -6.152713895e-01 -7.071134448e-01 3.484705091e-01
    outer loop
      vertex -2.467979863e-02 -1.670029946e-02 1.425333880e-02
      vertex -2.491760626e-02 -1.670032926e-02 1.383339707e-02
      vertex -2.159538493e-02 -2.050000057e-02 1.198896300e-02
    endloop
  endfacet
  facet normal -6.258506179e-01 -7.070366740e-01 3.292569816e-01
    outer loop
      vertex -2.159538493e-02 -2.050000057e-02 1.198896300e-02
      vertex -2.491760626e-02 -1.670032926e-02 1.383339707e-02
      vertex -2.551298216e-02 -1.670025103e-02 1.270187646e-02
    endloop
  endfacet
  facet normal -6.322305202e-01 -7.100189328e-01 3.100930154e-01
    outer loop
      vertex -2.159538493e-02 -2.050000057e-02 1.198896300e-02
      vertex -2.551298216e-02 -1.670025103e-02 1.270187646e-02
      vertex -2.269775048e-02 -2.050000057e-02 9.741414338e-03
    endloop
  endfacet
  facet normal -6.383414268e-01 -7.081090808e-01 3.018306792e-01
    outer loop
      vertex -2.269775048e-02 -2.050000057e-02 9.741414338e-03
      vertex -2.551298216e-02 -1.670025103e-02 1.270187646e-02
      vertex -2.600381896e-02 -1.670012064e-02 1.166411210e-02
    endloop
  endfacet
  facet normal -6.484060884e-01 -7.070035338e-01 2.823394537e-01
    outer loop
      vertex -2.269775048e-02 -2.050000057e-02 9.741414338e-03
      vertex -2.600381896e-02 -1.670012064e-02 1.166411210e-02
      vertex -2.625164017e-02 -1.670007221e-02 1.109510008e-02
    endloop
  endfacet
  facet normal -6.064245701e-01 -7.079752088e-01 3.619673252e-01
    outer loop
      vertex -2.467979863e-02 -1.670029946e-02 1.425333880e-02
      vertex -2.159538493e-02 -2.050000057e-02 1.198896300e-02
      vertex -2.426258102e-02 -1.670021005e-02 1.495250221e-02
    endloop
  endfacet
  facet normal -5.975219011e-01 -7.100230455e-01 3.726054430e-01
    outer loop
      vertex -2.426258102e-02 -1.670021005e-02 1.495250221e-02
      vertex -2.159538493e-02 -2.050000057e-02 1.198896300e-02
      vertex -2.027129009e-02 -2.050000057e-02 1.411232352e-02
    endloop
  endfacet
  facet normal -5.944964886e-01 -7.085275054e-01 3.802139759e-01
    outer loop
      vertex -2.426258102e-02 -1.670021005e-02 1.495250221e-02
      vertex -2.027129009e-02 -2.050000057e-02 1.411232352e-02
      vertex -2.375366166e-02 -1.670009829e-02 1.574844867e-02
    endloop
  endfacet
  facet normal -5.495438576e-01 -7.081846595e-01 4.432561994e-01
    outer loop
      vertex -2.210776135e-02 -1.670013368e-02 1.798601449e-02
      vertex -2.225482091e-02 -1.670010947e-02 1.780373044e-02
      vertex -1.873933896e-02 -2.050000057e-02 1.609114744e-02
    endloop
  endfacet
  facet normal -5.562567115e-01 -7.095667124e-01 4.325430691e-01
    outer loop
      vertex -1.873933896e-02 -2.050000057e-02 1.609114744e-02
      vertex -2.225482091e-02 -1.670010947e-02 1.780373044e-02
      vertex -2.273542061e-02 -1.670004986e-02 1.718576998e-02
    endloop
  endfacet
  facet normal -5.569315553e-01 -7.098783851e-01 4.311611354e-01
    outer loop
      vertex -1.873933896e-02 -2.050000057e-02 1.609114744e-02
      vertex -2.273542061e-02 -1.670004986e-02 1.718576998e-02
      vertex -2.027129009e-02 -2.050000057e-02 1.411232352e-02
    endloop
  endfacet
  facet normal -5.723535419e-01 -7.070573568e-01 4.153087437e-01
    outer loop
      vertex -2.027129009e-02 -2.050000057e-02 1.411232352e-02
      vertex -2.273542061e-02 -1.670004986e-02 1.718576998e-02
      vertex -2.339005098e-02 -1.670004986e-02 1.628359780e-02
    endloop
  endfacet
  facet normal -5.848469734e-01 -7.071022987e-01 3.974422216e-01
    outer loop
      vertex -2.027129009e-02 -2.050000057e-02 1.411232352e-02
      vertex -2.339005098e-02 -1.670004986e-02 1.628359780e-02
      vertex -2.375366166e-02 -1.670009829e-02 1.574844867e-02
    endloop
  endfacet
  facet normal -4.893134236e-01 -7.070772648e-01 5.105038285e-01
    outer loop
      vertex -1.957610622e-02 -1.670015603e-02 2.071294188e-02
      vertex -1.987040415e-02 -1.670020632e-02 2.043079026e-02
      vertex -1.701188460e-02 -2.050000057e-02 1.790772192e-02
    endloop
  endfacet
  facet normal -5.078581572e-01 -7.079480886e-01 4.908050597e-01
    outer loop
      vertex -1.701188460e-02 -2.050000057e-02 1.790772192e-02
      vertex -1.987040415e-02 -1.670020632e-02 2.043079026e-02
      vertex -2.109927312e-02 -1.670029946e-02 1.915908977e-02
    endloop
  endfacet
  facet normal -5.107560158e-01 -7.093836665e-01 4.856986105e-01
    outer loop
      vertex -1.701188460e-02 -2.050000057e-02 1.790772192e-02
      vertex -2.109927312e-02 -1.670029946e-02 1.915908977e-02
      vertex -1.873933896e-02 -2.050000057e-02 1.609114744e-02
    endloop
  endfacet
  facet normal -5.300790668e-01 -7.070983052e-01 4.680044353e-01
    outer loop
      vertex -1.873933896e-02 -2.050000057e-02 1.609114744e-02
      vertex -2.109927312e-02 -1.670029946e-02 1.915908977e-02
      vertex -2.162230387e-02 -1.670022495e-02 1.856679842e-02
    endloop
  endfacet
  facet normal -5.425980687e-01 -7.070999146e-01 4.534281194e-01
    outer loop
      vertex -1.873933896e-02 -2.050000057e-02 1.609114744e-02
      vertex -2.162230387e-02 -1.670022495e-02 1.856679842e-02
      vertex -2.210776135e-02 -1.670013368e-02 1.798601449e-02
    endloop
  endfacet
  facet normal -4.732688069e-01 -7.071670890e-01 5.252917409e-01
    outer loop
      vertex -1.957610622e-02 -1.670015603e-02 2.071294188e-02
      vertex -1.701188460e-02 -2.050000057e-02 1.790772192e-02
      vertex -1.857063547e-02 -1.670002937e-02 2.161900513e-02
    endloop
  endfacet
  facet normal -4.584719539e-01 -7.100447416e-01 5.344529152e-01
    outer loop
      vertex -1.857063547e-02 -1.670002937e-02 2.161900513e-02
      vertex -1.701188460e-02 -2.050000057e-02 1.790772192e-02
      vertex -1.511301100e-02 -2.050000057e-02 1.953664050e-02
    endloop
  endfacet
  facet normal -4.444808960e-01 -7.063411474e-01 5.509255528e-01
    outer loop
      vertex -1.857063547e-02 -1.670002937e-02 2.161900513e-02
      vertex -1.511301100e-02 -2.050000057e-02 1.953664050e-02
      vertex -1.720182225e-02 -1.670008339e-02 2.272327989e-02
    endloop
  endfacet
  facet normal -4.025149941e-01 -7.094411254e-01 5.785109997e-01
    outer loop
      vertex -1.306165010e-02 -2.050000057e-02 2.096393146e-02
      vertex -1.576521993e-02 -1.670027897e-02 2.374253236e-02
      vertex -1.511301100e-02 -2.050000057e-02 1.953664050e-02
    endloop
  endfacet
  facet normal -4.015485048e-01 -7.096860409e-01 5.788821578e-01
    outer loop
      vertex -1.511301100e-02 -2.050000057e-02 1.953664050e-02
      vertex -1.576521993e-02 -1.670027897e-02 2.374253236e-02
      vertex -1.671076193e-02 -1.670015231e-02 2.308680117e-02
    endloop
  endfacet
  facet normal -4.205575883e-01 -7.074868679e-01 5.679733157e-01
    outer loop
      vertex -1.511301100e-02 -2.050000057e-02 1.953664050e-02
      vertex -1.671076193e-02 -1.670015231e-02 2.308680117e-02
      vertex -1.720182225e-02 -1.670008339e-02 2.272327989e-02
    endloop
  endfacet
  facet normal -3.416241407e-01 -7.099146843e-01 6.158848405e-01
    outer loop
      vertex -1.087368280e-02 -2.050000057e-02 2.217757143e-02
      vertex -1.356811449e-02 -1.670010388e-02 2.506304532e-02
      vertex -1.306165010e-02 -2.050000057e-02 2.096393146e-02
    endloop
  endfacet
  facet normal -3.559662104e-01 -7.068491578e-01 6.112710238e-01
    outer loop
      vertex -1.306165010e-02 -2.050000057e-02 2.096393146e-02
      vertex -1.356811449e-02 -1.670010388e-02 2.506304532e-02
      vertex -1.510715857e-02 -1.670029387e-02 2.416658215e-02
    endloop
  endfacet
  facet normal -3.830098510e-01 -7.071443200e-01 5.943486691e-01
    outer loop
      vertex -1.306165010e-02 -2.050000057e-02 2.096393146e-02
      vertex -1.510715857e-02 -1.670029387e-02 2.416658215e-02
      vertex -1.576521993e-02 -1.670027897e-02 2.374253236e-02
    endloop
  endfacet
  facet normal -2.548911870e-01 -7.073462009e-01 6.593116522e-01
    outer loop
      vertex -1.017922536e-02 -1.670017093e-02 2.662016824e-02
      vertex -1.036777720e-02 -1.670014672e-02 2.654729970e-02
      vertex -8.572917432e-03 -2.050000057e-02 2.316450141e-02
    endloop
  endfacet
  facet normal -2.769310176e-01 -7.085862756e-01 6.490105987e-01
    outer loop
      vertex -8.572917432e-03 -2.050000057e-02 2.316450141e-02
      vertex -1.036777720e-02 -1.670014672e-02 2.654729970e-02
      vertex -1.198757812e-02 -1.670000143e-02 2.585629374e-02
    endloop
  endfacet
  facet normal -2.780249119e-01 -7.089534402e-01 6.481413245e-01
    outer loop
      vertex -8.572917432e-03 -2.050000057e-02 2.316450141e-02
      vertex -1.198757812e-02 -1.670000143e-02 2.585629374e-02
      vertex -1.087368280e-02 -2.050000057e-02 2.217757143e-02
    endloop
  endfacet
  facet normal -3.043665588e-01 -7.071024776e-01 6.382531524e-01
    outer loop
      vertex -1.087368280e-02 -2.050000057e-02 2.217757143e-02
      vertex -1.198757812e-02 -1.670000143e-02 2.585629374e-02
      vertex -1.254659146e-02 -1.670000888e-02 2.558970638e-02
    endloop
  endfacet
  facet normal -3.240025342e-01 -7.070519328e-01 6.285697818e-01
    outer loop
      vertex -1.087368280e-02 -2.050000057e-02 2.217757143e-02
      vertex -1.254659146e-02 -1.670000888e-02 2.558970638e-02
      vertex -1.356811449e-02 -1.670010388e-02 2.506304532e-02
    endloop
  endfacet
  facet normal -2.346863747e-01 -7.064511776e-01 6.677193046e-01
    outer loop
      vertex -1.017922536e-02 -1.670017093e-02 2.662016824e-02
      vertex -8.572917432e-03 -2.050000057e-02 2.316450141e-02
      vertex -8.710600436e-03 -1.670027897e-02 2.713623829e-02
    endloop
  endfacet
  facet normal -2.105666846e-01 -7.100163102e-01 6.719661951e-01
    outer loop
      vertex -8.710600436e-03 -1.670027897e-02 2.713623829e-02
      vertex -8.572917432e-03 -2.050000057e-02 2.316450141e-02
      vertex -6.181590259e-03 -2.050000057e-02 2.391384542e-02
    endloop
  endfacet
  facet normal -1.952542216e-01 -7.066838145e-01 6.800542474e-01
    outer loop
      vertex -8.710600436e-03 -1.670027897e-02 2.713623829e-02
      vertex -6.181590259e-03 -2.050000057e-02 2.391384542e-02
      vertex -7.017605007e-03 -1.670009643e-02 2.762251347e-02
    endloop
  endfacet
  facet normal -1.415582299e-01 -7.095765471e-01 6.902625561e-01
    outer loop
      vertex -3.731273115e-03 -2.050000057e-02 2.441635355e-02
      vertex -6.256278604e-03 -1.670001820e-02 2.780483663e-02
      vertex -6.181590259e-03 -2.050000057e-02 2.391384542e-02
    endloop
  endfacet
  facet normal -1.595768034e-01 -7.077856064e-01 6.881676912e-01
    outer loop
      vertex -6.181590259e-03 -2.050000057e-02 2.391384542e-02
      vertex -6.256278604e-03 -1.670001820e-02 2.780483663e-02
      vertex -6.624367088e-03 -1.670005172e-02 2.771944739e-02
    endloop
  endfacet
  facet normal -1.691375971e-01 -7.072067857e-01 6.864773035e-01
    outer loop
      vertex -6.181590259e-03 -2.050000057e-02 2.391384542e-02
      vertex -6.624367088e-03 -1.670005172e-02 2.771944739e-02
      vertex -7.017605007e-03 -1.670009643e-02 2.762251347e-02
    endloop
  endfacet
  facet normal -5.189293623e-02 -7.070335746e-01 7.052734494e-01
    outer loop
      vertex -1.426886884e-03 -1.670024358e-02 2.846425772e-02
      vertex -2.753246576e-03 -1.670021005e-02 2.836669981e-02
      vertex -1.236718264e-03 -2.050000057e-02 2.466901019e-02
    endloop
  endfacet
  facet normal -7.062268257e-02 -7.100055218e-01 7.006458640e-01
    outer loop
      vertex -1.236718264e-03 -2.050000057e-02 2.466901019e-02
      vertex -2.753246576e-03 -1.670021005e-02 2.836669981e-02
      vertex -2.956595272e-03 -1.670018770e-02 2.834622562e-02
    endloop
  endfacet
  facet normal -7.095420361e-02 -7.100648880e-01 7.005521655e-01
    outer loop
      vertex -1.236718264e-03 -2.050000057e-02 2.466901019e-02
      vertex -2.956595272e-03 -1.670018770e-02 2.834622562e-02
      vertex -3.731273115e-03 -2.050000057e-02 2.441635355e-02
    endloop
  endfacet
  facet normal -9.276862442e-02 -7.066018581e-01 7.015039325e-01
    outer loop
      vertex -3.731273115e-03 -2.050000057e-02 2.441635355e-02
      vertex -2.956595272e-03 -1.670018770e-02 2.834622562e-02
      vertex -4.507258534e-03 -1.670001820e-02 2.814133279e-02
    endloop
  endfacet
  facet normal -1.335118115e-01 -7.075268626e-01 6.939598918e-01
    outer loop
      vertex -3.731273115e-03 -2.050000057e-02 2.441635355e-02
      vertex -4.507258534e-03 -1.670001820e-02 2.814133279e-02
      vertex -6.256278604e-03 -1.670001820e-02 2.780483663e-02
    endloop
  endfacet
  facet normal 4.937287048e-02 -7.070711851e-01 7.054166794e-01
    outer loop
      vertex 2.521190792e-03 -1.669999398e-02 2.838826552e-02
      vertex 1.459188643e-03 -1.669996977e-02 2.846262045e-02
      vertex 1.264598104e-03 -2.050000057e-02 2.466729656e-02
    endloop
  endfacet
  facet normal 2.760217898e-02 -7.071064115e-01 7.065681815e-01
    outer loop
      vertex 1.264598104e-03 -2.050000057e-02 2.466729656e-02
      vertex 1.459188643e-03 -1.669996977e-02 2.846262045e-02
      vertex 7.626711158e-04 -1.670000702e-02 2.848979272e-02
    endloop
  endfacet
  facet normal 4.830232647e-04 -7.091593742e-01 7.050480247e-01
    outer loop
      vertex 1.264598104e-03 -2.050000057e-02 2.466729656e-02
      vertex 7.626711158e-04 -1.670000702e-02 2.848979272e-02
      vertex -1.236718264e-03 -2.050000057e-02 2.466901019e-02
    endloop
  endfacet
  facet normal -2.811578568e-03 -7.082942724e-01 7.059116960e-01
    outer loop
      vertex -1.236718264e-03 -2.050000057e-02 2.466901019e-02
      vertex 7.626711158e-04 -1.670000702e-02 2.848979272e-02
      vertex -9.960309835e-04 -1.670020446e-02 2.848258987e-02
    endloop
  endfacet
  facet normal -2.999430336e-02 -7.071199417e-01 7.064571977e-01
    outer loop
      vertex -1.236718264e-03 -2.050000057e-02 2.466901019e-02
      vertex -9.960309835e-04 -1.670020446e-02 2.848258987e-02
      vertex -1.426886884e-03 -1.670024358e-02 2.846425772e-02
    endloop
  endfacet
  facet normal 7.187665999e-02 -7.098603249e-01 7.006654143e-01
    outer loop
      vertex 2.521190792e-03 -1.669999398e-02 2.838826552e-02
      vertex 1.264598104e-03 -2.050000057e-02 2.466729656e-02
      vertex 3.299951553e-03 -1.670006290e-02 2.830830775e-02
    endloop
  endfacet
  facet normal 7.161927223e-02 -7.098032236e-01 7.007496953e-01
    outer loop
      vertex 3.299951553e-03 -1.670006290e-02 2.830830775e-02
      vertex 1.264598104e-03 -2.050000057e-02 2.466729656e-02
      vertex 3.755748272e-03 -2.050000057e-02 2.441269159e-02
    endloop
  endfacet
  facet normal 9.632665664e-02 -7.068571448e-01 7.007668018e-01
    outer loop
      vertex 3.299951553e-03 -1.670006290e-02 2.830830775e-02
      vertex 3.755748272e-03 -2.050000057e-02 2.441269159e-02
      vertex 4.466768354e-03 -1.670019142e-02 2.814778872e-02
    endloop
  endfacet
  facet normal 1.181240156e-01 -7.072539926e-01 6.970211267e-01
    outer loop
      vertex 4.466768354e-03 -1.670019142e-02 2.814778872e-02
      vertex 3.755748272e-03 -2.050000057e-02 2.441269159e-02
      vertex 5.059763789e-03 -1.670022495e-02 2.804725990e-02
    endloop
  endfacet
  facet normal 1.423801035e-01 -7.092615366e-01 6.904172897e-01
    outer loop
      vertex 5.059763789e-03 -1.670022495e-02 2.804725990e-02
      vertex 3.755748272e-03 -2.050000057e-02 2.441269159e-02
      vertex 6.209980696e-03 -2.050000057e-02 2.390657179e-02
    endloop
  endfacet
  facet normal 1.468917280e-01 -7.081307173e-01 6.906328201e-01
    outer loop
      vertex 5.059763789e-03 -1.670022495e-02 2.804725990e-02
      vertex 6.209980696e-03 -2.050000057e-02 2.390657179e-02
      vertex 6.788492203e-03 -1.670009084e-02 2.767971158e-02
    endloop
  endfacet
  facet normal 2.489014864e-01 -7.071033716e-01 6.618556380e-01
    outer loop
      vertex 1.014769077e-02 -1.670002565e-02 2.663220465e-02
      vertex 9.918905795e-03 -1.670001075e-02 2.671825886e-02
      vertex 8.596334606e-03 -2.050000057e-02 2.315585688e-02
    endloop
  endfacet
  facet normal 2.284082919e-01 -7.069811225e-01 6.693334579e-01
    outer loop
      vertex 8.596334606e-03 -2.050000057e-02 2.315585688e-02
      vertex 9.918905795e-03 -1.670001075e-02 2.671825886e-02
      vertex 8.484940976e-03 -1.669996604e-02 2.720764279e-02
    endloop
  endfacet
  facet normal 2.113141418e-01 -7.100270391e-01 6.717201471e-01
    outer loop
      vertex 8.596334606e-03 -2.050000057e-02 2.315585688e-02
      vertex 8.484940976e-03 -1.669996604e-02 2.720764279e-02
      vertex 6.209980696e-03 -2.050000057e-02 2.390657179e-02
    endloop
  endfacet
  facet normal 2.051703036e-01 -7.089686990e-01 6.747359037e-01
    outer loop
      vertex 6.209980696e-03 -2.050000057e-02 2.390657179e-02
      vertex 8.484940976e-03 -1.669996604e-02 2.720764279e-02
      vertex 8.095815778e-03 -1.669997722e-02 2.732595429e-02
    endloop
  endfacet
  facet normal 1.849178523e-01 -7.064839602e-01 6.831440926e-01
    outer loop
      vertex 6.209980696e-03 -2.050000057e-02 2.390657179e-02
      vertex 8.095815778e-03 -1.669997722e-02 2.732595429e-02
      vertex 6.788492203e-03 -1.670009084e-02 2.767971158e-02
    endloop
  endfacet
  facet normal 2.718830109e-01 -7.076323032e-01 6.521779895e-01
    outer loop
      vertex 1.014769077e-02 -1.670002565e-02 2.663220465e-02
      vertex 8.596334606e-03 -2.050000057e-02 2.315585688e-02
      vertex 1.177510247e-02 -1.670004055e-02 2.595374547e-02
    endloop
  endfacet
  facet normal 2.724084258e-01 -7.077868581e-01 6.517909765e-01
    outer loop
      vertex 1.177510247e-02 -1.670004055e-02 2.595374547e-02
      vertex 8.596334606e-03 -2.050000057e-02 2.315585688e-02
      vertex 1.043866947e-02 -2.050001919e-02 2.238585427e-02
    endloop
  endfacet
  facet normal 2.954600155e-01 -7.071011066e-01 6.424261928e-01
    outer loop
      vertex 1.177510247e-02 -1.670004055e-02 2.595374547e-02
      vertex 1.043866947e-02 -2.050001919e-02 2.238585427e-02
      vertex 1.204463094e-02 -1.670003496e-02 2.582979202e-02
    endloop
  endfacet
  facet normal 2.787415087e-01 -7.069364190e-01 -6.500338912e-01
    outer loop
      vertex 1.204462722e-02 -1.670002751e-02 -2.582975850e-02
      vertex 1.043871790e-02 -2.049999498e-02 -2.238578163e-02
      vertex 1.040767878e-02 -1.670004241e-02 -2.653168328e-02
    endloop
  endfacet
  facet normal 2.722188234e-01 -7.083387375e-01 -6.512703896e-01
    outer loop
      vertex 1.040767878e-02 -1.670004241e-02 -2.653168328e-02
      vertex 1.043871790e-02 -2.049999498e-02 -2.238578163e-02
      vertex 8.596353233e-03 -2.050000057e-02 -2.315584943e-02
    endloop
  endfacet
  facet normal 2.113308609e-01 -7.099711299e-01 -6.717739701e-01
    outer loop
      vertex 6.209973246e-03 -2.050000057e-02 -2.390657179e-02
      vertex 8.742138743e-03 -1.669996418e-02 -2.712609433e-02
      vertex 8.596353233e-03 -2.050000057e-02 -2.315584943e-02
    endloop
  endfacet
  facet normal 2.315551341e-01 -7.070217729e-01 -6.682084203e-01
    outer loop
      vertex 8.596353233e-03 -2.050000057e-02 -2.315584943e-02
      vertex 8.742138743e-03 -1.669996418e-02 -2.712609433e-02
      vertex 9.918872267e-03 -1.670001075e-02 -2.671827003e-02
    endloop
  endfacet
  facet normal 2.521342933e-01 -7.070917487e-01 -6.606432796e-01
    outer loop
      vertex 8.596353233e-03 -2.050000057e-02 -2.315584943e-02
      vertex 9.918872267e-03 -1.670001075e-02 -2.671827003e-02
      vertex 1.040767878e-02 -1.670004241e-02 -2.653168328e-02
    endloop
  endfacet
  facet normal 1.167296693e-01 -7.071015239e-01 -6.974106431e-01
    outer loop
      vertex 4.333484918e-03 -1.670017652e-02 -2.816861495e-02
      vertex 5.078580230e-03 -1.670022123e-02 -2.804385871e-02
      vertex 3.755725920e-03 -2.050000057e-02 -2.441269346e-02
    endloop
  endfacet
  facet normal 1.289737970e-01 -7.082154751e-01 -6.941156983e-01
    outer loop
      vertex 3.755725920e-03 -2.050000057e-02 -2.441269346e-02
      vertex 5.078580230e-03 -1.670022123e-02 -2.804385871e-02
      vertex 5.333442241e-03 -1.670021750e-02 -2.799650654e-02
    endloop
  endfacet
  facet normal 1.422755867e-01 -7.097738385e-01 -6.899121404e-01
    outer loop
      vertex 3.755725920e-03 -2.050000057e-02 -2.441269346e-02
      vertex 5.333442241e-03 -1.670021750e-02 -2.799650654e-02
      vertex 6.209973246e-03 -2.050000057e-02 -2.390657179e-02
    endloop
  endfacet
  facet normal 1.537230164e-01 -7.072641253e-01 -6.900337934e-01
    outer loop
      vertex 6.209973246e-03 -2.050000057e-02 -2.390657179e-02
      vertex 5.333442241e-03 -1.670021750e-02 -2.799650654e-02
      vertex 7.050111890e-03 -1.670006104e-02 -2.761423402e-02
    endloop
  endfacet
  facet normal 1.961610466e-01 -7.066695094e-01 -6.798081398e-01
    outer loop
      vertex 6.209973246e-03 -2.050000057e-02 -2.390657179e-02
      vertex 7.050111890e-03 -1.670006104e-02 -2.761423402e-02
      vertex 8.742138743e-03 -1.669996418e-02 -2.712609433e-02
    endloop
  endfacet
  facet normal 2.865970135e-02 -7.072429657e-01 -7.063894272e-01
    outer loop
      vertex 1.038856688e-03 -1.669998839e-02 -2.848106064e-02
      vertex 1.269001397e-03 -1.669997722e-02 -2.847173437e-02
      vertex 1.264590654e-03 -2.050000057e-02 -2.466729842e-02
    endloop
  endfacet
  facet normal 5.070929229e-02 -7.066361308e-01 -7.057577372e-01
    outer loop
      vertex 1.264590654e-03 -2.050000057e-02 -2.466729842e-02
      vertex 1.269001397e-03 -1.669997722e-02 -2.847173437e-02
      vertex 2.815872431e-03 -1.670001633e-02 -2.836055122e-02
    endloop
  endfacet
  facet normal 7.159418613e-02 -7.100520730e-01 -7.005000710e-01
    outer loop
      vertex 1.264590654e-03 -2.050000057e-02 -2.466729842e-02
      vertex 2.815872431e-03 -1.670001633e-02 -2.836055122e-02
      vertex 3.755725920e-03 -2.050000057e-02 -2.441269346e-02
    endloop
  endfacet
  facet normal 7.927138358e-02 -7.087081075e-01 -7.010341287e-01
    outer loop
      vertex 3.755725920e-03 -2.050000057e-02 -2.441269346e-02
      vertex 2.815872431e-03 -1.670001633e-02 -2.836055122e-02
      vertex 3.593750298e-03 -1.670009457e-02 -2.827251144e-02
    endloop
  endfacet
  facet normal 9.827247262e-02 -7.071015239e-01 -7.002499104e-01
    outer loop
      vertex 3.755725920e-03 -2.050000057e-02 -2.441269346e-02
      vertex 3.593750298e-03 -1.670009457e-02 -2.827251144e-02
      vertex 4.333484918e-03 -1.670017652e-02 -2.816861495e-02
    endloop
  endfacet
  facet normal 3.906165250e-03 -7.082616091e-01 -7.059392333e-01
    outer loop
      vertex 1.038856688e-03 -1.669998839e-02 -2.848106064e-02
      vertex 1.264590654e-03 -2.050000057e-02 -2.466729842e-02
      vertex -7.295460673e-04 -1.670017280e-02 -2.849066071e-02
    endloop
  endfacet
  facet normal 4.824982025e-04 -7.091605067e-01 -7.050469518e-01
    outer loop
      vertex -7.295460673e-04 -1.670017280e-02 -2.849066071e-02
      vertex 1.264590654e-03 -2.050000057e-02 -2.466729842e-02
      vertex -1.236721990e-03 -2.050000057e-02 -2.466901019e-02
    endloop
  endfacet
  facet normal -2.668590099e-02 -7.071030140e-01 -7.066068053e-01
    outer loop
      vertex -7.295460673e-04 -1.670017280e-02 -2.849066071e-02
      vertex -1.236721990e-03 -2.050000057e-02 -2.466901019e-02
      vertex -1.426983741e-03 -1.670023985e-02 -2.846425399e-02
    endloop
  endfacet
  facet normal -4.858247191e-02 -7.070683837e-01 -7.054743767e-01
    outer loop
      vertex -1.426983741e-03 -1.670023985e-02 -2.846425399e-02
      vertex -1.236721990e-03 -2.050000057e-02 -2.466901019e-02
      vertex -2.487771213e-03 -1.670022868e-02 -2.839121409e-02
    endloop
  endfacet
  facet normal -7.097772509e-02 -7.098405361e-01 -7.007771134e-01
    outer loop
      vertex -2.487771213e-03 -1.670022868e-02 -2.839121409e-02
      vertex -1.236721990e-03 -2.050000057e-02 -2.466901019e-02
      vertex -3.731269389e-03 -2.050000057e-02 -2.441635169e-02
    endloop
  endfacet
  facet normal -8.349929750e-02 -7.071467042e-01 -7.021192312e-01
    outer loop
      vertex -2.487771213e-03 -1.670022868e-02 -2.839121409e-02
      vertex -3.731269389e-03 -2.050000057e-02 -2.441635169e-02
      vertex -4.234202206e-03 -1.670004055e-02 -2.818370983e-02
    endloop
  endfacet
  facet normal -1.266858429e-01 -7.067866921e-01 -6.959908605e-01
    outer loop
      vertex -4.234202206e-03 -1.670004055e-02 -2.818370983e-02
      vertex -3.731269389e-03 -2.050000057e-02 -2.441635169e-02
      vertex -5.967184901e-03 -1.669999957e-02 -2.786830999e-02
    endloop
  endfacet
  facet normal -1.414834857e-01 -7.099525928e-01 -6.898910999e-01
    outer loop
      vertex -5.967184901e-03 -1.669999957e-02 -2.786830999e-02
      vertex -3.731269389e-03 -2.050000057e-02 -2.441635169e-02
      vertex -6.181679666e-03 -2.050000057e-02 -2.391381934e-02
    endloop
  endfacet
  facet normal -1.524551958e-01 -7.084779739e-01 -6.890692115e-01
    outer loop
      vertex -5.967184901e-03 -1.669999957e-02 -2.786830999e-02
      vertex -6.181679666e-03 -2.050000057e-02 -2.391381934e-02
      vertex -6.349690259e-03 -1.670002565e-02 -2.778365463e-02
    endloop
  endfacet
  facet normal -2.105524987e-01 -7.100676894e-01 -6.719163060e-01
    outer loop
      vertex -8.572984487e-03 -2.050000057e-02 -2.316447720e-02
      vertex -8.447084576e-03 -1.670026034e-02 -2.721941844e-02
      vertex -6.181679666e-03 -2.050000057e-02 -2.391381934e-02
    endloop
  endfacet
  facet normal -1.885522008e-01 -7.061523795e-01 -6.824930906e-01
    outer loop
      vertex -6.181679666e-03 -2.050000057e-02 -2.391381934e-02
      vertex -8.447084576e-03 -1.670026034e-02 -2.721941844e-02
      vertex -6.730355322e-03 -1.670006290e-02 -2.769390307e-02
    endloop
  endfacet
  facet normal -1.620924920e-01 -7.075909376e-01 -6.877798438e-01
    outer loop
      vertex -6.181679666e-03 -2.050000057e-02 -2.391381934e-02
      vertex -6.730355322e-03 -1.670006290e-02 -2.769390307e-02
      vertex -6.349690259e-03 -1.670002565e-02 -2.778365463e-02
    endloop
  endfacet
  facet normal -2.499127388e-01 -7.071743608e-01 -6.613985896e-01
    outer loop
      vertex -1.011897996e-02 -1.670017652e-02 -2.664312720e-02
      vertex -1.002096385e-02 -1.670018956e-02 -2.668014914e-02
      vertex -8.572984487e-03 -2.050000057e-02 -2.316447720e-02
    endloop
  endfacet
  facet normal -2.470808327e-01 -7.071263194e-01 -6.625130177e-01
    outer loop
      vertex -8.572984487e-03 -2.050000057e-02 -2.316447720e-02
      vertex -1.002096385e-02 -1.670018956e-02 -2.668014914e-02
      vertex -9.891845286e-03 -1.670020446e-02 -2.672828734e-02
    endloop
  endfacet
  facet normal -2.276417315e-01 -7.070011497e-01 -6.695734262e-01
    outer loop
      vertex -8.572984487e-03 -2.050000057e-02 -2.316447720e-02
      vertex -9.891845286e-03 -1.670020446e-02 -2.672828734e-02
      vertex -8.447084576e-03 -1.670026034e-02 -2.721941844e-02
    endloop
  endfacet
  facet normal -2.712182105e-01 -7.076436281e-01 -6.524425149e-01
    outer loop
      vertex -1.011897996e-02 -1.670017652e-02 -2.664312720e-02
      vertex -8.572984487e-03 -2.050000057e-02 -2.316447720e-02
      vertex -1.174517348e-02 -1.670001075e-02 -2.596730366e-02
    endloop
  endfacet
  facet normal -2.777873278e-01 -7.095491290e-01 -6.475911140e-01
    outer loop
      vertex -1.174517348e-02 -1.670001075e-02 -2.596730366e-02
      vertex -8.572984487e-03 -2.050000057e-02 -2.316447720e-02
      vertex -1.087367162e-02 -2.050000057e-02 -2.217758633e-02
    endloop
  endfacet
  facet normal -3.013974726e-01 -7.070798278e-01 -6.396856308e-01
    outer loop
      vertex -1.174517348e-02 -1.670001075e-02 -2.596730366e-02
      vertex -1.087367162e-02 -2.050000057e-02 -2.217758633e-02
      vertex -1.254661754e-02 -1.670000888e-02 -2.558969334e-02
    endloop
  endfacet
  facet normal -3.416599035e-01 -7.098453641e-01 -6.159448624e-01
    outer loop
      vertex -1.306161657e-02 -2.050000057e-02 -2.096395008e-02
      vertex -1.351092383e-02 -1.670009457e-02 -2.509392239e-02
      vertex -1.087367162e-02 -2.050000057e-02 -2.217758633e-02
    endloop
  endfacet
  facet normal -3.322019577e-01 -7.084534764e-01 -6.226841211e-01
    outer loop
      vertex -1.087367162e-02 -2.050000057e-02 -2.217758633e-02
      vertex -1.351092383e-02 -1.670009457e-02 -2.509392239e-02
      vertex -1.332447305e-02 -1.670007221e-02 -2.519341931e-02
    endloop
  endfacet
  facet normal -3.209449649e-01 -7.070814371e-01 -6.301033497e-01
    outer loop
      vertex -1.087367162e-02 -2.050000057e-02 -2.217758633e-02
      vertex -1.332447305e-02 -1.670007221e-02 -2.519341931e-02
      vertex -1.254661754e-02 -1.670000888e-02 -2.558969334e-02
    endloop
  endfacet
  facet normal -4.181724787e-01 -7.078119516e-01 -5.693276525e-01
    outer loop
      vertex -1.698068902e-02 -1.670011319e-02 -2.288899571e-02
      vertex -1.675643399e-02 -1.670014486e-02 -2.305367216e-02
      vertex -1.511304826e-02 -2.050000057e-02 -1.953660324e-02
    endloop
  endfacet
  facet normal -3.990264237e-01 -7.098271251e-01 -5.804510117e-01
    outer loop
      vertex -1.511304826e-02 -2.050000057e-02 -1.953660324e-02
      vertex -1.675643399e-02 -1.670014486e-02 -2.305367216e-02
      vertex -1.551779360e-02 -1.670029573e-02 -2.390498109e-02
    endloop
  endfacet
  facet normal -4.029372931e-01 -7.087079883e-01 -5.791152716e-01
    outer loop
      vertex -1.511304826e-02 -2.050000057e-02 -1.953660324e-02
      vertex -1.551779360e-02 -1.670029573e-02 -2.390498109e-02
      vertex -1.306161657e-02 -2.050000057e-02 -2.096395008e-02
    endloop
  endfacet
  facet normal -3.769190013e-01 -7.069041133e-01 -5.985136628e-01
    outer loop
      vertex -1.306161657e-02 -2.050000057e-02 -2.096395008e-02
      vertex -1.551779360e-02 -1.670029573e-02 -2.390498109e-02
      vertex -1.485536620e-02 -1.670027524e-02 -2.432217449e-02
    endloop
  endfacet
  facet normal -3.516855538e-01 -7.076432705e-01 -6.128280759e-01
    outer loop
      vertex -1.306161657e-02 -2.050000057e-02 -2.096395008e-02
      vertex -1.485536620e-02 -1.670027524e-02 -2.432217449e-02
      vertex -1.351092383e-02 -1.670009457e-02 -2.509392239e-02
    endloop
  endfacet
  facet normal -4.585367441e-01 -7.099463344e-01 -5.345280766e-01
    outer loop
      vertex -1.701187715e-02 -2.050000057e-02 -1.790772192e-02
      vertex -1.836758479e-02 -1.670002006e-02 -2.179178409e-02
      vertex -1.511304826e-02 -2.050000057e-02 -1.953660324e-02
    endloop
  endfacet
  facet normal -4.443351626e-01 -7.070468068e-01 -5.501373410e-01
    outer loop
      vertex -1.511304826e-02 -2.050000057e-02 -1.953660324e-02
      vertex -1.836758479e-02 -1.670002006e-02 -2.179178409e-02
      vertex -1.743818447e-02 -1.670005731e-02 -2.254239470e-02
    endloop
  endfacet
  facet normal -4.270570278e-01 -7.071072459e-01 -5.635792613e-01
    outer loop
      vertex -1.511304826e-02 -2.050000057e-02 -1.953660324e-02
      vertex -1.743818447e-02 -1.670005731e-02 -2.254239470e-02
      vertex -1.698068902e-02 -1.670011319e-02 -2.288899571e-02
    endloop
  endfacet
  facet normal -5.104151368e-01 -7.098463178e-01 -4.853809178e-01
    outer loop
      vertex -1.873929426e-02 -2.050000057e-02 -1.609121077e-02
      vertex -2.091251686e-02 -1.670031250e-02 -1.936276257e-02
      vertex -1.701187715e-02 -2.050000057e-02 -1.790772192e-02
    endloop
  endfacet
  facet normal -5.037295818e-01 -7.071298361e-01 -4.962095320e-01
    outer loop
      vertex -1.701187715e-02 -2.050000057e-02 -1.790772192e-02
      vertex -2.091251686e-02 -1.670031250e-02 -1.936276257e-02
      vertex -1.967840269e-02 -1.670017280e-02 -2.061577886e-02
    endloop
  endfacet
  facet normal -4.723682702e-01 -7.067881823e-01 -5.266105533e-01
    outer loop
      vertex -1.701187715e-02 -2.050000057e-02 -1.790772192e-02
      vertex -1.967840269e-02 -1.670017280e-02 -2.061577886e-02
      vertex -1.836758479e-02 -1.670002006e-02 -2.179178409e-02
    endloop
  endfacet
  facet normal -5.546005368e-01 -7.092781067e-01 -4.351353943e-01
    outer loop
      vertex -2.228470519e-02 -1.670010388e-02 -1.776631363e-02
      vertex -1.873929426e-02 -2.050000057e-02 -1.609121077e-02
      vertex -2.255572006e-02 -1.670006663e-02 -1.742095314e-02
    endloop
  endfacet
  facet normal -5.567926168e-01 -7.100517750e-01 -4.310550392e-01
    outer loop
      vertex -2.255572006e-02 -1.670006663e-02 -1.742095314e-02
      vertex -1.873929426e-02 -2.050000057e-02 -1.609121077e-02
      vertex -2.027125284e-02 -2.050000057e-02 -1.411238406e-02
    endloop
  endfacet
  facet normal -5.494741797e-01 -7.081425786e-01 -4.434097409e-01
    outer loop
      vertex -2.228470519e-02 -1.670010388e-02 -1.776631363e-02
      vertex -2.206872776e-02 -1.670014113e-02 -1.803389378e-02
      vertex -1.873929426e-02 -2.050000057e-02 -1.609121077e-02
    endloop
  endfacet
  facet normal -5.420985818e-01 -7.071039677e-01 -4.540188313e-01
    outer loop
      vertex -1.873929426e-02 -2.050000057e-02 -1.609121077e-02
      vertex -2.206872776e-02 -1.670014113e-02 -1.803389378e-02
      vertex -2.162234113e-02 -1.670022309e-02 -1.856675185e-02
    endloop
  endfacet
  facet normal -5.278212428e-01 -7.070692182e-01 -4.705930352e-01
    outer loop
      vertex -1.873929426e-02 -2.050000057e-02 -1.609121077e-02
      vertex -2.162234113e-02 -1.670022309e-02 -1.856675185e-02
      vertex -2.091251686e-02 -1.670031250e-02 -1.936276257e-02
    endloop
  endfacet
  facet normal -6.136450171e-01 -7.070944309e-01 -3.513649404e-01
    outer loop
      vertex -2.491762862e-02 -1.670032553e-02 -1.383336075e-02
      vertex -2.454538271e-02 -1.670027152e-02 -1.448358223e-02
      vertex -2.159537748e-02 -2.050000057e-02 -1.198899280e-02
    endloop
  endfacet
  facet normal -6.071513295e-01 -7.080788016e-01 -3.605435789e-01
    outer loop
      vertex -2.159537748e-02 -2.050000057e-02 -1.198899280e-02
      vertex -2.454538271e-02 -1.670027152e-02 -1.448358223e-02
      vertex -2.446744218e-02 -1.670025475e-02 -1.461486612e-02
    endloop
  endfacet
  facet normal -5.978968740e-01 -7.095829844e-01 -3.728422523e-01
    outer loop
      vertex -2.159537748e-02 -2.050000057e-02 -1.198899280e-02
      vertex -2.446744218e-02 -1.670025475e-02 -1.461486612e-02
      vertex -2.027125284e-02 -2.050000057e-02 -1.411238406e-02
    endloop
  endfacet
  facet normal -5.957166553e-01 -7.080219984e-01 -3.792446852e-01
    outer loop
      vertex -2.027125284e-02 -2.050000057e-02 -1.411238406e-02
      vertex -2.446744218e-02 -1.670025475e-02 -1.461486612e-02
      vertex -2.359985188e-02 -1.670007408e-02 -1.597801223e-02
    endloop
  endfacet
  facet normal -5.735801458e-01 -7.062123418e-01 -4.150541127e-01
    outer loop
      vertex -2.027125284e-02 -2.050000057e-02 -1.411238406e-02
      vertex -2.359985188e-02 -1.670007408e-02 -1.597801223e-02
      vertex -2.255572006e-02 -1.670006663e-02 -1.742095314e-02
    endloop
  endfacet
  facet normal -6.242703795e-01 -7.070693374e-01 -3.321738541e-01
    outer loop
      vertex -2.491762862e-02 -1.670032553e-02 -1.383336075e-02
      vertex -2.159537748e-02 -2.050000057e-02 -1.198899280e-02
      vertex -2.539305016e-02 -1.670027710e-02 -1.293998118e-02
    endloop
  endfacet
  facet normal -6.324656010e-01 -7.097613811e-01 -3.102031946e-01
    outer loop
      vertex -2.539305016e-02 -1.670027710e-02 -1.293998118e-02
      vertex -2.159537748e-02 -2.050000057e-02 -1.198899280e-02
      vertex -2.269779518e-02 -2.050000057e-02 -9.741300717e-03
    endloop
  endfacet
  facet normal -6.395055056e-01 -7.072761059e-01 -3.013190329e-01
    outer loop
      vertex -2.539305016e-02 -1.670027710e-02 -1.293998118e-02
      vertex -2.269779518e-02 -2.050000057e-02 -9.741300717e-03
      vertex -2.614283934e-02 -1.670009084e-02 -1.134910062e-02
    endloop
  endfacet
  facet normal -6.773046851e-01 -7.063586712e-01 -2.057081610e-01
    outer loop
      vertex -2.747337148e-02 -1.670031250e-02 -7.580498699e-03
      vertex -2.705065534e-02 -1.670015790e-02 -8.972844109e-03
      vertex -2.356696501e-02 -2.050000057e-02 -7.395210676e-03
    endloop
  endfacet
  facet normal -6.672540307e-01 -7.079017758e-01 -2.316183895e-01
    outer loop
      vertex -2.356696501e-02 -2.050000057e-02 -7.395210676e-03
      vertex -2.705065534e-02 -1.670015790e-02 -8.972844109e-03
      vertex -2.679400519e-02 -1.670008525e-02 -9.712432511e-03
    endloop
  endfacet
  facet normal -6.603544354e-01 -7.099863291e-01 -2.446454167e-01
    outer loop
      vertex -2.356696501e-02 -2.050000057e-02 -7.395210676e-03
      vertex -2.679400519e-02 -1.670008525e-02 -9.712432511e-03
      vertex -2.269779518e-02 -2.050000057e-02 -9.741300717e-03
    endloop
  endfacet
  facet normal -6.577745080e-01 -7.070922256e-01 -2.595251203e-01
    outer loop
      vertex -2.269779518e-02 -2.050000057e-02 -9.741300717e-03
      vertex -2.679400519e-02 -1.670008525e-02 -9.712432511e-03
      vertex -2.620748803e-02 -1.670007966e-02 -1.119899377e-02
    endloop
  endfacet
  facet normal -6.494437456e-01 -7.071189284e-01 -2.796526849e-01
    outer loop
      vertex -2.269779518e-02 -2.050000057e-02 -9.741300717e-03
      vertex -2.620748803e-02 -1.670007966e-02 -1.119899377e-02
      vertex -2.614283934e-02 -1.670009084e-02 -1.134910062e-02
    endloop
  endfacet
  facet normal -6.808851957e-01 -7.089683414e-01 -1.837369651e-01
    outer loop
      vertex -2.747337148e-02 -1.670031250e-02 -7.580498699e-03
      vertex -2.356696501e-02 -2.050000057e-02 -7.395210676e-03
      vertex -2.755779400e-02 -1.670032740e-02 -7.267591543e-03
    endloop
  endfacet
  facet normal -6.816810369e-01 -7.100482583e-01 -1.764722466e-01
    outer loop
      vertex -2.755779400e-02 -1.670032740e-02 -7.267591543e-03
      vertex -2.356696501e-02 -2.050000057e-02 -7.395210676e-03
      vertex -2.419514582e-02 -2.050000057e-02 -4.968659487e-03
    endloop
  endfacet
  facet normal -6.885796785e-01 -7.069883347e-01 -1.613242626e-01
    outer loop
      vertex -2.755779400e-02 -1.670032740e-02 -7.267591543e-03
      vertex -2.419514582e-02 -2.050000057e-02 -4.968659487e-03
      vertex -2.791740373e-02 -1.670022495e-02 -5.733119790e-03
    endloop
  endfacet
  facet normal -6.964688301e-01 -7.096293569e-01 -1.065709218e-01
    outer loop
      vertex -2.457347140e-02 -2.050000057e-02 -2.496202942e-03
      vertex -2.824438736e-02 -1.670008712e-02 -3.808488138e-03
      vertex -2.419514582e-02 -2.050000057e-02 -4.968659487e-03
    endloop
  endfacet
  facet normal -6.971502304e-01 -7.074803114e-01 -1.159876958e-01
    outer loop
      vertex -2.419514582e-02 -2.050000057e-02 -4.968659487e-03
      vertex -2.824438736e-02 -1.670008712e-02 -3.808488138e-03
      vertex -2.795527503e-02 -1.670020446e-02 -5.545497406e-03
    endloop
  endfacet
  facet normal -6.931291223e-01 -7.071206570e-01 -1.398298740e-01
    outer loop
      vertex -2.419514582e-02 -2.050000057e-02 -4.968659487e-03
      vertex -2.795527503e-02 -1.670020446e-02 -5.545497406e-03
      vertex -2.791740373e-02 -1.670022495e-02 -5.733119790e-03
    endloop
  endfacet
  facet normal -7.071020603e-01 -7.071023583e-01 -3.596053692e-03
    outer loop
      vertex -2.850000188e-02 -1.670013927e-02 4.857225733e-17
      vertex -2.849845216e-02 -1.670018025e-02 -2.966682368e-04
      vertex -2.470013872e-02 -2.050000057e-02 -6.688801957e-09
    endloop
  endfacet
  facet normal -7.058041096e-01 -7.078046203e-01 -2.920944430e-02
    outer loop
      vertex -2.470013872e-02 -2.050000057e-02 -6.688801957e-09
      vertex -2.849845216e-02 -1.670018025e-02 -2.966682368e-04
      vertex -2.842557058e-02 -1.670015603e-02 -2.058333252e-03
    endloop
  endfacet
  facet normal -7.038683295e-01 -7.094319463e-01 -3.571718931e-02
    outer loop
      vertex -2.470013872e-02 -2.050000057e-02 -6.688801957e-09
      vertex -2.842557058e-02 -1.670015603e-02 -2.058333252e-03
      vertex -2.457347140e-02 -2.050000057e-02 -2.496202942e-03
    endloop
  endfacet
  facet normal -7.044640183e-01 -7.070864439e-01 -6.131227314e-02
    outer loop
      vertex -2.457347140e-02 -2.050000057e-02 -2.496202942e-03
      vertex -2.842557058e-02 -1.670015603e-02 -2.058333252e-03
      vertex -2.835408971e-02 -1.670010574e-02 -2.880212152e-03
    endloop
  endfacet
  facet normal -7.022495866e-01 -7.070754170e-01 -8.300505579e-02
    outer loop
      vertex -2.457347140e-02 -2.050000057e-02 -2.496202942e-03
      vertex -2.835408971e-02 -1.670010574e-02 -2.880212152e-03
      vertex -2.824438736e-02 -1.670008712e-02 -3.808488138e-03
    endloop
  endfacet
  facet normal 4.158662856e-01 5.864793025e-07 9.094257951e-01
    outer loop
      vertex 1.422720030e-02 1.870110072e-02 2.483171411e-02
      vertex 1.204464212e-02 1.870001294e-02 2.582976408e-02
      vertex 1.204463094e-02 -1.670003496e-02 2.582979202e-02
    endloop
  endfacet
  facet normal 4.205002785e-01 -3.452594974e-04 9.072923660e-01
    outer loop
      vertex 1.204463094e-02 -1.670003496e-02 2.582979202e-02
      vertex 1.364505664e-02 -1.670859195e-02 2.508804388e-02
      vertex 1.422720030e-02 1.870110072e-02 2.483171411e-02
    endloop
  endfacet
  facet normal 4.136304855e-01 -2.094977826e-04 9.104447961e-01
    outer loop
      vertex 1.422720030e-02 1.870110072e-02 2.483171411e-02
      vertex 1.364505664e-02 -1.670859195e-02 2.508804388e-02
      vertex 1.521740668e-02 -1.673955657e-02 2.437369153e-02
    endloop
  endfacet
  facet normal 3.991256654e-01 -6.981324404e-04 9.168959856e-01
    outer loop
      vertex 1.422720030e-02 1.870110072e-02 2.483171411e-02
      vertex 1.521740668e-02 -1.673955657e-02 2.437369153e-02
      vertex 1.631388441e-02 1.870827004e-02 2.392338403e-02
    endloop
  endfacet
  facet normal 3.975519538e-01 -6.407716428e-04 9.175794125e-01
    outer loop
      vertex 1.631388441e-02 1.870827004e-02 2.392338403e-02
      vertex 1.521740668e-02 -1.673955657e-02 2.437369153e-02
      vertex 1.749727130e-02 -1.684573293e-02 2.338583954e-02
    endloop
  endfacet
  facet normal 3.324701190e-01 1.398263557e-04 9.431138039e-01
    outer loop
      vertex 2.023307048e-02 1.877905987e-02 2.240210399e-02
      vertex 1.979187876e-02 1.876475476e-02 2.255763672e-02
      vertex 1.772792637e-02 -1.686187461e-02 2.329051122e-02
    endloop
  endfacet
  facet normal 3.503763378e-01 -1.031352789e-03 9.366084337e-01
    outer loop
      vertex 1.772792637e-02 -1.686187461e-02 2.329051122e-02
      vertex 1.979187876e-02 1.876475476e-02 2.255763672e-02
      vertex 1.831250824e-02 1.873044856e-02 2.311101742e-02
    endloop
  endfacet
  facet normal 3.818610013e-01 -1.610952662e-03 9.242183566e-01
    outer loop
      vertex 1.772792637e-02 -1.686187461e-02 2.329051122e-02
      vertex 1.831250824e-02 1.873044856e-02 2.311101742e-02
      vertex 1.749727130e-02 -1.684573293e-02 2.338583954e-02
    endloop
  endfacet
  facet normal 3.692030311e-01 -1.281267032e-03 9.293478727e-01
    outer loop
      vertex 1.749727130e-02 -1.684573293e-02 2.338583954e-02
      vertex 1.831250824e-02 1.873044856e-02 2.311101742e-02
      vertex 1.742863096e-02 1.871796325e-02 2.346213907e-02
    endloop
  endfacet
  facet normal 3.823398650e-01 -1.244483399e-03 9.240209460e-01
    outer loop
      vertex 1.749727130e-02 -1.684573293e-02 2.338583954e-02
      vertex 1.742863096e-02 1.871796325e-02 2.346213907e-02
      vertex 1.631388441e-02 1.870827004e-02 2.392338403e-02
    endloop
  endfacet
  facet normal 2.781651914e-01 -9.784570429e-04 9.605327249e-01
    outer loop
      vertex 2.205174603e-02 1.886436716e-02 2.181518078e-02
      vertex 2.089483477e-02 -1.721559092e-02 2.211346291e-02
      vertex 2.249591239e-02 1.889317110e-02 2.168658189e-02
    endloop
  endfacet
  facet normal 2.650429308e-01 -3.528231464e-04 9.642365575e-01
    outer loop
      vertex 2.249591239e-02 1.889317110e-02 2.168658189e-02
      vertex 2.089483477e-02 -1.721559092e-02 2.211346291e-02
      vertex 2.296600863e-02 1.892782561e-02 2.155737765e-02
    endloop
  endfacet
  facet normal 3.659498990e-01 -2.524562646e-03 9.306311607e-01
    outer loop
      vertex 1.772792637e-02 -1.686187461e-02 2.329051122e-02
      vertex 1.929662004e-02 -1.700413413e-02 2.267327160e-02
      vertex 2.023307048e-02 1.877905987e-02 2.240210399e-02
    endloop
  endfacet
  facet normal 3.387534022e-01 -1.735209255e-03 9.408736229e-01
    outer loop
      vertex 2.023307048e-02 1.877905987e-02 2.240210399e-02
      vertex 1.929662004e-02 -1.700413413e-02 2.267327160e-02
      vertex 2.025259845e-02 -1.712175272e-02 2.232886292e-02
    endloop
  endfacet
  facet normal 3.071978986e-01 -1.774346223e-03 9.516440034e-01
    outer loop
      vertex 2.023307048e-02 1.877905987e-02 2.240210399e-02
      vertex 2.025259845e-02 -1.712175272e-02 2.232886292e-02
      vertex 2.205174603e-02 1.886436716e-02 2.181518078e-02
    endloop
  endfacet
  facet normal 3.203251660e-01 -2.492597792e-03 9.473043680e-01
    outer loop
      vertex 2.205174603e-02 1.886436716e-02 2.181518078e-02
      vertex 2.025259845e-02 -1.712175272e-02 2.232886292e-02
      vertex 2.070503123e-02 -1.718654484e-02 2.217570506e-02
    endloop
  endfacet
  facet normal 3.113081157e-01 -2.125733765e-03 9.503066540e-01
    outer loop
      vertex 2.205174603e-02 1.886436716e-02 2.181518078e-02
      vertex 2.070503123e-02 -1.718654484e-02 2.217570506e-02
      vertex 2.089483477e-02 -1.721559092e-02 2.211346291e-02
    endloop
  endfacet
  facet normal 2.855853438e-01 -1.620530500e-03 9.583519101e-01
    outer loop
      vertex 2.089483477e-02 -1.721559092e-02 2.211346291e-02
      vertex 2.239456214e-02 -1.748578623e-02 2.166609280e-02
      vertex 2.296600863e-02 1.892782561e-02 2.155737765e-02
    endloop
  endfacet
  facet normal 2.500433624e-01 -1.033258741e-03 9.682340622e-01
    outer loop
      vertex 2.296600863e-02 1.892782561e-02 2.155737765e-02
      vertex 2.239456214e-02 -1.748578623e-02 2.166609280e-02
      vertex 2.305586450e-02 -1.762822643e-02 2.149516158e-02
    endloop
  endfacet
  facet normal 2.489669472e-01 -1.036376576e-03 9.685114026e-01
    outer loop
      vertex 2.296600863e-02 1.892782561e-02 2.155737765e-02
      vertex 2.305586450e-02 -1.762822643e-02 2.149516158e-02
      vertex 2.356305160e-02 1.897863857e-02 2.140395530e-02
    endloop
  endfacet
  facet normal 2.246492952e-01 -6.846863544e-04 9.744394422e-01
    outer loop
      vertex 2.305586450e-02 -1.762822643e-02 2.149516158e-02
      vertex 2.387884632e-02 -1.782556809e-02 2.130529098e-02
      vertex 2.356305160e-02 1.897863857e-02 2.140395530e-02
    endloop
  endfacet
  facet normal 2.006312311e-01 -9.047833155e-04 9.796664119e-01
    outer loop
      vertex 2.356305160e-02 1.897863857e-02 2.140395530e-02
      vertex 2.387884632e-02 -1.782556809e-02 2.130529098e-02
      vertex 2.443260513e-02 -1.797062904e-02 2.119174972e-02
    endloop
  endfacet
  facet normal 2.146416157e-01 -5.579884746e-04 9.766927361e-01
    outer loop
      vertex 2.356305160e-02 1.897863857e-02 2.140395530e-02
      vertex 2.443260513e-02 -1.797062904e-02 2.119174972e-02
      vertex 2.506238036e-02 1.914464310e-02 2.107455209e-02
    endloop
  endfacet
  facet normal 1.664106697e-01 2.899661195e-04 9.860565066e-01
    outer loop
      vertex 2.506238036e-02 1.914464310e-02 2.107455209e-02
      vertex 2.443260513e-02 -1.797062904e-02 2.119174972e-02
      vertex 2.594191581e-02 -1.841511019e-02 2.093716338e-02
    endloop
  endfacet
  facet normal 1.621612906e-01 1.878698386e-04 9.867642522e-01
    outer loop
      vertex 2.506238036e-02 1.914464310e-02 2.107455209e-02
      vertex 2.594191581e-02 -1.841511019e-02 2.093716338e-02
      vertex 2.655681968e-02 1.937402226e-02 2.082891762e-02
    endloop
  endfacet
  facet normal 1.300415993e-01 7.241099956e-04 9.915082455e-01
    outer loop
      vertex 2.655681968e-02 1.937402226e-02 2.082891762e-02
      vertex 2.594191581e-02 -1.841511019e-02 2.093716338e-02
      vertex 2.674922161e-02 -1.868089847e-02 2.083147503e-02
    endloop
  endfacet
  facet normal 1.082963124e-01 6.143434439e-04 9.941184521e-01
    outer loop
      vertex 2.655681968e-02 1.937402226e-02 2.082891762e-02
      vertex 2.674922161e-02 -1.868089847e-02 2.083147503e-02
      vertex 2.746900544e-02 -1.893301308e-02 2.075321972e-02
    endloop
  endfacet
  facet normal 2.854511142e-02 1.227232744e-03 9.995917678e-01
    outer loop
      vertex 3.132453561e-02 2.063146979e-02 2.051352151e-02
      vertex 2.956978045e-02 2.007115260e-02 2.056431957e-02
      vertex 2.902520820e-02 -1.952015236e-02 2.062847838e-02
    endloop
  endfacet
  facet normal 6.678083539e-02 6.983499043e-04 9.977674484e-01
    outer loop
      vertex 2.902520820e-02 -1.952015236e-02 2.062847838e-02
      vertex 2.956978045e-02 2.007115260e-02 2.056431957e-02
      vertex 2.789868601e-02 1.964345388e-02 2.067646571e-02
    endloop
  endfacet
  facet normal 8.030931652e-02 1.088713063e-03 9.967693686e-01
    outer loop
      vertex 2.902520820e-02 -1.952015236e-02 2.062847838e-02
      vertex 2.789868601e-02 1.964345388e-02 2.067646571e-02
      vertex 2.746900544e-02 -1.893301308e-02 2.075321972e-02
    endloop
  endfacet
  facet normal 9.804975241e-02 8.879526868e-04 9.951811433e-01
    outer loop
      vertex 2.746900544e-02 -1.893301308e-02 2.075321972e-02
      vertex 2.789868601e-02 1.964345388e-02 2.067646571e-02
      vertex 2.742901258e-02 1.954190247e-02 2.072283067e-02
    endloop
  endfacet
  facet normal 1.205700189e-01 9.094052366e-04 9.927043915e-01
    outer loop
      vertex 2.746900544e-02 -1.893301308e-02 2.075321972e-02
      vertex 2.742901258e-02 1.954190247e-02 2.072283067e-02
      vertex 2.655681968e-02 1.937402226e-02 2.082891762e-02
    endloop
  endfacet
  facet normal 3.432773054e-03 5.081469135e-05 9.999940991e-01
    outer loop
      vertex 3.230362758e-02 2.099091560e-02 2.050350420e-02
      vertex 3.395538032e-02 -2.164382115e-02 2.050000057e-02
      vertex 3.320556134e-02 2.134895511e-02 2.050038986e-02
    endloop
  endfacet
  facet normal 5.191836390e-04 1.116477397e-11 9.999998808e-01
    outer loop
      vertex 3.320556134e-02 2.134895511e-02 2.050038986e-02
      vertex 3.395538032e-02 -2.164382115e-02 2.050000057e-02
      vertex 3.395537660e-02 2.166426741e-02 2.050000057e-02
    endloop
  endfacet
  facet normal 4.826888442e-02 9.556044824e-05 9.988343716e-01
    outer loop
      vertex 2.902520820e-02 -1.952015236e-02 2.062847838e-02
      vertex 3.062013537e-02 -2.017100342e-02 2.055146545e-02
      vertex 3.132453561e-02 2.063146979e-02 2.051352151e-02
    endloop
  endfacet
  facet normal 3.000122309e-02 4.115925112e-04 9.995498061e-01
    outer loop
      vertex 3.132453561e-02 2.063146979e-02 2.051352151e-02
      vertex 3.062013537e-02 -2.017100342e-02 2.055146545e-02
      vertex 3.137477115e-02 -2.049320750e-02 2.052894793e-02
    endloop
  endfacet
  facet normal 1.008845959e-02 3.874179965e-04 9.999490380e-01
    outer loop
      vertex 3.132453561e-02 2.063146979e-02 2.051352151e-02
      vertex 3.137477115e-02 -2.049320750e-02 2.052894793e-02
      vertex 3.230362758e-02 2.099091560e-02 2.050350420e-02
    endloop
  endfacet
  facet normal 1.962323487e-02 1.738411374e-04 9.998074174e-01
    outer loop
      vertex 3.230362758e-02 2.099091560e-02 2.050350420e-02
      vertex 3.137477115e-02 -2.049320750e-02 2.052894793e-02
      vertex 3.226089105e-02 -2.088109218e-02 2.051162347e-02
    endloop
  endfacet
  facet normal 6.943170447e-03 1.868156687e-04 9.999758601e-01
    outer loop
      vertex 3.230362758e-02 2.099091560e-02 2.050350420e-02
      vertex 3.226089105e-02 -2.088109218e-02 2.051162347e-02
      vertex 3.395538032e-02 -2.164382115e-02 2.050000057e-02
    endloop
  endfacet
  facet normal 4.173987508e-01 -2.585205436e-07 -9.087234139e-01
    outer loop
      vertex 1.262605563e-02 -1.670018025e-02 -2.556269430e-02
      vertex 1.204462722e-02 -1.670002751e-02 -2.582975850e-02
      vertex 1.204460859e-02 1.870000362e-02 -2.582977712e-02
    endloop
  endfacet
  facet normal 2.919411846e-02 -8.491662447e-04 -9.995734096e-01
    outer loop
      vertex 2.802651003e-02 1.988500357e-02 -2.256434038e-02
      vertex 2.865791507e-02 2.002649754e-02 -2.254601941e-02
      vertex 2.788851224e-02 -1.913785748e-02 -2.253521979e-02
    endloop
  endfacet
  facet normal 3.711480167e-05 5.598734257e-17 -1.000000000e+00
    outer loop
      vertex 3.395538032e-02 2.168830484e-02 -2.250000089e-02
      vertex 3.395538032e-02 -2.164796181e-02 -2.250000089e-02
      vertex 3.360407799e-02 2.154889330e-02 -2.250001393e-02
    endloop
  endfacet
  facet normal 4.175040231e-04 3.093549594e-06 -9.999999404e-01
    outer loop
      vertex 3.360407799e-02 2.154889330e-02 -2.250001393e-02
      vertex 3.395538032e-02 -2.164796181e-02 -2.250000089e-02
      vertex 3.303017467e-02 2.133093588e-02 -2.250025421e-02
    endloop
  endfacet
  facet normal 2.366145607e-03 4.504192475e-05 -9.999971986e-01
    outer loop
      vertex 3.303017467e-02 2.133093588e-02 -2.250025421e-02
      vertex 3.395538032e-02 -2.164796181e-02 -2.250000089e-02
      vertex 3.178988770e-02 2.089907601e-02 -2.250320837e-02
    endloop
  endfacet
  facet normal 6.609134143e-04 -4.174843707e-05 -9.999997616e-01
    outer loop
      vertex 3.178988770e-02 2.089907601e-02 -2.250320837e-02
      vertex 3.395538032e-02 -2.164796181e-02 -2.250000089e-02
      vertex 3.186056390e-02 -2.072412148e-02 -2.250142395e-02
    endloop
  endfacet
  facet normal 9.212794714e-03 -2.722572026e-05 -9.999575615e-01
    outer loop
      vertex 3.178988770e-02 2.089907601e-02 -2.250320837e-02
      vertex 3.186056390e-02 -2.072412148e-02 -2.250142395e-02
      vertex 2.992948517e-02 2.034511603e-02 -2.252033353e-02
    endloop
  endfacet
  facet normal 4.328222480e-03 -2.569138887e-04 -9.999905825e-01
    outer loop
      vertex 2.992948517e-02 2.034511603e-02 -2.252033353e-02
      vertex 3.186056390e-02 -2.072412148e-02 -2.250142395e-02
      vertex 2.984040044e-02 -1.988523453e-02 -2.251038328e-02
    endloop
  endfacet
  facet normal 2.026918344e-02 -2.921645064e-04 -9.997945428e-01
    outer loop
      vertex 2.992948517e-02 2.034511603e-02 -2.252033353e-02
      vertex 2.984040044e-02 -1.988523453e-02 -2.251038328e-02
      vertex 2.865791507e-02 2.002649754e-02 -2.254601941e-02
    endloop
  endfacet
  facet normal 1.023034006e-02 -5.897270748e-04 -9.999474883e-01
    outer loop
      vertex 2.865791507e-02 2.002649754e-02 -2.254601941e-02
      vertex 2.984040044e-02 -1.988523453e-02 -2.251038328e-02
      vertex 2.867466770e-02 -1.943035424e-02 -2.252257802e-02
    endloop
  endfacet
  facet normal 1.585996710e-02 -5.872931797e-04 -9.998740554e-01
    outer loop
      vertex 2.865791507e-02 2.002649754e-02 -2.254601941e-02
      vertex 2.867466770e-02 -1.943035424e-02 -2.252257802e-02
      vertex 2.788851224e-02 -1.913785748e-02 -2.253521979e-02
    endloop
  endfacet
  facet normal 4.183545336e-02 -3.385555698e-03 -9.991188049e-01
    outer loop
      vertex 2.510838769e-02 -1.821153425e-02 -2.262487449e-02
      vertex 2.408020571e-02 1.921868883e-02 -2.279476076e-02
      vertex 2.599945106e-02 -1.848849654e-02 -2.258662507e-02
    endloop
  endfacet
  facet normal 7.236761600e-02 -1.821891987e-03 -9.973763824e-01
    outer loop
      vertex 2.599945106e-02 -1.848849654e-02 -2.258662507e-02
      vertex 2.408020571e-02 1.921868883e-02 -2.279476076e-02
      vertex 2.609894797e-02 1.951503754e-02 -2.264882624e-02
    endloop
  endfacet
  facet normal 2.661602572e-02 -1.705821836e-03 -9.996442795e-01
    outer loop
      vertex 2.599945106e-02 -1.848849654e-02 -2.258662507e-02
      vertex 2.609894797e-02 1.951503754e-02 -2.264882624e-02
      vertex 2.788851224e-02 -1.913785748e-02 -2.253521979e-02
    endloop
  endfacet
  facet normal 4.895422980e-02 -6.691212766e-04 -9.988008142e-01
    outer loop
      vertex 2.788851224e-02 -1.913785748e-02 -2.253521979e-02
      vertex 2.609894797e-02 1.951503754e-02 -2.264882624e-02
      vertex 2.721365355e-02 1.971795224e-02 -2.259432711e-02
    endloop
  endfacet
  facet normal 3.704539314e-02 -8.767367690e-04 -9.993131757e-01
    outer loop
      vertex 2.788851224e-02 -1.913785748e-02 -2.253521979e-02
      vertex 2.721365355e-02 1.971795224e-02 -2.259432711e-02
      vertex 2.802651003e-02 1.988500357e-02 -2.256434038e-02
    endloop
  endfacet
  facet normal 5.585417151e-02 -2.997365547e-03 -9.984344244e-01
    outer loop
      vertex 2.510838769e-02 -1.821153425e-02 -2.262487449e-02
      vertex 2.417087927e-02 -1.794328541e-02 -2.267812565e-02
      vertex 2.408020571e-02 1.921868883e-02 -2.279476076e-02
    endloop
  endfacet
  facet normal 6.699826568e-02 -2.968022134e-03 -9.977486730e-01
    outer loop
      vertex 2.408020571e-02 1.921868883e-02 -2.279476076e-02
      vertex 2.417087927e-02 -1.794328541e-02 -2.267812565e-02
      vertex 2.385483123e-02 -1.785857603e-02 -2.269960009e-02
    endloop
  endfacet
  facet normal 9.949628264e-02 -3.158591455e-03 -9.950329065e-01
    outer loop
      vertex 2.408020571e-02 1.921868883e-02 -2.279476076e-02
      vertex 2.385483123e-02 -1.785857603e-02 -2.269960009e-02
      vertex 2.300904505e-02 1.909520105e-02 -2.290147729e-02
    endloop
  endfacet
  facet normal 7.772260904e-02 -3.667513141e-03 -9.969682693e-01
    outer loop
      vertex 2.385483123e-02 -1.785857603e-02 -2.269960009e-02
      vertex 2.310115658e-02 -1.766881160e-02 -2.275905386e-02
      vertex 2.300904505e-02 1.909520105e-02 -2.290147729e-02
    endloop
  endfacet
  facet normal 9.526091069e-02 -3.617672948e-03 -9.954457879e-01
    outer loop
      vertex 2.300904505e-02 1.909520105e-02 -2.290147729e-02
      vertex 2.310115658e-02 -1.766881160e-02 -2.275905386e-02
      vertex 2.233537845e-02 -1.749415509e-02 -2.283297107e-02
    endloop
  endfacet
  facet normal 1.262955368e-01 -4.182586912e-03 -9.919838309e-01
    outer loop
      vertex 2.300904505e-02 1.909520105e-02 -2.290147729e-02
      vertex 2.233537845e-02 -1.749415509e-02 -2.283297107e-02
      vertex 2.083314955e-02 -1.720605418e-02 -2.302544378e-02
    endloop
  endfacet
  facet normal 1.636625379e-01 -4.661649466e-03 -9.865053892e-01
    outer loop
      vertex 2.016515471e-02 1.886430569e-02 -2.330671251e-02
      vertex 2.109313756e-02 1.892548054e-02 -2.315304801e-02
      vertex 2.083314955e-02 -1.720605418e-02 -2.302544378e-02
    endloop
  endfacet
  facet normal 1.409412473e-01 -4.510525148e-03 -9.900076985e-01
    outer loop
      vertex 2.083314955e-02 -1.720605418e-02 -2.302544378e-02
      vertex 2.109313756e-02 1.892548054e-02 -2.315304801e-02
      vertex 2.206634171e-02 1.900395192e-02 -2.301485650e-02
    endloop
  endfacet
  facet normal 1.197704002e-01 -3.788702423e-03 -9.927943945e-01
    outer loop
      vertex 2.083314955e-02 -1.720605418e-02 -2.302544378e-02
      vertex 2.206634171e-02 1.900395192e-02 -2.301485650e-02
      vertex 2.300904505e-02 1.909520105e-02 -2.290147729e-02
    endloop
  endfacet
  facet normal 1.601126343e-01 -4.731929395e-03 -9.870874286e-01
    outer loop
      vertex 2.083314955e-02 -1.720605418e-02 -2.302544378e-02
      vertex 2.019144967e-02 -1.710502617e-02 -2.313001640e-02
      vertex 2.016515471e-02 1.886430569e-02 -2.330671251e-02
    endloop
  endfacet
  facet normal 1.862463504e-01 -4.690249916e-03 -9.824919105e-01
    outer loop
      vertex 2.016515471e-02 1.886430569e-02 -2.330671251e-02
      vertex 2.019144967e-02 -1.710502617e-02 -2.313001640e-02
      vertex 1.934274286e-02 -1.699174196e-02 -2.329144254e-02
    endloop
  endfacet
  facet normal 1.880867928e-01 -4.732314032e-03 -9.821410179e-01
    outer loop
      vertex 2.016515471e-02 1.886430569e-02 -2.330671251e-02
      vertex 1.934274286e-02 -1.699174196e-02 -2.329144254e-02
      vertex 1.919246837e-02 1.881317981e-02 -2.349274233e-02
    endloop
  endfacet
  facet normal 2.266774625e-01 -4.524349235e-03 -9.739593863e-01
    outer loop
      vertex 1.919246837e-02 1.881317981e-02 -2.349274233e-02
      vertex 1.934274286e-02 -1.699174196e-02 -2.329144254e-02
      vertex 1.801338047e-02 -1.685872115e-02 -2.360145375e-02
    endloop
  endfacet
  facet normal 2.196346223e-01 -4.286640324e-03 -9.755727649e-01
    outer loop
      vertex 1.919246837e-02 1.881317981e-02 -2.349274233e-02
      vertex 1.801338047e-02 -1.685872115e-02 -2.360145375e-02
      vertex 1.787240803e-02 1.876234263e-02 -2.378970943e-02
    endloop
  endfacet
  facet normal 2.463417351e-01 -4.147129133e-03 -9.691741467e-01
    outer loop
      vertex 1.787240803e-02 1.876234263e-02 -2.378970943e-02
      vertex 1.801338047e-02 -1.685872115e-02 -2.360145375e-02
      vertex 1.734053157e-02 1.874711923e-02 -2.392483503e-02
    endloop
  endfacet
  facet normal 3.908412158e-01 -5.249984097e-04 -9.204579592e-01
    outer loop
      vertex 1.262605563e-02 -1.670018025e-02 -2.556269430e-02
      vertex 1.204460859e-02 1.870000362e-02 -2.582977712e-02
      vertex 1.457099244e-02 -1.671131887e-02 -2.473683655e-02
    endloop
  endfacet
  facet normal 2.632608712e-01 -3.786926623e-03 -9.647172689e-01
    outer loop
      vertex 1.801338047e-02 -1.685872115e-02 -2.360145375e-02
      vertex 1.740198769e-02 -1.681405306e-02 -2.376847155e-02
      vertex 1.734053157e-02 1.874711923e-02 -2.392483503e-02
    endloop
  endfacet
  facet normal 2.938348651e-01 -3.695095424e-03 -9.558490515e-01
    outer loop
      vertex 1.734053157e-02 1.874711923e-02 -2.392483503e-02
      vertex 1.740198769e-02 -1.681405306e-02 -2.376847155e-02
      vertex 1.634375565e-02 -1.675791107e-02 -2.409399673e-02
    endloop
  endfacet
  facet normal 2.818715274e-01 -3.342094366e-03 -9.594463110e-01
    outer loop
      vertex 1.734053157e-02 1.874711923e-02 -2.392483503e-02
      vertex 1.634375565e-02 -1.675791107e-02 -2.409399673e-02
      vertex 1.553423330e-02 1.871380955e-02 -2.445538342e-02
    endloop
  endfacet
  facet normal 3.298674822e-01 -2.089634771e-03 -9.440249205e-01
    outer loop
      vertex 1.553423330e-02 1.871380955e-02 -2.445538342e-02
      vertex 1.634375565e-02 -1.675791107e-02 -2.409399673e-02
      vertex 1.528331265e-02 -1.672420092e-02 -2.446461841e-02
    endloop
  endfacet
  facet normal 3.186977804e-01 -2.009549178e-03 -9.478542805e-01
    outer loop
      vertex 1.553423330e-02 1.871380955e-02 -2.445538342e-02
      vertex 1.528331265e-02 -1.672420092e-02 -2.446461841e-02
      vertex 1.496976614e-02 1.870819367e-02 -2.464516275e-02
    endloop
  endfacet
  facet normal 3.569520414e-01 -1.601056079e-03 -9.341213703e-01
    outer loop
      vertex 1.496976614e-02 1.870819367e-02 -2.464516275e-02
      vertex 1.528331265e-02 -1.672420092e-02 -2.446461841e-02
      vertex 1.457099244e-02 -1.671131887e-02 -2.473683655e-02
    endloop
  endfacet
  facet normal 3.469430804e-01 -1.478628139e-03 -9.378850460e-01
    outer loop
      vertex 1.496976614e-02 1.870819367e-02 -2.464516275e-02
      vertex 1.457099244e-02 -1.671131887e-02 -2.473683655e-02
      vertex 1.376960054e-02 1.870171539e-02 -2.508911863e-02
    endloop
  endfacet
  facet normal 3.945387304e-01 -2.124802850e-04 -9.188792706e-01
    outer loop
      vertex 1.376960054e-02 1.870171539e-02 -2.508911863e-02
      vertex 1.457099244e-02 -1.671131887e-02 -2.473683655e-02
      vertex 1.204460859e-02 1.870000362e-02 -2.582977712e-02
    endloop
  endfacet
  facet normal 1.275789054e-05 5.598658156e-17 -1.000000000e+00
    outer loop
      vertex 3.395538032e-02 -2.164796181e-02 -2.250000089e-02
      vertex 3.395538032e-02 2.168830484e-02 -2.250000089e-02
      vertex 3.556137159e-02 -2.238584682e-02 -2.249998040e-02
    endloop
  endfacet
  facet normal 1.161698583e-05 -4.157280742e-08 -1.000000000e+00
    outer loop
      vertex 3.556137159e-02 -2.238584682e-02 -2.249998040e-02
      vertex 3.395538032e-02 2.168830484e-02 -2.250000089e-02
      vertex 3.556125611e-02 2.238577418e-02 -2.249998227e-02
    endloop
  endfacet
  facet normal -1.108471406e-05 -4.163230827e-08 -1.000000000e+00
    outer loop
      vertex 3.556137159e-02 -2.238584682e-02 -2.249998040e-02
      vertex 3.556125611e-02 2.238577418e-02 -2.249998227e-02
      vertex 3.741268814e-02 -2.315920219e-02 -2.250000089e-02
    endloop
  endfacet
  facet normal -1.147544637e-07 3.610618364e-07 -1.000000000e+00
    outer loop
      vertex 5.228751898e-02 -2.388618514e-02 -2.250000089e-02
      vertex 3.556125611e-02 2.238577418e-02 -2.249998227e-02
      vertex 5.465765670e-02 -2.313289605e-02 -2.250000089e-02
    endloop
  endfacet
  facet normal -8.705584150e-06 -3.243039828e-06 -1.000000000e+00
    outer loop
      vertex 5.465765670e-02 -2.313289605e-02 -2.250000089e-02
      vertex 3.556125611e-02 2.238577418e-02 -2.249998227e-02
      vertex 3.741272911e-02 2.315921709e-02 -2.250000089e-02
    endloop
  endfacet
  facet normal -2.004743314e-32 5.598618451e-17 -1.000000000e+00
    outer loop
      vertex 6.085131317e-02 -1.973623410e-02 -2.250000089e-02
      vertex 5.906154588e-02 -2.096390724e-02 -2.250000089e-02
      vertex 6.763650477e-02 1.191433799e-02 -2.250000089e-02
    endloop
  endfacet
  facet normal -2.004743314e-32 5.598618451e-17 -1.000000000e+00
    outer loop
      vertex 5.465761572e-02 2.313291468e-02 -2.250000089e-02
      vertex 5.691469833e-02 2.215735614e-02 -2.250000089e-02
      vertex 5.465765670e-02 -2.313289605e-02 -2.250000089e-02
    endloop
  endfacet
  facet normal -2.004743314e-32 5.598618451e-17 -1.000000000e+00
    outer loop
      vertex 7.057779282e-02 -2.451786539e-03 -2.250000089e-02
      vertex 6.763650477e-02 1.191433799e-02 -2.250000089e-02
      vertex 7.069999725e-02 6.689021337e-09 -2.250000089e-02
    endloop
  endfacet
  facet normal -2.004743314e-32 5.598618451e-17 -1.000000000e+00
    outer loop
      vertex 7.069999725e-02 6.689021337e-09 -2.250000089e-02
      vertex 6.763650477e-02 1.191433799e-02 -2.250000089e-02
      vertex 7.057780772e-02 2.451758366e-03 -2.250000089e-02
    endloop
  endfacet
  facet normal -2.004743314e-32 5.598618451e-17 -1.000000000e+00
    outer loop
      vertex 5.906154588e-02 -2.096390724e-02 -2.250000089e-02
      vertex 5.691474304e-02 -2.215732634e-02 -2.250000089e-02
      vertex 6.763650477e-02 1.191433799e-02 -2.250000089e-02
    endloop
  endfacet
  facet normal -2.004743314e-32 5.598618451e-17 -1.000000000e+00
    outer loop
      vertex 6.763650477e-02 1.191433799e-02 -2.250000089e-02
      vertex 5.691474304e-02 -2.215732634e-02 -2.250000089e-02
      vertex 5.465765670e-02 -2.313289605e-02 -2.250000089e-02
    endloop
  endfacet
  facet normal -2.004743314e-32 5.598618451e-17 -1.000000000e+00
    outer loop
      vertex 6.763650477e-02 1.191433799e-02 -2.250000089e-02
      vertex 5.465765670e-02 -2.313289605e-02 -2.250000089e-02
      vertex 6.746999174e-02 1.221185736e-02 -2.250000089e-02
    endloop
  endfacet
  facet normal -2.004743314e-32 5.598618451e-17 -1.000000000e+00
    outer loop
      vertex 5.465761572e-02 2.313291468e-02 -2.250000089e-02
      vertex 5.465765670e-02 -2.313289605e-02 -2.250000089e-02
      vertex 5.228753015e-02 2.388617769e-02 -2.250000089e-02
    endloop
  endfacet
  facet normal -2.004743314e-32 5.598618451e-17 -1.000000000e+00
    outer loop
      vertex 5.691469833e-02 2.215735614e-02 -2.250000089e-02
      vertex 5.906159803e-02 2.096387558e-02 -2.250000089e-02
      vertex 5.465765670e-02 -2.313289605e-02 -2.250000089e-02
    endloop
  endfacet
  facet normal -2.004743314e-32 5.598618451e-17 -1.000000000e+00
    outer loop
      vertex 5.465765670e-02 -2.313289605e-02 -2.250000089e-02
      vertex 5.906159803e-02 2.096387558e-02 -2.250000089e-02
      vertex 6.085127220e-02 1.973625645e-02 -2.250000089e-02
    endloop
  endfacet
  facet normal -2.004743314e-32 5.598618451e-17 -1.000000000e+00
    outer loop
      vertex 5.465765670e-02 -2.313289605e-02 -2.250000089e-02
      vertex 6.085127220e-02 1.973625645e-02 -2.250000089e-02
      vertex 6.277285516e-02 1.813160628e-02 -2.250000089e-02
    endloop
  endfacet
  facet normal -2.004743314e-32 5.598618451e-17 -1.000000000e+00
    outer loop
      vertex 6.873861700e-02 9.645289741e-03 -2.250000089e-02
      vertex 6.959955394e-02 7.290156558e-03 -2.250000089e-02
      vertex 6.763650477e-02 1.191433799e-02 -2.250000089e-02
    endloop
  endfacet
  facet normal -2.004743314e-32 5.598618451e-17 -1.000000000e+00
    outer loop
      vertex 6.763650477e-02 1.191433799e-02 -2.250000089e-02
      vertex 6.959955394e-02 7.290156558e-03 -2.250000089e-02
      vertex 7.021261007e-02 4.882102367e-03 -2.250000089e-02
    endloop
  endfacet
  facet normal -2.004743314e-32 5.598618451e-17 -1.000000000e+00
    outer loop
      vertex 6.763650477e-02 1.191433799e-02 -2.250000089e-02
      vertex 7.021261007e-02 4.882102367e-03 -2.250000089e-02
      vertex 7.057780772e-02 2.451758366e-03 -2.250000089e-02
    endloop
  endfacet
  facet normal -2.004743314e-32 5.598618451e-17 -1.000000000e+00
    outer loop
      vertex 7.057779282e-02 -2.451786539e-03 -2.250000089e-02
      vertex 7.021260262e-02 -4.882107489e-03 -2.250000089e-02
      vertex 6.763650477e-02 1.191433799e-02 -2.250000089e-02
    endloop
  endfacet
  facet normal -2.004743314e-32 5.598618451e-17 -1.000000000e+00
    outer loop
      vertex 6.763650477e-02 1.191433799e-02 -2.250000089e-02
      vertex 7.021260262e-02 -4.882107489e-03 -2.250000089e-02
      vertex 6.959955394e-02 -7.290161215e-03 -2.250000089e-02
    endloop
  endfacet
  facet normal -2.004743314e-32 5.598618451e-17 -1.000000000e+00
    outer loop
      vertex 6.763650477e-02 1.191433799e-02 -2.250000089e-02
      vertex 6.959955394e-02 -7.290161215e-03 -2.250000089e-02
      vertex 6.873858720e-02 -9.645370767e-03 -2.250000089e-02
    endloop
  endfacet
  facet normal -7.840025518e-08 3.742030401e-07 -1.000000000e+00
    outer loop
      vertex 5.228751898e-02 -2.388618514e-02 -2.250000089e-02
      vertex 4.983085766e-02 -2.440088615e-02 -2.250000089e-02
      vertex 3.556125611e-02 2.238577418e-02 -2.249998227e-02
    endloop
  endfacet
  facet normal -4.053574187e-08 3.857514628e-07 -1.000000000e+00
    outer loop
      vertex 3.556125611e-02 2.238577418e-02 -2.249998227e-02
      vertex 4.983085766e-02 -2.440088615e-02 -2.250000089e-02
      vertex 4.732106254e-02 -2.466462180e-02 -2.250000089e-02
    endloop
  endfacet
  facet normal -8.401725426e-10 3.956729984e-07 -1.000000000e+00
    outer loop
      vertex 3.556125611e-02 2.238577418e-02 -2.249998227e-02
      vertex 4.732106254e-02 -2.466462180e-02 -2.250000089e-02
      vertex 4.478946701e-02 -2.466999739e-02 -2.250000089e-02
    endloop
  endfacet
  facet normal 4.059429060e-08 4.037987935e-07 -1.000000000e+00
    outer loop
      vertex 4.478946701e-02 -2.466999739e-02 -2.250000089e-02
      vertex 4.227170721e-02 -2.441688441e-02 -2.250000089e-02
      vertex 3.556125611e-02 2.238577418e-02 -2.249998227e-02
    endloop
  endfacet
  facet normal 8.421259423e-08 4.100526780e-07 -1.000000000e+00
    outer loop
      vertex 3.556125611e-02 2.238577418e-02 -2.249998227e-02
      vertex 4.227170721e-02 -2.441688441e-02 -2.250000089e-02
      vertex 3.980207443e-02 -2.390969545e-02 -2.250000089e-02
    endloop
  endfacet
  facet normal 1.301160637e-07 4.142575847e-07 -1.000000000e+00
    outer loop
      vertex 3.556125611e-02 2.238577418e-02 -2.249998227e-02
      vertex 3.980207443e-02 -2.390969545e-02 -2.250000089e-02
      vertex 3.741268814e-02 -2.315920219e-02 -2.250000089e-02
    endloop
  endfacet
  facet normal -2.004743314e-32 5.598618451e-17 -1.000000000e+00
    outer loop
      vertex 6.873858720e-02 -9.645370767e-03 -2.250000089e-02
      vertex 6.763649732e-02 -1.191436779e-02 -2.250000089e-02
      vertex 6.763650477e-02 1.191433799e-02 -2.250000089e-02
    endloop
  endfacet
  facet normal -2.004743314e-32 5.598618451e-17 -1.000000000e+00
    outer loop
      vertex 6.763650477e-02 1.191433799e-02 -2.250000089e-02
      vertex 6.763649732e-02 -1.191436779e-02 -2.250000089e-02
      vertex 6.747002900e-02 -1.221179683e-02 -2.250000089e-02
    endloop
  endfacet
  facet normal -2.004743314e-32 5.598618451e-17 -1.000000000e+00
    outer loop
      vertex 6.763650477e-02 1.191433799e-02 -2.250000089e-02
      vertex 6.747002900e-02 -1.221179683e-02 -2.250000089e-02
      vertex 6.610648334e-02 -1.434592716e-02 -2.250000089e-02
    endloop
  endfacet
  facet normal -2.004743314e-32 5.598618451e-17 -1.000000000e+00
    outer loop
      vertex 6.277285516e-02 1.813160628e-02 -2.250000089e-02
      vertex 6.453356892e-02 1.632763445e-02 -2.250000089e-02
      vertex 5.465765670e-02 -2.313289605e-02 -2.250000089e-02
    endloop
  endfacet
  facet normal -2.004743314e-32 5.598618451e-17 -1.000000000e+00
    outer loop
      vertex 5.465765670e-02 -2.313289605e-02 -2.250000089e-02
      vertex 6.453356892e-02 1.632763445e-02 -2.250000089e-02
      vertex 6.610642374e-02 1.434602495e-02 -2.250000089e-02
    endloop
  endfacet
  facet normal -2.004743314e-32 5.598618451e-17 -1.000000000e+00
    outer loop
      vertex 5.465765670e-02 -2.313289605e-02 -2.250000089e-02
      vertex 6.610642374e-02 1.434602495e-02 -2.250000089e-02
      vertex 6.746999174e-02 1.221185736e-02 -2.250000089e-02
    endloop
  endfacet
  facet normal -2.004743314e-32 5.598618451e-17 -1.000000000e+00
    outer loop
      vertex 6.610648334e-02 -1.434592716e-02 -2.250000089e-02
      vertex 6.453362107e-02 -1.632758789e-02 -2.250000089e-02
      vertex 6.763650477e-02 1.191433799e-02 -2.250000089e-02
    endloop
  endfacet
  facet normal -2.004743314e-32 5.598618451e-17 -1.000000000e+00
    outer loop
      vertex 6.763650477e-02 1.191433799e-02 -2.250000089e-02
      vertex 6.453362107e-02 -1.632758789e-02 -2.250000089e-02
      vertex 6.277293712e-02 -1.813154109e-02 -2.250000089e-02
    endloop
  endfacet
  facet normal -2.004743314e-32 5.598618451e-17 -1.000000000e+00
    outer loop
      vertex 6.763650477e-02 1.191433799e-02 -2.250000089e-02
      vertex 6.277293712e-02 -1.813154109e-02 -2.250000089e-02
      vertex 6.085131317e-02 -1.973623410e-02 -2.250000089e-02
    endloop
  endfacet
  facet normal -2.004743314e-32 5.598618451e-17 -1.000000000e+00
    outer loop
      vertex 3.741272911e-02 2.315921709e-02 -2.250000089e-02
      vertex 3.980206326e-02 2.390969172e-02 -2.250000089e-02
      vertex 5.465765670e-02 -2.313289605e-02 -2.250000089e-02
    endloop
  endfacet
  facet normal -2.004743314e-32 5.598618451e-17 -1.000000000e+00
    outer loop
      vertex 5.465765670e-02 -2.313289605e-02 -2.250000089e-02
      vertex 3.980206326e-02 2.390969172e-02 -2.250000089e-02
      vertex 4.227171466e-02 2.441688254e-02 -2.250000089e-02
    endloop
  endfacet
  facet normal -2.004743314e-32 5.598618451e-17 -1.000000000e+00
    outer loop
      vertex 5.465765670e-02 -2.313289605e-02 -2.250000089e-02
      vertex 4.227171466e-02 2.441688254e-02 -2.250000089e-02
      vertex 4.478948936e-02 2.466999926e-02 -2.250000089e-02
    endloop
  endfacet
  facet normal -2.004743314e-32 5.598618451e-17 -1.000000000e+00
    outer loop
      vertex 4.478948936e-02 2.466999926e-02 -2.250000089e-02
      vertex 4.732110724e-02 2.466461621e-02 -2.250000089e-02
      vertex 5.465765670e-02 -2.313289605e-02 -2.250000089e-02
    endloop
  endfacet
  facet normal -2.004743314e-32 5.598618451e-17 -1.000000000e+00
    outer loop
      vertex 5.465765670e-02 -2.313289605e-02 -2.250000089e-02
      vertex 4.732110724e-02 2.466461621e-02 -2.250000089e-02
      vertex 4.983093962e-02 2.440087125e-02 -2.250000089e-02
    endloop
  endfacet
  facet normal -2.004743314e-32 5.598618451e-17 -1.000000000e+00
    outer loop
      vertex 5.465765670e-02 -2.313289605e-02 -2.250000089e-02
      vertex 4.983093962e-02 2.440087125e-02 -2.250000089e-02
      vertex 5.228753015e-02 2.388617769e-02 -2.250000089e-02
    endloop
  endfacet
  facet normal -1.737538696e-06 -6.573496876e-07 1.000000000e+00
    outer loop
      vertex 3.741268814e-02 2.315920219e-02 2.050000057e-02
      vertex 3.556128219e-02 2.238578722e-02 2.049999684e-02
      vertex 5.489227921e-02 -2.304369956e-02 2.050000057e-02
    endloop
  endfacet
  facet normal 1.325878111e-05 5.723831237e-06 1.000000000e+00
    outer loop
      vertex 5.489227921e-02 -2.304369956e-02 2.050000057e-02
      vertex 3.556128219e-02 2.238578722e-02 2.049999684e-02
      vertex 3.532718495e-02 2.227721550e-02 2.050000057e-02
    endloop
  endfacet
  facet normal 2.004743314e-32 -5.598618451e-17 1.000000000e+00
    outer loop
      vertex 5.489227921e-02 -2.304369956e-02 2.050000057e-02
      vertex 3.532718495e-02 2.227721550e-02 2.050000057e-02
      vertex 5.253256112e-02 -2.382036485e-02 2.050000057e-02
    endloop
  endfacet
  facet normal 2.004743314e-32 -5.598618451e-17 1.000000000e+00
    outer loop
      vertex 3.395537660e-02 2.166426741e-02 2.050000057e-02
      vertex 3.395538032e-02 -2.164382115e-02 2.050000057e-02
      vertex 3.532718495e-02 2.227721550e-02 2.050000057e-02
    endloop
  endfacet
  facet normal -3.429980325e-06 1.071302691e-07 1.000000000e+00
    outer loop
      vertex 3.532718495e-02 2.227721550e-02 2.050000057e-02
      vertex 3.395538032e-02 -2.164382115e-02 2.050000057e-02
      vertex 3.556134924e-02 -2.238584869e-02 2.050000615e-02
    endloop
  endfacet
  facet normal 2.731919949e-06 1.394361533e-07 1.000000000e+00
    outer loop
      vertex 3.532718495e-02 2.227721550e-02 2.050000057e-02
      vertex 3.556134924e-02 -2.238584869e-02 2.050000615e-02
      vertex 3.765067458e-02 -2.324604057e-02 2.050000057e-02
    endloop
  endfacet
  facet normal 2.004743314e-32 -5.598618451e-17 1.000000000e+00
    outer loop
      vertex 6.085131317e-02 1.973623410e-02 2.050000057e-02
      vertex 5.906154588e-02 2.096390724e-02 2.050000057e-02
      vertex 5.489227921e-02 -2.304369956e-02 2.050000057e-02
    endloop
  endfacet
  facet normal 2.004743314e-32 -5.598618451e-17 1.000000000e+00
    outer loop
      vertex 7.021261007e-02 -4.882102367e-03 2.050000057e-02
      vertex 7.057780772e-02 -2.451758366e-03 2.050000057e-02
      vertex 6.111896411e-02 -1.953192055e-02 2.050000057e-02
    endloop
  endfacet
  facet normal 2.004743314e-32 -5.598618451e-17 1.000000000e+00
    outer loop
      vertex 6.111896411e-02 -1.953192055e-02 2.050000057e-02
      vertex 7.057780772e-02 -2.451758366e-03 2.050000057e-02
      vertex 7.069999725e-02 -6.689007570e-09 2.050000057e-02
    endloop
  endfacet
  facet normal 2.004743314e-32 -5.598618451e-17 1.000000000e+00
    outer loop
      vertex 7.069999725e-02 -6.689007570e-09 2.050000057e-02
      vertex 7.057779282e-02 2.451786539e-03 2.050000057e-02
      vertex 6.111896411e-02 -1.953192055e-02 2.050000057e-02
    endloop
  endfacet
  facet normal 2.004743314e-32 -5.598618451e-17 1.000000000e+00
    outer loop
      vertex 6.111896411e-02 -1.953192055e-02 2.050000057e-02
      vertex 7.057779282e-02 2.451786539e-03 2.050000057e-02
      vertex 7.021260262e-02 4.882107954e-03 2.050000057e-02
    endloop
  endfacet
  facet normal 2.004743314e-32 -5.598618451e-17 1.000000000e+00
    outer loop
      vertex 6.111896411e-02 -1.953192055e-02 2.050000057e-02
      vertex 7.021260262e-02 4.882107954e-03 2.050000057e-02
      vertex 6.959955394e-02 7.290161215e-03 2.050000057e-02
    endloop
  endfacet
  facet normal 2.004743314e-32 -5.598618451e-17 1.000000000e+00
    outer loop
      vertex 3.765067458e-02 -2.324604057e-02 2.050000057e-02
      vertex 4.004969820e-02 -2.397252992e-02 2.050000057e-02
      vertex 3.532718495e-02 2.227721550e-02 2.050000057e-02
    endloop
  endfacet
  facet normal 2.004743314e-32 -5.598618451e-17 1.000000000e+00
    outer loop
      vertex 3.532718495e-02 2.227721550e-02 2.050000057e-02
      vertex 4.004969820e-02 -2.397252992e-02 2.050000057e-02
      vertex 4.252568260e-02 -2.445427328e-02 2.050000057e-02
    endloop
  endfacet
  facet normal 2.004743314e-32 -5.598618451e-17 1.000000000e+00
    outer loop
      vertex 3.532718495e-02 2.227721550e-02 2.050000057e-02
      vertex 4.252568260e-02 -2.445427328e-02 2.050000057e-02
      vertex 4.504654557e-02 -2.468128689e-02 2.050000057e-02
    endloop
  endfacet
  facet normal 2.004743314e-32 -5.598618451e-17 1.000000000e+00
    outer loop
      vertex 4.504654557e-02 -2.468128689e-02 2.050000057e-02
      vertex 4.757744074e-02 -2.464956045e-02 2.050000057e-02
      vertex 3.532718495e-02 2.227721550e-02 2.050000057e-02
    endloop
  endfacet
  facet normal 2.004743314e-32 -5.598618451e-17 1.000000000e+00
    outer loop
      vertex 3.532718495e-02 2.227721550e-02 2.050000057e-02
      vertex 4.757744074e-02 -2.464956045e-02 2.050000057e-02
      vertex 5.008327216e-02 -2.435989678e-02 2.050000057e-02
    endloop
  endfacet
  facet normal 2.004743314e-32 -5.598618451e-17 1.000000000e+00
    outer loop
      vertex 3.532718495e-02 2.227721550e-02 2.050000057e-02
      vertex 5.008327216e-02 -2.435989678e-02 2.050000057e-02
      vertex 5.253256112e-02 -2.382036485e-02 2.050000057e-02
    endloop
  endfacet
  facet normal 2.004743314e-32 -5.598618451e-17 1.000000000e+00
    outer loop
      vertex 5.713665485e-02 -2.204664797e-02 2.050000057e-02
      vertex 5.927132443e-02 -2.083173394e-02 2.050000057e-02
      vertex 6.763649732e-02 1.191436779e-02 2.050000057e-02
    endloop
  endfacet
  facet normal 2.004743314e-32 -5.598618451e-17 1.000000000e+00
    outer loop
      vertex 6.763649732e-02 1.191436779e-02 2.050000057e-02
      vertex 5.927132443e-02 -2.083173394e-02 2.050000057e-02
      vertex 6.111896411e-02 -1.953192055e-02 2.050000057e-02
    endloop
  endfacet
  facet normal 2.004743314e-32 -5.598618451e-17 1.000000000e+00
    outer loop
      vertex 6.763649732e-02 1.191436779e-02 2.050000057e-02
      vertex 6.111896411e-02 -1.953192055e-02 2.050000057e-02
      vertex 6.873858720e-02 9.645370767e-03 2.050000057e-02
    endloop
  endfacet
  facet normal 2.004743314e-32 -5.598618451e-17 1.000000000e+00
    outer loop
      vertex 6.873858720e-02 9.645370767e-03 2.050000057e-02
      vertex 6.111896411e-02 -1.953192055e-02 2.050000057e-02
      vertex 6.959955394e-02 7.290161215e-03 2.050000057e-02
    endloop
  endfacet
  facet normal 2.004743314e-32 -5.598618451e-17 1.000000000e+00
    outer loop
      vertex 5.713665485e-02 -2.204664797e-02 2.050000057e-02
      vertex 6.763649732e-02 1.191436779e-02 2.050000057e-02
      vertex 5.489227921e-02 -2.304369956e-02 2.050000057e-02
    endloop
  endfacet
  facet normal 2.004743314e-32 -5.598618451e-17 1.000000000e+00
    outer loop
      vertex 5.489227921e-02 -2.304369956e-02 2.050000057e-02
      vertex 6.763649732e-02 1.191436779e-02 2.050000057e-02
      vertex 6.747003645e-02 1.221179683e-02 2.050000057e-02
    endloop
  endfacet
  facet normal 2.004743314e-32 -5.598618451e-17 1.000000000e+00
    outer loop
      vertex 5.489227921e-02 -2.304369956e-02 2.050000057e-02
      vertex 6.747003645e-02 1.221179683e-02 2.050000057e-02
      vertex 6.610648334e-02 1.434592716e-02 2.050000057e-02
    endloop
  endfacet
  facet normal 2.004743314e-32 -5.598618451e-17 1.000000000e+00
    outer loop
      vertex 5.906154588e-02 2.096390724e-02 2.050000057e-02
      vertex 5.691474304e-02 2.215732634e-02 2.050000057e-02
      vertex 5.489227921e-02 -2.304369956e-02 2.050000057e-02
    endloop
  endfacet
  facet normal 2.004743314e-32 -5.598618451e-17 1.000000000e+00
    outer loop
      vertex 5.489227921e-02 -2.304369956e-02 2.050000057e-02
      vertex 5.691474304e-02 2.215732634e-02 2.050000057e-02
      vertex 5.465765670e-02 2.313289605e-02 2.050000057e-02
    endloop
  endfacet
  facet normal 2.004743314e-32 -5.598618451e-17 1.000000000e+00
    outer loop
      vertex 5.489227921e-02 -2.304369956e-02 2.050000057e-02
      vertex 5.465765670e-02 2.313289605e-02 2.050000057e-02
      vertex 5.228751898e-02 2.388618514e-02 2.050000057e-02
    endloop
  endfacet
  facet normal 2.004743314e-32 -5.598618451e-17 1.000000000e+00
    outer loop
      vertex 6.610648334e-02 1.434592716e-02 2.050000057e-02
      vertex 6.453362107e-02 1.632758602e-02 2.050000057e-02
      vertex 5.489227921e-02 -2.304369956e-02 2.050000057e-02
    endloop
  endfacet
  facet normal 2.004743314e-32 -5.598618451e-17 1.000000000e+00
    outer loop
      vertex 5.489227921e-02 -2.304369956e-02 2.050000057e-02
      vertex 6.453362107e-02 1.632758602e-02 2.050000057e-02
      vertex 6.277293712e-02 1.813153923e-02 2.050000057e-02
    endloop
  endfacet
  facet normal 2.004743314e-32 -5.598618451e-17 1.000000000e+00
    outer loop
      vertex 5.489227921e-02 -2.304369956e-02 2.050000057e-02
      vertex 6.277293712e-02 1.813153923e-02 2.050000057e-02
      vertex 6.085131317e-02 1.973623410e-02 2.050000057e-02
    endloop
  endfacet
  facet normal 2.004743314e-32 -5.598618451e-17 1.000000000e+00
    outer loop
      vertex 6.302067637e-02 -1.789923012e-02 2.050000057e-02
      vertex 6.873861700e-02 -9.645289741e-03 2.050000057e-02
      vertex 6.111896411e-02 -1.953192055e-02 2.050000057e-02
    endloop
  endfacet
  facet normal 2.004743314e-32 -5.598618451e-17 1.000000000e+00
    outer loop
      vertex 6.111896411e-02 -1.953192055e-02 2.050000057e-02
      vertex 6.873861700e-02 -9.645289741e-03 2.050000057e-02
      vertex 6.959955394e-02 -7.290156558e-03 2.050000057e-02
    endloop
  endfacet
  facet normal 2.004743314e-32 -5.598618451e-17 1.000000000e+00
    outer loop
      vertex 6.111896411e-02 -1.953192055e-02 2.050000057e-02
      vertex 6.959955394e-02 -7.290156558e-03 2.050000057e-02
      vertex 7.021261007e-02 -4.882102367e-03 2.050000057e-02
    endloop
  endfacet
  facet normal 2.004743314e-32 -5.598618451e-17 1.000000000e+00
    outer loop
      vertex 6.302067637e-02 -1.789923012e-02 2.050000057e-02
      vertex 6.475738436e-02 -1.606994867e-02 2.050000057e-02
      vertex 6.873861700e-02 -9.645289741e-03 2.050000057e-02
    endloop
  endfacet
  facet normal 2.004743314e-32 -5.598618451e-17 1.000000000e+00
    outer loop
      vertex 6.873861700e-02 -9.645289741e-03 2.050000057e-02
      vertex 6.475738436e-02 -1.606994867e-02 2.050000057e-02
      vertex 6.630319357e-02 -1.406620722e-02 2.050000057e-02
    endloop
  endfacet
  facet normal 2.004743314e-32 -5.598618451e-17 1.000000000e+00
    outer loop
      vertex 6.873861700e-02 -9.645289741e-03 2.050000057e-02
      vertex 6.630319357e-02 -1.406620722e-02 2.050000057e-02
      vertex 6.763650477e-02 -1.191433799e-02 2.050000057e-02
    endloop
  endfacet
  facet normal 2.004743314e-32 -5.598618451e-17 1.000000000e+00
    outer loop
      vertex 5.228751898e-02 2.388618514e-02 2.050000057e-02
      vertex 4.983085766e-02 2.440088615e-02 2.050000057e-02
      vertex 5.489227921e-02 -2.304369956e-02 2.050000057e-02
    endloop
  endfacet
  facet normal 2.004743314e-32 -5.598618451e-17 1.000000000e+00
    outer loop
      vertex 5.489227921e-02 -2.304369956e-02 2.050000057e-02
      vertex 4.983085766e-02 2.440088615e-02 2.050000057e-02
      vertex 4.732106254e-02 2.466462180e-02 2.050000057e-02
    endloop
  endfacet
  facet normal 2.004743314e-32 -5.598618451e-17 1.000000000e+00
    outer loop
      vertex 5.489227921e-02 -2.304369956e-02 2.050000057e-02
      vertex 4.732106254e-02 2.466462180e-02 2.050000057e-02
      vertex 4.478946701e-02 2.466999739e-02 2.050000057e-02
    endloop
  endfacet
  facet normal 2.004743314e-32 -5.598618451e-17 1.000000000e+00
    outer loop
      vertex 4.478946701e-02 2.466999739e-02 2.050000057e-02
      vertex 4.227170721e-02 2.441688441e-02 2.050000057e-02
      vertex 5.489227921e-02 -2.304369956e-02 2.050000057e-02
    endloop
  endfacet
  facet normal 2.004743314e-32 -5.598618451e-17 1.000000000e+00
    outer loop
      vertex 5.489227921e-02 -2.304369956e-02 2.050000057e-02
      vertex 4.227170721e-02 2.441688441e-02 2.050000057e-02
      vertex 3.980207443e-02 2.390969545e-02 2.050000057e-02
    endloop
  endfacet
  facet normal 2.004743314e-32 -5.598618451e-17 1.000000000e+00
    outer loop
      vertex 5.489227921e-02 -2.304369956e-02 2.050000057e-02
      vertex 3.980207443e-02 2.390969545e-02 2.050000057e-02
      vertex 3.741268814e-02 2.315920219e-02 2.050000057e-02
    endloop
  endfacet
  facet normal -9.999863505e-01 -3.174983558e-17 -5.223678891e-03
    outer loop
      vertex -2.850000188e-02 -1.670013927e-02 4.857225733e-17
      vertex -2.850000188e-02 1.869999990e-02 4.510281038e-17
      vertex -2.849845216e-02 -1.670018025e-02 -2.966682368e-04
    endloop
  endfacet
  facet normal -9.995116591e-01 2.181164746e-04 -3.124812618e-02
    outer loop
      vertex -2.849845216e-02 -1.670018025e-02 -2.966682368e-04
      vertex -2.850000188e-02 1.869999990e-02 4.510281038e-17
      vertex -2.844434604e-02 1.869994216e-02 -1.780224149e-03
    endloop
  endfacet
  facet normal -9.991453290e-01 -2.051869669e-04 -4.133549333e-02
    outer loop
      vertex -2.849845216e-02 -1.670018025e-02 -2.966682368e-04
      vertex -2.844434604e-02 1.869994216e-02 -1.780224149e-03
      vertex -2.842557058e-02 -1.670015603e-02 -2.058333252e-03
    endloop
  endfacet
  facet normal -9.962391853e-01 1.523166866e-04 -8.664541692e-02
    outer loop
      vertex -2.842557058e-02 -1.670015603e-02 -2.058333252e-03
      vertex -2.844434604e-02 1.869994216e-02 -1.780224149e-03
      vertex -2.835408971e-02 -1.670010574e-02 -2.880212152e-03
    endloop
  endfacet
  facet normal -9.965983033e-01 1.986532152e-05 -8.241230249e-02
    outer loop
      vertex -2.844434604e-02 1.869994216e-02 -1.780224149e-03
      vertex -2.835040912e-02 1.870003343e-02 -2.916187746e-03
      vertex -2.835408971e-02 -1.670010574e-02 -2.880212152e-03
    endloop
  endfacet
  facet normal -9.935619831e-01 -1.182994311e-05 -1.132899374e-01
    outer loop
      vertex -2.835408971e-02 -1.670010574e-02 -2.880212152e-03
      vertex -2.835040912e-02 1.870003343e-02 -2.916187746e-03
      vertex -2.827917412e-02 1.870005764e-02 -3.540924517e-03
    endloop
  endfacet
  facet normal -9.930891991e-01 -8.882974362e-05 -1.173618883e-01
    outer loop
      vertex -2.835408971e-02 -1.670010574e-02 -2.880212152e-03
      vertex -2.827917412e-02 1.870005764e-02 -3.540924517e-03
      vertex -2.824438736e-02 -1.670008712e-02 -3.808488138e-03
    endloop
  endfacet
  facet normal -9.916157722e-01 2.256071184e-06 -1.292214692e-01
    outer loop
      vertex -2.824438736e-02 -1.670008712e-02 -3.808488138e-03
      vertex -2.827917412e-02 1.870005764e-02 -3.540924517e-03
      vertex -2.824217454e-02 1.870005764e-02 -3.824850777e-03
    endloop
  endfacet
  facet normal -9.864297509e-01 -1.422842888e-05 -1.641839296e-01
    outer loop
      vertex -2.824438736e-02 -1.670008712e-02 -3.808488138e-03
      vertex -2.824217454e-02 1.870005764e-02 -3.824850777e-03
      vertex -2.795527503e-02 -1.670020446e-02 -5.545497406e-03
    endloop
  endfacet
  facet normal -9.871493578e-01 -2.331306023e-04 -1.598002613e-01
    outer loop
      vertex -2.795527503e-02 -1.670020446e-02 -5.545497406e-03
      vertex -2.824217454e-02 1.870005764e-02 -3.824850777e-03
      vertex -2.800649777e-02 1.869995333e-02 -5.280719139e-03
    endloop
  endfacet
  facet normal -9.802306890e-01 6.153724098e-05 -1.978581250e-01
    outer loop
      vertex -2.795527503e-02 -1.670020446e-02 -5.545497406e-03
      vertex -2.800649777e-02 1.869995333e-02 -5.280719139e-03
      vertex -2.791740373e-02 -1.670022495e-02 -5.733119790e-03
    endloop
  endfacet
  facet normal -9.764991403e-01 2.966556058e-04 -2.155211717e-01
    outer loop
      vertex -2.791740373e-02 -1.670022495e-02 -5.733119790e-03
      vertex -2.800649777e-02 1.869995333e-02 -5.280719139e-03
      vertex -2.762745693e-02 1.869977266e-02 -6.998105440e-03
    endloop
  endfacet
  facet normal -9.736208320e-01 -1.789851813e-04 -2.281720042e-01
    outer loop
      vertex -2.791740373e-02 -1.670022495e-02 -5.733119790e-03
      vertex -2.762745693e-02 1.869977266e-02 -6.998105440e-03
      vertex -2.755779400e-02 -1.670032740e-02 -7.267591543e-03
    endloop
  endfacet
  facet normal -9.654775262e-01 8.303558570e-05 -2.604863942e-01
    outer loop
      vertex -2.755779400e-02 -1.670032740e-02 -7.267591543e-03
      vertex -2.762745693e-02 1.869977266e-02 -6.998105440e-03
      vertex -2.747337148e-02 -1.670031250e-02 -7.580498699e-03
    endloop
  endfacet
  facet normal -9.667370319e-01 -1.594570460e-17 -2.557723820e-01
    outer loop
      vertex -2.747337148e-02 -1.670031250e-02 -7.580498699e-03
      vertex -2.762745693e-02 1.869977266e-02 -6.998105440e-03
      vertex -2.747337148e-02 1.869978383e-02 -7.580498699e-03
    endloop
  endfacet
  facet normal -9.568729401e-01 -1.369225285e-17 -2.905066907e-01
    outer loop
      vertex -2.747337148e-02 -1.670031250e-02 -7.580498699e-03
      vertex -2.747337148e-02 1.869978383e-02 -7.580498699e-03
      vertex -2.705065534e-02 -1.670015790e-02 -8.972844109e-03
    endloop
  endfacet
  facet normal -9.593195915e-01 -3.511316318e-04 -2.823220789e-01
    outer loop
      vertex -2.747337148e-02 1.869978383e-02 -7.580498699e-03
      vertex -2.720002457e-02 1.869988441e-02 -8.509321138e-03
      vertex -2.705065534e-02 -1.670015790e-02 -8.972844109e-03
    endloop
  endfacet
  facet normal -9.533830881e-01 -7.152995386e-05 -3.017627001e-01
    outer loop
      vertex -2.705065534e-02 -1.670015790e-02 -8.972844109e-03
      vertex -2.720002457e-02 1.869988441e-02 -8.509321138e-03
      vertex -2.714237943e-02 1.869990863e-02 -8.691444062e-03
    endloop
  endfacet
  facet normal -9.447335601e-01 1.581665274e-04 -3.278391063e-01
    outer loop
      vertex -2.705065534e-02 -1.670015790e-02 -8.972844109e-03
      vertex -2.714237943e-02 1.869990863e-02 -8.691444062e-03
      vertex -2.679400519e-02 -1.670008525e-02 -9.712432511e-03
    endloop
  endfacet
  facet normal -9.480861425e-01 -1.582114346e-04 -3.180135190e-01
    outer loop
      vertex -2.714237943e-02 1.869990863e-02 -8.691444062e-03
      vertex -2.689342573e-02 1.869999990e-02 -9.433643892e-03
      vertex -2.679400519e-02 -1.670008525e-02 -9.712432511e-03
    endloop
  endfacet
  facet normal -9.328256249e-01 2.178906580e-04 -3.603281081e-01
    outer loop
      vertex -2.679400519e-02 -1.670008525e-02 -9.712432511e-03
      vertex -2.689342573e-02 1.869999990e-02 -9.433643892e-03
      vertex -2.625164762e-02 1.870004274e-02 -1.109509356e-02
    endloop
  endfacet
  facet normal -9.302157760e-01 -8.319764311e-05 -3.670131266e-01
    outer loop
      vertex -2.679400519e-02 -1.670008525e-02 -9.712432511e-03
      vertex -2.625164762e-02 1.870004274e-02 -1.109509356e-02
      vertex -2.620748803e-02 -1.670007966e-02 -1.119899377e-02
    endloop
  endfacet
  facet normal -9.203245044e-01 -6.913086696e-18 -3.911556602e-01
    outer loop
      vertex -2.620748803e-02 -1.670007966e-02 -1.119899377e-02
      vertex -2.625164762e-02 1.870004274e-02 -1.109509356e-02
      vertex -2.620748803e-02 1.870003715e-02 -1.119899377e-02
    endloop
  endfacet
  facet normal -9.184408784e-01 -6.607633298e-18 -3.955582380e-01
    outer loop
      vertex -2.620748803e-02 -1.670007966e-02 -1.119899377e-02
      vertex -2.620748803e-02 1.870003715e-02 -1.119899377e-02
      vertex -2.614283934e-02 -1.670009084e-02 -1.134910062e-02
    endloop
  endfacet
  facet normal -9.045689106e-01 1.558037329e-04 -4.263274074e-01
    outer loop
      vertex -2.614283934e-02 -1.670009084e-02 -1.134910062e-02
      vertex -2.620748803e-02 1.870003715e-02 -1.119899377e-02
      vertex -2.539305016e-02 -1.670027710e-02 -1.293998118e-02
    endloop
  endfacet
  facet normal -9.077607989e-01 -2.539844718e-04 -4.194881618e-01
    outer loop
      vertex -2.539305016e-02 -1.670027710e-02 -1.293998118e-02
      vertex -2.620748803e-02 1.870003715e-02 -1.119899377e-02
      vertex -2.551298961e-02 1.869986020e-02 -1.270186901e-02
    endloop
  endfacet
  facet normal -8.827823400e-01 1.689377532e-04 -4.697821438e-01
    outer loop
      vertex -2.539305016e-02 -1.670027710e-02 -1.293998118e-02
      vertex -2.551298961e-02 1.869986020e-02 -1.270186901e-02
      vertex -2.491762862e-02 -1.670032553e-02 -1.383336075e-02
    endloop
  endfacet
  facet normal -8.809949160e-01 3.058664443e-04 -4.731256366e-01
    outer loop
      vertex -2.491762862e-02 -1.670032553e-02 -1.383336075e-02
      vertex -2.551298961e-02 1.869986020e-02 -1.270186901e-02
      vertex -2.467979863e-02 1.869980246e-02 -1.425333228e-02
    endloop
  endfacet
  facet normal -8.678457141e-01 -6.373782526e-05 -4.968338013e-01
    outer loop
      vertex -2.491762862e-02 -1.670032553e-02 -1.383336075e-02
      vertex -2.467979863e-02 1.869980246e-02 -1.425333228e-02
      vertex -2.454538271e-02 -1.670027152e-02 -1.448358223e-02
    endloop
  endfacet
  facet normal -7.893774509e-01 1.736113700e-05 -6.139081717e-01
    outer loop
      vertex -2.225483581e-02 1.869997196e-02 -1.780371927e-02
      vertex -2.228470519e-02 -1.670010388e-02 -1.776631363e-02
      vertex -2.273542807e-02 1.870004460e-02 -1.718576252e-02
    endloop
  endfacet
  facet normal -7.866942286e-01 1.078528148e-04 -6.173428893e-01
    outer loop
      vertex -2.273542807e-02 1.870004460e-02 -1.718576252e-02
      vertex -2.228470519e-02 -1.670010388e-02 -1.776631363e-02
      vertex -2.255572006e-02 -1.670006663e-02 -1.742095314e-02
    endloop
  endfacet
  facet normal -8.066592813e-01 -1.684042654e-04 -5.910167694e-01
    outer loop
      vertex -2.273542807e-02 1.870004460e-02 -1.718576252e-02
      vertex -2.255572006e-02 -1.670006663e-02 -1.742095314e-02
      vertex -2.323890850e-02 1.870006137e-02 -1.649857871e-02
    endloop
  endfacet
  facet normal -8.101437688e-01 -3.603446821e-04 -5.862311125e-01
    outer loop
      vertex -2.323890850e-02 1.870006137e-02 -1.649857871e-02
      vertex -2.255572006e-02 -1.670006663e-02 -1.742095314e-02
      vertex -2.359985188e-02 -1.670007408e-02 -1.597801223e-02
    endloop
  endfacet
  facet normal -8.598814607e-01 5.535045057e-05 -5.104938149e-01
    outer loop
      vertex -2.454538271e-02 -1.670027152e-02 -1.448358223e-02
      vertex -2.467979863e-02 1.869980246e-02 -1.425333228e-02
      vertex -2.446744218e-02 -1.670025475e-02 -1.461486612e-02
    endloop
  endfacet
  facet normal -8.622576594e-01 1.360799479e-18 -5.064698458e-01
    outer loop
      vertex -2.446744218e-02 -1.670025475e-02 -1.461486612e-02
      vertex -2.467979863e-02 1.869980246e-02 -1.425333228e-02
      vertex -2.446744218e-02 1.869984530e-02 -1.461486612e-02
    endloop
  endfacet
  facet normal -8.436239958e-01 3.649753714e-18 -5.369343758e-01
    outer loop
      vertex -2.446744218e-02 -1.670025475e-02 -1.461486612e-02
      vertex -2.446744218e-02 1.869984530e-02 -1.461486612e-02
      vertex -2.359985188e-02 -1.670007408e-02 -1.597801223e-02
    endloop
  endfacet
  facet normal -8.462170362e-01 -2.212767431e-04 -5.328383446e-01
    outer loop
      vertex -2.359985188e-02 -1.670007408e-02 -1.597801223e-02
      vertex -2.446744218e-02 1.869984530e-02 -1.461486612e-02
      vertex -2.375366166e-02 1.870000549e-02 -1.574844308e-02
    endloop
  endfacet
  facet normal -8.245368600e-01 8.673114644e-05 -5.658082962e-01
    outer loop
      vertex -2.359985188e-02 -1.670007408e-02 -1.597801223e-02
      vertex -2.375366166e-02 1.870000549e-02 -1.574844308e-02
      vertex -2.323890850e-02 1.870006137e-02 -1.649857871e-02
    endloop
  endfacet
  facet normal -7.191131115e-01 -2.689564717e-04 -6.948930025e-01
    outer loop
      vertex -1.987041160e-02 1.869986206e-02 -2.043077908e-02
      vertex -1.967840269e-02 -1.670017280e-02 -2.061577886e-02
      vertex -2.109928057e-02 1.869974844e-02 -1.915907860e-02
    endloop
  endfacet
  facet normal -7.124601603e-01 2.786967671e-04 -7.017124891e-01
    outer loop
      vertex -2.109928057e-02 1.869974844e-02 -1.915907860e-02
      vertex -1.967840269e-02 -1.670017280e-02 -2.061577886e-02
      vertex -2.091251686e-02 -1.670031250e-02 -1.936276257e-02
    endloop
  endfacet
  facet normal -7.466151714e-01 -1.112598620e-04 -6.652561426e-01
    outer loop
      vertex -2.109928057e-02 1.869974844e-02 -1.915907860e-02
      vertex -2.091251686e-02 -1.670031250e-02 -1.936276257e-02
      vertex -2.145593241e-02 1.869980432e-02 -1.875880919e-02
    endloop
  endfacet
  facet normal -7.463565469e-01 -1.023393124e-04 -6.655462980e-01
    outer loop
      vertex -2.145593241e-02 1.869980432e-02 -1.875880919e-02
      vertex -2.091251686e-02 -1.670031250e-02 -1.936276257e-02
      vertex -2.162234113e-02 -1.670022309e-02 -1.856675185e-02
    endloop
  endfacet
  facet normal -7.670369744e-01 1.247764885e-04 -6.416028738e-01
    outer loop
      vertex -2.145593241e-02 1.869980432e-02 -1.875880919e-02
      vertex -2.162234113e-02 -1.670022309e-02 -1.856675185e-02
      vertex -2.225483581e-02 1.869997196e-02 -1.780371927e-02
    endloop
  endfacet
  facet normal -7.665643692e-01 1.453886071e-04 -6.421674490e-01
    outer loop
      vertex -2.225483581e-02 1.869997196e-02 -1.780371927e-02
      vertex -2.162234113e-02 -1.670022309e-02 -1.856675185e-02
      vertex -2.206872776e-02 -1.670014113e-02 -1.803389378e-02
    endloop
  endfacet
  facet normal -7.781472802e-01 -7.091238331e-06 -6.280818582e-01
    outer loop
      vertex -2.225483581e-02 1.869997196e-02 -1.780371927e-02
      vertex -2.206872776e-02 -1.670014113e-02 -1.803389378e-02
      vertex -2.228470519e-02 -1.670010388e-02 -1.776631363e-02
    endloop
  endfacet
  facet normal -5.957871079e-01 3.812441355e-05 -8.031424284e-01
    outer loop
      vertex -1.675643399e-02 1.869988814e-02 -2.305367216e-02
      vertex -1.698068902e-02 -1.670011319e-02 -2.288899571e-02
      vertex -1.720182970e-02 1.869997755e-02 -2.272326872e-02
    endloop
  endfacet
  facet normal -6.038726568e-01 -4.076314872e-05 -7.970807552e-01
    outer loop
      vertex -1.720182970e-02 1.869997755e-02 -2.272326872e-02
      vertex -1.698068902e-02 -1.670011319e-02 -2.288899571e-02
      vertex -1.743818447e-02 -1.670005731e-02 -2.254239470e-02
    endloop
  endfacet
  facet normal -6.278851628e-01 2.154890535e-04 -7.783059478e-01
    outer loop
      vertex -1.720182970e-02 1.869997755e-02 -2.272326872e-02
      vertex -1.743818447e-02 -1.670005731e-02 -2.254239470e-02
      vertex -1.857065037e-02 1.870007254e-02 -2.161899582e-02
    endloop
  endfacet
  facet normal -6.283072829e-01 1.930984581e-04 -7.779652476e-01
    outer loop
      vertex -1.857065037e-02 1.870007254e-02 -2.161899582e-02
      vertex -1.743818447e-02 -1.670005731e-02 -2.254239470e-02
      vertex -1.836758479e-02 -1.670002006e-02 -2.179178409e-02
    endloop
  endfacet
  facet normal -6.669514775e-01 -1.889866398e-04 -7.451011539e-01
    outer loop
      vertex -1.857065037e-02 1.870007254e-02 -2.161899582e-02
      vertex -1.836758479e-02 -1.670002006e-02 -2.179178409e-02
      vertex -1.943764463e-02 1.869995333e-02 -2.084293589e-02
    endloop
  endfacet
  facet normal -6.677933931e-01 -2.346582478e-04 -7.443466783e-01
    outer loop
      vertex -1.943764463e-02 1.869995333e-02 -2.084293589e-02
      vertex -1.836758479e-02 -1.670002006e-02 -2.179178409e-02
      vertex -1.967840269e-02 -1.670017280e-02 -2.061577886e-02
    endloop
  endfacet
  facet normal -6.866220236e-01 4.613307283e-06 -7.270146012e-01
    outer loop
      vertex -1.943764463e-02 1.869995333e-02 -2.084293589e-02
      vertex -1.967840269e-02 -1.670017280e-02 -2.061577886e-02
      vertex -1.969877258e-02 1.869989932e-02 -2.059631608e-02
    endloop
  endfacet
  facet normal -6.941962838e-01 -3.719455435e-06 -7.197857499e-01
    outer loop
      vertex -1.969877258e-02 1.869989932e-02 -2.059631608e-02
      vertex -1.967840269e-02 -1.670017280e-02 -2.061577886e-02
      vertex -1.987041160e-02 1.869986206e-02 -2.043077908e-02
    endloop
  endfacet
  facet normal -5.033210516e-01 -5.947640602e-05 -8.640994430e-01
    outer loop
      vertex -1.356812939e-02 1.869993657e-02 -2.506303787e-02
      vertex -1.351092383e-02 -1.670009457e-02 -2.509392239e-02
      vertex -1.510717347e-02 1.869967580e-02 -2.416657470e-02
    endloop
  endfacet
  facet normal -4.978376329e-01 2.708456595e-04 -8.672702312e-01
    outer loop
      vertex -1.510717347e-02 1.869967580e-02 -2.416657470e-02
      vertex -1.351092383e-02 -1.670009457e-02 -2.509392239e-02
      vertex -1.485536620e-02 -1.670027524e-02 -2.432217449e-02
    endloop
  endfacet
  facet normal -5.416738391e-01 -1.582482801e-04 -8.405887485e-01
    outer loop
      vertex -1.510717347e-02 1.869967580e-02 -2.416657470e-02
      vertex -1.485536620e-02 -1.670027524e-02 -2.432217449e-02
      vertex -1.576523483e-02 1.869969815e-02 -2.374252118e-02
    endloop
  endfacet
  facet normal -5.329133868e-01 1.583026460e-04 -8.461697698e-01
    outer loop
      vertex -1.576523483e-02 1.869969815e-02 -2.374252118e-02
      vertex -1.485536620e-02 -1.670027524e-02 -2.432217449e-02
      vertex -1.551779360e-02 -1.670029573e-02 -2.390498109e-02
    endloop
  endfacet
  facet normal -5.706843138e-01 -2.204439370e-04 -8.211694956e-01
    outer loop
      vertex -1.576523483e-02 1.869969815e-02 -2.374252118e-02
      vertex -1.551779360e-02 -1.670029573e-02 -2.390498109e-02
      vertex -1.675643399e-02 1.869988814e-02 -2.305367216e-02
    endloop
  endfacet
  facet normal -5.664129853e-01 2.840685131e-17 -8.241215348e-01
    outer loop
      vertex -1.675643399e-02 1.869988814e-02 -2.305367216e-02
      vertex -1.551779360e-02 -1.670029573e-02 -2.390498109e-02
      vertex -1.675643399e-02 -1.670014486e-02 -2.305367216e-02
    endloop
  endfacet
  facet normal -5.918841958e-01 2.659616122e-17 -8.060230017e-01
    outer loop
      vertex -1.675643399e-02 1.869988814e-02 -2.305367216e-02
      vertex -1.675643399e-02 -1.670014486e-02 -2.305367216e-02
      vertex -1.698068902e-02 -1.670011319e-02 -2.288899571e-02
    endloop
  endfacet
  facet normal -2.664007246e-01 2.817742061e-04 -9.638622999e-01
    outer loop
      vertex -6.730355322e-03 -1.670006290e-02 -2.769390307e-02
      vertex -8.447084576e-03 -1.670026034e-02 -2.721941844e-02
      vertex -8.710615337e-03 1.869973913e-02 -2.713623270e-02
    endloop
  endfacet
  facet normal -3.218513131e-01 -1.711379446e-04 -9.467902184e-01
    outer loop
      vertex -8.710615337e-03 1.869973913e-02 -2.713623270e-02
      vertex -8.447084576e-03 -1.670026034e-02 -2.721941844e-02
      vertex -9.891845286e-03 -1.670020446e-02 -2.672828734e-02
    endloop
  endfacet
  facet normal -3.287200332e-01 8.528738545e-05 -9.444274306e-01
    outer loop
      vertex -8.710615337e-03 1.869973913e-02 -2.713623270e-02
      vertex -9.891845286e-03 -1.670020446e-02 -2.672828734e-02
      vertex -1.002096385e-02 1.869985089e-02 -2.668014914e-02
    endloop
  endfacet
  facet normal -3.493333757e-01 4.152246497e-17 -9.369984865e-01
    outer loop
      vertex -1.002096385e-02 1.869985089e-02 -2.668014914e-02
      vertex -9.891845286e-03 -1.670020446e-02 -2.672828734e-02
      vertex -1.002096385e-02 -1.670018956e-02 -2.668014914e-02
    endloop
  endfacet
  facet normal -3.577111065e-01 4.108292436e-17 -9.338322878e-01
    outer loop
      vertex -1.002096385e-02 1.869985089e-02 -2.668014914e-02
      vertex -1.002096385e-02 -1.670018956e-02 -2.668014914e-02
      vertex -1.036779210e-02 1.869990677e-02 -2.654729411e-02
    endloop
  endfacet
  facet normal -3.533473313e-01 4.898318002e-05 -9.354922175e-01
    outer loop
      vertex -1.036779210e-02 1.869990677e-02 -2.654729411e-02
      vertex -1.002096385e-02 -1.670018956e-02 -2.668014914e-02
      vertex -1.011897996e-02 -1.670017652e-02 -2.664312720e-02
    endloop
  endfacet
  facet normal -3.923862875e-01 -2.678848105e-04 -9.198004603e-01
    outer loop
      vertex -1.036779210e-02 1.869990677e-02 -2.654729411e-02
      vertex -1.011897996e-02 -1.670017652e-02 -2.664312720e-02
      vertex -1.198759302e-02 1.870007999e-02 -2.585628815e-02
    endloop
  endfacet
  facet normal -3.837650120e-01 2.678806195e-04 -9.234307408e-01
    outer loop
      vertex -1.198759302e-02 1.870007999e-02 -2.585628815e-02
      vertex -1.011897996e-02 -1.670017652e-02 -2.664312720e-02
      vertex -1.174517348e-02 -1.670001075e-02 -2.596730366e-02
    endloop
  endfacet
  facet normal -4.298158586e-01 -1.118081200e-04 -9.029165506e-01
    outer loop
      vertex -1.198759302e-02 1.870007999e-02 -2.585628815e-02
      vertex -1.174517348e-02 -1.670001075e-02 -2.596730366e-02
      vertex -1.251057535e-02 1.870006882e-02 -2.560733259e-02
    endloop
  endfacet
  facet normal -4.262222350e-01 -1.680253081e-05 -9.046185017e-01
    outer loop
      vertex -1.251057535e-02 1.870006882e-02 -2.560733259e-02
      vertex -1.174517348e-02 -1.670001075e-02 -2.596730366e-02
      vertex -1.254661754e-02 -1.670000888e-02 -2.558969334e-02
    endloop
  endfacet
  facet normal -4.576204717e-01 2.287406096e-05 -8.891476393e-01
    outer loop
      vertex -1.251057535e-02 1.870006882e-02 -2.560733259e-02
      vertex -1.254661754e-02 -1.670000888e-02 -2.558969334e-02
      vertex -1.356812939e-02 1.869993657e-02 -2.506303787e-02
    endloop
  endfacet
  facet normal -4.539330602e-01 1.573686604e-04 -8.910357952e-01
    outer loop
      vertex -1.356812939e-02 1.869993657e-02 -2.506303787e-02
      vertex -1.254661754e-02 -1.670000888e-02 -2.558969334e-02
      vertex -1.332447305e-02 -1.670007221e-02 -2.519341931e-02
    endloop
  endfacet
  facet normal -4.707963765e-01 8.910967153e-06 -8.822419047e-01
    outer loop
      vertex -1.356812939e-02 1.869993657e-02 -2.506303787e-02
      vertex -1.332447305e-02 -1.670007221e-02 -2.519341931e-02
      vertex -1.351092383e-02 -1.670009457e-02 -2.509392239e-02
    endloop
  endfacet
  facet normal -2.785310447e-01 -4.509111168e-04 -9.604271054e-01
    outer loop
      vertex -8.710615337e-03 1.869973913e-02 -2.713623270e-02
      vertex -7.159277797e-03 1.869991608e-02 -2.758613229e-02
      vertex -6.730355322e-03 -1.670006290e-02 -2.769390307e-02
    endloop
  endfacet
  facet normal -2.487276942e-01 -6.499940355e-05 -9.685734510e-01
    outer loop
      vertex -6.730355322e-03 -1.670006290e-02 -2.769390307e-02
      vertex -7.159277797e-03 1.869991608e-02 -2.758613229e-02
      vertex -7.017619908e-03 1.869993471e-02 -2.762250975e-02
    endloop
  endfacet
  facet normal -2.294834256e-01 1.007220708e-04 -9.733125567e-01
    outer loop
      vertex -6.730355322e-03 -1.670006290e-02 -2.769390307e-02
      vertex -7.017619908e-03 1.869993471e-02 -2.762250975e-02
      vertex -6.349690259e-03 -1.670002565e-02 -2.778365463e-02
    endloop
  endfacet
  facet normal -2.345311791e-01 4.708223373e-17 -9.721086025e-01
    outer loop
      vertex -6.349690259e-03 -1.670002565e-02 -2.778365463e-02
      vertex -7.017619908e-03 1.869993471e-02 -2.762250975e-02
      vertex -6.349690259e-03 1.870001294e-02 -2.778365463e-02
    endloop
  endfacet
  facet normal -2.160891593e-01 4.789837644e-17 -9.763736129e-01
    outer loop
      vertex -6.349690259e-03 -1.670002565e-02 -2.778365463e-02
      vertex -6.349690259e-03 1.870001294e-02 -2.778365463e-02
      vertex -5.967184901e-03 -1.669999957e-02 -2.786830999e-02
    endloop
  endfacet
  facet normal -2.211603969e-01 -5.751299614e-05 -9.752374291e-01
    outer loop
      vertex -5.967184901e-03 -1.669999957e-02 -2.786830999e-02
      vertex -6.349690259e-03 1.870001294e-02 -2.778365463e-02
      vertex -6.256293505e-03 1.870002225e-02 -2.780483477e-02
    endloop
  endfacet
  facet normal -1.790569276e-01 3.017648123e-04 -9.838386774e-01
    outer loop
      vertex -5.967184901e-03 -1.669999957e-02 -2.786830999e-02
      vertex -6.256293505e-03 1.870002225e-02 -2.780483477e-02
      vertex -4.234202206e-03 -1.670004055e-02 -2.818370983e-02
    endloop
  endfacet
  facet normal -1.889265180e-01 -2.817702480e-04 -9.819911718e-01
    outer loop
      vertex -4.234202206e-03 -1.670004055e-02 -2.818370983e-02
      vertex -6.256293505e-03 1.870002225e-02 -2.780483477e-02
      vertex -4.507273436e-03 1.870002784e-02 -2.814133093e-02
    endloop
  endfacet
  facet normal -1.179862395e-01 2.786504920e-04 -9.930151701e-01
    outer loop
      vertex -4.234202206e-03 -1.670004055e-02 -2.818370983e-02
      vertex -4.507273436e-03 1.870002784e-02 -2.814133093e-02
      vertex -2.487771213e-03 -1.670022868e-02 -2.839121409e-02
    endloop
  endfacet
  facet normal -1.274389923e-01 -2.688575187e-04 -9.918463826e-01
    outer loop
      vertex -4.507273436e-03 1.870002784e-02 -2.814133093e-02
      vertex -2.753261477e-03 1.869983040e-02 -2.836669795e-02
      vertex -2.487771213e-03 -1.670022868e-02 -2.839121409e-02
    endloop
  endfacet
  facet normal -9.328075498e-02 -1.005339982e-05 -9.956398606e-01
    outer loop
      vertex -2.487771213e-03 -1.670022868e-02 -2.839121409e-02
      vertex -2.753261477e-03 1.869983040e-02 -2.836669795e-02
      vertex -2.563536167e-03 1.869981177e-02 -2.838447317e-02
    endloop
  endfacet
  facet normal -6.869176775e-02 4.295366307e-05 -9.976379275e-01
    outer loop
      vertex -2.487771213e-03 -1.670022868e-02 -2.839121409e-02
      vertex -2.563536167e-03 1.869981177e-02 -2.838447317e-02
      vertex -1.426983741e-03 -1.670023985e-02 -2.846425399e-02
    endloop
  endfacet
  facet normal -7.185444236e-02 -5.908911771e-05 -9.974151254e-01
    outer loop
      vertex -1.426983741e-03 -1.670023985e-02 -2.846425399e-02
      vertex -2.563536167e-03 1.869981177e-02 -2.838447317e-02
      vertex -1.531489310e-03 1.869978197e-02 -2.845882252e-02
    endloop
  endfacet
  facet normal -3.783537447e-02 4.162644109e-05 -9.992839694e-01
    outer loop
      vertex -1.426983741e-03 -1.670023985e-02 -2.846425399e-02
      vertex -1.531489310e-03 1.869978197e-02 -2.845882252e-02
      vertex -7.295460673e-04 -1.670017280e-02 -2.849066071e-02
    endloop
  endfacet
  facet normal -4.434449226e-02 -1.060705472e-04 -9.990162849e-01
    outer loop
      vertex -7.295460673e-04 -1.670017280e-02 -2.849066071e-02
      vertex -1.531489310e-03 1.869978197e-02 -2.845882252e-02
      vertex -9.960458847e-04 1.869982667e-02 -2.848258987e-02
    endloop
  endfacet
  facet normal 5.428560544e-03 2.688540262e-04 -9.999852180e-01
    outer loop
      vertex -7.295460673e-04 -1.670017280e-02 -2.849066071e-02
      vertex -9.960458847e-04 1.869982667e-02 -2.848258987e-02
      vertex 1.038856688e-03 -1.669998839e-02 -2.848106064e-02
    endloop
  endfacet
  facet normal -4.096541088e-03 -2.786816913e-04 -9.999915957e-01
    outer loop
      vertex 1.038856688e-03 -1.669998839e-02 -2.848106064e-02
      vertex -9.960458847e-04 1.869982667e-02 -2.848258987e-02
      vertex 7.626562146e-04 1.870002598e-02 -2.848979458e-02
    endloop
  endfacet
  facet normal 4.049024358e-02 6.939668674e-05 -9.991799593e-01
    outer loop
      vertex 1.038856688e-03 -1.669998839e-02 -2.848106064e-02
      vertex 7.626562146e-04 1.870002598e-02 -2.848979458e-02
      vertex 1.269001397e-03 -1.669997722e-02 -2.847173437e-02
    endloop
  endfacet
  facet normal 3.674483299e-02 1.575022725e-05 -9.993246794e-01
    outer loop
      vertex 1.269001397e-03 -1.669997722e-02 -2.847173437e-02
      vertex 7.626562146e-04 1.870002598e-02 -2.848979458e-02
      vertex 1.331586274e-03 1.870005764e-02 -2.846887521e-02
    endloop
  endfacet
  facet normal 7.169122249e-02 -4.618590901e-05 -9.974268675e-01
    outer loop
      vertex 1.269001397e-03 -1.669997722e-02 -2.847173437e-02
      vertex 1.331586274e-03 1.870005764e-02 -2.846887521e-02
      vertex 2.815872431e-03 -1.670001633e-02 -2.836055122e-02
    endloop
  endfacet
  facet normal 6.760600954e-02 -2.183469187e-04 -9.977120757e-01
    outer loop
      vertex 2.815872431e-03 -1.670001633e-02 -2.836055122e-02
      vertex 1.331586274e-03 1.870005764e-02 -2.846887521e-02
      vertex 2.521175891e-03 1.870002598e-02 -2.838826738e-02
    endloop
  endfacet
  facet normal 1.124614626e-01 1.582391415e-04 -9.936560988e-01
    outer loop
      vertex 2.815872431e-03 -1.670001633e-02 -2.836055122e-02
      vertex 2.521175891e-03 1.870002598e-02 -2.838826738e-02
      vertex 3.593750298e-03 -1.670009457e-02 -2.827251144e-02
    endloop
  endfacet
  facet normal 1.021361277e-01 -1.582478289e-04 -9.947704077e-01
    outer loop
      vertex 3.593750298e-03 -1.670009457e-02 -2.827251144e-02
      vertex 2.521175891e-03 1.870002598e-02 -2.838826738e-02
      vertex 3.299936652e-03 1.869994402e-02 -2.830830961e-02
    endloop
  endfacet
  facet normal 1.390859038e-01 1.529689034e-04 -9.902803302e-01
    outer loop
      vertex 3.593750298e-03 -1.670009457e-02 -2.827251144e-02
      vertex 3.299936652e-03 1.869994402e-02 -2.830830961e-02
      vertex 4.333484918e-03 -1.670017652e-02 -2.816861495e-02
    endloop
  endfacet
  facet normal 1.315334737e-01 -7.160315727e-05 -9.913117290e-01
    outer loop
      vertex 4.333484918e-03 -1.670017652e-02 -2.816861495e-02
      vertex 3.299936652e-03 1.869994402e-02 -2.830830961e-02
      vertex 4.196569324e-03 1.869982667e-02 -2.818933874e-02
    endloop
  endfacet
  facet normal 1.651378125e-01 6.131860573e-05 -9.862704873e-01
    outer loop
      vertex 4.333484918e-03 -1.670017652e-02 -2.816861495e-02
      vertex 4.196569324e-03 1.869982667e-02 -2.818933874e-02
      vertex 5.078580230e-03 -1.670022123e-02 -2.804385871e-02
    endloop
  endfacet
  facet normal 1.624105126e-01 -8.494248505e-06 -9.867233038e-01
    outer loop
      vertex 5.078580230e-03 -1.670022123e-02 -2.804385871e-02
      vertex 4.196569324e-03 1.869982667e-02 -2.818933874e-02
      vertex 5.059745163e-03 1.869975962e-02 -2.804726362e-02
    endloop
  endfacet
  facet normal 1.826691926e-01 2.626016567e-06 -9.831744432e-01
    outer loop
      vertex 5.078580230e-03 -1.670022123e-02 -2.804385871e-02
      vertex 5.059745163e-03 1.869975962e-02 -2.804726362e-02
      vertex 5.333442241e-03 -1.670021750e-02 -2.799650654e-02
    endloop
  endfacet
  facet normal 2.079634964e-01 2.054138895e-04 -9.781365395e-01
    outer loop
      vertex 5.333442241e-03 -1.670021750e-02 -2.799650654e-02
      vertex 5.059745163e-03 1.869975962e-02 -2.804726362e-02
      vertex 6.788473576e-03 1.869991794e-02 -2.767971531e-02
    endloop
  endfacet
  facet normal 2.173587084e-01 -1.990504679e-04 -9.760918021e-01
    outer loop
      vertex 5.333442241e-03 -1.670021750e-02 -2.799650654e-02
      vertex 6.788473576e-03 1.869991794e-02 -2.767971531e-02
      vertex 7.050111890e-03 -1.670006104e-02 -2.761423402e-02
    endloop
  endfacet
  facet normal 2.680820227e-01 1.993251644e-04 -9.633960724e-01
    outer loop
      vertex 7.050111890e-03 -1.670006104e-02 -2.761423402e-02
      vertex 6.788473576e-03 1.869991794e-02 -2.767971531e-02
      vertex 8.484922349e-03 1.870005950e-02 -2.720764838e-02
    endloop
  endfacet
  facet normal 2.771894932e-01 -1.994545746e-04 -9.608152509e-01
    outer loop
      vertex 7.050111890e-03 -1.670006104e-02 -2.761423402e-02
      vertex 8.484922349e-03 1.870005950e-02 -2.720764838e-02
      vertex 8.742138743e-03 -1.669996418e-02 -2.712609433e-02
    endloop
  endfacet
  facet normal 3.031862378e-01 7.600529898e-06 -9.529313445e-01
    outer loop
      vertex 8.484922349e-03 1.870005950e-02 -2.720764838e-02
      vertex 8.796270937e-03 1.870005950e-02 -2.710858919e-02
      vertex 8.742138743e-03 -1.669996418e-02 -2.712609433e-02
    endloop
  endfacet
  facet normal 3.269542456e-01 -3.264659244e-05 -9.450401664e-01
    outer loop
      vertex 8.742138743e-03 -1.669996418e-02 -2.712609433e-02
      vertex 8.796270937e-03 1.870005950e-02 -2.710858919e-02
      vertex 9.836636484e-03 1.869999431e-02 -2.674865536e-02
    endloop
  endfacet
  facet normal 3.274643719e-01 -5.030230022e-05 -9.448634982e-01
    outer loop
      vertex 8.742138743e-03 -1.669996418e-02 -2.712609433e-02
      vertex 9.836636484e-03 1.869999431e-02 -2.674865536e-02
      vertex 9.918872267e-03 -1.670001075e-02 -2.671827003e-02
    endloop
  endfacet
  facet normal 3.506083488e-01 1.062191041e-05 -9.365221858e-01
    outer loop
      vertex 9.918872267e-03 -1.670001075e-02 -2.671827003e-02
      vertex 9.836636484e-03 1.869999431e-02 -2.674865536e-02
      vertex 1.014767215e-02 1.869996451e-02 -2.663221210e-02
    endloop
  endfacet
  facet normal 3.566207290e-01 -3.376331370e-05 -9.342492223e-01
    outer loop
      vertex 9.918872267e-03 -1.670001075e-02 -2.671827003e-02
      vertex 1.014767215e-02 1.869996451e-02 -2.663221210e-02
      vertex 1.040767878e-02 -1.670004241e-02 -2.653168328e-02
    endloop
  endfacet
  facet normal 3.847934604e-01 2.050982293e-04 -9.230026603e-01
    outer loop
      vertex 1.040767878e-02 -1.670004241e-02 -2.653168328e-02
      vertex 1.014767215e-02 1.869996451e-02 -2.663221210e-02
      vertex 1.177507639e-02 1.869994216e-02 -2.595375851e-02
    endloop
  endfacet
  facet normal 3.940973878e-01 -2.185101330e-04 -9.190686941e-01
    outer loop
      vertex 1.040767878e-02 -1.670004241e-02 -2.653168328e-02
      vertex 1.177507639e-02 1.869994216e-02 -2.595375851e-02
      vertex 1.204462722e-02 -1.670002751e-02 -2.582975850e-02
    endloop
  endfacet
  facet normal 4.178960621e-01 -2.581385843e-07 -9.084948301e-01
    outer loop
      vertex 1.204462722e-02 -1.670002751e-02 -2.582975850e-02
      vertex 1.177507639e-02 1.869994216e-02 -2.595375851e-02
      vertex 1.204460859e-02 1.870000362e-02 -2.582977712e-02
    endloop
  endfacet
  facet normal -7.782955766e-01 8.965421330e-06 6.278980970e-01
    outer loop
      vertex -2.225482091e-02 -1.670010947e-02 1.780373044e-02
      vertex -2.210776135e-02 -1.670013368e-02 1.798601449e-02
      vertex -2.206870541e-02 1.869993471e-02 1.803391986e-02
    endloop
  endfacet
  facet normal 4.178231061e-01 5.851532592e-07 9.085283875e-01
    outer loop
      vertex 1.204463094e-02 -1.670003496e-02 2.582979202e-02
      vertex 1.204464212e-02 1.870001294e-02 2.582976408e-02
      vertex 1.177510247e-02 -1.670004055e-02 2.595374547e-02
    endloop
  endfacet
  facet normal 3.940922022e-01 2.181977034e-04 9.190708995e-01
    outer loop
      vertex 1.177510247e-02 -1.670004055e-02 2.595374547e-02
      vertex 1.204464212e-02 1.870001294e-02 2.582976408e-02
      vertex 1.040768996e-02 1.869994029e-02 2.653167956e-02
    endloop
  endfacet
  facet normal 3.847946525e-01 -2.051248011e-04 9.230021834e-01
    outer loop
      vertex 1.177510247e-02 -1.670004055e-02 2.595374547e-02
      vertex 1.040768996e-02 1.869994029e-02 2.653167956e-02
      vertex 1.014769077e-02 -1.670002565e-02 2.663220465e-02
    endloop
  endfacet
  facet normal 3.520552516e-01 7.218442624e-05 9.359792471e-01
    outer loop
      vertex 1.014769077e-02 -1.670002565e-02 2.663220465e-02
      vertex 1.040768996e-02 1.869994029e-02 2.653167956e-02
      vertex 9.918905795e-03 -1.670001075e-02 2.671825886e-02
    endloop
  endfacet
  facet normal 3.551817536e-01 2.278563079e-05 9.347972870e-01
    outer loop
      vertex 9.918905795e-03 -1.670001075e-02 2.671825886e-02
      vertex 1.040768996e-02 1.869994029e-02 2.653167956e-02
      vertex 9.836595505e-03 1.869999431e-02 2.674867027e-02
    endloop
  endfacet
  facet normal 3.229886293e-01 -6.203824159e-05 9.464028478e-01
    outer loop
      vertex 9.918905795e-03 -1.670001075e-02 2.671825886e-02
      vertex 9.836595505e-03 1.869999431e-02 2.674867027e-02
      vertex 8.484940976e-03 -1.669996604e-02 2.720764279e-02
    endloop
  endfacet
  facet normal 3.260101974e-01 -1.908487611e-04 9.453662038e-01
    outer loop
      vertex 8.484940976e-03 -1.669996604e-02 2.720764279e-02
      vertex 9.836595505e-03 1.869999431e-02 2.674867027e-02
      vertex 8.742149919e-03 1.870005950e-02 2.712609060e-02
    endloop
  endfacet
  facet normal 2.908962667e-01 9.051731467e-05 9.567546248e-01
    outer loop
      vertex 8.484940976e-03 -1.669996604e-02 2.720764279e-02
      vertex 8.742149919e-03 1.870005950e-02 2.712609060e-02
      vertex 8.095815778e-03 -1.669997722e-02 2.732595429e-02
    endloop
  endfacet
  facet normal 2.954245806e-01 -4.423850921e-17 9.553660750e-01
    outer loop
      vertex 8.095815778e-03 -1.669997722e-02 2.732595429e-02
      vertex 8.742149919e-03 1.870005950e-02 2.712609060e-02
      vertex 8.095815778e-03 1.870004833e-02 2.732595429e-02
    endloop
  endfacet
  facet normal 2.612025440e-01 -4.586515657e-17 9.652839899e-01
    outer loop
      vertex 8.095815778e-03 -1.669997722e-02 2.732595429e-02
      vertex 8.095815778e-03 1.870004833e-02 2.732595429e-02
      vertex 6.788492203e-03 -1.670009084e-02 2.767971158e-02
    endloop
  endfacet
  facet normal 2.657670081e-01 -1.810235990e-04 9.640372992e-01
    outer loop
      vertex 6.788492203e-03 -1.670009084e-02 2.767971158e-02
      vertex 8.095815778e-03 1.870004833e-02 2.732595429e-02
      vertex 7.050123066e-03 1.869995147e-02 2.761423215e-02
    endloop
  endfacet
  facet normal 2.079634964e-01 2.722638601e-04 9.781365395e-01
    outer loop
      vertex 6.788492203e-03 -1.670009084e-02 2.767971158e-02
      vertex 7.050123066e-03 1.869995147e-02 2.761423215e-02
      vertex 5.059763789e-03 -1.670022495e-02 2.804725990e-02
    endloop
  endfacet
  facet normal 2.173587233e-01 -2.809909638e-04 9.760917425e-01
    outer loop
      vertex 5.059763789e-03 -1.670022495e-02 2.804725990e-02
      vertex 7.050123066e-03 1.869995147e-02 2.761423215e-02
      vertex 5.333453417e-03 1.869976334e-02 2.799650468e-02
    endloop
  endfacet
  facet normal 1.671423763e-01 1.213587675e-04 9.859327674e-01
    outer loop
      vertex 5.059763789e-03 -1.670022495e-02 2.804725990e-02
      vertex 5.333453417e-03 1.869976334e-02 2.799650468e-02
      vertex 4.466768354e-03 -1.670019142e-02 2.814778872e-02
    endloop
  endfacet
  facet normal 1.719547808e-01 -4.976890974e-17 9.851048589e-01
    outer loop
      vertex 4.466768354e-03 -1.670019142e-02 2.814778872e-02
      vertex 5.333453417e-03 1.869976334e-02 2.799650468e-02
      vertex 4.466768354e-03 1.869979687e-02 2.814778872e-02
    endloop
  endfacet
  facet normal 1.362864375e-01 -5.119711317e-17 9.906694889e-01
    outer loop
      vertex 4.466768354e-03 -1.670019142e-02 2.814778872e-02
      vertex 4.466768354e-03 1.869979687e-02 2.814778872e-02
      vertex 3.299951553e-03 -1.670006290e-02 2.830830775e-02
    endloop
  endfacet
  facet normal 1.414301991e-01 -1.728144562e-04 9.899482131e-01
    outer loop
      vertex 3.299951553e-03 -1.670006290e-02 2.830830775e-02
      vertex 4.466768354e-03 1.869979687e-02 2.814778872e-02
      vertex 3.593765199e-03 1.869990490e-02 2.827251144e-02
    endloop
  endfacet
  facet normal 1.021361575e-01 1.581955439e-04 9.947704077e-01
    outer loop
      vertex 3.299951553e-03 -1.670006290e-02 2.830830775e-02
      vertex 3.593765199e-03 1.869990490e-02 2.827251144e-02
      vertex 2.521190792e-03 -1.669999398e-02 2.838826552e-02
    endloop
  endfacet
  facet normal 1.124596074e-01 -1.582356053e-04 9.936562777e-01
    outer loop
      vertex 2.521190792e-03 -1.669999398e-02 2.838826552e-02
      vertex 3.593765199e-03 1.869990490e-02 2.827251144e-02
      vertex 2.815891057e-03 1.869999990e-02 2.836054936e-02
    endloop
  endfacet
  facet normal 6.984295696e-02 1.995971834e-04 9.975579977e-01
    outer loop
      vertex 2.521190792e-03 -1.669999398e-02 2.838826552e-02
      vertex 2.815891057e-03 1.869999990e-02 2.836054936e-02
      vertex 1.459188643e-03 -1.669996977e-02 2.846262045e-02
    endloop
  endfacet
  facet normal 6.766036153e-02 2.836786734e-04 9.977083802e-01
    outer loop
      vertex 1.459188643e-03 -1.669996977e-02 2.846262045e-02
      vertex 2.815891057e-03 1.869999990e-02 2.836054936e-02
      vertex 1.038879040e-03 1.870004460e-02 2.848105878e-02
    endloop
  endfacet
  facet normal 3.898195550e-02 -5.762197543e-05 9.992399216e-01
    outer loop
      vertex 1.459188643e-03 -1.669996977e-02 2.846262045e-02
      vertex 1.038879040e-03 1.870004460e-02 2.848105878e-02
      vertex 7.626711158e-04 -1.670000702e-02 2.848979272e-02
    endloop
  endfacet
  facet normal 3.158771247e-02 1.358339858e-07 9.995009899e-01
    outer loop
      vertex 7.626711158e-04 -1.670000702e-02 2.848979272e-02
      vertex 1.038879040e-03 1.870004460e-02 2.848105878e-02
      vertex 7.615758805e-04 1.870002598e-02 2.848982252e-02
    endloop
  endfacet
  facet normal -4.095513374e-03 -9.685760460e-07 9.999915957e-01
    outer loop
      vertex 7.626711158e-04 -1.670000702e-02 2.848979272e-02
      vertex 7.615758805e-04 1.870002598e-02 2.848982252e-02
      vertex -9.960309835e-04 -1.670020446e-02 2.848258987e-02
    endloop
  endfacet
  facet normal 5.621552700e-04 -2.322215878e-04 9.999998212e-01
    outer loop
      vertex -9.960309835e-04 -1.670020446e-02 2.848258987e-02
      vertex 7.615758805e-04 1.870002598e-02 2.848982252e-02
      vertex -7.295237156e-04 1.869985647e-02 2.849066071e-02
    endloop
  endfacet
  facet normal -4.250977188e-02 9.224891255e-05 9.990960360e-01
    outer loop
      vertex -9.960309835e-04 -1.670020446e-02 2.848258987e-02
      vertex -7.295237156e-04 1.869985647e-02 2.849066071e-02
      vertex -1.426886884e-03 -1.670024358e-02 2.846425772e-02
    endloop
  endfacet
  facet normal -3.966987133e-02 3.621731958e-05 9.992128611e-01
    outer loop
      vertex -1.426886884e-03 -1.670024358e-02 2.846425772e-02
      vertex -7.295237156e-04 1.869985647e-02 2.849066071e-02
      vertex -1.531470683e-03 1.869978197e-02 2.845882252e-02
    endloop
  endfacet
  facet normal -7.335495949e-02 -6.359275721e-05 9.973058701e-01
    outer loop
      vertex -1.426886884e-03 -1.670024358e-02 2.846425772e-02
      vertex -1.531470683e-03 1.869978197e-02 2.845882252e-02
      vertex -2.753246576e-03 -1.670021005e-02 2.836669981e-02
    endloop
  endfacet
  facet normal -7.052157074e-02 -1.619146351e-04 9.975102544e-01
    outer loop
      vertex -2.753246576e-03 -1.670021005e-02 2.836669981e-02
      vertex -1.531470683e-03 1.869978197e-02 2.845882252e-02
      vertex -2.487748861e-03 1.869980432e-02 2.839121595e-02
    endloop
  endfacet
  facet normal -1.001786515e-01 6.227106496e-05 9.949694872e-01
    outer loop
      vertex -2.753246576e-03 -1.670021005e-02 2.836669981e-02
      vertex -2.487748861e-03 1.869980432e-02 2.839121595e-02
      vertex -2.956595272e-03 -1.670018770e-02 2.834622562e-02
    endloop
  endfacet
  facet normal -9.552085400e-02 -5.872063186e-17 9.954274297e-01
    outer loop
      vertex -2.956595272e-03 -1.670018770e-02 2.834622562e-02
      vertex -2.487748861e-03 1.869980432e-02 2.839121595e-02
      vertex -2.956595272e-03 1.869985275e-02 2.834622562e-02
    endloop
  endfacet
  facet normal -1.309938133e-01 -5.960475559e-17 9.913831949e-01
    outer loop
      vertex -2.956595272e-03 -1.670018770e-02 2.834622562e-02
      vertex -2.956595272e-03 1.869985275e-02 2.834622562e-02
      vertex -4.507258534e-03 -1.670001820e-02 2.814133279e-02
    endloop
  endfacet
  facet normal -1.261858344e-01 -2.142184530e-04 9.920065999e-01
    outer loop
      vertex -4.507258534e-03 -1.670001820e-02 2.814133279e-02
      vertex -2.956595272e-03 1.869985275e-02 2.834622562e-02
      vertex -4.234179854e-03 1.870000549e-02 2.818371356e-02
    endloop
  endfacet
  facet normal -1.889265180e-01 2.817587228e-04 9.819911718e-01
    outer loop
      vertex -4.507258534e-03 -1.670001820e-02 2.814133279e-02
      vertex -4.234179854e-03 1.870000549e-02 2.818371356e-02
      vertex -6.256278604e-03 -1.670001820e-02 2.780483663e-02
    endloop
  endfacet
  facet normal -1.790559143e-01 -3.018389107e-04 9.838388562e-01
    outer loop
      vertex -6.256278604e-03 -1.670001820e-02 2.780483663e-02
      vertex -4.234179854e-03 1.870000549e-02 2.818371356e-02
      vertex -5.967162549e-03 1.870004274e-02 2.786831558e-02
    endloop
  endfacet
  facet normal -2.259793729e-01 9.879601566e-05 9.741320610e-01
    outer loop
      vertex -6.256278604e-03 -1.670001820e-02 2.780483663e-02
      vertex -5.967162549e-03 1.870004274e-02 2.786831558e-02
      vertex -6.624367088e-03 -1.670005172e-02 2.771944739e-02
    endloop
  endfacet
  facet normal -2.227857113e-01 3.641333387e-05 9.748674631e-01
    outer loop
      vertex -6.624367088e-03 -1.670005172e-02 2.771944739e-02
      vertex -5.967162549e-03 1.870004274e-02 2.786831558e-02
      vertex -6.730325520e-03 1.869997196e-02 2.769391052e-02
    endloop
  endfacet
  facet normal -2.393377125e-01 -1.596546281e-05 9.709363580e-01
    outer loop
      vertex -6.624367088e-03 -1.670005172e-02 2.771944739e-02
      vertex -6.730325520e-03 1.869997196e-02 2.769391052e-02
      vertex -7.017605007e-03 -1.670009643e-02 2.762251347e-02
    endloop
  endfacet
  facet normal -2.663997412e-01 2.179158764e-04 9.638625979e-01
    outer loop
      vertex -7.017605007e-03 -1.670009643e-02 2.762251347e-02
      vertex -6.730325520e-03 1.869997196e-02 2.769391052e-02
      vertex -8.447054774e-03 1.869975403e-02 2.721942775e-02
    endloop
  endfacet
  facet normal -2.760656476e-01 -2.034096105e-04 9.611387849e-01
    outer loop
      vertex -7.017605007e-03 -1.670009643e-02 2.762251347e-02
      vertex -8.447054774e-03 1.869975403e-02 2.721942775e-02
      vertex -8.710600436e-03 -1.670027897e-02 2.713623829e-02
    endloop
  endfacet
  facet normal -3.315241039e-01 2.510427148e-04 9.434466958e-01
    outer loop
      vertex -8.710600436e-03 -1.670027897e-02 2.713623829e-02
      vertex -8.447054774e-03 1.869975403e-02 2.721942775e-02
      vertex -1.017922536e-02 -1.670017093e-02 2.662016824e-02
    endloop
  endfacet
  facet normal -3.216379881e-01 -2.905252913e-04 9.468626380e-01
    outer loop
      vertex -1.017922536e-02 -1.670017093e-02 2.662016824e-02
      vertex -8.447054774e-03 1.869975403e-02 2.721942775e-02
      vertex -9.879872203e-03 1.869982854e-02 2.673271671e-02
    endloop
  endfacet
  facet normal -3.508627713e-01 -1.021278877e-05 9.364268780e-01
    outer loop
      vertex -1.017922536e-02 -1.670017093e-02 2.662016824e-02
      vertex -9.879872203e-03 1.869982854e-02 2.673271671e-02
      vertex -1.011895016e-02 1.869986579e-02 2.664313838e-02
    endloop
  endfacet
  facet normal -4.304475188e-01 1.170689211e-04 9.026156068e-01
    outer loop
      vertex -1.254659146e-02 -1.670000888e-02 2.558970638e-02
      vertex -1.198757812e-02 -1.670000143e-02 2.585629374e-02
      vertex -1.174514368e-02 1.870007068e-02 2.596731670e-02
    endloop
  endfacet
  facet normal -3.837641776e-01 -2.679204918e-04 9.234310985e-01
    outer loop
      vertex -1.174514368e-02 1.870007068e-02 2.596731670e-02
      vertex -1.198757812e-02 -1.670000143e-02 2.585629374e-02
      vertex -1.011895016e-02 1.869986579e-02 2.664313838e-02
    endloop
  endfacet
  facet normal -3.923862278e-01 2.679049794e-04 9.198005199e-01
    outer loop
      vertex -1.011895016e-02 1.869986579e-02 2.664313838e-02
      vertex -1.198757812e-02 -1.670000143e-02 2.585629374e-02
      vertex -1.036777720e-02 -1.670014672e-02 2.654729970e-02
    endloop
  endfacet
  facet normal -3.604809046e-01 8.538940165e-06 9.327666163e-01
    outer loop
      vertex -1.011895016e-02 1.869986579e-02 2.664313838e-02
      vertex -1.036777720e-02 -1.670014672e-02 2.654729970e-02
      vertex -1.017922536e-02 -1.670017093e-02 2.662016824e-02
    endloop
  endfacet
  facet normal -4.255847037e-01 -1.759033694e-05 9.049186110e-01
    outer loop
      vertex -1.174514368e-02 1.870007068e-02 2.596731670e-02
      vertex -1.251050085e-02 1.870006882e-02 2.560736798e-02
      vertex -1.254659146e-02 -1.670000888e-02 2.558970638e-02
    endloop
  endfacet
  facet normal -4.533030093e-01 1.743501343e-05 8.913564682e-01
    outer loop
      vertex -1.254659146e-02 -1.670000888e-02 2.558970638e-02
      vertex -1.251050085e-02 1.870006882e-02 2.560736798e-02
      vertex -1.332444325e-02 1.869997755e-02 2.519343421e-02
    endloop
  endfacet
  facet normal -4.582466781e-01 -1.195300792e-04 8.888250589e-01
    outer loop
      vertex -1.254659146e-02 -1.670000888e-02 2.558970638e-02
      vertex -1.332444325e-02 1.869997755e-02 2.519343421e-02
      vertex -1.356811449e-02 -1.670010388e-02 2.506304532e-02
    endloop
  endfacet
  facet normal -4.716677070e-01 -1.185880933e-06 8.817763925e-01
    outer loop
      vertex -1.356811449e-02 -1.670010388e-02 2.506304532e-02
      vertex -1.332444325e-02 1.869997755e-02 2.519343421e-02
      vertex -1.356056705e-02 1.869993843e-02 2.506713010e-02
    endloop
  endfacet
  facet normal -5.033211112e-01 7.602473488e-06 8.640994430e-01
    outer loop
      vertex -1.356811449e-02 -1.670010388e-02 2.506304532e-02
      vertex -1.356056705e-02 1.869993843e-02 2.506713010e-02
      vertex -1.510715857e-02 -1.670029387e-02 2.416658215e-02
    endloop
  endfacet
  facet normal -4.986958206e-01 -2.625843626e-04 8.667770028e-01
    outer loop
      vertex -1.510715857e-02 -1.670029387e-02 2.416658215e-02
      vertex -1.356056705e-02 1.869993843e-02 2.506713010e-02
      vertex -1.485533267e-02 1.869970188e-02 2.432219312e-02
    endloop
  endfacet
  facet normal -5.416704416e-01 1.582342084e-04 8.405908942e-01
    outer loop
      vertex -1.510715857e-02 -1.670029387e-02 2.416658215e-02
      vertex -1.485533267e-02 1.869970188e-02 2.432219312e-02
      vertex -1.576521993e-02 -1.670027897e-02 2.374253236e-02
    endloop
  endfacet
  facet normal -5.329108238e-01 -1.582938130e-04 8.461713791e-01
    outer loop
      vertex -1.576521993e-02 -1.670027897e-02 2.374253236e-02
      vertex -1.485533267e-02 1.869970188e-02 2.432219312e-02
      vertex -1.551776752e-02 1.869967394e-02 2.390499786e-02
    endloop
  endfacet
  facet normal -5.698707700e-01 2.122158039e-04 8.217343092e-01
    outer loop
      vertex -1.576521993e-02 -1.670027897e-02 2.374253236e-02
      vertex -1.551776752e-02 1.869967394e-02 2.390499786e-02
      vertex -1.671076193e-02 -1.670015231e-02 2.308680117e-02
    endloop
  endfacet
  facet normal -5.655957460e-01 -6.387781843e-17 8.246826530e-01
    outer loop
      vertex -1.671076193e-02 -1.670015231e-02 2.308680117e-02
      vertex -1.551776752e-02 1.869967394e-02 2.390499786e-02
      vertex -1.671076193e-02 1.869987883e-02 2.308680117e-02
    endloop
  endfacet
  facet normal -5.949875116e-01 -6.362519747e-17 8.037349582e-01
    outer loop
      vertex -1.671076193e-02 -1.670015231e-02 2.308680117e-02
      vertex -1.671076193e-02 1.869987883e-02 2.308680117e-02
      vertex -1.720182225e-02 -1.670008339e-02 2.272327989e-02
    endloop
  endfacet
  facet normal -5.910851359e-01 -8.364785754e-05 8.066091537e-01
    outer loop
      vertex -1.720182225e-02 -1.670008339e-02 2.272327989e-02
      vertex -1.671076193e-02 1.869987883e-02 2.308680117e-02
      vertex -1.698066667e-02 1.869993471e-02 2.288901433e-02
    endloop
  endfacet
  facet normal -6.278878450e-01 2.787898702e-04 7.783037424e-01
    outer loop
      vertex -1.720182225e-02 -1.670008339e-02 2.272327989e-02
      vertex -1.698066667e-02 1.869993471e-02 2.288901433e-02
      vertex -1.857063547e-02 -1.670002937e-02 2.161900513e-02
    endloop
  endfacet
  facet normal -6.204423904e-01 -2.690159890e-04 7.842519879e-01
    outer loop
      vertex -1.698066667e-02 1.869993471e-02 2.288901433e-02
      vertex -1.836756244e-02 1.870008186e-02 2.179180458e-02
      vertex -1.857063547e-02 -1.670002937e-02 2.161900513e-02
    endloop
  endfacet
  facet normal -6.634577513e-01 1.536563504e-04 7.482137084e-01
    outer loop
      vertex -1.857063547e-02 -1.670002937e-02 2.161900513e-02
      vertex -1.836756244e-02 1.870008186e-02 2.179180458e-02
      vertex -1.943758503e-02 1.869995333e-02 2.084299177e-02
    endloop
  endfacet
  facet normal -6.694297791e-01 -1.096223932e-04 7.428753376e-01
    outer loop
      vertex -1.857063547e-02 -1.670002937e-02 2.161900513e-02
      vertex -1.943758503e-02 1.869995333e-02 2.084299177e-02
      vertex -1.957610622e-02 -1.670015603e-02 2.071294188e-02
    endloop
  endfacet
  facet normal -6.862606406e-01 1.325188532e-05 7.273557186e-01
    outer loop
      vertex -1.957610622e-02 -1.670015603e-02 2.071294188e-02
      vertex -1.943758503e-02 1.869995333e-02 2.084299177e-02
      vertex -1.967838034e-02 1.869990304e-02 2.061580122e-02
    endloop
  endfacet
  facet normal -6.920537949e-01 -1.860435623e-05 7.218459249e-01
    outer loop
      vertex -1.957610622e-02 -1.670015603e-02 2.071294188e-02
      vertex -1.967838034e-02 1.869990304e-02 2.061580122e-02
      vertex -1.987040415e-02 -1.670020632e-02 2.043079026e-02
    endloop
  endfacet
  facet normal -7.124596834e-01 1.973052422e-04 7.017130256e-01
    outer loop
      vertex -1.987040415e-02 -1.670020632e-02 2.043079026e-02
      vertex -1.967838034e-02 1.869990304e-02 2.061580122e-02
      vertex -2.091249451e-02 1.869973354e-02 1.936278678e-02
    endloop
  endfacet
  facet normal -7.636945844e-01 -3.106842269e-05 6.455776691e-01
    outer loop
      vertex -2.206870541e-02 1.869993471e-02 1.803391986e-02
      vertex -2.210776135e-02 -1.670013368e-02 1.798601449e-02
      vertex -2.145584300e-02 1.869980432e-02 1.875891350e-02
    endloop
  endfacet
  facet normal -7.672647834e-01 1.274096576e-04 6.413304806e-01
    outer loop
      vertex -2.145584300e-02 1.869980432e-02 1.875891350e-02
      vertex -2.210776135e-02 -1.670013368e-02 1.798601449e-02
      vertex -2.162230387e-02 -1.670022495e-02 1.856679842e-02
    endloop
  endfacet
  facet normal -7.433782816e-01 -1.343742624e-04 6.688712239e-01
    outer loop
      vertex -2.145584300e-02 1.869980432e-02 1.875891350e-02
      vertex -2.162230387e-02 -1.670022495e-02 1.856679842e-02
      vertex -2.091249451e-02 1.869973354e-02 1.936278678e-02
    endloop
  endfacet
  facet normal -7.495735884e-01 1.461295760e-04 6.619209647e-01
    outer loop
      vertex -2.091249451e-02 1.869973354e-02 1.936278678e-02
      vertex -2.162230387e-02 -1.670022495e-02 1.856679842e-02
      vertex -2.109927312e-02 -1.670029946e-02 1.915908977e-02
    endloop
  endfacet
  facet normal -7.191131115e-01 -2.043130517e-04 6.948930025e-01
    outer loop
      vertex -2.091249451e-02 1.869973354e-02 1.936278678e-02
      vertex -2.109927312e-02 -1.670029946e-02 1.915908977e-02
      vertex -1.987040415e-02 -1.670020632e-02 2.043079026e-02
    endloop
  endfacet
  facet normal -7.893746495e-01 1.581597026e-04 6.139118075e-01
    outer loop
      vertex -2.225482091e-02 -1.670010947e-02 1.780373044e-02
      vertex -2.206870541e-02 1.869993471e-02 1.803391986e-02
      vertex -2.273542061e-02 -1.670004986e-02 1.718576998e-02
    endloop
  endfacet
  facet normal -7.829591632e-01 -1.582058321e-04 6.220731139e-01
    outer loop
      vertex -2.273542061e-02 -1.670004986e-02 1.718576998e-02
      vertex -2.206870541e-02 1.869993471e-02 1.803391986e-02
      vertex -2.255569771e-02 1.870002225e-02 1.742097735e-02
    endloop
  endfacet
  facet normal -8.093734980e-01 2.069779002e-04 5.872941613e-01
    outer loop
      vertex -2.273542061e-02 -1.670004986e-02 1.718576998e-02
      vertex -2.255569771e-02 1.870002225e-02 1.742097735e-02
      vertex -2.339005098e-02 -1.670004986e-02 1.628359780e-02
    endloop
  endfacet
  facet normal -8.035742044e-01 -1.838621683e-04 5.952045321e-01
    outer loop
      vertex -2.339005098e-02 -1.670004986e-02 1.628359780e-02
      vertex -2.255569771e-02 1.870002225e-02 1.742097735e-02
      vertex -2.323881164e-02 1.870006137e-02 1.649871841e-02
    endloop
  endfacet
  facet normal -8.271353841e-01 1.185600486e-04 5.620027184e-01
    outer loop
      vertex -2.339005098e-02 -1.670004986e-02 1.628359780e-02
      vertex -2.323881164e-02 1.870006137e-02 1.649871841e-02
      vertex -2.375366166e-02 -1.670009829e-02 1.574844867e-02
    endloop
  endfacet
  facet normal -8.217824101e-01 -1.245782769e-04 5.698014498e-01
    outer loop
      vertex -2.375366166e-02 -1.670009829e-02 1.574844867e-02
      vertex -2.323881164e-02 1.870006137e-02 1.649871841e-02
      vertex -2.359983698e-02 1.870002970e-02 1.597803831e-02
    endloop
  endfacet
  facet normal -8.425050378e-01 1.672537182e-04 5.386884212e-01
    outer loop
      vertex -2.375366166e-02 -1.670009829e-02 1.574844867e-02
      vertex -2.359983698e-02 1.870002970e-02 1.597803831e-02
      vertex -2.426258102e-02 -1.670021005e-02 1.495250221e-02
    endloop
  endfacet
  facet normal -8.398830891e-01 -5.668151254e-17 5.427673459e-01
    outer loop
      vertex -2.426258102e-02 -1.670021005e-02 1.495250221e-02
      vertex -2.359983698e-02 1.870002970e-02 1.597803831e-02
      vertex -2.426258102e-02 1.869989373e-02 1.495250221e-02
    endloop
  endfacet
  facet normal -8.587261438e-01 -5.557322286e-17 5.124347806e-01
    outer loop
      vertex -2.426258102e-02 -1.670021005e-02 1.495250221e-02
      vertex -2.426258102e-02 1.869989373e-02 1.495250221e-02
      vertex -2.467979863e-02 -1.670029946e-02 1.425333880e-02
    endloop
  endfacet
  facet normal -8.563216329e-01 -1.074998654e-04 5.164428949e-01
    outer loop
      vertex -2.467979863e-02 -1.670029946e-02 1.425333880e-02
      vertex -2.426258102e-02 1.869989373e-02 1.495250221e-02
      vertex -2.454536781e-02 1.869982854e-02 1.448360924e-02
    endloop
  endfacet
  facet normal -8.701637983e-01 9.910056542e-05 4.927626252e-01
    outer loop
      vertex -2.467979863e-02 -1.670029946e-02 1.425333880e-02
      vertex -2.454536781e-02 1.869982854e-02 1.448360924e-02
      vertex -2.491760626e-02 -1.670032926e-02 1.383339707e-02
    endloop
  endfacet
  facet normal -8.765302896e-01 3.757291997e-04 4.813465774e-01
    outer loop
      vertex -2.491760626e-02 -1.670032926e-02 1.383339707e-02
      vertex -2.454536781e-02 1.869982854e-02 1.448360924e-02
      vertex -2.539303526e-02 1.869983040e-02 1.294001006e-02
    endloop
  endfacet
  facet normal -8.849701881e-01 -1.338109869e-04 4.656476378e-01
    outer loop
      vertex -2.491760626e-02 -1.670032926e-02 1.383339707e-02
      vertex -2.539303526e-02 1.869983040e-02 1.294001006e-02
      vertex -2.551298216e-02 -1.670025103e-02 1.270187646e-02
    endloop
  endfacet
  facet normal -9.039856195e-01 1.868132676e-04 4.275628030e-01
    outer loop
      vertex -2.551298216e-02 -1.670025103e-02 1.270187646e-02
      vertex -2.539303526e-02 1.869983040e-02 1.294001006e-02
      vertex -2.600381896e-02 -1.670012064e-02 1.166411210e-02
    endloop
  endfacet
  facet normal -9.019768834e-01 -5.241195032e-17 4.317843616e-01
    outer loop
      vertex -2.600381896e-02 -1.670012064e-02 1.166411210e-02
      vertex -2.539303526e-02 1.869983040e-02 1.294001006e-02
      vertex -2.600381896e-02 1.869999431e-02 1.166411210e-02
    endloop
  endfacet
  facet normal -9.168196917e-01 -5.105804095e-17 3.993015289e-01
    outer loop
      vertex -2.600381896e-02 -1.670012064e-02 1.166411210e-02
      vertex -2.600381896e-02 1.869999431e-02 1.166411210e-02
      vertex -2.625164017e-02 -1.670007221e-02 1.109510008e-02
    endloop
  endfacet
  facet normal -9.148716927e-01 -8.505538426e-05 4.037446976e-01
    outer loop
      vertex -2.625164017e-02 -1.670007221e-02 1.109510008e-02
      vertex -2.600381896e-02 1.869999431e-02 1.166411210e-02
      vertex -2.614282444e-02 1.870002598e-02 1.134913042e-02
    endloop
  endfacet
  facet normal -9.328241944e-01 2.816586930e-04 3.603317440e-01
    outer loop
      vertex -2.625164017e-02 -1.670007221e-02 1.109510008e-02
      vertex -2.614282444e-02 1.870002598e-02 1.134913042e-02
      vertex -2.689342573e-02 -1.670010947e-02 9.433650412e-03
    endloop
  endfacet
  facet normal -9.291604161e-01 -3.016681294e-04 3.696765900e-01
    outer loop
      vertex -2.689342573e-02 -1.670010947e-02 9.433650412e-03
      vertex -2.614282444e-02 1.870002598e-02 1.134913042e-02
      vertex -2.679399028e-02 1.870002598e-02 9.712463245e-03
    endloop
  endfacet
  facet normal -9.480869174e-01 1.584120473e-04 3.180113137e-01
    outer loop
      vertex -2.689342573e-02 -1.670010947e-02 9.433650412e-03
      vertex -2.679399028e-02 1.870002598e-02 9.712463245e-03
      vertex -2.714237943e-02 -1.670019515e-02 8.691444993e-03
    endloop
  endfacet
  facet normal -9.447307587e-01 -1.583068952e-04 3.278472722e-01
    outer loop
      vertex -2.714237943e-02 -1.670019515e-02 8.691444993e-03
      vertex -2.679399028e-02 1.870002598e-02 9.712463245e-03
      vertex -2.705064788e-02 1.869994588e-02 8.972873911e-03
    endloop
  endfacet
  facet normal -9.552040696e-01 1.224296866e-04 2.959479690e-01
    outer loop
      vertex -2.714237943e-02 -1.670019515e-02 8.691444993e-03
      vertex -2.705064788e-02 1.869994588e-02 8.972873911e-03
      vertex -2.730179951e-02 -1.670025848e-02 8.176899515e-03
    endloop
  endfacet
  facet normal -9.536544681e-01 -4.670231629e-17 3.009039760e-01
    outer loop
      vertex -2.730179951e-02 -1.670025848e-02 8.176899515e-03
      vertex -2.705064788e-02 1.869994588e-02 8.972873911e-03
      vertex -2.730179951e-02 1.869984157e-02 8.176899515e-03
    endloop
  endfacet
  facet normal -9.638934135e-01 -4.508487048e-17 2.662883997e-01
    outer loop
      vertex -2.730179951e-02 -1.670025848e-02 8.176899515e-03
      vertex -2.730179951e-02 1.869984157e-02 8.176899515e-03
      vertex -2.762745693e-02 -1.670032926e-02 6.998105906e-03
    endloop
  endfacet
  facet normal -9.625810981e-01 -1.687561162e-04 2.709937394e-01
    outer loop
      vertex -2.762745693e-02 -1.670032926e-02 6.998105906e-03
      vertex -2.730179951e-02 1.869984157e-02 8.176899515e-03
      vertex -2.755778655e-02 1.869977079e-02 7.267622743e-03
    endloop
  endfacet
  facet normal -9.764991403e-01 2.809728612e-04 2.155212164e-01
    outer loop
      vertex -2.762745693e-02 -1.670032926e-02 6.998105906e-03
      vertex -2.755778655e-02 1.869977079e-02 7.267622743e-03
      vertex -2.800649777e-02 -1.670017652e-02 5.280720070e-03
    endloop
  endfacet
  facet normal -9.743818641e-01 -2.722535282e-04 2.248997092e-01
    outer loop
      vertex -2.755778655e-02 1.869977079e-02 7.267622743e-03
      vertex -2.795526758e-02 1.869992167e-02 5.545529537e-03
      vertex -2.800649777e-02 -1.670017652e-02 5.280720070e-03
    endloop
  endfacet
  facet normal -9.841843843e-01 9.914505790e-05 1.771470308e-01
    outer loop
      vertex -2.800649777e-02 -1.670017652e-02 5.280720070e-03
      vertex -2.795526758e-02 1.869992167e-02 5.545529537e-03
      vertex -2.813440189e-02 1.870002598e-02 4.550304264e-03
    endloop
  endfacet
  facet normal -9.879396558e-01 -3.747113806e-04 1.548387855e-01
    outer loop
      vertex -2.800649777e-02 -1.670017652e-02 5.280720070e-03
      vertex -2.813440189e-02 1.870002598e-02 4.550304264e-03
      vertex -2.827917412e-02 -1.670008712e-02 3.540924983e-03
    endloop
  endfacet
  facet normal -9.891871214e-01 -1.363662013e-04 1.466586590e-01
    outer loop
      vertex -2.827917412e-02 -1.670008712e-02 3.540924983e-03
      vertex -2.813440189e-02 1.870002598e-02 4.550304264e-03
      vertex -2.824437991e-02 1.870005764e-02 3.808521666e-03
    endloop
  endfacet
  facet normal -9.936332107e-01 1.249826892e-04 1.126631275e-01
    outer loop
      vertex -2.827917412e-02 -1.670008712e-02 3.540924983e-03
      vertex -2.824437991e-02 1.870005764e-02 3.808521666e-03
      vertex -2.835407481e-02 -1.670010574e-02 2.880337881e-03
    endloop
  endfacet
  facet normal -9.930145741e-01 -1.665331365e-05 1.179918945e-01
    outer loop
      vertex -2.835407481e-02 -1.670010574e-02 2.880337881e-03
      vertex -2.824437991e-02 1.870005764e-02 3.808521666e-03
      vertex -2.835040912e-02 1.870003343e-02 2.916184487e-03
    endloop
  endfacet
  facet normal -9.966502786e-01 2.039030187e-05 8.178143948e-02
    outer loop
      vertex -2.835407481e-02 -1.670010574e-02 2.880337881e-03
      vertex -2.835040912e-02 1.870003343e-02 2.916184487e-03
      vertex -2.844434604e-02 -1.670017466e-02 1.780224615e-03
    endloop
  endfacet
  facet normal -9.961833358e-01 -1.574620837e-04 8.728528768e-02
    outer loop
      vertex -2.844434604e-02 -1.670017466e-02 1.780224615e-03
      vertex -2.835040912e-02 1.870003343e-02 2.916184487e-03
      vertex -2.842557058e-02 1.869996637e-02 2.058369806e-03
    endloop
  endfacet
  facet normal -9.995115995e-01 2.845971903e-04 3.124811687e-02
    outer loop
      vertex -2.844434604e-02 -1.670017466e-02 1.780224615e-03
      vertex -2.842557058e-02 1.869996637e-02 2.058369806e-03
      vertex -2.850000188e-02 -1.670013927e-02 4.857225733e-17
    endloop
  endfacet
  facet normal -9.991452694e-01 -3.027222992e-04 4.133566469e-02
    outer loop
      vertex -2.850000188e-02 -1.670013927e-02 4.857225733e-17
      vertex -2.842557058e-02 1.869996637e-02 2.058369806e-03
      vertex -2.849845216e-02 1.869994402e-02 2.967120672e-04
    endloop
  endfacet
  facet normal -9.999863505e-01 -3.086293914e-17 5.222907290e-03
    outer loop
      vertex -2.850000188e-02 -1.670013927e-02 4.857225733e-17
      vertex -2.849845216e-02 1.869994402e-02 2.967120672e-04
      vertex -2.850000188e-02 1.869999990e-02 4.510281038e-17
    endloop
  endfacet
  facet normal -3.246402048e-05 1.000000000e+00 1.118497081e-16
    outer loop
      vertex 1.238887385e-02 2.250001207e-02 -2.155163884e-02
      vertex 1.204461977e-02 2.250000089e-02 -2.168830112e-02
      vertex 1.204461977e-02 2.250000089e-02 2.164765634e-02
    endloop
  endfacet
  facet normal -3.590568006e-01 9.333127141e-01 2.370141447e-03
    outer loop
      vertex 3.069004416e-02 2.445133030e-02 1.672266051e-02
      vertex 3.150700405e-02 2.476565912e-02 1.670912653e-02
      vertex 3.046520054e-02 2.445482090e-02 -1.871380955e-02
    endloop
  endfacet
  facet normal -3.381130993e-01 9.411039948e-01 1.685809810e-03
    outer loop
      vertex 3.046520054e-02 2.445482090e-02 -1.871380955e-02
      vertex 3.150700405e-02 2.476565912e-02 1.670912653e-02
      vertex 3.222979978e-02 2.508877218e-02 -1.870172098e-02
    endloop
  endfacet
  facet normal -3.945794404e-01 9.188617468e-01 3.302809491e-04
    outer loop
      vertex 3.222979978e-02 2.508877218e-02 -1.870172098e-02
      vertex 3.150700405e-02 2.476565912e-02 1.670912653e-02
      vertex 3.395539150e-02 2.582977898e-02 -1.870000362e-02
    endloop
  endfacet
  facet normal -3.937526345e-01 9.192163348e-01 3.981074551e-04
    outer loop
      vertex 3.395539150e-02 2.582977898e-02 -1.870000362e-02
      vertex 3.150700405e-02 2.476565912e-02 1.670912653e-02
      vertex 3.348348290e-02 2.561230212e-02 1.670006663e-02
    endloop
  endfacet
  facet normal -4.185231924e-01 9.082061052e-01 2.576566658e-07
    outer loop
      vertex 3.395539150e-02 2.582977898e-02 -1.870000362e-02
      vertex 3.348348290e-02 2.561230212e-02 1.670006663e-02
      vertex 3.395537287e-02 2.582976036e-02 1.670003124e-02
    endloop
  endfacet
  facet normal -3.321349919e-01 9.432293177e-01 2.200300107e-03
    outer loop
      vertex 3.069004416e-02 2.445133030e-02 1.672266051e-02
      vertex 3.046520054e-02 2.445482090e-02 -1.871380955e-02
      vertex 2.971724607e-02 2.410871536e-02 1.675182022e-02
    endloop
  endfacet
  facet normal -2.820427716e-01 9.593957663e-01 3.414490260e-03
    outer loop
      vertex 2.971724607e-02 2.410871536e-02 1.675182022e-02
      vertex 3.046520054e-02 2.445482090e-02 -1.871380955e-02
      vertex 2.865942009e-02 2.392407693e-02 -1.874713413e-02
    endloop
  endfacet
  facet normal -2.865639925e-01 9.580544829e-01 3.556193551e-03
    outer loop
      vertex 2.971724607e-02 2.410871536e-02 1.675182022e-02
      vertex 2.865942009e-02 2.392407693e-02 -1.874713413e-02
      vertex 2.804133669e-02 2.360707708e-02 1.684786193e-02
    endloop
  endfacet
  facet normal -2.275254130e-01 9.737607241e-01 4.721234087e-03
    outer loop
      vertex 2.804133669e-02 2.360707708e-02 1.684786193e-02
      vertex 2.865942009e-02 2.392407693e-02 -1.874713413e-02
      vertex 2.680892870e-02 2.349201776e-02 -1.881313138e-02
    endloop
  endfacet
  facet normal -2.303716391e-01 9.730907679e-01 4.821758252e-03
    outer loop
      vertex 2.804133669e-02 2.360707708e-02 1.684786193e-02
      vertex 2.680892870e-02 2.349201776e-02 -1.881313138e-02
      vertex 2.673124708e-02 2.329629660e-02 1.697439700e-02
    endloop
  endfacet
  facet normal -1.881506592e-01 9.821276665e-01 4.962827079e-03
    outer loop
      vertex 2.673124708e-02 2.329629660e-02 1.697439700e-02
      vertex 2.680892870e-02 2.349201776e-02 -1.881313138e-02
      vertex 2.583327144e-02 2.330536582e-02 -1.886441745e-02
    endloop
  endfacet
  facet normal -1.879550219e-01 9.821650982e-01 4.957934376e-03
    outer loop
      vertex 2.673124708e-02 2.329629660e-02 1.697439700e-02
      vertex 2.583327144e-02 2.330536582e-02 -1.886441745e-02
      vertex 2.579691820e-02 2.311687730e-02 1.709694229e-02
    endloop
  endfacet
  facet normal -1.284179389e-01 9.917107821e-01 4.311286379e-03
    outer loop
      vertex 2.391872555e-02 2.301191166e-02 -1.900529675e-02
      vertex 2.375671268e-02 2.283239178e-02 1.746327057e-02
      vertex 2.524910867e-02 2.302686684e-02 1.718201302e-02
    endloop
  endfacet
  facet normal -1.613761336e-01 9.868802428e-01 5.009517074e-03
    outer loop
      vertex 2.579691820e-02 2.311687730e-02 1.709694229e-02
      vertex 2.583327144e-02 2.330536582e-02 -1.886441745e-02
      vertex 2.524910867e-02 2.302686684e-02 1.718201302e-02
    endloop
  endfacet
  facet normal -1.636944711e-01 9.864985943e-01 4.968997557e-03
    outer loop
      vertex 2.524910867e-02 2.302686684e-02 1.718201302e-02
      vertex 2.583327144e-02 2.330536582e-02 -1.886441745e-02
      vertex 2.490999550e-02 2.315246873e-02 -1.892527565e-02
    endloop
  endfacet
  facet normal -1.407661736e-01 9.900314212e-01 4.765948746e-03
    outer loop
      vertex 2.524910867e-02 2.302686684e-02 1.718201302e-02
      vertex 2.490999550e-02 2.315246873e-02 -1.892527565e-02
      vertex 2.391872555e-02 2.301191166e-02 -1.900529675e-02
    endloop
  endfacet
  facet normal -1.034302637e-01 9.946268201e-01 4.436649382e-03
    outer loop
      vertex 2.375671268e-02 2.283239178e-02 1.746327057e-02
      vertex 2.391872555e-02 2.301191166e-02 -1.900529675e-02
      vertex 2.353717946e-02 2.280935086e-02 1.751076989e-02
    endloop
  endfacet
  facet normal -1.086929142e-01 9.940657616e-01 4.378549289e-03
    outer loop
      vertex 2.353717946e-02 2.280935086e-02 1.751076989e-02
      vertex 2.391872555e-02 2.301191166e-02 -1.900529675e-02
      vertex 2.190499194e-02 2.279267460e-02 -1.922055520e-02
    endloop
  endfacet
  facet normal -8.511795104e-02 9.963653088e-01 3.329931758e-03
    outer loop
      vertex 2.353717946e-02 2.280935086e-02 1.751076989e-02
      vertex 2.190499194e-02 2.279267460e-02 -1.922055520e-02
      vertex 2.224811353e-02 2.269819193e-02 1.782076433e-02
    endloop
  endfacet
  facet normal -6.593124568e-02 9.978191853e-01 3.155909711e-03
    outer loop
      vertex 2.224811353e-02 2.269819193e-02 1.782076433e-02
      vertex 2.190499194e-02 2.279267460e-02 -1.922055520e-02
      vertex 2.175389417e-02 2.266511694e-02 1.795332879e-02
    endloop
  endfacet
  facet normal -7.423777878e-02 9.972357154e-01 3.120144596e-03
    outer loop
      vertex 2.175389417e-02 2.266511694e-02 1.795332879e-02
      vertex 2.190499194e-02 2.279267460e-02 -1.922055520e-02
      vertex 2.014934085e-02 2.266277000e-02 -1.947379299e-02
    endloop
  endfacet
  facet normal -5.393748730e-02 9.985417724e-01 2.249760553e-03
    outer loop
      vertex 2.175389417e-02 2.266511694e-02 1.795332879e-02
      vertex 2.014934085e-02 2.266277000e-02 -1.947379299e-02
      vertex 2.087854967e-02 2.261726558e-02 1.820566319e-02
    endloop
  endfacet
  facet normal -1.398124546e-02 9.998995066e-01 2.352715703e-03
    outer loop
      vertex 1.731842570e-02 2.251994982e-02 1.942769065e-02
      vertex 1.806875318e-02 2.253110148e-02 1.914715394e-02
      vertex 1.988622360e-02 2.264749072e-02 -1.951754652e-02
    endloop
  endfacet
  facet normal -2.482252195e-02 9.996901751e-01 1.842481317e-03
    outer loop
      vertex 1.988622360e-02 2.264749072e-02 -1.951754652e-02
      vertex 1.806875318e-02 2.253110148e-02 1.914715394e-02
      vertex 1.994183846e-02 2.257880569e-02 1.849872060e-02
    endloop
  endfacet
  facet normal -5.828550458e-02 9.982981682e-01 1.888920087e-03
    outer loop
      vertex 1.988622360e-02 2.264749072e-02 -1.951754652e-02
      vertex 1.994183846e-02 2.257880569e-02 1.849872060e-02
      vertex 2.014934085e-02 2.266277000e-02 -1.947379299e-02
    endloop
  endfacet
  facet normal -3.521273285e-02 9.993777871e-01 2.017389517e-03
    outer loop
      vertex 2.014934085e-02 2.266277000e-02 -1.947379299e-02
      vertex 1.994183846e-02 2.257880569e-02 1.849872060e-02
      vertex 2.008140646e-02 2.258381434e-02 1.845362969e-02
    endloop
  endfacet
  facet normal -4.130401090e-02 9.991446137e-01 2.005993621e-03
    outer loop
      vertex 2.014934085e-02 2.266277000e-02 -1.947379299e-02
      vertex 2.008140646e-02 2.258381434e-02 1.845362969e-02
      vertex 2.087854967e-02 2.261726558e-02 1.820566319e-02
    endloop
  endfacet
  facet normal -4.360703379e-02 9.990487099e-01 3.965957440e-04
    outer loop
      vertex 1.988622360e-02 2.264749072e-02 -1.951754652e-02
      vertex 1.796579361e-02 2.256381325e-02 -1.988666691e-02
      vertex 1.731842570e-02 2.251994982e-02 1.942769065e-02
    endloop
  endfacet
  facet normal -2.900432795e-02 9.995790720e-01 6.376422825e-04
    outer loop
      vertex 1.731842570e-02 2.251994982e-02 1.942769065e-02
      vertex 1.796579361e-02 2.256381325e-02 -1.988666691e-02
      vertex 1.733965427e-02 2.254573442e-02 -2.002706937e-02
    endloop
  endfacet
  facet normal -9.254978038e-03 9.999569654e-01 6.485153572e-04
    outer loop
      vertex 1.731842570e-02 2.251994982e-02 1.942769065e-02
      vertex 1.733965427e-02 2.254573442e-02 -2.002706937e-02
      vertex 1.613202505e-02 2.250866778e-02 1.989251189e-02
    endloop
  endfacet
  facet normal -2.093113400e-02 9.997808933e-01 2.951300412e-04
    outer loop
      vertex 1.733965427e-02 2.254573442e-02 -2.002706937e-02
      vertex 1.625211164e-02 2.252304554e-02 -2.029675245e-02
      vertex 1.613202505e-02 2.250866778e-02 1.989251189e-02
    endloop
  endfacet
  facet normal -1.569881849e-02 9.998767376e-01 3.107986122e-04
    outer loop
      vertex 1.613202505e-02 2.250866778e-02 1.989251189e-02
      vertex 1.625211164e-02 2.252304554e-02 -2.029675245e-02
      vertex 1.606296003e-02 2.252009138e-02 -2.034715749e-02
    endloop
  endfacet
  facet normal -4.270190839e-03 9.999908209e-01 2.912155760e-04
    outer loop
      vertex 1.613202505e-02 2.250866778e-02 1.989251189e-02
      vertex 1.606296003e-02 2.252009138e-02 -2.034715749e-02
      vertex 1.460054144e-02 2.250194363e-02 2.052558213e-02
    endloop
  endfacet
  facet normal -1.016275212e-02 9.999483824e-01 8.036204963e-05
    outer loop
      vertex 1.460054144e-02 2.250194363e-02 2.052558213e-02
      vertex 1.606296003e-02 2.252009138e-02 -2.034715749e-02
      vertex 1.458714530e-02 2.250512689e-02 -2.077796683e-02
    endloop
  endfacet
  facet normal -1.910262392e-03 9.999981523e-01 7.768932846e-05
    outer loop
      vertex 1.460054144e-02 2.250194363e-02 2.052558213e-02
      vertex 1.458714530e-02 2.250512689e-02 -2.077796683e-02
      vertex 1.412612200e-02 2.250102162e-02 2.072820999e-02
    endloop
  endfacet
  facet normal -5.178957712e-03 9.999865890e-01 4.138166332e-05
    outer loop
      vertex 1.412612200e-02 2.250102162e-02 2.072820999e-02
      vertex 1.458714530e-02 2.250512689e-02 -2.077796683e-02
      vertex 1.420276985e-02 2.250314131e-02 -2.090147883e-02
    endloop
  endfacet
  facet normal -4.682704748e-04 9.999998808e-01 5.005557614e-05
    outer loop
      vertex 1.412612200e-02 2.250102162e-02 2.072820999e-02
      vertex 1.420276985e-02 2.250314131e-02 -2.090147883e-02
      vertex 1.204461977e-02 2.250000089e-02 2.164765634e-02
    endloop
  endfacet
  facet normal -2.846209565e-03 9.999959469e-01 -7.055702736e-05
    outer loop
      vertex 1.204461977e-02 2.250000089e-02 2.164765634e-02
      vertex 1.420276985e-02 2.250314131e-02 -2.090147883e-02
      vertex 1.335396990e-02 2.250070497e-02 -2.119156159e-02
    endloop
  endfacet
  facet normal -7.159314700e-04 9.999997616e-01 -5.446534942e-06
    outer loop
      vertex 1.204461977e-02 2.250000089e-02 2.164765634e-02
      vertex 1.335396990e-02 2.250070497e-02 -2.119156159e-02
      vertex 1.238887385e-02 2.250001207e-02 -2.155163884e-02
    endloop
  endfacet
  facet normal -2.583289333e-02 -9.996662736e-01 -1.171946569e-04
    outer loop
      vertex 1.511999406e-02 -2.053670771e-02 2.026179992e-02
      vertex 1.475419104e-02 -2.052727342e-02 2.042051777e-02
      vertex 1.636835374e-02 -2.056423575e-02 -2.009751089e-02
    endloop
  endfacet
  facet normal -4.174210727e-01 -9.087131619e-01 -4.653059875e-07
    outer loop
      vertex 3.395535797e-02 -2.582976408e-02 -1.870001294e-02
      vertex 3.395539150e-02 -2.582979761e-02 1.670002751e-02
      vertex 3.167199343e-02 -2.478090860e-02 1.672278717e-02
    endloop
  endfacet
  facet normal -2.415929139e-01 -9.703772664e-01 9.035615367e-04
    outer loop
      vertex 2.260472625e-02 -2.142260037e-02 1.769896597e-02
      vertex 2.232176065e-02 -2.138632350e-02 -1.900050044e-02
      vertex 2.300867997e-02 -2.152325585e-02 1.760883816e-02
    endloop
  endfacet
  facet normal -2.485124618e-01 -9.686281681e-01 1.039938885e-03
    outer loop
      vertex 2.300867997e-02 -2.152325585e-02 1.760883816e-02
      vertex 2.232176065e-02 -2.138632350e-02 -1.900050044e-02
      vertex 2.310605720e-02 -2.158747055e-02 -1.893244870e-02
    endloop
  endfacet
  facet normal -2.629102468e-01 -9.648197889e-01 9.948783554e-04
    outer loop
      vertex 2.300867997e-02 -2.152325585e-02 1.760883816e-02
      vertex 2.310605720e-02 -2.158747055e-02 -1.893244870e-02
      vertex 2.389407158e-02 -2.176470682e-02 1.742976531e-02
    endloop
  endfacet
  facet normal -2.709257901e-01 -9.625995159e-01 1.179407234e-03
    outer loop
      vertex 2.389407158e-02 -2.176470682e-02 1.742976531e-02
      vertex 2.310605720e-02 -2.158747055e-02 -1.893244870e-02
      vertex 2.384074777e-02 -2.179418691e-02 -1.888026111e-02
    endloop
  endfacet
  facet normal -2.999930978e-01 -9.539405704e-01 1.215064432e-03
    outer loop
      vertex 2.389407158e-02 -2.176470682e-02 1.742976531e-02
      vertex 2.384074777e-02 -2.179418691e-02 -1.888026111e-02
      vertex 2.545537986e-02 -2.225602977e-02 1.717366092e-02
    endloop
  endfacet
  facet normal -3.054702580e-01 -9.522004724e-01 1.482643187e-03
    outer loop
      vertex 2.545537986e-02 -2.225602977e-02 1.717366092e-02
      vertex 2.384074777e-02 -2.179418691e-02 -1.888026111e-02
      vertex 2.578528412e-02 -2.241785452e-02 -1.878486015e-02
    endloop
  endfacet
  facet normal -3.409725726e-01 -9.400725961e-01 1.102345297e-03
    outer loop
      vertex 2.545537986e-02 -2.225602977e-02 1.717366092e-02
      vertex 2.578528412e-02 -2.241785452e-02 -1.878486015e-02
      vertex 2.718236111e-02 -2.288266085e-02 1.696912758e-02
    endloop
  endfacet
  facet normal -3.317334950e-01 -9.433729053e-01 6.984266802e-04
    outer loop
      vertex 2.718236111e-02 -2.288266085e-02 1.696912758e-02
      vertex 2.578528412e-02 -2.241785452e-02 -1.878486015e-02
      vertex 2.620929107e-02 -2.256694436e-02 -1.877055317e-02
    endloop
  endfacet
  facet normal -3.705165684e-01 -9.288239479e-01 1.882880577e-03
    outer loop
      vertex 2.718236111e-02 -2.288266085e-02 1.696912758e-02
      vertex 2.620929107e-02 -2.256694436e-02 -1.877055317e-02
      vertex 2.861071564e-02 -2.345268242e-02 1.685194485e-02
    endloop
  endfacet
  facet normal -3.493535817e-01 -9.369909167e-01 2.531482605e-04
    outer loop
      vertex 2.861071564e-02 -2.345268242e-02 1.685194485e-02
      vertex 2.620929107e-02 -2.256694436e-02 -1.877055317e-02
      vertex 2.770576812e-02 -2.312489040e-02 -1.873399504e-02
    endloop
  endfacet
  facet normal -3.847491741e-01 -9.230203032e-01 1.281942124e-03
    outer loop
      vertex 2.861071564e-02 -2.345268242e-02 1.685194485e-02
      vertex 2.770576812e-02 -2.312489040e-02 -1.873399504e-02
      vertex 2.914405242e-02 -2.367504314e-02 1.681873389e-02
    endloop
  endfacet
  facet normal -3.755272031e-01 -9.268109798e-01 8.502095588e-04
    outer loop
      vertex 2.914405242e-02 -2.367504314e-02 1.681873389e-02
      vertex 2.770576812e-02 -2.312489040e-02 -1.873399504e-02
      vertex 2.970218658e-02 -2.393378131e-02 -1.870994829e-02
    endloop
  endfacet
  facet normal -4.007737339e-01 -9.161769748e-01 3.761591506e-04
    outer loop
      vertex 2.914405242e-02 -2.367504314e-02 1.681873389e-02
      vertex 2.970218658e-02 -2.393378131e-02 -1.870994829e-02
      vertex 3.167199343e-02 -2.478090860e-02 1.672278717e-02
    endloop
  endfacet
  facet normal -3.982988000e-01 -9.172556996e-01 2.127795597e-04
    outer loop
      vertex 3.167199343e-02 -2.478090860e-02 1.672278717e-02
      vertex 2.970218658e-02 -2.393378131e-02 -1.870994829e-02
      vertex 3.178314865e-02 -2.483739331e-02 -1.870151795e-02
    endloop
  endfacet
  facet normal -4.155382812e-01 -9.095757008e-01 1.464386733e-04
    outer loop
      vertex 3.167199343e-02 -2.478090860e-02 1.672278717e-02
      vertex 3.178314865e-02 -2.483739331e-02 -1.870151795e-02
      vertex 3.395535797e-02 -2.582976408e-02 -1.870001294e-02
    endloop
  endfacet
  facet normal -2.262894064e-01 -9.740598202e-01 7.819260936e-04
    outer loop
      vertex 2.260472625e-02 -2.142260037e-02 1.769896597e-02
      vertex 2.211810462e-02 -2.130945772e-02 1.781456731e-02
      vertex 2.232176065e-02 -2.138632350e-02 -1.900050044e-02
    endloop
  endfacet
  facet normal -2.001531273e-01 -9.797641635e-01 9.384185541e-04
    outer loop
      vertex 2.232176065e-02 -2.138632350e-02 -1.900050044e-02
      vertex 2.211810462e-02 -2.130945772e-02 1.781456731e-02
      vertex 2.112348005e-02 -2.110601962e-02 1.807472855e-02
    endloop
  endfacet
  facet normal -2.113066167e-01 -9.774196744e-01 5.602097954e-04
    outer loop
      vertex 2.232176065e-02 -2.138632350e-02 -1.900050044e-02
      vertex 2.112348005e-02 -2.110601962e-02 1.807472855e-02
      vertex 2.081452869e-02 -2.106057666e-02 -1.917315833e-02
    endloop
  endfacet
  facet normal -1.666183025e-01 -9.860214591e-01 1.790497772e-04
    outer loop
      vertex 2.081452869e-02 -2.106057666e-02 -1.917315833e-02
      vertex 2.112348005e-02 -2.110601962e-02 1.807472855e-02
      vertex 2.018493786e-02 -2.094737440e-02 1.834991947e-02
    endloop
  endfacet
  facet normal -1.590258330e-01 -9.872743487e-01 3.102220653e-04
    outer loop
      vertex 2.081452869e-02 -2.106057666e-02 -1.917315833e-02
      vertex 2.018493786e-02 -2.094737440e-02 1.834991947e-02
      vertex 1.931205764e-02 -2.081863955e-02 -1.940972917e-02
    endloop
  endfacet
  facet normal -1.414839327e-01 -9.899405241e-01 -1.043793818e-04
    outer loop
      vertex 2.018493786e-02 -2.094737440e-02 1.834991947e-02
      vertex 1.963663101e-02 -2.086902782e-02 1.852383278e-02
      vertex 1.931205764e-02 -2.081863955e-02 -1.940972917e-02
    endloop
  endfacet
  facet normal -1.101099923e-01 -9.939193130e-01 -3.781113774e-04
    outer loop
      vertex 1.931205764e-02 -2.081863955e-02 -1.940972917e-02
      vertex 1.963663101e-02 -2.086902782e-02 1.852383278e-02
      vertex 1.814789325e-02 -2.070429735e-02 1.904246584e-02
    endloop
  endfacet
  facet normal -1.196918339e-01 -9.928108454e-01 -6.715038908e-04
    outer loop
      vertex 1.931205764e-02 -2.081863955e-02 -1.940972917e-02
      vertex 1.814789325e-02 -2.070429735e-02 1.904246584e-02
      vertex 1.855977625e-02 -2.072784677e-02 -1.955583692e-02
    endloop
  endfacet
  facet normal -7.053115219e-02 -9.975095391e-01 -1.440428459e-04
    outer loop
      vertex 1.855977625e-02 -2.072784677e-02 -1.955583692e-02
      vertex 1.814789325e-02 -2.070429735e-02 1.904246584e-02
      vertex 1.664559916e-02 -2.059815824e-02 1.962397434e-02
    endloop
  endfacet
  facet normal -9.840821475e-02 -9.951449633e-01 -1.513837255e-03
    outer loop
      vertex 1.855977625e-02 -2.072784677e-02 -1.955583692e-02
      vertex 1.664559916e-02 -2.059815824e-02 1.962397434e-02
      vertex 1.804174483e-02 -2.067644894e-02 -1.966796629e-02
    endloop
  endfacet
  facet normal -8.087302744e-02 -9.967240095e-01 -8.876199136e-04
    outer loop
      vertex 1.804174483e-02 -2.067644894e-02 -1.966796629e-02
      vertex 1.664559916e-02 -2.059815824e-02 1.962397434e-02
      vertex 1.740739495e-02 -2.062484436e-02 -1.981862821e-02
    endloop
  endfacet
  facet normal -5.811273679e-02 -9.983099103e-01 -4.469538690e-04
    outer loop
      vertex 1.740739495e-02 -2.062484436e-02 -1.981862821e-02
      vertex 1.664559916e-02 -2.059815824e-02 1.962397434e-02
      vertex 1.636835374e-02 -2.056423575e-02 -2.009751089e-02
    endloop
  endfacet
  facet normal -4.904026911e-02 -9.987966418e-01 -5.106930039e-04
    outer loop
      vertex 1.636835374e-02 -2.056423575e-02 -2.009751089e-02
      vertex 1.664559916e-02 -2.059815824e-02 1.962397434e-02
      vertex 1.612292603e-02 -2.057260461e-02 1.983770728e-02
    endloop
  endfacet
  facet normal -3.595079854e-02 -9.993534684e-01 -4.303664027e-04
    outer loop
      vertex 1.636835374e-02 -2.056423575e-02 -2.009751089e-02
      vertex 1.612292603e-02 -2.057260461e-02 1.983770728e-02
      vertex 1.511999406e-02 -2.053670771e-02 2.026179992e-02
    endloop
  endfacet
  facet normal -5.199761945e-04 -9.999998808e-01 1.341889377e-10
    outer loop
      vertex 1.204460859e-02 -2.050000057e-02 -2.166514657e-02
      vertex 1.273955032e-02 -2.050036192e-02 -2.137323096e-02
      vertex 1.204461977e-02 -2.050000057e-02 2.164082229e-02
    endloop
  endfacet
  facet normal -3.491951386e-03 -9.999939203e-01 -4.801483738e-05
    outer loop
      vertex 1.204461977e-02 -2.050000057e-02 2.164082229e-02
      vertex 1.273955032e-02 -2.050036192e-02 -2.137323096e-02
      vertex 1.366954297e-02 -2.050362714e-02 -2.100442909e-02
    endloop
  endfacet
  facet normal -1.020161808e-02 -9.999479055e-01 -3.036789421e-04
    outer loop
      vertex 1.204461977e-02 -2.050000057e-02 2.164082229e-02
      vertex 1.366954297e-02 -2.050362714e-02 -2.100442909e-02
      vertex 1.475419104e-02 -2.052727342e-02 2.042051777e-02
    endloop
  endfacet
  facet normal -1.025530137e-02 -9.999473691e-01 -3.022729943e-04
    outer loop
      vertex 1.475419104e-02 -2.052727342e-02 2.042051777e-02
      vertex 1.366954297e-02 -2.050362714e-02 -2.100442909e-02
      vertex 1.461428031e-02 -2.051342092e-02 -2.065803111e-02
    endloop
  endfacet
  facet normal -2.888124250e-02 -9.995828271e-01 -2.387113782e-04
    outer loop
      vertex 1.475419104e-02 -2.052727342e-02 2.042051777e-02
      vertex 1.461428031e-02 -2.051342092e-02 -2.065803111e-02
      vertex 1.636835374e-02 -2.056423575e-02 -2.009751089e-02
    endloop
  endfacet
  facet normal 6.862604022e-01 7.273558974e-01 -5.024206530e-06
    outer loop
      vertex 6.543762982e-02 2.084294893e-02 1.669995300e-02
      vertex 6.567838788e-02 2.061579190e-02 1.669990458e-02
      vertex 6.569877267e-02 2.059631608e-02 -1.869989932e-02
    endloop
  endfacet
  facet normal 9.999864697e-01 5.204291083e-03 7.058904576e-18
    outer loop
      vertex 7.449845225e-02 2.966997563e-04 1.669994369e-02
      vertex 7.450000197e-02 1.387778781e-17 1.669999957e-02
      vertex 7.450000197e-02 1.734723476e-17 -1.869999990e-02
    endloop
  endfacet
  facet normal 9.991452098e-01 4.133671522e-02 -3.028756182e-04
    outer loop
      vertex 7.449845225e-02 2.966997563e-04 1.669994369e-02
      vertex 7.450000197e-02 1.734723476e-17 -1.869999990e-02
      vertex 7.442557067e-02 2.058357699e-03 1.669996604e-02
    endloop
  endfacet
  facet normal 9.995116591e-01 3.124706447e-02 2.845650015e-04
    outer loop
      vertex 7.442557067e-02 2.058357699e-03 1.669996604e-02
      vertex 7.450000197e-02 1.734723476e-17 -1.869999990e-02
      vertex 7.444434613e-02 1.780224149e-03 -1.869994216e-02
    endloop
  endfacet
  facet normal 9.961836338e-01 8.728177845e-02 -1.574590860e-04
    outer loop
      vertex 7.442557067e-02 2.058357699e-03 1.669996604e-02
      vertex 7.444434613e-02 1.780224149e-03 -1.869994216e-02
      vertex 7.435040921e-02 2.916185884e-03 1.670003310e-02
    endloop
  endfacet
  facet normal 9.965986013e-01 8.240915835e-02 1.084030643e-09
    outer loop
      vertex 7.435040921e-02 2.916185884e-03 1.670003310e-02
      vertex 7.444434613e-02 1.780224149e-03 -1.869994216e-02
      vertex 7.435040921e-02 2.916186349e-03 -1.870003343e-02
    endloop
  endfacet
  facet normal 9.930143356e-01 1.179936528e-01 1.552117879e-09
    outer loop
      vertex 7.435040921e-02 2.916185884e-03 1.670003310e-02
      vertex 7.435040921e-02 2.916186349e-03 -1.870003343e-02
      vertex 7.424438000e-02 3.808509558e-03 1.670005731e-02
    endloop
  endfacet
  facet normal 9.935619831e-01 1.132896915e-01 1.202137355e-04
    outer loop
      vertex 7.435040921e-02 2.916186349e-03 -1.870003343e-02
      vertex 7.427917421e-02 3.540924517e-03 -1.870005764e-02
      vertex 7.424438000e-02 3.808509558e-03 1.670005731e-02
    endloop
  endfacet
  facet normal 9.916149378e-01 1.292278767e-01 -2.174732344e-06
    outer loop
      vertex 7.424438000e-02 3.808509558e-03 1.670005731e-02
      vertex 7.427917421e-02 3.540924517e-03 -1.870005764e-02
      vertex 7.424217463e-02 3.824850777e-03 -1.870005764e-02
    endloop
  endfacet
  facet normal 9.864297509e-01 1.641840488e-01 1.428486485e-05
    outer loop
      vertex 7.424438000e-02 3.808509558e-03 1.670005731e-02
      vertex 7.424217463e-02 3.824850777e-03 -1.870005764e-02
      vertex 7.395526767e-02 5.545517430e-03 1.669992134e-02
    endloop
  endfacet
  facet normal 9.871493578e-01 1.598002613e-01 2.331979049e-04
    outer loop
      vertex 7.395526767e-02 5.545517430e-03 1.669992134e-02
      vertex 7.424217463e-02 3.824850777e-03 -1.870005764e-02
      vertex 7.400649786e-02 5.280719139e-03 -1.869995333e-02
    endloop
  endfacet
  facet normal 9.801762700e-01 1.981275231e-01 -6.358884275e-05
    outer loop
      vertex 7.395526767e-02 5.545517430e-03 1.669992134e-02
      vertex 7.400649786e-02 5.280719139e-03 -1.869995333e-02
      vertex 7.391440868e-02 5.747654941e-03 1.669989526e-02
    endloop
  endfacet
  facet normal 9.735617638e-01 2.284233868e-01 -4.804079072e-04
    outer loop
      vertex 7.391440868e-02 5.747654941e-03 1.669989526e-02
      vertex 7.400649786e-02 5.280719139e-03 -1.869995333e-02
      vertex 7.355778664e-02 7.267611101e-03 1.669977047e-02
    endloop
  endfacet
  facet normal 9.764991403e-01 2.155211121e-01 2.809948055e-04
    outer loop
      vertex 7.355778664e-02 7.267611101e-03 1.669977047e-02
      vertex 7.400649786e-02 5.280719139e-03 -1.869995333e-02
      vertex 7.362745702e-02 6.998105440e-03 -1.869977266e-02
    endloop
  endfacet
  facet normal 9.654748440e-01 2.604961991e-01 -8.310843987e-05
    outer loop
      vertex 7.355778664e-02 7.267611101e-03 1.669977047e-02
      vertex 7.362745702e-02 6.998105440e-03 -1.869977266e-02
      vertex 7.347337157e-02 7.580498699e-03 1.669978350e-02
    endloop
  endfacet
  facet normal 9.667354822e-01 2.557781637e-01 3.487020900e-17
    outer loop
      vertex 7.347337157e-02 7.580498699e-03 1.669978350e-02
      vertex 7.362745702e-02 6.998105440e-03 -1.869977266e-02
      vertex 7.347337157e-02 7.580498699e-03 -1.869978383e-02
    endloop
  endfacet
  facet normal 9.568737149e-01 2.905043066e-01 3.869045002e-17
    outer loop
      vertex 7.347337157e-02 7.580498699e-03 1.669978350e-02
      vertex 7.347337157e-02 7.580498699e-03 -1.869978383e-02
      vertex 7.305064797e-02 8.972862735e-03 1.669994555e-02
    endloop
  endfacet
  facet normal 9.593207240e-01 2.823182940e-01 3.511983086e-04
    outer loop
      vertex 7.347337157e-02 7.580498699e-03 -1.869978383e-02
      vertex 7.320003211e-02 8.509290405e-03 -1.869988441e-02
      vertex 7.305064797e-02 8.972862735e-03 1.669994555e-02
    endloop
  endfacet
  facet normal 9.533808827e-01 3.017695844e-01 7.141151582e-05
    outer loop
      vertex 7.305064797e-02 8.972862735e-03 1.669994555e-02
      vertex 7.320003211e-02 8.509290405e-03 -1.869988441e-02
      vertex 7.314237952e-02 8.691444062e-03 -1.869990863e-02
    endloop
  endfacet
  facet normal 9.447321892e-01 3.278430104e-01 -1.582751429e-04
    outer loop
      vertex 7.305064797e-02 8.972862735e-03 1.669994555e-02
      vertex 7.314237952e-02 8.691444062e-03 -1.869990863e-02
      vertex 7.279399782e-02 9.712452069e-03 1.670002565e-02
    endloop
  endfacet
  facet normal 9.480861425e-01 3.180135190e-01 1.582355471e-04
    outer loop
      vertex 7.279399782e-02 9.712452069e-03 1.670002565e-02
      vertex 7.314237952e-02 8.691444062e-03 -1.869990863e-02
      vertex 7.289342582e-02 9.433643892e-03 -1.869999990e-02
    endloop
  endfacet
  facet normal 9.302160740e-01 3.670122623e-01 -2.778669295e-04
    outer loop
      vertex 7.279399782e-02 9.712452069e-03 1.670002565e-02
      vertex 7.289342582e-02 9.433643892e-03 -1.869999990e-02
      vertex 7.220748812e-02 1.119899377e-02 1.670003682e-02
    endloop
  endfacet
  facet normal 9.328252673e-01 3.603290319e-01 1.059727510e-04
    outer loop
      vertex 7.289342582e-02 9.433643892e-03 -1.869999990e-02
      vertex 7.225164771e-02 1.109509356e-02 -1.870004274e-02
      vertex 7.220748812e-02 1.119899377e-02 1.670003682e-02
    endloop
  endfacet
  facet normal 9.203364253e-01 3.911277056e-01 4.970852556e-17
    outer loop
      vertex 7.220748812e-02 1.119899377e-02 1.670003682e-02
      vertex 7.225164771e-02 1.109509356e-02 -1.870004274e-02
      vertex 7.220748812e-02 1.119899377e-02 -1.870003715e-02
    endloop
  endfacet
  facet normal 9.184297323e-01 3.955841064e-01 5.019462321e-17
    outer loop
      vertex 7.220748812e-02 1.119899377e-02 1.670003682e-02
      vertex 7.220748812e-02 1.119899377e-02 -1.870003715e-02
      vertex 7.214282453e-02 1.134911925e-02 1.670002565e-02
    endloop
  endfacet
  facet normal 9.077599049e-01 4.194900692e-01 -1.208704416e-04
    outer loop
      vertex 7.214282453e-02 1.134911925e-02 1.670002565e-02
      vertex 7.220748812e-02 1.119899377e-02 -1.870003715e-02
      vertex 7.151298970e-02 1.270186901e-02 -1.869986020e-02
    endloop
  endfacet
  facet normal 6.942001581e-01 7.197819948e-01 3.714376817e-06
    outer loop
      vertex 6.569877267e-02 2.059631608e-02 -1.869989932e-02
      vertex 6.567838788e-02 2.061579190e-02 1.669990458e-02
      vertex 6.587041169e-02 2.043077908e-02 -1.869986206e-02
    endloop
  endfacet
  facet normal 7.191125751e-01 6.948935390e-01 2.689238754e-04
    outer loop
      vertex 6.587041169e-02 2.043077908e-02 -1.869986206e-02
      vertex 6.567838788e-02 2.061579190e-02 1.669990458e-02
      vertex 6.709928066e-02 1.915907860e-02 -1.869974844e-02
    endloop
  endfacet
  facet normal 7.124601603e-01 7.017124891e-01 -2.786970872e-04
    outer loop
      vertex 6.709928066e-02 1.915907860e-02 -1.869974844e-02
      vertex 6.567838788e-02 2.061579190e-02 1.669990458e-02
      vertex 6.691250205e-02 1.936277747e-02 1.669973321e-02
    endloop
  endfacet
  facet normal 7.466150522e-01 6.652563214e-01 1.112939790e-04
    outer loop
      vertex 6.709928066e-02 1.915907860e-02 -1.869974844e-02
      vertex 6.691250205e-02 1.936277747e-02 1.669973321e-02
      vertex 6.745585799e-02 1.875889301e-02 -1.869980432e-02
    endloop
  endfacet
  facet normal 7.433814406e-01 6.688677073e-01 5.442834805e-08
    outer loop
      vertex 6.691250205e-02 1.936277747e-02 1.669973321e-02
      vertex 6.745591760e-02 1.875882596e-02 1.669980399e-02
      vertex 6.745585799e-02 1.875889301e-02 -1.869980432e-02
    endloop
  endfacet
  facet normal 7.636950612e-01 6.455771327e-01 -2.282405731e-08
    outer loop
      vertex 6.745585799e-02 1.875889301e-02 -1.869980432e-02
      vertex 6.745591760e-02 1.875882596e-02 1.669980399e-02
      vertex 6.806871295e-02 1.803391054e-02 1.669993438e-02
    endloop
  endfacet
  facet normal 7.670366764e-01 6.416032314e-01 -1.392589766e-04
    outer loop
      vertex 6.745585799e-02 1.875889301e-02 -1.869980432e-02
      vertex 6.806871295e-02 1.803391054e-02 1.669993438e-02
      vertex 6.825483590e-02 1.780371927e-02 -1.869997196e-02
    endloop
  endfacet
  facet normal 7.781453133e-01 6.280843019e-01 7.054514754e-06
    outer loop
      vertex 6.825483590e-02 1.780371927e-02 -1.869997196e-02
      vertex 6.806871295e-02 1.803391054e-02 1.669993438e-02
      vertex 6.828470528e-02 1.776631363e-02 1.669997722e-02
    endloop
  endfacet
  facet normal 7.893785834e-01 6.139066815e-01 -1.740527478e-05
    outer loop
      vertex 6.825483590e-02 1.780371927e-02 -1.869997196e-02
      vertex 6.828470528e-02 1.776631363e-02 1.669997722e-02
      vertex 6.873542070e-02 1.718576252e-02 -1.870004460e-02
    endloop
  endfacet
  facet normal 7.866977453e-01 6.173382998e-01 -1.078162168e-04
    outer loop
      vertex 6.873542070e-02 1.718576252e-02 -1.870004460e-02
      vertex 6.828470528e-02 1.776631363e-02 1.669997722e-02
      vertex 6.855570525e-02 1.742096804e-02 1.670002192e-02
    endloop
  endfacet
  facet normal 8.066552281e-01 5.910223126e-01 1.683529699e-04
    outer loop
      vertex 6.873542070e-02 1.718576252e-02 -1.870004460e-02
      vertex 6.855570525e-02 1.742096804e-02 1.670002192e-02
      vertex 6.923882663e-02 1.649869792e-02 -1.870006137e-02
    endloop
  endfacet
  facet normal 8.035767078e-01 5.952012539e-01 7.348359787e-08
    outer loop
      vertex 6.923882663e-02 1.649869792e-02 -1.870006137e-02
      vertex 6.855570525e-02 1.742096804e-02 1.670002192e-02
      vertex 6.923889369e-02 1.649859548e-02 1.670006104e-02
    endloop
  endfacet
  facet normal 8.245348334e-01 5.658111572e-01 -5.457661700e-08
    outer loop
      vertex 6.923882663e-02 1.649869792e-02 -1.870006137e-02
      vertex 6.923889369e-02 1.649859548e-02 1.670006104e-02
      vertex 6.975366175e-02 1.574844308e-02 -1.870000549e-02
    endloop
  endfacet
  facet normal 8.217833638e-01 5.698000193e-01 -1.245918393e-04
    outer loop
      vertex 6.975366175e-02 1.574844308e-02 -1.870000549e-02
      vertex 6.923889369e-02 1.649859548e-02 1.670006104e-02
      vertex 6.959984452e-02 1.597802900e-02 1.670002937e-02
    endloop
  endfacet
  facet normal 8.462176323e-01 5.328373313e-01 2.213010303e-04
    outer loop
      vertex 6.975366175e-02 1.574844308e-02 -1.870000549e-02
      vertex 6.959984452e-02 1.597802900e-02 1.670002937e-02
      vertex 7.046744227e-02 1.461486612e-02 -1.869984530e-02
    endloop
  endfacet
  facet normal 8.436244130e-01 5.369337797e-01 6.552006311e-17
    outer loop
      vertex 7.046744227e-02 1.461486612e-02 -1.869984530e-02
      vertex 6.959984452e-02 1.597802900e-02 1.670002937e-02
      vertex 7.046744227e-02 1.461486612e-02 1.669984497e-02
    endloop
  endfacet
  facet normal 8.622557521e-01 5.064731240e-01 6.223371424e-17
    outer loop
      vertex 7.046744227e-02 1.461486612e-02 -1.869984530e-02
      vertex 7.046744227e-02 1.461486612e-02 1.669984497e-02
      vertex 7.067979872e-02 1.425333228e-02 -1.869980246e-02
    endloop
  endfacet
  facet normal 8.598796129e-01 5.104969144e-01 -5.534862794e-05
    outer loop
      vertex 7.067979872e-02 1.425333228e-02 -1.869980246e-02
      vertex 7.046744227e-02 1.461486612e-02 1.669984497e-02
      vertex 7.054537535e-02 1.448359899e-02 1.669982821e-02
    endloop
  endfacet
  facet normal 8.809958100e-01 4.731239676e-01 2.679409517e-04
    outer loop
      vertex 7.067979872e-02 1.425333228e-02 -1.869980246e-02
      vertex 7.054537535e-02 1.448359899e-02 1.669982821e-02
      vertex 7.151298970e-02 1.270186901e-02 -1.869986020e-02
    endloop
  endfacet
  facet normal 8.765308857e-01 4.813455641e-01 -2.679109457e-04
    outer loop
      vertex 7.151298970e-02 1.270186901e-02 -1.869986020e-02
      vertex 7.054537535e-02 1.448359899e-02 1.669982821e-02
      vertex 7.139303535e-02 1.293999888e-02 1.669983007e-02
    endloop
  endfacet
  facet normal 9.045687914e-01 4.263276160e-01 1.971927995e-04
    outer loop
      vertex 7.151298970e-02 1.270186901e-02 -1.869986020e-02
      vertex 7.139303535e-02 1.293999888e-02 1.669983007e-02
      vertex 7.214282453e-02 1.134911925e-02 1.670002565e-02
    endloop
  endfacet
  facet normal 6.634579897e-01 7.482134700e-01 -3.185524838e-04
    outer loop
      vertex 6.543762982e-02 2.084294893e-02 1.669995300e-02
      vertex 6.569877267e-02 2.059631608e-02 -1.869989932e-02
      vertex 6.436756998e-02 2.179179713e-02 1.670008153e-02
    endloop
  endfacet
  facet normal 6.716337800e-01 7.408832312e-01 2.364427055e-04
    outer loop
      vertex 6.436756998e-02 2.179179713e-02 1.670008153e-02
      vertex 6.569877267e-02 2.059631608e-02 -1.869989932e-02
      vertex 6.457065046e-02 2.161899582e-02 -1.870007254e-02
    endloop
  endfacet
  facet normal 6.204429269e-01 7.842515707e-01 -2.689214307e-04
    outer loop
      vertex 6.436756998e-02 2.179179713e-02 1.670008153e-02
      vertex 6.457065046e-02 2.161899582e-02 -1.870007254e-02
      vertex 6.298067421e-02 2.288900688e-02 1.669993624e-02
    endloop
  endfacet
  facet normal 6.278856993e-01 7.783055305e-01 2.786869591e-04
    outer loop
      vertex 6.298067421e-02 2.288900688e-02 1.669993624e-02
      vertex 6.457065046e-02 2.161899582e-02 -1.870007254e-02
      vertex 6.320182979e-02 2.272326872e-02 -1.869997755e-02
    endloop
  endfacet
  facet normal 5.918836594e-01 8.060233593e-01 -7.600172830e-05
    outer loop
      vertex 6.298067421e-02 2.288900688e-02 1.669993624e-02
      vertex 6.320182979e-02 2.272326872e-02 -1.869997755e-02
      vertex 6.275643408e-02 2.305367216e-02 1.669988781e-02
    endloop
  endfacet
  facet normal 5.957871079e-01 8.031424284e-01 9.369026136e-17
    outer loop
      vertex 6.275643408e-02 2.305367216e-02 1.669988781e-02
      vertex 6.320182979e-02 2.272326872e-02 -1.869997755e-02
      vertex 6.275643408e-02 2.305367216e-02 -1.869988814e-02
    endloop
  endfacet
  facet normal 5.664114356e-01 8.241226077e-01 9.584663519e-17
    outer loop
      vertex 6.275643408e-02 2.305367216e-02 1.669988781e-02
      vertex 6.275643408e-02 2.305367216e-02 -1.869988814e-02
      vertex 6.151777506e-02 2.390499040e-02 1.669967547e-02
    endloop
  endfacet
  facet normal 5.706843138e-01 8.211694956e-01 2.205320343e-04
    outer loop
      vertex 6.151777506e-02 2.390499040e-02 1.669967547e-02
      vertex 6.275643408e-02 2.305367216e-02 -1.869988814e-02
      vertex 6.176523492e-02 2.374252118e-02 -1.869969815e-02
    endloop
  endfacet
  facet normal 5.329124331e-01 8.461703658e-01 -1.582573896e-04
    outer loop
      vertex 6.151777506e-02 2.390499040e-02 1.669967547e-02
      vertex 6.176523492e-02 2.374252118e-02 -1.869969815e-02
      vertex 6.085534394e-02 2.432218567e-02 1.669970155e-02
    endloop
  endfacet
  facet normal 5.416722298e-01 8.405897617e-01 1.582828118e-04
    outer loop
      vertex 6.085534394e-02 2.432218567e-02 1.669970155e-02
      vertex 6.176523492e-02 2.374252118e-02 -1.869969815e-02
      vertex 6.110717356e-02 2.416657470e-02 -1.869967580e-02
    endloop
  endfacet
  facet normal 4.978386462e-01 8.672696352e-01 -2.708260727e-04
    outer loop
      vertex 6.085534394e-02 2.432218567e-02 1.669970155e-02
      vertex 6.110717356e-02 2.416657470e-02 -1.869967580e-02
      vertex 5.951092392e-02 2.509392239e-02 1.669994742e-02
    endloop
  endfacet
  facet normal 5.033212900e-01 8.640993237e-01 5.945065277e-05
    outer loop
      vertex 5.951092392e-02 2.509392239e-02 1.669994742e-02
      vertex 6.110717356e-02 2.416657470e-02 -1.869967580e-02
      vertex 5.956812948e-02 2.506303787e-02 -1.869993657e-02
    endloop
  endfacet
  facet normal 4.707940519e-01 8.822431564e-01 -8.940582120e-06
    outer loop
      vertex 5.951092392e-02 2.509392239e-02 1.669994742e-02
      vertex 5.956812948e-02 2.506303787e-02 -1.869993657e-02
      vertex 5.932445452e-02 2.519342862e-02 1.669997908e-02
    endloop
  endfacet
  facet normal 4.533046782e-01 8.913556337e-01 -1.628922037e-04
    outer loop
      vertex 5.932445452e-02 2.519342862e-02 1.669997908e-02
      vertex 5.956812948e-02 2.506303787e-02 -1.869993657e-02
      vertex 5.851057544e-02 2.560733259e-02 1.670007035e-02
    endloop
  endfacet
  facet normal 4.576197565e-01 8.891479969e-01 -3.812351679e-08
    outer loop
      vertex 5.851057544e-02 2.560733259e-02 1.670007035e-02
      vertex 5.956812948e-02 2.506303787e-02 -1.869993657e-02
      vertex 5.851050466e-02 2.560736798e-02 -1.870006882e-02
    endloop
  endfacet
  facet normal 4.255865216e-01 9.049177170e-01 4.253319119e-08
    outer loop
      vertex 5.851057544e-02 2.560733259e-02 1.670007035e-02
      vertex 5.851050466e-02 2.560736798e-02 -1.870006882e-02
      vertex 5.774515495e-02 2.596731298e-02 1.670007221e-02
    endloop
  endfacet
  facet normal 4.298128486e-01 9.029179811e-01 1.117487991e-04
    outer loop
      vertex 5.774515495e-02 2.596731298e-02 1.670007221e-02
      vertex 5.851050466e-02 2.560736798e-02 -1.870006882e-02
      vertex 5.798759311e-02 2.585628815e-02 -1.870007999e-02
    endloop
  endfacet
  facet normal 3.837643564e-01 9.234310389e-01 -2.679467725e-04
    outer loop
      vertex 5.774515495e-02 2.596731298e-02 1.670007221e-02
      vertex 5.798759311e-02 2.585628815e-02 -1.870007999e-02
      vertex 5.611896142e-02 2.664313465e-02 1.669986546e-02
    endloop
  endfacet
  facet normal 3.923866749e-01 9.198003411e-01 2.678928431e-04
    outer loop
      vertex 5.798759311e-02 2.585628815e-02 -1.870007999e-02
      vertex 5.636779219e-02 2.654729411e-02 -1.869990677e-02
      vertex 5.611896142e-02 2.664313465e-02 1.669986546e-02
    endloop
  endfacet
  facet normal 3.577094376e-01 9.338329434e-01 -1.384980351e-05
    outer loop
      vertex 5.611896142e-02 2.664313465e-02 1.669986546e-02
      vertex 5.636779219e-02 2.654729411e-02 -1.869990677e-02
      vertex 5.602096394e-02 2.668014914e-02 -1.869985089e-02
    endloop
  endfacet
  facet normal 3.533350527e-01 9.354968667e-01 1.069237615e-16
    outer loop
      vertex 5.611896142e-02 2.664313465e-02 1.669986546e-02
      vertex 5.602096394e-02 2.668014914e-02 -1.869985089e-02
      vertex 5.602096394e-02 2.668014914e-02 1.669985056e-02
    endloop
  endfacet
  facet normal 3.491279781e-01 9.370750785e-01 1.070730312e-16
    outer loop
      vertex 5.602096394e-02 2.668014914e-02 1.669985056e-02
      vertex 5.602096394e-02 2.668014914e-02 -1.869985089e-02
      vertex 5.587989837e-02 2.673270553e-02 1.669982821e-02
    endloop
  endfacet
  facet normal 3.216395974e-01 9.468621612e-01 -1.240685669e-04
    outer loop
      vertex 5.587989837e-02 2.673270553e-02 1.669982821e-02
      vertex 5.602096394e-02 2.668014914e-02 -1.869985089e-02
      vertex 5.444706604e-02 2.721942402e-02 1.669975370e-02
    endloop
  endfacet
  facet normal 3.287206888e-01 9.444271326e-01 2.278561151e-04
    outer loop
      vertex 5.444706604e-02 2.721942402e-02 1.669975370e-02
      vertex 5.602096394e-02 2.668014914e-02 -1.869985089e-02
      vertex 5.471061543e-02 2.713623270e-02 -1.869973913e-02
    endloop
  endfacet
  facet normal 2.664004564e-01 9.638624191e-01 -2.817923669e-04
    outer loop
      vertex 5.444706604e-02 2.721942402e-02 1.669975370e-02
      vertex 5.471061543e-02 2.713623270e-02 -1.869973913e-02
      vertex 5.273033679e-02 2.769390866e-02 1.669997163e-02
    endloop
  endfacet
  facet normal 2.760663331e-01 9.611385465e-01 3.018325951e-04
    outer loop
      vertex 5.273033679e-02 2.769390866e-02 1.669997163e-02
      vertex 5.471061543e-02 2.713623270e-02 -1.869973913e-02
      vertex 5.301762000e-02 2.762250975e-02 -1.869993471e-02
    endloop
  endfacet
  facet normal 2.294810414e-01 9.733131528e-01 -1.007787359e-04
    outer loop
      vertex 5.273033679e-02 2.769390866e-02 1.669997163e-02
      vertex 5.301762000e-02 2.762250975e-02 -1.869993471e-02
      vertex 5.234969035e-02 2.778365463e-02 1.670001261e-02
    endloop
  endfacet
  facet normal 2.345316410e-01 9.721084833e-01 1.102492923e-16
    outer loop
      vertex 5.301762000e-02 2.762250975e-02 -1.869993471e-02
      vertex 5.234969035e-02 2.778365463e-02 -1.870001294e-02
      vertex 5.234969035e-02 2.778365463e-02 1.670001261e-02
    endloop
  endfacet
  facet normal 2.211562097e-01 9.752383828e-01 1.105127394e-16
    outer loop
      vertex 5.234969035e-02 2.778365463e-02 1.670001261e-02
      vertex 5.234969035e-02 2.778365463e-02 -1.870001294e-02
      vertex 5.225629359e-02 2.780483477e-02 -1.870002225e-02
    endloop
  endfacet
  facet normal 2.160871774e-01 9.763740897e-01 1.405351304e-05
    outer loop
      vertex 5.234969035e-02 2.778365463e-02 1.670001261e-02
      vertex 5.225629359e-02 2.780483477e-02 -1.870002225e-02
      vertex 5.196717381e-02 2.786831185e-02 1.670004241e-02
    endloop
  endfacet
  facet normal 1.889266074e-01 9.819911718e-01 -2.178440045e-04
    outer loop
      vertex 5.196717381e-02 2.786831185e-02 1.670004241e-02
      vertex 5.225629359e-02 2.780483477e-02 -1.870002225e-02
      vertex 5.050727352e-02 2.814133093e-02 -1.870002784e-02
    endloop
  endfacet
  facet normal 1.790570617e-01 9.838386774e-01 2.034249337e-04
    outer loop
      vertex 5.196717381e-02 2.786831185e-02 1.670004241e-02
      vertex 5.050727352e-02 2.814133093e-02 -1.870002784e-02
      vertex 5.023419112e-02 2.818371169e-02 1.670000516e-02
    endloop
  endfacet
  facet normal 1.179851666e-01 9.930152893e-01 -2.786788682e-04
    outer loop
      vertex 5.023419112e-02 2.818371169e-02 1.670000516e-02
      vertex 5.050727352e-02 2.814133093e-02 -1.870002784e-02
      vertex 4.848776013e-02 2.839121409e-02 1.669980399e-02
    endloop
  endfacet
  facet normal 1.274390370e-01 9.918463826e-01 2.689038811e-04
    outer loop
      vertex 5.050727352e-02 2.814133093e-02 -1.870002784e-02
      vertex 4.875326157e-02 2.836669795e-02 -1.869983040e-02
      vertex 4.848776013e-02 2.839121409e-02 1.669980399e-02
    endloop
  endfacet
  facet normal 9.328018874e-02 9.956399202e-01 1.008051731e-05
    outer loop
      vertex 4.848776013e-02 2.839121409e-02 1.669980399e-02
      vertex 4.875326157e-02 2.836669795e-02 -1.869983040e-02
      vertex 4.856353626e-02 2.838447317e-02 -1.869981177e-02
    endloop
  endfacet
  facet normal 7.052372396e-02 9.975100756e-01 -3.898761133e-05
    outer loop
      vertex 4.848776013e-02 2.839121409e-02 1.669980399e-02
      vertex 4.856353626e-02 2.838447317e-02 -1.869981177e-02
      vertex 4.753148556e-02 2.845882252e-02 1.669978350e-02
    endloop
  endfacet
  facet normal 7.185469568e-02 9.974151254e-01 1.535962824e-08
    outer loop
      vertex 4.753148556e-02 2.845882252e-02 1.669978350e-02
      vertex 4.856353626e-02 2.838447317e-02 -1.869981177e-02
      vertex 4.753149301e-02 2.845882252e-02 -1.869978197e-02
    endloop
  endfacet
  facet normal 3.966983035e-02 9.992128611e-01 8.479806191e-09
    outer loop
      vertex 4.753148556e-02 2.845882252e-02 1.669978350e-02
      vertex 4.753149301e-02 2.845882252e-02 -1.869978197e-02
      vertex 4.672953859e-02 2.849066071e-02 1.669985801e-02
    endloop
  endfacet
  facet normal 4.434429109e-02 9.990162849e-01 1.060820650e-04
    outer loop
      vertex 4.672953859e-02 2.849066071e-02 1.669985801e-02
      vertex 4.753149301e-02 2.845882252e-02 -1.869978197e-02
      vertex 4.699604586e-02 2.848258987e-02 -1.869982667e-02
    endloop
  endfacet
  facet normal -5.429665558e-03 9.999852180e-01 -2.688662207e-04
    outer loop
      vertex 4.672953859e-02 2.849066071e-02 1.669985801e-02
      vertex 4.699604586e-02 2.848258987e-02 -1.869982667e-02
      vertex 4.496113211e-02 2.848105878e-02 1.670004427e-02
    endloop
  endfacet
  facet normal 4.096541554e-03 9.999915957e-01 2.787352132e-04
    outer loop
      vertex 4.496113211e-02 2.848105878e-02 1.670004427e-02
      vertex 4.699604586e-02 2.848258987e-02 -1.869982667e-02
      vertex 4.523734376e-02 2.848979458e-02 -1.870002598e-02
    endloop
  endfacet
  facet normal -4.048401490e-02 9.991801977e-01 -6.930853851e-05
    outer loop
      vertex 4.496113211e-02 2.848105878e-02 1.670004427e-02
      vertex 4.523734376e-02 2.848979458e-02 -1.870002598e-02
      vertex 4.473099858e-02 2.847173437e-02 1.670005545e-02
    endloop
  endfacet
  facet normal -3.564503789e-02 9.993644953e-01 1.115479658e-16
    outer loop
      vertex 4.473099858e-02 2.847173437e-02 1.670005545e-02
      vertex 4.523734376e-02 2.848979458e-02 -1.870002598e-02
      vertex 4.473099858e-02 2.847173437e-02 -1.870005578e-02
    endloop
  endfacet
  facet normal -7.169085741e-02 9.974269271e-01 1.110977810e-16
    outer loop
      vertex 4.473099858e-02 2.847173437e-02 1.670005545e-02
      vertex 4.473099858e-02 2.847173437e-02 -1.870005578e-02
      vertex 4.318412021e-02 2.836055122e-02 1.669999957e-02
    endloop
  endfacet
  facet normal -6.651008874e-02 9.977857471e-01 2.275113511e-04
    outer loop
      vertex 4.318412021e-02 2.836055122e-02 1.669999957e-02
      vertex 4.473099858e-02 2.847173437e-02 -1.870005578e-02
      vertex 4.347882420e-02 2.838826738e-02 -1.870002598e-02
    endloop
  endfacet
  facet normal -1.124621853e-01 9.936559796e-01 -1.582734694e-04
    outer loop
      vertex 4.318412021e-02 2.836055122e-02 1.669999957e-02
      vertex 4.347882420e-02 2.838826738e-02 -1.870002598e-02
      vertex 4.240624607e-02 2.827251144e-02 1.669990458e-02
    endloop
  endfacet
  facet normal -1.021358892e-01 9.947704673e-01 1.582460100e-04
    outer loop
      vertex 4.240624607e-02 2.827251144e-02 1.669990458e-02
      vertex 4.347882420e-02 2.838826738e-02 -1.870002598e-02
      vertex 4.270006344e-02 2.830830961e-02 -1.869994402e-02
    endloop
  endfacet
  facet normal -1.366796941e-01 9.906153083e-01 -1.326660858e-04
    outer loop
      vertex 4.240624607e-02 2.827251144e-02 1.669990458e-02
      vertex 4.270006344e-02 2.830830961e-02 -1.869994402e-02
      vertex 4.180343449e-02 2.818933874e-02 1.669982634e-02
    endloop
  endfacet
  facet normal -1.315333992e-01 9.913117290e-01 2.299947610e-08
    outer loop
      vertex 4.180343449e-02 2.818933874e-02 1.669982634e-02
      vertex 4.270006344e-02 2.830830961e-02 -1.869994402e-02
      vertex 4.180345684e-02 2.818934247e-02 -1.869982667e-02
    endloop
  endfacet
  facet normal -1.627418250e-01 9.866687059e-01 3.216036326e-09
    outer loop
      vertex 4.180343449e-02 2.818933874e-02 1.669982634e-02
      vertex 4.180345684e-02 2.818934247e-02 -1.869982667e-02
      vertex 4.092141986e-02 2.804385871e-02 1.669975929e-02
    endloop
  endfacet
  facet normal -1.624095440e-01 9.867234230e-01 8.507710845e-06
    outer loop
      vertex 4.092141986e-02 2.804385871e-02 1.669975929e-02
      vertex 4.180345684e-02 2.818934247e-02 -1.869982667e-02
      vertex 4.094025493e-02 2.804726362e-02 -1.869975962e-02
    endloop
  endfacet
  facet normal -1.826685518e-01 9.831745625e-01 -2.611278660e-06
    outer loop
      vertex 4.092141986e-02 2.804385871e-02 1.669975929e-02
      vertex 4.094025493e-02 2.804726362e-02 -1.869975962e-02
      vertex 4.066655785e-02 2.799650654e-02 1.669976301e-02
    endloop
  endfacet
  facet normal -2.173587680e-01 9.760917425e-01 -2.809780708e-04
    outer loop
      vertex 4.066655785e-02 2.799650654e-02 1.669976301e-02
      vertex 4.094025493e-02 2.804726362e-02 -1.869975962e-02
      vertex 3.894988820e-02 2.761423402e-02 1.669995114e-02
    endloop
  endfacet
  facet normal -2.079634815e-01 9.781365395e-01 2.722893842e-04
    outer loop
      vertex 3.894988820e-02 2.761423402e-02 1.669995114e-02
      vertex 4.094025493e-02 2.804726362e-02 -1.869975962e-02
      vertex 3.921152651e-02 2.767971531e-02 -1.869991794e-02
    endloop
  endfacet
  facet normal -2.771892846e-01 9.608153105e-01 -2.713890863e-04
    outer loop
      vertex 3.894988820e-02 2.761423402e-02 1.669995114e-02
      vertex 3.921152651e-02 2.767971531e-02 -1.869991794e-02
      vertex 3.725786135e-02 2.712609433e-02 1.670005918e-02
    endloop
  endfacet
  facet normal -2.680822313e-01 9.633960128e-01 2.715725859e-04
    outer loop
      vertex 3.725786135e-02 2.712609433e-02 1.670005918e-02
      vertex 3.921152651e-02 2.767971531e-02 -1.869991794e-02
      vertex 3.751507774e-02 2.720764838e-02 -1.870005950e-02
    endloop
  endfacet
  facet normal -3.260098696e-01 9.453663230e-01 -1.908643317e-04
    outer loop
      vertex 3.725786135e-02 2.712609433e-02 1.670005918e-02
      vertex 3.751507774e-02 2.720764838e-02 -1.870005950e-02
      vertex 3.616337478e-02 2.674866095e-02 1.669999398e-02
    endloop
  endfacet
  facet normal -3.215319514e-01 9.468987584e-01 -1.311489140e-08
    outer loop
      vertex 3.616337478e-02 2.674866095e-02 1.669999398e-02
      vertex 3.751507774e-02 2.720764838e-02 -1.870005950e-02
      vertex 3.616340458e-02 2.674867027e-02 -1.869999431e-02
    endloop
  endfacet
  facet normal -3.551848531e-01 9.347960949e-01 -4.374506801e-08
    outer loop
      vertex 3.616337478e-02 2.674866095e-02 1.669999398e-02
      vertex 3.616340458e-02 2.674867027e-02 -1.869999431e-02
      vertex 3.559232131e-02 2.653168328e-02 1.669993997e-02
    endloop
  endfacet
  facet normal -3.506071568e-01 9.365226030e-01 8.438790974e-05
    outer loop
      vertex 3.559232131e-02 2.653168328e-02 1.669993997e-02
      vertex 3.616340458e-02 2.674867027e-02 -1.869999431e-02
      vertex 3.585232794e-02 2.663221210e-02 -1.869996451e-02
    endloop
  endfacet
  facet normal -3.940966725e-01 9.190689325e-01 -2.846006537e-04
    outer loop
      vertex 3.559232131e-02 2.653168328e-02 1.669993997e-02
      vertex 3.585232794e-02 2.663221210e-02 -1.869996451e-02
      vertex 3.395537287e-02 2.582976036e-02 1.670003124e-02
    endloop
  endfacet
  facet normal -3.847932518e-01 9.230027199e-01 3.031078668e-04
    outer loop
      vertex 3.395537287e-02 2.582976036e-02 1.670003124e-02
      vertex 3.585232794e-02 2.663221210e-02 -1.869996451e-02
      vertex 3.422492370e-02 2.595375851e-02 -1.869994216e-02
    endloop
  endfacet
  facet normal -4.178932607e-01 9.084961414e-01 2.581407159e-07
    outer loop
      vertex 3.395537287e-02 2.582976036e-02 1.670003124e-02
      vertex 3.422492370e-02 2.595375851e-02 -1.869994216e-02
      vertex 3.395539150e-02 2.582977898e-02 -1.870000362e-02
    endloop
  endfacet
  facet normal -1.124598384e-01 -9.936562777e-01 1.582391415e-04
    outer loop
      vertex 4.240623489e-02 -2.827251144e-02 -1.869990490e-02
      vertex 4.318410903e-02 -2.836054936e-02 -1.869999990e-02
      vertex 4.347882420e-02 -2.838826738e-02 1.670002565e-02
    endloop
  endfacet
  facet normal -5.763848498e-02 -9.983374476e-01 -3.018326825e-04
    outer loop
      vertex 4.347882420e-02 -2.838826738e-02 1.670002565e-02
      vertex 4.318410903e-02 -2.836054936e-02 -1.869999990e-02
      vertex 4.523734376e-02 -2.848979458e-02 1.670002565e-02
    endloop
  endfacet
  facet normal -1.021358892e-01 -9.947704673e-01 -1.582117402e-04
    outer loop
      vertex 4.347882420e-02 -2.838826738e-02 1.670002565e-02
      vertex 4.270006344e-02 -2.830830961e-02 1.669994369e-02
      vertex 4.240623489e-02 -2.827251144e-02 -1.869990490e-02
    endloop
  endfacet
  facet normal -1.264304966e-01 -9.919754863e-01 4.626567170e-05
    outer loop
      vertex 4.240623489e-02 -2.827251144e-02 -1.869990490e-02
      vertex 4.270006344e-02 -2.830830961e-02 1.669994369e-02
      vertex 4.209369794e-02 -2.823102660e-02 1.669986360e-02
    endloop
  endfacet
  facet normal -1.414303184e-01 -9.899482131e-01 -8.854004409e-05
    outer loop
      vertex 4.240623489e-02 -2.827251144e-02 -1.869990490e-02
      vertex 4.209369794e-02 -2.823102660e-02 1.669986360e-02
      vertex 4.153323174e-02 -2.814778872e-02 -1.869979687e-02
    endloop
  endfacet
  facet normal -1.469041556e-01 -9.891507030e-01 -1.115879087e-16
    outer loop
      vertex 4.153323174e-02 -2.814778872e-02 -1.869979687e-02
      vertex 4.209369794e-02 -2.823102660e-02 1.669986360e-02
      vertex 4.153323174e-02 -2.814778872e-02 1.669979654e-02
    endloop
  endfacet
  facet normal -1.719546020e-01 -9.851048589e-01 -1.112976279e-16
    outer loop
      vertex 4.153323174e-02 -2.814778872e-02 -1.869979687e-02
      vertex 4.153323174e-02 -2.814778872e-02 1.669979654e-02
      vertex 4.066654667e-02 -2.799650468e-02 -1.869976334e-02
    endloop
  endfacet
  facet normal -1.671407968e-01 -9.859330058e-01 -1.213952855e-04
    outer loop
      vertex 4.066654667e-02 -2.799650468e-02 -1.869976334e-02
      vertex 4.153323174e-02 -2.814778872e-02 1.669979654e-02
      vertex 4.094025493e-02 -2.804726362e-02 1.669975929e-02
    endloop
  endfacet
  facet normal -2.173587680e-01 -9.760917425e-01 2.809981816e-04
    outer loop
      vertex 4.066654667e-02 -2.799650468e-02 -1.869976334e-02
      vertex 4.094025493e-02 -2.804726362e-02 1.669975929e-02
      vertex 3.894987702e-02 -2.761423215e-02 -1.869995147e-02
    endloop
  endfacet
  facet normal -2.079634815e-01 -9.781365395e-01 -2.722724457e-04
    outer loop
      vertex 3.894987702e-02 -2.761423215e-02 -1.869995147e-02
      vertex 4.094025493e-02 -2.804726362e-02 1.669975929e-02
      vertex 3.921152651e-02 -2.767971531e-02 1.669991761e-02
    endloop
  endfacet
  facet normal -2.657665610e-01 -9.640374184e-01 1.810419199e-04
    outer loop
      vertex 3.894987702e-02 -2.761423215e-02 -1.869995147e-02
      vertex 3.921152651e-02 -2.767971531e-02 1.669991761e-02
      vertex 3.790418431e-02 -2.732595429e-02 -1.870004833e-02
    endloop
  endfacet
  facet normal -2.612017393e-01 -9.652842283e-01 -1.096587382e-16
    outer loop
      vertex 3.790418431e-02 -2.732595429e-02 -1.870004833e-02
      vertex 3.921152651e-02 -2.767971531e-02 1.669991761e-02
      vertex 3.790418431e-02 -2.732595429e-02 1.670004800e-02
    endloop
  endfacet
  facet normal -2.954249680e-01 -9.553659558e-01 -1.087710411e-16
    outer loop
      vertex 3.790418431e-02 -2.732595429e-02 -1.870004833e-02
      vertex 3.790418431e-02 -2.732595429e-02 1.670004800e-02
      vertex 3.725785017e-02 -2.712609060e-02 -1.870005950e-02
    endloop
  endfacet
  facet normal -2.908970714e-01 -9.567543268e-01 -9.050856170e-05
    outer loop
      vertex 3.725785017e-02 -2.712609060e-02 -1.870005950e-02
      vertex 3.790418431e-02 -2.732595429e-02 1.670004800e-02
      vertex 3.751507774e-02 -2.720764838e-02 1.670006104e-02
    endloop
  endfacet
  facet normal -3.260099590e-01 -9.453663230e-01 1.908685517e-04
    outer loop
      vertex 3.725785017e-02 -2.712609060e-02 -1.870005950e-02
      vertex 3.751507774e-02 -2.720764838e-02 1.670006104e-02
      vertex 3.616337478e-02 -2.674866095e-02 -1.869999431e-02
    endloop
  endfacet
  facet normal -3.165636361e-01 -9.485712647e-01 -2.113804076e-04
    outer loop
      vertex 3.616337478e-02 -2.674866095e-02 -1.869999431e-02
      vertex 3.751507774e-02 -2.720764838e-02 1.670006104e-02
      vertex 3.644438460e-02 -2.685032971e-02 1.670001820e-02
    endloop
  endfacet
  facet normal -3.551841080e-01 -9.347963333e-01 1.347542420e-04
    outer loop
      vertex 3.616337478e-02 -2.674866095e-02 -1.869999431e-02
      vertex 3.644438460e-02 -2.685032971e-02 1.670001820e-02
      vertex 3.559231013e-02 -2.653167956e-02 -1.869994029e-02
    endloop
  endfacet
  facet normal -3.456934392e-01 -9.383475184e-01 -1.256503601e-04
    outer loop
      vertex 3.559231013e-02 -2.653167956e-02 -1.869994029e-02
      vertex 3.644438460e-02 -2.685032971e-02 1.670001820e-02
      vertex 3.585232794e-02 -2.663221210e-02 1.669996418e-02
    endloop
  endfacet
  facet normal -3.940923810e-01 -9.190707803e-01 2.845915733e-04
    outer loop
      vertex 3.559231013e-02 -2.653167956e-02 -1.869994029e-02
      vertex 3.585232794e-02 -2.663221210e-02 1.669996418e-02
      vertex 3.395535797e-02 -2.582976408e-02 -1.870001294e-02
    endloop
  endfacet
  facet normal -3.847932518e-01 -9.230027199e-01 -3.028489300e-04
    outer loop
      vertex 3.395535797e-02 -2.582976408e-02 -1.870001294e-02
      vertex 3.585232794e-02 -2.663221210e-02 1.669996418e-02
      vertex 3.422492370e-02 -2.595375851e-02 1.669994183e-02
    endloop
  endfacet
  facet normal -4.178414643e-01 -9.085199833e-01 -4.647248488e-07
    outer loop
      vertex 3.395535797e-02 -2.582976408e-02 -1.870001294e-02
      vertex 3.422492370e-02 -2.595375851e-02 1.669994183e-02
      vertex 3.395539150e-02 -2.582979761e-02 1.670002751e-02
    endloop
  endfacet
  facet normal 2.834047973e-01 -9.590001106e-01 -7.460826891e-04
    outer loop
      vertex 5.343904346e-02 -2.751201019e-02 1.669987664e-02
      vertex 5.273032561e-02 -2.769391052e-02 -1.869997196e-02
      vertex 5.471061543e-02 -2.713623270e-02 1.669974066e-02
    endloop
  endfacet
  facet normal 2.663995624e-01 -9.638626575e-01 2.818100038e-04
    outer loop
      vertex 5.471061543e-02 -2.713623270e-02 1.669974066e-02
      vertex 5.273032561e-02 -2.769391052e-02 -1.869997196e-02
      vertex 5.444705486e-02 -2.721942775e-02 -1.869975403e-02
    endloop
  endfacet
  facet normal 3.315245211e-01 -9.434465766e-01 -2.510491759e-04
    outer loop
      vertex 5.471061543e-02 -2.713623270e-02 1.669974066e-02
      vertex 5.444705486e-02 -2.721942775e-02 -1.869975403e-02
      vertex 5.617922544e-02 -2.662016824e-02 1.669987477e-02
    endloop
  endfacet
  facet normal 3.216393888e-01 -9.468622208e-01 2.904695575e-04
    outer loop
      vertex 5.617922544e-02 -2.662016824e-02 1.669987477e-02
      vertex 5.444705486e-02 -2.721942775e-02 -1.869975403e-02
      vertex 5.587989837e-02 -2.673270553e-02 -1.869982854e-02
    endloop
  endfacet
  facet normal 3.508567512e-01 -9.364291430e-01 1.025229176e-05
    outer loop
      vertex 5.617922544e-02 -2.662016824e-02 1.669987477e-02
      vertex 5.587989837e-02 -2.673270553e-02 -1.869982854e-02
      vertex 5.611895025e-02 -2.664313838e-02 -1.869986579e-02
    endloop
  endfacet
  facet normal -6.766030937e-02 -9.977083802e-01 2.817399218e-04
    outer loop
      vertex 4.318410903e-02 -2.836054936e-02 -1.869999990e-02
      vertex 4.496112093e-02 -2.848105878e-02 -1.870004460e-02
      vertex 4.523734376e-02 -2.848979458e-02 1.670002565e-02
    endloop
  endfacet
  facet normal -3.158788383e-02 -9.995009899e-01 -1.727443077e-07
    outer loop
      vertex 4.523734376e-02 -2.848979458e-02 1.670002565e-02
      vertex 4.496112093e-02 -2.848105878e-02 -1.870004460e-02
      vertex 4.523842409e-02 -2.848982252e-02 -1.870002598e-02
    endloop
  endfacet
  facet normal 4.096573684e-03 -9.999915957e-01 9.139574786e-07
    outer loop
      vertex 4.523734376e-02 -2.848979458e-02 1.670002565e-02
      vertex 4.523842409e-02 -2.848982252e-02 -1.870002598e-02
      vertex 4.699604586e-02 -2.848258987e-02 1.669982634e-02
    endloop
  endfacet
  facet normal -5.621541059e-04 -9.999998212e-01 2.322242799e-04
    outer loop
      vertex 4.699604586e-02 -2.848258987e-02 1.669982634e-02
      vertex 4.523842409e-02 -2.848982252e-02 -1.870002598e-02
      vertex 4.672952369e-02 -2.849066071e-02 -1.869985647e-02
    endloop
  endfacet
  facet normal 4.942716658e-02 -9.987777472e-01 -1.444199879e-04
    outer loop
      vertex 4.699604586e-02 -2.848258987e-02 1.669982634e-02
      vertex 4.672952369e-02 -2.849066071e-02 -1.869985647e-02
      vertex 4.782100767e-02 -2.844176441e-02 1.669977419e-02
    endloop
  endfacet
  facet normal 3.966921195e-02 -9.992128611e-01 1.570499298e-04
    outer loop
      vertex 4.782100767e-02 -2.844176441e-02 1.669977419e-02
      vertex 4.672952369e-02 -2.849066071e-02 -1.869985647e-02
      vertex 4.753148556e-02 -2.845882252e-02 -1.869978197e-02
    endloop
  endfacet
  facet normal 8.026175201e-02 -9.967737794e-01 -1.761211606e-04
    outer loop
      vertex 4.782100767e-02 -2.844176441e-02 1.669977419e-02
      vertex 4.753148556e-02 -2.845882252e-02 -1.869978197e-02
      vertex 4.875326157e-02 -2.836669795e-02 1.669983007e-02
    endloop
  endfacet
  facet normal 7.052268088e-02 -9.975101352e-01 1.619280083e-04
    outer loop
      vertex 4.875326157e-02 -2.836669795e-02 1.669983007e-02
      vertex 4.753148556e-02 -2.845882252e-02 -1.869978197e-02
      vertex 4.848774895e-02 -2.839121595e-02 -1.869980432e-02
    endloop
  endfacet
  facet normal 1.001780406e-01 -9.949695468e-01 -6.226091500e-05
    outer loop
      vertex 4.875326157e-02 -2.836669795e-02 1.669983007e-02
      vertex 4.848774895e-02 -2.839121595e-02 -1.869980432e-02
      vertex 4.895659536e-02 -2.834622562e-02 1.669985242e-02
    endloop
  endfacet
  facet normal 9.552104026e-02 -9.954274297e-01 -1.107197992e-16
    outer loop
      vertex 4.895659536e-02 -2.834622562e-02 1.669985242e-02
      vertex 4.848774895e-02 -2.839121595e-02 -1.869980432e-02
      vertex 4.895659536e-02 -2.834622562e-02 -1.869985275e-02
    endloop
  endfacet
  facet normal 1.309936196e-01 -9.913831949e-01 -1.100376995e-16
    outer loop
      vertex 4.895659536e-02 -2.834622562e-02 1.669985242e-02
      vertex 4.895659536e-02 -2.834622562e-02 -1.869985275e-02
      vertex 5.050727352e-02 -2.814133093e-02 1.670002937e-02
    endloop
  endfacet
  facet normal 1.261855811e-01 -9.920065999e-01 2.142227459e-04
    outer loop
      vertex 5.050727352e-02 -2.814133093e-02 1.670002937e-02
      vertex 4.895659536e-02 -2.834622562e-02 -1.869985275e-02
      vertex 5.023417994e-02 -2.818371356e-02 -1.870000549e-02
    endloop
  endfacet
  facet normal 1.889266074e-01 -9.819911718e-01 -2.817822678e-04
    outer loop
      vertex 5.050727352e-02 -2.814133093e-02 1.670002937e-02
      vertex 5.023417994e-02 -2.818371356e-02 -1.870000549e-02
      vertex 5.225629359e-02 -2.780483477e-02 1.670002192e-02
    endloop
  endfacet
  facet normal 1.790560931e-01 -9.838387966e-01 3.018136777e-04
    outer loop
      vertex 5.225629359e-02 -2.780483477e-02 1.670002192e-02
      vertex 5.023417994e-02 -2.818371356e-02 -1.870000549e-02
      vertex 5.196716264e-02 -2.786831558e-02 -1.870004274e-02
    endloop
  endfacet
  facet normal 2.259825468e-01 -9.741313457e-01 -9.886709449e-05
    outer loop
      vertex 5.225629359e-02 -2.780483477e-02 1.670002192e-02
      vertex 5.196716264e-02 -2.786831558e-02 -1.870004274e-02
      vertex 5.262436718e-02 -2.771944739e-02 1.669998467e-02
    endloop
  endfacet
  facet normal 2.227855921e-01 -9.748674631e-01 -3.641967123e-05
    outer loop
      vertex 5.262436718e-02 -2.771944739e-02 1.669998467e-02
      vertex 5.196716264e-02 -2.786831558e-02 -1.870004274e-02
      vertex 5.273032561e-02 -2.769391052e-02 -1.869997196e-02
    endloop
  endfacet
  facet normal 2.393383682e-01 -9.709362388e-01 1.596128641e-05
    outer loop
      vertex 5.262436718e-02 -2.771944739e-02 1.669998467e-02
      vertex 5.273032561e-02 -2.769391052e-02 -1.869997196e-02
      vertex 5.301762000e-02 -2.762250975e-02 1.669993624e-02
    endloop
  endfacet
  facet normal 2.536323965e-01 -9.673006535e-01 -1.073773310e-04
    outer loop
      vertex 5.301762000e-02 -2.762250975e-02 1.669993624e-02
      vertex 5.273032561e-02 -2.769391052e-02 -1.869997196e-02
      vertex 5.343904346e-02 -2.751201019e-02 1.669987664e-02
    endloop
  endfacet
  facet normal 4.621601105e-01 -8.867964745e-01 -1.717577252e-04
    outer loop
      vertex 5.956812948e-02 -2.506303787e-02 1.669993624e-02
      vertex 5.877176672e-02 -2.547806688e-02 1.670004986e-02
      vertex 5.851057544e-02 -2.560733259e-02 -1.870006882e-02
    endloop
  endfacet
  facet normal 4.255850315e-01 -9.049184322e-01 1.642771385e-04
    outer loop
      vertex 5.851057544e-02 -2.560733259e-02 -1.870006882e-02
      vertex 5.877176672e-02 -2.547806688e-02 1.670004986e-02
      vertex 5.774514377e-02 -2.596731670e-02 -1.870007068e-02
    endloop
  endfacet
  facet normal 4.344261289e-01 -9.007074833e-01 -1.503178646e-04
    outer loop
      vertex 5.774514377e-02 -2.596731670e-02 -1.870007068e-02
      vertex 5.877176672e-02 -2.547806688e-02 1.670004986e-02
      vertex 5.798759311e-02 -2.585628815e-02 1.670007966e-02
    endloop
  endfacet
  facet normal 3.837643564e-01 -9.234310389e-01 2.679227910e-04
    outer loop
      vertex 5.774514377e-02 -2.596731670e-02 -1.870007068e-02
      vertex 5.798759311e-02 -2.585628815e-02 1.670007966e-02
      vertex 5.611895025e-02 -2.664313838e-02 -1.869986579e-02
    endloop
  endfacet
  facet normal 3.923866749e-01 -9.198003411e-01 -2.679199388e-04
    outer loop
      vertex 5.611895025e-02 -2.664313838e-02 -1.869986579e-02
      vertex 5.798759311e-02 -2.585628815e-02 1.670007966e-02
      vertex 5.636779219e-02 -2.654729411e-02 1.669990644e-02
    endloop
  endfacet
  facet normal 3.604770899e-01 -9.327680469e-01 -8.503076970e-06
    outer loop
      vertex 5.611895025e-02 -2.664313838e-02 -1.869986579e-02
      vertex 5.636779219e-02 -2.654729411e-02 1.669990644e-02
      vertex 5.617922544e-02 -2.662016824e-02 1.669987477e-02
    endloop
  endfacet
  facet normal 6.862567663e-01 -7.273593545e-01 -1.327316477e-05
    outer loop
      vertex 6.543762982e-02 -2.084294893e-02 -1.869995333e-02
      vertex 6.567838043e-02 -2.061580122e-02 -1.869990304e-02
      vertex 6.557610631e-02 -2.071294188e-02 1.669992507e-02
    endloop
  endfacet
  facet normal 6.634583473e-01 -7.482132316e-01 1.524967665e-04
    outer loop
      vertex 6.543762982e-02 -2.084294893e-02 -1.869995333e-02
      vertex 6.557610631e-02 -2.071294188e-02 1.669992507e-02
      vertex 6.436756253e-02 -2.179180458e-02 -1.870008186e-02
    endloop
  endfacet
  facet normal 6.694307327e-01 -7.428744435e-01 -2.141043369e-04
    outer loop
      vertex 6.436756253e-02 -2.179180458e-02 -1.870008186e-02
      vertex 6.557610631e-02 -2.071294188e-02 1.669992507e-02
      vertex 6.457065046e-02 -2.161899582e-02 1.670007221e-02
    endloop
  endfacet
  facet normal 6.204429269e-01 -7.842515707e-01 2.689232642e-04
    outer loop
      vertex 6.436756253e-02 -2.179180458e-02 -1.870008186e-02
      vertex 6.457065046e-02 -2.161899582e-02 1.670007221e-02
      vertex 6.298066676e-02 -2.288901433e-02 -1.869993471e-02
    endloop
  endfacet
  facet normal 4.533047676e-01 -8.913555741e-01 1.628890750e-04
    outer loop
      vertex 5.851057544e-02 -2.560733259e-02 -1.870006882e-02
      vertex 5.932444334e-02 -2.519343421e-02 -1.869997755e-02
      vertex 5.956812948e-02 -2.506303787e-02 1.669993624e-02
    endloop
  endfacet
  facet normal 4.716677070e-01 -8.817763925e-01 1.197748134e-06
    outer loop
      vertex 5.956812948e-02 -2.506303787e-02 1.669993624e-02
      vertex 5.932444334e-02 -2.519343421e-02 -1.869997755e-02
      vertex 5.956056714e-02 -2.506713010e-02 -1.869993843e-02
    endloop
  endfacet
  facet normal 5.033212900e-01 -8.640993237e-01 -7.606090549e-06
    outer loop
      vertex 5.956812948e-02 -2.506303787e-02 1.669993624e-02
      vertex 5.956056714e-02 -2.506713010e-02 -1.869993843e-02
      vertex 6.110717356e-02 -2.416657470e-02 1.669967547e-02
    endloop
  endfacet
  facet normal 4.986967444e-01 -8.667764664e-01 2.625461784e-04
    outer loop
      vertex 6.110717356e-02 -2.416657470e-02 1.669967547e-02
      vertex 5.956056714e-02 -2.506713010e-02 -1.869993843e-02
      vertex 6.085533276e-02 -2.432219125e-02 -1.869970188e-02
    endloop
  endfacet
  facet normal 5.416722298e-01 -8.405897617e-01 -1.583068806e-04
    outer loop
      vertex 6.110717356e-02 -2.416657470e-02 1.669967547e-02
      vertex 6.085533276e-02 -2.432219125e-02 -1.869970188e-02
      vertex 6.176523492e-02 -2.374252118e-02 1.669969968e-02
    endloop
  endfacet
  facet normal 5.329107046e-01 -8.461714387e-01 1.582980913e-04
    outer loop
      vertex 6.176523492e-02 -2.374252118e-02 1.669969968e-02
      vertex 6.085533276e-02 -2.432219125e-02 -1.869970188e-02
      vertex 6.151776761e-02 -2.390499786e-02 -1.869967394e-02
    endloop
  endfacet
  facet normal 5.698711276e-01 -8.217340708e-01 -2.122478618e-04
    outer loop
      vertex 6.176523492e-02 -2.374252118e-02 1.669969968e-02
      vertex 6.151776761e-02 -2.390499786e-02 -1.869967394e-02
      vertex 6.271076202e-02 -2.308680117e-02 1.669987850e-02
    endloop
  endfacet
  facet normal 5.655954480e-01 -8.246828318e-01 -8.857740505e-17
    outer loop
      vertex 6.271076202e-02 -2.308680117e-02 1.669987850e-02
      vertex 6.151776761e-02 -2.390499786e-02 -1.869967394e-02
      vertex 6.271076202e-02 -2.308680117e-02 -1.869987883e-02
    endloop
  endfacet
  facet normal 5.949920416e-01 -8.037316203e-01 -8.604361187e-17
    outer loop
      vertex 6.271076202e-02 -2.308680117e-02 1.669987850e-02
      vertex 6.271076202e-02 -2.308680117e-02 -1.869987883e-02
      vertex 6.320182979e-02 -2.272326872e-02 1.669997722e-02
    endloop
  endfacet
  facet normal 5.910851359e-01 -8.066091537e-01 8.374725439e-05
    outer loop
      vertex 6.320182979e-02 -2.272326872e-02 1.669997722e-02
      vertex 6.271076202e-02 -2.308680117e-02 -1.869987883e-02
      vertex 6.298066676e-02 -2.288901433e-02 -1.869993471e-02
    endloop
  endfacet
  facet normal 6.090050936e-01 -7.931662798e-01 -9.115041757e-05
    outer loop
      vertex 6.320182979e-02 -2.272326872e-02 1.669997722e-02
      vertex 6.298066676e-02 -2.288901433e-02 -1.869993471e-02
      vertex 6.351073831e-02 -2.248608693e-02 1.670002751e-02
    endloop
  endfacet
  facet normal 6.331890225e-01 -7.739969492e-01 -6.714620395e-04
    outer loop
      vertex 6.351073831e-02 -2.248608693e-02 1.670002751e-02
      vertex 6.298066676e-02 -2.288901433e-02 -1.869993471e-02
      vertex 6.457065046e-02 -2.161899582e-02 1.670007221e-02
    endloop
  endfacet
  facet normal 7.893785834e-01 -6.139066815e-01 -1.583115663e-04
    outer loop
      vertex 6.873542070e-02 -1.718576252e-02 1.670004427e-02
      vertex 6.825483590e-02 -1.780371927e-02 1.669997163e-02
      vertex 6.806870550e-02 -1.803391986e-02 -1.869993471e-02
    endloop
  endfacet
  facet normal 7.782949209e-01 -6.278988719e-01 -9.045654224e-06
    outer loop
      vertex 6.806870550e-02 -1.803391986e-02 -1.869993471e-02
      vertex 6.825483590e-02 -1.780371927e-02 1.669997163e-02
      vertex 6.810776144e-02 -1.798601449e-02 1.669994183e-02
    endloop
  endfacet
  facet normal 7.636957169e-01 -6.455764174e-01 3.098530942e-05
    outer loop
      vertex 6.806870550e-02 -1.803391986e-02 -1.869993471e-02
      vertex 6.810776144e-02 -1.798601449e-02 1.669994183e-02
      vertex 6.745591760e-02 -1.875882782e-02 -1.869980432e-02
    endloop
  endfacet
  facet normal 7.687875032e-01 -6.395043135e-01 -1.953346946e-04
    outer loop
      vertex 6.745591760e-02 -1.875882782e-02 -1.869980432e-02
      vertex 6.810776144e-02 -1.798601449e-02 1.669994183e-02
      vertex 6.771049649e-02 -1.846359111e-02 1.669985615e-02
    endloop
  endfacet
  facet normal 7.433810234e-01 -6.688681841e-01 2.322779037e-04
    outer loop
      vertex 6.745591760e-02 -1.875882782e-02 -1.869980432e-02
      vertex 6.771049649e-02 -1.846359111e-02 1.669985615e-02
      vertex 6.691249460e-02 -1.936278678e-02 -1.869973354e-02
    endloop
  endfacet
  facet normal 7.511479259e-01 -6.601338983e-01 -1.646711316e-04
    outer loop
      vertex 6.691249460e-02 -1.936278678e-02 -1.869973354e-02
      vertex 6.771049649e-02 -1.846359111e-02 1.669985615e-02
      vertex 6.709928066e-02 -1.915907860e-02 1.669974811e-02
    endloop
  endfacet
  facet normal 7.124596238e-01 -7.017130256e-01 2.787376579e-04
    outer loop
      vertex 6.691249460e-02 -1.936278678e-02 -1.869973354e-02
      vertex 6.709928066e-02 -1.915907860e-02 1.669974811e-02
      vertex 6.567838043e-02 -2.061580122e-02 -1.869990304e-02
    endloop
  endfacet
  facet normal 7.191125751e-01 -6.948935390e-01 -2.689302491e-04
    outer loop
      vertex 6.567838043e-02 -2.061580122e-02 -1.869990304e-02
      vertex 6.709928066e-02 -1.915907860e-02 1.669974811e-02
      vertex 6.587041169e-02 -2.043077908e-02 1.669986360e-02
    endloop
  endfacet
  facet normal 6.920612454e-01 -7.218387723e-01 1.864554542e-05
    outer loop
      vertex 6.567838043e-02 -2.061580122e-02 -1.869990304e-02
      vertex 6.587041169e-02 -2.043077908e-02 1.669986360e-02
      vertex 6.557610631e-02 -2.071294188e-02 1.669992507e-02
    endloop
  endfacet
  facet normal 7.829591632e-01 -6.220731139e-01 1.582543919e-04
    outer loop
      vertex 6.806870550e-02 -1.803391986e-02 -1.869993471e-02
      vertex 6.855569780e-02 -1.742097735e-02 -1.870002225e-02
      vertex 6.873542070e-02 -1.718576252e-02 1.670004427e-02
    endloop
  endfacet
  facet normal 8.035758734e-01 -5.952023268e-01 -1.249593770e-04
    outer loop
      vertex 6.873542070e-02 -1.718576252e-02 1.670004427e-02
      vertex 6.855569780e-02 -1.742097735e-02 -1.870002225e-02
      vertex 6.923889369e-02 -1.649859734e-02 -1.870006137e-02
    endloop
  endfacet
  facet normal 8.106558919e-01 -5.855228901e-01 1.636266388e-04
    outer loop
      vertex 6.873542070e-02 -1.718576252e-02 1.670004427e-02
      vertex 6.923889369e-02 -1.649859734e-02 -1.870006137e-02
      vertex 6.946104020e-02 -1.618114300e-02 1.670004614e-02
    endloop
  endfacet
  facet normal 8.217836618e-01 -5.697996020e-01 -4.720409197e-05
    outer loop
      vertex 6.946104020e-02 -1.618114300e-02 1.670004614e-02
      vertex 6.923889369e-02 -1.649859734e-02 -1.870006137e-02
      vertex 6.959983706e-02 -1.597803831e-02 -1.870002970e-02
    endloop
  endfacet
  facet normal 8.283625245e-01 -5.601923466e-01 3.371018465e-05
    outer loop
      vertex 6.946104020e-02 -1.618114300e-02 1.670004614e-02
      vertex 6.959983706e-02 -1.597803831e-02 -1.870002970e-02
      vertex 6.975366175e-02 -1.574844308e-02 1.670000516e-02
    endloop
  endfacet
  facet normal 8.425059915e-01 -5.386869311e-01 -1.672271756e-04
    outer loop
      vertex 6.975366175e-02 -1.574844308e-02 1.670000516e-02
      vertex 6.959983706e-02 -1.597803831e-02 -1.870002970e-02
      vertex 7.026257366e-02 -1.495250221e-02 1.669989340e-02
    endloop
  endfacet
  facet normal 8.398844600e-01 -5.427652001e-01 -5.526840350e-17
    outer loop
      vertex 7.026257366e-02 -1.495250221e-02 1.669989340e-02
      vertex 6.959983706e-02 -1.597803831e-02 -1.870002970e-02
      vertex 7.026257366e-02 -1.495250221e-02 -1.869989373e-02
    endloop
  endfacet
  facet normal 8.587251902e-01 -5.124363303e-01 -5.175409358e-17
    outer loop
      vertex 7.026257366e-02 -1.495250221e-02 1.669989340e-02
      vertex 7.026257366e-02 -1.495250221e-02 -1.869989373e-02
      vertex 7.067979872e-02 -1.425333228e-02 1.669980213e-02
    endloop
  endfacet
  facet normal 8.563185930e-01 -5.164479017e-01 1.075953114e-04
    outer loop
      vertex 7.067979872e-02 -1.425333228e-02 1.669980213e-02
      vertex 7.026257366e-02 -1.495250221e-02 -1.869989373e-02
      vertex 7.054536790e-02 -1.448360924e-02 -1.869982854e-02
    endloop
  endfacet
  facet normal 8.710180521e-01 -4.912509620e-01 -1.121347304e-04
    outer loop
      vertex 7.067979872e-02 -1.425333228e-02 1.669980213e-02
      vertex 7.054536790e-02 -1.448360924e-02 -1.869982854e-02
      vertex 7.096564025e-02 -1.374651771e-02 1.669977419e-02
    endloop
  endfacet
  facet normal 8.857793808e-01 -4.641057551e-01 -8.526028832e-04
    outer loop
      vertex 7.096564025e-02 -1.374651771e-02 1.669977419e-02
      vertex 7.054536790e-02 -1.448360924e-02 -1.869982854e-02
      vertex 7.151298970e-02 -1.270186901e-02 1.669985987e-02
    endloop
  endfacet
  facet normal 8.765307665e-01 -4.813457727e-01 2.679264580e-04
    outer loop
      vertex 7.151298970e-02 -1.270186901e-02 1.669985987e-02
      vertex 7.054536790e-02 -1.448360924e-02 -1.869982854e-02
      vertex 7.139303535e-02 -1.294001006e-02 -1.869983040e-02
    endloop
  endfacet
  facet normal 9.039869905e-01 -4.275599718e-01 -1.869392145e-04
    outer loop
      vertex 7.151298970e-02 -1.270186901e-02 1.669985987e-02
      vertex 7.139303535e-02 -1.294001006e-02 -1.869983040e-02
      vertex 7.200381905e-02 -1.166411210e-02 1.669999585e-02
    endloop
  endfacet
  facet normal 9.019768834e-01 -4.317843616e-01 -4.245303654e-17
    outer loop
      vertex 7.200381905e-02 -1.166411210e-02 1.669999585e-02
      vertex 7.139303535e-02 -1.294001006e-02 -1.869983040e-02
      vertex 7.200381905e-02 -1.166411210e-02 -1.869999431e-02
    endloop
  endfacet
  facet normal 9.168169498e-01 -3.993077576e-01 -3.872441736e-17
    outer loop
      vertex 7.200381905e-02 -1.166411210e-02 1.669999585e-02
      vertex 7.200381905e-02 -1.166411210e-02 -1.869999431e-02
      vertex 7.225164771e-02 -1.109509356e-02 1.670004427e-02
    endloop
  endfacet
  facet normal 9.148701429e-01 -4.037482142e-01 8.500488184e-05
    outer loop
      vertex 7.225164771e-02 -1.109509356e-02 1.670004427e-02
      vertex 7.200381905e-02 -1.166411210e-02 -1.869999431e-02
      vertex 7.214282453e-02 -1.134912949e-02 -1.870002598e-02
    endloop
  endfacet
  facet normal 9.328252077e-01 -3.603290319e-01 -2.817719942e-04
    outer loop
      vertex 7.225164771e-02 -1.109509356e-02 1.670004427e-02
      vertex 7.214282453e-02 -1.134912949e-02 -1.870002598e-02
      vertex 7.289342582e-02 -9.433643892e-03 1.669999957e-02
    endloop
  endfacet
  facet normal 9.291599989e-01 -3.696776927e-01 3.017958661e-04
    outer loop
      vertex 7.289342582e-02 -9.433643892e-03 1.669999957e-02
      vertex 7.214282453e-02 -1.134912949e-02 -1.870002598e-02
      vertex 7.279399037e-02 -9.712463245e-03 -1.870002598e-02
    endloop
  endfacet
  facet normal 9.480861425e-01 -3.180135190e-01 -1.582848054e-04
    outer loop
      vertex 7.289342582e-02 -9.433643892e-03 1.669999957e-02
      vertex 7.279399037e-02 -9.712463245e-03 -1.870002598e-02
      vertex 7.314237952e-02 -8.691444062e-03 1.669990830e-02
    endloop
  endfacet
  facet normal 9.447314739e-01 -3.278451264e-01 1.582980185e-04
    outer loop
      vertex 7.314237952e-02 -8.691444062e-03 1.669990830e-02
      vertex 7.279399037e-02 -9.712463245e-03 -1.870002598e-02
      vertex 7.305064797e-02 -8.972873911e-03 -1.869994588e-02
    endloop
  endfacet
  facet normal 9.533808827e-01 -3.017695844e-01 -7.141657261e-05
    outer loop
      vertex 7.314237952e-02 -8.691444062e-03 1.669990830e-02
      vertex 7.305064797e-02 -8.972873911e-03 -1.869994588e-02
      vertex 7.320003211e-02 -8.509290405e-03 1.669988409e-02
    endloop
  endfacet
  facet normal 9.536539316e-01 -3.009056747e-01 -8.388217248e-05
    outer loop
      vertex 7.320003211e-02 -8.509290405e-03 1.669988409e-02
      vertex 7.305064797e-02 -8.972873911e-03 -1.869994588e-02
      vertex 7.330179960e-02 -8.176898584e-03 -1.869984157e-02
    endloop
  endfacet
  facet normal 9.561894536e-01 -2.927485108e-01 -2.655076058e-17
    outer loop
      vertex 7.320003211e-02 -8.509290405e-03 1.669988409e-02
      vertex 7.330179960e-02 -8.176898584e-03 -1.869984157e-02
      vertex 7.330179960e-02 -8.176898584e-03 1.669984125e-02
    endloop
  endfacet
  facet normal 9.638933539e-01 -2.662884891e-01 -2.354131042e-17
    outer loop
      vertex 7.330179960e-02 -8.176898584e-03 1.669984125e-02
      vertex 7.330179960e-02 -8.176898584e-03 -1.869984157e-02
      vertex 7.362745702e-02 -6.998105440e-03 1.669977233e-02
    endloop
  endfacet
  facet normal 9.625810385e-01 -2.709938586e-01 1.687598269e-04
    outer loop
      vertex 7.362745702e-02 -6.998105440e-03 1.669977233e-02
      vertex 7.330179960e-02 -8.176898584e-03 -1.869984157e-02
      vertex 7.355778664e-02 -7.267622277e-03 -1.869977079e-02
    endloop
  endfacet
  facet normal 9.764991403e-01 -2.155211121e-01 -2.809781290e-04
    outer loop
      vertex 7.362745702e-02 -6.998105440e-03 1.669977233e-02
      vertex 7.355778664e-02 -7.267622277e-03 -1.869977079e-02
      vertex 7.400649786e-02 -5.280719139e-03 1.669995487e-02
    endloop
  endfacet
  facet normal 9.743818641e-01 -2.248997092e-01 2.722582140e-04
    outer loop
      vertex 7.400649786e-02 -5.280719139e-03 1.669995487e-02
      vertex 7.355778664e-02 -7.267622277e-03 -1.869977079e-02
      vertex 7.395526767e-02 -5.545529071e-03 -1.869992167e-02
    endloop
  endfacet
  facet normal 9.850113392e-01 -1.724894196e-01 -1.351815881e-04
    outer loop
      vertex 7.400649786e-02 -5.280719139e-03 1.669995487e-02
      vertex 7.395526767e-02 -5.545529071e-03 -1.869992167e-02
      vertex 7.413440198e-02 -4.550304264e-03 1.670002565e-02
    endloop
  endfacet
  facet normal 9.841840863e-01 -1.771488786e-01 -1.343963355e-17
    outer loop
      vertex 7.413440198e-02 -4.550304264e-03 1.670002565e-02
      vertex 7.395526767e-02 -5.545529071e-03 -1.869992167e-02
      vertex 7.413440198e-02 -4.550304264e-03 -1.870002598e-02
    endloop
  endfacet
  facet normal 9.898703694e-01 -1.419740617e-01 -9.468503207e-18
    outer loop
      vertex 7.413440198e-02 -4.550304264e-03 1.670002565e-02
      vertex 7.413440198e-02 -4.550304264e-03 -1.870002598e-02
      vertex 7.427917421e-02 -3.540924517e-03 1.670005731e-02
    endloop
  endfacet
  facet normal 9.891871810e-01 -1.466585696e-01 1.363656338e-04
    outer loop
      vertex 7.427917421e-02 -3.540924517e-03 1.670005731e-02
      vertex 7.413440198e-02 -4.550304264e-03 -1.870002598e-02
      vertex 7.424438000e-02 -3.808521200e-03 -1.870005764e-02
    endloop
  endfacet
  facet normal 9.935619831e-01 -1.132896915e-01 -1.201764753e-04
    outer loop
      vertex 7.427917421e-02 -3.540924517e-03 1.670005731e-02
      vertex 7.424438000e-02 -3.808521200e-03 -1.870005764e-02
      vertex 7.435040921e-02 -2.916186349e-03 1.670003310e-02
    endloop
  endfacet
  facet normal 9.930145144e-01 -1.179921329e-01 -1.552097895e-09
    outer loop
      vertex 7.435040921e-02 -2.916186349e-03 1.670003310e-02
      vertex 7.424438000e-02 -3.808521200e-03 -1.870005764e-02
      vertex 7.435040921e-02 -2.916185884e-03 -1.870003343e-02
    endloop
  endfacet
  facet normal 9.965986013e-01 -8.240915835e-02 -1.084030532e-09
    outer loop
      vertex 7.435040921e-02 -2.916186349e-03 1.670003310e-02
      vertex 7.435040921e-02 -2.916185884e-03 -1.870003343e-02
      vertex 7.444434613e-02 -1.780224149e-03 1.669994369e-02
    endloop
  endfacet
  facet normal 9.961837530e-01 -8.728083223e-02 1.574284397e-04
    outer loop
      vertex 7.435040921e-02 -2.916185884e-03 -1.870003343e-02
      vertex 7.442557067e-02 -2.058369573e-03 -1.869996637e-02
      vertex 7.444434613e-02 -1.780224149e-03 1.669994369e-02
    endloop
  endfacet
  facet normal 9.987002611e-01 -5.096872896e-02 -1.292189991e-04
    outer loop
      vertex 7.444434613e-02 -1.780224149e-03 1.669994369e-02
      vertex 7.442557067e-02 -2.058369573e-03 -1.869996637e-02
      vertex 7.448743284e-02 -8.461463149e-04 -1.869990304e-02
    endloop
  endfacet
  facet normal 9.995115995e-01 -3.124708496e-02 3.921536263e-04
    outer loop
      vertex 7.444434613e-02 -1.780224149e-03 1.669994369e-02
      vertex 7.448743284e-02 -8.461463149e-04 -1.869990304e-02
      vertex 7.450000197e-02 1.387778781e-17 1.669999957e-02
    endloop
  endfacet
  facet normal 9.997989535e-01 -2.005186491e-02 1.244578452e-04
    outer loop
      vertex 7.450000197e-02 1.387778781e-17 1.669999957e-02
      vertex 7.448743284e-02 -8.461463149e-04 -1.869990304e-02
      vertex 7.449845225e-02 -2.967117180e-04 -1.869994402e-02
    endloop
  endfacet
  facet normal 9.999864697e-01 -5.204081535e-03 5.894729341e-18
    outer loop
      vertex 7.450000197e-02 1.387778781e-17 1.669999957e-02
      vertex 7.449845225e-02 -2.967117180e-04 -1.869994402e-02
      vertex 7.450000197e-02 1.734723476e-17 -1.869999990e-02
    endloop
  endfacet
  facet normal -1.275791237e-05 1.000000000e+00 1.118498404e-16
    outer loop
      vertex 1.204461977e-02 2.250000089e-02 2.164765634e-02
      vertex 1.204461977e-02 2.250000089e-02 -2.168830112e-02
      vertex 1.043862849e-02 2.249998040e-02 2.238584682e-02
    endloop
  endfacet
  facet normal -1.161699311e-05 1.000000000e+00 4.157329059e-08
    outer loop
      vertex 1.043862849e-02 2.249998040e-02 2.238584682e-02
      vertex 1.204461977e-02 2.250000089e-02 -2.168830112e-02
      vertex 1.043874398e-02 2.249998227e-02 -2.238577418e-02
    endloop
  endfacet
  facet normal 1.108485867e-05 1.000000000e+00 4.163184641e-08
    outer loop
      vertex 1.043862849e-02 2.249998040e-02 2.238584682e-02
      vertex 1.043874398e-02 2.249998227e-02 -2.238577418e-02
      vertex 8.587338030e-03 2.250000089e-02 2.315919288e-02
    endloop
  endfacet
  facet normal 2.148438227e-07 1.000000000e+00 -3.132101369e-07
    outer loop
      vertex -1.485125348e-02 2.250000089e-02 1.973627135e-02
      vertex -1.306157932e-02 2.250000089e-02 2.096388303e-02
      vertex 1.043874398e-02 2.249998227e-02 -2.238577418e-02
    endloop
  endfacet
  facet normal 7.105359145e-07 1.000000000e+00 3.976697656e-07
    outer loop
      vertex -2.163649723e-02 2.250000089e-02 -1.191437431e-02
      vertex 1.043874398e-02 2.249998227e-02 -2.238577418e-02
      vertex -2.147004381e-02 2.250000089e-02 -1.221178472e-02
    endloop
  endfacet
  facet normal 4.685941349e-06 1.000000000e+00 1.286577390e-05
    outer loop
      vertex -2.147004381e-02 2.250000089e-02 -1.221178472e-02
      vertex 1.043874398e-02 2.249998227e-02 -2.238577418e-02
      vertex 8.587311953e-03 2.250000089e-02 -2.315920219e-02
    endloop
  endfacet
  facet normal 1.835484085e-07 1.000000000e+00 -3.301757374e-07
    outer loop
      vertex -1.306157932e-02 2.250000089e-02 2.096388303e-02
      vertex -1.091470569e-02 2.250000089e-02 2.215735428e-02
      vertex 1.043874398e-02 2.249998227e-02 -2.238577418e-02
    endloop
  endfacet
  facet normal 1.497183746e-07 1.000000000e+00 -3.463934490e-07
    outer loop
      vertex 1.043874398e-02 2.249998227e-02 -2.238577418e-02
      vertex -1.091470569e-02 2.250000089e-02 2.215735428e-02
      vertex -8.657637984e-03 2.250000089e-02 2.313290536e-02
    endloop
  endfacet
  facet normal 1.147533624e-07 1.000000000e+00 -3.610622628e-07
    outer loop
      vertex 1.043874398e-02 2.249998227e-02 -2.238577418e-02
      vertex -8.657637984e-03 2.250000089e-02 2.313290536e-02
      vertex -6.287515163e-03 2.250000089e-02 2.388618141e-02
    endloop
  endfacet
  facet normal 5.816926887e-07 1.000000000e+00 8.740931179e-08
    outer loop
      vertex -2.421260253e-02 2.250000089e-02 -4.882110283e-03
      vertex -2.457780018e-02 2.250000089e-02 -2.451787936e-03
      vertex 1.043874398e-02 2.249998227e-02 -2.238577418e-02
    endloop
  endfacet
  facet normal 5.474658451e-07 1.000000000e+00 2.728559245e-08
    outer loop
      vertex 1.043874398e-02 2.249998227e-02 -2.238577418e-02
      vertex -2.457780018e-02 2.250000089e-02 -2.451787936e-03
      vertex -2.469999716e-02 2.250000089e-02 6.689000909e-09
    endloop
  endfacet
  facet normal -2.783733415e-17 1.000000000e+00 1.118499198e-16
    outer loop
      vertex -8.657656610e-03 2.250000089e-02 -2.313289605e-02
      vertex -1.091475040e-02 2.250000089e-02 -2.215732448e-02
      vertex 8.587311953e-03 2.250000089e-02 -2.315920219e-02
    endloop
  endfacet
  facet normal 6.901469192e-07 1.000000000e+00 3.352156455e-07
    outer loop
      vertex -2.163649723e-02 2.250000089e-02 -1.191437431e-02
      vertex -2.273858711e-02 2.250000089e-02 -9.645375423e-03
      vertex 1.043874398e-02 2.249998227e-02 -2.238577418e-02
    endloop
  endfacet
  facet normal 6.531020063e-07 1.000000000e+00 2.387468498e-07
    outer loop
      vertex 1.043874398e-02 2.249998227e-02 -2.238577418e-02
      vertex -2.273858711e-02 2.250000089e-02 -9.645375423e-03
      vertex -2.359955385e-02 2.250000089e-02 -7.290164940e-03
    endloop
  endfacet
  facet normal 6.168675668e-07 1.000000000e+00 1.570437149e-07
    outer loop
      vertex 1.043874398e-02 2.249998227e-02 -2.238577418e-02
      vertex -2.359955385e-02 2.250000089e-02 -7.290164940e-03
      vertex -2.421260253e-02 2.250000089e-02 -4.882110283e-03
    endloop
  endfacet
  facet normal 5.137708285e-07 1.000000000e+00 -2.560514112e-08
    outer loop
      vertex -2.469999716e-02 2.250000089e-02 6.689000909e-09
      vertex -2.457780764e-02 2.250000089e-02 2.451756969e-03
      vertex 1.043874398e-02 2.249998227e-02 -2.238577418e-02
    endloop
  endfacet
  facet normal 4.806976790e-07 1.000000000e+00 -7.223248844e-08
    outer loop
      vertex 1.043874398e-02 2.249998227e-02 -2.238577418e-02
      vertex -2.457780764e-02 2.250000089e-02 2.451756969e-03
      vertex -2.421260998e-02 2.250000089e-02 4.882099107e-03
    endloop
  endfacet
  facet normal 4.478226572e-07 1.000000000e+00 -1.140092749e-07
    outer loop
      vertex 1.043874398e-02 2.249998227e-02 -2.238577418e-02
      vertex -2.421260998e-02 2.250000089e-02 4.882099107e-03
      vertex -2.359955385e-02 2.250000089e-02 7.290152367e-03
    endloop
  endfacet
  facet normal 3.448445227e-07 1.000000000e+00 -2.203300795e-07
    outer loop
      vertex 1.043874398e-02 2.249998227e-02 -2.238577418e-02
      vertex -2.146998420e-02 2.250000089e-02 1.221186854e-02
      vertex -2.010640875e-02 2.250000089e-02 1.434603706e-02
    endloop
  endfacet
  facet normal 7.840094440e-08 1.000000000e+00 -3.742028412e-07
    outer loop
      vertex -6.287515163e-03 2.250000089e-02 2.388618141e-02
      vertex -3.830906004e-03 2.250000089e-02 2.440087683e-02
      vertex 1.043874398e-02 2.249998227e-02 -2.238577418e-02
    endloop
  endfacet
  facet normal 4.053646308e-08 1.000000000e+00 -3.857512638e-07
    outer loop
      vertex 1.043874398e-02 2.249998227e-02 -2.238577418e-02
      vertex -3.830906004e-03 2.250000089e-02 2.440087683e-02
      vertex -1.321103540e-03 2.250000089e-02 2.466461807e-02
    endloop
  endfacet
  facet normal 8.407385343e-10 1.000000000e+00 -3.956728847e-07
    outer loop
      vertex 1.043874398e-02 2.249998227e-02 -2.238577418e-02
      vertex -1.321103540e-03 2.250000089e-02 2.466461807e-02
      vertex 1.210540417e-03 2.250000089e-02 2.466999739e-02
    endloop
  endfacet
  facet normal -4.059418757e-08 1.000000000e+00 -4.037987651e-07
    outer loop
      vertex 1.210540417e-03 2.250000089e-02 2.466999739e-02
      vertex 3.728289157e-03 2.250000089e-02 2.441688627e-02
      vertex 1.043874398e-02 2.249998227e-02 -2.238577418e-02
    endloop
  endfacet
  facet normal -8.421307029e-08 1.000000000e+00 -4.100527349e-07
    outer loop
      vertex 1.043874398e-02 2.249998227e-02 -2.238577418e-02
      vertex 3.728289157e-03 2.250000089e-02 2.441688627e-02
      vertex 6.197962910e-03 2.250000089e-02 2.390968613e-02
    endloop
  endfacet
  facet normal -1.301166748e-07 1.000000000e+00 -4.142576415e-07
    outer loop
      vertex 1.043874398e-02 2.249998227e-02 -2.238577418e-02
      vertex 6.197962910e-03 2.250000089e-02 2.390968613e-02
      vertex 8.587338030e-03 2.250000089e-02 2.315919288e-02
    endloop
  endfacet
  facet normal -2.783733415e-17 1.000000000e+00 1.118499198e-16
    outer loop
      vertex -1.091475040e-02 2.250000089e-02 -2.215732448e-02
      vertex -1.306154951e-02 2.250000089e-02 -2.096390352e-02
      vertex 8.587311953e-03 2.250000089e-02 -2.315920219e-02
    endloop
  endfacet
  facet normal -2.783733415e-17 1.000000000e+00 1.118499198e-16
    outer loop
      vertex 8.587311953e-03 2.250000089e-02 -2.315920219e-02
      vertex -1.306154951e-02 2.250000089e-02 -2.096390352e-02
      vertex -1.485132799e-02 2.250000089e-02 -1.973622292e-02
    endloop
  endfacet
  facet normal -2.783733415e-17 1.000000000e+00 1.118499198e-16
    outer loop
      vertex 8.587311953e-03 2.250000089e-02 -2.315920219e-02
      vertex -1.485132799e-02 2.250000089e-02 -1.973622292e-02
      vertex -1.677295193e-02 2.250000089e-02 -1.813152619e-02
    endloop
  endfacet
  facet normal 4.149672179e-07 1.000000000e+00 -1.516944650e-07
    outer loop
      vertex -2.359955385e-02 2.250000089e-02 7.290152367e-03
      vertex -2.273861691e-02 2.250000089e-02 9.645285085e-03
      vertex 1.043874398e-02 2.249998227e-02 -2.238577418e-02
    endloop
  endfacet
  facet normal 3.821966175e-07 1.000000000e+00 -1.856378447e-07
    outer loop
      vertex 1.043874398e-02 2.249998227e-02 -2.238577418e-02
      vertex -2.273861691e-02 2.250000089e-02 9.645285085e-03
      vertex -2.163651213e-02 2.250000089e-02 1.191433053e-02
    endloop
  endfacet
  facet normal 3.632830783e-07 1.000000000e+00 -2.033245465e-07
    outer loop
      vertex 1.043874398e-02 2.249998227e-02 -2.238577418e-02
      vertex -2.163651213e-02 2.250000089e-02 1.191433053e-02
      vertex -2.146998420e-02 2.250000089e-02 1.221186854e-02
    endloop
  endfacet
  facet normal 3.120010490e-07 1.000000000e+00 -2.476417933e-07
    outer loop
      vertex -2.010640875e-02 2.250000089e-02 1.434603706e-02
      vertex -1.853356138e-02 2.250000089e-02 1.632764935e-02
      vertex 1.043874398e-02 2.249998227e-02 -2.238577418e-02
    endloop
  endfacet
  facet normal 2.790161773e-07 1.000000000e+00 -2.723269859e-07
    outer loop
      vertex 1.043874398e-02 2.249998227e-02 -2.238577418e-02
      vertex -1.853356138e-02 2.250000089e-02 1.632764935e-02
      vertex -1.677284017e-02 2.250000089e-02 1.813161932e-02
    endloop
  endfacet
  facet normal 2.459536006e-07 1.000000000e+00 -2.945318727e-07
    outer loop
      vertex 1.043874398e-02 2.249998227e-02 -2.238577418e-02
      vertex -1.677284017e-02 2.250000089e-02 1.813161932e-02
      vertex -1.485125348e-02 2.250000089e-02 1.973627135e-02
    endloop
  endfacet
  facet normal -2.783733415e-17 1.000000000e+00 1.118499198e-16
    outer loop
      vertex -1.677295193e-02 2.250000089e-02 -1.813152619e-02
      vertex -1.853362843e-02 2.250000089e-02 -1.632757299e-02
      vertex 8.587311953e-03 2.250000089e-02 -2.315920219e-02
    endloop
  endfacet
  facet normal -2.783733415e-17 1.000000000e+00 1.118499198e-16
    outer loop
      vertex 8.587311953e-03 2.250000089e-02 -2.315920219e-02
      vertex -1.853362843e-02 2.250000089e-02 -1.632757299e-02
      vertex -2.010649070e-02 2.250000089e-02 -1.434591506e-02
    endloop
  endfacet
  facet normal -2.783733415e-17 1.000000000e+00 1.118499198e-16
    outer loop
      vertex 8.587311953e-03 2.250000089e-02 -2.315920219e-02
      vertex -2.010649070e-02 2.250000089e-02 -1.434591506e-02
      vertex -2.147004381e-02 2.250000089e-02 -1.221178472e-02
    endloop
  endfacet
  facet normal -2.783733415e-17 1.000000000e+00 1.118499198e-16
    outer loop
      vertex 1.210529241e-03 2.250000089e-02 -2.466999739e-02
      vertex -1.321066287e-03 2.250000089e-02 -2.466462180e-02
      vertex -3.830846399e-03 2.250000089e-02 -2.440088801e-02
    endloop
  endfacet
  facet normal -2.783733415e-17 1.000000000e+00 1.118499198e-16
    outer loop
      vertex -8.657656610e-03 2.250000089e-02 -2.313289605e-02
      vertex 8.587311953e-03 2.250000089e-02 -2.315920219e-02
      vertex -6.287503988e-03 2.250000089e-02 -2.388618886e-02
    endloop
  endfacet
  facet normal -2.783733415e-17 1.000000000e+00 1.118499198e-16
    outer loop
      vertex -6.287503988e-03 2.250000089e-02 -2.388618886e-02
      vertex 8.587311953e-03 2.250000089e-02 -2.315920219e-02
      vertex 6.197921932e-03 2.250000089e-02 -2.390969731e-02
    endloop
  endfacet
  facet normal -2.783733415e-17 1.000000000e+00 1.118499198e-16
    outer loop
      vertex -6.287503988e-03 2.250000089e-02 -2.388618886e-02
      vertex 6.197921932e-03 2.250000089e-02 -2.390969731e-02
      vertex -3.830846399e-03 2.250000089e-02 -2.440088801e-02
    endloop
  endfacet
  facet normal -2.783733415e-17 1.000000000e+00 1.118499198e-16
    outer loop
      vertex -3.830846399e-03 2.250000089e-02 -2.440088801e-02
      vertex 6.197921932e-03 2.250000089e-02 -2.390969731e-02
      vertex 3.728292882e-03 2.250000089e-02 -2.441688441e-02
    endloop
  endfacet
  facet normal -2.783733415e-17 1.000000000e+00 1.118499198e-16
    outer loop
      vertex -3.830846399e-03 2.250000089e-02 -2.440088801e-02
      vertex 3.728292882e-03 2.250000089e-02 -2.441688441e-02
      vertex 1.210529241e-03 2.250000089e-02 -2.466999739e-02
    endloop
  endfacet
  facet normal 2.783733415e-17 -1.000000000e+00 -1.118499198e-16
    outer loop
      vertex 1.204460859e-02 -2.050000057e-02 -2.166514657e-02
      vertex 1.204461977e-02 -2.050000057e-02 2.164082229e-02
      vertex 1.066724584e-02 -2.050000057e-02 -2.227981575e-02
    endloop
  endfacet
  facet normal 1.143207555e-05 -1.000000000e+00 -3.585158197e-07
    outer loop
      vertex 1.066724584e-02 -2.050000057e-02 -2.227981575e-02
      vertex 1.204461977e-02 -2.050000057e-02 2.164082229e-02
      vertex 1.043866947e-02 -2.050001919e-02 2.238585427e-02
    endloop
  endfacet
  facet normal -1.030657950e-05 -1.000000000e+00 -4.697632789e-07
    outer loop
      vertex 1.066724584e-02 -2.050000057e-02 -2.227981575e-02
      vertex 1.043866947e-02 -2.050001919e-02 2.238585427e-02
      vertex 8.596334606e-03 -2.050000057e-02 2.315585688e-02
    endloop
  endfacet
  facet normal 2.783733415e-17 -1.000000000e+00 -1.118499198e-16
    outer loop
      vertex -2.457347140e-02 -2.050000057e-02 -2.496202942e-03
      vertex 8.596353233e-03 -2.050000057e-02 -2.315584943e-02
      vertex -2.470013872e-02 -2.050000057e-02 -6.688801957e-09
    endloop
  endfacet
  facet normal 2.783733415e-17 -1.000000000e+00 -1.118499198e-16
    outer loop
      vertex -2.470013872e-02 -2.050000057e-02 -6.688801957e-09
      vertex 8.596353233e-03 -2.050000057e-02 -2.315584943e-02
      vertex -2.457345650e-02 -2.050000057e-02 2.496298403e-03
    endloop
  endfacet
  facet normal 2.783733415e-17 -1.000000000e+00 -1.118499198e-16
    outer loop
      vertex 8.596334606e-03 -2.050000057e-02 2.315585688e-02
      vertex 6.209980696e-03 -2.050000057e-02 2.390657179e-02
      vertex 1.066724584e-02 -2.050000057e-02 -2.227981575e-02
    endloop
  endfacet
  facet normal 2.783733415e-17 -1.000000000e+00 -1.118499198e-16
    outer loop
      vertex 1.066724584e-02 -2.050000057e-02 -2.227981575e-02
      vertex 6.209980696e-03 -2.050000057e-02 2.390657179e-02
      vertex 3.755748272e-03 -2.050000057e-02 2.441269159e-02
    endloop
  endfacet
  facet normal 2.783733415e-17 -1.000000000e+00 -1.118499198e-16
    outer loop
      vertex 1.066724584e-02 -2.050000057e-02 -2.227981575e-02
      vertex 3.755748272e-03 -2.050000057e-02 2.441269159e-02
      vertex 1.264598104e-03 -2.050000057e-02 2.466729656e-02
    endloop
  endfacet
  facet normal 2.783733415e-17 -1.000000000e+00 -1.118499198e-16
    outer loop
      vertex 1.264598104e-03 -2.050000057e-02 2.466729656e-02
      vertex -1.236718264e-03 -2.050000057e-02 2.466901019e-02
      vertex 1.066724584e-02 -2.050000057e-02 -2.227981575e-02
    endloop
  endfacet
  facet normal 2.783733415e-17 -1.000000000e+00 -1.118499198e-16
    outer loop
      vertex 1.066724584e-02 -2.050000057e-02 -2.227981575e-02
      vertex -1.236718264e-03 -2.050000057e-02 2.466901019e-02
      vertex -3.731273115e-03 -2.050000057e-02 2.441635355e-02
    endloop
  endfacet
  facet normal 2.783733415e-17 -1.000000000e+00 -1.118499198e-16
    outer loop
      vertex 1.066724584e-02 -2.050000057e-02 -2.227981575e-02
      vertex -3.731273115e-03 -2.050000057e-02 2.441635355e-02
      vertex -6.181590259e-03 -2.050000057e-02 2.391384542e-02
    endloop
  endfacet
  facet normal 2.783733415e-17 -1.000000000e+00 -1.118499198e-16
    outer loop
      vertex -1.511301100e-02 -2.050000057e-02 1.953664050e-02
      vertex 8.596353233e-03 -2.050000057e-02 -2.315584943e-02
      vertex -1.306165010e-02 -2.050000057e-02 2.096393146e-02
    endloop
  endfacet
  facet normal 2.783733415e-17 -1.000000000e+00 -1.118499198e-16
    outer loop
      vertex -1.306165010e-02 -2.050000057e-02 2.096393146e-02
      vertex 8.596353233e-03 -2.050000057e-02 -2.315584943e-02
      vertex -1.087368280e-02 -2.050000057e-02 2.217757143e-02
    endloop
  endfacet
  facet normal 2.571415052e-06 -1.000000000e+00 1.104384864e-06
    outer loop
      vertex 8.596353233e-03 -2.050000057e-02 -2.315584943e-02
      vertex 1.043871790e-02 -2.049999498e-02 -2.238578163e-02
      vertex -1.087368280e-02 -2.050000057e-02 2.217757143e-02
    endloop
  endfacet
  facet normal -1.996607170e-05 -1.000000000e+00 -9.674155990e-06
    outer loop
      vertex -1.087368280e-02 -2.050000057e-02 2.217757143e-02
      vertex 1.043871790e-02 -2.049999498e-02 -2.238578163e-02
      vertex 1.066724584e-02 -2.050000057e-02 -2.227981575e-02
    endloop
  endfacet
  facet normal 2.783733415e-17 -1.000000000e+00 -1.118499198e-16
    outer loop
      vertex -1.087368280e-02 -2.050000057e-02 2.217757143e-02
      vertex 1.066724584e-02 -2.050000057e-02 -2.227981575e-02
      vertex -8.572917432e-03 -2.050000057e-02 2.316450141e-02
    endloop
  endfacet
  facet normal 2.783733415e-17 -1.000000000e+00 -1.118499198e-16
    outer loop
      vertex -8.572917432e-03 -2.050000057e-02 2.316450141e-02
      vertex 1.066724584e-02 -2.050000057e-02 -2.227981575e-02
      vertex -6.181590259e-03 -2.050000057e-02 2.391384542e-02
    endloop
  endfacet
  facet normal 2.783733415e-17 -1.000000000e+00 -1.118499198e-16
    outer loop
      vertex -2.457347140e-02 -2.050000057e-02 -2.496202942e-03
      vertex -2.419514582e-02 -2.050000057e-02 -4.968659487e-03
      vertex 8.596353233e-03 -2.050000057e-02 -2.315584943e-02
    endloop
  endfacet
  facet normal 2.783733415e-17 -1.000000000e+00 -1.118499198e-16
    outer loop
      vertex 8.596353233e-03 -2.050000057e-02 -2.315584943e-02
      vertex -2.419514582e-02 -2.050000057e-02 -4.968659487e-03
      vertex -2.356696501e-02 -2.050000057e-02 -7.395210676e-03
    endloop
  endfacet
  facet normal 2.783733415e-17 -1.000000000e+00 -1.118499198e-16
    outer loop
      vertex 8.596353233e-03 -2.050000057e-02 -2.315584943e-02
      vertex -2.356696501e-02 -2.050000057e-02 -7.395210676e-03
      vertex -2.269779518e-02 -2.050000057e-02 -9.741300717e-03
    endloop
  endfacet
  facet normal 2.783733415e-17 -1.000000000e+00 -1.118499198e-16
    outer loop
      vertex -2.269779518e-02 -2.050000057e-02 -9.741300717e-03
      vertex -2.159537748e-02 -2.050000057e-02 -1.198899280e-02
      vertex 8.596353233e-03 -2.050000057e-02 -2.315584943e-02
    endloop
  endfacet
  facet normal 2.783733415e-17 -1.000000000e+00 -1.118499198e-16
    outer loop
      vertex 8.596353233e-03 -2.050000057e-02 -2.315584943e-02
      vertex -2.159537748e-02 -2.050000057e-02 -1.198899280e-02
      vertex -2.027125284e-02 -2.050000057e-02 -1.411238406e-02
    endloop
  endfacet
  facet normal 2.783733415e-17 -1.000000000e+00 -1.118499198e-16
    outer loop
      vertex 8.596353233e-03 -2.050000057e-02 -2.315584943e-02
      vertex -2.027125284e-02 -2.050000057e-02 -1.411238406e-02
      vertex -1.873929426e-02 -2.050000057e-02 -1.609121077e-02
    endloop
  endfacet
  facet normal 2.783733415e-17 -1.000000000e+00 -1.118499198e-16
    outer loop
      vertex -1.511304826e-02 -2.050000057e-02 -1.953660324e-02
      vertex 1.264590654e-03 -2.050000057e-02 -2.466729842e-02
      vertex 3.755725920e-03 -2.050000057e-02 -2.441269346e-02
    endloop
  endfacet
  facet normal 2.783733415e-17 -1.000000000e+00 -1.118499198e-16
    outer loop
      vertex -2.269775048e-02 -2.050000057e-02 9.741414338e-03
      vertex 8.596353233e-03 -2.050000057e-02 -2.315584943e-02
      vertex -2.159538493e-02 -2.050000057e-02 1.198896300e-02
    endloop
  endfacet
  facet normal 2.783733415e-17 -1.000000000e+00 -1.118499198e-16
    outer loop
      vertex -2.159538493e-02 -2.050000057e-02 1.198896300e-02
      vertex 8.596353233e-03 -2.050000057e-02 -2.315584943e-02
      vertex -2.027129009e-02 -2.050000057e-02 1.411232352e-02
    endloop
  endfacet
  facet normal 2.783733415e-17 -1.000000000e+00 -1.118499198e-16
    outer loop
      vertex -2.269775048e-02 -2.050000057e-02 9.741414338e-03
      vertex -2.356691286e-02 -2.050000057e-02 7.395382971e-03
      vertex 8.596353233e-03 -2.050000057e-02 -2.315584943e-02
    endloop
  endfacet
  facet normal 2.783733415e-17 -1.000000000e+00 -1.118499198e-16
    outer loop
      vertex 8.596353233e-03 -2.050000057e-02 -2.315584943e-02
      vertex -2.356691286e-02 -2.050000057e-02 7.395382971e-03
      vertex -2.419512346e-02 -2.050000057e-02 4.968746100e-03
    endloop
  endfacet
  facet normal 2.783733415e-17 -1.000000000e+00 -1.118499198e-16
    outer loop
      vertex 8.596353233e-03 -2.050000057e-02 -2.315584943e-02
      vertex -2.419512346e-02 -2.050000057e-02 4.968746100e-03
      vertex -2.457345650e-02 -2.050000057e-02 2.496298403e-03
    endloop
  endfacet
  facet normal 2.783733415e-17 -1.000000000e+00 -1.118499198e-16
    outer loop
      vertex 3.755725920e-03 -2.050000057e-02 -2.441269346e-02
      vertex 6.209973246e-03 -2.050000057e-02 -2.390657179e-02
      vertex -1.511304826e-02 -2.050000057e-02 -1.953660324e-02
    endloop
  endfacet
  facet normal 2.783733415e-17 -1.000000000e+00 -1.118499198e-16
    outer loop
      vertex -1.511304826e-02 -2.050000057e-02 -1.953660324e-02
      vertex 6.209973246e-03 -2.050000057e-02 -2.390657179e-02
      vertex 8.596353233e-03 -2.050000057e-02 -2.315584943e-02
    endloop
  endfacet
  facet normal 2.783733415e-17 -1.000000000e+00 -1.118499198e-16
    outer loop
      vertex -1.511304826e-02 -2.050000057e-02 -1.953660324e-02
      vertex 8.596353233e-03 -2.050000057e-02 -2.315584943e-02
      vertex -1.701187715e-02 -2.050000057e-02 -1.790772192e-02
    endloop
  endfacet
  facet normal 2.783733415e-17 -1.000000000e+00 -1.118499198e-16
    outer loop
      vertex -1.701187715e-02 -2.050000057e-02 -1.790772192e-02
      vertex 8.596353233e-03 -2.050000057e-02 -2.315584943e-02
      vertex -1.873929426e-02 -2.050000057e-02 -1.609121077e-02
    endloop
  endfacet
  facet normal 2.783733415e-17 -1.000000000e+00 -1.118499198e-16
    outer loop
      vertex -3.731269389e-03 -2.050000057e-02 -2.441635169e-02
      vertex -1.087367162e-02 -2.050000057e-02 -2.217758633e-02
      vertex -6.181679666e-03 -2.050000057e-02 -2.391381934e-02
    endloop
  endfacet
  facet normal 2.783733415e-17 -1.000000000e+00 -1.118499198e-16
    outer loop
      vertex -6.181679666e-03 -2.050000057e-02 -2.391381934e-02
      vertex -1.087367162e-02 -2.050000057e-02 -2.217758633e-02
      vertex -8.572984487e-03 -2.050000057e-02 -2.316447720e-02
    endloop
  endfacet
  facet normal 2.783733415e-17 -1.000000000e+00 -1.118499198e-16
    outer loop
      vertex -1.511304826e-02 -2.050000057e-02 -1.953660324e-02
      vertex -1.306161657e-02 -2.050000057e-02 -2.096395008e-02
      vertex 1.264590654e-03 -2.050000057e-02 -2.466729842e-02
    endloop
  endfacet
  facet normal 2.783733415e-17 -1.000000000e+00 -1.118499198e-16
    outer loop
      vertex 1.264590654e-03 -2.050000057e-02 -2.466729842e-02
      vertex -1.306161657e-02 -2.050000057e-02 -2.096395008e-02
      vertex -1.087367162e-02 -2.050000057e-02 -2.217758633e-02
    endloop
  endfacet
  facet normal 2.783733415e-17 -1.000000000e+00 -1.118499198e-16
    outer loop
      vertex 1.264590654e-03 -2.050000057e-02 -2.466729842e-02
      vertex -1.087367162e-02 -2.050000057e-02 -2.217758633e-02
      vertex -1.236721990e-03 -2.050000057e-02 -2.466901019e-02
    endloop
  endfacet
  facet normal 2.783733415e-17 -1.000000000e+00 -1.118499198e-16
    outer loop
      vertex -1.236721990e-03 -2.050000057e-02 -2.466901019e-02
      vertex -1.087367162e-02 -2.050000057e-02 -2.217758633e-02
      vertex -3.731269389e-03 -2.050000057e-02 -2.441635169e-02
    endloop
  endfacet
  facet normal 2.783733415e-17 -1.000000000e+00 -1.118499198e-16
    outer loop
      vertex -1.511301100e-02 -2.050000057e-02 1.953664050e-02
      vertex -1.701188460e-02 -2.050000057e-02 1.790772192e-02
      vertex 8.596353233e-03 -2.050000057e-02 -2.315584943e-02
    endloop
  endfacet
  facet normal 2.783733415e-17 -1.000000000e+00 -1.118499198e-16
    outer loop
      vertex 8.596353233e-03 -2.050000057e-02 -2.315584943e-02
      vertex -1.701188460e-02 -2.050000057e-02 1.790772192e-02
      vertex -1.873933896e-02 -2.050000057e-02 1.609114744e-02
    endloop
  endfacet
  facet normal 2.783733415e-17 -1.000000000e+00 -1.118499198e-16
    outer loop
      vertex 8.596353233e-03 -2.050000057e-02 -2.315584943e-02
      vertex -1.873933896e-02 -2.050000057e-02 1.609114744e-02
      vertex -2.027129009e-02 -2.050000057e-02 1.411232352e-02
    endloop
  endfacet
endsolid right_wrist_pitch_link
