solid right_ankle_pitch_link
  facet normal -9.980266690e-01 -2.654572427e-06 6.279166788e-02
    outer loop
      vertex -9.000002407e-03 3.942178562e-03 -1.842489006e-08
      vertex -8.929032832e-03 3.942179959e-03 1.127984608e-03
      vertex -8.929036558e-03 5.442175549e-03 1.127983211e-03
    endloop
  endfacet
  facet normal -9.685847759e-01 -2.400802941e-06 2.486836612e-01
    outer loop
      vertex -8.929036558e-03 5.442175549e-03 1.127983211e-03
      vertex -8.929032832e-03 3.942179959e-03 1.127984608e-03
      vertex -8.368002251e-03 3.942183219e-03 3.313111607e-03
    endloop
  endfacet
  facet normal -9.685824513e-01 1.153962330e-05 2.486926466e-01
    outer loop
      vertex -8.929036558e-03 5.442175549e-03 1.127983211e-03
      vertex -8.368002251e-03 3.942183219e-03 3.313111607e-03
      vertex -8.367985487e-03 5.442178808e-03 3.313107416e-03
    endloop
  endfacet
  facet normal -8.763061762e-01 1.113680628e-05 4.817546010e-01
    outer loop
      vertex -8.367985487e-03 5.442178808e-03 3.313107416e-03
      vertex -8.368002251e-03 3.942183219e-03 3.313111607e-03
      vertex -7.281164639e-03 3.942173440e-03 5.290057044e-03
    endloop
  endfacet
  facet normal -8.763090968e-01 2.024681407e-06 4.817492962e-01
    outer loop
      vertex -8.367985487e-03 5.442178808e-03 3.313107416e-03
      vertex -7.281164639e-03 3.942173440e-03 5.290057044e-03
      vertex -7.281157188e-03 5.442183930e-03 5.290064961e-03
    endloop
  endfacet
  facet normal -7.289679050e-01 2.243395443e-07 6.845478415e-01
    outer loop
      vertex -7.281157188e-03 5.442183930e-03 5.290064961e-03
      vertex -7.281164639e-03 3.942173440e-03 5.290057044e-03
      vertex -5.736821797e-03 3.942179028e-03 6.934612058e-03
    endloop
  endfacet
  facet normal -7.289686203e-01 -1.342034807e-06 6.845471263e-01
    outer loop
      vertex -7.281157188e-03 5.442183930e-03 5.290064961e-03
      vertex -5.736821797e-03 3.942179028e-03 6.934612058e-03
      vertex -5.736825988e-03 5.442174617e-03 6.934610661e-03
    endloop
  endfacet
  facet normal -5.358261466e-01 -6.676277167e-07 8.443283439e-01
    outer loop
      vertex -5.736825988e-03 5.442174617e-03 6.934610661e-03
      vertex -5.736821797e-03 3.942179028e-03 6.934612058e-03
      vertex -3.832023591e-03 3.942170646e-03 8.143431507e-03
    endloop
  endfacet
  facet normal -5.358266830e-01 -1.590050033e-06 8.443279862e-01
    outer loop
      vertex -5.736825988e-03 5.442174617e-03 6.934610661e-03
      vertex -3.832023591e-03 3.942170646e-03 8.143431507e-03
      vertex -3.832015907e-03 5.442181136e-03 8.143438958e-03
    endloop
  endfacet
  facet normal -3.090218604e-01 -3.304503480e-06 9.510549307e-01
    outer loop
      vertex -3.832015907e-03 5.442181136e-03 8.143438958e-03
      vertex -3.832023591e-03 3.942170646e-03 8.143431507e-03
      vertex -1.686441014e-03 3.942177165e-03 8.840586059e-03
    endloop
  endfacet
  facet normal -3.090197444e-01 4.871643711e-08 9.510556459e-01
    outer loop
      vertex -3.832015907e-03 5.442181136e-03 8.143438958e-03
      vertex -1.686441014e-03 3.942177165e-03 8.840586059e-03
      vertex -1.686445088e-03 5.442172755e-03 8.840584196e-03
    endloop
  endfacet
  facet normal -6.279185414e-02 7.620140536e-07 9.980266690e-01
    outer loop
      vertex -1.686445088e-03 5.442172755e-03 8.840584196e-03
      vertex -1.686441014e-03 3.942177165e-03 8.840586059e-03
      vertex 5.651035463e-04 3.942183219e-03 8.982243948e-03
    endloop
  endfacet
  facet normal -6.279185414e-02 7.620140536e-07 9.980266690e-01
    outer loop
      vertex -1.686445088e-03 5.442172755e-03 8.840584196e-03
      vertex 5.651035463e-04 3.942183219e-03 8.982243948e-03
      vertex 5.650994717e-04 5.442178808e-03 8.982243016e-03
    endloop
  endfacet
  facet normal 1.873819232e-01 1.427431926e-06 9.822871089e-01
    outer loop
      vertex 5.650994717e-04 5.442178808e-03 8.982243016e-03
      vertex 5.651035463e-04 3.942183219e-03 8.982243948e-03
      vertex 2.781145507e-03 3.942173906e-03 8.559510112e-03
    endloop
  endfacet
  facet normal 1.873819232e-01 1.427431926e-06 9.822871089e-01
    outer loop
      vertex 5.650994717e-04 5.442178808e-03 8.982243016e-03
      vertex 2.781145507e-03 3.942173906e-03 8.559510112e-03
      vertex 2.781141317e-03 5.442184396e-03 8.559508249e-03
    endloop
  endfacet
  facet normal 4.257772267e-01 2.003147529e-06 9.048280120e-01
    outer loop
      vertex 2.781141317e-03 5.442184396e-03 8.559508249e-03
      vertex 2.781145507e-03 3.942173906e-03 8.559510112e-03
      vertex 4.822431132e-03 3.942178562e-03 7.598959375e-03
    endloop
  endfacet
  facet normal 4.257772267e-01 2.003147529e-06 9.048280120e-01
    outer loop
      vertex 2.781141317e-03 5.442184396e-03 8.559508249e-03
      vertex 4.822431132e-03 3.942178562e-03 7.598959375e-03
      vertex 4.822426941e-03 5.442174152e-03 7.598957978e-03
    endloop
  endfacet
  facet normal 6.374213696e-01 2.453003844e-06 7.705153823e-01
    outer loop
      vertex 4.822426941e-03 5.442174152e-03 7.598957978e-03
      vertex 4.822431132e-03 3.942178562e-03 7.598959375e-03
      vertex 6.560718175e-03 3.942181822e-03 6.160933524e-03
    endloop
  endfacet
  facet normal 6.374213696e-01 2.453003844e-06 7.705153823e-01
    outer loop
      vertex 4.822426941e-03 5.442174152e-03 7.598957978e-03
      vertex 6.560718175e-03 3.942181822e-03 6.160933524e-03
      vertex 6.560713984e-03 5.442177411e-03 6.160932127e-03
    endloop
  endfacet
  facet normal 8.090173602e-01 2.748734232e-06 5.877847672e-01
    outer loop
      vertex 6.560713984e-03 5.442177411e-03 6.160932127e-03
      vertex 6.560718175e-03 3.942181822e-03 6.160933524e-03
      vertex 7.886754349e-03 3.942183685e-03 4.335799254e-03
    endloop
  endfacet
  facet normal 8.090173602e-01 2.748734232e-06 5.877847672e-01
    outer loop
      vertex 6.560713984e-03 5.442177411e-03 6.160932127e-03
      vertex 7.886754349e-03 3.942183685e-03 4.335799254e-03
      vertex 7.886749692e-03 5.442179274e-03 4.335797857e-03
    endloop
  endfacet
  facet normal 9.297749400e-01 2.871744982e-06 3.681284785e-01
    outer loop
      vertex 7.886749692e-03 5.442179274e-03 4.335797857e-03
      vertex 7.886754349e-03 3.942183685e-03 4.335799254e-03
      vertex 8.717255667e-03 3.942184150e-03 2.238218673e-03
    endloop
  endfacet
  facet normal 9.297749400e-01 2.871744982e-06 3.681284785e-01
    outer loop
      vertex 7.886749692e-03 5.442179274e-03 4.335797857e-03
      vertex 8.717255667e-03 3.942184150e-03 2.238218673e-03
      vertex 8.717251010e-03 5.442179739e-03 2.238217276e-03
    endloop
  endfacet
  facet normal 9.921151996e-01 2.814312893e-06 1.253294498e-01
    outer loop
      vertex 8.717251010e-03 5.442179739e-03 2.238217276e-03
      vertex 8.717255667e-03 3.942184150e-03 2.238218673e-03
      vertex 8.999998681e-03 3.942182753e-03 5.767919919e-09
    endloop
  endfacet
  facet normal 9.921144843e-01 -5.742784197e-06 1.253350824e-01
    outer loop
      vertex 8.717251010e-03 5.442179739e-03 2.238217276e-03
      vertex 8.999998681e-03 3.942182753e-03 5.767919919e-09
      vertex 9.000006132e-03 5.442178342e-03 1.348426615e-08
    endloop
  endfacet
  facet normal 9.921149015e-01 -4.453294878e-06 -1.253316253e-01
    outer loop
      vertex 9.000006132e-03 5.442178342e-03 1.348426615e-08
      vertex 8.999998681e-03 3.942182753e-03 5.767919919e-09
      vertex 8.717251010e-03 3.942179959e-03 -2.238201676e-03
    endloop
  endfacet
  facet normal 9.921143055e-01 2.580047067e-06 -1.253362596e-01
    outer loop
      vertex 9.000006132e-03 5.442178342e-03 1.348426615e-08
      vertex 8.717251010e-03 3.942179959e-03 -2.238201676e-03
      vertex 8.717247285e-03 5.442175549e-03 -2.238203073e-03
    endloop
  endfacet
  facet normal 9.297772646e-01 2.183676543e-06 -3.681226671e-01
    outer loop
      vertex 8.717247285e-03 5.442175549e-03 -2.238203073e-03
      vertex 8.717251010e-03 3.942179959e-03 -2.238201676e-03
      vertex 7.886765525e-03 3.942175768e-03 -4.335779697e-03
    endloop
  endfacet
  facet normal 9.297784567e-01 -2.884015430e-06 -3.681195378e-01
    outer loop
      vertex 8.717247285e-03 5.442175549e-03 -2.238203073e-03
      vertex 7.886765525e-03 3.942175768e-03 -4.335779697e-03
      vertex 7.886773907e-03 5.442171358e-03 -4.335772246e-03
    endloop
  endfacet
  facet normal 8.090155125e-01 -1.133443448e-06 -5.877873302e-01
    outer loop
      vertex 7.886773907e-03 5.442171358e-03 -4.335772246e-03
      vertex 7.886765525e-03 3.942175768e-03 -4.335779697e-03
      vertex 6.560726557e-03 3.942170646e-03 -6.160906982e-03
    endloop
  endfacet
  facet normal 8.090181351e-01 -7.886000276e-06 -5.877836943e-01
    outer loop
      vertex 7.886773907e-03 5.442171358e-03 -4.335772246e-03
      vertex 6.560726557e-03 3.942170646e-03 -6.160906982e-03
      vertex 6.560731214e-03 5.442181136e-03 -6.160920020e-03
    endloop
  endfacet
  facet normal 6.374285817e-01 -8.915898434e-06 -7.705094218e-01
    outer loop
      vertex 6.560731214e-03 5.442181136e-03 -6.160920020e-03
      vertex 6.560726557e-03 3.942170646e-03 -6.160906982e-03
      vertex 4.822454415e-03 3.942179494e-03 -7.598948199e-03
    endloop
  endfacet
  facet normal 6.374235153e-01 1.012816938e-06 -7.705136538e-01
    outer loop
      vertex 6.560731214e-03 5.442181136e-03 -6.160920020e-03
      vertex 4.822454415e-03 3.942179494e-03 -7.598948199e-03
      vertex 4.822450224e-03 5.442175083e-03 -7.598949596e-03
    endloop
  endfacet
  facet normal 4.257808626e-01 3.119170628e-07 -9.048262835e-01
    outer loop
      vertex 4.822450224e-03 5.442175083e-03 -7.598949596e-03
      vertex 4.822454415e-03 3.942179494e-03 -7.598948199e-03
      vertex 2.781165997e-03 3.942172974e-03 -8.559510112e-03
    endloop
  endfacet
  facet normal 4.257808626e-01 3.119170628e-07 -9.048262835e-01
    outer loop
      vertex 4.822450224e-03 5.442175083e-03 -7.598949596e-03
      vertex 2.781165997e-03 3.942172974e-03 -8.559510112e-03
      vertex 2.781161806e-03 5.442183465e-03 -8.559511043e-03
    endloop
  endfacet
  facet normal 1.873829067e-01 -4.085884768e-07 -9.822869301e-01
    outer loop
      vertex 2.781161806e-03 5.442183465e-03 -8.559511043e-03
      vertex 2.781165997e-03 3.942172974e-03 -8.559510112e-03
      vertex 5.651235115e-04 3.942181356e-03 -8.982245810e-03
    endloop
  endfacet
  facet normal 1.873799711e-01 4.090267794e-06 -9.822875261e-01
    outer loop
      vertex 2.781161806e-03 5.442183465e-03 -8.559511043e-03
      vertex 5.651235115e-04 3.942181356e-03 -8.982245810e-03
      vertex 5.651312531e-04 5.442176946e-03 -8.982238360e-03
    endloop
  endfacet
  facet normal -6.279098243e-02 5.456749932e-06 -9.980267286e-01
    outer loop
      vertex 5.651312531e-04 5.442176946e-03 -8.982238360e-03
      vertex 5.651235115e-04 3.942181356e-03 -8.982245810e-03
      vertex -1.686425298e-03 3.942175303e-03 -8.840589784e-03
    endloop
  endfacet
  facet normal -6.279098243e-02 5.456749932e-06 -9.980267286e-01
    outer loop
      vertex 5.651312531e-04 5.442176946e-03 -8.982238360e-03
      vertex -1.686425298e-03 3.942175303e-03 -8.840589784e-03
      vertex -1.686417614e-03 5.442170892e-03 -8.840582334e-03
    endloop
  endfacet
  facet normal -3.090180457e-01 6.480371667e-06 -9.510561824e-01
    outer loop
      vertex -1.686417614e-03 5.442170892e-03 -8.840582334e-03
      vertex -1.686425298e-03 3.942175303e-03 -8.840589784e-03
      vertex -3.831993788e-03 3.942185082e-03 -8.143449202e-03
    endloop
  endfacet
  facet normal -3.090128601e-01 -1.728914413e-06 -9.510578513e-01
    outer loop
      vertex -1.686417614e-03 5.442170892e-03 -8.840582334e-03
      vertex -3.831993788e-03 3.942185082e-03 -8.143449202e-03
      vertex -3.831997747e-03 5.442180671e-03 -8.143451065e-03
    endloop
  endfacet
  facet normal -5.358251929e-01 -2.245785709e-06 -8.443289399e-01
    outer loop
      vertex -3.831997747e-03 5.442180671e-03 -8.143451065e-03
      vertex -3.831993788e-03 3.942185082e-03 -8.143449202e-03
      vertex -5.736809224e-03 3.942180891e-03 -6.934621837e-03
    endloop
  endfacet
  facet normal -5.358251929e-01 -2.245785709e-06 -8.443289399e-01
    outer loop
      vertex -3.831997747e-03 5.442180671e-03 -8.143451065e-03
      vertex -5.736809224e-03 3.942180891e-03 -6.934621837e-03
      vertex -5.736813415e-03 5.442176480e-03 -6.934623234e-03
    endloop
  endfacet
  facet normal -7.289665341e-01 -2.621539352e-06 -6.845493913e-01
    outer loop
      vertex -5.736813415e-03 5.442176480e-03 -6.934623234e-03
      vertex -5.736809224e-03 3.942180891e-03 -6.934621837e-03
      vertex -7.281146944e-03 3.942178097e-03 -5.290079862e-03
    endloop
  endfacet
  facet normal -7.289665341e-01 -2.621539352e-06 -6.845493913e-01
    outer loop
      vertex -5.736813415e-03 5.442176480e-03 -6.934623234e-03
      vertex -7.281146944e-03 3.942178097e-03 -5.290079862e-03
      vertex -7.281150669e-03 5.442173686e-03 -5.290081259e-03
    endloop
  endfacet
  facet normal -8.763054013e-01 -2.832574182e-06 -4.817559719e-01
    outer loop
      vertex -7.281150669e-03 5.442173686e-03 -5.290081259e-03
      vertex -7.281146944e-03 3.942178097e-03 -5.290079862e-03
      vertex -8.367985487e-03 3.942177165e-03 -3.313140245e-03
    endloop
  endfacet
  facet normal -8.763085604e-01 6.981197203e-06 -4.817502499e-01
    outer loop
      vertex -7.281150669e-03 5.442173686e-03 -5.290081259e-03
      vertex -8.367985487e-03 3.942177165e-03 -3.313140245e-03
      vertex -8.367977105e-03 5.442172755e-03 -3.313132562e-03
    endloop
  endfacet
  facet normal -9.685825109e-01 6.256444522e-06 -2.486924082e-01
    outer loop
      vertex -8.367977105e-03 5.442172755e-03 -3.313132562e-03
      vertex -8.367985487e-03 3.942177165e-03 -3.313140245e-03
      vertex -8.929036558e-03 3.942177631e-03 -1.128012198e-03
    endloop
  endfacet
  facet normal -9.685825109e-01 6.256444522e-06 -2.486924082e-01
    outer loop
      vertex -8.367977105e-03 5.442172755e-03 -3.313132562e-03
      vertex -8.929036558e-03 3.942177631e-03 -1.128012198e-03
      vertex -8.929029107e-03 5.442173220e-03 -1.128004398e-03
    endloop
  endfacet
  facet normal -9.980268478e-01 5.451410743e-06 -6.278862059e-02
    outer loop
      vertex -8.929029107e-03 5.442173220e-03 -1.128004398e-03
      vertex -8.929036558e-03 3.942177631e-03 -1.128012198e-03
      vertex -9.000002407e-03 3.942178562e-03 -1.842489006e-08
    endloop
  endfacet
  facet normal -9.988826513e-01 4.725995287e-02 -3.471766149e-06
    outer loop
      vertex -8.929029107e-03 5.442173220e-03 -1.128004398e-03
      vertex -9.000002407e-03 3.942178562e-03 -1.842489006e-08
      vertex -8.929036558e-03 5.442175549e-03 1.127983211e-03
    endloop
  endfacet
  facet normal 9.921149015e-01 2.580052978e-06 -1.253316253e-01
    outer loop
      vertex 8.717251942e-03 -4.057821352e-03 -2.238191431e-03
      vertex 8.999999613e-03 -4.057818558e-03 1.591197396e-08
      vertex 9.000003338e-03 -5.557829048e-03 1.731383215e-08
    endloop
  endfacet
  facet normal 9.936059713e-01 9.401819110e-02 -6.251239777e-02
    outer loop
      vertex 9.000003338e-03 -5.557829048e-03 1.731383215e-08
      vertex 8.929034695e-03 -5.557815544e-03 -1.127985655e-03
      vertex 8.717251942e-03 -4.057821352e-03 -2.238191431e-03
    endloop
  endfacet
  facet normal 9.822863340e-01 -4.083566637e-06 -1.873861402e-01
    outer loop
      vertex 8.717251942e-03 -4.057821352e-03 -2.238191431e-03
      vertex 8.929034695e-03 -5.557815544e-03 -1.127985655e-03
      vertex 8.717244491e-03 -5.557816941e-03 -2.238199115e-03
    endloop
  endfacet
  facet normal 9.297772646e-01 -2.883992920e-06 -3.681226671e-01
    outer loop
      vertex 8.717251942e-03 -4.057821352e-03 -2.238191431e-03
      vertex 8.717244491e-03 -5.557816941e-03 -2.238199115e-03
      vertex 7.886766456e-03 -4.057825543e-03 -4.335769918e-03
    endloop
  endfacet
  facet normal 9.468453526e-01 9.402204305e-02 -3.076422513e-01
    outer loop
      vertex 8.717244491e-03 -5.557816941e-03 -2.238199115e-03
      vertex 8.367994800e-03 -5.557818804e-03 -3.313100897e-03
      vertex 7.886766456e-03 -4.057825543e-03 -4.335769918e-03
    endloop
  endfacet
  facet normal 9.048293233e-01 2.061973191e-06 -4.257743955e-01
    outer loop
      vertex 7.886766456e-03 -4.057825543e-03 -4.335769918e-03
      vertex 8.367994800e-03 -5.557818804e-03 -3.313100897e-03
      vertex 7.886771113e-03 -5.557821132e-03 -4.335768521e-03
    endloop
  endfacet
  facet normal 8.090181351e-01 1.650090667e-06 -5.877836943e-01
    outer loop
      vertex 7.886766456e-03 -4.057825543e-03 -4.335769918e-03
      vertex 7.886771113e-03 -5.557821132e-03 -4.335768521e-03
      vertex 6.560724694e-03 -4.057815764e-03 -6.160917692e-03
    endloop
  endfacet
  facet normal 8.405898809e-01 9.402390569e-02 -5.334493518e-01
    outer loop
      vertex 7.886771113e-03 -5.557821132e-03 -4.335768521e-03
      vertex 7.281166036e-03 -5.557823926e-03 -5.290058441e-03
      vertex 6.560724694e-03 -4.057815764e-03 -6.160917692e-03
    endloop
  endfacet
  facet normal 7.705127001e-01 1.499016321e-06 -6.374246478e-01
    outer loop
      vertex 6.560724694e-03 -4.057815764e-03 -6.160917692e-03
      vertex 7.281166036e-03 -5.557823926e-03 -5.290058441e-03
      vertex 6.560728420e-03 -5.557826255e-03 -6.160916295e-03
    endloop
  endfacet
  facet normal 6.374235153e-01 1.012816938e-06 -7.705136538e-01
    outer loop
      vertex 6.560724694e-03 -4.057815764e-03 -6.160917692e-03
      vertex 6.560728420e-03 -5.557826255e-03 -6.160916295e-03
      vertex 4.822443239e-03 -4.057821818e-03 -7.598946802e-03
    endloop
  endfacet
  facet normal 6.815138459e-01 9.401854873e-02 -7.257405519e-01
    outer loop
      vertex 6.560728420e-03 -5.557826255e-03 -6.160916295e-03
      vertex 5.736823194e-03 -5.557829514e-03 -6.934612989e-03
      vertex 4.822443239e-03 -4.057821818e-03 -7.598946802e-03
    endloop
  endfacet
  facet normal 5.877850056e-01 8.418847415e-07 -8.090171814e-01
    outer loop
      vertex 4.822443239e-03 -4.057821818e-03 -7.598946802e-03
      vertex 5.736823194e-03 -5.557829514e-03 -6.934612989e-03
      vertex 4.822447430e-03 -5.557817407e-03 -7.598945405e-03
    endloop
  endfacet
  facet normal 4.257795811e-01 3.119129701e-07 -9.048269391e-01
    outer loop
      vertex 4.822443239e-03 -4.057821818e-03 -7.598946802e-03
      vertex 4.822447430e-03 -5.557817407e-03 -7.598945405e-03
      vertex 2.781166695e-03 -4.057828337e-03 -8.559499867e-03
    endloop
  endfacet
  facet normal 4.796181619e-01 9.401587397e-02 -8.724261522e-01
    outer loop
      vertex 4.822447430e-03 -5.557817407e-03 -7.598945405e-03
      vertex 3.832024988e-03 -5.557820667e-03 -8.143432438e-03
      vertex 2.781166695e-03 -4.057828337e-03 -8.559499867e-03
    endloop
  endfacet
  facet normal 3.681301177e-01 2.891332997e-06 -9.297742844e-01
    outer loop
      vertex 2.781166695e-03 -4.057828337e-03 -8.559499867e-03
      vertex 3.832024988e-03 -5.557820667e-03 -8.143432438e-03
      vertex 2.781159012e-03 -5.557823926e-03 -8.559507318e-03
    endloop
  endfacet
  facet normal 1.873829067e-01 4.090249604e-06 -9.822869301e-01
    outer loop
      vertex 2.781166695e-03 -4.057828337e-03 -8.559499867e-03
      vertex 2.781159012e-03 -5.557823926e-03 -8.559507318e-03
      vertex 5.651243846e-04 -4.057819955e-03 -8.982236497e-03
    endloop
  endfacet
  facet normal 2.475913465e-01 9.402465075e-02 -9.642913938e-01
    outer loop
      vertex 2.781159012e-03 -5.557823926e-03 -8.559507318e-03
      vertex 1.686442411e-03 -5.557827186e-03 -8.840586990e-03
      vertex 5.651243846e-04 -4.057819955e-03 -8.982236497e-03
    endloop
  endfacet
  facet normal 1.253269315e-01 -5.864805530e-07 -9.921154976e-01
    outer loop
      vertex 5.651243846e-04 -4.057819955e-03 -8.982236497e-03
      vertex 1.686442411e-03 -5.557827186e-03 -8.840586990e-03
      vertex 5.651284591e-04 -5.557815544e-03 -8.982234634e-03
    endloop
  endfacet
  facet normal -6.278603524e-02 -1.103412956e-06 -9.980270267e-01
    outer loop
      vertex 5.651243846e-04 -4.057819955e-03 -8.982236497e-03
      vertex 5.651284591e-04 -5.557815544e-03 -8.982234634e-03
      vertex -1.686415286e-03 -4.057826009e-03 -8.840591647e-03
    endloop
  endfacet
  facet normal 9.030313777e-06 9.402474761e-02 -9.955698848e-01
    outer loop
      vertex 5.651284591e-04 -5.557815544e-03 -8.982234634e-03
      vertex -5.651021493e-04 -5.557818804e-03 -8.982244879e-03
      vertex -1.686415286e-03 -4.057826009e-03 -8.840591647e-03
    endloop
  endfacet
  facet normal -1.253433377e-01 -8.301220987e-06 -9.921134114e-01
    outer loop
      vertex -1.686415286e-03 -4.057826009e-03 -8.840591647e-03
      vertex -5.651021493e-04 -5.557818804e-03 -8.982244879e-03
      vertex -1.686420292e-03 -5.557821598e-03 -8.840578608e-03
    endloop
  endfacet
  facet normal -3.090164065e-01 -7.323084446e-06 -9.510567188e-01
    outer loop
      vertex -1.686415286e-03 -4.057826009e-03 -8.840591647e-03
      vertex -1.686420292e-03 -5.557821598e-03 -8.840578608e-03
      vertex -3.832004732e-03 -4.057816230e-03 -8.143448271e-03
    endloop
  endfacet
  facet normal -2.475799173e-01 9.402275831e-02 -9.642944932e-01
    outer loop
      vertex -1.686420292e-03 -5.557821598e-03 -8.840578608e-03
      vertex -2.781144110e-03 -5.557824392e-03 -8.559511043e-03
      vertex -3.832004732e-03 -4.057816230e-03 -8.143448271e-03
    endloop
  endfacet
  facet normal -3.681249022e-01 -1.869728635e-06 -9.297763705e-01
    outer loop
      vertex -3.832004732e-03 -4.057816230e-03 -8.143448271e-03
      vertex -2.781144110e-03 -5.557824392e-03 -8.559511043e-03
      vertex -3.832000541e-03 -5.557826720e-03 -8.143447340e-03
    endloop
  endfacet
  facet normal -5.358232856e-01 -2.245781843e-06 -8.443301916e-01
    outer loop
      vertex -3.832004732e-03 -4.057816230e-03 -8.143448271e-03
      vertex -3.832000541e-03 -5.557826720e-03 -8.143447340e-03
      vertex -5.736811087e-03 -4.057820421e-03 -6.934632547e-03
    endloop
  endfacet
  facet normal -4.796154797e-01 9.401711822e-02 -8.724275231e-01
    outer loop
      vertex -3.832000541e-03 -5.557826720e-03 -8.143447340e-03
      vertex -4.822429735e-03 -5.557829048e-03 -7.598960772e-03
      vertex -5.736811087e-03 -4.057820421e-03 -6.934632547e-03
    endloop
  endfacet
  facet normal -5.877825618e-01 -2.354038770e-06 -8.090189695e-01
    outer loop
      vertex -5.736811087e-03 -4.057820421e-03 -6.934632547e-03
      vertex -4.822429735e-03 -5.557829048e-03 -7.598960772e-03
      vertex -5.736806896e-03 -5.557816010e-03 -6.934631150e-03
    endloop
  endfacet
  facet normal -7.289714217e-01 -2.621547765e-06 -6.845440865e-01
    outer loop
      vertex -5.736811087e-03 -4.057820421e-03 -6.934632547e-03
      vertex -5.736806896e-03 -5.557816010e-03 -6.934631150e-03
      vertex -7.281146012e-03 -4.057823215e-03 -5.290069617e-03
    endloop
  endfacet
  facet normal -6.815115809e-01 9.402821958e-02 -7.257414460e-01
    outer loop
      vertex -7.281146012e-03 -4.057823215e-03 -5.290069617e-03
      vertex -5.736806896e-03 -5.557816010e-03 -6.934631150e-03
      vertex -6.560716778e-03 -5.557817407e-03 -6.160934456e-03
    endloop
  endfacet
  facet normal -7.705127001e-01 7.238387298e-06 -6.374246478e-01
    outer loop
      vertex -6.560716778e-03 -5.557817407e-03 -6.160934456e-03
      vertex -7.281153463e-03 -5.557818804e-03 -5.290077534e-03
      vertex -7.281146012e-03 -4.057823215e-03 -5.290069617e-03
    endloop
  endfacet
  facet normal -8.443294168e-01 7.095041838e-06 -5.358244777e-01
    outer loop
      vertex -7.281146012e-03 -4.057823215e-03 -5.290069617e-03
      vertex -7.281153463e-03 -5.557818804e-03 -5.290077534e-03
      vertex -7.886752486e-03 -5.557819270e-03 -4.335800651e-03
    endloop
  endfacet
  facet normal -8.753262162e-01 4.726156592e-02 -4.812176228e-01
    outer loop
      vertex -7.281146012e-03 -4.057823215e-03 -5.290069617e-03
      vertex -7.886752486e-03 -5.557819270e-03 -4.335800651e-03
      vertex -8.367984556e-03 -4.057824146e-03 -3.313130233e-03
    endloop
  endfacet
  facet normal -9.048287868e-01 -2.857801064e-06 -4.257756770e-01
    outer loop
      vertex -7.886752486e-03 -5.557819270e-03 -4.335800651e-03
      vertex -8.367979899e-03 -5.557819735e-03 -3.313128836e-03
      vertex -8.367984556e-03 -4.057824146e-03 -3.313130233e-03
    endloop
  endfacet
  facet normal -9.510527849e-01 -2.874358643e-06 -3.090284765e-01
    outer loop
      vertex -8.367984556e-03 -4.057824146e-03 -3.313130233e-03
      vertex -8.367979899e-03 -5.557819735e-03 -3.313128836e-03
      vertex -8.717253804e-03 -5.557819735e-03 -2.238219837e-03
    endloop
  endfacet
  facet normal -9.675006270e-01 4.726532102e-02 -2.484119534e-01
    outer loop
      vertex -8.367984556e-03 -4.057824146e-03 -3.313130233e-03
      vertex -8.717253804e-03 -5.557819735e-03 -2.238219837e-03
      vertex -8.929027244e-03 -4.057823680e-03 -1.128013828e-03
    endloop
  endfacet
  facet normal -9.822896123e-01 -2.845580866e-06 -1.873690784e-01
    outer loop
      vertex -8.929027244e-03 -4.057823680e-03 -1.128013828e-03
      vertex -8.717253804e-03 -5.557819735e-03 -2.238219837e-03
      vertex -8.929022588e-03 -5.557819270e-03 -1.128012431e-03
    endloop
  endfacet
  facet normal -9.980263710e-01 -2.771941581e-06 -6.279600412e-02
    outer loop
      vertex -8.929027244e-03 -4.057823680e-03 -1.128013828e-03
      vertex -8.929022588e-03 -5.557819270e-03 -1.128012431e-03
      vertex -9.000001475e-03 -4.057822749e-03 -8.280836461e-09
    endloop
  endfacet
  facet normal -9.980263710e-01 -2.771941581e-06 -6.279600412e-02
    outer loop
      vertex -9.000001475e-03 -4.057822749e-03 -8.280836461e-09
      vertex -8.929022588e-03 -5.557819270e-03 -1.128012431e-03
      vertex -8.999996819e-03 -5.557818338e-03 -6.878992043e-09
    endloop
  endfacet
  facet normal -9.980266690e-01 -2.654572427e-06 6.279166788e-02
    outer loop
      vertex -9.000001475e-03 -4.057822749e-03 -8.280836461e-09
      vertex -8.999996819e-03 -5.557818338e-03 -6.878992043e-09
      vertex -8.929031901e-03 -4.057821352e-03 1.127994736e-03
    endloop
  endfacet
  facet normal -9.980272651e-01 4.805447588e-06 6.278178841e-02
    outer loop
      vertex -8.999996819e-03 -5.557818338e-03 -6.878992043e-09
      vertex -8.929039352e-03 -5.557816941e-03 1.127987052e-03
      vertex -8.929031901e-03 -4.057821352e-03 1.127994736e-03
    endloop
  endfacet
  facet normal -9.822863340e-01 4.083566637e-06 1.873861402e-01
    outer loop
      vertex -8.929031901e-03 -4.057821352e-03 1.127994736e-03
      vertex -8.929039352e-03 -5.557816941e-03 1.127987052e-03
      vertex -8.717249148e-03 -5.557815544e-03 2.238200512e-03
    endloop
  endfacet
  facet normal -9.675012827e-01 4.725836217e-02 2.484107912e-01
    outer loop
      vertex -8.929031901e-03 -4.057821352e-03 1.127994736e-03
      vertex -8.717249148e-03 -5.557815544e-03 2.238200512e-03
      vertex -8.367992938e-03 -4.057818092e-03 3.313109977e-03
    endloop
  endfacet
  facet normal -9.510561824e-01 -2.296762887e-06 3.090180457e-01
    outer loop
      vertex -8.717249148e-03 -5.557815544e-03 2.238200512e-03
      vertex -8.367988281e-03 -5.557828583e-03 3.313111374e-03
      vertex -8.367992938e-03 -4.057818092e-03 3.313109977e-03
    endloop
  endfacet
  facet normal -9.048293233e-01 -2.061973191e-06 4.257743955e-01
    outer loop
      vertex -8.367992938e-03 -4.057818092e-03 3.313109977e-03
      vertex -8.367988281e-03 -5.557828583e-03 3.313111374e-03
      vertex -7.886764593e-03 -5.557826255e-03 4.335778765e-03
    endloop
  endfacet
  facet normal -8.753268123e-01 4.726187512e-02 4.812164605e-01
    outer loop
      vertex -8.367992938e-03 -4.057818092e-03 3.313109977e-03
      vertex -7.886764593e-03 -5.557826255e-03 4.335778765e-03
      vertex -7.281154860e-03 -4.057827871e-03 5.290055647e-03
    endloop
  endfacet
  facet normal -8.443237543e-01 -1.794624268e-06 5.358333588e-01
    outer loop
      vertex -7.886764593e-03 -5.557826255e-03 4.335778765e-03
      vertex -7.281150669e-03 -5.557823461e-03 5.290057044e-03
      vertex -7.281154860e-03 -4.057827871e-03 5.290055647e-03
    endloop
  endfacet
  facet normal -7.705227733e-01 -1.499054974e-06 6.374124885e-01
    outer loop
      vertex -7.281154860e-03 -4.057827871e-03 5.290055647e-03
      vertex -7.281150669e-03 -5.557823461e-03 5.290057044e-03
      vertex -6.560734008e-03 -5.557820667e-03 6.160917692e-03
    endloop
  endfacet
  facet normal -7.281585336e-01 4.726362973e-02 6.837772727e-01
    outer loop
      vertex -7.281154860e-03 -4.057827871e-03 5.290055647e-03
      vertex -6.560734008e-03 -5.557820667e-03 6.160917692e-03
      vertex -5.736832973e-03 -4.057822283e-03 6.934612989e-03
    endloop
  endfacet
  facet normal -6.845462918e-01 -1.179751735e-06 7.289693952e-01
    outer loop
      vertex -6.560734008e-03 -5.557820667e-03 6.160917692e-03
      vertex -5.736828782e-03 -5.557817873e-03 6.934614386e-03
      vertex -5.736832973e-03 -4.057822283e-03 6.934612989e-03
    endloop
  endfacet
  facet normal -5.877850056e-01 -8.418847415e-07 8.090171814e-01
    outer loop
      vertex -5.736832973e-03 -4.057822283e-03 6.934612989e-03
      vertex -5.736828782e-03 -5.557817873e-03 6.934614386e-03
      vertex -4.822453018e-03 -5.557814613e-03 7.598946802e-03
    endloop
  endfacet
  facet normal -5.352281332e-01 4.725833982e-02 8.433845639e-01
    outer loop
      vertex -5.736832973e-03 -4.057822283e-03 6.934612989e-03
      vertex -4.822453018e-03 -5.557814613e-03 7.598946802e-03
      vertex -3.832022659e-03 -4.057815764e-03 8.143441752e-03
    endloop
  endfacet
  facet normal -4.817540050e-01 -4.907404332e-07 8.763064742e-01
    outer loop
      vertex -4.822453018e-03 -5.557814613e-03 7.598946802e-03
      vertex -3.832018701e-03 -5.557826255e-03 8.143443614e-03
      vertex -3.832022659e-03 -4.057815764e-03 8.143441752e-03
    endloop
  endfacet
  facet normal -3.681267202e-01 -1.318605456e-07 9.297756553e-01
    outer loop
      vertex -3.832022659e-03 -4.057815764e-03 8.143441752e-03
      vertex -3.832018701e-03 -5.557826255e-03 8.143443614e-03
      vertex -2.781164600e-03 -5.557822995e-03 8.559508249e-03
    endloop
  endfacet
  facet normal -3.086683154e-01 4.726287723e-02 9.499948025e-01
    outer loop
      vertex -3.832022659e-03 -4.057815764e-03 8.143441752e-03
      vertex -2.781164600e-03 -5.557822995e-03 8.559508249e-03
      vertex -1.686442760e-03 -4.057824146e-03 8.840574883e-03
    endloop
  endfacet
  facet normal -2.486933470e-01 9.351176232e-06 9.685822725e-01
    outer loop
      vertex -2.781164600e-03 -5.557822995e-03 8.559508249e-03
      vertex -1.686447882e-03 -5.557819735e-03 8.840587921e-03
      vertex -1.686442760e-03 -4.057824146e-03 8.840574883e-03
    endloop
  endfacet
  facet normal -1.253335774e-01 9.143554053e-06 9.921146631e-01
    outer loop
      vertex -1.686442760e-03 -4.057824146e-03 8.840574883e-03
      vertex -1.686447882e-03 -5.557819735e-03 8.840587921e-03
      vertex -5.651221145e-04 -5.557816941e-03 8.982244879e-03
    endloop
  endfacet
  facet normal -6.272179633e-02 4.726764187e-02 9.969111085e-01
    outer loop
      vertex -1.686442760e-03 -4.057824146e-03 8.840574883e-03
      vertex -5.651221145e-04 -5.557816941e-03 8.982244879e-03
      vertex 5.651017418e-04 -4.057818092e-03 8.982233703e-03
    endloop
  endfacet
  facet normal 9.168027646e-06 9.345903891e-07 1.000000000e+00
    outer loop
      vertex -5.651221145e-04 -5.557816941e-03 8.982244879e-03
      vertex 5.651058163e-04 -5.557828583e-03 8.982234634e-03
      vertex 5.651017418e-04 -4.057818092e-03 8.982233703e-03
    endloop
  endfacet
  facet normal 1.253248453e-01 1.267907805e-06 9.921157360e-01
    outer loop
      vertex 5.651017418e-04 -4.057818092e-03 8.982233703e-03
      vertex 5.651058163e-04 -5.557828583e-03 8.982234634e-03
      vertex 1.686426695e-03 -5.557825789e-03 8.840588853e-03
    endloop
  endfacet
  facet normal 1.871684045e-01 4.726388678e-02 9.811901450e-01
    outer loop
      vertex 5.651017418e-04 -4.057818092e-03 8.982233703e-03
      vertex 1.686426695e-03 -5.557825789e-03 8.840588853e-03
      vertex 2.781134564e-03 -4.057827406e-03 8.559511043e-03
    endloop
  endfacet
  facet normal 2.486914247e-01 1.581301490e-06 9.685827494e-01
    outer loop
      vertex 1.686426695e-03 -5.557825789e-03 8.840588853e-03
      vertex 2.781138523e-03 -5.557822995e-03 8.559512906e-03
      vertex 2.781134564e-03 -4.057827406e-03 8.559511043e-03
    endloop
  endfacet
  facet normal 3.681249022e-01 1.869728635e-06 9.297763705e-01
    outer loop
      vertex 2.781134564e-03 -4.057827406e-03 8.559511043e-03
      vertex 2.781138523e-03 -5.557822995e-03 8.559512906e-03
      vertex 3.831995185e-03 -5.557820667e-03 8.143448271e-03
    endloop
  endfacet
  facet normal 4.253040850e-01 4.726114869e-02 9.038156867e-01
    outer loop
      vertex 2.781134564e-03 -4.057827406e-03 8.559511043e-03
      vertex 3.831995185e-03 -5.557820667e-03 8.143448271e-03
      vertex 4.822429270e-03 -4.057822749e-03 7.598948665e-03
    endloop
  endfacet
  facet normal 4.817537963e-01 2.128671440e-06 8.763065934e-01
    outer loop
      vertex 3.831995185e-03 -5.557820667e-03 8.143448271e-03
      vertex 4.822433461e-03 -5.557818338e-03 7.598950062e-03
      vertex 4.822429270e-03 -4.057822749e-03 7.598948665e-03
    endloop
  endfacet
  facet normal 5.877825618e-01 2.354038770e-06 8.090189695e-01
    outer loop
      vertex 4.822429270e-03 -4.057822749e-03 7.598948665e-03
      vertex 4.822433461e-03 -5.557818338e-03 7.598950062e-03
      vertex 5.736810621e-03 -5.557816476e-03 6.934620906e-03
    endloop
  endfacet
  facet normal 6.367079616e-01 4.726043344e-02 7.696554065e-01
    outer loop
      vertex 4.822429270e-03 -4.057822749e-03 7.598948665e-03
      vertex 5.736810621e-03 -5.557816476e-03 6.934620906e-03
      vertex 6.560707465e-03 -4.057819489e-03 6.160934456e-03
    endloop
  endfacet
  facet normal 6.845428348e-01 2.542284619e-06 7.289726138e-01
    outer loop
      vertex 6.560707465e-03 -4.057819489e-03 6.160934456e-03
      vertex 5.736810621e-03 -5.557816476e-03 6.934620906e-03
      vertex 6.560711190e-03 -5.557815079e-03 6.160935853e-03
    endloop
  endfacet
  facet normal 8.090172410e-01 2.748734005e-06 5.877849460e-01
    outer loop
      vertex 6.560707465e-03 -4.057819489e-03 6.160934456e-03
      vertex 6.560711190e-03 -5.557815079e-03 6.160935853e-03
      vertex 7.886752486e-03 -4.057817627e-03 4.335788544e-03
    endloop
  endfacet
  facet normal 7.671001554e-01 9.402176738e-02 6.346000433e-01
    outer loop
      vertex 6.560711190e-03 -5.557815079e-03 6.160935853e-03
      vertex 7.281148341e-03 -5.557828583e-03 5.290078931e-03
      vertex 7.886752486e-03 -4.057817627e-03 4.335788544e-03
    endloop
  endfacet
  facet normal 8.443287611e-01 2.796173248e-06 5.358255506e-01
    outer loop
      vertex 7.886752486e-03 -4.057817627e-03 4.335788544e-03
      vertex 7.281148341e-03 -5.557828583e-03 5.290078931e-03
      vertex 7.886756212e-03 -5.557828117e-03 4.335789941e-03
    endloop
  endfacet
  facet normal 9.297755957e-01 2.871745210e-06 3.681267798e-01
    outer loop
      vertex 7.886752486e-03 -4.057817627e-03 4.335788544e-03
      vertex 7.886756212e-03 -5.557828117e-03 4.335789941e-03
      vertex 8.717244491e-03 -4.057817161e-03 2.238219604e-03
    endloop
  endfacet
  facet normal 9.008159041e-01 9.402593225e-02 4.238983989e-01
    outer loop
      vertex 7.886756212e-03 -5.557828117e-03 4.335789941e-03
      vertex 8.367986418e-03 -5.557827652e-03 3.313139314e-03
      vertex 8.717244491e-03 -4.057817161e-03 2.238219604e-03
    endloop
  endfacet
  facet normal 9.510565996e-01 2.874357961e-06 3.090166748e-01
    outer loop
      vertex 8.717244491e-03 -4.057817161e-03 2.238219604e-03
      vertex 8.367986418e-03 -5.557827652e-03 3.313139314e-03
      vertex 8.717248216e-03 -5.557827652e-03 2.238221001e-03
    endloop
  endfacet
  facet normal 9.921144843e-01 2.814316304e-06 1.253350824e-01
    outer loop
      vertex 8.717244491e-03 -4.057817161e-03 2.238219604e-03
      vertex 8.717248216e-03 -5.557827652e-03 2.238221001e-03
      vertex 8.999999613e-03 -4.057818558e-03 1.591197396e-08
    endloop
  endfacet
  facet normal 9.779345393e-01 9.402556717e-02 1.865562797e-01
    outer loop
      vertex 8.999999613e-03 -4.057818558e-03 1.591197396e-08
      vertex 8.717248216e-03 -5.557827652e-03 2.238221001e-03
      vertex 8.929038420e-03 -5.557828117e-03 1.128011034e-03
    endloop
  endfacet
  facet normal 9.980268478e-01 2.771936124e-06 6.278862059e-02
    outer loop
      vertex 8.999999613e-03 -4.057818558e-03 1.591197396e-08
      vertex 8.929038420e-03 -5.557828117e-03 1.128011034e-03
      vertex 9.000003338e-03 -5.557829048e-03 1.731383215e-08
    endloop
  endfacet
  facet normal 7.070868611e-01 5.000314116e-01 4.999966919e-01
    outer loop
      vertex 6.300008856e-03 6.442172453e-03 -1.655789651e-02
      vertex 6.500012241e-03 6.242184434e-03 -1.664073579e-02
      vertex 6.500014104e-03 6.442172918e-03 -1.684074104e-02
    endloop
  endfacet
  facet normal -1.000000000e+00 -2.718615178e-06 5.265552318e-06
    outer loop
      vertex -4.999989178e-03 6.442178972e-03 -2.455790527e-02
      vertex -4.999983590e-03 4.442174919e-03 -2.455790341e-02
      vertex -4.999978468e-03 6.442180835e-03 -2.255790308e-02
    endloop
  endfacet
  facet normal 2.073009227e-06 -9.345598073e-07 -1.000000000e+00
    outer loop
      vertex -4.999983590e-03 4.442174919e-03 -2.455790341e-02
      vertex -4.999989178e-03 6.442178972e-03 -2.455790527e-02
      vertex 1.500017825e-03 6.442181766e-03 -2.455789223e-02
    endloop
  endfacet
  facet normal 6.702133533e-07 -9.345636158e-07 -1.000000000e+00
    outer loop
      vertex 1.500008744e-03 -6.557814777e-03 -2.455789596e-02
      vertex -4.999986384e-03 -6.557817571e-03 -2.455789968e-02
      vertex -4.999991972e-03 -4.557828419e-03 -2.455790155e-02
    endloop
  endfacet
  facet normal 4.362155721e-07 -2.178247627e-07 -1.000000000e+00
    outer loop
      vertex -1.749998704e-02 -4.557817709e-03 -2.455790713e-02
      vertex -1.749997772e-02 4.442170728e-03 -2.455790900e-02
      vertex -4.999991972e-03 -4.557828419e-03 -2.455790155e-02
    endloop
  endfacet
  facet normal 4.362147195e-07 -2.178259564e-07 -1.000000000e+00
    outer loop
      vertex -4.999991972e-03 -4.557828419e-03 -2.455790155e-02
      vertex -1.749997772e-02 4.442170728e-03 -2.455790900e-02
      vertex -4.999983590e-03 4.442174919e-03 -2.455790341e-02
    endloop
  endfacet
  facet normal 8.907463780e-07 -2.178263685e-07 -1.000000000e+00
    outer loop
      vertex -4.999991972e-03 -4.557828419e-03 -2.455790155e-02
      vertex -4.999983590e-03 4.442174919e-03 -2.455790341e-02
      vertex 1.500008744e-03 -6.557814777e-03 -2.455789596e-02
    endloop
  endfacet
  facet normal 1.704516535e-06 2.630376912e-07 -1.000000000e+00
    outer loop
      vertex 1.500008744e-03 -6.557814777e-03 -2.455789596e-02
      vertex -4.999983590e-03 4.442174919e-03 -2.455790341e-02
      vertex 1.500017825e-03 6.442181766e-03 -2.455789223e-02
    endloop
  endfacet
  facet normal 8.001089692e-01 -3.826826811e-01 4.619303346e-01
    outer loop
      vertex -3.910147119e-03 2.398094657e-04 4.550911952e-03
      vertex -3.399503417e-03 2.399292425e-04 3.666526172e-03
      vertex -3.820888000e-03 5.171800149e-04 4.626092035e-03
    endloop
  endfacet
  facet normal 8.000912070e-01 -3.827171624e-01 4.619325101e-01
    outer loop
      vertex -3.820888000e-03 5.171800149e-04 4.626092035e-03
      vertex -3.399503417e-03 2.399292425e-04 3.666526172e-03
      vertex -3.312409623e-03 5.171805387e-04 3.745381488e-03
    endloop
  endfacet
  facet normal 6.870371699e-01 -6.088023186e-01 3.966605961e-01
    outer loop
      vertex -3.820888000e-03 5.171800149e-04 4.626092035e-03
      vertex -3.312409623e-03 5.171805387e-04 3.745381488e-03
      vertex -3.676473396e-03 7.554649492e-04 4.741683137e-03
    endloop
  endfacet
  facet normal 6.870118380e-01 -6.088322997e-01 3.966585100e-01
    outer loop
      vertex -3.676473396e-03 7.554649492e-04 4.741683137e-03
      vertex -3.312409623e-03 5.171805387e-04 3.745381488e-03
      vertex -3.170865355e-03 7.554506301e-04 3.865948645e-03
    endloop
  endfacet
  facet normal 5.271314383e-01 -7.934110165e-01 3.043540716e-01
    outer loop
      vertex -3.676473396e-03 7.554649492e-04 4.741683137e-03
      vertex -3.170865355e-03 7.554506301e-04 3.865948645e-03
      vertex -3.484164132e-03 9.381091804e-04 4.884738475e-03
    endloop
  endfacet
  facet normal 5.271656513e-01 -7.933859825e-01 3.043600917e-01
    outer loop
      vertex -3.484164132e-03 9.381091804e-04 4.884738475e-03
      vertex -3.170865355e-03 7.554506301e-04 3.865948645e-03
      vertex -2.981383353e-03 9.381097043e-04 4.013900645e-03
    endloop
  endfacet
  facet normal 3.315914869e-01 -9.237943888e-01 1.914446950e-01
    outer loop
      vertex -3.484164132e-03 9.381091804e-04 4.884738475e-03
      vertex -2.981383353e-03 9.381097043e-04 4.013900645e-03
      vertex -3.254548181e-03 1.052833977e-03 5.040624179e-03
    endloop
  endfacet
  facet normal 3.217047751e-01 -9.277331829e-01 1.892544031e-01
    outer loop
      vertex -3.254548181e-03 1.052833977e-03 5.040624179e-03
      vertex -2.981383353e-03 9.381097043e-04 4.013900645e-03
      vertex -2.734753303e-03 1.058705617e-03 4.185832106e-03
    endloop
  endfacet
  facet normal 1.120012179e-01 -9.918158650e-01 6.129449606e-02
    outer loop
      vertex -3.254548181e-03 1.052833977e-03 5.040624179e-03
      vertex -2.734753303e-03 1.058705617e-03 4.185832106e-03
      vertex -2.993481234e-03 1.092158956e-03 5.199910607e-03
    endloop
  endfacet
  facet normal 1.049468517e-01 -9.926948547e-01 5.952366814e-02
    outer loop
      vertex -2.993481234e-03 1.092158956e-03 5.199910607e-03
      vertex -2.734753303e-03 1.058705617e-03 4.185832106e-03
      vertex -2.500009723e-03 1.092174440e-03 4.330122378e-03
    endloop
  endfacet
  facet normal -1.178455204e-01 -9.907774329e-01 -6.687687337e-02
    outer loop
      vertex -2.993481234e-03 1.092158956e-03 5.199910607e-03
      vertex -2.500009723e-03 1.092174440e-03 4.330122378e-03
      vertex -2.735062037e-03 1.051941537e-03 5.340361968e-03
    endloop
  endfacet
  facet normal -1.129684746e-01 -9.914195538e-01 -6.576770544e-02
    outer loop
      vertex -2.735062037e-03 1.051941537e-03 5.340361968e-03
      vertex -2.500009723e-03 1.092174440e-03 4.330122378e-03
      vertex -2.237442881e-03 1.052880893e-03 4.471446853e-03
    endloop
  endfacet
  facet normal -3.330372572e-01 -9.232159257e-01 -1.917252541e-01
    outer loop
      vertex -2.735062037e-03 1.051941537e-03 5.340361968e-03
      vertex -2.237442881e-03 1.052880893e-03 4.471446853e-03
      vertex -2.488234313e-03 9.381123818e-04 5.459730979e-03
    endloop
  endfacet
  facet normal -3.315377831e-01 -9.238198400e-01 -1.914148629e-01
    outer loop
      vertex -2.488234313e-03 9.381123818e-04 5.459730979e-03
      vertex -2.237442881e-03 1.052880893e-03 4.471446853e-03
      vertex -1.985453768e-03 9.381129639e-04 4.588893149e-03
    endloop
  endfacet
  facet normal -5.272618532e-01 -7.933003306e-01 -3.044166565e-01
    outer loop
      vertex -2.488234313e-03 9.381123818e-04 5.459730979e-03
      vertex -1.985453768e-03 9.381129639e-04 4.588893149e-03
      vertex -2.267966513e-03 7.552162278e-04 5.554839969e-03
    endloop
  endfacet
  facet normal -5.272886753e-01 -7.932809591e-01 -3.044207990e-01
    outer loop
      vertex -2.267966513e-03 7.552162278e-04 5.554839969e-03
      vertex -1.985453768e-03 9.381129639e-04 4.588893149e-03
      vertex -1.762302243e-03 7.551572053e-04 4.679130390e-03
    endloop
  endfacet
  facet normal -6.871066093e-01 -6.086868644e-01 -3.967175484e-01
    outer loop
      vertex -2.267966513e-03 7.552162278e-04 5.554839969e-03
      vertex -1.762302243e-03 7.551572053e-04 4.679130390e-03
      vertex -2.095884643e-03 5.171707016e-04 5.622033030e-03
    endloop
  endfacet
  facet normal -6.871376038e-01 -6.086506844e-01 -3.967193663e-01
    outer loop
      vertex -2.095884643e-03 5.171707016e-04 5.622033030e-03
      vertex -1.762302243e-03 7.551572053e-04 4.679130390e-03
      vertex -1.587406383e-03 5.171712837e-04 4.741322249e-03
    endloop
  endfacet
  facet normal -8.000397086e-01 -3.828600943e-01 -4.619032741e-01
    outer loop
      vertex -2.095884643e-03 5.171707016e-04 5.622033030e-03
      vertex -1.587406383e-03 5.171712837e-04 4.741322249e-03
      vertex -1.986247487e-03 2.402180689e-04 5.661695264e-03
    endloop
  endfacet
  facet normal -8.000181913e-01 -3.829013109e-01 -4.619063437e-01
    outer loop
      vertex -1.986247487e-03 2.402180689e-04 5.661695264e-03
      vertex -1.587406383e-03 5.171712837e-04 4.741322249e-03
      vertex -1.475683763e-03 2.403825492e-04 4.777266178e-03
    endloop
  endfacet
  facet normal -8.586164117e-01 -1.306605041e-01 -4.956870675e-01
    outer loop
      vertex -1.986247487e-03 2.402180689e-04 5.661695264e-03
      vertex -1.475683763e-03 2.403825492e-04 4.777266178e-03
      vertex -1.948467805e-03 -5.781994332e-05 5.674815271e-03
    endloop
  endfacet
  facet normal -8.585777879e-01 -1.308068633e-01 -4.957153499e-01
    outer loop
      vertex -1.948467805e-03 -5.781994332e-05 5.674815271e-03
      vertex -1.475683763e-03 2.403825492e-04 4.777266178e-03
      vertex -1.437046332e-03 -5.781937944e-05 4.789033905e-03
    endloop
  endfacet
  facet normal -8.585847020e-01 1.307473779e-01 -4.957191348e-01
    outer loop
      vertex -1.948467805e-03 -5.781994332e-05 5.674815271e-03
      vertex -1.437046332e-03 -5.781937944e-05 4.789033905e-03
      vertex -1.986290561e-03 -3.559922916e-04 5.661679897e-03
    endloop
  endfacet
  facet normal -8.585874438e-01 1.308310926e-01 -4.956922829e-01
    outer loop
      vertex -1.986290561e-03 -3.559922916e-04 5.661679897e-03
      vertex -1.437046332e-03 -5.781937944e-05 4.789033905e-03
      vertex -1.475703088e-03 -3.560811456e-04 4.777269438e-03
    endloop
  endfacet
  facet normal -8.000177145e-01 3.829050064e-01 -4.619041383e-01
    outer loop
      vertex -1.986290561e-03 -3.559922916e-04 5.661679897e-03
      vertex -1.475703088e-03 -3.560811456e-04 4.777269438e-03
      vertex -2.095893258e-03 -6.328264135e-04 5.622024648e-03
    endloop
  endfacet
  facet normal -8.000184894e-01 3.829011023e-01 -4.619060159e-01
    outer loop
      vertex -2.095893258e-03 -6.328264135e-04 5.622024648e-03
      vertex -1.475703088e-03 -3.560811456e-04 4.777269438e-03
      vertex -1.587403240e-03 -6.328258314e-04 4.741323180e-03
    endloop
  endfacet
  facet normal -6.870996952e-01 6.086995602e-01 -3.967100084e-01
    outer loop
      vertex -2.095893258e-03 -6.328264135e-04 5.622024648e-03
      vertex -1.587403240e-03 -6.328258314e-04 4.741323180e-03
      vertex -2.267962089e-03 -8.708431851e-04 5.554841366e-03
    endloop
  endfacet
  facet normal -6.871023178e-01 6.086941957e-01 -3.967137635e-01
    outer loop
      vertex -2.267962089e-03 -8.708431851e-04 5.554841366e-03
      vertex -1.587403240e-03 -6.328258314e-04 4.741323180e-03
      vertex -1.762342290e-03 -8.708426030e-04 4.679116420e-03
    endloop
  endfacet
  facet normal -5.272892714e-01 7.932724357e-01 -3.044419587e-01
    outer loop
      vertex -2.267962089e-03 -8.708431851e-04 5.554841366e-03
      vertex -1.762342290e-03 -8.708426030e-04 4.679116420e-03
      vertex -2.488228958e-03 -1.053755637e-03 5.459732842e-03
    endloop
  endfacet
  facet normal -5.272722244e-01 7.932915688e-01 -3.044216037e-01
    outer loop
      vertex -2.488228958e-03 -1.053755637e-03 5.459732842e-03
      vertex -1.762342290e-03 -8.708426030e-04 4.679116420e-03
      vertex -1.985448180e-03 -1.053755055e-03 4.588895012e-03
    endloop
  endfacet
  facet normal -3.326989710e-01 9.232632518e-01 -1.920841187e-01
    outer loop
      vertex -2.488228958e-03 -1.053755637e-03 5.459732842e-03
      vertex -1.985448180e-03 -1.053755055e-03 4.588895012e-03
      vertex -2.735328162e-03 -1.167660928e-03 5.340228789e-03
    endloop
  endfacet
  facet normal -3.316573501e-01 9.238726497e-01 -1.909521073e-01
    outer loop
      vertex -2.735328162e-03 -1.167660928e-03 5.340228789e-03
      vertex -1.985448180e-03 -1.053755055e-03 4.588895012e-03
      vertex -2.237640787e-03 -1.168584218e-03 4.471347202e-03
    endloop
  endfacet
  facet normal -1.142148674e-01 9.912295938e-01 -6.647459418e-02
    outer loop
      vertex -2.735328162e-03 -1.167660928e-03 5.340228789e-03
      vertex -2.237640787e-03 -1.168584218e-03 4.471347202e-03
      vertex -2.999999793e-03 -1.207820373e-03 5.196145736e-03
    endloop
  endfacet
  facet normal -1.131139174e-01 9.914335012e-01 -6.530554593e-02
    outer loop
      vertex -2.999999793e-03 -1.207820373e-03 5.196145736e-03
      vertex -2.237640787e-03 -1.168584218e-03 4.471347202e-03
      vertex -2.500003437e-03 -1.207819791e-03 4.330124706e-03
    endloop
  endfacet
  facet normal 1.130220443e-01 9.914473891e-01 6.525376439e-02
    outer loop
      vertex -2.999999793e-03 -1.207820373e-03 5.196145736e-03
      vertex -2.500003437e-03 -1.207819791e-03 4.330124706e-03
      vertex -3.254043404e-03 -1.168646035e-03 5.040955730e-03
    endloop
  endfacet
  facet normal 1.060225070e-01 9.926847219e-01 5.776056275e-02
    outer loop
      vertex -3.254043404e-03 -1.168646035e-03 5.040955730e-03
      vertex -2.500003437e-03 -1.207819791e-03 4.330124706e-03
      vertex -2.734747250e-03 -1.174352597e-03 4.185833968e-03
    endloop
  endfacet
  facet normal 3.296274245e-01 9.239621758e-01 1.940094531e-01
    outer loop
      vertex -3.254043404e-03 -1.168646035e-03 5.040955730e-03
      vertex -2.734747250e-03 -1.174352597e-03 4.185833968e-03
      vertex -3.484170418e-03 -1.053743996e-03 4.884731490e-03
    endloop
  endfacet
  facet normal 3.234124184e-01 9.276554585e-01 1.867077947e-01
    outer loop
      vertex -3.484170418e-03 -1.053743996e-03 4.884731490e-03
      vertex -2.734747250e-03 -1.174352597e-03 4.185833968e-03
      vertex -2.981389873e-03 -1.053758315e-03 4.013893660e-03
    endloop
  endfacet
  facet normal 5.272388458e-01 7.933259606e-01 3.043897748e-01
    outer loop
      vertex -3.484170418e-03 -1.053743996e-03 4.884731490e-03
      vertex -2.981389873e-03 -1.053758315e-03 4.013893660e-03
      vertex -3.676610533e-03 -8.709222893e-04 4.741575103e-03
    endloop
  endfacet
  facet normal 5.272498727e-01 7.933133245e-01 3.044034839e-01
    outer loop
      vertex -3.676610533e-03 -8.709222893e-04 4.741575103e-03
      vertex -2.981389873e-03 -1.053758315e-03 4.013893660e-03
      vertex -3.170978976e-03 -8.709515096e-04 3.865859006e-03
    endloop
  endfacet
  facet normal 6.870828867e-01 6.087277532e-01 3.966959715e-01
    outer loop
      vertex -3.676610533e-03 -8.709222893e-04 4.741575103e-03
      vertex -3.170978976e-03 -8.709515096e-04 3.865859006e-03
      vertex -3.820894053e-03 -6.328171003e-04 4.626105074e-03
    endloop
  endfacet
  facet normal 6.870760322e-01 6.087421775e-01 3.966856301e-01
    outer loop
      vertex -3.820894053e-03 -6.328171003e-04 4.626105074e-03
      vertex -3.170978976e-03 -8.709515096e-04 3.865859006e-03
      vertex -3.312406596e-03 -6.328165764e-04 3.745382652e-03
    endloop
  endfacet
  facet normal 7.999296784e-01 3.831640482e-01 4.618418217e-01
    outer loop
      vertex -3.820894053e-03 -6.328171003e-04 4.626105074e-03
      vertex -3.312406596e-03 -6.328165764e-04 3.745382652e-03
      vertex -3.909883555e-03 -3.566691012e-04 4.551134072e-03
    endloop
  endfacet
  facet normal 7.999323606e-01 3.831503689e-01 4.618485272e-01
    outer loop
      vertex -3.909883555e-03 -3.566691012e-04 4.551134072e-03
      vertex -3.312406596e-03 -6.328165764e-04 3.745382652e-03
      vertex -3.399298759e-03 -3.565642401e-04 3.666702658e-03
    endloop
  endfacet
  facet normal 8.585642576e-01 1.310786009e-01 4.956670105e-01
    outer loop
      vertex -3.909883555e-03 -3.566691012e-04 4.551134072e-03
      vertex -3.399298759e-03 -3.565642401e-04 3.666702658e-03
      vertex -3.940308932e-03 -5.782643348e-05 4.524806980e-03
    endloop
  endfacet
  facet normal 8.585620522e-01 1.310157478e-01 4.956874847e-01
    outer loop
      vertex -3.940308932e-03 -5.782643348e-05 4.524806980e-03
      vertex -3.399298759e-03 -3.565642401e-04 3.666702658e-03
      vertex -3.428908531e-03 -5.782586959e-05 3.639028640e-03
    endloop
  endfacet
  facet normal 8.586220741e-01 -1.304906309e-01 4.957219958e-01
    outer loop
      vertex -3.940308932e-03 -5.782643348e-05 4.524806980e-03
      vertex -3.428908531e-03 -5.782586959e-05 3.639028640e-03
      vertex -3.910147119e-03 2.398094657e-04 4.550911952e-03
    endloop
  endfacet
  facet normal 8.586006165e-01 -1.305729598e-01 4.957375228e-01
    outer loop
      vertex -3.910147119e-03 2.398094657e-04 4.550911952e-03
      vertex -3.428908531e-03 -5.782586959e-05 3.639028640e-03
      vertex -3.399503417e-03 2.399292425e-04 3.666526172e-03
    endloop
  endfacet
  facet normal 7.070804238e-01 7.071331739e-01 1.559488396e-06
    outer loop
      vertex 6.500012241e-03 6.242184434e-03 -1.664073579e-02
      vertex 6.300008856e-03 6.442172453e-03 -1.655789651e-02
      vertex 6.500010844e-03 6.242184900e-03 -1.621530764e-02
    endloop
  endfacet
  facet normal 7.070919275e-01 7.071216106e-01 -1.190454259e-05
    outer loop
      vertex 6.500010844e-03 6.242184900e-03 -1.621530764e-02
      vertex 6.300008856e-03 6.442172453e-03 -1.655789651e-02
      vertex 6.300014444e-03 6.442172918e-03 -1.621532254e-02
    endloop
  endfacet
  facet normal 7.345744967e-02 6.917291284e-01 7.184113264e-01
    outer loop
      vertex 4.865696188e-03 6.342183333e-03 -1.482178830e-02
      vertex 4.844848998e-03 6.242181640e-03 -1.472336985e-02
      vertex 5.453942344e-03 6.242183503e-03 -1.478565112e-02
    endloop
  endfacet
  facet normal 7.357927412e-02 6.922572851e-01 7.178899050e-01
    outer loop
      vertex 4.865696188e-03 6.342183333e-03 -1.482178830e-02
      vertex 5.453942344e-03 6.242183503e-03 -1.478565112e-02
      vertex 4.886115901e-03 6.442185026e-03 -1.492031291e-02
    endloop
  endfacet
  facet normal 7.830695063e-02 7.001546621e-01 7.096840739e-01
    outer loop
      vertex 4.886115901e-03 6.442185026e-03 -1.492031291e-02
      vertex 5.453942344e-03 6.242183503e-03 -1.478565112e-02
      vertex 5.393426865e-03 6.442171521e-03 -1.497627608e-02
    endloop
  endfacet
  facet normal 3.539976776e-01 6.991862059e-01 6.211475730e-01
    outer loop
      vertex 5.393426865e-03 6.442171521e-03 -1.497627608e-02
      vertex 5.453942344e-03 6.242183503e-03 -1.478565112e-02
      vertex 5.998712033e-03 6.242184434e-03 -1.509612147e-02
    endloop
  endfacet
  facet normal 3.539979756e-01 6.991893649e-01 6.211438179e-01
    outer loop
      vertex 5.393426865e-03 6.442171521e-03 -1.497627608e-02
      vertex 5.998712033e-03 6.242184434e-03 -1.509612147e-02
      vertex 5.865545012e-03 6.442172453e-03 -1.524534356e-02
    endloop
  endfacet
  facet normal 5.769816637e-01 6.991950274e-01 4.221593142e-01
    outer loop
      vertex 5.865545012e-03 6.442172453e-03 -1.524534356e-02
      vertex 5.998712033e-03 6.242184434e-03 -1.509612147e-02
      vertex 6.368956529e-03 6.242184900e-03 -1.560214907e-02
    endloop
  endfacet
  facet normal 5.769886971e-01 6.991771460e-01 4.221793115e-01
    outer loop
      vertex 5.865545012e-03 6.442172453e-03 -1.524534356e-02
      vertex 6.368956529e-03 6.242184900e-03 -1.560214907e-02
      vertex 6.186434068e-03 6.442172918e-03 -1.568390056e-02
    endloop
  endfacet
  facet normal 6.991538405e-01 6.991803646e-01 1.494347155e-01
    outer loop
      vertex 6.186434068e-03 6.442172918e-03 -1.568390056e-02
      vertex 6.368956529e-03 6.242184900e-03 -1.560214907e-02
      vertex 6.500010844e-03 6.242184900e-03 -1.621530764e-02
    endloop
  endfacet
  facet normal 6.991477013e-01 6.991878748e-01 1.494282633e-01
    outer loop
      vertex 6.186434068e-03 6.442172918e-03 -1.568390056e-02
      vertex 6.500010844e-03 6.242184900e-03 -1.621530764e-02
      vertex 6.300014444e-03 6.442172918e-03 -1.621532254e-02
    endloop
  endfacet
  facet normal -1.654259115e-01 7.090891600e-01 6.854391694e-01
    outer loop
      vertex 4.865696188e-03 6.342183333e-03 -1.482178830e-02
      vertex 4.886115901e-03 6.442185026e-03 -1.492031291e-02
      vertex 2.457077382e-03 6.442178041e-03 -1.550653670e-02
    endloop
  endfacet
  facet normal -1.659136564e-01 7.090767622e-01 6.853340864e-01
    outer loop
      vertex 4.844848998e-03 6.242181640e-03 -1.472336985e-02
      vertex 4.865696188e-03 6.342183333e-03 -1.482178830e-02
      vertex 2.425786573e-03 6.242174655e-03 -1.530899666e-02
    endloop
  endfacet
  facet normal -1.664017588e-01 7.059699297e-01 6.884162426e-01
    outer loop
      vertex 2.425786573e-03 6.242174655e-03 -1.530899666e-02
      vertex 4.865696188e-03 6.342183333e-03 -1.482178830e-02
      vertex 2.457077382e-03 6.442178041e-03 -1.550653670e-02
    endloop
  endfacet
  facet normal -5.185344443e-02 7.058605552e-01 7.064503431e-01
    outer loop
      vertex 2.425786573e-03 6.242174655e-03 -1.530899666e-02
      vertex 2.457077382e-03 6.442178041e-03 -1.550653670e-02
      vertex -1.643844880e-04 6.242182571e-03 -1.549912337e-02
    endloop
  endfacet
  facet normal -5.185514688e-02 7.058820724e-01 7.064287066e-01
    outer loop
      vertex -1.643844880e-04 6.242182571e-03 -1.549912337e-02
      vertex 2.457077382e-03 6.442178041e-03 -1.550653670e-02
      vertex -1.665048330e-04 6.442170590e-03 -1.569911279e-02
    endloop
  endfacet
  facet normal 6.682255119e-02 7.058820128e-01 7.051703930e-01
    outer loop
      vertex -1.643844880e-04 6.242182571e-03 -1.549912337e-02
      vertex -1.665048330e-04 6.442170590e-03 -1.569911279e-02
      vertex -2.749939449e-03 6.242175587e-03 -1.525410730e-02
    endloop
  endfacet
  facet normal 6.682977080e-02 7.058526874e-01 7.051991224e-01
    outer loop
      vertex -2.749939449e-03 6.242175587e-03 -1.525410730e-02
      vertex -1.665048330e-04 6.442170590e-03 -1.569911279e-02
      vertex -2.785424003e-03 6.442178506e-03 -1.545093302e-02
    endloop
  endfacet
  facet normal 1.836374849e-01 7.058530450e-01 6.841409206e-01
    outer loop
      vertex -2.749939449e-03 6.242175587e-03 -1.525410730e-02
      vertex -2.785424003e-03 6.442178506e-03 -1.545093302e-02
      vertex -5.258302670e-03 6.242184434e-03 -1.458081976e-02
    endloop
  endfacet
  facet normal 1.836267710e-01 7.058794498e-01 6.841165423e-01
    outer loop
      vertex -5.258302670e-03 6.242184434e-03 -1.458081976e-02
      vertex -2.785424003e-03 6.442178506e-03 -1.545093302e-02
      vertex -5.326149520e-03 6.442172453e-03 -1.476895902e-02
    endloop
  endfacet
  facet normal 2.952755094e-01 7.058789730e-01 6.438534260e-01
    outer loop
      vertex -5.258302670e-03 6.242184434e-03 -1.458081976e-02
      vertex -5.326149520e-03 6.442172453e-03 -1.476895902e-02
      vertex -7.619020063e-03 6.242178846e-03 -1.349817310e-02
    endloop
  endfacet
  facet normal 2.952896059e-01 7.058535218e-01 6.438748837e-01
    outer loop
      vertex -7.619020063e-03 6.242178846e-03 -1.349817310e-02
      vertex -5.326149520e-03 6.442172453e-03 -1.476895902e-02
      vertex -7.717322558e-03 6.442181766e-03 -1.367234532e-02
    endloop
  endfacet
  facet normal 3.986497223e-01 7.058512568e-01 5.855360031e-01
    outer loop
      vertex -7.619020063e-03 6.242178846e-03 -1.349817310e-02
      vertex -7.717322558e-03 6.442181766e-03 -1.367234532e-02
      vertex -9.765830822e-03 6.242174190e-03 -1.203655731e-02
    endloop
  endfacet
  facet normal 3.986495435e-01 7.058514953e-01 5.855358243e-01
    outer loop
      vertex -9.765830822e-03 6.242174190e-03 -1.203655731e-02
      vertex -7.717322558e-03 6.442181766e-03 -1.367234532e-02
      vertex -9.891840629e-03 6.442177109e-03 -1.219186559e-02
    endloop
  endfacet
  facet normal 4.908196628e-01 7.058514953e-01 5.107541084e-01
    outer loop
      vertex -9.765830822e-03 6.242174190e-03 -1.203655731e-02
      vertex -9.891840629e-03 6.442177109e-03 -1.219186559e-02
      vertex -1.163846534e-02 6.242170930e-03 -1.023700554e-02
    endloop
  endfacet
  facet normal 4.908206463e-01 7.058502436e-01 5.107548833e-01
    outer loop
      vertex -1.163846534e-02 6.242170930e-03 -1.023700554e-02
      vertex -9.891840629e-03 6.442177109e-03 -1.219186559e-02
      vertex -1.178864017e-02 6.442173850e-03 -1.036909129e-02
    endloop
  endfacet
  facet normal 1.507041156e-01 6.990422606e-01 6.990194321e-01
    outer loop
      vertex -1.314019784e-02 6.442170590e-03 -9.757904336e-03
      vertex -1.314019039e-02 6.242182571e-03 -9.557911195e-03
      vertex -1.231612824e-02 6.242184434e-03 -9.735575877e-03
    endloop
  endfacet
  facet normal 1.507067531e-01 6.990519762e-01 6.990091205e-01
    outer loop
      vertex -1.314019784e-02 6.442170590e-03 -9.757904336e-03
      vertex -1.231612824e-02 6.242184434e-03 -9.735575877e-03
      vertex -1.239852700e-02 6.442172453e-03 -9.917810559e-03
    endloop
  endfacet
  facet normal 4.253465235e-01 6.990443468e-01 5.748193860e-01
    outer loop
      vertex -1.239852700e-02 6.442172453e-03 -9.917810559e-03
      vertex -1.231612824e-02 6.242184434e-03 -9.735575877e-03
      vertex -1.163846534e-02 6.242170930e-03 -1.023700554e-02
    endloop
  endfacet
  facet normal 4.253512919e-01 6.990191340e-01 5.748465657e-01
    outer loop
      vertex -1.239852700e-02 6.442172453e-03 -9.917810559e-03
      vertex -1.163846534e-02 6.242170930e-03 -1.023700554e-02
      vertex -1.178864017e-02 6.442173850e-03 -1.036909129e-02
    endloop
  endfacet
  facet normal -2.171168944e-06 7.071156502e-01 7.070979476e-01
    outer loop
      vertex -1.314019039e-02 6.242182571e-03 -9.557911195e-03
      vertex -1.314019784e-02 6.442170590e-03 -9.757904336e-03
      vertex -1.649998873e-02 6.242173258e-03 -9.557912126e-03
    endloop
  endfacet
  facet normal 9.649271533e-07 7.070893049e-01 7.071242929e-01
    outer loop
      vertex -1.649998873e-02 6.242173258e-03 -9.557912126e-03
      vertex -1.314019784e-02 6.442170590e-03 -9.757904336e-03
      vertex -1.649999619e-02 6.442176644e-03 -9.757905267e-03
    endloop
  endfacet
  facet normal -7.001887560e-01 7.002407312e-01 1.392789036e-01
    outer loop
      vertex -1.729999110e-02 6.442173384e-03 -1.055790484e-02
      vertex -1.749999635e-02 6.242184434e-03 -1.055790763e-02
      vertex -1.742387377e-02 6.242184900e-03 -1.017522812e-02
    endloop
  endfacet
  facet normal -7.001941800e-01 7.002361417e-01 1.392747313e-01
    outer loop
      vertex -1.729999110e-02 6.442173384e-03 -1.055790484e-02
      vertex -1.742387377e-02 6.242184900e-03 -1.017522812e-02
      vertex -1.723909564e-02 6.442173850e-03 -1.025175955e-02
    endloop
  endfacet
  facet normal -6.348142028e-01 7.063648105e-01 3.131448030e-01
    outer loop
      vertex -1.723909564e-02 6.442173850e-03 -1.025175955e-02
      vertex -1.742387377e-02 6.242184900e-03 -1.017522812e-02
      vertex -1.736602187e-02 6.242170464e-03 -1.005791686e-02
    endloop
  endfacet
  facet normal -5.688252449e-01 7.293649316e-01 3.800851107e-01
    outer loop
      vertex -1.723909564e-02 6.442173850e-03 -1.025175955e-02
      vertex -1.736602187e-02 6.242170464e-03 -1.005791686e-02
      vertex -1.706567965e-02 6.442174781e-03 -9.992231615e-03
    endloop
  endfacet
  facet normal -5.633944869e-01 7.040604949e-01 4.323025346e-01
    outer loop
      vertex -1.736602187e-02 6.242170464e-03 -1.005791686e-02
      vertex -1.720710285e-02 6.242170930e-03 -9.850808419e-03
      vertex -1.706567965e-02 6.442174781e-03 -9.992231615e-03
    endloop
  endfacet
  facet normal -4.322968423e-01 7.040601373e-01 5.633993149e-01
    outer loop
      vertex -1.706567965e-02 6.442174781e-03 -9.992231615e-03
      vertex -1.720710285e-02 6.242170930e-03 -9.850808419e-03
      vertex -1.699999161e-02 6.242171861e-03 -9.691892192e-03
    endloop
  endfacet
  facet normal -3.800896406e-01 7.293600440e-01 5.688284636e-01
    outer loop
      vertex -1.706567965e-02 6.442174781e-03 -9.992231615e-03
      vertex -1.699999161e-02 6.242171861e-03 -9.691892192e-03
      vertex -1.680613309e-02 6.442175712e-03 -9.818804450e-03
    endloop
  endfacet
  facet normal -3.131403625e-01 7.063508034e-01 6.348319650e-01
    outer loop
      vertex -1.699999161e-02 6.242171861e-03 -9.691892192e-03
      vertex -1.688267849e-02 6.242172327e-03 -9.634025395e-03
      vertex -1.680613309e-02 6.442175712e-03 -9.818804450e-03
    endloop
  endfacet
  facet normal -1.392697841e-01 7.002149224e-01 7.002163529e-01
    outer loop
      vertex -1.680613309e-02 6.442175712e-03 -9.818804450e-03
      vertex -1.688267849e-02 6.242172327e-03 -9.634025395e-03
      vertex -1.649998873e-02 6.242173258e-03 -9.557912126e-03
    endloop
  endfacet
  facet normal -1.392979324e-01 7.001931071e-01 7.002326250e-01
    outer loop
      vertex -1.680613309e-02 6.442175712e-03 -9.818804450e-03
      vertex -1.649998873e-02 6.242173258e-03 -9.557912126e-03
      vertex -1.649999619e-02 6.442176644e-03 -9.757905267e-03
    endloop
  endfacet
  facet normal -7.071071863e-01 7.071063519e-01 3.444918377e-07
    outer loop
      vertex -1.729998738e-02 6.442181766e-03 -1.755791716e-02
      vertex -1.736699603e-02 6.375172175e-03 -1.662700251e-02
      vertex -1.729999110e-02 6.442173384e-03 -1.055790484e-02
    endloop
  endfacet
  facet normal -7.071164250e-01 7.070971727e-01 5.480067102e-07
    outer loop
      vertex -1.729999110e-02 6.442173384e-03 -1.055790484e-02
      vertex -1.736699603e-02 6.375172175e-03 -1.662700251e-02
      vertex -1.749998517e-02 6.242179312e-03 -1.595791616e-02
    endloop
  endfacet
  facet normal -7.070796490e-01 7.071338892e-01 -2.173245775e-06
    outer loop
      vertex -1.729999110e-02 6.442173384e-03 -1.055790484e-02
      vertex -1.749998517e-02 6.242179312e-03 -1.595791616e-02
      vertex -1.749999635e-02 6.242184434e-03 -1.055790763e-02
    endloop
  endfacet
  facet normal -7.070950270e-01 7.071185708e-01 3.893112819e-07
    outer loop
      vertex -1.749999076e-02 6.242173258e-03 -2.275791205e-02
      vertex -1.749998517e-02 6.242176518e-03 -1.915791444e-02
      vertex -1.729997993e-02 6.442177109e-03 -2.255791612e-02
    endloop
  endfacet
  facet normal -7.071171999e-01 7.070963383e-01 -2.222007879e-06
    outer loop
      vertex -1.729997993e-02 6.442177109e-03 -2.255791612e-02
      vertex -1.749998517e-02 6.242176518e-03 -1.915791444e-02
      vertex -1.736699790e-02 6.375170313e-03 -1.848884299e-02
    endloop
  endfacet
  facet normal -7.070971131e-01 7.071164250e-01 -1.560534429e-06
    outer loop
      vertex -1.729997993e-02 6.442177109e-03 -2.255791612e-02
      vertex -1.736699790e-02 6.375170313e-03 -1.848884299e-02
      vertex -1.729998738e-02 6.442181766e-03 -1.755791716e-02
    endloop
  endfacet
  facet normal 7.071255445e-01 -4.999503791e-01 5.000230670e-01
    outer loop
      vertex 6.500001997e-03 -6.357820239e-03 -1.664073952e-02
      vertex 6.300011650e-03 -6.557824090e-03 -1.655789092e-02
      vertex 6.500016898e-03 -6.557823624e-03 -1.684073545e-02
    endloop
  endfacet
  facet normal 7.071286440e-01 -7.070848942e-01 -1.058339694e-05
    outer loop
      vertex 6.300011650e-03 -6.557824090e-03 -1.655789092e-02
      vertex 6.500001997e-03 -6.357820239e-03 -1.664073952e-02
      vertex 6.300017238e-03 -6.557823624e-03 -1.621531695e-02
    endloop
  endfacet
  facet normal 7.071268559e-01 -7.070867419e-01 -1.227484609e-05
    outer loop
      vertex 6.300017238e-03 -6.557823624e-03 -1.621531695e-02
      vertex 6.500001997e-03 -6.357820239e-03 -1.664073952e-02
      vertex 6.500009447e-03 -6.357819773e-03 -1.621532254e-02
    endloop
  endfacet
  facet normal 7.921383530e-02 -6.914554238e-01 7.180630565e-01
    outer loop
      vertex 4.865698516e-03 -6.457839627e-03 -1.482178364e-02
      vertex 4.886127543e-03 -6.557826418e-03 -1.492031850e-02
      vertex 5.393417552e-03 -6.557825021e-03 -1.497627981e-02
    endloop
  endfacet
  facet normal 7.346644998e-02 -6.916736364e-01 7.184638381e-01
    outer loop
      vertex 5.453944206e-03 -6.357821170e-03 -1.478564553e-02
      vertex 4.844850861e-03 -6.357823033e-03 -1.472336426e-02
      vertex 4.865698516e-03 -6.457839627e-03 -1.482178364e-02
    endloop
  endfacet
  facet normal 7.535593212e-02 -6.998412013e-01 7.103124857e-01
    outer loop
      vertex 4.865698516e-03 -6.457839627e-03 -1.482178364e-02
      vertex 5.393417552e-03 -6.557825021e-03 -1.497627981e-02
      vertex 5.453944206e-03 -6.357821170e-03 -1.478564553e-02
    endloop
  endfacet
  facet normal 3.539874852e-01 -6.991833448e-01 6.211566329e-01
    outer loop
      vertex 5.453944206e-03 -6.357821170e-03 -1.478564553e-02
      vertex 5.393417552e-03 -6.557825021e-03 -1.497627981e-02
      vertex 5.865547806e-03 -6.557824090e-03 -1.524533797e-02
    endloop
  endfacet
  facet normal 3.540129364e-01 -6.991594434e-01 6.211689711e-01
    outer loop
      vertex 5.453944206e-03 -6.357821170e-03 -1.478564553e-02
      vertex 5.865547806e-03 -6.557824090e-03 -1.524533797e-02
      vertex 5.998713896e-03 -6.357820239e-03 -1.509611588e-02
    endloop
  endfacet
  facet normal 5.769983530e-01 -6.991657615e-01 4.221849144e-01
    outer loop
      vertex 5.998713896e-03 -6.357820239e-03 -1.509611588e-02
      vertex 5.865547806e-03 -6.557824090e-03 -1.524533797e-02
      vertex 6.186436862e-03 -6.557823624e-03 -1.568389498e-02
    endloop
  endfacet
  facet normal 5.770195723e-01 -6.991478801e-01 4.221855998e-01
    outer loop
      vertex 5.998713896e-03 -6.357820239e-03 -1.509611588e-02
      vertex 6.186436862e-03 -6.557823624e-03 -1.568389498e-02
      vertex 6.368957926e-03 -6.357819773e-03 -1.560214441e-02
    endloop
  endfacet
  facet normal 6.991846561e-01 -6.991491318e-01 1.494366527e-01
    outer loop
      vertex 6.368957926e-03 -6.357819773e-03 -1.560214441e-02
      vertex 6.186436862e-03 -6.557823624e-03 -1.568389498e-02
      vertex 6.300017238e-03 -6.557823624e-03 -1.621531695e-02
    endloop
  endfacet
  facet normal 6.991894245e-01 -6.991447806e-01 1.494347006e-01
    outer loop
      vertex 6.368957926e-03 -6.357819773e-03 -1.560214441e-02
      vertex 6.300017238e-03 -6.557823624e-03 -1.621531695e-02
      vertex 6.500009447e-03 -6.357819773e-03 -1.621532254e-02
    endloop
  endfacet
  facet normal -1.659280509e-01 -7.090237737e-01 6.853854656e-01
    outer loop
      vertex 4.865698516e-03 -6.457839627e-03 -1.482178364e-02
      vertex 4.844850861e-03 -6.357823033e-03 -1.472336426e-02
      vertex 2.425776329e-03 -6.357815117e-03 -1.530900039e-02
    endloop
  endfacet
  facet normal 4.908216596e-01 -7.058504820e-01 5.107535124e-01
    outer loop
      vertex -1.163846347e-02 -6.357818842e-03 -1.023700088e-02
      vertex -1.178862806e-02 -6.557822693e-03 -1.036909781e-02
      vertex -9.765829891e-03 -6.357815582e-03 -1.203655172e-02
    endloop
  endfacet
  facet normal 4.908231795e-01 -7.058478594e-01 5.107557178e-01
    outer loop
      vertex -9.765829891e-03 -6.357815582e-03 -1.203655172e-02
      vertex -1.178862806e-02 -6.557822693e-03 -1.036909781e-02
      vertex -9.891837835e-03 -6.557819434e-03 -1.219186001e-02
    endloop
  endfacet
  facet normal 3.986501694e-01 -7.058480382e-01 5.855395794e-01
    outer loop
      vertex -9.765829891e-03 -6.357815582e-03 -1.203655172e-02
      vertex -9.891837835e-03 -6.557819434e-03 -1.219186001e-02
      vertex -7.619018666e-03 -6.357825827e-03 -1.349816751e-02
    endloop
  endfacet
  facet normal 3.986501396e-01 -7.058481574e-01 5.855394602e-01
    outer loop
      vertex -7.619018666e-03 -6.357825827e-03 -1.349816751e-02
      vertex -9.891837835e-03 -6.557819434e-03 -1.219186001e-02
      vertex -7.717319764e-03 -6.557829678e-03 -1.367233973e-02
    endloop
  endfacet
  facet normal 2.952916622e-01 -7.058506608e-01 6.438770890e-01
    outer loop
      vertex -7.619018666e-03 -6.357825827e-03 -1.349816751e-02
      vertex -7.717319764e-03 -6.557829678e-03 -1.367233973e-02
      vertex -5.258292425e-03 -6.357820239e-03 -1.458082628e-02
    endloop
  endfacet
  facet normal 2.952919304e-01 -7.058497071e-01 6.438780427e-01
    outer loop
      vertex -5.258292425e-03 -6.357820239e-03 -1.458082628e-02
      vertex -7.717319764e-03 -6.557829678e-03 -1.367233973e-02
      vertex -5.326137412e-03 -6.557824090e-03 -1.476896461e-02
    endloop
  endfacet
  facet normal 1.836342812e-01 -7.058506012e-01 6.841442585e-01
    outer loop
      vertex -5.258292425e-03 -6.357820239e-03 -1.458082628e-02
      vertex -5.326137412e-03 -6.557824090e-03 -1.476896461e-02
      vertex -2.749949694e-03 -6.357829086e-03 -1.525411103e-02
    endloop
  endfacet
  facet normal 1.836313158e-01 -7.058773041e-01 6.841175556e-01
    outer loop
      vertex -2.749949694e-03 -6.357829086e-03 -1.525411103e-02
      vertex -5.326137412e-03 -6.557824090e-03 -1.476896461e-02
      vertex -2.785433084e-03 -6.557818037e-03 -1.545093581e-02
    endloop
  endfacet
  facet normal 6.682668626e-02 -7.058771849e-01 7.051748633e-01
    outer loop
      vertex -2.749949694e-03 -6.357829086e-03 -1.525411103e-02
      vertex -2.785433084e-03 -6.557818037e-03 -1.545093581e-02
      vertex -1.643947035e-04 -6.357822102e-03 -1.549912710e-02
    endloop
  endfacet
  facet normal 6.682535261e-02 -7.058541179e-01 7.051981091e-01
    outer loop
      vertex -1.643947035e-04 -6.357822102e-03 -1.549912710e-02
      vertex -2.785433084e-03 -6.557818037e-03 -1.545093581e-02
      vertex -1.665139716e-04 -6.557825953e-03 -1.569911651e-02
    endloop
  endfacet
  facet normal -5.185400322e-02 -7.058546543e-01 7.064562440e-01
    outer loop
      vertex -1.643947035e-04 -6.357822102e-03 -1.549912710e-02
      vertex -1.665139716e-04 -6.557825953e-03 -1.569911651e-02
      vertex 2.425776329e-03 -6.357815117e-03 -1.530900039e-02
    endloop
  endfacet
  facet normal -5.185120553e-02 -7.058670521e-01 7.064440250e-01
    outer loop
      vertex 2.425776329e-03 -6.357815117e-03 -1.530900039e-02
      vertex -1.665139716e-04 -6.557825953e-03 -1.569911651e-02
      vertex 2.457089256e-03 -6.557818502e-03 -1.550654229e-02
    endloop
  endfacet
  facet normal -1.664058268e-01 -7.059823871e-01 6.884024739e-01
    outer loop
      vertex 2.425776329e-03 -6.357815117e-03 -1.530900039e-02
      vertex 2.457089256e-03 -6.557818502e-03 -1.550654229e-02
      vertex 4.865698516e-03 -6.457839627e-03 -1.482178364e-02
    endloop
  endfacet
  facet normal -1.654025316e-01 -7.091888785e-01 6.853415966e-01
    outer loop
      vertex 4.865698516e-03 -6.457839627e-03 -1.482178364e-02
      vertex 2.457089256e-03 -6.557818502e-03 -1.550654229e-02
      vertex 4.886127543e-03 -6.557826418e-03 -1.492031850e-02
    endloop
  endfacet
  facet normal 4.253507853e-01 -6.990231276e-01 5.748420358e-01
    outer loop
      vertex -1.178862806e-02 -6.557822693e-03 -1.036909781e-02
      vertex -1.163846347e-02 -6.357818842e-03 -1.023700088e-02
      vertex -1.231612638e-02 -6.357820239e-03 -9.735570289e-03
    endloop
  endfacet
  facet normal 4.253584445e-01 -6.990152597e-01 5.748459697e-01
    outer loop
      vertex -1.178862806e-02 -6.557822693e-03 -1.036909781e-02
      vertex -1.231612638e-02 -6.357820239e-03 -9.735570289e-03
      vertex -1.239852514e-02 -6.557824090e-03 -9.917804971e-03
    endloop
  endfacet
  facet normal 1.507022679e-01 -6.990216970e-01 6.990404129e-01
    outer loop
      vertex -1.239852514e-02 -6.557824090e-03 -9.917804971e-03
      vertex -1.231612638e-02 -6.357820239e-03 -9.735570289e-03
      vertex -1.314020064e-02 -6.357822102e-03 -9.557914920e-03
    endloop
  endfacet
  facet normal 1.507074088e-01 -6.990141869e-01 6.990468502e-01
    outer loop
      vertex -1.239852514e-02 -6.557824090e-03 -9.917804971e-03
      vertex -1.314020064e-02 -6.357822102e-03 -9.557914920e-03
      vertex -1.314020716e-02 -6.557825953e-03 -9.757907130e-03
    endloop
  endfacet
  facet normal -2.023979278e-06 -7.070879936e-01 7.071256042e-01
    outer loop
      vertex -1.314020716e-02 -6.557825953e-03 -9.757907130e-03
      vertex -1.314020064e-02 -6.357822102e-03 -9.557914920e-03
      vertex -1.649998501e-02 -6.557819899e-03 -9.757911786e-03
    endloop
  endfacet
  facet normal 4.564539893e-07 -7.071087956e-01 7.071047425e-01
    outer loop
      vertex -1.649998501e-02 -6.557819899e-03 -9.757911786e-03
      vertex -1.314020064e-02 -6.357822102e-03 -9.557914920e-03
      vertex -1.649998873e-02 -6.357816514e-03 -9.557906538e-03
    endloop
  endfacet
  facet normal -1.861603409e-01 -6.947495937e-01 6.947426796e-01
    outer loop
      vertex -1.649998501e-02 -6.557819899e-03 -9.757911786e-03
      vertex -1.649998873e-02 -6.357816514e-03 -9.557906538e-03
      vertex -1.699998975e-02 -6.357817911e-03 -9.691886604e-03
    endloop
  endfacet
  facet normal -1.861585081e-01 -6.947461963e-01 6.947464943e-01
    outer loop
      vertex -1.649998501e-02 -6.557819899e-03 -9.757911786e-03
      vertex -1.699998975e-02 -6.357817911e-03 -9.691886604e-03
      vertex -1.689998992e-02 -6.557821296e-03 -9.865094908e-03
    endloop
  endfacet
  facet normal -4.322929978e-01 -7.040614486e-01 5.634006262e-01
    outer loop
      vertex -1.689998992e-02 -6.557821296e-03 -9.865094908e-03
      vertex -1.699998975e-02 -6.357817911e-03 -9.691886604e-03
      vertex -1.720710099e-02 -6.357818842e-03 -9.850802831e-03
    endloop
  endfacet
  facet normal -4.671380222e-01 -7.506907582e-01 4.671674669e-01
    outer loop
      vertex -1.689998992e-02 -6.557821296e-03 -9.865094908e-03
      vertex -1.720710099e-02 -6.357818842e-03 -9.850802831e-03
      vertex -1.719281822e-02 -6.557822227e-03 -1.015790645e-02
    endloop
  endfacet
  facet normal -5.634028316e-01 -7.040472627e-01 4.323132038e-01
    outer loop
      vertex -1.720710099e-02 -6.357818842e-03 -9.850802831e-03
      vertex -1.736602187e-02 -6.357819308e-03 -1.005791221e-02
      vertex -1.719281822e-02 -6.557822227e-03 -1.015790645e-02
    endloop
  endfacet
  facet normal -6.947638988e-01 -6.947318316e-01 1.861472875e-01
    outer loop
      vertex -1.719281822e-02 -6.557822227e-03 -1.015790645e-02
      vertex -1.736602187e-02 -6.357819308e-03 -1.005791221e-02
      vertex -1.749998517e-02 -6.357820239e-03 -1.055791415e-02
    endloop
  endfacet
  facet normal -6.947791576e-01 -6.947105527e-01 1.861696541e-01
    outer loop
      vertex -1.719281822e-02 -6.557822227e-03 -1.015790645e-02
      vertex -1.749998517e-02 -6.357820239e-03 -1.055791415e-02
      vertex -1.730000041e-02 -6.557823159e-03 -1.055790856e-02
    endloop
  endfacet
  facet normal -7.071391344e-01 -7.070744634e-01 1.885695383e-06
    outer loop
      vertex -1.749998517e-02 -6.357820239e-03 -1.055791415e-02
      vertex -1.749999449e-02 -6.357825361e-03 -1.595791988e-02
      vertex -1.730000041e-02 -6.557823159e-03 -1.055790856e-02
    endloop
  endfacet
  facet normal -7.070903182e-01 -7.071232796e-01 -1.731361976e-06
    outer loop
      vertex -1.730000041e-02 -6.557823159e-03 -1.055790856e-02
      vertex -1.749999449e-02 -6.357825361e-03 -1.595791988e-02
      vertex -1.736699417e-02 -6.490818225e-03 -1.662699692e-02
    endloop
  endfacet
  facet normal -7.071220875e-01 -7.070915103e-01 -1.029672831e-06
    outer loop
      vertex -1.730000041e-02 -6.557823159e-03 -1.055790856e-02
      vertex -1.736699417e-02 -6.490818225e-03 -1.662699692e-02
      vertex -1.729998365e-02 -6.557829678e-03 -1.755791157e-02
    endloop
  endfacet
  facet normal -7.070786357e-01 -7.071349025e-01 -2.346226665e-06
    outer loop
      vertex -1.729998365e-02 -6.557829678e-03 -1.755791157e-02
      vertex -1.736699603e-02 -6.490820087e-03 -1.848883741e-02
      vertex -1.729997806e-02 -6.557819434e-03 -2.255791053e-02
    endloop
  endfacet
  facet normal -7.071073651e-01 -7.071062326e-01 -3.291661415e-06
    outer loop
      vertex -1.729997806e-02 -6.557819434e-03 -2.255791053e-02
      vertex -1.736699603e-02 -6.490820087e-03 -1.848883741e-02
      vertex -1.749998331e-02 -6.357828155e-03 -1.915790886e-02
    endloop
  endfacet
  facet normal -7.070897222e-01 -7.071238756e-01 -1.215918701e-06
    outer loop
      vertex -1.729997806e-02 -6.557819434e-03 -2.255791053e-02
      vertex -1.749998331e-02 -6.357828155e-03 -1.915790886e-02
      vertex -1.749998890e-02 -6.357816514e-03 -2.275790647e-02
    endloop
  endfacet
  facet normal -6.339285970e-01 -7.027142048e-01 3.229973614e-01
    outer loop
      vertex 4.449605476e-03 -6.057823077e-03 -3.232812509e-03
      vertex 5.230804905e-03 -6.057819352e-03 -1.699588611e-03
      vertex 4.755283240e-03 -5.557827186e-03 -1.545082778e-03
    endloop
  endfacet
  facet normal -7.287464142e-01 -6.093201041e-01 3.125022352e-01
    outer loop
      vertex 4.755283240e-03 -5.557827186e-03 -1.545082778e-03
      vertex 4.397369456e-03 -5.557828583e-03 -2.379731508e-03
      vertex 4.449605476e-03 -6.057823077e-03 -3.232812509e-03
    endloop
  endfacet
  facet normal -5.989390016e-01 -7.063344717e-01 3.773111403e-01
    outer loop
      vertex 4.449605476e-03 -6.057823077e-03 -3.232812509e-03
      vertex 4.397369456e-03 -5.557828583e-03 -2.379731508e-03
      vertex 4.045088775e-03 -5.557815544e-03 -2.938912483e-03
    endloop
  endfacet
  facet normal -5.030853152e-01 -7.027160525e-01 5.030857325e-01
    outer loop
      vertex 4.449605476e-03 -6.057823077e-03 -3.232812509e-03
      vertex 4.045088775e-03 -5.557815544e-03 -2.938912483e-03
      vertex 3.232829040e-03 -6.057827268e-03 -4.449594300e-03
    endloop
  endfacet
  facet normal -5.843108296e-01 -6.227878928e-01 5.203038454e-01
    outer loop
      vertex 4.045088775e-03 -5.557815544e-03 -2.938912483e-03
      vertex 3.386414610e-03 -5.557817873e-03 -3.678618465e-03
      vertex 3.232829040e-03 -6.057827268e-03 -4.449594300e-03
    endloop
  endfacet
  facet normal -4.483813941e-01 -7.065178156e-01 5.475277901e-01
    outer loop
      vertex 3.232829040e-03 -6.057827268e-03 -4.449594300e-03
      vertex 3.386414610e-03 -5.557817873e-03 -3.678618465e-03
      vertex 2.938930644e-03 -5.557819270e-03 -4.045073874e-03
    endloop
  endfacet
  facet normal -3.230026960e-01 -7.027173638e-01 6.339223385e-01
    outer loop
      vertex 3.232829040e-03 -6.057827268e-03 -4.449594300e-03
      vertex 2.938930644e-03 -5.557819270e-03 -4.045073874e-03
      vertex 1.699604793e-03 -6.057817489e-03 -5.230807234e-03
    endloop
  endfacet
  facet normal -3.841137588e-01 -6.357349157e-01 6.695504189e-01
    outer loop
      vertex 2.938930644e-03 -5.557819270e-03 -4.045073874e-03
      vertex 2.008475130e-03 -5.557822529e-03 -4.578868859e-03
      vertex 1.699604793e-03 -6.057817489e-03 -5.230807234e-03
    endloop
  endfacet
  facet normal -2.517373562e-01 -7.066748142e-01 6.612405181e-01
    outer loop
      vertex 1.699604793e-03 -6.057817489e-03 -5.230807234e-03
      vertex 2.008475130e-03 -5.557822529e-03 -4.578868859e-03
      vertex 1.545090461e-03 -5.557823926e-03 -4.755283240e-03
    endloop
  endfacet
  facet normal -1.112991646e-01 -7.027158737e-01 7.027111053e-01
    outer loop
      vertex 1.699604793e-03 -6.057817489e-03 -5.230807234e-03
      vertex 1.545090461e-03 -5.557823926e-03 -4.755283240e-03
      vertex 6.909630201e-09 -6.057822146e-03 -5.500003695e-03
    endloop
  endfacet
  facet normal -1.501135826e-01 -6.481275558e-01 7.465899587e-01
    outer loop
      vertex 1.545090461e-03 -5.557823926e-03 -4.755283240e-03
      vertex 4.128977598e-04 -5.557827186e-03 -4.982931074e-03
      vertex 6.909630201e-09 -6.057822146e-03 -5.500003695e-03
    endloop
  endfacet
  facet normal -2.921598777e-02 -7.068122029e-01 7.067977190e-01
    outer loop
      vertex 6.909630201e-09 -6.057822146e-03 -5.500003695e-03
      vertex 4.128977598e-04 -5.557827186e-03 -4.982931074e-03
      vertex 1.407597505e-08 -5.557828117e-03 -4.999998957e-03
    endloop
  endfacet
  facet normal 1.112985983e-01 -7.027217150e-01 7.027053237e-01
    outer loop
      vertex 6.909630201e-09 -6.057822146e-03 -5.500003695e-03
      vertex 1.407597505e-08 -5.557828117e-03 -4.999998957e-03
      vertex -1.699581975e-03 -6.057826802e-03 -5.230817012e-03
    endloop
  endfacet
  facet normal 9.291940182e-02 -6.600009799e-01 7.454962730e-01
    outer loop
      vertex 1.407597505e-08 -5.557828117e-03 -4.999998957e-03
      vertex -1.227418077e-03 -5.557816476e-03 -4.847000353e-03
      vertex -1.699581975e-03 -6.057826802e-03 -5.230817012e-03
    endloop
  endfacet
  facet normal 1.961969733e-01 -7.069064379e-01 6.795513630e-01
    outer loop
      vertex -1.699581975e-03 -6.057826802e-03 -5.230817012e-03
      vertex -1.227418077e-03 -5.557816476e-03 -4.847000353e-03
      vertex -1.545086154e-03 -5.557817407e-03 -4.755285569e-03
    endloop
  endfacet
  facet normal 3.229981065e-01 -7.027055621e-01 6.339377761e-01
    outer loop
      vertex -1.699581975e-03 -6.057826802e-03 -5.230817012e-03
      vertex -1.545086154e-03 -5.557817407e-03 -4.755285569e-03
      vertex -3.232815070e-03 -6.057815161e-03 -4.449605476e-03
    endloop
  endfacet
  facet normal 3.199758232e-01 -6.713970900e-01 6.684619784e-01
    outer loop
      vertex -1.545086154e-03 -5.557817407e-03 -4.755285569e-03
      vertex -2.734734677e-03 -5.557820201e-03 -4.185833503e-03
      vertex -3.232815070e-03 -6.057815161e-03 -4.449605476e-03
    endloop
  endfacet
  facet normal 4.013661444e-01 -7.070081234e-01 5.822755098e-01
    outer loop
      vertex -3.232815070e-03 -6.057815161e-03 -4.449605476e-03
      vertex -2.734734677e-03 -5.557820201e-03 -4.185833503e-03
      vertex -2.938915743e-03 -5.557820667e-03 -4.045090638e-03
    endloop
  endfacet
  facet normal 5.030842423e-01 -7.027234435e-01 5.030764937e-01
    outer loop
      vertex -3.232815070e-03 -6.057815161e-03 -4.449605476e-03
      vertex -2.938915743e-03 -5.557820667e-03 -4.045090638e-03
      vertex -4.449584987e-03 -6.057817489e-03 -3.232820192e-03
    endloop
  endfacet
  facet normal 5.083397627e-01 -6.822839975e-01 5.254324079e-01
    outer loop
      vertex -2.938915743e-03 -5.557820667e-03 -4.045090638e-03
      vertex -3.945699893e-03 -5.557822529e-03 -3.071060404e-03
      vertex -4.449584987e-03 -6.057817489e-03 -3.232820192e-03
    endloop
  endfacet
  facet normal 5.651447177e-01 -7.070592046e-01 4.250632524e-01
    outer loop
      vertex -4.449584987e-03 -6.057817489e-03 -3.232820192e-03
      vertex -3.945699893e-03 -5.557822529e-03 -3.071060404e-03
      vertex -4.045077134e-03 -5.557822529e-03 -2.938932739e-03
    endloop
  endfacet
  facet normal 6.339235902e-01 -7.027150989e-01 3.230051994e-01
    outer loop
      vertex -4.449584987e-03 -6.057817489e-03 -3.232820192e-03
      vertex -4.045077134e-03 -5.557822529e-03 -2.938932739e-03
      vertex -5.230810028e-03 -6.057817955e-03 -1.699605142e-03
    endloop
  endfacet
  facet normal 6.398657560e-01 -6.927256584e-01 3.327206075e-01
    outer loop
      vertex -4.045077134e-03 -5.557822529e-03 -2.938932739e-03
      vertex -4.729081411e-03 -5.557822995e-03 -1.623503282e-03
      vertex -5.230810028e-03 -6.057817955e-03 -1.699605142e-03
    endloop
  endfacet
  facet normal 6.706562638e-01 -7.070954442e-01 2.241343707e-01
    outer loop
      vertex -5.230810028e-03 -6.057817955e-03 -1.699605142e-03
      vertex -4.729081411e-03 -5.557822995e-03 -1.623503282e-03
      vertex -4.755286500e-03 -5.557822995e-03 -1.545092557e-03
    endloop
  endfacet
  facet normal 7.027123570e-01 -7.027142048e-01 1.113017276e-01
    outer loop
      vertex -5.230810028e-03 -6.057817955e-03 -1.699605142e-03
      vertex -4.755286500e-03 -5.557822995e-03 -1.545092557e-03
      vertex -5.500006024e-03 -6.057817489e-03 -7.162572757e-09
    endloop
  endfacet
  facet normal 7.026996613e-01 -7.027285695e-01 1.112909466e-01
    outer loop
      vertex -5.500006024e-03 -6.057817489e-03 -7.162572757e-09
      vertex -4.755286500e-03 -5.557822995e-03 -1.545092557e-03
      vertex -4.999990575e-03 -5.557822529e-03 -7.037297411e-09
    endloop
  endfacet
  facet normal 7.026990652e-01 -7.027279139e-01 -1.112991199e-01
    outer loop
      vertex -5.500006024e-03 -6.057817489e-03 -7.162572757e-09
      vertex -4.999990575e-03 -5.557822529e-03 -7.037297411e-09
      vertex -5.230807699e-03 -6.057815161e-03 1.699590823e-03
    endloop
  endfacet
  facet normal 7.027184367e-01 -7.027098536e-01 -1.112911776e-01
    outer loop
      vertex -4.999990575e-03 -5.557822529e-03 -7.037297411e-09
      vertex -4.755288828e-03 -5.557820201e-03 1.545084058e-03
      vertex -5.230807699e-03 -6.057815161e-03 1.699590823e-03
    endloop
  endfacet
  facet normal 6.706631780e-01 -7.070915699e-01 -2.241259664e-01
    outer loop
      vertex -5.230807699e-03 -6.057815161e-03 1.699590823e-03
      vertex -4.755288828e-03 -5.557820201e-03 1.545084058e-03
      vertex -4.729083739e-03 -5.557820201e-03 1.623498858e-03
    endloop
  endfacet
  facet normal 6.417394876e-01 -6.937218308e-01 -3.269869685e-01
    outer loop
      vertex -5.230807699e-03 -6.057815161e-03 1.699590823e-03
      vertex -4.729083739e-03 -5.557820201e-03 1.623498858e-03
      vertex -4.449598957e-03 -6.057826336e-03 3.232802963e-03
    endloop
  endfacet
  facet normal 6.308426857e-01 -7.031611800e-01 -3.280273080e-01
    outer loop
      vertex -4.729083739e-03 -5.557820201e-03 1.623498858e-03
      vertex -4.045082256e-03 -5.557816941e-03 2.938922960e-03
      vertex -4.449598957e-03 -6.057826336e-03 3.232802963e-03
    endloop
  endfacet
  facet normal 5.651771426e-01 -7.070515156e-01 -4.250328839e-01
    outer loop
      vertex -4.449598957e-03 -6.057826336e-03 3.232802963e-03
      vertex -4.045082256e-03 -5.557816941e-03 2.938922960e-03
      vertex -3.945706878e-03 -5.557816476e-03 3.071064129e-03
    endloop
  endfacet
  facet normal 5.148785114e-01 -6.854233146e-01 -5.148738027e-01
    outer loop
      vertex -4.449598957e-03 -6.057826336e-03 3.232802963e-03
      vertex -3.945706878e-03 -5.557816476e-03 3.071064129e-03
      vertex -3.232822753e-03 -6.057821680e-03 4.449584521e-03
    endloop
  endfacet
  facet normal 4.940876961e-01 -7.035969496e-01 -5.107138753e-01
    outer loop
      vertex -3.945706878e-03 -5.557816476e-03 3.071064129e-03
      vertex -2.938936232e-03 -5.557827652e-03 4.045075271e-03
      vertex -3.232822753e-03 -6.057821680e-03 4.449584521e-03
    endloop
  endfacet
  facet normal 4.013819695e-01 -7.070004344e-01 -5.822739005e-01
    outer loop
      vertex -3.232822753e-03 -6.057821680e-03 4.449584521e-03
      vertex -2.938936232e-03 -5.557827652e-03 4.045075271e-03
      vertex -2.734747017e-03 -5.557827186e-03 4.185829312e-03
    endloop
  endfacet
  facet normal 3.337332904e-01 -6.779615879e-01 -6.549733877e-01
    outer loop
      vertex -3.232822753e-03 -6.057821680e-03 4.449584521e-03
      vertex -2.734747017e-03 -5.557827186e-03 4.185829312e-03
      vertex -1.699607586e-03 -6.057817023e-03 5.230809562e-03
    endloop
  endfacet
  facet normal 3.066365719e-01 -7.040009499e-01 -6.405908465e-01
    outer loop
      vertex -2.734747017e-03 -5.557827186e-03 4.185829312e-03
      vertex -1.545095933e-03 -5.557823461e-03 4.755284637e-03
      vertex -1.699607586e-03 -6.057817023e-03 5.230809562e-03
    endloop
  endfacet
  facet normal 1.961858422e-01 -7.069160342e-01 -6.795445681e-01
    outer loop
      vertex -1.699607586e-03 -6.057817023e-03 5.230809562e-03
      vertex -1.545095933e-03 -5.557823461e-03 4.755284637e-03
      vertex -1.227432513e-03 -5.557822529e-03 4.846993368e-03
    endloop
  endfacet
  facet normal 1.159338504e-01 -6.713846326e-01 -7.319849730e-01
    outer loop
      vertex -1.699607586e-03 -6.057817023e-03 5.230809562e-03
      vertex -1.227432513e-03 -5.557822529e-03 4.846993368e-03
      vertex -9.666677236e-09 -6.057826802e-03 5.500006024e-03
    endloop
  endfacet
  facet normal 8.780487627e-02 -7.043768167e-01 -7.043746114e-01
    outer loop
      vertex -1.227432513e-03 -5.557822529e-03 4.846993368e-03
      vertex 1.352263301e-09 -5.557818804e-03 4.999997560e-03
      vertex -9.666677236e-09 -6.057826802e-03 5.500006024e-03
    endloop
  endfacet
  facet normal -2.924189158e-02 -7.068042159e-01 -7.068045735e-01
    outer loop
      vertex -9.666677236e-09 -6.057826802e-03 5.500006024e-03
      vertex 1.352263301e-09 -5.557818804e-03 4.999997560e-03
      vertex 4.128927540e-04 -5.557817873e-03 4.982914310e-03
    endloop
  endfacet
  facet normal -1.167276129e-01 -6.657624841e-01 -7.369769216e-01
    outer loop
      vertex -9.666677236e-09 -6.057826802e-03 5.500006024e-03
      vertex 4.128927540e-04 -5.557817873e-03 4.982914310e-03
      vertex 1.699588262e-03 -6.057822611e-03 5.230807699e-03
    endloop
  endfacet
  facet normal -1.398431957e-01 -7.047181129e-01 -6.955690384e-01
    outer loop
      vertex 4.128927540e-04 -5.557817873e-03 4.982914310e-03
      vertex 1.545080682e-03 -5.557815079e-03 4.755286500e-03
      vertex 1.699588262e-03 -6.057822611e-03 5.230807699e-03
    endloop
  endfacet
  facet normal -2.517717481e-01 -7.066602111e-01 -6.612430215e-01
    outer loop
      vertex 1.699588262e-03 -6.057822611e-03 5.230807699e-03
      vertex 1.545080682e-03 -5.557815079e-03 4.755286500e-03
      vertex 2.008467447e-03 -5.557828583e-03 4.578864668e-03
    endloop
  endfacet
  facet normal -3.405869007e-01 -6.611914635e-01 -6.684507728e-01
    outer loop
      vertex 1.699588262e-03 -6.057822611e-03 5.230807699e-03
      vertex 2.008467447e-03 -5.557828583e-03 4.578864668e-03
      vertex 3.232821357e-03 -6.057819352e-03 4.449596163e-03
    endloop
  endfacet
  facet normal -3.528738618e-01 -7.050711513e-01 -6.151054502e-01
    outer loop
      vertex 2.008467447e-03 -5.557828583e-03 4.578864668e-03
      vertex 2.938919468e-03 -5.557826720e-03 4.045080394e-03
      vertex 3.232821357e-03 -6.057819352e-03 4.449596163e-03
    endloop
  endfacet
  facet normal -4.483804107e-01 -7.065279484e-01 -5.475155115e-01
    outer loop
      vertex 3.232821357e-03 -6.057819352e-03 4.449596163e-03
      vertex 2.938919468e-03 -5.557826720e-03 4.045080394e-03
      vertex 3.386404365e-03 -5.557825789e-03 3.678617533e-03
    endloop
  endfacet
  facet normal -5.326461792e-01 -6.577088237e-01 -5.326416492e-01
    outer loop
      vertex 3.232821357e-03 -6.057819352e-03 4.449596163e-03
      vertex 3.386404365e-03 -5.557825789e-03 3.678617533e-03
      vertex 4.449582193e-03 -6.057817023e-03 3.232822521e-03
    endloop
  endfacet
  facet normal -5.293788314e-01 -7.053670883e-01 -4.713972211e-01
    outer loop
      vertex 3.386404365e-03 -5.557825789e-03 3.678617533e-03
      vertex 4.045080859e-03 -5.557824858e-03 2.938922262e-03
      vertex 4.449582193e-03 -6.057817023e-03 3.232822521e-03
    endloop
  endfacet
  facet normal -5.989274979e-01 -7.063366175e-01 -3.773253560e-01
    outer loop
      vertex 4.449582193e-03 -6.057817023e-03 3.232822521e-03
      vertex 4.045080859e-03 -5.557824858e-03 2.938922262e-03
      vertex 4.397367593e-03 -5.557824392e-03 2.379738260e-03
    endloop
  endfacet
  facet normal -6.729922891e-01 -6.553565860e-01 -3.429126740e-01
    outer loop
      vertex 4.449582193e-03 -6.057817023e-03 3.232822521e-03
      vertex 4.397367593e-03 -5.557824392e-03 2.379738260e-03
      vertex 5.230807234e-03 -6.057816092e-03 1.699607354e-03
    endloop
  endfacet
  facet normal -6.512138844e-01 -7.056466341e-01 -2.792548835e-01
    outer loop
      vertex 4.397367593e-03 -5.557824392e-03 2.379738260e-03
      vertex 4.755280912e-03 -5.557824392e-03 1.545093837e-03
      vertex 5.230807234e-03 -6.057816092e-03 1.699607354e-03
    endloop
  endfacet
  facet normal -6.878272295e-01 -7.061313391e-01 -1.681433767e-01
    outer loop
      vertex 5.230807234e-03 -6.057816092e-03 1.699607354e-03
      vertex 4.755280912e-03 -5.557824392e-03 1.545093837e-03
      vertex 4.931808449e-03 -5.557824392e-03 8.229709347e-04
    endloop
  endfacet
  facet normal -7.470279336e-01 -6.541786194e-01 -1.183201075e-01
    outer loop
      vertex 5.230807234e-03 -6.057816092e-03 1.699607354e-03
      vertex 4.931808449e-03 -5.557824392e-03 8.229709347e-04
      vertex 5.500003230e-03 -6.057817023e-03 9.413775537e-09
    endloop
  endfacet
  facet normal -7.058922052e-01 -7.058997750e-01 -5.849550664e-02
    outer loop
      vertex 5.500003230e-03 -6.057817023e-03 9.413775537e-09
      vertex 4.931808449e-03 -5.557824392e-03 8.229709347e-04
      vertex 5.000005942e-03 -5.557824858e-03 5.686417115e-09
    endloop
  endfacet
  facet normal -7.027100325e-01 -7.027163506e-01 1.113027781e-01
    outer loop
      vertex 5.500003230e-03 -6.057817023e-03 9.413775537e-09
      vertex 5.000005942e-03 -5.557824858e-03 5.686417115e-09
      vertex 5.230804905e-03 -6.057819352e-03 -1.699588611e-03
    endloop
  endfacet
  facet normal -8.008003831e-01 -5.952430964e-01 6.636545807e-02
    outer loop
      vertex 5.230804905e-03 -6.057819352e-03 -1.699588611e-03
      vertex 5.000005942e-03 -5.557824858e-03 5.686417115e-09
      vertex 4.931804258e-03 -5.557825789e-03 -8.229634259e-04
    endloop
  endfacet
  facet normal -6.878325939e-01 -7.061268091e-01 1.681405902e-01
    outer loop
      vertex 5.230804905e-03 -6.057819352e-03 -1.699588611e-03
      vertex 4.931804258e-03 -5.557825789e-03 -8.229634259e-04
      vertex 4.755283240e-03 -5.557827186e-03 -1.545082778e-03
    endloop
  endfacet
  facet normal 6.417322755e-01 6.937296391e-01 3.269846141e-01
    outer loop
      vertex -4.449584521e-03 5.942177027e-03 -3.232824849e-03
      vertex -5.230809562e-03 5.942176562e-03 -1.699609798e-03
      vertex -4.729087930e-03 5.442184396e-03 -1.623495365e-03
    endloop
  endfacet
  facet normal 6.308339238e-01 7.031701207e-01 3.280248344e-01
    outer loop
      vertex -4.729087930e-03 5.442184396e-03 -1.623495365e-03
      vertex -4.045083653e-03 5.442184862e-03 -2.938924823e-03
      vertex -4.449584521e-03 5.942177027e-03 -3.232824849e-03
    endloop
  endfacet
  facet normal 5.651404262e-01 7.070629001e-01 4.250627160e-01
    outer loop
      vertex -4.449584521e-03 5.942177027e-03 -3.232824849e-03
      vertex -4.045083653e-03 5.442184862e-03 -2.938924823e-03
      vertex -3.945697099e-03 5.442184862e-03 -3.071064362e-03
    endloop
  endfacet
  facet normal 5.148600340e-01 6.854440570e-01 5.148646235e-01
    outer loop
      vertex -4.449584521e-03 5.942177027e-03 -3.232824849e-03
      vertex -3.945697099e-03 5.442184862e-03 -3.071064362e-03
      vertex -3.232812276e-03 5.942179356e-03 -4.449589644e-03
    endloop
  endfacet
  facet normal 4.941042364e-01 7.035870552e-01 5.107115507e-01
    outer loop
      vertex -3.945697099e-03 5.442184862e-03 -3.071064362e-03
      vertex -2.938922262e-03 5.442171823e-03 -4.045082722e-03
      vertex -3.232812276e-03 5.942179356e-03 -4.449589644e-03
    endloop
  endfacet
  facet normal 4.013845026e-01 7.069909573e-01 5.822836757e-01
    outer loop
      vertex -3.232812276e-03 5.942179356e-03 -4.449589644e-03
      vertex -2.938922262e-03 5.442171823e-03 -4.045082722e-03
      vertex -2.734731883e-03 5.442172289e-03 -4.185837228e-03
    endloop
  endfacet
  facet normal 3.337326646e-01 6.779499650e-01 6.549857855e-01
    outer loop
      vertex -3.232812276e-03 5.942179356e-03 -4.449589644e-03
      vertex -2.734731883e-03 5.442172289e-03 -4.185837228e-03
      vertex -1.699591056e-03 5.942182615e-03 -5.230810028e-03
    endloop
  endfacet
  facet normal 3.066383600e-01 7.039873004e-01 6.406050324e-01
    outer loop
      vertex -2.734731883e-03 5.442172289e-03 -4.185837228e-03
      vertex -1.545083360e-03 5.442175083e-03 -4.755289294e-03
      vertex -1.699591056e-03 5.942182615e-03 -5.230810028e-03
    endloop
  endfacet
  facet normal 1.961948574e-01 7.069025636e-01 6.795560122e-01
    outer loop
      vertex -1.699591056e-03 5.942182615e-03 -5.230810028e-03
      vertex -1.545083360e-03 5.442175083e-03 -4.755289294e-03
      vertex -1.227415283e-03 5.442176014e-03 -4.847004078e-03
    endloop
  endfacet
  facet normal 1.159444600e-01 6.713715196e-01 7.319953442e-01
    outer loop
      vertex -1.699591056e-03 5.942182615e-03 -5.230810028e-03
      vertex -1.227415283e-03 5.442176014e-03 -4.847004078e-03
      vertex 6.975834133e-09 5.942172371e-03 -5.500008352e-03
    endloop
  endfacet
  facet normal 8.779007941e-02 7.043937445e-01 7.043595314e-01
    outer loop
      vertex -1.227415283e-03 5.442176014e-03 -4.847004078e-03
      vertex 7.742573693e-09 5.442179274e-03 -4.999991041e-03
      vertex 6.975834133e-09 5.942172371e-03 -5.500008352e-03
    endloop
  endfacet
  facet normal -2.921947651e-02 7.068219185e-01 7.067877650e-01
    outer loop
      vertex 6.975834133e-09 5.942172371e-03 -5.500008352e-03
      vertex 7.742573693e-09 5.442179274e-03 -4.999991041e-03
      vertex 4.128914443e-04 5.442180205e-03 -4.982923158e-03
    endloop
  endfacet
  facet normal -1.167291254e-01 6.657710075e-01 7.369689345e-01
    outer loop
      vertex 6.975834133e-09 5.942172371e-03 -5.500008352e-03
      vertex 4.128914443e-04 5.442180205e-03 -4.982923158e-03
      vertex 1.699604909e-03 5.942177027e-03 -5.230811890e-03
    endloop
  endfacet
  facet normal -1.398474574e-01 7.047320008e-01 6.955540776e-01
    outer loop
      vertex 4.128914443e-04 5.442180205e-03 -4.982923158e-03
      vertex 1.545093255e-03 5.442183465e-03 -4.755286966e-03
      vertex 1.699604909e-03 5.942177027e-03 -5.230811890e-03
    endloop
  endfacet
  facet normal -2.517412007e-01 7.066746354e-01 6.612392068e-01
    outer loop
      vertex 1.699604909e-03 5.942177027e-03 -5.230811890e-03
      vertex 1.545093255e-03 5.442183465e-03 -4.755286966e-03
      vertex 2.008477924e-03 5.442184862e-03 -4.578872584e-03
    endloop
  endfacet
  facet normal -3.406004012e-01 6.611844897e-01 6.684507728e-01
    outer loop
      vertex 1.699604909e-03 5.942177027e-03 -5.230811890e-03
      vertex 2.008477924e-03 5.442184862e-03 -4.578872584e-03
      vertex 3.232819960e-03 5.942182150e-03 -4.449586850e-03
    endloop
  endfacet
  facet normal -3.528831005e-01 7.050498724e-01 6.151245236e-01
    outer loop
      vertex 2.008477924e-03 5.442184862e-03 -4.578872584e-03
      vertex 2.938933438e-03 5.442173220e-03 -4.045077600e-03
      vertex 3.232819960e-03 5.942182150e-03 -4.449586850e-03
    endloop
  endfacet
  facet normal -4.484063387e-01 7.065052986e-01 5.475234985e-01
    outer loop
      vertex 3.232819960e-03 5.942182150e-03 -4.449586850e-03
      vertex 2.938933438e-03 5.442173220e-03 -4.045077600e-03
      vertex 3.386408323e-03 5.442174617e-03 -3.678610548e-03
    endloop
  endfacet
  facet normal -5.326489210e-01 6.576979756e-01 5.326523185e-01
    outer loop
      vertex 3.232819960e-03 5.942182150e-03 -4.449586850e-03
      vertex 3.386408323e-03 5.442174617e-03 -3.678610548e-03
      vertex 4.449596163e-03 5.942171440e-03 -3.232805524e-03
    endloop
  endfacet
  facet normal -5.293814540e-01 7.053623199e-01 4.714013636e-01
    outer loop
      vertex 3.386408323e-03 5.442174617e-03 -3.678610548e-03
      vertex 4.045091569e-03 5.442176946e-03 -2.938916208e-03
      vertex 4.449596163e-03 5.942171440e-03 -3.232805524e-03
    endloop
  endfacet
  facet normal -5.989333391e-01 7.063331008e-01 3.773226738e-01
    outer loop
      vertex 4.449596163e-03 5.942171440e-03 -3.232805524e-03
      vertex 4.045091569e-03 5.442176946e-03 -2.938916208e-03
      vertex 4.397372250e-03 5.442178808e-03 -2.379735466e-03
    endloop
  endfacet
  facet normal -6.729961634e-01 6.553543210e-01 3.429094851e-01
    outer loop
      vertex 4.449596163e-03 5.942171440e-03 -3.232805524e-03
      vertex 4.397372250e-03 5.442178808e-03 -2.379735466e-03
      vertex 5.230817012e-03 5.942175165e-03 -1.699584187e-03
    endloop
  endfacet
  facet normal -6.512176991e-01 7.056436539e-01 2.792536020e-01
    outer loop
      vertex 4.397372250e-03 5.442178808e-03 -2.379735466e-03
      vertex 4.755286034e-03 5.442180205e-03 -1.545086619e-03
      vertex 5.230817012e-03 5.942175165e-03 -1.699584187e-03
    endloop
  endfacet
  facet normal -6.878300309e-01 7.061299682e-01 1.681376994e-01
    outer loop
      vertex 5.230817012e-03 5.942175165e-03 -1.699584187e-03
      vertex 4.755286034e-03 5.442180205e-03 -1.545086619e-03
      vertex 4.931807052e-03 5.442181602e-03 -8.229672676e-04
    endloop
  endfacet
  facet normal -7.470269203e-01 6.541805863e-01 1.183156967e-01
    outer loop
      vertex 5.230817012e-03 5.942175165e-03 -1.699584187e-03
      vertex 4.931807052e-03 5.442181602e-03 -8.229672676e-04
      vertex 5.500003230e-03 5.942177493e-03 4.649656660e-09
    endloop
  endfacet
  facet normal -7.058895230e-01 7.059029341e-01 5.848973617e-02
    outer loop
      vertex 5.500003230e-03 5.942177493e-03 4.649656660e-09
      vertex 4.931807052e-03 5.442181602e-03 -8.229672676e-04
      vertex 4.999999888e-03 5.442182533e-03 1.364257152e-08
    endloop
  endfacet
  facet normal -7.027081847e-01 7.027184963e-01 -1.113010645e-01
    outer loop
      vertex 5.500003230e-03 5.942177493e-03 4.649656660e-09
      vertex 4.999999888e-03 5.442182533e-03 1.364257152e-08
      vertex 5.230807234e-03 5.942178424e-03 1.699602581e-03
    endloop
  endfacet
  facet normal -8.008020520e-01 5.952413678e-01 -6.636143476e-02
    outer loop
      vertex 4.999999888e-03 5.442182533e-03 1.364257152e-08
      vertex 4.931801930e-03 5.442182999e-03 8.229789091e-04
      vertex 5.230807234e-03 5.942178424e-03 1.699602581e-03
    endloop
  endfacet
  facet normal -6.878326535e-01 7.061271071e-01 -1.681391299e-01
    outer loop
      vertex 5.230807234e-03 5.942178424e-03 1.699602581e-03
      vertex 4.931801930e-03 5.442182999e-03 8.229789091e-04
      vertex 4.755283706e-03 5.442182999e-03 1.545089995e-03
    endloop
  endfacet
  facet normal -6.339261532e-01 7.027152777e-01 -3.229997456e-01
    outer loop
      vertex 5.230807234e-03 5.942178424e-03 1.699602581e-03
      vertex 4.755283706e-03 5.442182999e-03 1.545089995e-03
      vertex 4.449593835e-03 5.942177493e-03 3.232826712e-03
    endloop
  endfacet
  facet normal -7.287513614e-01 6.093131304e-01 -3.125043511e-01
    outer loop
      vertex 4.755283706e-03 5.442182999e-03 1.545089995e-03
      vertex 4.397370387e-03 5.442182999e-03 2.379734302e-03
      vertex 4.449593835e-03 5.942177493e-03 3.232826712e-03
    endloop
  endfacet
  facet normal -5.989207029e-01 7.063442469e-01 -3.773218095e-01
    outer loop
      vertex 4.449593835e-03 5.942177493e-03 3.232826712e-03
      vertex 4.397370387e-03 5.442182999e-03 2.379734302e-03
      vertex 4.045074806e-03 5.442182533e-03 2.938930411e-03
    endloop
  endfacet
  facet normal -5.030791759e-01 7.027245164e-01 -5.030800700e-01
    outer loop
      vertex 4.449593835e-03 5.942177493e-03 3.232826712e-03
      vertex 4.045074806e-03 5.442182533e-03 2.938930411e-03
      vertex 3.232812276e-03 5.942175165e-03 4.449603148e-03
    endloop
  endfacet
  facet normal -5.842971802e-01 6.228052378e-01 -5.202984214e-01
    outer loop
      vertex 4.045074806e-03 5.442182533e-03 2.938930411e-03
      vertex 3.386398079e-03 5.442181602e-03 3.678625450e-03
      vertex 3.232812276e-03 5.942175165e-03 4.449603148e-03
    endloop
  endfacet
  facet normal -4.483842552e-01 7.065244913e-01 -5.475168824e-01
    outer loop
      vertex 3.232812276e-03 5.942175165e-03 4.449603148e-03
      vertex 3.386398079e-03 5.442181602e-03 3.678625450e-03
      vertex 2.938913181e-03 5.442180671e-03 4.045088310e-03
    endloop
  endfacet
  facet normal -3.229955733e-01 7.027233839e-01 -6.339193583e-01
    outer loop
      vertex 3.232812276e-03 5.942175165e-03 4.449603148e-03
      vertex 2.938913181e-03 5.442180671e-03 4.045088310e-03
      vertex 1.699579298e-03 5.942171905e-03 5.230814684e-03
    endloop
  endfacet
  facet normal -3.841211498e-01 6.357240081e-01 -6.695564985e-01
    outer loop
      vertex 2.938913181e-03 5.442180671e-03 4.045088310e-03
      vertex 2.008482115e-03 5.442178808e-03 4.578869790e-03
      vertex 1.699579298e-03 5.942171905e-03 5.230814684e-03
    endloop
  endfacet
  facet normal -2.517327368e-01 7.066746354e-01 -6.612424254e-01
    outer loop
      vertex 1.699579298e-03 5.942171905e-03 5.230814684e-03
      vertex 2.008482115e-03 5.442178808e-03 4.578869790e-03
      vertex 1.545083476e-03 5.442177411e-03 4.755282775e-03
    endloop
  endfacet
  facet normal -1.112931520e-01 7.027180791e-01 -7.027098536e-01
    outer loop
      vertex 1.699579298e-03 5.942171905e-03 5.230814684e-03
      vertex 1.545083476e-03 5.442177411e-03 4.755282775e-03
      vertex -9.600514161e-09 5.942182615e-03 5.500000902e-03
    endloop
  endfacet
  facet normal -1.501117051e-01 6.481239796e-01 -7.465934753e-01
    outer loop
      vertex 1.545083476e-03 5.442177411e-03 4.755282775e-03
      vertex 4.128864093e-04 5.442174617e-03 4.982922226e-03
      vertex -9.600514161e-09 5.942182615e-03 5.500000902e-03
    endloop
  endfacet
  facet normal -2.924606949e-02 7.067946792e-01 -7.068139911e-01
    outer loop
      vertex -9.600514161e-09 5.942182615e-03 5.500000902e-03
      vertex 4.128864093e-04 5.442174617e-03 4.982922226e-03
      vertex -4.981098201e-09 5.442173686e-03 5.000005476e-03
    endloop
  endfacet
  facet normal 1.112979725e-01 7.027046084e-01 -7.027225494e-01
    outer loop
      vertex -9.600514161e-09 5.942182615e-03 5.500000902e-03
      vertex -4.981098201e-09 5.442173686e-03 5.000005476e-03
      vertex -1.699595712e-03 5.942177493e-03 5.230813753e-03
    endloop
  endfacet
  facet normal 9.293301404e-02 6.600168943e-01 -7.454804778e-01
    outer loop
      vertex -4.981098201e-09 5.442173686e-03 5.000005476e-03
      vertex -1.227438799e-03 5.442184862e-03 4.847001750e-03
      vertex -1.699595712e-03 5.942177493e-03 5.230813753e-03
    endloop
  endfacet
  facet normal 1.962092668e-01 7.069202065e-01 -6.795334220e-01
    outer loop
      vertex -1.699595712e-03 5.942177493e-03 5.230813753e-03
      vertex -1.227438799e-03 5.442184862e-03 4.847001750e-03
      vertex -1.545093139e-03 5.442183930e-03 4.755280446e-03
    endloop
  endfacet
  facet normal 3.229973316e-01 7.027195096e-01 -6.339226961e-01
    outer loop
      vertex -1.699595712e-03 5.942177493e-03 5.230813753e-03
      vertex -1.545093139e-03 5.442183930e-03 4.755280446e-03
      vertex -3.232831834e-03 5.942172837e-03 4.449591506e-03
    endloop
  endfacet
  facet normal 3.199740946e-01 6.713964939e-01 -6.684634089e-01
    outer loop
      vertex -1.545093139e-03 5.442183930e-03 4.755280446e-03
      vertex -2.734744223e-03 5.442180205e-03 4.185825121e-03
      vertex -3.232831834e-03 5.942172837e-03 4.449591506e-03
    endloop
  endfacet
  facet normal 4.013705850e-01 7.070114613e-01 -5.822683573e-01
    outer loop
      vertex -3.232831834e-03 5.942172837e-03 4.449591506e-03
      vertex -2.734744223e-03 5.442180205e-03 4.185825121e-03
      vertex -2.938921563e-03 5.442179739e-03 4.045080394e-03
    endloop
  endfacet
  facet normal 5.030817986e-01 7.027280927e-01 -5.030725002e-01
    outer loop
      vertex -3.232831834e-03 5.942172837e-03 4.449591506e-03
      vertex -2.938921563e-03 5.442179739e-03 4.045080394e-03
      vertex -4.449596163e-03 5.942183081e-03 3.232819261e-03
    endloop
  endfacet
  facet normal 5.083401203e-01 6.822768450e-01 -5.254413486e-01
    outer loop
      vertex -2.938921563e-03 5.442179739e-03 4.045080394e-03
      vertex -3.945704084e-03 5.442176014e-03 3.071060404e-03
      vertex -4.449596163e-03 5.942183081e-03 3.232819261e-03
    endloop
  endfacet
  facet normal 5.651673675e-01 7.070611715e-01 -4.250297844e-01
    outer loop
      vertex -4.449596163e-03 5.942183081e-03 3.232819261e-03
      vertex -3.945704084e-03 5.442176014e-03 3.071060404e-03
      vertex -4.045079462e-03 5.442175549e-03 2.938919002e-03
    endloop
  endfacet
  facet normal 6.339260936e-01 7.027156353e-01 -3.229990602e-01
    outer loop
      vertex -4.449596163e-03 5.942183081e-03 3.232819261e-03
      vertex -4.045079462e-03 5.442175549e-03 2.938919002e-03
      vertex -5.230807699e-03 5.942179356e-03 1.699586050e-03
    endloop
  endfacet
  facet normal 6.398766041e-01 6.927120090e-01 -3.327281177e-01
    outer loop
      vertex -4.045079462e-03 5.442175549e-03 2.938919002e-03
      vertex -4.729080945e-03 5.442172289e-03 1.623495016e-03
      vertex -5.230807699e-03 5.942179356e-03 1.699586050e-03
    endloop
  endfacet
  facet normal 6.706693172e-01 7.070842385e-01 -2.241306156e-01
    outer loop
      vertex -5.230807699e-03 5.942179356e-03 1.699586050e-03
      vertex -4.729080945e-03 5.442172289e-03 1.623495016e-03
      vertex -4.755286034e-03 5.442172289e-03 1.545080333e-03
    endloop
  endfacet
  facet normal 7.027233839e-01 7.027033567e-01 -1.113006100e-01
    outer loop
      vertex -5.230807699e-03 5.942179356e-03 1.699586050e-03
      vertex -4.755286034e-03 5.442172289e-03 1.545080333e-03
      vertex -5.499994382e-03 5.942177027e-03 -2.808500543e-09
    endloop
  endfacet
  facet normal 7.027110457e-01 7.027173638e-01 -1.112901494e-01
    outer loop
      vertex -5.499994382e-03 5.942177027e-03 -2.808500543e-09
      vertex -4.755286034e-03 5.442172289e-03 1.545080333e-03
      vertex -4.999997094e-03 5.442184862e-03 9.188574346e-10
    endloop
  endfacet
  facet normal 7.027097940e-01 7.027177811e-01 1.112951413e-01
    outer loop
      vertex -5.499994382e-03 5.942177027e-03 -2.808500543e-09
      vertex -4.999997094e-03 5.442184862e-03 9.188574346e-10
      vertex -5.230809562e-03 5.942176562e-03 -1.699609798e-03
    endloop
  endfacet
  facet normal 7.027097940e-01 7.027177811e-01 1.112951413e-01
    outer loop
      vertex -5.230809562e-03 5.942176562e-03 -1.699609798e-03
      vertex -4.999997094e-03 5.442184862e-03 9.188574346e-10
      vertex -4.755283706e-03 5.442184396e-03 -1.545096398e-03
    endloop
  endfacet
  facet normal 6.706655622e-01 7.070996761e-01 2.240931392e-01
    outer loop
      vertex -5.230809562e-03 5.942176562e-03 -1.699609798e-03
      vertex -4.755283706e-03 5.442184396e-03 -1.545096398e-03
      vertex -4.729087930e-03 5.442184396e-03 -1.623495365e-03
    endloop
  endfacet
  facet normal -6.561790109e-01 -7.500382066e-01 -8.289642632e-02
    outer loop
      vertex -8.232948370e-03 -6.057826802e-03 -2.113878261e-03
      vertex -8.499999531e-03 -6.057825405e-03 -3.151620076e-09
      vertex -8.929022588e-03 -5.557819270e-03 -1.128012431e-03
    endloop
  endfacet
  facet normal -6.952654123e-01 -7.064120770e-01 -1.326196939e-01
    outer loop
      vertex -8.929022588e-03 -5.557819270e-03 -1.128012431e-03
      vertex -8.717253804e-03 -5.557819735e-03 -2.238219837e-03
      vertex -8.232948370e-03 -6.057826802e-03 -2.113878261e-03
    endloop
  endfacet
  facet normal -6.731564999e-01 -7.064114809e-01 -2.187307626e-01
    outer loop
      vertex -8.232948370e-03 -6.057826802e-03 -2.113878261e-03
      vertex -8.717253804e-03 -5.557819735e-03 -2.238219837e-03
      vertex -8.367979899e-03 -5.557819735e-03 -3.313128836e-03
    endloop
  endfacet
  facet normal -6.149476767e-01 -7.500395775e-01 -2.434748858e-01
    outer loop
      vertex -8.232948370e-03 -6.057826802e-03 -2.113878261e-03
      vertex -8.367979899e-03 -5.557819735e-03 -3.313128836e-03
      vertex -7.448599674e-03 -6.057826336e-03 -4.094918258e-03
    endloop
  endfacet
  facet normal -6.404454708e-01 -7.064042687e-01 -3.013678789e-01
    outer loop
      vertex -7.448599674e-03 -6.057826336e-03 -4.094918258e-03
      vertex -8.367979899e-03 -5.557819735e-03 -3.313128836e-03
      vertex -7.886752486e-03 -5.557819270e-03 -4.335800651e-03
    endloop
  endfacet
  facet normal -5.743226409e-01 -7.042990923e-01 -4.172724187e-01
    outer loop
      vertex -7.448599674e-03 -6.057826336e-03 -4.094918258e-03
      vertex -7.886752486e-03 -5.557819270e-03 -4.335800651e-03
      vertex -6.196226925e-03 -6.057824474e-03 -5.818653852e-03
    endloop
  endfacet
  facet normal -5.234537125e-01 -7.846301198e-01 -3.321924508e-01
    outer loop
      vertex -7.886752486e-03 -5.557819270e-03 -4.335800651e-03
      vertex -7.281153463e-03 -5.557818804e-03 -5.290077534e-03
      vertex -6.196226925e-03 -6.057824474e-03 -5.818653852e-03
    endloop
  endfacet
  facet normal -5.453712344e-01 -7.064092159e-01 -4.511720538e-01
    outer loop
      vertex -6.196226925e-03 -6.057824474e-03 -5.818653852e-03
      vertex -7.281153463e-03 -5.557818804e-03 -5.290077534e-03
      vertex -6.560716778e-03 -5.557817407e-03 -6.160934456e-03
    endloop
  endfacet
  facet normal -4.525070786e-01 -7.043036819e-01 -5.469859838e-01
    outer loop
      vertex -6.196226925e-03 -6.057824474e-03 -5.818653852e-03
      vertex -6.560716778e-03 -5.557817407e-03 -6.160934456e-03
      vertex -4.554520361e-03 -6.057821214e-03 -7.176798768e-03
    endloop
  endfacet
  facet normal -4.243991077e-01 -7.846221328e-01 -4.519440830e-01
    outer loop
      vertex -6.560716778e-03 -5.557817407e-03 -6.160934456e-03
      vertex -5.736806896e-03 -5.557816010e-03 -6.934631150e-03
      vertex -4.554520361e-03 -6.057821214e-03 -7.176798768e-03
    endloop
  endfacet
  facet normal -4.160404801e-01 -7.064105272e-01 -5.726207495e-01
    outer loop
      vertex -4.554520361e-03 -6.057821214e-03 -7.176798768e-03
      vertex -5.736806896e-03 -5.557816010e-03 -6.934631150e-03
      vertex -4.822429735e-03 -5.557829048e-03 -7.598960772e-03
    endloop
  endfacet
  facet normal -3.022578359e-01 -7.043051720e-01 -6.423351765e-01
    outer loop
      vertex -4.554520361e-03 -6.057821214e-03 -7.176798768e-03
      vertex -4.822429735e-03 -5.557829048e-03 -7.598960772e-03
      vertex -2.626636531e-03 -6.057817023e-03 -8.083990775e-03
    endloop
  endfacet
  facet normal -2.986679971e-01 -7.846267223e-01 -5.432847738e-01
    outer loop
      vertex -4.822429735e-03 -5.557829048e-03 -7.598960772e-03
      vertex -3.832000541e-03 -5.557826720e-03 -8.143447340e-03
      vertex -2.626636531e-03 -6.057817023e-03 -8.083990775e-03
    endloop
  endfacet
  facet normal -2.605591118e-01 -7.064082026e-01 -6.581006050e-01
    outer loop
      vertex -2.626636531e-03 -6.057817023e-03 -8.083990775e-03
      vertex -3.832000541e-03 -5.557826720e-03 -8.143447340e-03
      vertex -2.781144110e-03 -5.557824392e-03 -8.559511043e-03
    endloop
  endfacet
  facet normal -1.330220848e-01 -7.043021917e-01 -6.973260045e-01
    outer loop
      vertex -2.626636531e-03 -6.057817023e-03 -8.083990775e-03
      vertex -2.781144110e-03 -5.557824392e-03 -8.559511043e-03
      vertex -5.337129696e-04 -6.057826802e-03 -8.483227342e-03
    endloop
  endfacet
  facet normal -1.541762948e-01 -7.846155167e-01 -6.005065441e-01
    outer loop
      vertex -2.781144110e-03 -5.557824392e-03 -8.559511043e-03
      vertex -1.686420292e-03 -5.557821598e-03 -8.840578608e-03
      vertex -5.337129696e-04 -6.057826802e-03 -8.483227342e-03
    endloop
  endfacet
  facet normal -8.871719986e-02 -7.064049840e-01 -7.022259235e-01
    outer loop
      vertex -5.337129696e-04 -6.057826802e-03 -8.483227342e-03
      vertex -1.686420292e-03 -5.557821598e-03 -8.840578608e-03
      vertex -5.651021493e-04 -5.557818804e-03 -8.982244879e-03
    endloop
  endfacet
  facet normal 4.457988963e-02 -7.042999864e-01 -7.085013986e-01
    outer loop
      vertex -5.337129696e-04 -6.057826802e-03 -8.483227342e-03
      vertex -5.651021493e-04 -5.557818804e-03 -8.982244879e-03
      vertex 1.592750545e-03 -6.057820749e-03 -8.349433541e-03
    endloop
  endfacet
  facet normal 7.915770766e-06 -7.846202254e-01 -6.199766994e-01
    outer loop
      vertex -5.651021493e-04 -5.557818804e-03 -8.982244879e-03
      vertex 5.651284591e-04 -5.557815544e-03 -8.982234634e-03
      vertex 1.592750545e-03 -6.057820749e-03 -8.349433541e-03
    endloop
  endfacet
  facet normal 8.869827539e-02 -7.064197659e-01 -7.022134662e-01
    outer loop
      vertex 1.592750545e-03 -6.057820749e-03 -8.349433541e-03
      vertex 5.651284591e-04 -5.557815544e-03 -8.982234634e-03
      vertex 1.686442411e-03 -5.557827186e-03 -8.840586990e-03
    endloop
  endfacet
  facet normal 2.193621248e-01 -7.043146491e-01 -6.751452684e-01
    outer loop
      vertex 1.592750545e-03 -6.057820749e-03 -8.349433541e-03
      vertex 1.686442411e-03 -5.557827186e-03 -8.840586990e-03
      vertex 3.619136522e-03 -6.057829596e-03 -7.691028994e-03
    endloop
  endfacet
  facet normal 1.541861296e-01 -7.846206427e-01 -6.004973650e-01
    outer loop
      vertex 1.686442411e-03 -5.557827186e-03 -8.840586990e-03
      vertex 2.781159012e-03 -5.557823926e-03 -8.559507318e-03
      vertex 3.619136522e-03 -6.057829596e-03 -7.691028994e-03
    endloop
  endfacet
  facet normal 2.605707645e-01 -7.063955665e-01 -6.581095457e-01
    outer loop
      vertex 3.619136522e-03 -6.057829596e-03 -7.691028994e-03
      vertex 2.781159012e-03 -5.557823926e-03 -8.559507318e-03
      vertex 3.832024988e-03 -5.557820667e-03 -8.143432438e-03
    endloop
  endfacet
  facet normal 3.803959191e-01 -7.042895555e-01 -5.993956327e-01
    outer loop
      vertex 3.619136522e-03 -6.057829596e-03 -7.691028994e-03
      vertex 3.832024988e-03 -5.557820667e-03 -8.143432438e-03
      vertex 5.418110639e-03 -6.057823543e-03 -6.549348589e-03
    endloop
  endfacet
  facet normal 2.986728549e-01 -7.846271992e-01 -5.432814360e-01
    outer loop
      vertex 3.832024988e-03 -5.557820667e-03 -8.143432438e-03
      vertex 4.822447430e-03 -5.557817407e-03 -7.598945405e-03
      vertex 5.418110639e-03 -6.057823543e-03 -6.549348589e-03
    endloop
  endfacet
  facet normal 4.160259366e-01 -7.064169049e-01 -5.726234317e-01
    outer loop
      vertex 5.418110639e-03 -6.057823543e-03 -6.549348589e-03
      vertex 4.822447430e-03 -5.557817407e-03 -7.598945405e-03
      vertex 5.736823194e-03 -5.557829514e-03 -6.934612989e-03
    endloop
  endfacet
  facet normal 5.174905062e-01 -7.043106556e-01 -4.859527647e-01
    outer loop
      vertex 5.418110639e-03 -6.057823543e-03 -6.549348589e-03
      vertex 5.736823194e-03 -5.557829514e-03 -6.934612989e-03
      vertex 6.876652129e-03 -6.057817955e-03 -4.996157251e-03
    endloop
  endfacet
  facet normal 4.243899882e-01 -7.846366763e-01 -4.519274533e-01
    outer loop
      vertex 5.736823194e-03 -5.557829514e-03 -6.934612989e-03
      vertex 6.560728420e-03 -5.557826255e-03 -6.160916295e-03
      vertex 6.876652129e-03 -6.057817955e-03 -4.996157251e-03
    endloop
  endfacet
  facet normal 5.453653336e-01 -7.064189315e-01 -4.511639774e-01
    outer loop
      vertex 6.876652129e-03 -6.057817955e-03 -4.996157251e-03
      vertex 6.560728420e-03 -5.557826255e-03 -6.160916295e-03
      vertex 7.281166036e-03 -5.557823926e-03 -5.290058441e-03
    endloop
  endfacet
  facet normal 6.220803261e-01 -7.043128014e-01 -3.419934809e-01
    outer loop
      vertex 6.876652129e-03 -6.057817955e-03 -4.996157251e-03
      vertex 7.281166036e-03 -5.557823926e-03 -5.290058441e-03
      vertex 7.903097197e-03 -6.057828665e-03 -3.129049670e-03
    endloop
  endfacet
  facet normal 5.234618783e-01 -7.846242189e-01 -3.321935236e-01
    outer loop
      vertex 7.281166036e-03 -5.557823926e-03 -5.290058441e-03
      vertex 7.886771113e-03 -5.557821132e-03 -4.335768521e-03
      vertex 7.903097197e-03 -6.057828665e-03 -3.129049670e-03
    endloop
  endfacet
  facet normal 6.404467225e-01 -7.064041495e-01 -3.013655543e-01
    outer loop
      vertex 7.903097197e-03 -6.057828665e-03 -3.129049670e-03
      vertex 7.886771113e-03 -5.557821132e-03 -4.335768521e-03
      vertex 8.367994800e-03 -5.557818804e-03 -3.313100897e-03
    endloop
  endfacet
  facet normal 6.876003146e-01 -7.042999268e-01 -1.765430868e-01
    outer loop
      vertex 7.903097197e-03 -6.057828665e-03 -3.129049670e-03
      vertex 8.367994800e-03 -5.557818804e-03 -3.313100897e-03
      vertex 8.432968520e-03 -6.057824939e-03 -1.065319870e-03
    endloop
  endfacet
  facet normal 5.896341205e-01 -7.846205831e-01 -1.915781796e-01
    outer loop
      vertex 8.367994800e-03 -5.557818804e-03 -3.313100897e-03
      vertex 8.717244491e-03 -5.557816941e-03 -2.238199115e-03
      vertex 8.432968520e-03 -6.057824939e-03 -1.065319870e-03
    endloop
  endfacet
  facet normal 6.952683330e-01 -7.064068913e-01 -1.326320469e-01
    outer loop
      vertex 8.432968520e-03 -6.057824939e-03 -1.065319870e-03
      vertex 8.717244491e-03 -5.557816941e-03 -2.238199115e-03
      vertex 8.929034695e-03 -5.557815544e-03 -1.127985655e-03
    endloop
  endfacet
  facet normal 7.064089179e-01 -7.064071894e-01 -4.444539547e-02
    outer loop
      vertex 8.432968520e-03 -6.057824939e-03 -1.065319870e-03
      vertex 8.929034695e-03 -5.557815544e-03 -1.127985655e-03
      vertex 8.499996737e-03 -6.057824008e-03 5.402836400e-09
    endloop
  endfacet
  facet normal 7.064002752e-01 -7.064153552e-01 -4.445230588e-02
    outer loop
      vertex 8.499996737e-03 -6.057824008e-03 5.402836400e-09
      vertex 8.929034695e-03 -5.557815544e-03 -1.127985655e-03
      vertex 9.000003338e-03 -5.557829048e-03 1.731383215e-08
    endloop
  endfacet
  facet normal 7.063995600e-01 -7.064167261e-01 4.444178939e-02
    outer loop
      vertex 8.499996737e-03 -6.057824008e-03 5.402836400e-09
      vertex 9.000003338e-03 -5.557829048e-03 1.731383215e-08
      vertex 8.432975039e-03 -6.057823077e-03 1.065335120e-03
    endloop
  endfacet
  facet normal 7.063998580e-01 -7.064164281e-01 4.444209859e-02
    outer loop
      vertex 8.432975039e-03 -6.057823077e-03 1.065335120e-03
      vertex 9.000003338e-03 -5.557829048e-03 1.731383215e-08
      vertex 8.929038420e-03 -5.557828117e-03 1.128011034e-03
    endloop
  endfacet
  facet normal 6.875882149e-01 -7.043119073e-01 1.765424907e-01
    outer loop
      vertex 8.432975039e-03 -6.057823077e-03 1.065335120e-03
      vertex 8.929038420e-03 -5.557828117e-03 1.128011034e-03
      vertex 7.903096266e-03 -6.057822611e-03 3.129078541e-03
    endloop
  endfacet
  facet normal 6.089830399e-01 -7.846294641e-01 1.161733791e-01
    outer loop
      vertex 8.929038420e-03 -5.557828117e-03 1.128011034e-03
      vertex 8.717248216e-03 -5.557827652e-03 2.238221001e-03
      vertex 7.903096266e-03 -6.057822611e-03 3.129078541e-03
    endloop
  endfacet
  facet normal 6.731581688e-01 -7.064125538e-01 2.187221348e-01
    outer loop
      vertex 7.903096266e-03 -6.057822611e-03 3.129078541e-03
      vertex 8.717248216e-03 -5.557827652e-03 2.238221001e-03
      vertex 8.367986418e-03 -5.557827652e-03 3.313139314e-03
    endloop
  endfacet
  facet normal 6.220864654e-01 -7.043065429e-01 3.419951797e-01
    outer loop
      vertex 7.903096266e-03 -6.057822611e-03 3.129078541e-03
      vertex 8.367986418e-03 -5.557827652e-03 3.313139314e-03
      vertex 6.876640487e-03 -6.057823543e-03 4.996191245e-03
    endloop
  endfacet
  facet normal 5.609634519e-01 -7.846261263e-01 2.639732063e-01
    outer loop
      vertex 6.876640487e-03 -6.057823543e-03 4.996191245e-03
      vertex 8.367986418e-03 -5.557827652e-03 3.313139314e-03
      vertex 7.886756212e-03 -5.557828117e-03 4.335789941e-03
    endloop
  endfacet
  facet normal 5.976193547e-01 -7.064090371e-01 3.792589605e-01
    outer loop
      vertex 7.886756212e-03 -5.557828117e-03 4.335789941e-03
      vertex 7.281148341e-03 -5.557828583e-03 5.290078931e-03
      vertex 6.876640487e-03 -6.057823543e-03 4.996191245e-03
    endloop
  endfacet
  facet normal 5.453667641e-01 -7.064085007e-01 4.511785805e-01
    outer loop
      vertex 6.876640487e-03 -6.057823543e-03 4.996191245e-03
      vertex 7.281148341e-03 -5.557828583e-03 5.290078931e-03
      vertex 6.560711190e-03 -5.557815079e-03 6.160935853e-03
    endloop
  endfacet
  facet normal 4.821351171e-01 -7.500379086e-01 4.527569413e-01
    outer loop
      vertex 6.876640487e-03 -6.057823543e-03 4.996191245e-03
      vertex 6.560711190e-03 -5.557815079e-03 6.160935853e-03
      vertex 5.418092944e-03 -6.057826336e-03 6.549376063e-03
    endloop
  endfacet
  facet normal 4.845302999e-01 -7.063980103e-01 5.159770250e-01
    outer loop
      vertex 6.560711190e-03 -5.557815079e-03 6.160935853e-03
      vertex 5.736810621e-03 -5.557816476e-03 6.934620906e-03
      vertex 5.418092944e-03 -6.057826336e-03 6.549376063e-03
    endloop
  endfacet
  facet normal 4.160428643e-01 -7.063967586e-01 5.726359487e-01
    outer loop
      vertex 5.418092944e-03 -6.057826336e-03 6.549376063e-03
      vertex 5.736810621e-03 -5.557816476e-03 6.934620906e-03
      vertex 4.822433461e-03 -5.557818338e-03 7.598950062e-03
    endloop
  endfacet
  facet normal 3.543856144e-01 -7.500404716e-01 5.584353805e-01
    outer loop
      vertex 5.418092944e-03 -6.057826336e-03 6.549376063e-03
      vertex 4.822433461e-03 -5.557818338e-03 7.598950062e-03
      vertex 3.619106486e-03 -6.057815161e-03 7.691035978e-03
    endloop
  endfacet
  facet normal 3.409875035e-01 -7.064108849e-01 6.202508807e-01
    outer loop
      vertex 4.822433461e-03 -5.557818338e-03 7.598950062e-03
      vertex 3.831995185e-03 -5.557820667e-03 8.143448271e-03
      vertex 3.619106486e-03 -6.057815161e-03 7.691035978e-03
    endloop
  endfacet
  facet normal 2.605609000e-01 -7.064110637e-01 6.580967903e-01
    outer loop
      vertex 3.619106486e-03 -6.057815161e-03 7.691035978e-03
      vertex 3.831995185e-03 -5.557820667e-03 8.143448271e-03
      vertex 2.781138523e-03 -5.557822995e-03 8.559512906e-03
    endloop
  endfacet
  facet normal 2.043811530e-01 -7.500476241e-01 6.290126443e-01
    outer loop
      vertex 3.619106486e-03 -6.057815161e-03 7.691035978e-03
      vertex 2.781138523e-03 -5.557822995e-03 8.559512906e-03
      vertex 1.592726796e-03 -6.057819817e-03 8.349449374e-03
    endloop
  endfacet
  facet normal 1.760259271e-01 -7.064108849e-01 6.855643988e-01
    outer loop
      vertex 2.781138523e-03 -5.557822995e-03 8.559512906e-03
      vertex 1.686426695e-03 -5.557825789e-03 8.840588853e-03
      vertex 1.592726796e-03 -6.057819817e-03 8.349449374e-03
    endloop
  endfacet
  facet normal 8.870709687e-02 -7.064099908e-01 7.022221684e-01
    outer loop
      vertex 1.592726796e-03 -6.057819817e-03 8.349449374e-03
      vertex 1.686426695e-03 -5.557825789e-03 8.840588853e-03
      vertex 5.651058163e-04 -5.557828583e-03 8.982234634e-03
    endloop
  endfacet
  facet normal 4.152836278e-02 -7.500440478e-01 6.600828171e-01
    outer loop
      vertex 1.592726796e-03 -6.057819817e-03 8.349449374e-03
      vertex 5.651058163e-04 -5.557828583e-03 8.982234634e-03
      vertex -5.337318871e-04 -6.057825405e-03 8.483226411e-03
    endloop
  endfacet
  facet normal -9.037681252e-07 -7.064056993e-01 7.078071833e-01
    outer loop
      vertex 5.651058163e-04 -5.557828583e-03 8.982234634e-03
      vertex -5.651221145e-04 -5.557816941e-03 8.982244879e-03
      vertex -5.337318871e-04 -6.057825405e-03 8.483226411e-03
    endloop
  endfacet
  facet normal -8.871009201e-02 -7.064052224e-01 7.022265792e-01
    outer loop
      vertex -5.337318871e-04 -6.057825405e-03 8.483226411e-03
      vertex -5.651221145e-04 -5.557816941e-03 8.982244879e-03
      vertex -1.686447882e-03 -5.557819735e-03 8.840587921e-03
    endloop
  endfacet
  facet normal -1.239348873e-01 -7.500480413e-01 6.496676803e-01
    outer loop
      vertex -5.337318871e-04 -6.057825405e-03 8.483226411e-03
      vertex -1.686447882e-03 -5.557819735e-03 8.840587921e-03
      vertex -2.626661910e-03 -6.057817023e-03 8.083974943e-03
    endloop
  endfacet
  facet normal -1.760226637e-01 -7.064150572e-01 6.855609417e-01
    outer loop
      vertex -1.686447882e-03 -5.557819735e-03 8.840587921e-03
      vertex -2.781164600e-03 -5.557822995e-03 8.559508249e-03
      vertex -2.626661910e-03 -6.057817023e-03 8.083974943e-03
    endloop
  endfacet
  facet normal -2.605576515e-01 -7.064144015e-01 6.580945253e-01
    outer loop
      vertex -2.626661910e-03 -6.057817023e-03 8.083974943e-03
      vertex -2.781164600e-03 -5.557822995e-03 8.559508249e-03
      vertex -3.832018701e-03 -5.557826255e-03 8.143443614e-03
    endloop
  endfacet
  facet normal -2.816024423e-01 -7.500522137e-01 5.984327197e-01
    outer loop
      vertex -2.626661910e-03 -6.057817023e-03 8.083974943e-03
      vertex -3.832018701e-03 -5.557826255e-03 8.143443614e-03
      vertex -4.554537125e-03 -6.057823077e-03 7.176774088e-03
    endloop
  endfacet
  facet normal -3.409938514e-01 -7.064088583e-01 6.202497482e-01
    outer loop
      vertex -3.832018701e-03 -5.557826255e-03 8.143443614e-03
      vertex -4.822453018e-03 -5.557814613e-03 7.598946802e-03
      vertex -4.554537125e-03 -6.057823077e-03 7.176774088e-03
    endloop
  endfacet
  facet normal -4.160352647e-01 -7.064084411e-01 5.726270676e-01
    outer loop
      vertex -4.554537125e-03 -6.057823077e-03 7.176774088e-03
      vertex -4.822453018e-03 -5.557814613e-03 7.598946802e-03
      vertex -5.736828782e-03 -5.557817873e-03 6.934614386e-03
    endloop
  endfacet
  facet normal -4.215819836e-01 -7.500438690e-01 5.096104145e-01
    outer loop
      vertex -4.554537125e-03 -6.057823077e-03 7.176774088e-03
      vertex -5.736828782e-03 -5.557817873e-03 6.934614386e-03
      vertex -6.196243223e-03 -6.057828665e-03 5.818642210e-03
    endloop
  endfacet
  facet normal -4.845249057e-01 -7.064064145e-01 5.159705281e-01
    outer loop
      vertex -5.736828782e-03 -5.557817873e-03 6.934614386e-03
      vertex -6.560734008e-03 -5.557820667e-03 6.160917692e-03
      vertex -6.196243223e-03 -6.057828665e-03 5.818642210e-03
    endloop
  endfacet
  facet normal -5.453797579e-01 -7.064065337e-01 4.511659443e-01
    outer loop
      vertex -6.196243223e-03 -6.057828665e-03 5.818642210e-03
      vertex -6.560734008e-03 -5.557820667e-03 6.160917692e-03
      vertex -7.281150669e-03 -5.557823461e-03 5.290057044e-03
    endloop
  endfacet
  facet normal -5.350808501e-01 -7.500389814e-01 3.887544274e-01
    outer loop
      vertex -6.196243223e-03 -6.057828665e-03 5.818642210e-03
      vertex -7.281150669e-03 -5.557823461e-03 5.290057044e-03
      vertex -7.448619232e-03 -6.057818886e-03 4.094893578e-03
    endloop
  endfacet
  facet normal -5.976127386e-01 -7.064114213e-01 3.792649806e-01
    outer loop
      vertex -7.281150669e-03 -5.557823461e-03 5.290057044e-03
      vertex -7.886764593e-03 -5.557826255e-03 4.335778765e-03
      vertex -7.448619232e-03 -6.057818886e-03 4.094893578e-03
    endloop
  endfacet
  facet normal -6.404396892e-01 -7.064105868e-01 3.013653755e-01
    outer loop
      vertex -7.448619232e-03 -6.057818886e-03 4.094893578e-03
      vertex -7.886764593e-03 -5.557826255e-03 4.335778765e-03
      vertex -8.367988281e-03 -5.557828583e-03 3.313111374e-03
    endloop
  endfacet
  facet normal -6.149409413e-01 -7.500460148e-01 2.434719950e-01
    outer loop
      vertex -7.448619232e-03 -6.057818886e-03 4.094893578e-03
      vertex -8.367988281e-03 -5.557828583e-03 3.313111374e-03
      vertex -8.232960477e-03 -6.057822611e-03 2.113858238e-03
    endloop
  endfacet
  facet normal -6.731715202e-01 -7.064008117e-01 2.187189907e-01
    outer loop
      vertex -8.367988281e-03 -5.557828583e-03 3.313111374e-03
      vertex -8.717249148e-03 -5.557815544e-03 2.238200512e-03
      vertex -8.232960477e-03 -6.057822611e-03 2.113858238e-03
    endloop
  endfacet
  facet normal -6.952738166e-01 -7.064008713e-01 1.326351464e-01
    outer loop
      vertex -8.232960477e-03 -6.057822611e-03 2.113858238e-03
      vertex -8.717249148e-03 -5.557815544e-03 2.238200512e-03
      vertex -8.929039352e-03 -5.557816941e-03 1.127987052e-03
    endloop
  endfacet
  facet normal -6.561734080e-01 -7.500433922e-01 8.289384842e-02
    outer loop
      vertex -8.232960477e-03 -6.057822611e-03 2.113858238e-03
      vertex -8.929039352e-03 -5.557816941e-03 1.127987052e-03
      vertex -8.499999531e-03 -6.057825405e-03 -3.151620076e-09
    endloop
  endfacet
  facet normal -7.064153552e-01 -7.064011693e-01 4.443846270e-02
    outer loop
      vertex -8.499999531e-03 -6.057825405e-03 -3.151620076e-09
      vertex -8.929039352e-03 -5.557816941e-03 1.127987052e-03
      vertex -8.999996819e-03 -5.557818338e-03 -6.878992043e-09
    endloop
  endfacet
  facet normal -7.064147592e-01 -7.064011693e-01 -4.444720596e-02
    outer loop
      vertex -8.499999531e-03 -6.057825405e-03 -3.151620076e-09
      vertex -8.999996819e-03 -5.557818338e-03 -6.878992043e-09
      vertex -8.929022588e-03 -5.557819270e-03 -1.128012431e-03
    endloop
  endfacet
  facet normal 7.042872906e-01 7.043175697e-01 8.897309750e-02
    outer loop
      vertex 9.000006132e-03 5.442178342e-03 1.348426615e-08
      vertex 8.232945576e-03 5.942171905e-03 2.113875700e-03
      vertex 8.717251010e-03 5.442179739e-03 2.238217276e-03
    endloop
  endfacet
  facet normal 6.600356102e-01 7.043163180e-01 2.613264620e-01
    outer loop
      vertex 8.717251010e-03 5.442179739e-03 2.238217276e-03
      vertex 8.232945576e-03 5.942171905e-03 2.113875700e-03
      vertex 7.448596880e-03 5.942171440e-03 4.094915930e-03
    endloop
  endfacet
  facet normal 6.600410342e-01 7.043091655e-01 2.613320649e-01
    outer loop
      vertex 8.717251010e-03 5.442179739e-03 2.238217276e-03
      vertex 7.448596880e-03 5.942171440e-03 4.094915930e-03
      vertex 7.886749692e-03 5.442179274e-03 4.335797857e-03
    endloop
  endfacet
  facet normal 5.743167996e-01 7.043099999e-01 4.172621071e-01
    outer loop
      vertex 7.886749692e-03 5.442179274e-03 4.335797857e-03
      vertex 7.448596880e-03 5.942171440e-03 4.094915930e-03
      vertex 6.196224131e-03 5.942184478e-03 5.818651523e-03
    endloop
  endfacet
  facet normal 5.743203163e-01 7.043033838e-01 4.172683358e-01
    outer loop
      vertex 7.886749692e-03 5.442179274e-03 4.335797857e-03
      vertex 6.196224131e-03 5.942184478e-03 5.818651523e-03
      vertex 6.560713984e-03 5.442177411e-03 6.160932127e-03
    endloop
  endfacet
  facet normal 4.525070786e-01 7.043036819e-01 5.469859838e-01
    outer loop
      vertex 6.560713984e-03 5.442177411e-03 6.160932127e-03
      vertex 6.196224131e-03 5.942184478e-03 5.818651523e-03
      vertex 4.554517567e-03 5.942181684e-03 7.176795974e-03
    endloop
  endfacet
  facet normal 4.525096714e-01 7.042945027e-01 5.469956398e-01
    outer loop
      vertex 6.560713984e-03 5.442177411e-03 6.160932127e-03
      vertex 4.554517567e-03 5.942181684e-03 7.176795974e-03
      vertex 4.822426941e-03 5.442174152e-03 7.598957978e-03
    endloop
  endfacet
  facet normal 3.022623062e-01 7.042945623e-01 6.423446536e-01
    outer loop
      vertex 4.822426941e-03 5.442174152e-03 7.598957978e-03
      vertex 4.554517567e-03 5.942181684e-03 7.176795974e-03
      vertex 2.626633737e-03 5.942177027e-03 8.083987981e-03
    endloop
  endfacet
  facet normal 3.022622168e-01 7.043023705e-01 6.423361301e-01
    outer loop
      vertex 4.822426941e-03 5.442174152e-03 7.598957978e-03
      vertex 2.626633737e-03 5.942177027e-03 8.083987981e-03
      vertex 2.781141317e-03 5.442184396e-03 8.559508249e-03
    endloop
  endfacet
  facet normal 1.330173016e-01 7.043018937e-01 6.973271966e-01
    outer loop
      vertex 2.781141317e-03 5.442184396e-03 8.559508249e-03
      vertex 2.626633737e-03 5.942177027e-03 8.083987981e-03
      vertex 5.337102921e-04 5.942171905e-03 8.483224548e-03
    endloop
  endfacet
  facet normal 1.330193430e-01 7.043097615e-01 6.973188519e-01
    outer loop
      vertex 2.781141317e-03 5.442184396e-03 8.559508249e-03
      vertex 5.337102921e-04 5.942171905e-03 8.483224548e-03
      vertex 5.650994717e-04 5.442178808e-03 8.982243016e-03
    endloop
  endfacet
  facet normal -4.457429424e-02 7.043108344e-01 7.084909081e-01
    outer loop
      vertex 5.650994717e-04 5.442178808e-03 8.982243016e-03
      vertex 5.337102921e-04 5.942171905e-03 8.483224548e-03
      vertex -1.592753339e-03 5.942180753e-03 8.349430747e-03
    endloop
  endfacet
  facet normal -4.457778856e-02 7.043040395e-01 7.084974647e-01
    outer loop
      vertex 5.650994717e-04 5.442178808e-03 8.982243016e-03
      vertex -1.592753339e-03 5.942180753e-03 8.349430747e-03
      vertex -1.686445088e-03 5.442172755e-03 8.840584196e-03
    endloop
  endfacet
  facet normal -2.193701565e-01 7.043037415e-01 6.751540303e-01
    outer loop
      vertex -1.686445088e-03 5.442172755e-03 8.840584196e-03
      vertex -1.592753339e-03 5.942180753e-03 8.349430747e-03
      vertex -3.619139083e-03 5.942174699e-03 7.691026200e-03
    endloop
  endfacet
  facet normal -2.193702757e-01 7.043035626e-01 6.751541495e-01
    outer loop
      vertex -1.686445088e-03 5.442172755e-03 8.840584196e-03
      vertex -3.619139083e-03 5.942174699e-03 7.691026200e-03
      vertex -3.832015907e-03 5.442181136e-03 8.143438958e-03
    endloop
  endfacet
  facet normal -3.803854585e-01 7.043014765e-01 5.993883014e-01
    outer loop
      vertex -3.832015907e-03 5.442181136e-03 8.143438958e-03
      vertex -3.619139083e-03 5.942174699e-03 7.691026200e-03
      vertex -5.418113433e-03 5.942183547e-03 6.549345795e-03
    endloop
  endfacet
  facet normal -3.803857267e-01 7.043011785e-01 5.993884802e-01
    outer loop
      vertex -3.832015907e-03 5.442181136e-03 8.143438958e-03
      vertex -5.418113433e-03 5.942183547e-03 6.549345795e-03
      vertex -5.736825988e-03 5.442174617e-03 6.934610661e-03
    endloop
  endfacet
  facet normal -5.174987316e-01 7.042999864e-01 4.859594107e-01
    outer loop
      vertex -5.736825988e-03 5.442174617e-03 6.934610661e-03
      vertex -5.418113433e-03 5.942183547e-03 6.549345795e-03
      vertex -6.876642816e-03 5.942177959e-03 4.996163771e-03
    endloop
  endfacet
  facet normal -5.174851418e-01 7.043131590e-01 4.859548211e-01
    outer loop
      vertex -5.736825988e-03 5.442174617e-03 6.934610661e-03
      vertex -6.876642816e-03 5.942177959e-03 4.996163771e-03
      vertex -7.281157188e-03 5.442183930e-03 5.290064961e-03
    endloop
  endfacet
  facet normal -6.220818758e-01 7.043126225e-01 3.419909775e-01
    outer loop
      vertex -7.281157188e-03 5.442183930e-03 5.290064961e-03
      vertex -6.876642816e-03 5.942177959e-03 4.996163771e-03
      vertex -7.903099991e-03 5.942173768e-03 3.129047109e-03
    endloop
  endfacet
  facet normal -6.220909953e-01 7.043042779e-01 3.419916630e-01
    outer loop
      vertex -7.281157188e-03 5.442183930e-03 5.290064961e-03
      vertex -7.903099991e-03 5.942173768e-03 3.129047109e-03
      vertex -8.367985487e-03 5.442178808e-03 3.313107416e-03
    endloop
  endfacet
  facet normal -6.875948906e-01 7.043042779e-01 1.765467972e-01
    outer loop
      vertex -8.367985487e-03 5.442178808e-03 3.313107416e-03
      vertex -7.903099991e-03 5.942173768e-03 3.129047109e-03
      vertex -8.432971314e-03 5.942185409e-03 1.065317309e-03
    endloop
  endfacet
  facet normal -6.875983477e-01 7.043010592e-01 1.765461862e-01
    outer loop
      vertex -8.367985487e-03 5.442178808e-03 3.313107416e-03
      vertex -8.432971314e-03 5.942185409e-03 1.065317309e-03
      vertex -8.929036558e-03 5.442175549e-03 1.127983211e-03
    endloop
  endfacet
  facet normal -7.099009156e-01 7.043015361e-01 1.429635063e-06
    outer loop
      vertex -8.929036558e-03 5.442175549e-03 1.127983211e-03
      vertex -8.432971314e-03 5.942185409e-03 1.065317309e-03
      vertex -8.432977833e-03 5.942183081e-03 -1.065337681e-03
    endloop
  endfacet
  facet normal -7.099108696e-01 7.042915225e-01 -3.094211706e-06
    outer loop
      vertex -8.929036558e-03 5.442175549e-03 1.127983211e-03
      vertex -8.432977833e-03 5.942183081e-03 -1.065337681e-03
      vertex -8.929029107e-03 5.442173220e-03 -1.128004398e-03
    endloop
  endfacet
  facet normal -6.876072884e-01 7.042913437e-01 -1.765500605e-01
    outer loop
      vertex -8.929029107e-03 5.442173220e-03 -1.128004398e-03
      vertex -8.432977833e-03 5.942183081e-03 -1.065337681e-03
      vertex -7.903096266e-03 5.942182615e-03 -3.129060147e-03
    endloop
  endfacet
  facet normal -6.876064539e-01 7.042922974e-01 -1.765494198e-01
    outer loop
      vertex -8.929029107e-03 5.442173220e-03 -1.128004398e-03
      vertex -7.903096266e-03 5.942182615e-03 -3.129060147e-03
      vertex -8.367977105e-03 5.442172755e-03 -3.313132562e-03
    endloop
  endfacet
  facet normal -6.220967770e-01 7.042942643e-01 -3.420017064e-01
    outer loop
      vertex -8.367977105e-03 5.442172755e-03 -3.313132562e-03
      vertex -7.903096266e-03 5.942182615e-03 -3.129060147e-03
      vertex -6.876631640e-03 5.942183547e-03 -4.996184725e-03
    endloop
  endfacet
  facet normal -6.220909357e-01 7.043032646e-01 -3.419938087e-01
    outer loop
      vertex -8.367977105e-03 5.442172755e-03 -3.313132562e-03
      vertex -6.876631640e-03 5.942183547e-03 -4.996184725e-03
      vertex -7.281150669e-03 5.442173686e-03 -5.290081259e-03
    endloop
  endfacet
  facet normal -5.174934864e-01 7.043027878e-01 -4.859609604e-01
    outer loop
      vertex -7.281150669e-03 5.442173686e-03 -5.290081259e-03
      vertex -6.876631640e-03 5.942183547e-03 -4.996184725e-03
      vertex -5.418095738e-03 5.942171440e-03 -6.549378857e-03
    endloop
  endfacet
  facet normal -5.174932480e-01 7.043033242e-01 -4.859603941e-01
    outer loop
      vertex -7.281150669e-03 5.442173686e-03 -5.290081259e-03
      vertex -5.418095738e-03 5.942171440e-03 -6.549378857e-03
      vertex -5.736813415e-03 5.442176480e-03 -6.934623234e-03
    endloop
  endfacet
  facet normal -3.803825378e-01 7.043009400e-01 -5.993907452e-01
    outer loop
      vertex -5.736813415e-03 5.442176480e-03 -6.934623234e-03
      vertex -5.418095738e-03 5.942171440e-03 -6.549378857e-03
      vertex -3.619109280e-03 5.942175165e-03 -7.691038307e-03
    endloop
  endfacet
  facet normal -3.803819120e-01 7.043052316e-01 -5.993861556e-01
    outer loop
      vertex -5.736813415e-03 5.442176480e-03 -6.934623234e-03
      vertex -3.619109280e-03 5.942175165e-03 -7.691038307e-03
      vertex -3.831997747e-03 5.442180671e-03 -8.143451065e-03
    endloop
  endfacet
  facet normal -2.193725109e-01 7.043054700e-01 -6.751514673e-01
    outer loop
      vertex -3.831997747e-03 5.442180671e-03 -8.143451065e-03
      vertex -3.619109280e-03 5.942175165e-03 -7.691038307e-03
      vertex -1.592729473e-03 5.942180287e-03 -8.349451236e-03
    endloop
  endfacet
  facet normal -2.193701863e-01 7.042866945e-01 -6.751717925e-01
    outer loop
      vertex -3.831997747e-03 5.442180671e-03 -8.143451065e-03
      vertex -1.592729473e-03 5.942180287e-03 -8.349451236e-03
      vertex -1.686417614e-03 5.442170892e-03 -8.840582334e-03
    endloop
  endfacet
  facet normal -4.457027465e-02 7.042859793e-01 -7.085158825e-01
    outer loop
      vertex -1.686417614e-03 5.442170892e-03 -8.840582334e-03
      vertex -1.592729473e-03 5.942180287e-03 -8.349451236e-03
      vertex 5.337292096e-04 5.942170974e-03 -8.483229205e-03
    endloop
  endfacet
  facet normal -4.457711801e-02 7.043035626e-01 -7.084980011e-01
    outer loop
      vertex -1.686417614e-03 5.442170892e-03 -8.840582334e-03
      vertex 5.337292096e-04 5.942170974e-03 -8.483229205e-03
      vertex 5.651312531e-04 5.442176946e-03 -8.982238360e-03
    endloop
  endfacet
  facet normal 1.330205649e-01 7.043049932e-01 -6.973234415e-01
    outer loop
      vertex 5.651312531e-04 5.442176946e-03 -8.982238360e-03
      vertex 5.337292096e-04 5.942170974e-03 -8.483229205e-03
      vertex 2.626659349e-03 5.942177027e-03 -8.083977737e-03
    endloop
  endfacet
  facet normal 1.330177784e-01 7.043094635e-01 -6.973195076e-01
    outer loop
      vertex 5.651312531e-04 5.442176946e-03 -8.982238360e-03
      vertex 2.626659349e-03 5.942177027e-03 -8.083977737e-03
      vertex 2.781161806e-03 5.442183465e-03 -8.559511043e-03
    endloop
  endfacet
  facet normal 3.022597432e-01 7.043082118e-01 -6.423308849e-01
    outer loop
      vertex 2.781161806e-03 5.442183465e-03 -8.559511043e-03
      vertex 2.626659349e-03 5.942177027e-03 -8.083977737e-03
      vertex 4.554534331e-03 5.942183081e-03 -7.176776882e-03
    endloop
  endfacet
  facet normal 3.022639155e-01 7.043032646e-01 -6.423344016e-01
    outer loop
      vertex 2.781161806e-03 5.442183465e-03 -8.559511043e-03
      vertex 4.554534331e-03 5.942183081e-03 -7.176776882e-03
      vertex 4.822450224e-03 5.442175083e-03 -7.598949596e-03
    endloop
  endfacet
  facet normal 4.525085390e-01 7.043024302e-01 -5.469864011e-01
    outer loop
      vertex 4.822450224e-03 5.442175083e-03 -7.598949596e-03
      vertex 4.554534331e-03 5.942183081e-03 -7.176776882e-03
      vertex 6.196240429e-03 5.942173768e-03 -5.818645004e-03
    endloop
  endfacet
  facet normal 4.525000751e-01 7.043110728e-01 -5.469822884e-01
    outer loop
      vertex 4.822450224e-03 5.442175083e-03 -7.598949596e-03
      vertex 6.196240429e-03 5.942173768e-03 -5.818645004e-03
      vertex 6.560731214e-03 5.442181136e-03 -6.160920020e-03
    endloop
  endfacet
  facet normal 5.743127465e-01 7.043119073e-01 -4.172644317e-01
    outer loop
      vertex 6.560731214e-03 5.442181136e-03 -6.160920020e-03
      vertex 6.196240429e-03 5.942173768e-03 -5.818645004e-03
      vertex 7.448616438e-03 5.942178890e-03 -4.094896372e-03
    endloop
  endfacet
  facet normal 5.743264556e-01 7.042990923e-01 -4.172672033e-01
    outer loop
      vertex 6.560731214e-03 5.442181136e-03 -6.160920020e-03
      vertex 7.448616438e-03 5.942178890e-03 -4.094896372e-03
      vertex 7.886773907e-03 5.442171358e-03 -4.335772246e-03
    endloop
  endfacet
  facet normal 6.600514650e-01 7.042992711e-01 -2.613323033e-01
    outer loop
      vertex 7.886773907e-03 5.442171358e-03 -4.335772246e-03
      vertex 7.448616438e-03 5.942178890e-03 -4.094896372e-03
      vertex 8.232957684e-03 5.942182615e-03 -2.113860799e-03
    endloop
  endfacet
  facet normal 6.600562334e-01 7.042949200e-01 -2.613320351e-01
    outer loop
      vertex 7.886773907e-03 5.442171358e-03 -4.335772246e-03
      vertex 8.232957684e-03 5.942182615e-03 -2.113860799e-03
      vertex 8.717247285e-03 5.442175549e-03 -2.238203073e-03
    endloop
  endfacet
  facet normal 7.043098211e-01 7.042949796e-01 -8.897333592e-02
    outer loop
      vertex 8.717247285e-03 5.442175549e-03 -2.238203073e-03
      vertex 8.232957684e-03 5.942182615e-03 -2.113860799e-03
      vertex 8.500008844e-03 5.942170508e-03 9.756908170e-09
    endloop
  endfacet
  facet normal 7.042989135e-01 7.043054104e-01 -8.897673339e-02
    outer loop
      vertex 8.717247285e-03 5.442175549e-03 -2.238203073e-03
      vertex 8.500008844e-03 5.942170508e-03 9.756908170e-09
      vertex 9.000006132e-03 5.442178342e-03 1.348426615e-08
    endloop
  endfacet
  facet normal 7.042980790e-01 7.043058872e-01 8.897978067e-02
    outer loop
      vertex 9.000006132e-03 5.442178342e-03 1.348426615e-08
      vertex 8.500008844e-03 5.942170508e-03 9.756908170e-09
      vertex 8.232945576e-03 5.942171905e-03 2.113875700e-03
    endloop
  endfacet
  facet normal -5.008968115e-01 7.356271744e-01 4.560209215e-01
    outer loop
      vertex 3.633090295e-03 -1.053755754e-03 3.435209626e-03
      vertex 4.444168415e-03 -8.708561654e-04 4.031060729e-03
      vertex 3.882321063e-03 -7.077503833e-04 3.150810255e-03
    endloop
  endfacet
  facet normal -6.132848263e-01 6.080665588e-01 5.041198134e-01
    outer loop
      vertex 3.882321063e-03 -7.077503833e-04 3.150810255e-03
      vertex 4.444168415e-03 -8.708561654e-04 4.031060729e-03
      vertex 4.566147458e-03 -6.328247837e-04 3.892341396e-03
    endloop
  endfacet
  facet normal -6.481814384e-01 5.329583287e-01 5.438898802e-01
    outer loop
      vertex 3.882321063e-03 -7.077503833e-04 3.150810255e-03
      vertex 4.566147458e-03 -6.328247837e-04 3.892341396e-03
      vertex 3.912461456e-03 -6.328272866e-04 3.113312880e-03
    endloop
  endfacet
  facet normal -7.076969147e-01 3.827936351e-01 5.938300490e-01
    outer loop
      vertex 3.912461456e-03 -6.328272866e-04 3.113312880e-03
      vertex 4.566147458e-03 -6.328247837e-04 3.892341396e-03
      vertex 3.984497860e-03 -3.557699092e-04 3.020566190e-03
    endloop
  endfacet
  facet normal -7.076472640e-01 3.828895390e-01 5.938273668e-01
    outer loop
      vertex 3.984497860e-03 -3.557699092e-04 3.020566190e-03
      vertex 4.566147458e-03 -6.328247837e-04 3.892341396e-03
      vertex 4.640891217e-03 -3.559909237e-04 3.802913707e-03
    endloop
  endfacet
  facet normal -7.594950795e-01 1.306564510e-01 6.372566819e-01
    outer loop
      vertex 3.984497860e-03 -3.557699092e-04 3.020566190e-03
      vertex 4.640891217e-03 -3.559909237e-04 3.802913707e-03
      vertex 4.008714110e-03 -5.782115841e-05 2.988338936e-03
    endloop
  endfacet
  facet normal -7.594588995e-01 1.307812035e-01 6.372742653e-01
    outer loop
      vertex 4.008714110e-03 -5.782115841e-05 2.988338936e-03
      vertex 4.640891217e-03 -3.559909237e-04 3.802913707e-03
      vertex 4.666168708e-03 -5.781864093e-05 3.771847114e-03
    endloop
  endfacet
  facet normal -7.594712973e-01 -1.306540668e-01 6.372855306e-01
    outer loop
      vertex 4.008714110e-03 -5.782115841e-05 2.988338936e-03
      vertex 4.666168708e-03 -5.781864093e-05 3.771847114e-03
      vertex 3.984496463e-03 2.401424281e-04 3.020565724e-03
    endloop
  endfacet
  facet normal -7.594754100e-01 -1.306988299e-01 6.372714639e-01
    outer loop
      vertex 3.984496463e-03 2.401424281e-04 3.020565724e-03
      vertex 4.666168708e-03 -5.781864093e-05 3.771847114e-03
      vertex 4.640916828e-03 2.402194514e-04 3.802877851e-03
    endloop
  endfacet
  facet normal -7.076802254e-01 -3.828149736e-01 5.938361883e-01
    outer loop
      vertex 3.984496463e-03 2.401424281e-04 3.020565724e-03
      vertex 4.640916828e-03 2.402194514e-04 3.802877851e-03
      vertex 3.912458196e-03 5.171847297e-04 3.113311948e-03
    endloop
  endfacet
  facet normal -7.076738477e-01 -3.828737438e-01 5.938058496e-01
    outer loop
      vertex 3.912458196e-03 5.171847297e-04 3.113311948e-03
      vertex 4.640916828e-03 2.402194514e-04 3.802877851e-03
      vertex 4.566144198e-03 5.171723315e-04 3.892340232e-03
    endloop
  endfacet
  facet normal -6.076695919e-01 -6.088938117e-01 5.098882318e-01
    outer loop
      vertex 3.912458196e-03 5.171847297e-04 3.113311948e-03
      vertex 4.566144198e-03 5.171723315e-04 3.892340232e-03
      vertex 3.793904092e-03 7.556030760e-04 3.256734693e-03
    endloop
  endfacet
  facet normal -6.077381372e-01 -6.086922884e-01 5.100471377e-01
    outer loop
      vertex 3.793904092e-03 7.556030760e-04 3.256734693e-03
      vertex 4.566144198e-03 5.171723315e-04 3.892340232e-03
      vertex 4.444154911e-03 7.552181487e-04 4.031070974e-03
    endloop
  endfacet
  facet normal -4.663078785e-01 -7.934281826e-01 3.911888599e-01
    outer loop
      vertex 3.793904092e-03 7.556030760e-04 3.256734693e-03
      vertex 4.444154911e-03 7.552181487e-04 4.031070974e-03
      vertex 3.633084940e-03 9.381122654e-04 3.435207764e-03
    endloop
  endfacet
  facet normal -4.663830400e-01 -7.933166027e-01 3.913254142e-01
    outer loop
      vertex 3.633084940e-03 9.381122654e-04 3.435207764e-03
      vertex 4.444154911e-03 7.552181487e-04 4.031070974e-03
      vertex 4.279443994e-03 9.380998090e-04 4.205515608e-03
    endloop
  endfacet
  facet normal -2.714976370e-01 -9.350924492e-01 2.277963609e-01
    outer loop
      vertex 3.633084940e-03 9.381122654e-04 3.435207764e-03
      vertex 4.279443994e-03 9.380998090e-04 4.205515608e-03
      vertex 3.386398079e-03 1.069033402e-03 3.678620327e-03
    endloop
  endfacet
  facet normal -2.862082124e-01 -9.234395027e-01 2.556253970e-01
    outer loop
      vertex 3.386398079e-03 1.069033402e-03 3.678620327e-03
      vertex 4.279443994e-03 9.380998090e-04 4.205515608e-03
      vertex 4.082857165e-03 1.051929430e-03 4.396615550e-03
    endloop
  endfacet
  facet normal -8.330030739e-02 -9.948871732e-01 5.710167438e-02
    outer loop
      vertex 3.386398079e-03 1.069033402e-03 3.678620327e-03
      vertex 4.082857165e-03 1.051929430e-03 4.396615550e-03
      vertex 3.213940421e-03 1.092174556e-03 3.830228467e-03
    endloop
  endfacet
  facet normal -1.031532809e-01 -9.907782674e-01 8.785086125e-02
    outer loop
      vertex 3.213940421e-03 1.092174556e-03 3.830228467e-03
      vertex 4.082857165e-03 1.051929430e-03 4.396615550e-03
      vertex 3.862483427e-03 1.092147199e-03 4.591430537e-03
    endloop
  endfacet
  facet normal 9.952995926e-02 -9.914115071e-01 -8.483496308e-02
    outer loop
      vertex 3.213940421e-03 1.092174556e-03 3.830228467e-03
      vertex 3.862483427e-03 1.092147199e-03 4.591430537e-03
      vertex 2.979793819e-03 1.052849926e-03 4.015084822e-03
    endloop
  endfacet
  facet normal 9.768378735e-02 -9.918353558e-01 -8.197860420e-02
    outer loop
      vertex 2.979793819e-03 1.052849926e-03 4.015084822e-03
      vertex 3.862483427e-03 1.092147199e-03 4.591430537e-03
      vertex 3.623514203e-03 1.052837470e-03 4.782277159e-03
    endloop
  endfacet
  facet normal 2.933213711e-01 -9.237873554e-01 -2.461291105e-01
    outer loop
      vertex 2.979793819e-03 1.052849926e-03 4.015084822e-03
      vertex 3.623514203e-03 1.052837470e-03 4.782277159e-03
      vertex 2.752131084e-03 9.381105192e-04 4.174417816e-03
    endloop
  endfacet
  facet normal 2.933097780e-01 -9.237958789e-01 -2.461108714e-01
    outer loop
      vertex 2.752131084e-03 9.381105192e-04 4.174417816e-03
      vertex 3.623514203e-03 1.052837470e-03 4.782277159e-03
      vertex 3.398490138e-03 9.381130221e-04 4.944725428e-03
    endloop
  endfacet
  facet normal 4.663094282e-01 -7.933853269e-01 -3.912738860e-01
    outer loop
      vertex 2.752131084e-03 9.381105192e-04 4.174417816e-03
      vertex 3.398490138e-03 9.381130221e-04 4.944725428e-03
      vertex 2.548334422e-03 7.554814802e-04 4.301855341e-03
    endloop
  endfacet
  facet normal 4.663242102e-01 -7.933639884e-01 -3.912995160e-01
    outer loop
      vertex 2.548334422e-03 7.554814802e-04 4.301855341e-03
      vertex 3.398490138e-03 9.381130221e-04 4.944725428e-03
      vertex 3.198306542e-03 7.554541808e-04 5.076503381e-03
    endloop
  endfacet
  facet normal 6.077055335e-01 -6.088316441e-01 -5.099196434e-01
    outer loop
      vertex 2.548334422e-03 7.554814802e-04 4.301855341e-03
      vertex 3.198306542e-03 7.554541808e-04 5.076503381e-03
      vertex 2.386609092e-03 5.171817611e-04 4.393640440e-03
    endloop
  endfacet
  facet normal 6.076992750e-01 -6.088492870e-01 -5.099060535e-01
    outer loop
      vertex 2.386609092e-03 5.171817611e-04 4.393640440e-03
      vertex 3.198306542e-03 7.554541808e-04 5.076503381e-03
      vertex 3.040285781e-03 5.171842640e-04 5.172680598e-03
    endloop
  endfacet
  facet normal 7.076957226e-01 -3.828241527e-01 -5.938117504e-01
    outer loop
      vertex 2.386609092e-03 5.171817611e-04 4.393640440e-03
      vertex 3.040285781e-03 5.171842640e-04 5.172680598e-03
      vertex 2.282765461e-03 2.401540405e-04 4.448477644e-03
    endloop
  endfacet
  facet normal 7.077187300e-01 -3.826276660e-01 -5.939109921e-01
    outer loop
      vertex 2.282765461e-03 2.401540405e-04 4.448477644e-03
      vertex 3.040285781e-03 5.171842640e-04 5.172680598e-03
      vertex 2.939116675e-03 2.397989156e-04 5.230830982e-03
    endloop
  endfacet
  facet normal 7.595016956e-01 -1.307010353e-01 -6.372396946e-01
    outer loop
      vertex 2.282765461e-03 2.401540405e-04 4.448477644e-03
      vertex 2.939116675e-03 2.397989156e-04 5.230830982e-03
      vertex 2.246815246e-03 -5.782456719e-05 4.466746934e-03
    endloop
  endfacet
  facet normal 7.594897151e-01 -1.305653751e-01 -6.372817159e-01
    outer loop
      vertex 2.246815246e-03 -5.782456719e-05 4.466746934e-03
      vertex 2.939116675e-03 2.397989156e-04 5.230830982e-03
      vertex 2.904260997e-03 -5.782204607e-05 5.250266753e-03
    endloop
  endfacet
  facet normal 7.594754696e-01 1.307027787e-01 -6.372705698e-01
    outer loop
      vertex 2.246815246e-03 -5.782456719e-05 4.466746934e-03
      vertex 2.904260997e-03 -5.782204607e-05 5.250266753e-03
      vertex 2.282767091e-03 -3.558030003e-04 4.448478576e-03
    endloop
  endfacet
  facet normal 7.593668103e-01 1.310730428e-01 -6.373239756e-01
    outer loop
      vertex 2.282767091e-03 -3.558030003e-04 4.448478576e-03
      vertex 2.904260997e-03 -5.782204607e-05 5.250266753e-03
      vertex 2.939395141e-03 -3.566647647e-04 5.230668467e-03
    endloop
  endfacet
  facet normal 7.077695131e-01 3.828114569e-01 -5.937320590e-01
    outer loop
      vertex 2.282767091e-03 -3.558030003e-04 4.448478576e-03
      vertex 2.939395141e-03 -3.566647647e-04 5.230668467e-03
      vertex 2.386603039e-03 -6.328153540e-04 4.393653013e-03
    endloop
  endfacet
  facet normal 7.075783014e-01 3.831747174e-01 -5.937256217e-01
    outer loop
      vertex 2.386603039e-03 -6.328153540e-04 4.393653013e-03
      vertex 2.939395141e-03 -3.566647647e-04 5.230668467e-03
      vertex 3.040289041e-03 -6.328277523e-04 5.172681529e-03
    endloop
  endfacet
  facet normal 6.077663898e-01 6.087290645e-01 -5.099695325e-01
    outer loop
      vertex 2.386603039e-03 -6.328153540e-04 4.393653013e-03
      vertex 3.040289041e-03 -6.328277523e-04 5.172681529e-03
      vertex 2.548170509e-03 -8.709504618e-04 4.301952664e-03
    endloop
  endfacet
  facet normal 6.077578664e-01 6.087393165e-01 -5.099675059e-01
    outer loop
      vertex 2.548170509e-03 -8.709504618e-04 4.301952664e-03
      vertex 3.040289041e-03 -6.328277523e-04 5.172681529e-03
      vertex 3.198142629e-03 -8.709181566e-04 5.076600704e-03
    endloop
  endfacet
  facet normal 4.663516581e-01 7.933340073e-01 -3.913276196e-01
    outer loop
      vertex 2.548170509e-03 -8.709504618e-04 4.301952664e-03
      vertex 3.198142629e-03 -8.709181566e-04 5.076600704e-03
      vertex 2.752136439e-03 -1.053757500e-03 4.174419679e-03
    endloop
  endfacet
  facet normal 4.663781822e-01 7.933139205e-01 -3.913366795e-01
    outer loop
      vertex 2.752136439e-03 -1.053757500e-03 4.174419679e-03
      vertex 3.198142629e-03 -8.709181566e-04 5.076600704e-03
      vertex 3.398495493e-03 -1.053755055e-03 4.944727290e-03
    endloop
  endfacet
  facet normal 2.931654155e-01 9.238723516e-01 -2.459956855e-01
    outer loop
      vertex 2.752136439e-03 -1.053757500e-03 4.174419679e-03
      vertex 3.398495493e-03 -1.053755055e-03 4.944727290e-03
      vertex 2.980155870e-03 -1.168615185e-03 4.014797509e-03
    endloop
  endfacet
  facet normal 2.931092978e-01 9.238961339e-01 -2.459733784e-01
    outer loop
      vertex 2.980155870e-03 -1.168615185e-03 4.014797509e-03
      vertex 3.398495493e-03 -1.053755055e-03 4.944727290e-03
      vertex 3.623993602e-03 -1.168642542e-03 4.781911150e-03
    endloop
  endfacet
  facet normal 1.000313312e-01 9.914388657e-01 -8.392085135e-02
    outer loop
      vertex 2.980155870e-03 -1.168615185e-03 4.014797509e-03
      vertex 3.623993602e-03 -1.168642542e-03 4.781911150e-03
      vertex 3.213895718e-03 -1.207819674e-03 3.830247791e-03
    endloop
  endfacet
  facet normal 9.997139126e-02 9.914470911e-01 -8.389535546e-02
    outer loop
      vertex 3.213895718e-03 -1.207819674e-03 3.830247791e-03
      vertex 3.623993602e-03 -1.168642542e-03 4.781911150e-03
      vertex 3.856712487e-03 -1.207817229e-03 4.596270155e-03
    endloop
  endfacet
  facet normal -7.681708783e-02 9.949594140e-01 6.445876509e-02
    outer loop
      vertex 3.213895718e-03 -1.207819674e-03 3.830247791e-03
      vertex 3.856712487e-03 -1.207817229e-03 4.596270155e-03
      vertex 3.386404365e-03 -1.184677822e-03 3.678622423e-03
    endloop
  endfacet
  facet normal -1.061171740e-01 9.911800623e-01 7.938019931e-02
    outer loop
      vertex 3.386404365e-03 -1.184677822e-03 3.678622423e-03
      vertex 3.856712487e-03 -1.207817229e-03 4.596270155e-03
      vertex 4.082624335e-03 -1.167658134e-03 4.396828357e-03
    endloop
  endfacet
  facet normal -2.648865879e-01 9.353029728e-01 2.346134931e-01
    outer loop
      vertex 3.386404365e-03 -1.184677822e-03 3.678622423e-03
      vertex 4.082624335e-03 -1.167658134e-03 4.396828357e-03
      vertex 3.633090295e-03 -1.053755754e-03 3.435209626e-03
    endloop
  endfacet
  facet normal -2.942890227e-01 9.232650399e-01 2.469325513e-01
    outer loop
      vertex 3.633090295e-03 -1.053755754e-03 3.435209626e-03
      vertex 4.082624335e-03 -1.167658134e-03 4.396828357e-03
      vertex 4.279449582e-03 -1.053753309e-03 4.205517471e-03
    endloop
  endfacet
  facet normal -4.663851261e-01 7.933095098e-01 3.913373947e-01
    outer loop
      vertex 3.633090295e-03 -1.053755754e-03 3.435209626e-03
      vertex 4.279449582e-03 -1.053753309e-03 4.205517471e-03
      vertex 4.444168415e-03 -8.708561654e-04 4.031060729e-03
    endloop
  endfacet
  facet normal -2.718620181e-06 1.000000000e+00 -9.345654348e-07
    outer loop
      vertex -1.699591056e-03 5.942182615e-03 -5.230810028e-03
      vertex -3.619109280e-03 5.942175165e-03 -7.691038307e-03
      vertex -3.232812276e-03 5.942179356e-03 -4.449589644e-03
    endloop
  endfacet
  facet normal -2.718620181e-06 1.000000000e+00 -9.345654348e-07
    outer loop
      vertex -3.232812276e-03 5.942179356e-03 -4.449589644e-03
      vertex -3.619109280e-03 5.942175165e-03 -7.691038307e-03
      vertex -5.418095738e-03 5.942171440e-03 -6.549378857e-03
    endloop
  endfacet
  facet normal -2.718620181e-06 1.000000000e+00 -9.345654348e-07
    outer loop
      vertex -3.232812276e-03 5.942179356e-03 -4.449589644e-03
      vertex -5.418095738e-03 5.942171440e-03 -6.549378857e-03
      vertex -4.449584521e-03 5.942177027e-03 -3.232824849e-03
    endloop
  endfacet
  facet normal 5.074447017e-06 1.000000000e+00 -3.210322348e-06
    outer loop
      vertex -4.449584521e-03 5.942177027e-03 -3.232824849e-03
      vertex -5.418095738e-03 5.942171440e-03 -6.549378857e-03
      vertex -6.876631640e-03 5.942183547e-03 -4.996184725e-03
    endloop
  endfacet
  facet normal 1.762206580e-06 1.000000000e+00 1.348567480e-06
    outer loop
      vertex -4.449584521e-03 5.942177027e-03 -3.232824849e-03
      vertex -6.876631640e-03 5.942183547e-03 -4.996184725e-03
      vertex -5.230809562e-03 5.942176562e-03 -1.699609798e-03
    endloop
  endfacet
  facet normal 4.590636763e-06 1.000000000e+00 4.002582500e-06
    outer loop
      vertex 4.449596163e-03 5.942171440e-03 -3.232805524e-03
      vertex 6.196240429e-03 5.942173768e-03 -5.818645004e-03
      vertex 3.232819960e-03 5.942182150e-03 -4.449586850e-03
    endloop
  endfacet
  facet normal 3.760382924e-06 1.000000000e+00 2.205440296e-06
    outer loop
      vertex 3.232819960e-03 5.942182150e-03 -4.449586850e-03
      vertex 6.196240429e-03 5.942173768e-03 -5.818645004e-03
      vertex 4.554534331e-03 5.942183081e-03 -7.176776882e-03
    endloop
  endfacet
  facet normal -2.718620181e-06 1.000000000e+00 -9.345654348e-07
    outer loop
      vertex 3.232819960e-03 5.942182150e-03 -4.449586850e-03
      vertex 4.554534331e-03 5.942183081e-03 -7.176776882e-03
      vertex 1.699604909e-03 5.942177027e-03 -5.230811890e-03
    endloop
  endfacet
  facet normal -2.718620181e-06 1.000000000e+00 -9.345654348e-07
    outer loop
      vertex 1.699604909e-03 5.942177027e-03 -5.230811890e-03
      vertex 4.554534331e-03 5.942183081e-03 -7.176776882e-03
      vertex 2.626659349e-03 5.942177027e-03 -8.083977737e-03
    endloop
  endfacet
  facet normal -2.718620181e-06 1.000000000e+00 -9.345654348e-07
    outer loop
      vertex 1.699604909e-03 5.942177027e-03 -5.230811890e-03
      vertex 2.626659349e-03 5.942177027e-03 -8.083977737e-03
      vertex 6.975834133e-09 5.942172371e-03 -5.500008352e-03
    endloop
  endfacet
  facet normal -2.718620181e-06 1.000000000e+00 -9.345654348e-07
    outer loop
      vertex 6.975834133e-09 5.942172371e-03 -5.500008352e-03
      vertex 2.626659349e-03 5.942177027e-03 -8.083977737e-03
      vertex 5.337292096e-04 5.942170974e-03 -8.483229205e-03
    endloop
  endfacet
  facet normal 6.304532235e-06 1.000000000e+00 6.797494052e-07
    outer loop
      vertex 6.975834133e-09 5.942172371e-03 -5.500008352e-03
      vertex 5.337292096e-04 5.942170974e-03 -8.483229205e-03
      vertex -1.699591056e-03 5.942182615e-03 -5.230810028e-03
    endloop
  endfacet
  facet normal 4.304019512e-06 1.000000000e+00 -6.939317814e-07
    outer loop
      vertex -1.699591056e-03 5.942182615e-03 -5.230810028e-03
      vertex 5.337292096e-04 5.942170974e-03 -8.483229205e-03
      vertex -1.592729473e-03 5.942180287e-03 -8.349451236e-03
    endloop
  endfacet
  facet normal -2.718620181e-06 1.000000000e+00 -9.345654348e-07
    outer loop
      vertex -1.699591056e-03 5.942182615e-03 -5.230810028e-03
      vertex -1.592729473e-03 5.942180287e-03 -8.349451236e-03
      vertex -3.619109280e-03 5.942175165e-03 -7.691038307e-03
    endloop
  endfacet
  facet normal 1.590393708e-06 1.000000000e+00 1.434345336e-06
    outer loop
      vertex -6.876631640e-03 5.942183547e-03 -4.996184725e-03
      vertex -7.903096266e-03 5.942182615e-03 -3.129060147e-03
      vertex -5.230809562e-03 5.942176562e-03 -1.699609798e-03
    endloop
  endfacet
  facet normal 2.184186997e-06 1.000000000e+00 3.242782327e-07
    outer loop
      vertex -5.230809562e-03 5.942176562e-03 -1.699609798e-03
      vertex -7.903096266e-03 5.942182615e-03 -3.129060147e-03
      vertex -8.432977833e-03 5.942183081e-03 -1.065337681e-03
    endloop
  endfacet
  facet normal 2.085553888e-06 1.000000000e+00 -1.736782167e-07
    outer loop
      vertex -5.230809562e-03 5.942176562e-03 -1.699609798e-03
      vertex -8.432977833e-03 5.942183081e-03 -1.065337681e-03
      vertex -5.499994382e-03 5.942177027e-03 -2.808500543e-09
    endloop
  endfacet
  facet normal 2.361932957e-06 1.000000000e+00 -9.345803846e-07
    outer loop
      vertex -5.499994382e-03 5.942177027e-03 -2.808500543e-09
      vertex -8.432977833e-03 5.942183081e-03 -1.065337681e-03
      vertex -8.432971314e-03 5.942185409e-03 1.065317309e-03
    endloop
  endfacet
  facet normal 2.085562301e-06 1.000000000e+00 -1.695467745e-06
    outer loop
      vertex -5.499994382e-03 5.942177027e-03 -2.808500543e-09
      vertex -8.432971314e-03 5.942185409e-03 1.065317309e-03
      vertex -5.230807699e-03 5.942179356e-03 1.699586050e-03
    endloop
  endfacet
  facet normal 6.773533414e-07 1.000000000e+00 5.414004136e-06
    outer loop
      vertex -5.230807699e-03 5.942179356e-03 1.699586050e-03
      vertex -8.432971314e-03 5.942185409e-03 1.065317309e-03
      vertex -7.903099991e-03 5.942173768e-03 3.129047109e-03
    endloop
  endfacet
  facet normal -2.718620181e-06 1.000000000e+00 -9.345654348e-07
    outer loop
      vertex -5.230807699e-03 5.942179356e-03 1.699586050e-03
      vertex -7.903099991e-03 5.942173768e-03 3.129047109e-03
      vertex -4.449596163e-03 5.942183081e-03 3.232819261e-03
    endloop
  endfacet
  facet normal -2.718620181e-06 1.000000000e+00 -9.345654348e-07
    outer loop
      vertex -4.449596163e-03 5.942183081e-03 3.232819261e-03
      vertex -7.903099991e-03 5.942173768e-03 3.129047109e-03
      vertex -6.876642816e-03 5.942177959e-03 4.996163771e-03
    endloop
  endfacet
  facet normal 2.434788257e-06 1.000000000e+00 6.158524684e-06
    outer loop
      vertex -4.449596163e-03 5.942183081e-03 3.232819261e-03
      vertex -6.876642816e-03 5.942177959e-03 4.996163771e-03
      vertex -3.232831834e-03 5.942172837e-03 4.449591506e-03
    endloop
  endfacet
  facet normal 1.615307951e-06 1.000000000e+00 1.273671160e-06
    outer loop
      vertex 4.449593835e-03 5.942177493e-03 3.232826712e-03
      vertex 7.448596880e-03 5.942171440e-03 4.094915930e-03
      vertex 5.230807234e-03 5.942178424e-03 1.699602581e-03
    endloop
  endfacet
  facet normal 1.987761607e-06 1.000000000e+00 9.288211800e-07
    outer loop
      vertex 5.230807234e-03 5.942178424e-03 1.699602581e-03
      vertex 7.448596880e-03 5.942171440e-03 4.094915930e-03
      vertex 8.232945576e-03 5.942171905e-03 2.113875700e-03
    endloop
  endfacet
  facet normal 2.138731134e-06 1.000000000e+00 -1.652181680e-07
    outer loop
      vertex 5.230807234e-03 5.942178424e-03 1.699602581e-03
      vertex 8.232945576e-03 5.942171905e-03 2.113875700e-03
      vertex 5.500003230e-03 5.942177493e-03 4.649656660e-09
    endloop
  endfacet
  facet normal 2.248423243e-06 1.000000000e+00 -3.070350090e-07
    outer loop
      vertex 5.500003230e-03 5.942177493e-03 4.649656660e-09
      vertex 8.232945576e-03 5.942171905e-03 2.113875700e-03
      vertex 8.500008844e-03 5.942170508e-03 9.756908170e-09
    endloop
  endfacet
  facet normal 2.248425744e-06 1.000000000e+00 -1.721262606e-06
    outer loop
      vertex 5.500003230e-03 5.942177493e-03 4.649656660e-09
      vertex 8.500008844e-03 5.942170508e-03 9.756908170e-09
      vertex 5.230817012e-03 5.942175165e-03 -1.699584187e-03
    endloop
  endfacet
  facet normal -1.762538204e-06 1.000000000e+00 5.993881132e-06
    outer loop
      vertex 5.230817012e-03 5.942175165e-03 -1.699584187e-03
      vertex 8.500008844e-03 5.942170508e-03 9.756908170e-09
      vertex 8.232957684e-03 5.942182615e-03 -2.113860799e-03
    endloop
  endfacet
  facet normal -2.718620181e-06 1.000000000e+00 -9.345654348e-07
    outer loop
      vertex 5.230817012e-03 5.942175165e-03 -1.699584187e-03
      vertex 8.232957684e-03 5.942182615e-03 -2.113860799e-03
      vertex 4.449596163e-03 5.942171440e-03 -3.232805524e-03
    endloop
  endfacet
  facet normal -2.718620181e-06 1.000000000e+00 -9.345654348e-07
    outer loop
      vertex 4.449596163e-03 5.942171440e-03 -3.232805524e-03
      vertex 8.232957684e-03 5.942182615e-03 -2.113860799e-03
      vertex 7.448616438e-03 5.942178890e-03 -4.094896372e-03
    endloop
  endfacet
  facet normal -2.718620181e-06 1.000000000e+00 -9.345654348e-07
    outer loop
      vertex 4.449596163e-03 5.942171440e-03 -3.232805524e-03
      vertex 7.448616438e-03 5.942178890e-03 -4.094896372e-03
      vertex 6.196240429e-03 5.942173768e-03 -5.818645004e-03
    endloop
  endfacet
  facet normal 8.659101809e-07 1.000000000e+00 -4.300651199e-06
    outer loop
      vertex -6.876642816e-03 5.942177959e-03 4.996163771e-03
      vertex -5.418113433e-03 5.942183547e-03 6.549345795e-03
      vertex -3.232831834e-03 5.942172837e-03 4.449591506e-03
    endloop
  endfacet
  facet normal 4.982089649e-06 1.000000000e+00 -1.681111428e-08
    outer loop
      vertex -3.232831834e-03 5.942172837e-03 4.449591506e-03
      vertex -5.418113433e-03 5.942183547e-03 6.549345795e-03
      vertex -3.619139083e-03 5.942174699e-03 7.691026200e-03
    endloop
  endfacet
  facet normal -2.718620181e-06 1.000000000e+00 -9.345654348e-07
    outer loop
      vertex -3.232831834e-03 5.942172837e-03 4.449591506e-03
      vertex -3.619139083e-03 5.942174699e-03 7.691026200e-03
      vertex -1.699595712e-03 5.942177493e-03 5.230813753e-03
    endloop
  endfacet
  facet normal -2.718620181e-06 1.000000000e+00 -9.345654348e-07
    outer loop
      vertex -1.699595712e-03 5.942177493e-03 5.230813753e-03
      vertex -3.619139083e-03 5.942174699e-03 7.691026200e-03
      vertex -1.592753339e-03 5.942180753e-03 8.349430747e-03
    endloop
  endfacet
  facet normal -2.718620181e-06 1.000000000e+00 -9.345654348e-07
    outer loop
      vertex -1.699595712e-03 5.942177493e-03 5.230813753e-03
      vertex -1.592753339e-03 5.942180753e-03 8.349430747e-03
      vertex -9.600514161e-09 5.942182615e-03 5.500000902e-03
    endloop
  endfacet
  facet normal 4.050787538e-06 1.000000000e+00 2.849325710e-06
    outer loop
      vertex -9.600514161e-09 5.942182615e-03 5.500000902e-03
      vertex -1.592753339e-03 5.942180753e-03 8.349430747e-03
      vertex 5.337102921e-04 5.942171905e-03 8.483224548e-03
    endloop
  endfacet
  facet normal 6.576622582e-06 1.000000000e+00 2.397435992e-06
    outer loop
      vertex -9.600514161e-09 5.942182615e-03 5.500000902e-03
      vertex 5.337102921e-04 5.942171905e-03 8.483224548e-03
      vertex 1.699579298e-03 5.942171905e-03 5.230814684e-03
    endloop
  endfacet
  facet normal -2.718620181e-06 1.000000000e+00 -9.345654348e-07
    outer loop
      vertex 1.699579298e-03 5.942171905e-03 5.230814684e-03
      vertex 5.337102921e-04 5.942171905e-03 8.483224548e-03
      vertex 2.626633737e-03 5.942177027e-03 8.083987981e-03
    endloop
  endfacet
  facet normal -2.718620181e-06 1.000000000e+00 -9.345654348e-07
    outer loop
      vertex 1.699579298e-03 5.942171905e-03 5.230814684e-03
      vertex 2.626633737e-03 5.942177027e-03 8.083987981e-03
      vertex 3.232812276e-03 5.942175165e-03 4.449603148e-03
    endloop
  endfacet
  facet normal -2.718620181e-06 1.000000000e+00 -9.345654348e-07
    outer loop
      vertex 3.232812276e-03 5.942175165e-03 4.449603148e-03
      vertex 2.626633737e-03 5.942177027e-03 8.083987981e-03
      vertex 4.554517567e-03 5.942181684e-03 7.176795974e-03
    endloop
  endfacet
  facet normal -2.718620181e-06 1.000000000e+00 -9.345654348e-07
    outer loop
      vertex 3.232812276e-03 5.942175165e-03 4.449603148e-03
      vertex 4.554517567e-03 5.942181684e-03 7.176795974e-03
      vertex 4.449593835e-03 5.942177493e-03 3.232826712e-03
    endloop
  endfacet
  facet normal -2.718620181e-06 1.000000000e+00 -9.345654348e-07
    outer loop
      vertex 4.449593835e-03 5.942177493e-03 3.232826712e-03
      vertex 4.554517567e-03 5.942181684e-03 7.176795974e-03
      vertex 6.196224131e-03 5.942184478e-03 5.818651523e-03
    endloop
  endfacet
  facet normal 3.447309609e-06 1.000000000e+00 -5.099426744e-06
    outer loop
      vertex 4.449593835e-03 5.942177493e-03 3.232826712e-03
      vertex 6.196224131e-03 5.942184478e-03 5.818651523e-03
      vertex 7.448596880e-03 5.942171440e-03 4.094915930e-03
    endloop
  endfacet
  facet normal -2.085561391e-06 -1.000000000e+00 1.736396058e-07
    outer loop
      vertex 5.500003230e-03 -6.057817023e-03 9.413775537e-09
      vertex 8.432975039e-03 -6.057823077e-03 1.065335120e-03
      vertex 5.230807234e-03 -6.057816092e-03 1.699607354e-03
    endloop
  endfacet
  facet normal -2.184182904e-06 -1.000000000e+00 -3.242581386e-07
    outer loop
      vertex 5.230807234e-03 -6.057816092e-03 1.699607354e-03
      vertex 8.432975039e-03 -6.057823077e-03 1.065335120e-03
      vertex 7.903096266e-03 -6.057822611e-03 3.129078541e-03
    endloop
  endfacet
  facet normal -1.663232183e-06 -1.000000000e+00 -1.298136681e-06
    outer loop
      vertex 5.230807234e-03 -6.057816092e-03 1.699607354e-03
      vertex 7.903096266e-03 -6.057822611e-03 3.129078541e-03
      vertex 4.449582193e-03 -6.057817023e-03 3.232822521e-03
    endloop
  endfacet
  facet normal -1.668615482e-06 -1.000000000e+00 -1.477342153e-06
    outer loop
      vertex 4.449582193e-03 -6.057817023e-03 3.232822521e-03
      vertex 7.903096266e-03 -6.057822611e-03 3.129078541e-03
      vertex 6.876640487e-03 -6.057823543e-03 4.996191245e-03
    endloop
  endfacet
  facet normal -8.373959872e-07 -1.000000000e+00 -2.621412705e-06
    outer loop
      vertex 4.449582193e-03 -6.057817023e-03 3.232822521e-03
      vertex 6.876640487e-03 -6.057823543e-03 4.996191245e-03
      vertex 3.232821357e-03 -6.057819352e-03 4.449596163e-03
    endloop
  endfacet
  facet normal -2.085568440e-06 -1.000000000e+00 1.695497986e-06
    outer loop
      vertex 5.230804905e-03 -6.057819352e-03 -1.699588611e-03
      vertex 8.432968520e-03 -6.057824939e-03 -1.065319870e-03
      vertex 5.500003230e-03 -6.057817023e-03 9.413775537e-09
    endloop
  endfacet
  facet normal -2.248443479e-06 -1.000000000e+00 1.247085606e-06
    outer loop
      vertex 5.500003230e-03 -6.057817023e-03 9.413775537e-09
      vertex 8.432968520e-03 -6.057824939e-03 -1.065319870e-03
      vertex 8.499996737e-03 -6.057824008e-03 5.402836400e-09
    endloop
  endfacet
  facet normal -2.248444162e-06 -1.000000000e+00 6.220757882e-07
    outer loop
      vertex 5.500003230e-03 -6.057817023e-03 9.413775537e-09
      vertex 8.499996737e-03 -6.057824008e-03 5.402836400e-09
      vertex 8.432975039e-03 -6.057823077e-03 1.065335120e-03
    endloop
  endfacet
  facet normal 2.718620181e-06 -1.000000000e+00 9.345654348e-07
    outer loop
      vertex 6.909630201e-09 -6.057822146e-03 -5.500003695e-03
      vertex 1.592750545e-03 -6.057820749e-03 -8.349433541e-03
      vertex 1.699604793e-03 -6.057817489e-03 -5.230807234e-03
    endloop
  endfacet
  facet normal -4.717731827e-06 -1.000000000e+00 1.189358954e-06
    outer loop
      vertex 1.699604793e-03 -6.057817489e-03 -5.230807234e-03
      vertex 1.592750545e-03 -6.057820749e-03 -8.349433541e-03
      vertex 3.619136522e-03 -6.057829596e-03 -7.691028994e-03
    endloop
  endfacet
  facet normal -6.443839538e-06 -1.000000000e+00 -1.573971815e-07
    outer loop
      vertex 1.699604793e-03 -6.057817489e-03 -5.230807234e-03
      vertex 3.619136522e-03 -6.057829596e-03 -7.691028994e-03
      vertex 3.232829040e-03 -6.057827268e-03 -4.449594300e-03
    endloop
  endfacet
  facet normal 2.718620181e-06 -1.000000000e+00 9.345654348e-07
    outer loop
      vertex 3.232829040e-03 -6.057827268e-03 -4.449594300e-03
      vertex 3.619136522e-03 -6.057829596e-03 -7.691028994e-03
      vertex 5.418110639e-03 -6.057823543e-03 -6.549348589e-03
    endloop
  endfacet
  facet normal 2.718620181e-06 -1.000000000e+00 9.345654348e-07
    outer loop
      vertex 3.232829040e-03 -6.057827268e-03 -4.449594300e-03
      vertex 5.418110639e-03 -6.057823543e-03 -6.549348589e-03
      vertex 4.449605476e-03 -6.057823077e-03 -3.232812509e-03
    endloop
  endfacet
  facet normal 2.718620181e-06 -1.000000000e+00 9.345654348e-07
    outer loop
      vertex 4.449605476e-03 -6.057823077e-03 -3.232812509e-03
      vertex 5.418110639e-03 -6.057823543e-03 -6.549348589e-03
      vertex 6.876652129e-03 -6.057817955e-03 -4.996157251e-03
    endloop
  endfacet
  facet normal 2.718620181e-06 -1.000000000e+00 9.345654348e-07
    outer loop
      vertex 4.449605476e-03 -6.057823077e-03 -3.232812509e-03
      vertex 6.876652129e-03 -6.057817955e-03 -4.996157251e-03
      vertex 5.230804905e-03 -6.057819352e-03 -1.699588611e-03
    endloop
  endfacet
  facet normal -4.889375759e-06 -1.000000000e+00 -2.863807595e-06
    outer loop
      vertex 5.230804905e-03 -6.057819352e-03 -1.699588611e-03
      vertex 6.876652129e-03 -6.057817955e-03 -4.996157251e-03
      vertex 7.903097197e-03 -6.057828665e-03 -3.129049670e-03
    endloop
  endfacet
  facet normal -2.184186769e-06 -1.000000000e+00 2.193381533e-06
    outer loop
      vertex 5.230804905e-03 -6.057819352e-03 -1.699588611e-03
      vertex 7.903097197e-03 -6.057828665e-03 -3.129049670e-03
      vertex 8.432968520e-03 -6.057824939e-03 -1.065319870e-03
    endloop
  endfacet
  facet normal 2.718620181e-06 -1.000000000e+00 9.345654348e-07
    outer loop
      vertex -4.449584987e-03 -6.057817489e-03 -3.232820192e-03
      vertex -6.196226925e-03 -6.057824474e-03 -5.818653852e-03
      vertex -3.232815070e-03 -6.057815161e-03 -4.449605476e-03
    endloop
  endfacet
  facet normal 2.718620181e-06 -1.000000000e+00 9.345654348e-07
    outer loop
      vertex -3.232815070e-03 -6.057815161e-03 -4.449605476e-03
      vertex -6.196226925e-03 -6.057824474e-03 -5.818653852e-03
      vertex -4.554520361e-03 -6.057821214e-03 -7.176798768e-03
    endloop
  endfacet
  facet normal -5.075530680e-06 -1.000000000e+00 4.711917882e-06
    outer loop
      vertex -3.232815070e-03 -6.057815161e-03 -4.449605476e-03
      vertex -4.554520361e-03 -6.057821214e-03 -7.176798768e-03
      vertex -1.699581975e-03 -6.057826802e-03 -5.230817012e-03
    endloop
  endfacet
  facet normal 5.869494544e-07 -1.000000000e+00 -3.595473572e-06
    outer loop
      vertex -1.699581975e-03 -6.057826802e-03 -5.230817012e-03
      vertex -4.554520361e-03 -6.057821214e-03 -7.176798768e-03
      vertex -2.626636531e-03 -6.057817023e-03 -8.083990775e-03
    endloop
  endfacet
  facet normal 1.931922725e-06 -1.000000000e+00 -4.032483048e-06
    outer loop
      vertex -1.699581975e-03 -6.057826802e-03 -5.230817012e-03
      vertex -2.626636531e-03 -6.057817023e-03 -8.083990775e-03
      vertex 6.909630201e-09 -6.057822146e-03 -5.500003695e-03
    endloop
  endfacet
  facet normal -4.166201052e-06 -1.000000000e+00 2.166308832e-06
    outer loop
      vertex 6.909630201e-09 -6.057822146e-03 -5.500003695e-03
      vertex -2.626636531e-03 -6.057817023e-03 -8.083990775e-03
      vertex -5.337129696e-04 -6.057826802e-03 -8.483227342e-03
    endloop
  endfacet
  facet normal 2.718620181e-06 -1.000000000e+00 9.345654348e-07
    outer loop
      vertex 6.909630201e-09 -6.057822146e-03 -5.500003695e-03
      vertex -5.337129696e-04 -6.057826802e-03 -8.483227342e-03
      vertex 1.592750545e-03 -6.057820749e-03 -8.349433541e-03
    endloop
  endfacet
  facet normal -4.052141776e-06 -1.000000000e+00 -5.334483376e-06
    outer loop
      vertex -4.449598957e-03 -6.057826336e-03 3.232802963e-03
      vertex -7.448619232e-03 -6.057818886e-03 4.094893578e-03
      vertex -5.230807699e-03 -6.057815161e-03 1.699590823e-03
    endloop
  endfacet
  facet normal 2.718620181e-06 -1.000000000e+00 9.345654348e-07
    outer loop
      vertex -5.230807699e-03 -6.057815161e-03 1.699590823e-03
      vertex -7.448619232e-03 -6.057818886e-03 4.094893578e-03
      vertex -8.232960477e-03 -6.057822611e-03 2.113858238e-03
    endloop
  endfacet
  facet normal 2.718620181e-06 -1.000000000e+00 9.345654348e-07
    outer loop
      vertex -5.230807699e-03 -6.057815161e-03 1.699590823e-03
      vertex -8.232960477e-03 -6.057822611e-03 2.113858238e-03
      vertex -5.500006024e-03 -6.057817489e-03 -7.162572757e-09
    endloop
  endfacet
  facet normal 2.718620181e-06 -1.000000000e+00 9.345654348e-07
    outer loop
      vertex -5.500006024e-03 -6.057817489e-03 -7.162572757e-09
      vertex -8.232960477e-03 -6.057822611e-03 2.113858238e-03
      vertex -8.499999531e-03 -6.057825405e-03 -3.151620076e-09
    endloop
  endfacet
  facet normal 2.718620181e-06 -1.000000000e+00 9.345654348e-07
    outer loop
      vertex -5.500006024e-03 -6.057817489e-03 -7.162572757e-09
      vertex -8.499999531e-03 -6.057825405e-03 -3.151620076e-09
      vertex -5.230810028e-03 -6.057817955e-03 -1.699605142e-03
    endloop
  endfacet
  facet normal 2.718620181e-06 -1.000000000e+00 9.345654348e-07
    outer loop
      vertex -5.230810028e-03 -6.057817955e-03 -1.699605142e-03
      vertex -8.499999531e-03 -6.057825405e-03 -3.151620076e-09
      vertex -8.232948370e-03 -6.057826802e-03 -2.113878261e-03
    endloop
  endfacet
  facet normal 2.718620181e-06 -1.000000000e+00 9.345654348e-07
    outer loop
      vertex -5.230810028e-03 -6.057817955e-03 -1.699605142e-03
      vertex -8.232948370e-03 -6.057826802e-03 -2.113878261e-03
      vertex -4.449584987e-03 -6.057817489e-03 -3.232820192e-03
    endloop
  endfacet
  facet normal 2.718620181e-06 -1.000000000e+00 9.345654348e-07
    outer loop
      vertex -4.449584987e-03 -6.057817489e-03 -3.232820192e-03
      vertex -8.232948370e-03 -6.057826802e-03 -2.113878261e-03
      vertex -7.448599674e-03 -6.057826336e-03 -4.094918258e-03
    endloop
  endfacet
  facet normal 2.718620181e-06 -1.000000000e+00 9.345654348e-07
    outer loop
      vertex -4.449584987e-03 -6.057817489e-03 -3.232820192e-03
      vertex -7.448599674e-03 -6.057826336e-03 -4.094918258e-03
      vertex -6.196226925e-03 -6.057824474e-03 -5.818653852e-03
    endloop
  endfacet
  facet normal -8.658799402e-07 -1.000000000e+00 -2.431527719e-06
    outer loop
      vertex 6.876640487e-03 -6.057823543e-03 4.996191245e-03
      vertex 5.418092944e-03 -6.057826336e-03 6.549376063e-03
      vertex 3.232821357e-03 -6.057819352e-03 4.449596163e-03
    endloop
  endfacet
  facet normal -4.982083738e-06 -1.000000000e+00 1.852264973e-06
    outer loop
      vertex 3.232821357e-03 -6.057819352e-03 4.449596163e-03
      vertex 5.418092944e-03 -6.057826336e-03 6.549376063e-03
      vertex 3.619106486e-03 -6.057815161e-03 7.691035978e-03
    endloop
  endfacet
  facet normal 2.718620181e-06 -1.000000000e+00 9.345654348e-07
    outer loop
      vertex 3.232821357e-03 -6.057819352e-03 4.449596163e-03
      vertex 3.619106486e-03 -6.057815161e-03 7.691035978e-03
      vertex 1.699588262e-03 -6.057822611e-03 5.230807699e-03
    endloop
  endfacet
  facet normal 2.718620181e-06 -1.000000000e+00 9.345654348e-07
    outer loop
      vertex 1.699588262e-03 -6.057822611e-03 5.230807699e-03
      vertex 3.619106486e-03 -6.057815161e-03 7.691035978e-03
      vertex 1.592726796e-03 -6.057819817e-03 8.349449374e-03
    endloop
  endfacet
  facet normal 2.718620181e-06 -1.000000000e+00 9.345654348e-07
    outer loop
      vertex 1.699588262e-03 -6.057822611e-03 5.230807699e-03
      vertex 1.592726796e-03 -6.057819817e-03 8.349449374e-03
      vertex -9.666677236e-09 -6.057826802e-03 5.500006024e-03
    endloop
  endfacet
  facet normal 2.718620181e-06 -1.000000000e+00 9.345654348e-07
    outer loop
      vertex -9.666677236e-09 -6.057826802e-03 5.500006024e-03
      vertex 1.592726796e-03 -6.057819817e-03 8.349449374e-03
      vertex -5.337318871e-04 -6.057825405e-03 8.483226411e-03
    endloop
  endfacet
  facet normal -5.807245543e-06 -1.000000000e+00 -5.907807008e-07
    outer loop
      vertex -9.666677236e-09 -6.057826802e-03 5.500006024e-03
      vertex -5.337318871e-04 -6.057825405e-03 8.483226411e-03
      vertex -1.699607586e-03 -6.057817023e-03 5.230809562e-03
    endloop
  endfacet
  facet normal -3.985595868e-06 -1.000000000e+00 -1.243777206e-06
    outer loop
      vertex -1.699607586e-03 -6.057817023e-03 5.230809562e-03
      vertex -5.337318871e-04 -6.057825405e-03 8.483226411e-03
      vertex -2.626661910e-03 -6.057817023e-03 8.083974943e-03
    endloop
  endfacet
  facet normal 2.718620181e-06 -1.000000000e+00 9.345654348e-07
    outer loop
      vertex -1.699607586e-03 -6.057817023e-03 5.230809562e-03
      vertex -2.626661910e-03 -6.057817023e-03 8.083974943e-03
      vertex -3.232822753e-03 -6.057821680e-03 4.449584521e-03
    endloop
  endfacet
  facet normal 2.718620181e-06 -1.000000000e+00 9.345654348e-07
    outer loop
      vertex -3.232822753e-03 -6.057821680e-03 4.449584521e-03
      vertex -2.626661910e-03 -6.057817023e-03 8.083974943e-03
      vertex -4.554537125e-03 -6.057823077e-03 7.176774088e-03
    endloop
  endfacet
  facet normal 2.718620181e-06 -1.000000000e+00 9.345654348e-07
    outer loop
      vertex -3.232822753e-03 -6.057821680e-03 4.449584521e-03
      vertex -4.554537125e-03 -6.057823077e-03 7.176774088e-03
      vertex -4.449598957e-03 -6.057826336e-03 3.232802963e-03
    endloop
  endfacet
  facet normal 2.718620181e-06 -1.000000000e+00 9.345654348e-07
    outer loop
      vertex -4.449598957e-03 -6.057826336e-03 3.232802963e-03
      vertex -4.554537125e-03 -6.057823077e-03 7.176774088e-03
      vertex -6.196243223e-03 -6.057828665e-03 5.818642210e-03
    endloop
  endfacet
  facet normal -3.447272320e-06 -1.000000000e+00 -3.230279617e-06
    outer loop
      vertex -4.449598957e-03 -6.057826336e-03 3.232802963e-03
      vertex -6.196243223e-03 -6.057828665e-03 5.818642210e-03
      vertex -7.448619232e-03 -6.057818886e-03 4.094893578e-03
    endloop
  endfacet
  facet normal 2.107536644e-01 -3.468782779e-06 9.775391817e-01
    outer loop
      vertex -1.231612824e-02 6.242184434e-03 -9.735575877e-03
      vertex -1.314019039e-02 6.242182571e-03 -9.557911195e-03
      vertex -1.314019598e-02 3.942173440e-03 -9.557917714e-03
    endloop
  endfacet
  facet normal 2.094989866e-01 4.668861220e-04 9.778087735e-01
    outer loop
      vertex -1.314019598e-02 3.942173440e-03 -9.557917714e-03
      vertex -1.232077274e-02 3.942175303e-03 -9.733482264e-03
      vertex -1.231612824e-02 6.242184434e-03 -9.735575877e-03
    endloop
  endfacet
  facet normal 5.937829018e-01 -4.668147303e-04 8.046251535e-01
    outer loop
      vertex -1.231612824e-02 6.242184434e-03 -9.735575877e-03
      vertex -1.232077274e-02 3.942175303e-03 -9.733482264e-03
      vertex -1.163845882e-02 3.942176700e-03 -1.023700368e-02
    endloop
  endfacet
  facet normal 5.948125124e-01 2.368333298e-06 8.038644791e-01
    outer loop
      vertex -1.231612824e-02 6.242184434e-03 -9.735575877e-03
      vertex -1.163845882e-02 3.942176700e-03 -1.023700368e-02
      vertex -1.163846534e-02 6.242170930e-03 -1.023700554e-02
    endloop
  endfacet
  facet normal 5.948163867e-01 4.129406079e-06 8.038616180e-01
    outer loop
      vertex -1.163846347e-02 -6.357818842e-03 -1.023700088e-02
      vertex -1.163846068e-02 -4.057824612e-03 -1.023701485e-02
      vertex -1.231613290e-02 -4.057826009e-03 -9.735572152e-03
    endloop
  endfacet
  facet normal 5.948125124e-01 2.368333298e-06 8.038644791e-01
    outer loop
      vertex -1.163846347e-02 -6.357818842e-03 -1.023700088e-02
      vertex -1.231613290e-02 -4.057826009e-03 -9.735572152e-03
      vertex -1.231612638e-02 -6.357820239e-03 -9.735570289e-03
    endloop
  endfacet
  facet normal 2.107536644e-01 1.486533506e-06 9.775391817e-01
    outer loop
      vertex -1.231612638e-02 -6.357820239e-03 -9.735570289e-03
      vertex -1.231613290e-02 -4.057826009e-03 -9.735572152e-03
      vertex -1.314019598e-02 -4.057827871e-03 -9.557907470e-03
    endloop
  endfacet
  facet normal 2.107404470e-01 -3.468791647e-06 9.775420427e-01
    outer loop
      vertex -1.231612638e-02 -6.357820239e-03 -9.735570289e-03
      vertex -1.314019598e-02 -4.057827871e-03 -9.557907470e-03
      vertex -1.314020064e-02 -6.357822102e-03 -9.557914920e-03
    endloop
  endfacet
  facet normal -9.659311175e-01 -2.384135087e-06 2.587992251e-01
    outer loop
      vertex -1.749999076e-02 -4.057826009e-03 -1.055791602e-02
      vertex -1.749998517e-02 -6.357820239e-03 -1.055791415e-02
      vertex -1.736602187e-02 -6.357819308e-03 -1.005791221e-02
    endloop
  endfacet
  facet normal -9.806836247e-01 -1.472124737e-02 1.950459778e-01
    outer loop
      vertex -1.749999076e-02 -4.057826009e-03 -1.055791602e-02
      vertex -1.736602187e-02 -6.357819308e-03 -1.005791221e-02
      vertex -1.742387936e-02 -4.057825543e-03 -1.017522532e-02
    endloop
  endfacet
  facet normal -7.933067083e-01 1.109221578e-02 6.087211967e-01
    outer loop
      vertex -1.742387936e-02 -4.057825543e-03 -1.017522532e-02
      vertex -1.736602187e-02 -6.357819308e-03 -1.005791221e-02
      vertex -1.720710099e-02 -6.357818842e-03 -9.850802831e-03
    endloop
  endfacet
  facet normal -8.314693570e-01 -1.741232381e-06 5.555706024e-01
    outer loop
      vertex -1.742387936e-02 -4.057825543e-03 -1.017522532e-02
      vertex -1.720710099e-02 -6.357818842e-03 -9.850802831e-03
      vertex -1.720710844e-02 -4.057824612e-03 -9.850804694e-03
    endloop
  endfacet
  facet normal -6.087462902e-01 -9.134985248e-07 7.933649421e-01
    outer loop
      vertex -1.720710844e-02 -4.057824612e-03 -9.850804694e-03
      vertex -1.720710099e-02 -6.357818842e-03 -9.850802831e-03
      vertex -1.699998975e-02 -6.357817911e-03 -9.691886604e-03
    endloop
  endfacet
  facet normal -5.555383563e-01 7.422592957e-03 8.314577937e-01
    outer loop
      vertex -1.720710844e-02 -4.057824612e-03 -9.850804694e-03
      vertex -1.699998975e-02 -6.357817911e-03 -9.691886604e-03
      vertex -1.688267291e-02 -4.057823215e-03 -9.634034708e-03
    endloop
  endfacet
  facet normal -2.588117421e-01 -1.109327003e-02 9.658640623e-01
    outer loop
      vertex -1.688267291e-02 -4.057823215e-03 -9.634034708e-03
      vertex -1.699998975e-02 -6.357817911e-03 -9.691886604e-03
      vertex -1.649998873e-02 -6.357816514e-03 -9.557906538e-03
    endloop
  endfacet
  facet normal -1.951050609e-01 3.861887308e-07 9.807823300e-01
    outer loop
      vertex -1.688267291e-02 -4.057823215e-03 -9.634034708e-03
      vertex -1.649998873e-02 -6.357816514e-03 -9.557906538e-03
      vertex -1.649999432e-02 -4.057822283e-03 -9.557908401e-03
    endloop
  endfacet
  facet normal -9.807842970e-01 -2.484050583e-06 1.950953454e-01
    outer loop
      vertex -1.749999635e-02 6.242184434e-03 -1.055790763e-02
      vertex -1.749998890e-02 3.942175303e-03 -1.055790577e-02
      vertex -1.742387377e-02 6.242184900e-03 -1.017522812e-02
    endloop
  endfacet
  facet normal -9.658657312e-01 -1.109631453e-02 2.588054240e-01
    outer loop
      vertex -1.742387377e-02 6.242184900e-03 -1.017522812e-02
      vertex -1.749998890e-02 3.942175303e-03 -1.055790577e-02
      vertex -1.736601628e-02 3.942176234e-03 -1.005791500e-02
    endloop
  endfacet
  facet normal -8.968722224e-01 -2.024906053e-06 4.422897696e-01
    outer loop
      vertex -1.742387377e-02 6.242184900e-03 -1.017522812e-02
      vertex -1.736601628e-02 3.942176234e-03 -1.005791500e-02
      vertex -1.736602187e-02 6.242170464e-03 -1.005791686e-02
    endloop
  endfacet
  facet normal -7.933554649e-01 -1.587907491e-06 6.087586284e-01
    outer loop
      vertex -1.736602187e-02 6.242170464e-03 -1.005791686e-02
      vertex -1.736601628e-02 3.942176234e-03 -1.005791500e-02
      vertex -1.720710285e-02 6.242170930e-03 -9.850808419e-03
    endloop
  endfacet
  facet normal -7.070436478e-01 -1.481273677e-02 7.070147395e-01
    outer loop
      vertex -1.720710285e-02 6.242170930e-03 -9.850808419e-03
      vertex -1.736601628e-02 3.942176234e-03 -1.005791500e-02
      vertex -1.699999347e-02 3.942177631e-03 -9.691878222e-03
    endloop
  endfacet
  facet normal -6.087462902e-01 5.565231731e-06 7.933649421e-01
    outer loop
      vertex -1.720710285e-02 6.242170930e-03 -9.850808419e-03
      vertex -1.699999347e-02 3.942177631e-03 -9.691878222e-03
      vertex -1.699999161e-02 6.242171861e-03 -9.691892192e-03
    endloop
  endfacet
  facet normal -4.423723221e-01 5.984843028e-06 8.968315125e-01
    outer loop
      vertex -1.699999161e-02 6.242171861e-03 -9.691892192e-03
      vertex -1.699999347e-02 3.942177631e-03 -9.691878222e-03
      vertex -1.688267849e-02 6.242172327e-03 -9.634025395e-03
    endloop
  endfacet
  facet normal -2.587753534e-01 -1.109537110e-02 9.658737779e-01
    outer loop
      vertex -1.688267849e-02 6.242172327e-03 -9.634025395e-03
      vertex -1.699999347e-02 3.942177631e-03 -9.691878222e-03
      vertex -1.649999432e-02 3.942179028e-03 -9.557918645e-03
    endloop
  endfacet
  facet normal -1.950715333e-01 -2.502400548e-06 9.807890058e-01
    outer loop
      vertex -1.688267849e-02 6.242172327e-03 -9.634025395e-03
      vertex -1.649999432e-02 3.942179028e-03 -9.557918645e-03
      vertex -1.649998873e-02 6.242173258e-03 -9.557912126e-03
    endloop
  endfacet
  facet normal -1.000000000e+00 -2.718620863e-06 -6.273047575e-07
    outer loop
      vertex -4.999987781e-03 -6.557815708e-03 -2.255790681e-02
      vertex -4.999991972e-03 -4.557828419e-03 -2.455790155e-02
      vertex -4.999986384e-03 -6.557817571e-03 -2.455789968e-02
    endloop
  endfacet
  facet normal -3.518379970e-07 -3.029848813e-06 1.000000000e+00
    outer loop
      vertex -1.314019039e-02 6.242182571e-03 -9.557911195e-03
      vertex -1.649998873e-02 6.242173258e-03 -9.557912126e-03
      vertex -1.314019598e-02 3.942173440e-03 -9.557917714e-03
    endloop
  endfacet
  facet normal -3.518555900e-07 -3.029874506e-06 1.000000000e+00
    outer loop
      vertex -1.314019598e-02 3.942173440e-03 -9.557917714e-03
      vertex -1.649998873e-02 6.242173258e-03 -9.557912126e-03
      vertex -1.649999432e-02 3.942179028e-03 -9.557918645e-03
    endloop
  endfacet
  facet normal 4.794715665e-07 7.070913315e-01 -7.071222067e-01
    outer loop
      vertex -1.729997993e-02 6.442177109e-03 -2.255791612e-02
      vertex -4.999978468e-03 6.442180835e-03 -2.255790308e-02
      vertex -1.749999076e-02 6.242173258e-03 -2.275791205e-02
    endloop
  endfacet
  facet normal 1.916295034e-08 7.071057558e-01 -7.071078420e-01
    outer loop
      vertex -1.749999076e-02 6.242173258e-03 -2.275791205e-02
      vertex -4.999978468e-03 6.442180835e-03 -2.255790308e-02
      vertex -4.999983590e-03 4.442174919e-03 -2.455790341e-02
    endloop
  endfacet
  facet normal 7.197059659e-08 7.071059346e-01 -7.071076632e-01
    outer loop
      vertex -1.749999076e-02 6.242173258e-03 -2.275791205e-02
      vertex -4.999983590e-03 4.442174919e-03 -2.455790341e-02
      vertex -1.749997772e-02 4.442170728e-03 -2.455790900e-02
    endloop
  endfacet
  facet normal 3.733985636e-07 -7.071080804e-01 -7.071054578e-01
    outer loop
      vertex -4.999987781e-03 -6.557815708e-03 -2.255790681e-02
      vertex -1.729997806e-02 -6.557819434e-03 -2.255791053e-02
      vertex -4.999991972e-03 -4.557828419e-03 -2.455790155e-02
    endloop
  endfacet
  facet normal -3.383464446e-06 -7.070965171e-01 -7.071170211e-01
    outer loop
      vertex -4.999991972e-03 -4.557828419e-03 -2.455790155e-02
      vertex -1.729997806e-02 -6.557819434e-03 -2.255791053e-02
      vertex -1.749998890e-02 -6.357816514e-03 -2.275790647e-02
    endloop
  endfacet
  facet normal -2.980064266e-07 -7.071072459e-01 -7.071062922e-01
    outer loop
      vertex -4.999991972e-03 -4.557828419e-03 -2.455790155e-02
      vertex -1.749998890e-02 -6.357816514e-03 -2.275790647e-02
      vertex -1.749998704e-02 -4.557817709e-03 -2.455790713e-02
    endloop
  endfacet
  facet normal -1.646373136e-07 -7.472961396e-02 9.972038269e-01
    outer loop
      vertex -2.449998632e-02 -5.782285007e-05 -1.155791990e-02
      vertex -2.449998446e-02 -9.520713938e-04 -1.162493322e-02
      vertex -1.849998534e-02 -9.520699969e-04 -1.162493229e-02
    endloop
  endfacet
  facet normal -1.053042027e-07 -2.947548330e-01 9.555729032e-01
    outer loop
      vertex -1.849998534e-02 -9.520699969e-04 -1.162493229e-02
      vertex -2.449998446e-02 -9.520713938e-04 -1.162493322e-02
      vertex -2.449999377e-02 -2.661130857e-03 -1.215210836e-02
    endloop
  endfacet
  facet normal -1.053042027e-07 -2.947548330e-01 9.555729032e-01
    outer loop
      vertex -1.849998534e-02 -9.520699969e-04 -1.162493229e-02
      vertex -2.449999377e-02 -2.661130857e-03 -1.215210836e-02
      vertex -1.849999465e-02 -2.661129460e-03 -1.215210650e-02
    endloop
  endfacet
  facet normal -1.853531018e-08 -5.633187294e-01 8.262396455e-01
    outer loop
      vertex -1.849999465e-02 -2.661129460e-03 -1.215210650e-02
      vertex -2.449999377e-02 -2.661130857e-03 -1.215210836e-02
      vertex -2.449999563e-02 -4.138865042e-03 -1.315960661e-02
    endloop
  endfacet
  facet normal -1.853531018e-08 -5.633187294e-01 8.262396455e-01
    outer loop
      vertex -1.849999465e-02 -2.661129460e-03 -1.215210650e-02
      vertex -2.449999563e-02 -4.138865042e-03 -1.315960661e-02
      vertex -1.849999651e-02 -4.138863645e-03 -1.315960567e-02
    endloop
  endfacet
  facet normal 6.988143042e-08 -7.818316817e-01 6.234894991e-01
    outer loop
      vertex -1.849999651e-02 -4.138863645e-03 -1.315960567e-02
      vertex -2.449999563e-02 -4.138865042e-03 -1.315960661e-02
      vertex -2.449998818e-02 -5.253979936e-03 -1.455791760e-02
    endloop
  endfacet
  facet normal 6.988143042e-08 -7.818316817e-01 6.234894991e-01
    outer loop
      vertex -1.849999651e-02 -4.138863645e-03 -1.315960567e-02
      vertex -2.449998818e-02 -5.253979936e-03 -1.455791760e-02
      vertex -1.849998906e-02 -5.253978539e-03 -1.455791667e-02
    endloop
  endfacet
  facet normal 1.520904078e-07 -9.308768511e-01 3.653331101e-01
    outer loop
      vertex -1.849998906e-02 -5.253978539e-03 -1.455791667e-02
      vertex -2.449998818e-02 -5.253979936e-03 -1.455791760e-02
      vertex -2.449998818e-02 -5.907382350e-03 -1.622280106e-02
    endloop
  endfacet
  facet normal -2.877405905e-06 -9.308731556e-01 3.653425872e-01
    outer loop
      vertex -1.849998906e-02 -5.253978539e-03 -1.455791667e-02
      vertex -2.449998818e-02 -5.907382350e-03 -1.622280106e-02
      vertex -1.849999651e-02 -5.907395855e-03 -1.622278802e-02
    endloop
  endfacet
  facet normal -2.402609880e-06 -9.972033501e-01 7.473569363e-02
    outer loop
      vertex -1.849999651e-02 -5.907395855e-03 -1.622278802e-02
      vertex -2.449998818e-02 -5.907382350e-03 -1.622280106e-02
      vertex -2.449998818e-02 -6.041047629e-03 -1.800630428e-02
    endloop
  endfacet
  facet normal 2.207820700e-07 -9.972040057e-01 7.472691685e-02
    outer loop
      vertex -1.849999651e-02 -5.907395855e-03 -1.622278802e-02
      vertex -2.449998818e-02 -6.041047629e-03 -1.800630428e-02
      vertex -1.849998906e-02 -6.041046232e-03 -1.800630242e-02
    endloop
  endfacet
  facet normal 2.698572246e-07 -9.749279022e-01 -2.225208730e-01
    outer loop
      vertex -1.849998906e-02 -6.041046232e-03 -1.800630242e-02
      vertex -2.449998818e-02 -6.041047629e-03 -1.800630428e-02
      vertex -2.449999377e-02 -5.643068813e-03 -1.974996179e-02
    endloop
  endfacet
  facet normal 2.698572246e-07 -9.749279022e-01 -2.225208730e-01
    outer loop
      vertex -1.849998906e-02 -6.041046232e-03 -1.800630242e-02
      vertex -2.449999377e-02 -5.643068813e-03 -1.974996179e-02
      vertex -1.849999465e-02 -5.643067416e-03 -1.974996179e-02
    endloop
  endfacet
  facet normal 2.949551856e-07 -8.660235405e-01 -5.000032783e-01
    outer loop
      vertex -1.849999465e-02 -5.643067416e-03 -1.974996179e-02
      vertex -2.449999377e-02 -5.643068813e-03 -1.974996179e-02
      vertex -2.449998073e-02 -4.748806823e-03 -2.129885554e-02
    endloop
  endfacet
  facet normal 2.949551856e-07 -8.660235405e-01 -5.000032783e-01
    outer loop
      vertex -1.849999465e-02 -5.643067416e-03 -1.974996179e-02
      vertex -2.449998073e-02 -4.748806823e-03 -2.129885554e-02
      vertex -1.849998161e-02 -4.748805426e-03 -2.129885554e-02
    endloop
  endfacet
  facet normal 2.938448631e-07 -6.801739931e-01 -7.330507040e-01
    outer loop
      vertex -1.849998161e-02 -4.748805426e-03 -2.129885554e-02
      vertex -2.449998073e-02 -4.748806823e-03 -2.129885554e-02
      vertex -2.449998818e-02 -3.437744221e-03 -2.251534909e-02
    endloop
  endfacet
  facet normal 2.938448631e-07 -6.801739931e-01 -7.330507040e-01
    outer loop
      vertex -1.849998161e-02 -4.748805426e-03 -2.129885554e-02
      vertex -2.449998818e-02 -3.437744221e-03 -2.251534909e-02
      vertex -1.849998906e-02 -3.437742824e-03 -2.251534723e-02
    endloop
  endfacet
  facet normal 2.666249088e-07 -4.338821173e-01 -9.009696245e-01
    outer loop
      vertex -1.849998906e-02 -3.437742824e-03 -2.251534723e-02
      vertex -2.449998818e-02 -3.437744221e-03 -2.251534909e-02
      vertex -2.449998632e-02 -1.826348365e-03 -2.329135314e-02
    endloop
  endfacet
  facet normal 2.666249088e-07 -4.338821173e-01 -9.009696245e-01
    outer loop
      vertex -1.849998906e-02 -3.437742824e-03 -2.251534723e-02
      vertex -2.449998632e-02 -1.826348365e-03 -2.329135314e-02
      vertex -1.849998720e-02 -1.826346968e-03 -2.329135127e-02
    endloop
  endfacet
  facet normal 2.157149765e-07 -1.490437090e-01 -9.888306260e-01
    outer loop
      vertex -1.849998720e-02 -1.826346968e-03 -2.329135127e-02
      vertex -2.449998632e-02 -1.826348365e-03 -2.329135314e-02
      vertex -2.449998446e-02 -5.781916479e-05 -2.355791815e-02
    endloop
  endfacet
  facet normal 2.157149765e-07 -1.490437090e-01 -9.888306260e-01
    outer loop
      vertex -1.849998720e-02 -1.826346968e-03 -2.329135127e-02
      vertex -2.449998446e-02 -5.781916479e-05 -2.355791815e-02
      vertex -1.849998534e-02 -5.781775326e-05 -2.355791628e-02
    endloop
  endfacet
  facet normal 1.456375145e-07 1.490404010e-01 -9.888311028e-01
    outer loop
      vertex -1.849998534e-02 -5.781775326e-05 -2.355791628e-02
      vertex -2.449998446e-02 -5.781916479e-05 -2.355791815e-02
      vertex -2.449997514e-02 1.710710465e-03 -2.329135872e-02
    endloop
  endfacet
  facet normal 2.087985422e-06 1.490468532e-01 -9.888301492e-01
    outer loop
      vertex -1.849998534e-02 -5.781775326e-05 -2.355791628e-02
      vertex -2.449997514e-02 1.710710465e-03 -2.329135872e-02
      vertex -1.849998534e-02 1.710711862e-03 -2.329134569e-02
    endloop
  endfacet
  facet normal 1.832384100e-06 4.338836968e-01 -9.009689093e-01
    outer loop
      vertex -1.849998534e-02 1.710711862e-03 -2.329134569e-02
      vertex -2.449997514e-02 1.710710465e-03 -2.329135872e-02
      vertex -2.449998446e-02 3.322093049e-03 -2.251535840e-02
    endloop
  endfacet
  facet normal 6.262062158e-08 4.338783324e-01 -9.009714723e-01
    outer loop
      vertex -1.849998534e-02 1.710711862e-03 -2.329134569e-02
      vertex -2.449998446e-02 3.322093049e-03 -2.251535840e-02
      vertex -1.849998534e-02 3.322094446e-03 -2.251535654e-02
    endloop
  endfacet
  facet normal -2.596294735e-08 6.801720262e-01 -7.330524921e-01
    outer loop
      vertex -1.849998534e-02 3.322094446e-03 -2.251535654e-02
      vertex -2.449998446e-02 3.322093049e-03 -2.251535840e-02
      vertex -2.449999377e-02 4.633172881e-03 -2.129885554e-02
    endloop
  endfacet
  facet normal 1.663273110e-06 6.801761985e-01 -7.330486774e-01
    outer loop
      vertex -1.849998534e-02 3.322094446e-03 -2.251535654e-02
      vertex -2.449999377e-02 4.633172881e-03 -2.129885554e-02
      vertex -1.849999465e-02 4.633159377e-03 -2.129885554e-02
    endloop
  endfacet
  facet normal 2.038561206e-06 8.660258055e-01 -4.999992847e-01
    outer loop
      vertex -1.849999465e-02 4.633159377e-03 -2.129885554e-02
      vertex -2.449999377e-02 4.633172881e-03 -2.129885554e-02
      vertex -2.449999191e-02 5.527422763e-03 -1.974996738e-02
    endloop
  endfacet
  facet normal -1.122366342e-07 8.660222292e-01 -5.000055432e-01
    outer loop
      vertex -1.849999465e-02 4.633159377e-03 -2.129885554e-02
      vertex -2.449999191e-02 5.527422763e-03 -1.974996738e-02
      vertex -1.849999093e-02 5.527424160e-03 -1.974996552e-02
    endloop
  endfacet
  facet normal -1.885402554e-07 9.749274850e-01 -2.225226909e-01
    outer loop
      vertex -1.849999093e-02 5.527424160e-03 -1.974996552e-02
      vertex -2.449999191e-02 5.527422763e-03 -1.974996738e-02
      vertex -2.449998818e-02 5.925404374e-03 -1.800630800e-02
    endloop
  endfacet
  facet normal 2.485576260e-07 9.749278426e-01 -2.225212604e-01
    outer loop
      vertex -1.849999093e-02 5.527424160e-03 -1.974996552e-02
      vertex -2.449998818e-02 5.925404374e-03 -1.800630800e-02
      vertex -1.849999838e-02 5.925405771e-03 -1.800629497e-02
    endloop
  endfacet
  facet normal -3.948868539e-07 9.972035289e-01 7.473333180e-02
    outer loop
      vertex -1.849999838e-02 5.925405771e-03 -1.800629497e-02
      vertex -2.449998818e-02 5.925404374e-03 -1.800630800e-02
      vertex -2.449999563e-02 5.791742820e-03 -1.622279361e-02
    endloop
  endfacet
  facet normal -2.480909131e-07 9.972035289e-01 7.473382354e-02
    outer loop
      vertex -1.849999838e-02 5.925405771e-03 -1.800629497e-02
      vertex -2.449999563e-02 5.791742820e-03 -1.622279361e-02
      vertex -1.849999651e-02 5.791744217e-03 -1.622279361e-02
    endloop
  endfacet
  facet normal -2.855959735e-07 9.308738112e-01 3.653408289e-01
    outer loop
      vertex -1.849999651e-02 5.791744217e-03 -1.622279361e-02
      vertex -2.449999563e-02 5.791742820e-03 -1.622279361e-02
      vertex -2.449998446e-02 5.138328299e-03 -1.455792040e-02
    endloop
  endfacet
  facet normal -2.855959735e-07 9.308738112e-01 3.653408289e-01
    outer loop
      vertex -1.849999651e-02 5.791744217e-03 -1.622279361e-02
      vertex -2.449998446e-02 5.138328299e-03 -1.455792040e-02
      vertex -1.849998534e-02 5.138329696e-03 -1.455791947e-02
    endloop
  endfacet
  facet normal -2.977252507e-07 7.818328738e-01 6.234880686e-01
    outer loop
      vertex -1.849998534e-02 5.138329696e-03 -1.455791947e-02
      vertex -2.449998446e-02 5.138328299e-03 -1.455792040e-02
      vertex -2.449998446e-02 4.023216199e-03 -1.315960754e-02
    endloop
  endfacet
  facet normal -2.977252507e-07 7.818328738e-01 6.234880686e-01
    outer loop
      vertex -1.849998534e-02 5.138329696e-03 -1.455791947e-02
      vertex -2.449998446e-02 4.023216199e-03 -1.315960754e-02
      vertex -1.849998534e-02 4.023217596e-03 -1.315960661e-02
    endloop
  endfacet
  facet normal -2.834004533e-07 5.633212924e-01 8.262379169e-01
    outer loop
      vertex -1.849998534e-02 4.023217596e-03 -1.315960661e-02
      vertex -2.449998446e-02 4.023216199e-03 -1.315960754e-02
      vertex -2.449999563e-02 2.545483876e-03 -1.215210371e-02
    endloop
  endfacet
  facet normal -2.834004533e-07 5.633212924e-01 8.262379169e-01
    outer loop
      vertex -1.849998534e-02 4.023217596e-03 -1.315960661e-02
      vertex -2.449999563e-02 2.545483876e-03 -1.215210371e-02
      vertex -1.849999651e-02 2.545485273e-03 -1.215210278e-02
    endloop
  endfacet
  facet normal -2.438934246e-07 2.947519720e-01 9.555737972e-01
    outer loop
      vertex -1.849999651e-02 2.545485273e-03 -1.215210278e-02
      vertex -2.449999563e-02 2.545483876e-03 -1.215210371e-02
      vertex -2.449999005e-02 8.364255773e-04 -1.162493508e-02
    endloop
  endfacet
  facet normal -2.438934246e-07 2.947519720e-01 9.555737972e-01
    outer loop
      vertex -1.849999651e-02 2.545485273e-03 -1.215210278e-02
      vertex -2.449999005e-02 8.364255773e-04 -1.162493508e-02
      vertex -1.849999093e-02 8.364269743e-04 -1.162493415e-02
    endloop
  endfacet
  facet normal -1.997745755e-07 7.473147660e-02 9.972037077e-01
    outer loop
      vertex -1.849999093e-02 8.364269743e-04 -1.162493415e-02
      vertex -2.449999005e-02 8.364255773e-04 -1.162493508e-02
      vertex -2.449998632e-02 -5.782285007e-05 -1.155791990e-02
    endloop
  endfacet
  facet normal 1.116830204e-02 9.648695141e-07 9.999376535e-01
    outer loop
      vertex -1.849999093e-02 8.364269743e-04 -1.162493415e-02
      vertex -2.449998632e-02 -5.782285007e-05 -1.155791990e-02
      vertex -1.849998534e-02 -9.520699969e-04 -1.162493229e-02
    endloop
  endfacet
  facet normal -6.162934378e-02 -9.576697946e-01 2.811946273e-01
    outer loop
      vertex -1.849998347e-02 -5.970426369e-03 -1.485771593e-02
      vertex -1.849999093e-02 -6.491655950e-03 -1.663287915e-02
      vertex -1.749999449e-02 -6.357825361e-03 -1.595791988e-02
    endloop
  endfacet
  facet normal -5.506000668e-02 -9.984830618e-01 9.122102824e-07
    outer loop
      vertex -1.849999093e-02 -6.491657346e-03 -1.848296076e-02
      vertex -1.729998365e-02 -6.557829678e-03 -1.755791157e-02
      vertex -1.849999093e-02 -6.491655950e-03 -1.663287915e-02
    endloop
  endfacet
  facet normal 3.644468670e-04 -9.974172115e-01 7.182453573e-02
    outer loop
      vertex -1.849999093e-02 -6.491655950e-03 -1.663287915e-02
      vertex -1.729998365e-02 -6.557829678e-03 -1.755791157e-02
      vertex -1.736699417e-02 -6.490818225e-03 -1.662699692e-02
    endloop
  endfacet
  facet normal -2.867794246e-04 -9.808226228e-01 1.949021965e-01
    outer loop
      vertex -1.849999093e-02 -6.491655950e-03 -1.663287915e-02
      vertex -1.736699417e-02 -6.490818225e-03 -1.662699692e-02
      vertex -1.749999449e-02 -6.357825361e-03 -1.595791988e-02
    endloop
  endfacet
  facet normal -9.746813774e-02 -9.387440681e-01 -3.305442333e-01
    outer loop
      vertex -1.749998890e-02 -5.970428698e-03 -2.025811933e-02
      vertex -1.749998331e-02 -6.357828155e-03 -1.915790886e-02
      vertex -1.849999093e-02 -6.491657346e-03 -1.848296076e-02
    endloop
  endfacet
  facet normal -2.858302032e-04 -9.808226824e-01 -1.949018985e-01
    outer loop
      vertex -1.849999093e-02 -6.491657346e-03 -1.848296076e-02
      vertex -1.749998331e-02 -6.357828155e-03 -1.915790886e-02
      vertex -1.736699603e-02 -6.490820087e-03 -1.848883741e-02
    endloop
  endfacet
  facet normal 3.648046986e-04 -9.974173903e-01 -7.182192802e-02
    outer loop
      vertex -1.849999093e-02 -6.491657346e-03 -1.848296076e-02
      vertex -1.736699603e-02 -6.490820087e-03 -1.848883741e-02
      vertex -1.729998365e-02 -6.557829678e-03 -1.755791157e-02
    endloop
  endfacet
  facet normal 1.125033577e-06 -9.594938755e-01 -2.817294300e-01
    outer loop
      vertex -1.849999093e-02 -6.491657346e-03 -1.848296076e-02
      vertex -1.849998906e-02 -5.970431492e-03 -2.025811560e-02
      vertex -1.749998890e-02 -5.970428698e-03 -2.025811933e-02
    endloop
  endfacet
  facet normal -5.597283348e-07 -8.412535191e-01 -5.406408906e-01
    outer loop
      vertex -1.749998890e-02 -5.970428698e-03 -2.025811933e-02
      vertex -1.849998906e-02 -5.970431492e-03 -2.025811560e-02
      vertex -1.849999093e-02 -4.970192444e-03 -2.181451768e-02
    endloop
  endfacet
  facet normal 4.369921044e-06 -8.412520289e-01 -5.406430960e-01
    outer loop
      vertex -1.749998890e-02 -5.970428698e-03 -2.025811933e-02
      vertex -1.849999093e-02 -4.970192444e-03 -2.181451768e-02
      vertex -1.749997772e-02 -4.970189650e-03 -2.181451209e-02
    endloop
  endfacet
  facet normal 4.691909908e-06 -6.548587084e-01 -7.557513118e-01
    outer loop
      vertex -1.749997772e-02 -4.970189650e-03 -2.181451209e-02
      vertex -1.849999093e-02 -4.970192444e-03 -2.181451768e-02
      vertex -1.849998161e-02 -3.571987851e-03 -2.302606218e-02
    endloop
  endfacet
  facet normal -2.199118626e-06 -6.548615694e-01 -7.557488680e-01
    outer loop
      vertex -1.749997772e-02 -4.970189650e-03 -2.181451209e-02
      vertex -1.849998161e-02 -3.571987851e-03 -2.302606218e-02
      vertex -1.749998145e-02 -3.571985289e-03 -2.302606590e-02
    endloop
  endfacet
  facet normal -3.660359880e-06 -4.154152870e-01 -9.096318483e-01
    outer loop
      vertex -1.749998145e-02 -3.571985289e-03 -2.302606590e-02
      vertex -1.849998161e-02 -3.571987851e-03 -2.302606218e-02
      vertex -1.849997602e-02 -1.889081323e-03 -2.379461937e-02
    endloop
  endfacet
  facet normal 7.060356438e-06 -4.154100418e-01 -9.096342921e-01
    outer loop
      vertex -1.749998145e-02 -3.571985289e-03 -2.302606590e-02
      vertex -1.849997602e-02 -1.889081323e-03 -2.379461937e-02
      vertex -1.749998517e-02 -1.889078529e-03 -2.379461378e-02
    endloop
  endfacet
  facet normal 6.840747574e-06 -1.423133314e-01 -9.898216724e-01
    outer loop
      vertex -1.749998517e-02 -1.889078529e-03 -2.379461378e-02
      vertex -1.849997602e-02 -1.889081323e-03 -2.379461937e-02
      vertex -1.849998161e-02 -5.781822256e-05 -2.405791357e-02
    endloop
  endfacet
  facet normal -4.825040833e-06 -1.423195750e-01 -9.898207784e-01
    outer loop
      vertex -1.749998517e-02 -1.889078529e-03 -2.379461378e-02
      vertex -1.849998161e-02 -5.781822256e-05 -2.405791357e-02
      vertex -1.749998145e-02 -5.781550135e-05 -2.405791730e-02
    endloop
  endfacet
  facet normal -5.598849384e-06 1.423114836e-01 -9.898219109e-01
    outer loop
      vertex -1.749998145e-02 -5.781550135e-05 -2.405791730e-02
      vertex -1.849998161e-02 -5.781822256e-05 -2.405791357e-02
      vertex -1.849998720e-02 1.773445285e-03 -2.379462309e-02
    endloop
  endfacet
  facet normal -3.478216740e-06 1.423126161e-01 -9.898217320e-01
    outer loop
      vertex -1.749998145e-02 -5.781550135e-05 -2.405791730e-02
      vertex -1.849998720e-02 1.773445285e-03 -2.379462309e-02
      vertex -1.749998517e-02 1.773433178e-03 -2.379462868e-02
    endloop
  endfacet
  facet normal 2.711874174e-07 4.154207110e-01 -9.096294045e-01
    outer loop
      vertex -1.749998517e-02 1.773433178e-03 -2.379462868e-02
      vertex -1.849998720e-02 1.773445285e-03 -2.379462309e-02
      vertex -1.849998906e-02 3.456338542e-03 -2.302605845e-02
    endloop
  endfacet
  facet normal -5.919069281e-06 4.154176712e-01 -9.096307755e-01
    outer loop
      vertex -1.749998517e-02 1.773433178e-03 -2.379462868e-02
      vertex -1.849998906e-02 3.456338542e-03 -2.302605845e-02
      vertex -1.749998890e-02 3.456341103e-03 -2.302606404e-02
    endloop
  endfacet
  facet normal -5.759754458e-06 6.548601389e-01 -7.557501197e-01
    outer loop
      vertex -1.749998890e-02 3.456341103e-03 -2.302606404e-02
      vertex -1.849998906e-02 3.456338542e-03 -2.302605845e-02
      vertex -1.849999279e-02 4.854545463e-03 -2.181450836e-02
    endloop
  endfacet
  facet normal -5.759754458e-06 6.548601389e-01 -7.557501197e-01
    outer loop
      vertex -1.749998890e-02 3.456341103e-03 -2.302606404e-02
      vertex -1.849999279e-02 4.854545463e-03 -2.181450836e-02
      vertex -1.749999262e-02 4.854548257e-03 -2.181451395e-02
    endloop
  endfacet
  facet normal -5.133833383e-06 8.412505984e-01 -5.406453609e-01
    outer loop
      vertex -1.749999262e-02 4.854548257e-03 -2.181451395e-02
      vertex -1.849999279e-02 4.854545463e-03 -2.181450836e-02
      vertex -1.849998906e-02 5.854787305e-03 -2.025811933e-02
    endloop
  endfacet
  facet normal 6.167629635e-06 8.412539363e-01 -5.406402349e-01
    outer loop
      vertex -1.749999262e-02 4.854548257e-03 -2.181451395e-02
      vertex -1.849998906e-02 5.854787305e-03 -2.025811933e-02
      vertex -1.749998517e-02 5.854790099e-03 -2.025810443e-02
    endloop
  endfacet
  facet normal 2.629506980e-06 9.432364106e-01 -3.321219981e-01
    outer loop
      vertex -1.749998517e-02 5.854790099e-03 -2.025810443e-02
      vertex -1.849998906e-02 5.854787305e-03 -2.025811933e-02
      vertex -1.749998517e-02 6.242176518e-03 -1.915791444e-02
    endloop
  endfacet
  facet normal -6.161762029e-02 9.576701522e-01 -2.811960280e-01
    outer loop
      vertex -1.749998517e-02 6.242176518e-03 -1.915791444e-02
      vertex -1.849998906e-02 5.854787305e-03 -2.025811933e-02
      vertex -1.849999279e-02 6.376016885e-03 -1.848296635e-02
    endloop
  endfacet
  facet normal -2.782765368e-04 9.808218479e-01 -1.949061900e-01
    outer loop
      vertex -1.749998517e-02 6.242176518e-03 -1.915791444e-02
      vertex -1.849999279e-02 6.376016885e-03 -1.848296635e-02
      vertex -1.736699790e-02 6.375170313e-03 -1.848884299e-02
    endloop
  endfacet
  facet normal -9.746048599e-02 9.387440085e-01 3.305467665e-01
    outer loop
      vertex -1.749999076e-02 5.854780320e-03 -1.485771406e-02
      vertex -1.749998517e-02 6.242179312e-03 -1.595791616e-02
      vertex -1.849999093e-02 6.376018282e-03 -1.663286239e-02
    endloop
  endfacet
  facet normal -2.756205504e-04 9.808228612e-01 1.949009746e-01
    outer loop
      vertex -1.849999093e-02 6.376018282e-03 -1.663286239e-02
      vertex -1.749998517e-02 6.242179312e-03 -1.595791616e-02
      vertex -1.736699603e-02 6.375172175e-03 -1.662700251e-02
    endloop
  endfacet
  facet normal 7.469454431e-04 9.999997020e-01 -9.353610153e-07
    outer loop
      vertex -1.849999093e-02 6.376018282e-03 -1.663286239e-02
      vertex -1.736699603e-02 6.375172175e-03 -1.662700251e-02
      vertex -1.849999279e-02 6.376016885e-03 -1.848296635e-02
    endloop
  endfacet
  facet normal -1.040265039e-01 9.925160408e-01 6.395597011e-02
    outer loop
      vertex -1.849999279e-02 6.376016885e-03 -1.848296635e-02
      vertex -1.736699603e-02 6.375172175e-03 -1.662700251e-02
      vertex -1.729998738e-02 6.442181766e-03 -1.755791716e-02
    endloop
  endfacet
  facet normal 3.724946291e-04 9.974172115e-01 -7.182473689e-02
    outer loop
      vertex -1.849999279e-02 6.376016885e-03 -1.848296635e-02
      vertex -1.729998738e-02 6.442181766e-03 -1.755791716e-02
      vertex -1.736699790e-02 6.375170313e-03 -1.848884299e-02
    endloop
  endfacet
  facet normal 3.987572370e-07 -9.432343841e-01 3.321277499e-01
    outer loop
      vertex -1.749999449e-02 -6.357825361e-03 -1.595791988e-02
      vertex -1.749999076e-02 -5.970423575e-03 -1.485770941e-02
      vertex -1.849998347e-02 -5.970426369e-03 -1.485771593e-02
    endloop
  endfacet
  facet normal -1.238031132e-06 -8.412542939e-01 5.406396389e-01
    outer loop
      vertex -1.849998347e-02 -5.970426369e-03 -1.485771593e-02
      vertex -1.749999076e-02 -5.970423575e-03 -1.485770941e-02
      vertex -1.749998704e-02 -4.970196635e-03 -1.330132131e-02
    endloop
  endfacet
  facet normal 5.133802915e-06 -8.412561417e-01 5.406367779e-01
    outer loop
      vertex -1.849998347e-02 -5.970426369e-03 -1.485771593e-02
      vertex -1.749998704e-02 -4.970196635e-03 -1.330132131e-02
      vertex -1.849998906e-02 -4.970199428e-03 -1.330131572e-02
    endloop
  endfacet
  facet normal 5.759754458e-06 -6.548601389e-01 7.557501197e-01
    outer loop
      vertex -1.849998906e-02 -4.970199428e-03 -1.330131572e-02
      vertex -1.749998704e-02 -4.970196635e-03 -1.330132131e-02
      vertex -1.749999076e-02 -3.571989946e-03 -1.208977029e-02
    endloop
  endfacet
  facet normal 5.759754458e-06 -6.548601389e-01 7.557501197e-01
    outer loop
      vertex -1.849998906e-02 -4.970199428e-03 -1.330131572e-02
      vertex -1.749999076e-02 -3.571989946e-03 -1.208977029e-02
      vertex -1.849999279e-02 -3.571992507e-03 -1.208976470e-02
    endloop
  endfacet
  facet normal 5.919069281e-06 -4.154176712e-01 9.096307755e-01
    outer loop
      vertex -1.849999279e-02 -3.571992507e-03 -1.208976470e-02
      vertex -1.749999076e-02 -3.571989946e-03 -1.208977029e-02
      vertex -1.749999449e-02 -1.889081788e-03 -1.132120565e-02
    endloop
  endfacet
  facet normal -4.801653631e-06 -4.154123962e-01 9.096331596e-01
    outer loop
      vertex -1.849999279e-02 -3.571992507e-03 -1.208976470e-02
      vertex -1.749999449e-02 -1.889081788e-03 -1.132120565e-02
      vertex -1.849998720e-02 -1.889084466e-03 -1.132121217e-02
    endloop
  endfacet
  facet normal -6.066960850e-06 -1.423114836e-01 9.898219109e-01
    outer loop
      vertex -1.849998720e-02 -1.889084466e-03 -1.132121217e-02
      vertex -1.749999449e-02 -1.889081788e-03 -1.132120565e-02
      vertex -1.749999821e-02 -5.781825530e-05 -1.105791610e-02
    endloop
  endfacet
  facet normal -6.066960850e-06 -1.423114836e-01 9.898219109e-01
    outer loop
      vertex -1.849998720e-02 -1.889084466e-03 -1.132121217e-02
      vertex -1.749999821e-02 -5.781825530e-05 -1.105791610e-02
      vertex -1.849999093e-02 -5.782097287e-05 -1.105792262e-02
    endloop
  endfacet
  facet normal -6.840750302e-06 1.423147470e-01 9.898214340e-01
    outer loop
      vertex -1.849999093e-02 -5.782097287e-05 -1.105792262e-02
      vertex -1.749999821e-02 -5.781825530e-05 -1.105791610e-02
      vertex -1.749998331e-02 1.773444819e-03 -1.132121123e-02
    endloop
  endfacet
  facet normal -4.200267540e-06 1.423133314e-01 9.898216724e-01
    outer loop
      vertex -1.849999093e-02 -5.782097287e-05 -1.105792262e-02
      vertex -1.749998331e-02 1.773444819e-03 -1.132121123e-02
      vertex -1.849999651e-02 1.773442142e-03 -1.132121589e-02
    endloop
  endfacet
  facet normal -4.633793196e-06 4.154171646e-01 9.096310139e-01
    outer loop
      vertex -1.849999651e-02 1.773442142e-03 -1.132121589e-02
      vertex -1.749998331e-02 1.773444819e-03 -1.132121123e-02
      vertex -1.749999821e-02 3.456336446e-03 -1.208976749e-02
    endloop
  endfacet
  facet normal -8.701468346e-07 4.154152870e-01 9.096318483e-01
    outer loop
      vertex -1.849999651e-02 1.773442142e-03 -1.132121589e-02
      vertex -1.749999821e-02 3.456336446e-03 -1.208976749e-02
      vertex -1.849999093e-02 3.456348786e-03 -1.208977401e-02
    endloop
  endfacet
  facet normal 3.050175792e-06 6.548547745e-01 7.557547688e-01
    outer loop
      vertex -1.849999093e-02 3.456348786e-03 -1.208977401e-02
      vertex -1.749999821e-02 3.456336446e-03 -1.208976749e-02
      vertex -1.749999076e-02 4.854556173e-03 -1.330131199e-02
    endloop
  endfacet
  facet normal -1.359895487e-05 6.548615694e-01 7.557488680e-01
    outer loop
      vertex -1.849999093e-02 3.456348786e-03 -1.208977401e-02
      vertex -1.749999076e-02 4.854556173e-03 -1.330131199e-02
      vertex -1.849999465e-02 4.854553379e-03 -1.330132782e-02
    endloop
  endfacet
  facet normal -1.074168449e-05 8.412571549e-01 5.406351686e-01
    outer loop
      vertex -1.849999465e-02 4.854553379e-03 -1.330132782e-02
      vertex -1.749999076e-02 4.854556173e-03 -1.330131199e-02
      vertex -1.749999076e-02 5.854780320e-03 -1.485771406e-02
    endloop
  endfacet
  facet normal 6.723567367e-06 8.412520289e-01 5.406430960e-01
    outer loop
      vertex -1.849999465e-02 4.854553379e-03 -1.330132782e-02
      vertex -1.749999076e-02 5.854780320e-03 -1.485771406e-02
      vertex -1.849998347e-02 5.854792427e-03 -1.485772058e-02
    endloop
  endfacet
  facet normal 9.852225958e-06 9.594933987e-01 2.817311585e-01
    outer loop
      vertex -1.849998347e-02 5.854792427e-03 -1.485772058e-02
      vertex -1.749999076e-02 5.854780320e-03 -1.485771406e-02
      vertex -1.849999093e-02 6.376018282e-03 -1.663286239e-02
    endloop
  endfacet
  facet normal -1.000000000e+00 1.714959126e-06 4.286217063e-06
    outer loop
      vertex -1.849999279e-02 -3.571992507e-03 -1.208976470e-02
      vertex -1.849998720e-02 -1.889084466e-03 -1.132121217e-02
      vertex -1.849998534e-02 -9.520699969e-04 -1.162493229e-02
    endloop
  endfacet
  facet normal -1.000000000e+00 -1.598029939e-06 -5.934753972e-06
    outer loop
      vertex -1.849998534e-02 -9.520699969e-04 -1.162493229e-02
      vertex -1.849998720e-02 -1.889084466e-03 -1.132121217e-02
      vertex -1.849999093e-02 -5.782097287e-05 -1.105792262e-02
    endloop
  endfacet
  facet normal -1.000000000e+00 -2.718624046e-06 -4.167431143e-06
    outer loop
      vertex -1.849998534e-02 -9.520699969e-04 -1.162493229e-02
      vertex -1.849999093e-02 -5.782097287e-05 -1.105792262e-02
      vertex -1.849999093e-02 8.364269743e-04 -1.162493415e-02
    endloop
  endfacet
  facet normal -1.000000000e+00 -3.839221336e-06 -5.934752153e-06
    outer loop
      vertex -1.849999093e-02 8.364269743e-04 -1.162493415e-02
      vertex -1.849999093e-02 -5.782097287e-05 -1.105792262e-02
      vertex -1.849999651e-02 1.773442142e-03 -1.132121589e-02
    endloop
  endfacet
  facet normal -1.000000000e+00 -4.554533007e-06 -3.727916237e-06
    outer loop
      vertex -1.849999093e-02 8.364269743e-04 -1.162493415e-02
      vertex -1.849999651e-02 1.773442142e-03 -1.132121589e-02
      vertex -1.849999651e-02 2.545485273e-03 -1.215210278e-02
    endloop
  endfacet
  facet normal -1.000000000e+00 6.152739388e-06 6.221060175e-06
    outer loop
      vertex -1.849999651e-02 2.545485273e-03 -1.215210278e-02
      vertex -1.849999651e-02 1.773442142e-03 -1.132121589e-02
      vertex -1.849999093e-02 3.456348786e-03 -1.208977401e-02
    endloop
  endfacet
  facet normal -1.000000000e+00 6.636329090e-06 -8.460346521e-07
    outer loop
      vertex -1.849999651e-02 2.545485273e-03 -1.215210278e-02
      vertex -1.849999093e-02 3.456348786e-03 -1.208977401e-02
      vertex -1.849998534e-02 4.023217596e-03 -1.315960661e-02
    endloop
  endfacet
  facet normal -1.000000000e+00 -1.155482096e-05 -1.048492049e-05
    outer loop
      vertex -1.849998534e-02 4.023217596e-03 -1.315960661e-02
      vertex -1.849999093e-02 3.456348786e-03 -1.208977401e-02
      vertex -1.849999465e-02 4.854553379e-03 -1.330132782e-02
    endloop
  endfacet
  facet normal -1.000000000e+00 -1.148119190e-05 -1.005301419e-05
    outer loop
      vertex -1.849998534e-02 4.023217596e-03 -1.315960661e-02
      vertex -1.849999465e-02 4.854553379e-03 -1.330132782e-02
      vertex -1.849998534e-02 5.138329696e-03 -1.455791947e-02
    endloop
  endfacet
  facet normal -1.000000000e+00 -6.390645808e-07 -7.604533948e-06
    outer loop
      vertex -1.849998534e-02 5.138329696e-03 -1.455791947e-02
      vertex -1.849999465e-02 4.854553379e-03 -1.330132782e-02
      vertex -1.849998347e-02 5.854792427e-03 -1.485772058e-02
    endloop
  endfacet
  facet normal -1.000000000e+00 6.532678981e-06 9.534458513e-06
    outer loop
      vertex -1.849998534e-02 5.138329696e-03 -1.455791947e-02
      vertex -1.849998347e-02 5.854792427e-03 -1.485772058e-02
      vertex -1.849999651e-02 5.791744217e-03 -1.622279361e-02
    endloop
  endfacet
  facet normal -1.000000000e+00 1.532608439e-05 9.128320926e-06
    outer loop
      vertex -1.849999651e-02 5.791744217e-03 -1.622279361e-02
      vertex -1.849998347e-02 5.854792427e-03 -1.485772058e-02
      vertex -1.849999093e-02 6.376018282e-03 -1.663286239e-02
    endloop
  endfacet
  facet normal -1.000000000e+00 9.907808817e-06 1.408272396e-06
    outer loop
      vertex -1.849999651e-02 5.791744217e-03 -1.622279361e-02
      vertex -1.849999093e-02 6.376018282e-03 -1.663286239e-02
      vertex -1.849999838e-02 5.925405771e-03 -1.800629497e-02
    endloop
  endfacet
  facet normal -1.000000000e+00 1.096452070e-05 1.061573585e-06
    outer loop
      vertex -1.849999838e-02 5.925405771e-03 -1.800629497e-02
      vertex -1.849999093e-02 6.376018282e-03 -1.663286239e-02
      vertex -1.849999279e-02 6.376016885e-03 -1.848296635e-02
    endloop
  endfacet
  facet normal -1.000000000e+00 5.073246484e-06 -4.507622634e-06
    outer loop
      vertex -1.849999838e-02 5.925405771e-03 -1.800629497e-02
      vertex -1.849999279e-02 6.376016885e-03 -1.848296635e-02
      vertex -1.849999093e-02 5.527424160e-03 -1.974996552e-02
    endloop
  endfacet
  facet normal -1.000000000e+00 2.645715767e-06 -2.881745786e-06
    outer loop
      vertex -1.849999093e-02 5.527424160e-03 -1.974996552e-02
      vertex -1.849999279e-02 6.376016885e-03 -1.848296635e-02
      vertex -1.849998906e-02 5.854787305e-03 -2.025811933e-02
    endloop
  endfacet
  facet normal -1.000000000e+00 5.654411325e-06 -9.434830872e-07
    outer loop
      vertex -1.849999093e-02 5.527424160e-03 -1.974996552e-02
      vertex -1.849998906e-02 5.854787305e-03 -2.025811933e-02
      vertex -1.849999465e-02 4.633159377e-03 -2.129885554e-02
    endloop
  endfacet
  facet normal -1.000000000e+00 5.555719326e-06 -8.276372228e-07
    outer loop
      vertex -1.849999465e-02 4.633159377e-03 -2.129885554e-02
      vertex -1.849998906e-02 5.854787305e-03 -2.025811933e-02
      vertex -1.849999279e-02 4.854545463e-03 -2.181450836e-02
    endloop
  endfacet
  facet normal -1.000000000e+00 -3.047450264e-06 -4.521248229e-06
    outer loop
      vertex -1.849999465e-02 4.633159377e-03 -2.129885554e-02
      vertex -1.849999279e-02 4.854545463e-03 -2.181450836e-02
      vertex -1.849998534e-02 3.322094446e-03 -2.251535654e-02
    endloop
  endfacet
  facet normal -1.000000000e+00 -7.515548532e-06 5.248534762e-06
    outer loop
      vertex -1.849998534e-02 3.322094446e-03 -2.251535654e-02
      vertex -1.849999279e-02 4.854545463e-03 -2.181450836e-02
      vertex -1.849998906e-02 3.456338542e-03 -2.302605845e-02
    endloop
  endfacet
  facet normal -1.000000000e+00 -3.454844091e-06 6.315938663e-06
    outer loop
      vertex -1.849998534e-02 3.322094446e-03 -2.251535654e-02
      vertex -1.849998906e-02 3.456338542e-03 -2.302605845e-02
      vertex -1.849998534e-02 1.710711862e-03 -2.329134569e-02
    endloop
  endfacet
  facet normal -1.000000000e+00 -2.868685442e-06 2.458924882e-06
    outer loop
      vertex -1.849998534e-02 1.710711862e-03 -2.329134569e-02
      vertex -1.849998906e-02 3.456338542e-03 -2.302605845e-02
      vertex -1.849998720e-02 1.773445285e-03 -2.379462309e-02
    endloop
  endfacet
  facet normal -1.000000000e+00 -3.120318581e-07 2.777611144e-06
    outer loop
      vertex -1.849998534e-02 1.710711862e-03 -2.329134569e-02
      vertex -1.849998720e-02 1.773445285e-03 -2.379462309e-02
      vertex -1.849998534e-02 -5.781775326e-05 -2.355791628e-02
    endloop
  endfacet
  facet normal -1.000000000e+00 -1.513855182e-06 -6.520217084e-06
    outer loop
      vertex -1.849998534e-02 -5.781775326e-05 -2.355791628e-02
      vertex -1.849998720e-02 1.773445285e-03 -2.379462309e-02
      vertex -1.849998161e-02 -5.781822256e-05 -2.405791357e-02
    endloop
  endfacet
  facet normal -1.000000000e+00 1.374821892e-07 -6.520218449e-06
    outer loop
      vertex -1.849998534e-02 -5.781775326e-05 -2.355791628e-02
      vertex -1.849998161e-02 -5.781822256e-05 -2.405791357e-02
      vertex -1.849998720e-02 -1.826346968e-03 -2.329135127e-02
    endloop
  endfacet
  facet normal -1.000000000e+00 -5.939008588e-06 -2.053924800e-05
    outer loop
      vertex -1.849998720e-02 -1.826346968e-03 -2.329135127e-02
      vertex -1.849998161e-02 -5.781822256e-05 -2.405791357e-02
      vertex -1.849997602e-02 -1.889081323e-03 -2.379461937e-02
    endloop
  endfacet
  facet normal -1.000000000e+00 -9.068624422e-06 -2.014912934e-05
    outer loop
      vertex -1.849998720e-02 -1.826346968e-03 -2.329135127e-02
      vertex -1.849997602e-02 -1.889081323e-03 -2.379461937e-02
      vertex -1.849998906e-02 -3.437742824e-03 -2.251534723e-02
    endloop
  endfacet
  facet normal -1.000000000e+00 -1.960228701e-06 -1.154384699e-05
    outer loop
      vertex -1.849998906e-02 -3.437742824e-03 -2.251534723e-02
      vertex -1.849997602e-02 -1.889081323e-03 -2.379461937e-02
      vertex -1.849998161e-02 -3.571987851e-03 -2.302606218e-02
    endloop
  endfacet
  facet normal -1.000000000e+00 -1.313509256e-05 -8.606449228e-06
    outer loop
      vertex -1.849998906e-02 -3.437742824e-03 -2.251534723e-02
      vertex -1.849998161e-02 -3.571987851e-03 -2.302606218e-02
      vertex -1.849998161e-02 -4.748805426e-03 -2.129885554e-02
    endloop
  endfacet
  facet normal -1.000000000e+00 1.527488166e-05 1.075044747e-05
    outer loop
      vertex -1.849998161e-02 -4.748805426e-03 -2.129885554e-02
      vertex -1.849998161e-02 -3.571987851e-03 -2.302606218e-02
      vertex -1.849999093e-02 -4.970192444e-03 -2.181451768e-02
    endloop
  endfacet
  facet normal -1.000000000e+00 2.517581197e-05 6.499720257e-06
    outer loop
      vertex -1.849998161e-02 -4.748805426e-03 -2.129885554e-02
      vertex -1.849999093e-02 -4.970192444e-03 -2.181451768e-02
      vertex -1.849999465e-02 -5.643067416e-03 -1.974996179e-02
    endloop
  endfacet
  facet normal -1.000000000e+00 -6.579918136e-06 -3.850030680e-06
    outer loop
      vertex -1.849999465e-02 -5.643067416e-03 -1.974996179e-02
      vertex -1.849999093e-02 -4.970192444e-03 -2.181451768e-02
      vertex -1.849998906e-02 -5.970431492e-03 -2.025811560e-02
    endloop
  endfacet
  facet normal -1.000000000e+00 -1.284819973e-05 1.881400920e-07
    outer loop
      vertex -1.849999465e-02 -5.643067416e-03 -1.974996179e-02
      vertex -1.849998906e-02 -5.970431492e-03 -2.025811560e-02
      vertex -1.849998906e-02 -6.041046232e-03 -1.800630242e-02
    endloop
  endfacet
  facet normal -1.000000000e+00 4.192108008e-06 7.225065701e-07
    outer loop
      vertex -1.849998906e-02 -6.041046232e-03 -1.800630242e-02
      vertex -1.849998906e-02 -5.970431492e-03 -2.025811560e-02
      vertex -1.849999093e-02 -6.491657346e-03 -1.848296076e-02
    endloop
  endfacet
  facet normal -1.000000000e+00 1.095993866e-05 -5.675506600e-06
    outer loop
      vertex -1.849998906e-02 -6.041046232e-03 -1.800630242e-02
      vertex -1.849999093e-02 -6.491657346e-03 -1.848296076e-02
      vertex -1.849999651e-02 -5.907395855e-03 -1.622278802e-02
    endloop
  endfacet
  facet normal -1.000000000e+00 -9.524399502e-06 -3.802388733e-07
    outer loop
      vertex -1.849999651e-02 -5.907395855e-03 -1.622278802e-02
      vertex -1.849999093e-02 -6.491657346e-03 -1.848296076e-02
      vertex -1.849999093e-02 -6.491655950e-03 -1.663287915e-02
    endloop
  endfacet
  facet normal -1.000000000e+00 -1.819962927e-05 1.197947586e-05
    outer loop
      vertex -1.849999651e-02 -5.907395855e-03 -1.622278802e-02
      vertex -1.849999093e-02 -6.491655950e-03 -1.663287915e-02
      vertex -1.849998906e-02 -5.253978539e-03 -1.455791667e-02
    endloop
  endfacet
  facet normal -1.000000000e+00 -1.126144343e-05 7.840972103e-06
    outer loop
      vertex -1.849998906e-02 -5.253978539e-03 -1.455791667e-02
      vertex -1.849999093e-02 -6.491655950e-03 -1.663287915e-02
      vertex -1.849998347e-02 -5.970426369e-03 -1.485771593e-02
    endloop
  endfacet
  facet normal -1.000000000e+00 -8.690648428e-06 1.697396897e-06
    outer loop
      vertex -1.849998906e-02 -5.253978539e-03 -1.455791667e-02
      vertex -1.849998347e-02 -5.970426369e-03 -1.485771593e-02
      vertex -1.849999651e-02 -4.138863645e-03 -1.315960567e-02
    endloop
  endfacet
  facet normal -1.000000000e+00 -1.046161378e-05 3.607540521e-06
    outer loop
      vertex -1.849999651e-02 -4.138863645e-03 -1.315960567e-02
      vertex -1.849998347e-02 -5.970426369e-03 -1.485771593e-02
      vertex -1.849998906e-02 -4.970199428e-03 -1.330131572e-02
    endloop
  endfacet
  facet normal -1.000000000e+00 -1.362782950e-05 2.218199188e-05
    outer loop
      vertex -1.849999651e-02 -4.138863645e-03 -1.315960567e-02
      vertex -1.849998906e-02 -4.970199428e-03 -1.330131572e-02
      vertex -1.849999465e-02 -2.661129460e-03 -1.215210650e-02
    endloop
  endfacet
  facet normal -1.000000000e+00 -2.075643351e-06 -1.029460577e-06
    outer loop
      vertex -1.849999465e-02 -2.661129460e-03 -1.215210650e-02
      vertex -1.849998906e-02 -4.970199428e-03 -1.330131572e-02
      vertex -1.849999279e-02 -3.571992507e-03 -1.208976470e-02
    endloop
  endfacet
  facet normal -1.000000000e+00 -7.578852319e-07 1.822385639e-05
    outer loop
      vertex -1.849999465e-02 -2.661129460e-03 -1.215210650e-02
      vertex -1.849999279e-02 -3.571992507e-03 -1.208976470e-02
      vertex -1.849998534e-02 -9.520699969e-04 -1.162493229e-02
    endloop
  endfacet
  facet normal -4.261363529e-07 1.000000000e+00 -9.345775425e-07
    outer loop
      vertex 1.500017825e-03 6.442181766e-03 -2.455789223e-02
      vertex -4.999989178e-03 6.442178972e-03 -2.455790527e-02
      vertex -4.999978468e-03 6.442180835e-03 -2.255790308e-02
    endloop
  endfacet
  facet normal -3.054958370e-06 1.000000000e+00 3.647583526e-06
    outer loop
      vertex 2.457077382e-03 6.442178041e-03 -1.550653670e-02
      vertex -4.999978468e-03 6.442180835e-03 -2.255790308e-02
      vertex -1.665048330e-04 6.442170590e-03 -1.569911279e-02
    endloop
  endfacet
  facet normal 3.000991683e-06 1.000000000e+00 -6.201181577e-07
    outer loop
      vertex -1.665048330e-04 6.442170590e-03 -1.569911279e-02
      vertex -4.999978468e-03 6.442180835e-03 -2.255790308e-02
      vertex -2.785424003e-03 6.442178506e-03 -1.545093302e-02
    endloop
  endfacet
  facet normal 1.178344405e-06 1.000000000e+00 -8.292754501e-07
    outer loop
      vertex 2.457077382e-03 6.442178041e-03 -1.550653670e-02
      vertex 6.300014444e-03 6.442172918e-03 -1.621532254e-02
      vertex -4.999978468e-03 6.442180835e-03 -2.255790308e-02
    endloop
  endfacet
  facet normal 1.237478045e-06 1.000000000e+00 -9.346283605e-07
    outer loop
      vertex -4.999978468e-03 6.442180835e-03 -2.255790308e-02
      vertex 6.300014444e-03 6.442172918e-03 -1.621532254e-02
      vertex 6.300008856e-03 6.442172453e-03 -1.655789651e-02
    endloop
  endfacet
  facet normal 1.842028468e-07 1.000000000e+00 1.049035291e-06
    outer loop
      vertex -4.999978468e-03 6.442180835e-03 -2.255790308e-02
      vertex 6.300008856e-03 6.442172453e-03 -1.655789651e-02
      vertex 1.500017825e-03 6.442181766e-03 -2.455789223e-02
    endloop
  endfacet
  facet normal 1.313788687e-07 1.000000000e+00 1.080729589e-06
    outer loop
      vertex 1.500017825e-03 6.442181766e-03 -2.455789223e-02
      vertex 6.300008856e-03 6.442172453e-03 -1.655789651e-02
      vertex 6.500014104e-03 6.442172918e-03 -1.684074104e-02
    endloop
  endfacet
  facet normal 4.035885013e-06 1.000000000e+00 -1.449026968e-06
    outer loop
      vertex 1.500017825e-03 6.442181766e-03 -2.455789223e-02
      vertex 6.500014104e-03 6.442172918e-03 -1.684074104e-02
      vertex 3.725220449e-03 6.442173384e-03 -2.430718206e-02
    endloop
  endfacet
  facet normal 4.277810604e-07 1.000000000e+00 5.201673957e-06
    outer loop
      vertex 1.123595517e-02 6.442170590e-03 -1.684074290e-02
      vertex 1.050970051e-02 6.442181766e-03 -1.889673620e-02
      vertex 6.500014104e-03 6.442172918e-03 -1.684074104e-02
    endloop
  endfacet
  facet normal -2.718620181e-06 1.000000000e+00 -9.345654348e-07
    outer loop
      vertex 6.500014104e-03 6.442172918e-03 -1.684074104e-02
      vertex 1.050970051e-02 6.442181766e-03 -1.889673620e-02
      vertex 9.318327531e-03 6.442176644e-03 -2.079279535e-02
    endloop
  endfacet
  facet normal -2.718620181e-06 1.000000000e+00 -9.345654348e-07
    outer loop
      vertex 9.318327531e-03 6.442176644e-03 -2.079279535e-02
      vertex 7.734911982e-03 6.442171056e-03 -2.237620577e-02
      vertex 6.500014104e-03 6.442172918e-03 -1.684074104e-02
    endloop
  endfacet
  facet normal 4.174202786e-06 1.000000000e+00 6.031429507e-07
    outer loop
      vertex 6.500014104e-03 6.442172918e-03 -1.684074104e-02
      vertex 7.734911982e-03 6.442171056e-03 -2.237620577e-02
      vertex 5.838859826e-03 6.442179438e-03 -2.356759459e-02
    endloop
  endfacet
  facet normal -3.521342478e-06 1.000000000e+00 1.359505973e-06
    outer loop
      vertex 6.500014104e-03 6.442172918e-03 -1.684074104e-02
      vertex 5.838859826e-03 6.442179438e-03 -2.356759459e-02
      vertex 3.725220449e-03 6.442173384e-03 -2.430718206e-02
    endloop
  endfacet
  facet normal -8.782688354e-08 1.000000000e+00 1.194170068e-06
    outer loop
      vertex -1.729999110e-02 6.442173384e-03 -1.055790484e-02
      vertex -1.178864017e-02 6.442173850e-03 -1.036909129e-02
      vertex -1.729998738e-02 6.442181766e-03 -1.755791716e-02
    endloop
  endfacet
  facet normal -4.247434617e-07 1.000000000e+00 1.452468723e-06
    outer loop
      vertex -1.729998738e-02 6.442181766e-03 -1.755791716e-02
      vertex -1.178864017e-02 6.442173850e-03 -1.036909129e-02
      vertex -9.891840629e-03 6.442177109e-03 -1.219186559e-02
    endloop
  endfacet
  facet normal 1.304288389e-06 1.000000000e+00 -9.345603189e-07
    outer loop
      vertex -1.729998738e-02 6.442181766e-03 -1.755791716e-02
      vertex -9.891840629e-03 6.442177109e-03 -1.219186559e-02
      vertex -1.729997993e-02 6.442177109e-03 -2.255791612e-02
    endloop
  endfacet
  facet normal -1.401898089e-06 1.000000000e+00 9.994269021e-07
    outer loop
      vertex -1.729997993e-02 6.442177109e-03 -2.255791612e-02
      vertex -9.891840629e-03 6.442177109e-03 -1.219186559e-02
      vertex -7.717322558e-03 6.442181766e-03 -1.367234532e-02
    endloop
  endfacet
  facet normal -2.956681726e-07 1.000000000e+00 -1.935885336e-07
    outer loop
      vertex -1.729997993e-02 6.442177109e-03 -2.255791612e-02
      vertex -7.717322558e-03 6.442181766e-03 -1.367234532e-02
      vertex -4.999978468e-03 6.442180835e-03 -2.255790308e-02
    endloop
  endfacet
  facet normal 4.529691068e-06 1.000000000e+00 1.282082280e-06
    outer loop
      vertex -4.999978468e-03 6.442180835e-03 -2.255790308e-02
      vertex -7.717322558e-03 6.442181766e-03 -1.367234532e-02
      vertex -5.326149520e-03 6.442172453e-03 -1.476895902e-02
    endloop
  endfacet
  facet normal -2.199269375e-06 1.000000000e+00 1.000299676e-06
    outer loop
      vertex -4.999978468e-03 6.442180835e-03 -2.255790308e-02
      vertex -5.326149520e-03 6.442172453e-03 -1.476895902e-02
      vertex -2.785424003e-03 6.442178506e-03 -1.545093302e-02
    endloop
  endfacet
  facet normal -2.718620181e-06 1.000000000e+00 -9.345654348e-07
    outer loop
      vertex 5.865545012e-03 6.442172453e-03 -1.524534356e-02
      vertex 6.186434068e-03 6.442172918e-03 -1.568390056e-02
      vertex 5.393426865e-03 6.442171521e-03 -1.497627608e-02
    endloop
  endfacet
  facet normal -2.718620181e-06 1.000000000e+00 -9.345654348e-07
    outer loop
      vertex 5.393426865e-03 6.442171521e-03 -1.497627608e-02
      vertex 6.186434068e-03 6.442172918e-03 -1.568390056e-02
      vertex 6.300014444e-03 6.442172918e-03 -1.621532254e-02
    endloop
  endfacet
  facet normal 2.923321517e-05 1.000000000e+00 2.244402640e-05
    outer loop
      vertex 5.393426865e-03 6.442171521e-03 -1.497627608e-02
      vertex 6.300014444e-03 6.442172918e-03 -1.621532254e-02
      vertex 4.886115901e-03 6.442185026e-03 -1.492031291e-02
    endloop
  endfacet
  facet normal -5.207480740e-07 1.000000000e+00 -1.004152273e-05
    outer loop
      vertex 4.886115901e-03 6.442185026e-03 -1.492031291e-02
      vertex 6.300014444e-03 6.442172918e-03 -1.621532254e-02
      vertex 2.457077382e-03 6.442178041e-03 -1.550653670e-02
    endloop
  endfacet
  facet normal -2.718620181e-06 1.000000000e+00 -9.345654348e-07
    outer loop
      vertex -1.706567965e-02 6.442174781e-03 -9.992231615e-03
      vertex -1.680613309e-02 6.442175712e-03 -9.818804450e-03
      vertex -1.723909564e-02 6.442173850e-03 -1.025175955e-02
    endloop
  endfacet
  facet normal -2.718620181e-06 1.000000000e+00 -9.345654348e-07
    outer loop
      vertex -1.723909564e-02 6.442173850e-03 -1.025175955e-02
      vertex -1.680613309e-02 6.442175712e-03 -9.818804450e-03
      vertex -1.649999619e-02 6.442176644e-03 -9.757905267e-03
    endloop
  endfacet
  facet normal -2.718620181e-06 1.000000000e+00 -9.345654348e-07
    outer loop
      vertex -1.723909564e-02 6.442173850e-03 -1.025175955e-02
      vertex -1.649999619e-02 6.442176644e-03 -9.757905267e-03
      vertex -1.729999110e-02 6.442173384e-03 -1.055790484e-02
    endloop
  endfacet
  facet normal 8.101385873e-08 1.000000000e+00 -3.734181291e-06
    outer loop
      vertex -1.729999110e-02 6.442173384e-03 -1.055790484e-02
      vertex -1.649999619e-02 6.442176644e-03 -9.757905267e-03
      vertex -1.178864017e-02 6.442173850e-03 -1.036909129e-02
    endloop
  endfacet
  facet normal 1.716511406e-06 1.000000000e+00 8.873125807e-06
    outer loop
      vertex -1.178864017e-02 6.442173850e-03 -1.036909129e-02
      vertex -1.649999619e-02 6.442176644e-03 -9.757905267e-03
      vertex -1.314019784e-02 6.442170590e-03 -9.757904336e-03
    endloop
  endfacet
  facet normal -2.718620181e-06 1.000000000e+00 -9.345654348e-07
    outer loop
      vertex -1.178864017e-02 6.442173850e-03 -1.036909129e-02
      vertex -1.314019784e-02 6.442170590e-03 -9.757904336e-03
      vertex -1.239852700e-02 6.442172453e-03 -9.917810559e-03
    endloop
  endfacet
  facet normal -1.000000000e+00 -3.891903361e-06 1.485182679e-06
    outer loop
      vertex -1.749998517e-02 5.854790099e-03 -2.025810443e-02
      vertex -1.749998517e-02 6.242176518e-03 -1.915791444e-02
      vertex -1.749999076e-02 6.242173258e-03 -2.275791205e-02
    endloop
  endfacet
  facet normal -1.000000000e+00 3.410210923e-07 3.243582796e-06
    outer loop
      vertex -1.749998145e-02 -3.571985289e-03 -2.302606590e-02
      vertex -1.749998704e-02 -4.557817709e-03 -2.455790713e-02
      vertex -1.749997772e-02 -4.970189650e-03 -2.181451209e-02
    endloop
  endfacet
  facet normal -1.000000000e+00 5.643466920e-06 4.040617569e-06
    outer loop
      vertex -1.749997772e-02 -4.970189650e-03 -2.181451209e-02
      vertex -1.749998704e-02 -4.557817709e-03 -2.455790713e-02
      vertex -1.749998890e-02 -6.357816514e-03 -2.275790647e-02
    endloop
  endfacet
  facet normal -1.000000000e+00 9.242896340e-06 -1.253745154e-06
    outer loop
      vertex -1.749997772e-02 -4.970189650e-03 -2.181451209e-02
      vertex -1.749998890e-02 -6.357816514e-03 -2.275790647e-02
      vertex -1.749998890e-02 -5.970428698e-03 -2.025811933e-02
    endloop
  endfacet
  facet normal -1.000000000e+00 -8.431083188e-06 1.485163352e-06
    outer loop
      vertex -1.749998890e-02 -5.970428698e-03 -2.025811933e-02
      vertex -1.749998890e-02 -6.357816514e-03 -2.275790647e-02
      vertex -1.749998331e-02 -6.357828155e-03 -1.915790886e-02
    endloop
  endfacet
  facet normal -1.000000000e+00 -4.057093292e-07 3.724149110e-06
    outer loop
      vertex -1.749998145e-02 -3.571985289e-03 -2.302606590e-02
      vertex -1.749998517e-02 -1.889078529e-03 -2.379461378e-02
      vertex -1.749998704e-02 -4.557817709e-03 -2.455790713e-02
    endloop
  endfacet
  facet normal -1.000000000e+00 1.547034344e-06 -3.103317340e-06
    outer loop
      vertex -1.749998704e-02 -4.557817709e-03 -2.455790713e-02
      vertex -1.749998517e-02 -1.889078529e-03 -2.379461378e-02
      vertex -1.749998145e-02 -5.781550135e-05 -2.405791730e-02
    endloop
  endfacet
  facet normal -1.000000000e+00 9.135662822e-07 2.598022547e-06
    outer loop
      vertex -1.749998704e-02 -4.557817709e-03 -2.455790713e-02
      vertex -1.749998145e-02 -5.781550135e-05 -2.405791730e-02
      vertex -1.749997772e-02 4.442170728e-03 -2.455790900e-02
    endloop
  endfacet
  facet normal -1.000000000e+00 -7.160720088e-07 -1.206894103e-05
    outer loop
      vertex -1.749998145e-02 -5.781550135e-05 -2.405791730e-02
      vertex -1.749998517e-02 1.773433178e-03 -2.379462868e-02
      vertex -1.749997772e-02 4.442170728e-03 -2.455790900e-02
    endloop
  endfacet
  facet normal -1.000000000e+00 1.009956577e-06 -6.034047601e-06
    outer loop
      vertex -1.749997772e-02 4.442170728e-03 -2.455790900e-02
      vertex -1.749998517e-02 1.773433178e-03 -2.379462868e-02
      vertex -1.749998890e-02 3.456341103e-03 -2.302606404e-02
    endloop
  endfacet
  facet normal -1.000000000e+00 -2.166524808e-07 -6.823440344e-06
    outer loop
      vertex -1.749997772e-02 4.442170728e-03 -2.455790900e-02
      vertex -1.749998890e-02 3.456341103e-03 -2.302606404e-02
      vertex -1.749999076e-02 6.242173258e-03 -2.275791205e-02
    endloop
  endfacet
  facet normal -1.000000000e+00 -6.117392672e-07 -2.718898486e-06
    outer loop
      vertex -1.749999076e-02 6.242173258e-03 -2.275791205e-02
      vertex -1.749998890e-02 3.456341103e-03 -2.302606404e-02
      vertex -1.749999262e-02 4.854548257e-03 -2.181451395e-02
    endloop
  endfacet
  facet normal -1.000000000e+00 2.969339221e-06 2.548436441e-06
    outer loop
      vertex -1.749999076e-02 6.242173258e-03 -2.275791205e-02
      vertex -1.749999262e-02 4.854548257e-03 -2.181451395e-02
      vertex -1.749998517e-02 5.854790099e-03 -2.025810443e-02
    endloop
  endfacet
  facet normal -1.000000000e+00 2.292330237e-06 1.732167220e-06
    outer loop
      vertex -1.749999076e-02 -5.970423575e-03 -1.485770941e-02
      vertex -1.749999449e-02 -6.357825361e-03 -1.595791988e-02
      vertex -1.749998517e-02 -6.357820239e-03 -1.055791415e-02
    endloop
  endfacet
  facet normal -1.000000000e+00 -1.965474667e-06 -4.949866934e-07
    outer loop
      vertex -1.749999076e-02 -4.057826009e-03 -1.055791602e-02
      vertex -1.749999449e-02 -4.057818558e-03 -2.461878350e-03
      vertex -1.749999821e-02 -5.781825530e-05 -1.105791610e-02
    endloop
  endfacet
  facet normal -1.000000000e+00 -1.245405429e-06 -1.599163681e-07
    outer loop
      vertex -1.749999821e-02 -5.781825530e-05 -1.105791610e-02
      vertex -1.749999449e-02 -4.057818558e-03 -2.461878350e-03
      vertex -1.750000566e-02 3.942182753e-03 -2.461876720e-03
    endloop
  endfacet
  facet normal -1.000000000e+00 7.800854291e-06 -4.369419003e-06
    outer loop
      vertex -1.749999821e-02 -5.781825530e-05 -1.105791610e-02
      vertex -1.750000566e-02 3.942182753e-03 -2.461876720e-03
      vertex -1.749998331e-02 1.773444819e-03 -1.132121123e-02
    endloop
  endfacet
  facet normal -1.000000000e+00 -2.079542355e-06 -1.950728119e-06
    outer loop
      vertex -1.749998331e-02 1.773444819e-03 -1.132121123e-02
      vertex -1.750000566e-02 3.942182753e-03 -2.461876720e-03
      vertex -1.749998890e-02 3.942175303e-03 -1.055790577e-02
    endloop
  endfacet
  facet normal -1.000000000e+00 -2.158320285e-06 -2.037755849e-06
    outer loop
      vertex -1.749999821e-02 -5.781825530e-05 -1.105791610e-02
      vertex -1.749999449e-02 -1.889081788e-03 -1.132120565e-02
      vertex -1.749999076e-02 -4.057826009e-03 -1.055791602e-02
    endloop
  endfacet
  facet normal -1.000000000e+00 -1.573701184e-06 -3.766699024e-07
    outer loop
      vertex -1.749999076e-02 -4.057826009e-03 -1.055791602e-02
      vertex -1.749999449e-02 -1.889081788e-03 -1.132120565e-02
      vertex -1.749999076e-02 -3.571989946e-03 -1.208977029e-02
    endloop
  endfacet
  facet normal -1.000000000e+00 -2.718620863e-06 -7.397876516e-07
    outer loop
      vertex -1.749999076e-02 -4.057826009e-03 -1.055791602e-02
      vertex -1.749999076e-02 -3.571989946e-03 -1.208977029e-02
      vertex -1.749998517e-02 -6.357820239e-03 -1.055791415e-02
    endloop
  endfacet
  facet normal -1.000000000e+00 -2.566446256e-06 -4.630429657e-07
    outer loop
      vertex -1.749998517e-02 -6.357820239e-03 -1.055791415e-02
      vertex -1.749999076e-02 -3.571989946e-03 -1.208977029e-02
      vertex -1.749998704e-02 -4.970196635e-03 -1.330132131e-02
    endloop
  endfacet
  facet normal -1.000000000e+00 1.661179908e-06 1.675302883e-06
    outer loop
      vertex -1.749998517e-02 -6.357820239e-03 -1.055791415e-02
      vertex -1.749998704e-02 -4.970196635e-03 -1.330132131e-02
      vertex -1.749999076e-02 -5.970423575e-03 -1.485770941e-02
    endloop
  endfacet
  facet normal -1.000000000e+00 1.169923235e-05 -2.138931222e-06
    outer loop
      vertex -1.749998517e-02 6.242179312e-03 -1.595791616e-02
      vertex -1.749999076e-02 5.854780320e-03 -1.485771406e-02
      vertex -1.749999635e-02 6.242184434e-03 -1.055790763e-02
    endloop
  endfacet
  facet normal -1.000000000e+00 -1.997207619e-06 -9.049078926e-07
    outer loop
      vertex -1.749999635e-02 6.242184434e-03 -1.055790763e-02
      vertex -1.749999076e-02 5.854780320e-03 -1.485771406e-02
      vertex -1.749999076e-02 4.854556173e-03 -1.330131199e-02
    endloop
  endfacet
  facet normal -1.000000000e+00 -2.718620635e-06 -5.400132750e-07
    outer loop
      vertex -1.749999635e-02 6.242184434e-03 -1.055790763e-02
      vertex -1.749999076e-02 4.854556173e-03 -1.330131199e-02
      vertex -1.749998890e-02 3.942175303e-03 -1.055790577e-02
    endloop
  endfacet
  facet normal -1.000000000e+00 8.815364708e-06 3.295868964e-06
    outer loop
      vertex -1.749998890e-02 3.942175303e-03 -1.055790577e-02
      vertex -1.749999076e-02 4.854556173e-03 -1.330131199e-02
      vertex -1.749999821e-02 3.456336446e-03 -1.208976749e-02
    endloop
  endfacet
  facet normal -1.000000000e+00 -5.527131179e-06 7.844674656e-06
    outer loop
      vertex -1.749998890e-02 3.942175303e-03 -1.055790577e-02
      vertex -1.749999821e-02 3.456336446e-03 -1.208976749e-02
      vertex -1.749998331e-02 1.773444819e-03 -1.132121123e-02
    endloop
  endfacet
  facet normal 2.362062560e-06 -3.029880872e-06 1.000000000e+00
    outer loop
      vertex -1.314020064e-02 -6.357822102e-03 -9.557914920e-03
      vertex -1.314019598e-02 -4.057827871e-03 -9.557907470e-03
      vertex -1.649998873e-02 -6.357816514e-03 -9.557906538e-03
    endloop
  endfacet
  facet normal -3.518487688e-07 9.345645253e-07 1.000000000e+00
    outer loop
      vertex -1.649998873e-02 -6.357816514e-03 -9.557906538e-03
      vertex -1.314019598e-02 -4.057827871e-03 -9.557907470e-03
      vertex -1.649999432e-02 -4.057822283e-03 -9.557908401e-03
    endloop
  endfacet
  facet normal -4.277810604e-07 -1.000000000e+00 -5.201695330e-06
    outer loop
      vertex 1.050969400e-02 -6.557814777e-03 -1.889671944e-02
      vertex 1.123595797e-02 -6.557825953e-03 -1.684073731e-02
      vertex 6.500016898e-03 -6.557823624e-03 -1.684073545e-02
    endloop
  endfacet
  facet normal 3.054950639e-06 -1.000000000e+00 -3.647578069e-06
    outer loop
      vertex -4.999987781e-03 -6.557815708e-03 -2.255790681e-02
      vertex 2.457089256e-03 -6.557818502e-03 -1.550654229e-02
      vertex -1.665139716e-04 -6.557825953e-03 -1.569911651e-02
    endloop
  endfacet
  facet normal -3.000991683e-06 -1.000000000e+00 6.201181577e-07
    outer loop
      vertex -1.665139716e-04 -6.557825953e-03 -1.569911651e-02
      vertex -2.785433084e-03 -6.557818037e-03 -1.545093581e-02
      vertex -4.999987781e-03 -6.557815708e-03 -2.255790681e-02
    endloop
  endfacet
  facet normal 2.199267328e-06 -1.000000000e+00 -1.000298994e-06
    outer loop
      vertex -4.999987781e-03 -6.557815708e-03 -2.255790681e-02
      vertex -2.785433084e-03 -6.557818037e-03 -1.545093581e-02
      vertex -5.326137412e-03 -6.557824090e-03 -1.476896461e-02
    endloop
  endfacet
  facet normal 2.956655862e-07 -1.000000000e+00 -1.080009383e-06
    outer loop
      vertex -4.999987781e-03 -6.557815708e-03 -2.255790681e-02
      vertex -5.326137412e-03 -6.557824090e-03 -1.476896461e-02
      vertex -1.729997806e-02 -6.557819434e-03 -2.255791053e-02
    endloop
  endfacet
  facet normal -1.313738949e-07 -1.000000000e+00 -1.080726065e-06
    outer loop
      vertex 6.300011650e-03 -6.557824090e-03 -1.655789092e-02
      vertex 1.500008744e-03 -6.557814777e-03 -2.455789596e-02
      vertex 6.500016898e-03 -6.557823624e-03 -1.684073545e-02
    endloop
  endfacet
  facet normal -4.035816801e-06 -1.000000000e+00 1.448992634e-06
    outer loop
      vertex 6.500016898e-03 -6.557823624e-03 -1.684073545e-02
      vertex 1.500008744e-03 -6.557814777e-03 -2.455789596e-02
      vertex 3.725232091e-03 -6.557823159e-03 -2.430718765e-02
    endloop
  endfacet
  facet normal 3.521377948e-06 -1.000000000e+00 -1.359514499e-06
    outer loop
      vertex 6.500016898e-03 -6.557823624e-03 -1.684073545e-02
      vertex 3.725232091e-03 -6.557823159e-03 -2.430718765e-02
      vertex 5.838853307e-03 -6.557817105e-03 -2.356757782e-02
    endloop
  endfacet
  facet normal 4.261322033e-07 -1.000000000e+00 9.345640137e-07
    outer loop
      vertex -4.999986384e-03 -6.557817571e-03 -2.455789968e-02
      vertex 1.500008744e-03 -6.557814777e-03 -2.455789596e-02
      vertex -4.999987781e-03 -6.557815708e-03 -2.255790681e-02
    endloop
  endfacet
  facet normal -1.842011557e-07 -1.000000000e+00 -1.049029720e-06
    outer loop
      vertex -4.999987781e-03 -6.557815708e-03 -2.255790681e-02
      vertex 1.500008744e-03 -6.557814777e-03 -2.455789596e-02
      vertex 6.300011650e-03 -6.557824090e-03 -1.655789092e-02
    endloop
  endfacet
  facet normal -1.185632982e-06 -1.000000000e+00 8.369949001e-07
    outer loop
      vertex -4.999987781e-03 -6.557815708e-03 -2.255790681e-02
      vertex 6.300011650e-03 -6.557824090e-03 -1.655789092e-02
      vertex 2.457089256e-03 -6.557818502e-03 -1.550654229e-02
    endloop
  endfacet
  facet normal -1.158922714e-06 -1.000000000e+00 9.346271099e-07
    outer loop
      vertex 2.457089256e-03 -6.557818502e-03 -1.550654229e-02
      vertex 6.300011650e-03 -6.557824090e-03 -1.655789092e-02
      vertex 6.300017238e-03 -6.557823624e-03 -1.621531695e-02
    endloop
  endfacet
  facet normal -2.136628837e-06 -1.000000000e+00 -4.366437679e-06
    outer loop
      vertex 2.457089256e-03 -6.557818502e-03 -1.550654229e-02
      vertex 6.300017238e-03 -6.557823624e-03 -1.621531695e-02
      vertex 4.886127543e-03 -6.557826418e-03 -1.492031850e-02
    endloop
  endfacet
  facet normal 1.174862064e-06 -1.000000000e+00 -2.431586154e-06
    outer loop
      vertex -5.326137412e-03 -6.557824090e-03 -1.476896461e-02
      vertex -7.717319764e-03 -6.557829678e-03 -1.367233973e-02
      vertex -1.729997806e-02 -6.557819434e-03 -2.255791053e-02
    endloop
  endfacet
  facet normal -3.207827604e-06 -1.000000000e+00 2.294932528e-06
    outer loop
      vertex -1.729997806e-02 -6.557819434e-03 -2.255791053e-02
      vertex -7.717319764e-03 -6.557829678e-03 -1.367233973e-02
      vertex -9.891837835e-03 -6.557819434e-03 -1.219186001e-02
    endloop
  endfacet
  facet normal 2.865880106e-06 -1.000000000e+00 -2.045667543e-06
    outer loop
      vertex -1.729997806e-02 -6.557819434e-03 -2.255791053e-02
      vertex -9.891837835e-03 -6.557819434e-03 -1.219186001e-02
      vertex -1.729998365e-02 -6.557829678e-03 -1.755791157e-02
    endloop
  endfacet
  facet normal 1.571682674e-06 -1.000000000e+00 -2.589527526e-07
    outer loop
      vertex -1.729998365e-02 -6.557829678e-03 -1.755791157e-02
      vertex -9.891837835e-03 -6.557819434e-03 -1.219186001e-02
      vertex -1.178862806e-02 -6.557822693e-03 -1.036909781e-02
    endloop
  endfacet
  facet normal -4.174210517e-06 -1.000000000e+00 -6.031355042e-07
    outer loop
      vertex 5.838853307e-03 -6.557817105e-03 -2.356757782e-02
      vertex 7.734911982e-03 -6.557825487e-03 -2.237622067e-02
      vertex 6.500016898e-03 -6.557823624e-03 -1.684073545e-02
    endloop
  endfacet
  facet normal 2.718620181e-06 -1.000000000e+00 9.345654348e-07
    outer loop
      vertex 6.500016898e-03 -6.557823624e-03 -1.684073545e-02
      vertex 7.734911982e-03 -6.557825487e-03 -2.237622067e-02
      vertex 9.318339638e-03 -6.557819899e-03 -2.079280280e-02
    endloop
  endfacet
  facet normal 2.718620181e-06 -1.000000000e+00 9.345654348e-07
    outer loop
      vertex 6.500016898e-03 -6.557823624e-03 -1.684073545e-02
      vertex 9.318339638e-03 -6.557819899e-03 -2.079280280e-02
      vertex 1.050969400e-02 -6.557814777e-03 -1.889671944e-02
    endloop
  endfacet
  facet normal 2.718620181e-06 -1.000000000e+00 9.345654348e-07
    outer loop
      vertex 6.186436862e-03 -6.557823624e-03 -1.568389498e-02
      vertex 5.865547806e-03 -6.557824090e-03 -1.524533797e-02
      vertex 6.300017238e-03 -6.557823624e-03 -1.621531695e-02
    endloop
  endfacet
  facet normal 2.718620181e-06 -1.000000000e+00 9.345654348e-07
    outer loop
      vertex 6.300017238e-03 -6.557823624e-03 -1.621531695e-02
      vertex 5.865547806e-03 -6.557824090e-03 -1.524533797e-02
      vertex 5.393417552e-03 -6.557825021e-03 -1.497627981e-02
    endloop
  endfacet
  facet normal 2.718620181e-06 -1.000000000e+00 9.345654348e-07
    outer loop
      vertex 6.300017238e-03 -6.557823624e-03 -1.621531695e-02
      vertex 5.393417552e-03 -6.557825021e-03 -1.497627981e-02
      vertex 4.886127543e-03 -6.557826418e-03 -1.492031850e-02
    endloop
  endfacet
  facet normal 2.718620181e-06 -1.000000000e+00 9.345654348e-07
    outer loop
      vertex -1.689998992e-02 -6.557821296e-03 -9.865094908e-03
      vertex -1.719281822e-02 -6.557822227e-03 -1.015790645e-02
      vertex -1.649998501e-02 -6.557819899e-03 -9.757911786e-03
    endloop
  endfacet
  facet normal 2.718620181e-06 -1.000000000e+00 9.345654348e-07
    outer loop
      vertex -1.649998501e-02 -6.557819899e-03 -9.757911786e-03
      vertex -1.719281822e-02 -6.557822227e-03 -1.015790645e-02
      vertex -1.730000041e-02 -6.557823159e-03 -1.055790856e-02
    endloop
  endfacet
  facet normal -1.716547558e-06 -1.000000000e+00 5.369834980e-06
    outer loop
      vertex -1.649998501e-02 -6.557819899e-03 -9.757911786e-03
      vertex -1.730000041e-02 -6.557823159e-03 -1.055790856e-02
      vertex -1.314020716e-02 -6.557825953e-03 -9.757907130e-03
    endloop
  endfacet
  facet normal -8.635658446e-07 -1.000000000e+00 9.345569083e-07
    outer loop
      vertex -1.314020716e-02 -6.557825953e-03 -9.757907130e-03
      vertex -1.730000041e-02 -6.557823159e-03 -1.055790856e-02
      vertex -1.729998365e-02 -6.557829678e-03 -1.755791157e-02
    endloop
  endfacet
  facet normal 2.349231181e-06 -1.000000000e+00 -7.788420362e-07
    outer loop
      vertex -1.314020716e-02 -6.557825953e-03 -9.757907130e-03
      vertex -1.729998365e-02 -6.557829678e-03 -1.755791157e-02
      vertex -1.239852514e-02 -6.557824090e-03 -9.917804971e-03
    endloop
  endfacet
  facet normal 1.739995241e-06 -1.000000000e+00 -3.879907808e-07
    outer loop
      vertex -1.239852514e-02 -6.557824090e-03 -9.917804971e-03
      vertex -1.729998365e-02 -6.557829678e-03 -1.755791157e-02
      vertex -1.178862806e-02 -6.557822693e-03 -1.036909781e-02
    endloop
  endfacet
  facet normal 9.781758785e-01 -2.982661272e-06 2.077785134e-01
    outer loop
      vertex 6.500009447e-03 -6.357819773e-03 -1.621532254e-02
      vertex 6.500015035e-03 -4.057825543e-03 -1.621531509e-02
      vertex 6.370499264e-03 -4.057825543e-03 -1.560558379e-02
    endloop
  endfacet
  facet normal 9.779145122e-01 -3.428559285e-04 2.090050280e-01
    outer loop
      vertex 6.500009447e-03 -6.357819773e-03 -1.621532254e-02
      vertex 6.370499264e-03 -4.057825543e-03 -1.560558379e-02
      vertex 6.368957926e-03 -6.357819773e-03 -1.560214441e-02
    endloop
  endfacet
  facet normal 8.092516065e-01 3.361269773e-04 5.874620676e-01
    outer loop
      vertex 6.368957926e-03 -6.357819773e-03 -1.560214441e-02
      vertex 6.370499264e-03 -4.057825543e-03 -1.560558379e-02
      vertex 6.004311610e-03 -4.057811107e-03 -1.510114595e-02
    endloop
  endfacet
  facet normal 8.070455790e-01 -6.729250890e-04 5.904887915e-01
    outer loop
      vertex 6.368957926e-03 -6.357819773e-03 -1.560214441e-02
      vertex 6.004311610e-03 -4.057811107e-03 -1.510114595e-02
      vertex 5.998713896e-03 -6.357820239e-03 -1.509611588e-02
    endloop
  endfacet
  facet normal 5.005872250e-01 6.747925072e-04 8.656858206e-01
    outer loop
      vertex 5.998713896e-03 -6.357820239e-03 -1.509611588e-02
      vertex 6.004311610e-03 -4.057811107e-03 -1.510114595e-02
      vertex 5.464701913e-03 -4.057812039e-03 -1.478911377e-02
    endloop
  endfacet
  facet normal 4.951448441e-01 -1.005810918e-03 8.688098788e-01
    outer loop
      vertex 5.998713896e-03 -6.357820239e-03 -1.509611588e-02
      vertex 5.464701913e-03 -4.057812039e-03 -1.478911377e-02
      vertex 5.453944206e-03 -6.357821170e-03 -1.478564553e-02
    endloop
  endfacet
  facet normal 1.054768264e-01 1.006195205e-03 9.944212437e-01
    outer loop
      vertex 5.453944206e-03 -6.357821170e-03 -1.478564553e-02
      vertex 5.464701913e-03 -4.057812039e-03 -1.478911377e-02
      vertex 4.844844341e-03 -4.057828803e-03 -1.472336613e-02
    endloop
  endfacet
  facet normal 1.017219797e-01 1.206261118e-06 9.948128462e-01
    outer loop
      vertex 5.453944206e-03 -6.357821170e-03 -1.478564553e-02
      vertex 4.844844341e-03 -4.057828803e-03 -1.472336613e-02
      vertex 4.844850861e-03 -6.357823033e-03 -1.472336426e-02
    endloop
  endfacet
  facet normal -2.323758751e-01 2.772409573e-07 9.726260304e-01
    outer loop
      vertex 4.844850861e-03 -6.357823033e-03 -1.472336426e-02
      vertex 4.844844341e-03 -4.057828803e-03 -1.472336613e-02
      vertex 2.333839890e-03 -4.057821352e-03 -1.532328501e-02
    endloop
  endfacet
  facet normal -2.352929413e-01 -3.368921112e-03 9.719186425e-01
    outer loop
      vertex 4.844850861e-03 -6.357823033e-03 -1.472336426e-02
      vertex 2.333839890e-03 -4.057821352e-03 -1.532328501e-02
      vertex 2.425776329e-03 -6.357815117e-03 -1.530900039e-02
    endloop
  endfacet
  facet normal -6.771956384e-02 3.489521798e-03 9.976983070e-01
    outer loop
      vertex 2.425776329e-03 -6.357815117e-03 -1.530900039e-02
      vertex 2.333839890e-03 -4.057821352e-03 -1.532328501e-02
      vertex -2.419197845e-04 -4.057828337e-03 -1.549811754e-02
    endloop
  endfacet
  facet normal -7.320567966e-02 -2.905397676e-03 9.973126054e-01
    outer loop
      vertex 2.425776329e-03 -6.357815117e-03 -1.530900039e-02
      vertex -2.419197845e-04 -4.057828337e-03 -1.549811754e-02
      vertex -1.643947035e-04 -6.357822102e-03 -1.549912710e-02
    endloop
  endfacet
  facet normal 9.882482886e-02 2.894144272e-03 9.951006174e-01
    outer loop
      vertex -1.643947035e-04 -6.357822102e-03 -1.549912710e-02
      vertex -2.419197845e-04 -4.057828337e-03 -1.549811754e-02
      vertex -2.810962033e-03 -4.057819955e-03 -1.524298172e-02
    endloop
  endfacet
  facet normal 9.434059262e-02 -2.314405749e-03 9.955372810e-01
    outer loop
      vertex -1.643947035e-04 -6.357822102e-03 -1.549912710e-02
      vertex -2.810962033e-03 -4.057819955e-03 -1.524298172e-02
      vertex -2.749949694e-03 -6.357829086e-03 -1.525411103e-02
    endloop
  endfacet
  facet normal 2.626240849e-01 2.297907136e-03 9.648954868e-01
    outer loop
      vertex -2.749949694e-03 -6.357829086e-03 -1.525411103e-02
      vertex -2.810962033e-03 -4.057819955e-03 -1.524298172e-02
      vertex -5.302034318e-03 -4.057826474e-03 -1.456496492e-02
    endloop
  endfacet
  facet normal 2.592411935e-01 -1.730067539e-03 9.658110738e-01
    outer loop
      vertex -2.749949694e-03 -6.357829086e-03 -1.525411103e-02
      vertex -5.302034318e-03 -4.057826474e-03 -1.456496492e-02
      vertex -5.258292425e-03 -6.357820239e-03 -1.458082628e-02
    endloop
  endfacet
  facet normal 4.191331863e-01 1.710027223e-03 9.079231620e-01
    outer loop
      vertex -5.258292425e-03 -6.357820239e-03 -1.458082628e-02
      vertex -5.302034318e-03 -4.057826474e-03 -1.456496492e-02
      vertex -7.646010257e-03 -4.057816695e-03 -1.348289289e-02
    endloop
  endfacet
  facet normal 4.168640673e-01 -1.144440146e-03 9.089680910e-01
    outer loop
      vertex -5.258292425e-03 -6.357820239e-03 -1.458082628e-02
      vertex -7.646010257e-03 -4.057816695e-03 -1.348289289e-02
      vertex -7.619018666e-03 -6.357825827e-03 -1.349816751e-02
    endloop
  endfacet
  facet normal 5.640182495e-01 1.135055674e-03 8.257615566e-01
    outer loop
      vertex -7.619018666e-03 -6.357825827e-03 -1.349816751e-02
      vertex -7.646010257e-03 -4.057816695e-03 -1.348289289e-02
      vertex -9.777865373e-03 -4.057821352e-03 -1.202677563e-02
    endloop
  endfacet
  facet normal 5.627796650e-01 -5.682599731e-04 8.266067505e-01
    outer loop
      vertex -7.619018666e-03 -6.357825827e-03 -1.349816751e-02
      vertex -9.777865373e-03 -4.057821352e-03 -1.202677563e-02
      vertex -9.765829891e-03 -6.357815582e-03 -1.203655172e-02
    endloop
  endfacet
  facet normal 6.932550073e-01 5.647100043e-04 7.206921577e-01
    outer loop
      vertex -9.765829891e-03 -6.357815582e-03 -1.203655172e-02
      vertex -9.777865373e-03 -4.057821352e-03 -1.202677563e-02
      vertex -1.163846068e-02 -4.057824612e-03 -1.023701485e-02
    endloop
  endfacet
  facet normal 6.928968430e-01 3.505395398e-06 7.210367322e-01
    outer loop
      vertex -9.765829891e-03 -6.357815582e-03 -1.203655172e-02
      vertex -1.163846068e-02 -4.057824612e-03 -1.023701485e-02
      vertex -1.163846347e-02 -6.357818842e-03 -1.023700088e-02
    endloop
  endfacet
  facet normal 6.932598352e-01 2.558240112e-06 7.206876874e-01
    outer loop
      vertex -1.163846534e-02 6.242170930e-03 -1.023700554e-02
      vertex -1.163845882e-02 3.942176700e-03 -1.023700368e-02
      vertex -9.777866304e-03 3.942179959e-03 -1.202678587e-02
    endloop
  endfacet
  facet normal 6.928967237e-01 -5.626649945e-04 7.210366130e-01
    outer loop
      vertex -1.163846534e-02 6.242170930e-03 -1.023700554e-02
      vertex -9.777866304e-03 3.942179959e-03 -1.202678587e-02
      vertex -9.765830822e-03 6.242174190e-03 -1.203655731e-02
    endloop
  endfacet
  facet normal 5.640185475e-01 5.566321779e-04 8.257619143e-01
    outer loop
      vertex -9.765830822e-03 6.242174190e-03 -1.203655731e-02
      vertex -9.777866304e-03 3.942179959e-03 -1.202678587e-02
      vertex -7.646011189e-03 3.942184616e-03 -1.348290313e-02
    endloop
  endfacet
  facet normal 5.627794266e-01 -1.116469386e-03 8.266063929e-01
    outer loop
      vertex -9.765830822e-03 6.242174190e-03 -1.203655731e-02
      vertex -7.646011189e-03 3.942184616e-03 -1.348290313e-02
      vertex -7.619020063e-03 6.242178846e-03 -1.349817310e-02
    endloop
  endfacet
  facet normal 4.191335440e-01 1.109108562e-03 9.079239368e-01
    outer loop
      vertex -7.619020063e-03 6.242178846e-03 -1.349817310e-02
      vertex -7.646011189e-03 3.942184616e-03 -1.348290313e-02
      vertex -5.302035250e-03 3.942174837e-03 -1.456497516e-02
    endloop
  endfacet
  facet normal 4.168613553e-01 -1.664379612e-03 9.089685678e-01
    outer loop
      vertex -7.619020063e-03 6.242178846e-03 -1.349817310e-02
      vertex -5.302035250e-03 3.942174837e-03 -1.456497516e-02
      vertex -5.258302670e-03 6.242184434e-03 -1.458081976e-02
    endloop
  endfacet
  facet normal 2.626210749e-01 1.653635176e-03 9.648976326e-01
    outer loop
      vertex -5.258302670e-03 6.242184434e-03 -1.458081976e-02
      vertex -5.302035250e-03 3.942174837e-03 -1.456497516e-02
      vertex -2.810971811e-03 3.942181356e-03 -1.524298079e-02
    endloop
  endfacet
  facet normal 2.592399120e-01 -2.206900390e-03 9.658104181e-01
    outer loop
      vertex -5.258302670e-03 6.242184434e-03 -1.458081976e-02
      vertex -2.810971811e-03 3.942181356e-03 -1.524298079e-02
      vertex -2.749939449e-03 6.242175587e-03 -1.525410730e-02
    endloop
  endfacet
  facet normal 9.882105887e-02 2.191666281e-03 9.951028228e-01
    outer loop
      vertex -2.749939449e-03 6.242175587e-03 -1.525410730e-02
      vertex -2.810971811e-03 3.942181356e-03 -1.524298079e-02
      vertex -2.419179655e-04 3.942172974e-03 -1.549810637e-02
    endloop
  endfacet
  facet normal 9.434049577e-02 -2.740111900e-03 9.955362082e-01
    outer loop
      vertex -2.749939449e-03 6.242175587e-03 -1.525410730e-02
      vertex -2.419179655e-04 3.942172974e-03 -1.549810637e-02
      vertex -1.643844880e-04 6.242182571e-03 -1.549912337e-02
    endloop
  endfacet
  facet normal -6.771172583e-02 2.723636804e-03 9.977012277e-01
    outer loop
      vertex -1.643844880e-04 6.242182571e-03 -1.549912337e-02
      vertex -2.419179655e-04 3.942172974e-03 -1.549810637e-02
      vertex 2.333838958e-03 3.942179959e-03 -1.532329526e-02
    endloop
  endfacet
  facet normal -7.320561260e-02 -3.273518523e-03 9.973114729e-01
    outer loop
      vertex -1.643844880e-04 6.242182571e-03 -1.549912337e-02
      vertex 2.333838958e-03 3.942179959e-03 -1.532329526e-02
      vertex 2.425786573e-03 6.242174655e-03 -1.530899666e-02
    endloop
  endfacet
  facet normal -2.323769629e-01 3.243227024e-03 9.726203680e-01
    outer loop
      vertex 2.425786573e-03 6.242174655e-03 -1.530899666e-02
      vertex 2.333838958e-03 3.942179959e-03 -1.532329526e-02
      vertex 4.844855517e-03 3.942172509e-03 -1.472336706e-02
    endloop
  endfacet
  facet normal -2.352918833e-01 2.686580274e-07 9.719247818e-01
    outer loop
      vertex 2.425786573e-03 6.242174655e-03 -1.530899666e-02
      vertex 4.844855517e-03 3.942172509e-03 -1.472336706e-02
      vertex 4.844848998e-03 6.242181640e-03 -1.472336985e-02
    endloop
  endfacet
  facet normal 9.779122472e-01 -2.985738547e-06 2.090159208e-01
    outer loop
      vertex 6.500005256e-03 3.942175768e-03 -1.621531509e-02
      vertex 6.500010844e-03 6.242184900e-03 -1.621530764e-02
      vertex 6.368956529e-03 6.242184900e-03 -1.560214907e-02
    endloop
  endfacet
  facet normal 9.781758189e-01 3.419206187e-04 2.077784985e-01
    outer loop
      vertex 6.500005256e-03 3.942175768e-03 -1.621531509e-02
      vertex 6.368956529e-03 6.242184900e-03 -1.560214907e-02
      vertex 6.370489486e-03 3.942175768e-03 -1.560558192e-02
    endloop
  endfacet
  facet normal 8.070456982e-01 -3.432878293e-04 5.904889107e-01
    outer loop
      vertex 6.370489486e-03 3.942175768e-03 -1.560558192e-02
      vertex 6.368956529e-03 6.242184900e-03 -1.560214907e-02
      vertex 5.998712033e-03 6.242184434e-03 -1.509612147e-02
    endloop
  endfacet
  facet normal 8.092659712e-01 6.904904731e-04 5.874420404e-01
    outer loop
      vertex 6.370489486e-03 3.942175768e-03 -1.560558192e-02
      vertex 5.998712033e-03 6.242184434e-03 -1.509612147e-02
      vertex 6.004322786e-03 3.942175303e-03 -1.510114688e-02
    endloop
  endfacet
  facet normal 4.951449633e-01 -6.905548507e-04 8.688101172e-01
    outer loop
      vertex 6.004322786e-03 3.942175303e-03 -1.510114688e-02
      vertex 5.998712033e-03 6.242184434e-03 -1.509612147e-02
      vertex 5.453942344e-03 6.242183503e-03 -1.478565112e-02
    endloop
  endfacet
  facet normal 5.005871058e-01 1.040317235e-03 8.656855822e-01
    outer loop
      vertex 6.004322786e-03 3.942175303e-03 -1.510114688e-02
      vertex 5.453942344e-03 6.242183503e-03 -1.478565112e-02
      vertex 5.464712624e-03 3.942174371e-03 -1.478911471e-02
    endloop
  endfacet
  facet normal 1.017219275e-01 -1.021935139e-03 9.948123693e-01
    outer loop
      vertex 5.464712624e-03 3.942174371e-03 -1.478911471e-02
      vertex 5.453942344e-03 6.242183503e-03 -1.478565112e-02
      vertex 4.844848998e-03 6.242181640e-03 -1.472336985e-02
    endloop
  endfacet
  facet normal 1.054769084e-01 1.216103897e-06 9.944217801e-01
    outer loop
      vertex 5.464712624e-03 3.942174371e-03 -1.478911471e-02
      vertex 4.844848998e-03 6.242181640e-03 -1.472336985e-02
      vertex 4.844855517e-03 3.942172509e-03 -1.472336706e-02
    endloop
  endfacet
  facet normal -1.600130304e-06 -1.000000000e+00 4.479385609e-07
    outer loop
      vertex 1.150000375e-02 -4.057823680e-03 2.889977768e-03
      vertex 1.124927215e-02 -4.057822283e-03 5.115183070e-03
      vertex 7.886752486e-03 -4.057817627e-03 4.335788544e-03
    endloop
  endfacet
  facet normal -1.380466188e-06 -1.000000000e+00 -4.997526730e-07
    outer loop
      vertex 7.886752486e-03 -4.057817627e-03 4.335788544e-03
      vertex 1.124927215e-02 -4.057822283e-03 5.115183070e-03
      vertex 1.050968561e-02 -4.057822749e-03 7.228822447e-03
    endloop
  endfacet
  facet normal -4.351690848e-07 -1.000000000e+00 -1.356794542e-06
    outer loop
      vertex 7.886752486e-03 -4.057817627e-03 4.335788544e-03
      vertex 1.050968561e-02 -4.057822749e-03 7.228822447e-03
      vertex 6.560707465e-03 -4.057819489e-03 6.160934456e-03
    endloop
  endfacet
  facet normal -5.067541906e-07 -1.000000000e+00 -1.092077696e-06
    outer loop
      vertex 6.560707465e-03 -4.057819489e-03 6.160934456e-03
      vertex 1.050968561e-02 -4.057822749e-03 7.228822447e-03
      vertex 9.318307973e-03 -4.057824146e-03 9.124883451e-03
    endloop
  endfacet
  facet normal 3.684404817e-07 -1.000000000e+00 -1.906341708e-06
    outer loop
      vertex 6.560707465e-03 -4.057819489e-03 6.160934456e-03
      vertex 9.318307973e-03 -4.057824146e-03 9.124883451e-03
      vertex 4.822429270e-03 -4.057822749e-03 7.598948665e-03
    endloop
  endfacet
  facet normal 2.718620181e-06 -1.000000000e+00 9.345654348e-07
    outer loop
      vertex -1.749999076e-02 -4.057826009e-03 -1.055791602e-02
      vertex -1.742387936e-02 -4.057825543e-03 -1.017522532e-02
      vertex -1.749999449e-02 -4.057818558e-03 -2.461878350e-03
    endloop
  endfacet
  facet normal 2.718620181e-06 -1.000000000e+00 9.345654348e-07
    outer loop
      vertex -1.749999449e-02 -4.057818558e-03 -2.461878350e-03
      vertex -1.742387936e-02 -4.057825543e-03 -1.017522532e-02
      vertex -1.720710844e-02 -4.057824612e-03 -9.850804694e-03
    endloop
  endfacet
  facet normal 2.718620181e-06 -1.000000000e+00 9.345654348e-07
    outer loop
      vertex -1.749999449e-02 -4.057818558e-03 -2.461878350e-03
      vertex -1.720710844e-02 -4.057824612e-03 -9.850804694e-03
      vertex -1.688267291e-02 -4.057823215e-03 -9.634034708e-03
    endloop
  endfacet
  facet normal 2.718620181e-06 -1.000000000e+00 9.345654348e-07
    outer loop
      vertex 5.464701913e-03 -4.057826940e-03 -1.478911377e-02
      vertex 6.004311610e-03 -4.057826009e-03 -1.510114595e-02
      vertex 6.500003859e-03 -4.057819955e-03 -1.036988851e-02
    endloop
  endfacet
  facet normal 2.718620181e-06 -1.000000000e+00 9.345654348e-07
    outer loop
      vertex 6.500003859e-03 -4.057819955e-03 -1.036988851e-02
      vertex 6.004311610e-03 -4.057826009e-03 -1.510114595e-02
      vertex 6.370499264e-03 -4.057825543e-03 -1.560558379e-02
    endloop
  endfacet
  facet normal 2.718620181e-06 -1.000000000e+00 9.345654348e-07
    outer loop
      vertex 6.500003859e-03 -4.057819955e-03 -1.036988851e-02
      vertex 6.370499264e-03 -4.057825543e-03 -1.560558379e-02
      vertex 6.500015035e-03 -4.057825543e-03 -1.621531509e-02
    endloop
  endfacet
  facet normal -2.181771151e-06 -1.000000000e+00 -1.005650347e-06
    outer loop
      vertex 7.886752486e-03 -4.057817627e-03 4.335788544e-03
      vertex 8.717244491e-03 -4.057817161e-03 2.238219604e-03
      vertex 1.150000375e-02 -4.057823680e-03 2.889977768e-03
    endloop
  endfacet
  facet normal -2.482307536e-06 -1.000000000e+00 2.775256007e-07
    outer loop
      vertex 1.150000375e-02 -4.057823680e-03 2.889977768e-03
      vertex 8.717244491e-03 -4.057817161e-03 2.238219604e-03
      vertex 8.999999613e-03 -4.057818558e-03 1.591197396e-08
    endloop
  endfacet
  facet normal -1.418268994e-06 -1.000000000e+00 -6.429365840e-07
    outer loop
      vertex 1.150000375e-02 -4.057823680e-03 2.889977768e-03
      vertex 8.999999613e-03 -4.057818558e-03 1.591197396e-08
      vertex 1.150000375e-02 -4.057817627e-03 -6.556071807e-03
    endloop
  endfacet
  facet normal 2.718620181e-06 -1.000000000e+00 9.345654348e-07
    outer loop
      vertex 1.150000375e-02 -4.057817627e-03 -6.556071807e-03
      vertex 8.999999613e-03 -4.057818558e-03 1.591197396e-08
      vertex 8.717251942e-03 -4.057821352e-03 -2.238191431e-03
    endloop
  endfacet
  facet normal 2.718620181e-06 -1.000000000e+00 9.345654348e-07
    outer loop
      vertex 1.150000375e-02 -4.057817627e-03 -6.556071807e-03
      vertex 8.717251942e-03 -4.057821352e-03 -2.238191431e-03
      vertex 1.150000188e-02 -4.057821352e-03 -1.036988292e-02
    endloop
  endfacet
  facet normal -2.616117172e-07 -1.000000000e+00 -8.530139439e-08
    outer loop
      vertex 1.150000188e-02 -4.057821352e-03 -1.036988292e-02
      vertex 8.717251942e-03 -4.057821352e-03 -2.238191431e-03
      vertex 6.500003859e-03 -4.057819955e-03 -1.036988851e-02
    endloop
  endfacet
  facet normal 1.758559119e-05 -1.000000000e+00 -4.951649771e-06
    outer loop
      vertex 6.500003859e-03 -4.057819955e-03 -1.036988851e-02
      vertex 8.717251942e-03 -4.057821352e-03 -2.238191431e-03
      vertex 7.886766456e-03 -4.057825543e-03 -4.335769918e-03
    endloop
  endfacet
  facet normal 5.573996459e-04 -9.999998212e-01 -1.290118526e-04
    outer loop
      vertex 6.500003859e-03 -4.057819955e-03 -1.036988851e-02
      vertex 7.886766456e-03 -4.057825543e-03 -4.335769918e-03
      vertex 5.464701913e-03 -4.057826940e-03 -1.478911377e-02
    endloop
  endfacet
  facet normal -1.089973011e-05 -1.000000000e+00 2.664477506e-06
    outer loop
      vertex 5.464701913e-03 -4.057826940e-03 -1.478911377e-02
      vertex 7.886766456e-03 -4.057825543e-03 -4.335769918e-03
      vertex 6.560724694e-03 -4.057815764e-03 -6.160917692e-03
    endloop
  endfacet
  facet normal 2.718620181e-06 -1.000000000e+00 9.345654348e-07
    outer loop
      vertex 5.464701913e-03 -4.057826940e-03 -1.478911377e-02
      vertex 6.560724694e-03 -4.057815764e-03 -6.160917692e-03
      vertex 4.844844341e-03 -4.057828803e-03 -1.472336613e-02
    endloop
  endfacet
  facet normal -1.716515271e-06 -1.000000000e+00 1.937682327e-06
    outer loop
      vertex -1.649999432e-02 -4.057822283e-03 -9.557908401e-03
      vertex -1.314019598e-02 -4.057827871e-03 -9.557907470e-03
      vertex -8.367984556e-03 -4.057824146e-03 -3.313130233e-03
    endloop
  endfacet
  facet normal 2.280679894e-07 -1.000000000e+00 1.886082600e-06
    outer loop
      vertex -5.019252189e-03 -4.057816230e-03 1.121048070e-02
      vertex -1.304700319e-02 -4.057828337e-03 5.858637393e-03
      vertex -7.281154860e-03 -4.057827871e-03 5.290055647e-03
    endloop
  endfacet
  facet normal -4.407806955e-06 -1.000000000e+00 -1.173758619e-06
    outer loop
      vertex 2.781134564e-03 -4.057827406e-03 8.559511043e-03
      vertex 1.499984995e-03 -4.057826940e-03 1.288997382e-02
      vertex 5.651017418e-04 -4.057818092e-03 8.982233703e-03
    endloop
  endfacet
  facet normal 2.718617679e-06 -1.000000000e+00 -2.878676469e-06
    outer loop
      vertex 5.651017418e-04 -4.057818092e-03 8.982233703e-03
      vertex 1.499984995e-03 -4.057826940e-03 1.288997382e-02
      vertex 5.277391756e-04 -4.057829268e-03 1.288997382e-02
    endloop
  endfacet
  facet normal 2.958389814e-06 -1.000000000e+00 -2.876383860e-06
    outer loop
      vertex 5.651017418e-04 -4.057818092e-03 8.982233703e-03
      vertex 5.277391756e-04 -4.057829268e-03 1.288997382e-02
      vertex -1.686442760e-03 -4.057824146e-03 8.840574883e-03
    endloop
  endfacet
  facet normal 2.718620181e-06 -1.000000000e+00 9.345654348e-07
    outer loop
      vertex 6.560724694e-03 -4.057815764e-03 -6.160917692e-03
      vertex 4.822443239e-03 -4.057821818e-03 -7.598946802e-03
      vertex 4.844844341e-03 -4.057828803e-03 -1.472336613e-02
    endloop
  endfacet
  facet normal 2.718620181e-06 -1.000000000e+00 9.345654348e-07
    outer loop
      vertex 4.844844341e-03 -4.057828803e-03 -1.472336613e-02
      vertex 4.822443239e-03 -4.057821818e-03 -7.598946802e-03
      vertex 2.781166695e-03 -4.057828337e-03 -8.559499867e-03
    endloop
  endfacet
  facet normal -2.776194151e-06 -1.000000000e+00 -9.051117331e-07
    outer loop
      vertex 4.844844341e-03 -4.057828803e-03 -1.472336613e-02
      vertex 2.781166695e-03 -4.057828337e-03 -8.559499867e-03
      vertex 2.333839890e-03 -4.057821352e-03 -1.532328501e-02
    endloop
  endfacet
  facet normal -3.665886197e-06 -1.000000000e+00 -8.462714618e-07
    outer loop
      vertex 2.333839890e-03 -4.057821352e-03 -1.532328501e-02
      vertex 2.781166695e-03 -4.057828337e-03 -8.559499867e-03
      vertex 5.651243846e-04 -4.057819955e-03 -8.982236497e-03
    endloop
  endfacet
  facet normal 9.025853842e-07 -1.000000000e+00 -6.381434758e-08
    outer loop
      vertex -8.367984556e-03 -4.057824146e-03 -3.313130233e-03
      vertex -1.314019598e-02 -4.057827871e-03 -9.557907470e-03
      vertex -7.281146012e-03 -4.057823215e-03 -5.290069617e-03
    endloop
  endfacet
  facet normal -4.379235463e-07 -1.000000000e+00 -4.867571988e-06
    outer loop
      vertex -7.281154860e-03 -4.057827871e-03 5.290055647e-03
      vertex -1.304700319e-02 -4.057828337e-03 5.858637393e-03
      vertex -8.367992938e-03 -4.057818092e-03 3.313109977e-03
    endloop
  endfacet
  facet normal -1.198690256e-06 -1.000000000e+00 -6.265959655e-06
    outer loop
      vertex -8.367992938e-03 -4.057818092e-03 3.313109977e-03
      vertex -1.304700319e-02 -4.057828337e-03 5.858637393e-03
      vertex -1.456515491e-02 -4.057818558e-03 4.615104757e-03
    endloop
  endfacet
  facet normal 4.371747195e-07 -1.000000000e+00 1.520338174e-06
    outer loop
      vertex -8.367992938e-03 -4.057818092e-03 3.313109977e-03
      vertex -1.456515491e-02 -4.057818558e-03 4.615104757e-03
      vertex -8.929031901e-03 -4.057821352e-03 1.127994736e-03
    endloop
  endfacet
  facet normal -3.745584081e-06 -1.000000000e+00 2.414367373e-06
    outer loop
      vertex -3.832004732e-03 -4.057816230e-03 -8.143448271e-03
      vertex -5.302034318e-03 -4.057826474e-03 -1.456496492e-02
      vertex -1.686415286e-03 -4.057826009e-03 -8.840591647e-03
    endloop
  endfacet
  facet normal 2.114044037e-06 -1.000000000e+00 -1.286680913e-06
    outer loop
      vertex -1.686415286e-03 -4.057826009e-03 -8.840591647e-03
      vertex -5.302034318e-03 -4.057826474e-03 -1.456496492e-02
      vertex -2.810962033e-03 -4.057819955e-03 -1.524298172e-02
    endloop
  endfacet
  facet normal 2.573801112e-06 -1.000000000e+00 -1.367434834e-06
    outer loop
      vertex -1.686415286e-03 -4.057826009e-03 -8.840591647e-03
      vertex -2.810962033e-03 -4.057819955e-03 -1.524298172e-02
      vertex 5.651243846e-04 -4.057819955e-03 -8.982236497e-03
    endloop
  endfacet
  facet normal -3.011179388e-06 -1.000000000e+00 1.644247163e-06
    outer loop
      vertex 5.651243846e-04 -4.057819955e-03 -8.982236497e-03
      vertex -2.810962033e-03 -4.057819955e-03 -1.524298172e-02
      vertex -2.419197845e-04 -4.057828337e-03 -1.549811754e-02
    endloop
  endfacet
  facet normal 2.718620181e-06 -1.000000000e+00 9.345654348e-07
    outer loop
      vertex 5.651243846e-04 -4.057819955e-03 -8.982236497e-03
      vertex -2.419197845e-04 -4.057828337e-03 -1.549811754e-02
      vertex 2.333839890e-03 -4.057821352e-03 -1.532328501e-02
    endloop
  endfacet
  facet normal 2.137781848e-06 -1.000000000e+00 -1.759538804e-06
    outer loop
      vertex -1.314019598e-02 -4.057827871e-03 -9.557907470e-03
      vertex -1.231613290e-02 -4.057826009e-03 -9.735572152e-03
      vertex -7.281146012e-03 -4.057823215e-03 -5.290069617e-03
    endloop
  endfacet
  facet normal 1.369224378e-06 -1.000000000e+00 -8.890688719e-07
    outer loop
      vertex -7.281146012e-03 -4.057823215e-03 -5.290069617e-03
      vertex -1.231613290e-02 -4.057826009e-03 -9.735572152e-03
      vertex -1.163846068e-02 -4.057824612e-03 -1.023701485e-02
    endloop
  endfacet
  facet normal 1.063444529e-06 -1.000000000e+00 -6.197351468e-07
    outer loop
      vertex -7.281146012e-03 -4.057823215e-03 -5.290069617e-03
      vertex -1.163846068e-02 -4.057824612e-03 -1.023701485e-02
      vertex -5.736811087e-03 -4.057820421e-03 -6.934632547e-03
    endloop
  endfacet
  facet normal 1.122306230e-06 -1.000000000e+00 -7.249262239e-07
    outer loop
      vertex -5.736811087e-03 -4.057820421e-03 -6.934632547e-03
      vertex -1.163846068e-02 -4.057824612e-03 -1.023701485e-02
      vertex -9.777865373e-03 -4.057821352e-03 -1.202677563e-02
    endloop
  endfacet
  facet normal 1.483553092e-06 -1.000000000e+00 -1.011606741e-06
    outer loop
      vertex -5.736811087e-03 -4.057820421e-03 -6.934632547e-03
      vertex -9.777865373e-03 -4.057821352e-03 -1.202677563e-02
      vertex -3.832004732e-03 -4.057816230e-03 -8.143448271e-03
    endloop
  endfacet
  facet normal 1.437496280e-06 -1.000000000e+00 -9.410879898e-07
    outer loop
      vertex -3.832004732e-03 -4.057816230e-03 -8.143448271e-03
      vertex -9.777865373e-03 -4.057821352e-03 -1.202677563e-02
      vertex -7.646010257e-03 -4.057816695e-03 -1.348289289e-02
    endloop
  endfacet
  facet normal -3.030980224e-06 -1.000000000e+00 2.250778607e-06
    outer loop
      vertex -3.832004732e-03 -4.057816230e-03 -8.143448271e-03
      vertex -7.646010257e-03 -4.057816695e-03 -1.348289289e-02
      vertex -5.302034318e-03 -4.057826474e-03 -1.456496492e-02
    endloop
  endfacet
  facet normal 2.718620181e-06 -1.000000000e+00 9.345654348e-07
    outer loop
      vertex -7.281154860e-03 -4.057827871e-03 5.290055647e-03
      vertex -5.736832973e-03 -4.057822283e-03 6.934612989e-03
      vertex -5.019252189e-03 -4.057816230e-03 1.121048070e-02
    endloop
  endfacet
  facet normal 2.718620181e-06 -1.000000000e+00 9.345654348e-07
    outer loop
      vertex -5.019252189e-03 -4.057816230e-03 1.121048070e-02
      vertex -5.736832973e-03 -4.057822283e-03 6.934612989e-03
      vertex -3.832022659e-03 -4.057815764e-03 8.143441752e-03
    endloop
  endfacet
  facet normal -4.434722086e-06 -1.000000000e+00 -1.834444106e-06
    outer loop
      vertex -5.019252189e-03 -4.057816230e-03 1.121048070e-02
      vertex -3.832022659e-03 -4.057815764e-03 8.143441752e-03
      vertex -3.292643232e-03 -4.057825543e-03 1.213143673e-02
    endloop
  endfacet
  facet normal -3.275806193e-06 -1.000000000e+00 -1.991188356e-06
    outer loop
      vertex -3.292643232e-03 -4.057825543e-03 1.213143673e-02
      vertex -3.832022659e-03 -4.057815764e-03 8.143441752e-03
      vertex -1.686442760e-03 -4.057824146e-03 8.840574883e-03
    endloop
  endfacet
  facet normal 2.718620181e-06 -1.000000000e+00 9.345654348e-07
    outer loop
      vertex -3.292643232e-03 -4.057825543e-03 1.213143673e-02
      vertex -1.686442760e-03 -4.057824146e-03 8.840574883e-03
      vertex -1.419739216e-03 -4.057819955e-03 1.269850973e-02
    endloop
  endfacet
  facet normal -4.985255600e-06 -1.000000000e+00 1.467143534e-06
    outer loop
      vertex -1.419739216e-03 -4.057819955e-03 1.269850973e-02
      vertex -1.686442760e-03 -4.057824146e-03 8.840574883e-03
      vertex 5.277391756e-04 -4.057829268e-03 1.288997382e-02
    endloop
  endfacet
  facet normal 2.440953040e-07 -1.000000000e+00 -1.539982122e-06
    outer loop
      vertex 9.318307973e-03 -4.057824146e-03 9.124883451e-03
      vertex 7.734886836e-03 -4.057826940e-03 1.070829015e-02
      vertex 4.822429270e-03 -4.057822749e-03 7.598948665e-03
    endloop
  endfacet
  facet normal -4.124246516e-06 -1.000000000e+00 2.551755642e-06
    outer loop
      vertex 4.822429270e-03 -4.057822749e-03 7.598948665e-03
      vertex 7.734886836e-03 -4.057826940e-03 1.070829015e-02
      vertex 5.838826764e-03 -4.057815764e-03 1.189966314e-02
    endloop
  endfacet
  facet normal 2.718620181e-06 -1.000000000e+00 9.345654348e-07
    outer loop
      vertex 4.822429270e-03 -4.057822749e-03 7.598948665e-03
      vertex 5.838826764e-03 -4.057815764e-03 1.189966314e-02
      vertex 2.781134564e-03 -4.057827406e-03 8.559511043e-03
    endloop
  endfacet
  facet normal 2.718620181e-06 -1.000000000e+00 9.345654348e-07
    outer loop
      vertex 2.781134564e-03 -4.057827406e-03 8.559511043e-03
      vertex 5.838826764e-03 -4.057815764e-03 1.189966314e-02
      vertex 3.725200193e-03 -4.057820886e-03 1.263926364e-02
    endloop
  endfacet
  facet normal 2.718620181e-06 -1.000000000e+00 9.345654348e-07
    outer loop
      vertex 2.781134564e-03 -4.057827406e-03 8.559511043e-03
      vertex 3.725200193e-03 -4.057820886e-03 1.263926364e-02
      vertex 1.499984995e-03 -4.057826940e-03 1.288997382e-02
    endloop
  endfacet
  facet normal 9.659929674e-07 -1.000000000e+00 2.375053100e-06
    outer loop
      vertex -1.456515491e-02 -4.057818558e-03 4.615104757e-03
      vertex -1.581121050e-02 -4.057823215e-03 3.099041292e-03
      vertex -8.929031901e-03 -4.057821352e-03 1.127994736e-03
    endloop
  endfacet
  facet normal 8.412037005e-07 -1.000000000e+00 1.939334197e-06
    outer loop
      vertex -8.929031901e-03 -4.057821352e-03 1.127994736e-03
      vertex -1.581121050e-02 -4.057823215e-03 3.099041292e-03
      vertex -1.673719473e-02 -4.057827406e-03 1.368833473e-03
    endloop
  endfacet
  facet normal 8.139084571e-07 -1.000000000e+00 1.054401991e-06
    outer loop
      vertex -8.929031901e-03 -4.057821352e-03 1.127994736e-03
      vertex -1.673719473e-02 -4.057827406e-03 1.368833473e-03
      vertex -9.000001475e-03 -4.057822749e-03 -8.280836461e-09
    endloop
  endfacet
  facet normal -4.414580133e-07 -1.000000000e+00 -6.041388133e-06
    outer loop
      vertex -9.000001475e-03 -4.057822749e-03 -8.280836461e-09
      vertex -1.673719473e-02 -4.057827406e-03 1.368833473e-03
      vertex -1.730743982e-02 -4.057815764e-03 -5.089234910e-04
    endloop
  endfacet
  facet normal -8.550316011e-07 -1.000000000e+00 7.097106618e-07
    outer loop
      vertex -9.000001475e-03 -4.057822749e-03 -8.280836461e-09
      vertex -1.730743982e-02 -4.057815764e-03 -5.089234910e-04
      vertex -8.929027244e-03 -4.057823680e-03 -1.128013828e-03
    endloop
  endfacet
  facet normal -8.126895636e-07 -1.000000000e+00 1.282743369e-06
    outer loop
      vertex -8.929027244e-03 -4.057823680e-03 -1.128013828e-03
      vertex -1.730743982e-02 -4.057815764e-03 -5.089234910e-04
      vertex -1.749999449e-02 -4.057818558e-03 -2.461878350e-03
    endloop
  endfacet
  facet normal -6.249037483e-07 -1.000000000e+00 7.609443742e-08
    outer loop
      vertex -8.929027244e-03 -4.057823680e-03 -1.128013828e-03
      vertex -1.749999449e-02 -4.057818558e-03 -2.461878350e-03
      vertex -8.367984556e-03 -4.057824146e-03 -3.313130233e-03
    endloop
  endfacet
  facet normal -5.712761322e-07 -1.000000000e+00 6.513975563e-07
    outer loop
      vertex -8.367984556e-03 -4.057824146e-03 -3.313130233e-03
      vertex -1.749999449e-02 -4.057818558e-03 -2.461878350e-03
      vertex -1.688267291e-02 -4.057823215e-03 -9.634034708e-03
    endloop
  endfacet
  facet normal 3.999881301e-06 -1.000000000e+00 -5.506263733e-06
    outer loop
      vertex -8.367984556e-03 -4.057824146e-03 -3.313130233e-03
      vertex -1.688267291e-02 -4.057823215e-03 -9.634034708e-03
      vertex -1.649999432e-02 -4.057822283e-03 -9.557908401e-03
    endloop
  endfacet
  facet normal 3.463920280e-07 1.000000000e+00 -1.190347348e-06
    outer loop
      vertex 1.136170235e-02 3.942173906e-03 -1.621531323e-02
      vertex 6.500005256e-03 3.942175768e-03 -1.621531509e-02
      vertex 1.150001772e-02 3.942176234e-03 -1.455789246e-02
    endloop
  endfacet
  facet normal 6.556494014e-08 1.000000000e+00 -3.431647997e-07
    outer loop
      vertex 1.150001772e-02 3.942176234e-03 -1.455789246e-02
      vertex 6.500005256e-03 3.942175768e-03 -1.621531509e-02
      vertex 6.370489486e-03 3.942175768e-03 -1.560558192e-02
    endloop
  endfacet
  facet normal 1.192115029e-08 1.000000000e+00 -8.052277423e-08
    outer loop
      vertex 1.150001772e-02 3.942176234e-03 -1.455789246e-02
      vertex 6.370489486e-03 3.942175768e-03 -1.560558192e-02
      vertex 1.149999350e-02 3.942177631e-03 2.889979398e-03
    endloop
  endfacet
  facet normal -2.718620181e-06 1.000000000e+00 -9.345654348e-07
    outer loop
      vertex -1.649999432e-02 3.942179028e-03 -9.557918645e-03
      vertex -1.699999347e-02 3.942177631e-03 -9.691878222e-03
      vertex -1.750000566e-02 3.942182753e-03 -2.461876720e-03
    endloop
  endfacet
  facet normal -2.718620181e-06 1.000000000e+00 -9.345654348e-07
    outer loop
      vertex -1.750000566e-02 3.942182753e-03 -2.461876720e-03
      vertex -1.699999347e-02 3.942177631e-03 -9.691878222e-03
      vertex -1.736601628e-02 3.942176234e-03 -1.005791500e-02
    endloop
  endfacet
  facet normal -2.718620181e-06 1.000000000e+00 -9.345654348e-07
    outer loop
      vertex -1.750000566e-02 3.942182753e-03 -2.461876720e-03
      vertex -1.736601628e-02 3.942176234e-03 -1.005791500e-02
      vertex -1.749998890e-02 3.942175303e-03 -1.055790577e-02
    endloop
  endfacet
  facet normal -5.599307315e-06 1.000000000e+00 1.158387477e-06
    outer loop
      vertex 5.464712624e-03 3.942174371e-03 -1.478911471e-02
      vertex 6.560726557e-03 3.942170646e-03 -6.160906982e-03
      vertex 7.886765525e-03 3.942175768e-03 -4.335779697e-03
    endloop
  endfacet
  facet normal -1.112488235e-06 1.000000000e+00 2.313175997e-07
    outer loop
      vertex 6.370489486e-03 3.942175768e-03 -1.560558192e-02
      vertex 6.004322786e-03 3.942175303e-03 -1.510114688e-02
      vertex 1.149999350e-02 3.942177631e-03 2.889979398e-03
    endloop
  endfacet
  facet normal -1.904537157e-06 1.000000000e+00 4.732613377e-07
    outer loop
      vertex 1.149999350e-02 3.942177631e-03 2.889979398e-03
      vertex 6.004322786e-03 3.942175303e-03 -1.510114688e-02
      vertex 5.464712624e-03 3.942174371e-03 -1.478911471e-02
    endloop
  endfacet
  facet normal 3.343265007e-06 1.000000000e+00 -1.318230829e-06
    outer loop
      vertex 1.149999350e-02 3.942177631e-03 2.889979398e-03
      vertex 5.464712624e-03 3.942174371e-03 -1.478911471e-02
      vertex 8.717251010e-03 3.942179959e-03 -2.238201676e-03
    endloop
  endfacet
  facet normal -1.139878896e-05 1.000000000e+00 2.502135885e-06
    outer loop
      vertex 8.717251010e-03 3.942179959e-03 -2.238201676e-03
      vertex 5.464712624e-03 3.942174371e-03 -1.478911471e-02
      vertex 7.886765525e-03 3.942175768e-03 -4.335779697e-03
    endloop
  endfacet
  facet normal -1.150069465e-06 1.000000000e+00 6.960428891e-07
    outer loop
      vertex -1.163845882e-02 3.942176700e-03 -1.023700368e-02
      vertex -7.281146944e-03 3.942178097e-03 -5.290079862e-03
      vertex -9.777866304e-03 3.942179959e-03 -1.202678587e-02
    endloop
  endfacet
  facet normal -1.029710575e-06 1.000000000e+00 6.514361530e-07
    outer loop
      vertex -9.777866304e-03 3.942179959e-03 -1.202678587e-02
      vertex -7.281146944e-03 3.942178097e-03 -5.290079862e-03
      vertex -5.736809224e-03 3.942180891e-03 -6.934621837e-03
    endloop
  endfacet
  facet normal -1.422454034e-06 1.000000000e+00 9.631108924e-07
    outer loop
      vertex -9.777866304e-03 3.942179959e-03 -1.202678587e-02
      vertex -5.736809224e-03 3.942180891e-03 -6.934621837e-03
      vertex -7.646011189e-03 3.942184616e-03 -1.348290313e-02
    endloop
  endfacet
  facet normal -1.499979021e-06 1.000000000e+00 9.857138821e-07
    outer loop
      vertex -7.646011189e-03 3.942184616e-03 -1.348290313e-02
      vertex -5.736809224e-03 3.942180891e-03 -6.934621837e-03
      vertex -3.831993788e-03 3.942185082e-03 -8.143449202e-03
    endloop
  endfacet
  facet normal 3.030976586e-06 1.000000000e+00 -2.250786338e-06
    outer loop
      vertex -7.646011189e-03 3.942184616e-03 -1.348290313e-02
      vertex -3.831993788e-03 3.942185082e-03 -8.143449202e-03
      vertex -5.302035250e-03 3.942174837e-03 -1.456497516e-02
    endloop
  endfacet
  facet normal 3.745641607e-06 1.000000000e+00 -2.414390337e-06
    outer loop
      vertex -5.302035250e-03 3.942174837e-03 -1.456497516e-02
      vertex -3.831993788e-03 3.942185082e-03 -8.143449202e-03
      vertex -1.686425298e-03 3.942175303e-03 -8.840589784e-03
    endloop
  endfacet
  facet normal 5.263897037e-06 1.000000000e+00 -2.215305557e-07
    outer loop
      vertex 6.560726557e-03 3.942170646e-03 -6.160906982e-03
      vertex 5.464712624e-03 3.942174371e-03 -1.478911471e-02
      vertex 4.822454415e-03 3.942179494e-03 -7.598948199e-03
    endloop
  endfacet
  facet normal -2.718620181e-06 1.000000000e+00 -9.345654348e-07
    outer loop
      vertex 4.822454415e-03 3.942179494e-03 -7.598948199e-03
      vertex 5.464712624e-03 3.942174371e-03 -1.478911471e-02
      vertex 4.844855517e-03 3.942172509e-03 -1.472336706e-02
    endloop
  endfacet
  facet normal -2.718620181e-06 1.000000000e+00 -9.345654348e-07
    outer loop
      vertex 4.822454415e-03 3.942179494e-03 -7.598948199e-03
      vertex 4.844855517e-03 3.942172509e-03 -1.472336706e-02
      vertex 2.781165997e-03 3.942172974e-03 -8.559510112e-03
    endloop
  endfacet
  facet normal 2.776160954e-06 1.000000000e+00 9.051139500e-07
    outer loop
      vertex 2.781165997e-03 3.942172974e-03 -8.559510112e-03
      vertex 4.844855517e-03 3.942172509e-03 -1.472336706e-02
      vertex 2.333838958e-03 3.942179959e-03 -1.532329526e-02
    endloop
  endfacet
  facet normal 3.665886197e-06 1.000000000e+00 8.462714618e-07
    outer loop
      vertex 2.781165997e-03 3.942172974e-03 -8.559510112e-03
      vertex 2.333838958e-03 3.942179959e-03 -1.532329526e-02
      vertex 5.651235115e-04 3.942181356e-03 -8.982245810e-03
    endloop
  endfacet
  facet normal -2.718620181e-06 1.000000000e+00 -9.345654348e-07
    outer loop
      vertex 5.651235115e-04 3.942181356e-03 -8.982245810e-03
      vertex 2.333838958e-03 3.942179959e-03 -1.532329526e-02
      vertex -2.419179655e-04 3.942172974e-03 -1.549810637e-02
    endloop
  endfacet
  facet normal -2.718620181e-06 1.000000000e+00 -9.345654348e-07
    outer loop
      vertex 5.651235115e-04 3.942181356e-03 -8.982245810e-03
      vertex -2.419179655e-04 3.942172974e-03 -1.549810637e-02
      vertex -1.686425298e-03 3.942175303e-03 -8.840589784e-03
    endloop
  endfacet
  facet normal 3.209363058e-06 1.000000000e+00 3.516521474e-07
    outer loop
      vertex -1.686425298e-03 3.942175303e-03 -8.840589784e-03
      vertex -2.419179655e-04 3.942172974e-03 -1.549810637e-02
      vertex -2.810971811e-03 3.942181356e-03 -1.524298079e-02
    endloop
  endfacet
  facet normal -2.114051995e-06 1.000000000e+00 1.286682277e-06
    outer loop
      vertex -1.686425298e-03 3.942175303e-03 -8.840589784e-03
      vertex -2.810971811e-03 3.942181356e-03 -1.524298079e-02
      vertex -5.302035250e-03 3.942174837e-03 -1.456497516e-02
    endloop
  endfacet
  facet normal 4.261136382e-06 1.000000000e+00 -1.816302301e-06
    outer loop
      vertex 8.717251010e-03 3.942179959e-03 -2.238201676e-03
      vertex 8.999998681e-03 3.942182753e-03 5.767919919e-09
      vertex 1.149999350e-02 3.942177631e-03 2.889979398e-03
    endloop
  endfacet
  facet normal 2.482351647e-06 1.000000000e+00 -2.775501002e-07
    outer loop
      vertex 1.149999350e-02 3.942177631e-03 2.889979398e-03
      vertex 8.999998681e-03 3.942182753e-03 5.767919919e-09
      vertex 8.717255667e-03 3.942184150e-03 2.238218673e-03
    endloop
  endfacet
  facet normal 2.498556114e-06 1.000000000e+00 -3.467360443e-07
    outer loop
      vertex 1.149999350e-02 3.942177631e-03 2.889979398e-03
      vertex 8.717255667e-03 3.942184150e-03 2.238218673e-03
      vertex 1.124927402e-02 3.942179028e-03 5.115193781e-03
    endloop
  endfacet
  facet normal 1.340415906e-06 1.000000000e+00 6.725405228e-07
    outer loop
      vertex 1.124927402e-02 3.942179028e-03 5.115193781e-03
      vertex 8.717255667e-03 3.942184150e-03 2.238218673e-03
      vertex 7.886754349e-03 3.942183685e-03 4.335799254e-03
    endloop
  endfacet
  facet normal 1.380461981e-06 1.000000000e+00 4.997705787e-07
    outer loop
      vertex 1.124927402e-02 3.942179028e-03 5.115193781e-03
      vertex 7.886754349e-03 3.942183685e-03 4.335799254e-03
      vertex 1.050968468e-02 3.942178562e-03 7.228812203e-03
    endloop
  endfacet
  facet normal 4.351815903e-07 1.000000000e+00 1.356802727e-06
    outer loop
      vertex 1.050968468e-02 3.942178562e-03 7.228812203e-03
      vertex 7.886754349e-03 3.942183685e-03 4.335799254e-03
      vertex 6.560718175e-03 3.942181822e-03 6.160933524e-03
    endloop
  endfacet
  facet normal -2.718620181e-06 1.000000000e+00 -9.345654348e-07
    outer loop
      vertex 5.651035463e-04 3.942183219e-03 8.982243948e-03
      vertex -1.686441014e-03 3.942177165e-03 8.840586059e-03
      vertex -1.419728273e-03 3.942181356e-03 1.269850880e-02
    endloop
  endfacet
  facet normal -1.251383537e-06 1.000000000e+00 2.183489642e-06
    outer loop
      vertex 2.781145507e-03 3.942173906e-03 8.559510112e-03
      vertex 5.838828627e-03 3.942170646e-03 1.189967431e-02
      vertex 4.822431132e-03 3.942178562e-03 7.598959375e-03
    endloop
  endfacet
  facet normal -8.230260846e-07 1.000000000e+00 2.082254923e-06
    outer loop
      vertex 4.822431132e-03 3.942178562e-03 7.598959375e-03
      vertex 5.838828627e-03 3.942170646e-03 1.189967431e-02
      vertex 7.734888233e-03 3.942174371e-03 1.070830133e-02
    endloop
  endfacet
  facet normal -4.849083552e-07 1.000000000e+00 1.765546926e-06
    outer loop
      vertex 4.822431132e-03 3.942178562e-03 7.598959375e-03
      vertex 7.734888233e-03 3.942174371e-03 1.070830133e-02
      vertex 6.560718175e-03 3.942181822e-03 6.160933524e-03
    endloop
  endfacet
  facet normal -1.142104225e-07 1.000000000e+00 1.669829430e-06
    outer loop
      vertex 6.560718175e-03 3.942181822e-03 6.160933524e-03
      vertex 7.734888233e-03 3.942174371e-03 1.070830133e-02
      vertex 9.318307042e-03 3.942177165e-03 9.124873206e-03
    endloop
  endfacet
  facet normal 5.067664119e-07 1.000000000e+00 1.092085427e-06
    outer loop
      vertex 6.560718175e-03 3.942181822e-03 6.160933524e-03
      vertex 9.318307042e-03 3.942177165e-03 9.124873206e-03
      vertex 1.050968468e-02 3.942178562e-03 7.228812203e-03
    endloop
  endfacet
  facet normal -2.718620181e-06 1.000000000e+00 -9.345654348e-07
    outer loop
      vertex -1.419728273e-03 3.942181356e-03 1.269850880e-02
      vertex -1.686441014e-03 3.942177165e-03 8.840586059e-03
      vertex -3.292644164e-03 3.942175768e-03 1.213142648e-02
    endloop
  endfacet
  facet normal -2.718620181e-06 1.000000000e+00 -9.345654348e-07
    outer loop
      vertex -3.292644164e-03 3.942175768e-03 1.213142648e-02
      vertex -1.686441014e-03 3.942177165e-03 8.840586059e-03
      vertex -3.832023591e-03 3.942170646e-03 8.143431507e-03
    endloop
  endfacet
  facet normal 6.582693914e-06 1.000000000e+00 -2.192575494e-06
    outer loop
      vertex -3.292644164e-03 3.942175768e-03 1.213142648e-02
      vertex -3.832023591e-03 3.942170646e-03 8.143431507e-03
      vertex -5.019253120e-03 3.942185082e-03 1.121047046e-02
    endloop
  endfacet
  facet normal 6.036798368e-06 1.000000000e+00 -2.403887720e-06
    outer loop
      vertex -5.019253120e-03 3.942185082e-03 1.121047046e-02
      vertex -3.832023591e-03 3.942170646e-03 8.143431507e-03
      vertex -5.736821797e-03 3.942179028e-03 6.934612058e-03
    endloop
  endfacet
  facet normal -6.285819154e-07 1.000000000e+00 -1.285312806e-06
    outer loop
      vertex -5.019253120e-03 3.942185082e-03 1.121047046e-02
      vertex -5.736821797e-03 3.942179028e-03 6.934612058e-03
      vertex -1.304700412e-02 3.942172974e-03 5.858627614e-03
    endloop
  endfacet
  facet normal -3.532675521e-07 1.000000000e+00 -3.155784043e-06
    outer loop
      vertex -5.736821797e-03 3.942179028e-03 6.934612058e-03
      vertex -7.281164639e-03 3.942173440e-03 5.290057044e-03
      vertex -1.304700412e-02 3.942172974e-03 5.858627614e-03
    endloop
  endfacet
  facet normal 4.379170377e-07 1.000000000e+00 4.867575171e-06
    outer loop
      vertex -1.304700412e-02 3.942172974e-03 5.858627614e-03
      vertex -7.281164639e-03 3.942173440e-03 5.290057044e-03
      vertex -8.368002251e-03 3.942183219e-03 3.313111607e-03
    endloop
  endfacet
  facet normal 1.198726181e-06 1.000000000e+00 6.266045148e-06
    outer loop
      vertex -1.304700412e-02 3.942172974e-03 5.858627614e-03
      vertex -8.368002251e-03 3.942183219e-03 3.313111607e-03
      vertex -1.456515305e-02 3.942182753e-03 4.615115467e-03
    endloop
  endfacet
  facet normal -4.371688931e-07 1.000000000e+00 -1.520326919e-06
    outer loop
      vertex -1.456515305e-02 3.942182753e-03 4.615115467e-03
      vertex -8.368002251e-03 3.942183219e-03 3.313111607e-03
      vertex -8.929032832e-03 3.942179959e-03 1.127984608e-03
    endloop
  endfacet
  facet normal -1.371416147e-06 1.000000000e+00 8.910078577e-07
    outer loop
      vertex -1.163845882e-02 3.942176700e-03 -1.023700368e-02
      vertex -1.232077274e-02 3.942175303e-03 -9.733482264e-03
      vertex -7.281146944e-03 3.942178097e-03 -5.290079862e-03
    endloop
  endfacet
  facet normal -2.140576726e-06 1.000000000e+00 1.763375849e-06
    outer loop
      vertex -7.281146944e-03 3.942178097e-03 -5.290079862e-03
      vertex -1.232077274e-02 3.942175303e-03 -9.733482264e-03
      vertex -1.314019598e-02 3.942173440e-03 -9.557917714e-03
    endloop
  endfacet
  facet normal -9.025853842e-07 1.000000000e+00 6.381434758e-08
    outer loop
      vertex -7.281146944e-03 3.942178097e-03 -5.290079862e-03
      vertex -1.314019598e-02 3.942173440e-03 -9.557917714e-03
      vertex -8.367985487e-03 3.942177165e-03 -3.313140245e-03
    endloop
  endfacet
  facet normal 1.716515271e-06 1.000000000e+00 -1.937682327e-06
    outer loop
      vertex -8.367985487e-03 3.942177165e-03 -3.313140245e-03
      vertex -1.314019598e-02 3.942173440e-03 -9.557917714e-03
      vertex -1.649999432e-02 3.942179028e-03 -9.557918645e-03
    endloop
  endfacet
  facet normal 3.426079047e-07 1.000000000e+00 -1.485671532e-07
    outer loop
      vertex -8.367985487e-03 3.942177165e-03 -3.313140245e-03
      vertex -1.649999432e-02 3.942179028e-03 -9.557918645e-03
      vertex -8.929036558e-03 3.942177631e-03 -1.128012198e-03
    endloop
  endfacet
  facet normal 6.838818081e-07 1.000000000e+00 -4.550676351e-07
    outer loop
      vertex -8.929036558e-03 3.942177631e-03 -1.128012198e-03
      vertex -1.649999432e-02 3.942179028e-03 -9.557918645e-03
      vertex -1.750000566e-02 3.942182753e-03 -2.461876720e-03
    endloop
  endfacet
  facet normal 7.247901408e-07 1.000000000e+00 -7.179310160e-07
    outer loop
      vertex -8.929036558e-03 3.942177631e-03 -1.128012198e-03
      vertex -1.750000566e-02 3.942182753e-03 -2.461876720e-03
      vertex -9.000002407e-03 3.942178562e-03 -1.842489006e-08
    endloop
  endfacet
  facet normal 4.551167422e-06 1.000000000e+00 2.948178690e-06
    outer loop
      vertex -1.419728273e-03 3.942181356e-03 1.269850880e-02
      vertex 5.277501186e-04 3.942172043e-03 1.288997289e-02
      vertex 5.651035463e-04 3.942183219e-03 8.982243948e-03
    endloop
  endfacet
  facet normal -2.718617679e-06 1.000000000e+00 2.878687837e-06
    outer loop
      vertex 5.651035463e-04 3.942183219e-03 8.982243948e-03
      vertex 5.277501186e-04 3.942172043e-03 1.288997289e-02
      vertex 1.499995939e-03 3.942174371e-03 1.288997289e-02
    endloop
  endfacet
  facet normal 4.407787856e-06 1.000000000e+00 1.173752935e-06
    outer loop
      vertex 5.651035463e-04 3.942183219e-03 8.982243948e-03
      vertex 1.499995939e-03 3.942174371e-03 1.288997289e-02
      vertex 2.781145507e-03 3.942173906e-03 8.559510112e-03
    endloop
  endfacet
  facet normal -2.718620181e-06 1.000000000e+00 -9.345654348e-07
    outer loop
      vertex 2.781145507e-03 3.942173906e-03 8.559510112e-03
      vertex 1.499995939e-03 3.942174371e-03 1.288997289e-02
      vertex 3.725199495e-03 3.942180425e-03 1.263925340e-02
    endloop
  endfacet
  facet normal 3.803337449e-06 1.000000000e+00 -2.443748826e-06
    outer loop
      vertex 2.781145507e-03 3.942173906e-03 8.559510112e-03
      vertex 3.725199495e-03 3.942180425e-03 1.263925340e-02
      vertex 5.838828627e-03 3.942170646e-03 1.189967431e-02
    endloop
  endfacet
  facet normal -1.384256962e-06 1.000000000e+00 6.563929219e-06
    outer loop
      vertex -1.750000566e-02 3.942182753e-03 -2.461876720e-03
      vertex -1.730744913e-02 3.942170646e-03 -5.089218612e-04
      vertex -9.000002407e-03 3.942178562e-03 -1.842489006e-08
    endloop
  endfacet
  facet normal -8.909067333e-07 1.000000000e+00 -1.489624537e-06
    outer loop
      vertex -9.000002407e-03 3.942178562e-03 -1.842489006e-08
      vertex -1.730744913e-02 3.942170646e-03 -5.089218612e-04
      vertex -1.673719659e-02 3.942173906e-03 1.368823345e-03
    endloop
  endfacet
  facet normal -8.139084571e-07 1.000000000e+00 -1.054401991e-06
    outer loop
      vertex -9.000002407e-03 3.942178562e-03 -1.842489006e-08
      vertex -1.673719659e-02 3.942173906e-03 1.368823345e-03
      vertex -8.929032832e-03 3.942179959e-03 1.127984608e-03
    endloop
  endfacet
  facet normal -8.412034163e-07 1.000000000e+00 -1.939325102e-06
    outer loop
      vertex -8.929032832e-03 3.942179959e-03 1.127984608e-03
      vertex -1.673719659e-02 3.942173906e-03 1.368823345e-03
      vertex -1.581120864e-02 3.942178097e-03 3.099052235e-03
    endloop
  endfacet
  facet normal -9.659960369e-07 1.000000000e+00 -2.375050599e-06
    outer loop
      vertex -8.929032832e-03 3.942179959e-03 1.127984608e-03
      vertex -1.581120864e-02 3.942178097e-03 3.099052235e-03
      vertex -1.456515305e-02 3.942182753e-03 4.615115467e-03
    endloop
  endfacet
  facet normal -8.033906221e-01 9.580406360e-03 -5.953752995e-01
    outer loop
      vertex 3.912461456e-03 -6.328272866e-04 3.113312880e-03
      vertex 3.984497860e-03 -3.557699092e-04 3.020566190e-03
      vertex 4.397367593e-03 -5.557824392e-03 2.379738260e-03
    endloop
  endfacet
  facet normal -8.213777542e-01 -5.071179010e-03 -5.703620315e-01
    outer loop
      vertex 4.008714110e-03 -5.782115841e-05 2.988338936e-03
      vertex 3.984496463e-03 2.401424281e-04 3.020565724e-03
      vertex 4.397370387e-03 5.442182999e-03 2.379734302e-03
    endloop
  endfacet
  facet normal -8.033840656e-01 -9.581738152e-03 -5.953841209e-01
    outer loop
      vertex 4.397370387e-03 5.442182999e-03 2.379734302e-03
      vertex 3.984496463e-03 2.401424281e-04 3.020565724e-03
      vertex 3.912458196e-03 5.171847297e-04 3.113311948e-03
    endloop
  endfacet
  facet normal -7.831588984e-01 -1.548224222e-02 -6.216288805e-01
    outer loop
      vertex 3.912458196e-03 5.171847297e-04 3.113311948e-03
      vertex 3.793904092e-03 7.556030760e-04 3.256734693e-03
      vertex 4.397370387e-03 5.442182999e-03 2.379734302e-03
    endloop
  endfacet
  facet normal -7.553708553e-01 -2.526957914e-02 -6.548101902e-01
    outer loop
      vertex 4.397370387e-03 5.442182999e-03 2.379734302e-03
      vertex 3.793904092e-03 7.556030760e-04 3.256734693e-03
      vertex 3.633084940e-03 9.381122654e-04 3.435207764e-03
    endloop
  endfacet
  facet normal -8.459427953e-01 1.865645312e-02 -5.329471827e-01
    outer loop
      vertex 4.397370387e-03 5.442182999e-03 2.379734302e-03
      vertex 3.633084940e-03 9.381122654e-04 3.435207764e-03
      vertex 4.045074806e-03 5.442182533e-03 2.938930411e-03
    endloop
  endfacet
  facet normal -7.059135437e-01 -1.345889736e-02 -7.081701159e-01
    outer loop
      vertex 4.045074806e-03 5.442182533e-03 2.938930411e-03
      vertex 3.633084940e-03 9.381122654e-04 3.435207764e-03
      vertex 3.386398079e-03 1.069033402e-03 3.678620327e-03
    endloop
  endfacet
  facet normal -7.468225360e-01 7.474673680e-07 -6.650233269e-01
    outer loop
      vertex 4.045074806e-03 5.442182533e-03 2.938930411e-03
      vertex 3.386398079e-03 1.069033402e-03 3.678620327e-03
      vertex 3.386398079e-03 5.442181602e-03 3.678625450e-03
    endloop
  endfacet
  facet normal -5.237227082e-01 -9.977916256e-03 -8.518303633e-01
    outer loop
      vertex 2.752131084e-03 9.381105192e-04 4.174417816e-03
      vertex 2.548334422e-03 7.554814802e-04 4.301855341e-03
      vertex 2.008482115e-03 5.442178808e-03 4.578869790e-03
    endloop
  endfacet
  facet normal -4.883606434e-01 -4.675269593e-03 -8.726293445e-01
    outer loop
      vertex 2.008482115e-03 5.442178808e-03 4.578869790e-03
      vertex 2.548334422e-03 7.554814802e-04 4.301855341e-03
      vertex 2.386609092e-03 5.171817611e-04 4.393640440e-03
    endloop
  endfacet
  facet normal -4.624542296e-01 -2.159290016e-03 -8.866405487e-01
    outer loop
      vertex 2.008482115e-03 5.442178808e-03 4.578869790e-03
      vertex 2.386609092e-03 5.171817611e-04 4.393640440e-03
      vertex 2.282765461e-03 2.401540405e-04 4.448477644e-03
    endloop
  endfacet
  facet normal -6.335886121e-01 8.751351857e-07 -7.736701369e-01
    outer loop
      vertex 3.386398079e-03 5.442181602e-03 3.678625450e-03
      vertex 3.386398079e-03 1.069033402e-03 3.678620327e-03
      vertex 2.938913181e-03 5.442180671e-03 4.045088310e-03
    endloop
  endfacet
  facet normal -6.605952978e-01 -4.685179330e-03 -7.507275939e-01
    outer loop
      vertex 2.938913181e-03 5.442180671e-03 4.045088310e-03
      vertex 3.386398079e-03 1.069033402e-03 3.678620327e-03
      vertex 3.213940421e-03 1.092174556e-03 3.830228467e-03
    endloop
  endfacet
  facet normal -4.975865483e-01 1.138079632e-02 -8.673396707e-01
    outer loop
      vertex 2.938913181e-03 5.442180671e-03 4.045088310e-03
      vertex 3.213940421e-03 1.092174556e-03 3.830228467e-03
      vertex 2.008482115e-03 5.442178808e-03 4.578869790e-03
    endloop
  endfacet
  facet normal -6.156308055e-01 -3.511441872e-02 -7.872519493e-01
    outer loop
      vertex 2.008482115e-03 5.442178808e-03 4.578869790e-03
      vertex 3.213940421e-03 1.092174556e-03 3.830228467e-03
      vertex 2.979793819e-03 1.052849926e-03 4.015084822e-03
    endloop
  endfacet
  facet normal -5.666325688e-01 -1.958523691e-02 -8.237378001e-01
    outer loop
      vertex 2.008482115e-03 5.442178808e-03 4.578869790e-03
      vertex 2.979793819e-03 1.052849926e-03 4.015084822e-03
      vertex 2.752131084e-03 9.381105192e-04 4.174417816e-03
    endloop
  endfacet
  facet normal -4.459019005e-01 1.077369670e-03 -8.950811625e-01
    outer loop
      vertex 2.246815246e-03 -5.782456719e-05 4.466746934e-03
      vertex 2.282767091e-03 -3.558030003e-04 4.448478576e-03
      vertex 2.008467447e-03 -5.557828583e-03 4.578864668e-03
    endloop
  endfacet
  facet normal -4.624009430e-01 2.158217831e-03 -8.866683245e-01
    outer loop
      vertex 2.008467447e-03 -5.557828583e-03 4.578864668e-03
      vertex 2.282767091e-03 -3.558030003e-04 4.448478576e-03
      vertex 2.386603039e-03 -6.328153540e-04 4.393653013e-03
    endloop
  endfacet
  facet normal -4.883741736e-01 4.680644721e-03 -8.726217747e-01
    outer loop
      vertex 2.008467447e-03 -5.557828583e-03 4.578864668e-03
      vertex 2.386603039e-03 -6.328153540e-04 4.393653013e-03
      vertex 2.548170509e-03 -8.709504618e-04 4.301952664e-03
    endloop
  endfacet
  facet normal -5.236923695e-01 9.974902496e-03 -8.518490791e-01
    outer loop
      vertex 2.548170509e-03 -8.709504618e-04 4.301952664e-03
      vertex 2.752136439e-03 -1.053757500e-03 4.174419679e-03
      vertex 2.008467447e-03 -5.557828583e-03 4.578864668e-03
    endloop
  endfacet
  facet normal -5.667247772e-01 1.961001009e-02 -8.236737847e-01
    outer loop
      vertex 2.008467447e-03 -5.557828583e-03 4.578864668e-03
      vertex 2.752136439e-03 -1.053757500e-03 4.174419679e-03
      vertex 2.980155870e-03 -1.168615185e-03 4.014797509e-03
    endloop
  endfacet
  facet normal -4.976117909e-01 -1.309490064e-03 -8.673988581e-01
    outer loop
      vertex 2.008467447e-03 -5.557828583e-03 4.578864668e-03
      vertex 2.980155870e-03 -1.168615185e-03 4.014797509e-03
      vertex 2.938919468e-03 -5.557826720e-03 4.045080394e-03
    endloop
  endfacet
  facet normal -6.196399331e-01 4.062494554e-04 -7.848861217e-01
    outer loop
      vertex 2.938919468e-03 -5.557826720e-03 4.045080394e-03
      vertex 2.980155870e-03 -1.168615185e-03 4.014797509e-03
      vertex 3.213895718e-03 -1.207819674e-03 3.830247791e-03
    endloop
  endfacet
  facet normal -6.335875392e-01 1.841900405e-03 -7.736688256e-01
    outer loop
      vertex 2.938919468e-03 -5.557826720e-03 4.045080394e-03
      vertex 3.213895718e-03 -1.207819674e-03 3.830247791e-03
      vertex 3.386404365e-03 -5.557825789e-03 3.678617533e-03
    endloop
  endfacet
  facet normal -6.601805091e-01 8.485492344e-07 -7.511069775e-01
    outer loop
      vertex 3.386404365e-03 -5.557825789e-03 3.678617533e-03
      vertex 3.213895718e-03 -1.207819674e-03 3.830247791e-03
      vertex 3.386404365e-03 -1.184677822e-03 3.678622423e-03
    endloop
  endfacet
  facet normal -7.468225360e-01 7.474673680e-07 -6.650233269e-01
    outer loop
      vertex 3.386404365e-03 -5.557825789e-03 3.678617533e-03
      vertex 3.386404365e-03 -1.184677822e-03 3.678622423e-03
      vertex 4.045080859e-03 -5.557824858e-03 2.938922262e-03
    endloop
  endfacet
  facet normal -7.059152126e-01 1.345996093e-02 -7.081684470e-01
    outer loop
      vertex 4.045080859e-03 -5.557824858e-03 2.938922262e-03
      vertex 3.386404365e-03 -1.184677822e-03 3.678622423e-03
      vertex 3.633090295e-03 -1.053755754e-03 3.435209626e-03
    endloop
  endfacet
  facet normal -8.459439874e-01 -1.865577325e-02 -5.329453945e-01
    outer loop
      vertex 4.045080859e-03 -5.557824858e-03 2.938922262e-03
      vertex 3.633090295e-03 -1.053755754e-03 3.435209626e-03
      vertex 4.397367593e-03 -5.557824392e-03 2.379738260e-03
    endloop
  endfacet
  facet normal -7.645645738e-01 2.122372389e-02 -6.441976428e-01
    outer loop
      vertex 4.397367593e-03 -5.557824392e-03 2.379738260e-03
      vertex 3.633090295e-03 -1.053755754e-03 3.435209626e-03
      vertex 3.882321063e-03 -7.077503833e-04 3.150810255e-03
    endloop
  endfacet
  facet normal -7.918585539e-01 1.297855936e-02 -6.105665565e-01
    outer loop
      vertex 4.397367593e-03 -5.557824392e-03 2.379738260e-03
      vertex 3.882321063e-03 -7.077503833e-04 3.150810255e-03
      vertex 3.912461456e-03 -6.328272866e-04 3.113312880e-03
    endloop
  endfacet
  facet normal 6.893572807e-01 -1.053299569e-02 -7.243449688e-01
    outer loop
      vertex -3.312409623e-03 5.171805387e-04 3.745381488e-03
      vertex -3.399503417e-03 2.399292425e-04 3.666526172e-03
      vertex -3.945704084e-03 5.442176014e-03 3.071060404e-03
    endloop
  endfacet
  facet normal 7.122104764e-01 5.565436091e-03 -7.019439340e-01
    outer loop
      vertex -3.428908531e-03 -5.782586959e-05 3.639028640e-03
      vertex -3.399298759e-03 -3.565642401e-04 3.666702658e-03
      vertex -3.945706878e-03 -5.557816476e-03 3.071064129e-03
    endloop
  endfacet
  facet normal 6.893616319e-01 1.053063571e-02 -7.243408561e-01
    outer loop
      vertex -3.945706878e-03 -5.557816476e-03 3.071064129e-03
      vertex -3.399298759e-03 -3.565642401e-04 3.666702658e-03
      vertex -3.312406596e-03 -6.328165764e-04 3.745382652e-03
    endloop
  endfacet
  facet normal 3.025920689e-01 1.666616881e-03 -9.531186819e-01
    outer loop
      vertex -1.587403240e-03 -6.328258314e-04 4.741323180e-03
      vertex -1.475703088e-03 -3.560811456e-04 4.777269438e-03
      vertex -1.227432513e-03 -5.557822529e-03 4.846993368e-03
    endloop
  endfacet
  facet normal 3.303317428e-01 3.892843844e-03 -9.438568950e-01
    outer loop
      vertex -1.587403240e-03 -6.328258314e-04 4.741323180e-03
      vertex -1.227432513e-03 -5.557822529e-03 4.846993368e-03
      vertex -1.762342290e-03 -8.708426030e-04 4.679116420e-03
    endloop
  endfacet
  facet normal 6.646304131e-01 1.681092195e-02 -7.469831705e-01
    outer loop
      vertex -3.312406596e-03 -6.328165764e-04 3.745382652e-03
      vertex -3.170978976e-03 -8.709515096e-04 3.865859006e-03
      vertex -3.945706878e-03 -5.557816476e-03 3.071064129e-03
    endloop
  endfacet
  facet normal 6.312994957e-01 2.708273008e-02 -7.750661373e-01
    outer loop
      vertex -3.945706878e-03 -5.557816476e-03 3.071064129e-03
      vertex -3.170978976e-03 -8.709515096e-04 3.865859006e-03
      vertex -2.981389873e-03 -1.053758315e-03 4.013893660e-03
    endloop
  endfacet
  facet normal 6.953161359e-01 1.578208175e-03 -7.187022567e-01
    outer loop
      vertex -3.945706878e-03 -5.557816476e-03 3.071064129e-03
      vertex -2.981389873e-03 -1.053758315e-03 4.013893660e-03
      vertex -2.938936232e-03 -5.557827652e-03 4.045075271e-03
    endloop
  endfacet
  facet normal 5.717826486e-01 -2.902584383e-04 -8.204051256e-01
    outer loop
      vertex -2.938936232e-03 -5.557827652e-03 4.045075271e-03
      vertex -2.981389873e-03 -1.053758315e-03 4.013893660e-03
      vertex -2.734747250e-03 -1.174352597e-03 4.185833968e-03
    endloop
  endfacet
  facet normal 5.675522089e-01 9.601827742e-07 -8.233373761e-01
    outer loop
      vertex -2.938936232e-03 -5.557827652e-03 4.045075271e-03
      vertex -2.734747250e-03 -1.174352597e-03 4.185833968e-03
      vertex -2.734747017e-03 -5.557827186e-03 4.185829312e-03
    endloop
  endfacet
  facet normal 5.236573219e-01 9.916216186e-07 -8.519290090e-01
    outer loop
      vertex -2.734747017e-03 -5.557827186e-03 4.185829312e-03
      vertex -2.734747250e-03 -1.174352597e-03 4.185833968e-03
      vertex -2.500003437e-03 -1.207819791e-03 4.330124706e-03
    endloop
  endfacet
  facet normal 4.317494333e-01 6.620607805e-03 -9.019693136e-01
    outer loop
      vertex -2.734747017e-03 -5.557827186e-03 4.185829312e-03
      vertex -2.500003437e-03 -1.207819791e-03 4.330124706e-03
      vertex -1.545095933e-03 -5.557823461e-03 4.755284637e-03
    endloop
  endfacet
  facet normal 4.718766212e-01 1.743066125e-02 -8.814922571e-01
    outer loop
      vertex -1.545095933e-03 -5.557823461e-03 4.755284637e-03
      vertex -2.500003437e-03 -1.207819791e-03 4.330124706e-03
      vertex -2.237640787e-03 -1.168584218e-03 4.471347202e-03
    endloop
  endfacet
  facet normal 2.773243189e-01 -1.838373952e-02 -9.606004953e-01
    outer loop
      vertex -1.545095933e-03 -5.557823461e-03 4.755284637e-03
      vertex -2.237640787e-03 -1.168584218e-03 4.471347202e-03
      vertex -1.227432513e-03 -5.557822529e-03 4.846993368e-03
    endloop
  endfacet
  facet normal 4.157082736e-01 1.785465516e-02 -9.093227386e-01
    outer loop
      vertex -1.227432513e-03 -5.557822529e-03 4.846993368e-03
      vertex -2.237640787e-03 -1.168584218e-03 4.471347202e-03
      vertex -1.985448180e-03 -1.053755055e-03 4.588895012e-03
    endloop
  endfacet
  facet normal 3.686831295e-01 8.783508092e-03 -9.295136333e-01
    outer loop
      vertex -1.227432513e-03 -5.557822529e-03 4.846993368e-03
      vertex -1.985448180e-03 -1.053755055e-03 4.588895012e-03
      vertex -1.762342290e-03 -8.708426030e-04 4.679116420e-03
    endloop
  endfacet
  facet normal 2.857681513e-01 -7.907316322e-04 -9.582984447e-01
    outer loop
      vertex -1.437046332e-03 -5.781937944e-05 4.789033905e-03
      vertex -1.475683763e-03 2.403825492e-04 4.777266178e-03
      vertex -1.227438799e-03 5.442184862e-03 4.847001750e-03
    endloop
  endfacet
  facet normal 3.025344908e-01 -1.660065493e-03 -9.531369805e-01
    outer loop
      vertex -1.227438799e-03 5.442184862e-03 4.847001750e-03
      vertex -1.475683763e-03 2.403825492e-04 4.777266178e-03
      vertex -1.587406383e-03 5.171712837e-04 4.741322249e-03
    endloop
  endfacet
  facet normal 3.303343952e-01 -3.891099477e-03 -9.438559413e-01
    outer loop
      vertex -1.227438799e-03 5.442184862e-03 4.847001750e-03
      vertex -1.587406383e-03 5.171712837e-04 4.741322249e-03
      vertex -1.762302243e-03 7.551572053e-04 4.679130390e-03
    endloop
  endfacet
  facet normal 3.686764538e-01 -8.780118078e-03 -9.295163155e-01
    outer loop
      vertex -1.762302243e-03 7.551572053e-04 4.679130390e-03
      vertex -1.985453768e-03 9.381129639e-04 4.588893149e-03
      vertex -1.227438799e-03 5.442184862e-03 4.847001750e-03
    endloop
  endfacet
  facet normal 4.156897664e-01 -1.784896106e-02 -9.093313217e-01
    outer loop
      vertex -1.227438799e-03 5.442184862e-03 4.847001750e-03
      vertex -1.985453768e-03 9.381129639e-04 4.588893149e-03
      vertex -2.237442881e-03 1.052880893e-03 4.471446853e-03
    endloop
  endfacet
  facet normal 2.773645520e-01 1.836615801e-02 -9.605891705e-01
    outer loop
      vertex -1.227438799e-03 5.442184862e-03 4.847001750e-03
      vertex -2.237442881e-03 1.052880893e-03 4.471446853e-03
      vertex -1.545093139e-03 5.442183930e-03 4.755280446e-03
    endloop
  endfacet
  facet normal 4.718536437e-01 -1.742570475e-02 -8.815046549e-01
    outer loop
      vertex -1.545093139e-03 5.442183930e-03 4.755280446e-03
      vertex -2.237442881e-03 1.052880893e-03 4.471446853e-03
      vertex -2.500009723e-03 1.092174440e-03 4.330122378e-03
    endloop
  endfacet
  facet normal 4.317494631e-01 -6.621853448e-03 -9.019692540e-01
    outer loop
      vertex -1.545093139e-03 5.442183930e-03 4.755280446e-03
      vertex -2.500009723e-03 1.092174440e-03 4.330122378e-03
      vertex -2.734744223e-03 5.442180205e-03 4.185825121e-03
    endloop
  endfacet
  facet normal 5.236576200e-01 -2.388209850e-06 -8.519288301e-01
    outer loop
      vertex -2.734744223e-03 5.442180205e-03 4.185825121e-03
      vertex -2.500009723e-03 1.092174440e-03 4.330122378e-03
      vertex -2.734753303e-03 1.058705617e-03 4.185832106e-03
    endloop
  endfacet
  facet normal 5.675495267e-01 -2.434079306e-06 -8.233392835e-01
    outer loop
      vertex -2.734744223e-03 5.442180205e-03 4.185825121e-03
      vertex -2.734753303e-03 1.058705617e-03 4.185832106e-03
      vertex -2.938921563e-03 5.442179739e-03 4.045080394e-03
    endloop
  endfacet
  facet normal 5.717815757e-01 2.888739691e-04 -8.204058409e-01
    outer loop
      vertex -2.938921563e-03 5.442179739e-03 4.045080394e-03
      vertex -2.734753303e-03 1.058705617e-03 4.185832106e-03
      vertex -2.981383353e-03 9.381097043e-04 4.013900645e-03
    endloop
  endfacet
  facet normal 6.953153014e-01 -1.579774311e-03 -7.187030911e-01
    outer loop
      vertex -2.938921563e-03 5.442179739e-03 4.045080394e-03
      vertex -2.981383353e-03 9.381097043e-04 4.013900645e-03
      vertex -3.945704084e-03 5.442176014e-03 3.071060404e-03
    endloop
  endfacet
  facet normal 6.312993765e-01 -2.708411962e-02 -7.750661373e-01
    outer loop
      vertex -3.945704084e-03 5.442176014e-03 3.071060404e-03
      vertex -2.981383353e-03 9.381097043e-04 4.013900645e-03
      vertex -3.170865355e-03 7.554506301e-04 3.865948645e-03
    endloop
  endfacet
  facet normal 6.646072268e-01 -1.681793667e-02 -7.470036149e-01
    outer loop
      vertex -3.945704084e-03 5.442176014e-03 3.071060404e-03
      vertex -3.170865355e-03 7.554506301e-04 3.865948645e-03
      vertex -3.312409623e-03 5.171805387e-04 3.745381488e-03
    endloop
  endfacet
  facet normal -4.459318817e-01 -1.076932182e-03 -8.950662613e-01
    outer loop
      vertex 2.282765461e-03 2.401540405e-04 4.448477644e-03
      vertex 2.246815246e-03 -5.782456719e-05 4.466746934e-03
      vertex 2.008482115e-03 5.442178808e-03 4.578869790e-03
    endloop
  endfacet
  facet normal -4.256721735e-01 9.988918919e-07 -9.048774838e-01
    outer loop
      vertex 2.008482115e-03 5.442178808e-03 4.578869790e-03
      vertex 2.246815246e-03 -5.782456719e-05 4.466746934e-03
      vertex 2.008467447e-03 -5.557828583e-03 4.578864668e-03
    endloop
  endfacet
  facet normal -3.557845056e-01 9.205940614e-07 -9.345680475e-01
    outer loop
      vertex 2.008482115e-03 5.442178808e-03 4.578869790e-03
      vertex 2.008467447e-03 -5.557828583e-03 4.578864668e-03
      vertex 1.545083476e-03 5.442177411e-03 4.755282775e-03
    endloop
  endfacet
  facet normal -3.558084667e-01 -2.352797566e-07 -9.345588684e-01
    outer loop
      vertex 1.545083476e-03 5.442177411e-03 4.755282775e-03
      vertex 2.008467447e-03 -5.557828583e-03 4.578864668e-03
      vertex 1.545080682e-03 -5.557815079e-03 4.755286500e-03
    endloop
  endfacet
  facet normal -1.971152425e-01 -2.914079005e-07 -9.803802967e-01
    outer loop
      vertex 1.545083476e-03 5.442177411e-03 4.755282775e-03
      vertex 1.545080682e-03 -5.557815079e-03 4.755286500e-03
      vertex 4.128864093e-04 5.442174617e-03 4.982922226e-03
    endloop
  endfacet
  facet normal -1.971069574e-01 5.956126756e-07 -9.803819656e-01
    outer loop
      vertex 4.128864093e-04 5.442174617e-03 4.982922226e-03
      vertex 1.545080682e-03 -5.557815079e-03 4.755286500e-03
      vertex 4.128927540e-04 -5.557817873e-03 4.982914310e-03
    endloop
  endfacet
  facet normal -4.133927450e-02 6.988687460e-07 -9.991451502e-01
    outer loop
      vertex 4.128864093e-04 5.442174617e-03 4.982922226e-03
      vertex 4.128927540e-04 -5.557817873e-03 4.982914310e-03
      vertex -4.981098201e-09 5.442173686e-03 5.000005476e-03
    endloop
  endfacet
  facet normal -4.133927450e-02 6.988687460e-07 -9.991451502e-01
    outer loop
      vertex -4.981098201e-09 5.442173686e-03 5.000005476e-03
      vertex 4.128927540e-04 -5.557817873e-03 4.982914310e-03
      vertex 1.352263301e-09 -5.557818804e-03 4.999997560e-03
    endloop
  endfacet
  facet normal 1.236963347e-01 7.889532299e-07 -9.923201203e-01
    outer loop
      vertex -4.981098201e-09 5.442173686e-03 5.000005476e-03
      vertex 1.352263301e-09 -5.557818804e-03 4.999997560e-03
      vertex -1.227438799e-03 5.442184862e-03 4.847001750e-03
    endloop
  endfacet
  facet normal 1.236963347e-01 7.889514109e-07 -9.923201203e-01
    outer loop
      vertex -1.227438799e-03 5.442184862e-03 4.847001750e-03
      vertex 1.352263301e-09 -5.557818804e-03 4.999997560e-03
      vertex -1.227432513e-03 -5.557822529e-03 4.846993368e-03
    endloop
  endfacet
  facet normal 2.665264904e-01 8.505795108e-07 -9.638276100e-01
    outer loop
      vertex -1.227438799e-03 5.442184862e-03 4.847001750e-03
      vertex -1.227432513e-03 -5.557822529e-03 4.846993368e-03
      vertex -1.437046332e-03 -5.781937944e-05 4.789033905e-03
    endloop
  endfacet
  facet normal 2.855999768e-01 7.855097065e-04 -9.583485723e-01
    outer loop
      vertex -1.437046332e-03 -5.781937944e-05 4.789033905e-03
      vertex -1.227432513e-03 -5.557822529e-03 4.846993368e-03
      vertex -1.475703088e-03 -3.560811456e-04 4.777269438e-03
    endloop
  endfacet
  facet normal 7.123535275e-01 -5.537856370e-03 -7.017989755e-01
    outer loop
      vertex -3.399503417e-03 2.399292425e-04 3.666526172e-03
      vertex -3.428908531e-03 -5.782586959e-05 3.639028640e-03
      vertex -3.945704084e-03 5.442176014e-03 3.071060404e-03
    endloop
  endfacet
  facet normal 7.396391630e-01 -4.215522154e-07 -6.730036736e-01
    outer loop
      vertex -3.945704084e-03 5.442176014e-03 3.071060404e-03
      vertex -3.428908531e-03 -5.782586959e-05 3.639028640e-03
      vertex -3.945706878e-03 -5.557816476e-03 3.071064129e-03
    endloop
  endfacet
  facet normal 7.992172837e-01 -4.115826471e-07 -6.010422111e-01
    outer loop
      vertex -3.945704084e-03 5.442176014e-03 3.071060404e-03
      vertex -3.945706878e-03 -5.557816476e-03 3.071064129e-03
      vertex -4.045079462e-03 5.442175549e-03 2.938919002e-03
    endloop
  endfacet
  facet normal 7.992172837e-01 -4.115826471e-07 -6.010422111e-01
    outer loop
      vertex -4.045079462e-03 5.442175549e-03 2.938919002e-03
      vertex -3.945706878e-03 -5.557816476e-03 3.071064129e-03
      vertex -4.045082256e-03 -5.557816941e-03 2.938922960e-03
    endloop
  endfacet
  facet normal 8.872221112e-01 -3.852272812e-07 -4.613425136e-01
    outer loop
      vertex -4.045079462e-03 5.442175549e-03 2.938919002e-03
      vertex -4.045082256e-03 -5.557816941e-03 2.938922960e-03
      vertex -4.729080945e-03 5.442172289e-03 1.623495016e-03
    endloop
  endfacet
  facet normal 8.872221112e-01 -3.852272812e-07 -4.613425136e-01
    outer loop
      vertex -4.729080945e-03 5.442172289e-03 1.623495016e-03
      vertex -4.045082256e-03 -5.557816941e-03 2.938922960e-03
      vertex -4.729083739e-03 -5.557820201e-03 1.623498858e-03
    endloop
  endfacet
  facet normal 9.484399557e-01 -3.504589756e-07 -3.169568181e-01
    outer loop
      vertex -4.729080945e-03 5.442172289e-03 1.623495016e-03
      vertex -4.729083739e-03 -5.557820201e-03 1.623498858e-03
      vertex -4.755286034e-03 5.442172289e-03 1.545080333e-03
    endloop
  endfacet
  facet normal 9.484399557e-01 -3.504589756e-07 -3.169568181e-01
    outer loop
      vertex -4.755286034e-03 5.442172289e-03 1.545080333e-03
      vertex -4.729083739e-03 -5.557820201e-03 1.623498858e-03
      vertex -4.755288828e-03 -5.557820201e-03 1.545084058e-03
    endloop
  endfacet
  facet normal 9.876888990e-01 -3.045098254e-07 -1.564309895e-01
    outer loop
      vertex -4.755286034e-03 5.442172289e-03 1.545080333e-03
      vertex -4.755288828e-03 -5.557820201e-03 1.545084058e-03
      vertex -4.999997094e-03 5.442184862e-03 9.188574346e-10
    endloop
  endfacet
  facet normal 9.876888990e-01 -3.045059600e-07 -1.564309895e-01
    outer loop
      vertex -4.999997094e-03 5.442184862e-03 9.188574346e-10
      vertex -4.755288828e-03 -5.557820201e-03 1.545084058e-03
      vertex -4.999999888e-03 -5.557822529e-03 4.748422988e-09
    endloop
  endfacet
  facet normal 9.876889586e-01 -1.955856845e-07 1.564306170e-01
    outer loop
      vertex -4.999997094e-03 5.442184862e-03 9.188574346e-10
      vertex -4.999999888e-03 -5.557822529e-03 4.748422988e-09
      vertex -4.755283706e-03 5.442184396e-03 -1.545096398e-03
    endloop
  endfacet
  facet normal 9.876889586e-01 -1.955856845e-07 1.564306170e-01
    outer loop
      vertex -4.755283706e-03 5.442184396e-03 -1.545096398e-03
      vertex -4.999999888e-03 -5.557822529e-03 4.748422988e-09
      vertex -4.755286500e-03 -5.557822995e-03 -1.545092557e-03
    endloop
  endfacet
  facet normal 9.484547973e-01 -1.297826060e-07 3.169124126e-01
    outer loop
      vertex -4.755283706e-03 5.442184396e-03 -1.545096398e-03
      vertex -4.755286500e-03 -5.557822995e-03 -1.545092557e-03
      vertex -4.729087930e-03 5.442184396e-03 -1.623495365e-03
    endloop
  endfacet
  facet normal 9.484359622e-01 3.168155729e-07 3.169687688e-01
    outer loop
      vertex -4.729087930e-03 5.442184396e-03 -1.623495365e-03
      vertex -4.755286500e-03 -5.557822995e-03 -1.545092557e-03
      vertex -4.729081411e-03 -5.557822995e-03 -1.623503282e-03
    endloop
  endfacet
  facet normal 8.872220516e-01 1.771472142e-07 4.613426328e-01
    outer loop
      vertex -4.729087930e-03 5.442184396e-03 -1.623495365e-03
      vertex -4.729081411e-03 -5.557822995e-03 -1.623503282e-03
      vertex -4.045083653e-03 5.442184862e-03 -2.938924823e-03
    endloop
  endfacet
  facet normal 8.872220516e-01 1.771472142e-07 4.613426328e-01
    outer loop
      vertex -4.045083653e-03 5.442184862e-03 -2.938924823e-03
      vertex -4.729081411e-03 -5.557822995e-03 -1.623503282e-03
      vertex -4.045077134e-03 -5.557822529e-03 -2.938932739e-03
    endloop
  endfacet
  facet normal 7.991802096e-01 2.537751875e-08 6.010914445e-01
    outer loop
      vertex -4.045083653e-03 5.442184862e-03 -2.938924823e-03
      vertex -4.045077134e-03 -5.557822529e-03 -2.938932739e-03
      vertex -3.945697099e-03 5.442184862e-03 -3.071064362e-03
    endloop
  endfacet
  facet normal 7.991809845e-01 6.942270758e-09 6.010904908e-01
    outer loop
      vertex -3.945697099e-03 5.442184862e-03 -3.071064362e-03
      vertex -4.045077134e-03 -5.557822529e-03 -2.938932739e-03
      vertex -3.945699893e-03 -5.557822529e-03 -3.071060404e-03
    endloop
  endfacet
  facet normal 6.953183413e-01 7.418188375e-08 7.187018991e-01
    outer loop
      vertex -3.945697099e-03 5.442184862e-03 -3.071064362e-03
      vertex -3.945699893e-03 -5.557822529e-03 -3.071060404e-03
      vertex -2.938922262e-03 5.442171823e-03 -4.045082722e-03
    endloop
  endfacet
  facet normal 6.953194141e-01 -1.194906361e-07 7.187008262e-01
    outer loop
      vertex -2.938922262e-03 5.442171823e-03 -4.045082722e-03
      vertex -3.945699893e-03 -5.557822529e-03 -3.071060404e-03
      vertex -2.938915743e-03 -5.557820667e-03 -4.045090638e-03
    endloop
  endfacet
  facet normal 5.675518513e-01 -2.687367271e-07 8.233376145e-01
    outer loop
      vertex -2.938922262e-03 5.442171823e-03 -4.045082722e-03
      vertex -2.938915743e-03 -5.557820667e-03 -4.045090638e-03
      vertex -2.734731883e-03 5.442172289e-03 -4.185837228e-03
    endloop
  endfacet
  facet normal 5.675368309e-01 1.429601184e-07 8.233479857e-01
    outer loop
      vertex -2.734731883e-03 5.442172289e-03 -4.185837228e-03
      vertex -2.938915743e-03 -5.557820667e-03 -4.045090638e-03
      vertex -2.734734677e-03 -5.557820201e-03 -4.185833503e-03
    endloop
  endfacet
  facet normal 4.317575693e-01 2.047133023e-07 9.019896984e-01
    outer loop
      vertex -2.734731883e-03 5.442172289e-03 -4.185837228e-03
      vertex -2.734734677e-03 -5.557820201e-03 -4.185833503e-03
      vertex -1.545083360e-03 5.442175083e-03 -4.755289294e-03
    endloop
  endfacet
  facet normal 4.317575693e-01 2.047133023e-07 9.019896984e-01
    outer loop
      vertex -1.545083360e-03 5.442175083e-03 -4.755289294e-03
      vertex -2.734734677e-03 -5.557820201e-03 -4.185833503e-03
      vertex -1.545086154e-03 -5.557817407e-03 -4.755285569e-03
    endloop
  endfacet
  facet normal 2.773835957e-01 2.642557320e-07 9.607592821e-01
    outer loop
      vertex -1.545083360e-03 5.442175083e-03 -4.755289294e-03
      vertex -1.545086154e-03 -5.557817407e-03 -4.755285569e-03
      vertex -1.227415283e-03 5.442176014e-03 -4.847004078e-03
    endloop
  endfacet
  facet normal 2.773835957e-01 2.642557320e-07 9.607592821e-01
    outer loop
      vertex -1.227415283e-03 5.442176014e-03 -4.847004078e-03
      vertex -1.545086154e-03 -5.557817407e-03 -4.755285569e-03
      vertex -1.227418077e-03 -5.557816476e-03 -4.847000353e-03
    endloop
  endfacet
  facet normal 1.236837432e-01 3.141555567e-07 9.923216701e-01
    outer loop
      vertex -1.227415283e-03 5.442176014e-03 -4.847004078e-03
      vertex -1.227418077e-03 -5.557816476e-03 -4.847000353e-03
      vertex 7.742573693e-09 5.442179274e-03 -4.999991041e-03
    endloop
  endfacet
  facet normal 1.236922145e-01 -6.465144793e-07 9.923206568e-01
    outer loop
      vertex 7.742573693e-09 5.442179274e-03 -4.999991041e-03
      vertex -1.227418077e-03 -5.557816476e-03 -4.847000353e-03
      vertex 1.407597505e-08 -5.557828117e-03 -4.999998957e-03
    endloop
  endfacet
  facet normal -4.130319506e-02 -7.464499845e-07 9.991466403e-01
    outer loop
      vertex 7.742573693e-09 5.442179274e-03 -4.999991041e-03
      vertex 1.407597505e-08 -5.557828117e-03 -4.999998957e-03
      vertex 4.128914443e-04 5.442180205e-03 -4.982923158e-03
    endloop
  endfacet
  facet normal -4.130319506e-02 -7.464499845e-07 9.991466403e-01
    outer loop
      vertex 4.128914443e-04 5.442180205e-03 -4.982923158e-03
      vertex 1.407597505e-08 -5.557828117e-03 -4.999998957e-03
      vertex 4.128977598e-04 -5.557827186e-03 -4.982931074e-03
    endloop
  endfacet
  facet normal -1.971116066e-01 -8.225858323e-07 9.803810716e-01
    outer loop
      vertex 4.128914443e-04 5.442180205e-03 -4.982923158e-03
      vertex 4.128977598e-04 -5.557827186e-03 -4.982931074e-03
      vertex 1.545093255e-03 5.442183465e-03 -4.755286966e-03
    endloop
  endfacet
  facet normal -1.971229464e-01 3.912152238e-07 9.803787470e-01
    outer loop
      vertex 1.545093255e-03 5.442183465e-03 -4.755286966e-03
      vertex 4.128977598e-04 -5.557827186e-03 -4.982931074e-03
      vertex 1.545090461e-03 -5.557823926e-03 -4.755283240e-03
    endloop
  endfacet
  facet normal -3.557958305e-01 4.154350961e-07 9.345636964e-01
    outer loop
      vertex 1.545093255e-03 5.442183465e-03 -4.755286966e-03
      vertex 1.545090461e-03 -5.557823926e-03 -4.755283240e-03
      vertex 2.008477924e-03 5.442184862e-03 -4.578872584e-03
    endloop
  endfacet
  facet normal -3.557958305e-01 4.154350961e-07 9.345636964e-01
    outer loop
      vertex 2.008477924e-03 5.442184862e-03 -4.578872584e-03
      vertex 1.545090461e-03 -5.557823926e-03 -4.755283240e-03
      vertex 2.008475130e-03 -5.557822529e-03 -4.578868859e-03
    endloop
  endfacet
  facet normal -4.976183176e-01 4.279553707e-07 8.673961163e-01
    outer loop
      vertex 2.008477924e-03 5.442184862e-03 -4.578872584e-03
      vertex 2.008475130e-03 -5.557822529e-03 -4.578868859e-03
      vertex 2.938933438e-03 5.442173220e-03 -4.045077600e-03
    endloop
  endfacet
  facet normal -4.976183176e-01 4.279566781e-07 8.673961163e-01
    outer loop
      vertex 2.938933438e-03 5.442173220e-03 -4.045077600e-03
      vertex 2.008475130e-03 -5.557822529e-03 -4.578868859e-03
      vertex 2.938930644e-03 -5.557819270e-03 -4.045073874e-03
    endloop
  endfacet
  facet normal -6.336017847e-01 4.297494911e-07 7.736593485e-01
    outer loop
      vertex 2.938933438e-03 5.442173220e-03 -4.045077600e-03
      vertex 2.938930644e-03 -5.557819270e-03 -4.045073874e-03
      vertex 3.386408323e-03 5.442174617e-03 -3.678610548e-03
    endloop
  endfacet
  facet normal -6.335818768e-01 -9.243821637e-07 7.736756802e-01
    outer loop
      vertex 3.386408323e-03 5.442174617e-03 -3.678610548e-03
      vertex 2.938930644e-03 -5.557819270e-03 -4.045073874e-03
      vertex 3.386414610e-03 -5.557817873e-03 -3.678618465e-03
    endloop
  endfacet
  facet normal -7.468189001e-01 -9.109955954e-07 6.650274992e-01
    outer loop
      vertex 3.386408323e-03 5.442174617e-03 -3.678610548e-03
      vertex 3.386414610e-03 -5.557817873e-03 -3.678618465e-03
      vertex 4.045091569e-03 5.442176946e-03 -2.938916208e-03
    endloop
  endfacet
  facet normal -7.468287349e-01 4.205916753e-07 6.650164723e-01
    outer loop
      vertex 4.045091569e-03 5.442176946e-03 -2.938916208e-03
      vertex 3.386414610e-03 -5.557817873e-03 -3.678618465e-03
      vertex 4.045088775e-03 -5.557815544e-03 -2.938912483e-03
    endloop
  endfacet
  facet normal -8.460937142e-01 3.997737679e-07 5.330341458e-01
    outer loop
      vertex 4.045091569e-03 5.442176946e-03 -2.938916208e-03
      vertex 4.045088775e-03 -5.557815544e-03 -2.938912483e-03
      vertex 4.397372250e-03 5.442178808e-03 -2.379735466e-03
    endloop
  endfacet
  facet normal -8.460937142e-01 3.997707836e-07 5.330341458e-01
    outer loop
      vertex 4.397372250e-03 5.442178808e-03 -2.379735466e-03
      vertex 4.045088775e-03 -5.557815544e-03 -2.938912483e-03
      vertex 4.397369456e-03 -5.557828583e-03 -2.379731508e-03
    endloop
  endfacet
  facet normal -9.190623164e-01 3.698791318e-07 3.941121995e-01
    outer loop
      vertex 4.397372250e-03 5.442178808e-03 -2.379735466e-03
      vertex 4.397369456e-03 -5.557828583e-03 -2.379731508e-03
      vertex 4.755286034e-03 5.442180205e-03 -1.545086619e-03
    endloop
  endfacet
  facet normal -9.190623164e-01 3.698791318e-07 3.941121995e-01
    outer loop
      vertex 4.755286034e-03 5.442180205e-03 -1.545086619e-03
      vertex 4.397369456e-03 -5.557828583e-03 -2.379731508e-03
      vertex 4.755283240e-03 -5.557827186e-03 -1.545082778e-03
    endloop
  endfacet
  facet normal -9.713981748e-01 3.285901755e-07 2.374565452e-01
    outer loop
      vertex 4.755286034e-03 5.442180205e-03 -1.545086619e-03
      vertex 4.755283240e-03 -5.557827186e-03 -1.545082778e-03
      vertex 4.931807052e-03 5.442181602e-03 -8.229672676e-04
    endloop
  endfacet
  facet normal -9.713981748e-01 3.285901755e-07 2.374565452e-01
    outer loop
      vertex 4.931807052e-03 5.442181602e-03 -8.229672676e-04
      vertex 4.755283240e-03 -5.557827186e-03 -1.545082778e-03
      vertex 4.931804258e-03 -5.557825789e-03 -8.229634259e-04
    endloop
  endfacet
  facet normal -9.965845942e-01 2.810466242e-07 8.257777989e-02
    outer loop
      vertex 4.931807052e-03 5.442181602e-03 -8.229672676e-04
      vertex 4.931804258e-03 -5.557825789e-03 -8.229634259e-04
      vertex 4.999999888e-03 5.442182533e-03 1.364257152e-08
    endloop
  endfacet
  facet normal -9.965836406e-01 -6.335325793e-07 8.258992434e-02
    outer loop
      vertex 4.999999888e-03 5.442182533e-03 1.364257152e-08
      vertex 4.931804258e-03 -5.557825789e-03 -8.229634259e-04
      vertex 5.000005942e-03 -5.557824858e-03 5.686417115e-09
    endloop
  endfacet
  facet normal -9.965839982e-01 -5.140639701e-07 -8.258511126e-02
    outer loop
      vertex 4.999999888e-03 5.442182533e-03 1.364257152e-08
      vertex 5.000005942e-03 -5.557824858e-03 5.686417115e-09
      vertex 4.931801930e-03 5.442182999e-03 8.229789091e-04
    endloop
  endfacet
  facet normal -9.965839982e-01 -5.140639701e-07 -8.258511126e-02
    outer loop
      vertex 4.931801930e-03 5.442182999e-03 8.229789091e-04
      vertex 5.000005942e-03 -5.557824858e-03 5.686417115e-09
      vertex 4.931808449e-03 -5.557824392e-03 8.229709347e-04
    endloop
  endfacet
  facet normal -9.713983536e-01 -3.875470611e-07 -2.374558598e-01
    outer loop
      vertex 4.931801930e-03 5.442182999e-03 8.229789091e-04
      vertex 4.931808449e-03 -5.557824392e-03 8.229709347e-04
      vertex 4.755283706e-03 5.442182999e-03 1.545089995e-03
    endloop
  endfacet
  facet normal -9.713963866e-01 1.632499647e-07 -2.374637723e-01
    outer loop
      vertex 4.755283706e-03 5.442182999e-03 1.545089995e-03
      vertex 4.931808449e-03 -5.557824392e-03 8.229709347e-04
      vertex 4.755280912e-03 -5.557824392e-03 1.545093837e-03
    endloop
  endfacet
  facet normal -9.190616608e-01 9.546435109e-08 -3.941137195e-01
    outer loop
      vertex 4.755283706e-03 5.442182999e-03 1.545089995e-03
      vertex 4.755280912e-03 -5.557824392e-03 1.545093837e-03
      vertex 4.397370387e-03 5.442182999e-03 2.379734302e-03
    endloop
  endfacet
  facet normal -9.190616608e-01 9.546435109e-08 -3.941137195e-01
    outer loop
      vertex 4.397370387e-03 5.442182999e-03 2.379734302e-03
      vertex 4.755280912e-03 -5.557824392e-03 1.545093837e-03
      vertex 4.397367593e-03 -5.557824392e-03 2.379738260e-03
    endloop
  endfacet
  facet normal -8.428061008e-01 2.599076687e-08 -5.382173061e-01
    outer loop
      vertex 4.397370387e-03 5.442182999e-03 2.379734302e-03
      vertex 4.397367593e-03 -5.557824392e-03 2.379738260e-03
      vertex 4.008714110e-03 -5.782115841e-05 2.988338936e-03
    endloop
  endfacet
  facet normal -8.213891387e-01 5.068589002e-03 -5.703456998e-01
    outer loop
      vertex 4.008714110e-03 -5.782115841e-05 2.988338936e-03
      vertex 4.397367593e-03 -5.557824392e-03 2.379738260e-03
      vertex 3.984497860e-03 -3.557699092e-04 3.020566190e-03
    endloop
  endfacet
  facet normal 6.579258525e-07 1.282320028e-07 1.000000000e+00
    outer loop
      vertex 5.277391756e-04 -4.057829268e-03 1.288997382e-02
      vertex 1.499984995e-03 -4.057826940e-03 1.288997382e-02
      vertex 5.277501186e-04 3.942172043e-03 1.288997289e-02
    endloop
  endfacet
  facet normal 6.579258525e-07 1.282320028e-07 1.000000000e+00
    outer loop
      vertex 5.277501186e-04 3.942172043e-03 1.288997289e-02
      vertex 1.499984995e-03 -4.057826940e-03 1.288997382e-02
      vertex 1.499995939e-03 3.942174371e-03 1.288997289e-02
    endloop
  endfacet
  facet normal -5.454009175e-01 9.140742943e-03 -8.381254673e-01
    outer loop
      vertex 2.904260997e-03 -5.782204607e-05 5.250266753e-03
      vertex 2.939116675e-03 2.397989156e-04 5.230830982e-03
      vertex 3.631787142e-03 -1.348595106e-04 4.775997251e-03
    endloop
  endfacet
  facet normal -5.408133268e-01 2.096782438e-02 -8.408812284e-01
    outer loop
      vertex 3.631787142e-03 -1.348595106e-04 4.775997251e-03
      vertex 2.939116675e-03 2.397989156e-04 5.230830982e-03
      vertex 3.040285781e-03 5.171842640e-04 5.172680598e-03
    endloop
  endfacet
  facet normal -5.415989757e-01 1.996231638e-02 -8.403999209e-01
    outer loop
      vertex 3.631787142e-03 -1.348595106e-04 4.775997251e-03
      vertex 3.040285781e-03 5.171842640e-04 5.172680598e-03
      vertex 3.198306542e-03 7.554541808e-04 5.076503381e-03
    endloop
  endfacet
  facet normal -5.854632258e-01 -2.240292815e-04 -8.106989264e-01
    outer loop
      vertex 3.623993602e-03 -1.168642542e-03 4.781911150e-03
      vertex 3.398495493e-03 -1.053755055e-03 4.944727290e-03
      vertex 3.631787142e-03 -1.348595106e-04 4.775997251e-03
    endloop
  endfacet
  facet normal -5.568345189e-01 -1.113725733e-02 -8.305487633e-01
    outer loop
      vertex 3.631787142e-03 -1.348595106e-04 4.775997251e-03
      vertex 3.398495493e-03 -1.053755055e-03 4.944727290e-03
      vertex 3.198142629e-03 -8.709181566e-04 5.076600704e-03
    endloop
  endfacet
  facet normal -5.439373255e-01 -2.211933210e-02 -8.388342857e-01
    outer loop
      vertex 3.198142629e-03 -8.709181566e-04 5.076600704e-03
      vertex 3.040289041e-03 -6.328277523e-04 5.172681529e-03
      vertex 3.631787142e-03 -1.348595106e-04 4.775997251e-03
    endloop
  endfacet
  facet normal -5.437194705e-01 -2.248289995e-02 -8.389658332e-01
    outer loop
      vertex 3.631787142e-03 -1.348595106e-04 4.775997251e-03
      vertex 3.040289041e-03 -6.328277523e-04 5.172681529e-03
      vertex 2.939395141e-03 -3.566647647e-04 5.230668467e-03
    endloop
  endfacet
  facet normal -5.467757583e-01 -9.376883507e-03 -8.372265697e-01
    outer loop
      vertex 3.631787142e-03 -1.348595106e-04 4.775997251e-03
      vertex 2.939395141e-03 -3.566647647e-04 5.230668467e-03
      vertex 2.904260997e-03 -5.782204607e-05 5.250266753e-03
    endloop
  endfacet
  facet normal -5.560365915e-01 9.793899022e-03 -8.311001062e-01
    outer loop
      vertex 3.198306542e-03 7.554541808e-04 5.076503381e-03
      vertex 3.398490138e-03 9.381130221e-04 4.944725428e-03
      vertex 3.631787142e-03 -1.348595106e-04 4.775997251e-03
    endloop
  endfacet
  facet normal -5.853969455e-01 2.094315714e-04 -8.107467890e-01
    outer loop
      vertex 3.631787142e-03 -1.348595106e-04 4.775997251e-03
      vertex 3.398490138e-03 9.381130221e-04 4.944725428e-03
      vertex 3.623514203e-03 1.052837470e-03 4.782277159e-03
    endloop
  endfacet
  facet normal -6.240178943e-01 -2.147114574e-04 -7.814100385e-01
    outer loop
      vertex 3.631787142e-03 -1.348595106e-04 4.775997251e-03
      vertex 3.623514203e-03 1.052837470e-03 4.782277159e-03
      vertex 3.862483427e-03 1.092147199e-03 4.591430537e-03
    endloop
  endfacet
  facet normal -7.258756757e-01 -2.852995507e-02 -6.872339249e-01
    outer loop
      vertex 4.566147458e-03 -6.328247837e-04 3.892341396e-03
      vertex 4.444168415e-03 -8.708561654e-04 4.031060729e-03
      vertex 3.971044905e-03 -7.795132115e-05 4.497869872e-03
    endloop
  endfacet
  facet normal -7.174418569e-01 -1.811120659e-02 -6.963829398e-01
    outer loop
      vertex 4.444168415e-03 -8.708561654e-04 4.031060729e-03
      vertex 4.279449582e-03 -1.053753309e-03 4.205517471e-03
      vertex 3.971044905e-03 -7.795132115e-05 4.497869872e-03
    endloop
  endfacet
  facet normal -6.956097484e-01 -4.613255616e-03 -7.184050083e-01
    outer loop
      vertex 3.971044905e-03 -7.795132115e-05 4.497869872e-03
      vertex 4.279449582e-03 -1.053753309e-03 4.205517471e-03
      vertex 4.082624335e-03 -1.167658134e-03 4.396828357e-03
    endloop
  endfacet
  facet normal -6.619921327e-01 1.713038888e-03 -7.495087981e-01
    outer loop
      vertex 3.971044905e-03 -7.795132115e-05 4.497869872e-03
      vertex 4.082624335e-03 -1.167658134e-03 4.396828357e-03
      vertex 3.856712487e-03 -1.207817229e-03 4.596270155e-03
    endloop
  endfacet
  facet normal -6.235766411e-01 2.288366813e-04 -7.817621827e-01
    outer loop
      vertex 3.623993602e-03 -1.168642542e-03 4.781911150e-03
      vertex 3.631787142e-03 -1.348595106e-04 4.775997251e-03
      vertex 3.856712487e-03 -1.207817229e-03 4.596270155e-03
    endloop
  endfacet
  facet normal -6.244660616e-01 -7.658232062e-05 -7.810519338e-01
    outer loop
      vertex 3.856712487e-03 -1.207817229e-03 4.596270155e-03
      vertex 3.631787142e-03 -1.348595106e-04 4.775997251e-03
      vertex 3.862483427e-03 1.092147199e-03 4.591430537e-03
    endloop
  endfacet
  facet normal -6.525657177e-01 4.299330976e-05 -7.577321529e-01
    outer loop
      vertex 3.856712487e-03 -1.207817229e-03 4.596270155e-03
      vertex 3.862483427e-03 1.092147199e-03 4.591430537e-03
      vertex 3.971044905e-03 -7.795132115e-05 4.497869872e-03
    endloop
  endfacet
  facet normal -6.624843478e-01 -1.569552463e-03 -7.490741014e-01
    outer loop
      vertex 3.971044905e-03 -7.795132115e-05 4.497869872e-03
      vertex 3.862483427e-03 1.092147199e-03 4.591430537e-03
      vertex 4.082857165e-03 1.051929430e-03 4.396615550e-03
    endloop
  endfacet
  facet normal -6.956894994e-01 4.471660126e-03 -7.183286548e-01
    outer loop
      vertex 3.971044905e-03 -7.795132115e-05 4.497869872e-03
      vertex 4.082857165e-03 1.051929430e-03 4.396615550e-03
      vertex 4.279443994e-03 9.380998090e-04 4.205515608e-03
    endloop
  endfacet
  facet normal -7.177346349e-01 1.756031066e-02 -6.960952282e-01
    outer loop
      vertex 4.279443994e-03 9.380998090e-04 4.205515608e-03
      vertex 4.444154911e-03 7.552181487e-04 4.031070974e-03
      vertex 3.971044905e-03 -7.795132115e-05 4.497869872e-03
    endloop
  endfacet
  facet normal -7.264932394e-01 2.784859762e-02 -6.866090894e-01
    outer loop
      vertex 3.971044905e-03 -7.795132115e-05 4.497869872e-03
      vertex 4.444154911e-03 7.552181487e-04 4.031070974e-03
      vertex 4.566144198e-03 5.171723315e-04 3.892340232e-03
    endloop
  endfacet
  facet normal -7.257081866e-01 2.615159191e-02 -6.875054240e-01
    outer loop
      vertex 3.971044905e-03 -7.795132115e-05 4.497869872e-03
      vertex 4.566144198e-03 5.171723315e-04 3.892340232e-03
      vertex 4.640916828e-03 2.402194514e-04 3.802877851e-03
    endloop
  endfacet
  facet normal -7.224175930e-01 1.077528577e-02 -6.913731098e-01
    outer loop
      vertex 4.640916828e-03 2.402194514e-04 3.802877851e-03
      vertex 4.666168708e-03 -5.781864093e-05 3.771847114e-03
      vertex 3.971044905e-03 -7.795132115e-05 4.497869872e-03
    endloop
  endfacet
  facet normal -7.221174240e-01 -1.084934548e-02 -6.916853786e-01
    outer loop
      vertex 3.971044905e-03 -7.795132115e-05 4.497869872e-03
      vertex 4.666168708e-03 -5.781864093e-05 3.771847114e-03
      vertex 4.640891217e-03 -3.559909237e-04 3.802913707e-03
    endloop
  endfacet
  facet normal -7.250291705e-01 -2.656152658e-02 -6.882057786e-01
    outer loop
      vertex 3.971044905e-03 -7.795132115e-05 4.497869872e-03
      vertex 4.640891217e-03 -3.559909237e-04 3.802913707e-03
      vertex 4.566147458e-03 -6.328247837e-04 3.892341396e-03
    endloop
  endfacet
  facet normal 6.010467410e-01 9.183762595e-03 -7.991610765e-01
    outer loop
      vertex -3.940308932e-03 -5.782643348e-05 4.524806980e-03
      vertex -3.910147119e-03 2.398094657e-04 4.550911952e-03
      vertex -3.245818662e-03 -1.348630612e-04 5.046246108e-03
    endloop
  endfacet
  facet normal 6.051838994e-01 2.094954625e-02 -7.958100438e-01
    outer loop
      vertex -3.245818662e-03 -1.348630612e-04 5.046246108e-03
      vertex -3.910147119e-03 2.398094657e-04 4.550911952e-03
      vertex -3.820888000e-03 5.171800149e-04 4.626092035e-03
    endloop
  endfacet
  facet normal 6.044788957e-01 1.996633224e-02 -7.963709235e-01
    outer loop
      vertex -3.245818662e-03 -1.348630612e-04 5.046246108e-03
      vertex -3.820888000e-03 5.171800149e-04 4.626092035e-03
      vertex -3.676473396e-03 7.554649492e-04 4.741683137e-03
    endloop
  endfacet
  facet normal 5.615851283e-01 -2.335319296e-04 -8.274189234e-01
    outer loop
      vertex -3.254043404e-03 -1.168646035e-03 5.040955730e-03
      vertex -3.484170418e-03 -1.053743996e-03 4.884731490e-03
      vertex -3.245818662e-03 -1.348630612e-04 5.046246108e-03
    endloop
  endfacet
  facet normal 5.899956822e-01 -1.113422960e-02 -8.073295951e-01
    outer loop
      vertex -3.245818662e-03 -1.348630612e-04 5.046246108e-03
      vertex -3.484170418e-03 -1.053743996e-03 4.884731490e-03
      vertex -3.676610533e-03 -8.709222893e-04 4.741575103e-03
    endloop
  endfacet
  facet normal 6.021878719e-01 -2.211173996e-02 -7.980481386e-01
    outer loop
      vertex -3.676610533e-03 -8.709222893e-04 4.741575103e-03
      vertex -3.820894053e-03 -6.328171003e-04 4.626105074e-03
      vertex -3.245818662e-03 -1.348630612e-04 5.046246108e-03
    endloop
  endfacet
  facet normal 6.023947597e-01 -2.249132283e-02 -7.978813648e-01
    outer loop
      vertex -3.245818662e-03 -1.348630612e-04 5.046246108e-03
      vertex -3.820894053e-03 -6.328171003e-04 4.626105074e-03
      vertex -3.909883555e-03 -3.566691012e-04 4.551134072e-03
    endloop
  endfacet
  facet normal 5.997248292e-01 -9.432168677e-03 -8.001507521e-01
    outer loop
      vertex -3.245818662e-03 -1.348630612e-04 5.046246108e-03
      vertex -3.909883555e-03 -3.566691012e-04 4.551134072e-03
      vertex -3.940308932e-03 -5.782643348e-05 4.524806980e-03
    endloop
  endfacet
  facet normal 5.908133388e-01 9.806253947e-03 -8.067486882e-01
    outer loop
      vertex -3.676473396e-03 7.554649492e-04 4.741683137e-03
      vertex -3.484164132e-03 9.381091804e-04 4.884738475e-03
      vertex -3.245818662e-03 -1.348630612e-04 5.046246108e-03
    endloop
  endfacet
  facet normal 5.616132021e-01 2.113579394e-04 -8.273999095e-01
    outer loop
      vertex -3.245818662e-03 -1.348630612e-04 5.046246108e-03
      vertex -3.484164132e-03 9.381091804e-04 4.884738475e-03
      vertex -3.254548181e-03 1.052833977e-03 5.040624179e-03
    endloop
  endfacet
  facet normal 5.208673477e-01 -2.123219456e-04 -8.536375761e-01
    outer loop
      vertex -3.245818662e-03 -1.348630612e-04 5.046246108e-03
      vertex -3.254548181e-03 1.052833977e-03 5.040624179e-03
      vertex -2.993481234e-03 1.092158956e-03 5.199910607e-03
    endloop
  endfacet
  facet normal 3.975332081e-01 -2.851174399e-02 -9.171447158e-01
    outer loop
      vertex -2.095893258e-03 -6.328264135e-04 5.622024648e-03
      vertex -2.267962089e-03 -8.708431851e-04 5.554841366e-03
      vertex -2.868433716e-03 -7.793938858e-05 5.269919988e-03
    endloop
  endfacet
  facet normal 4.089899659e-01 -1.811577938e-02 -9.123590589e-01
    outer loop
      vertex -2.267962089e-03 -8.708431851e-04 5.554841366e-03
      vertex -2.488228958e-03 -1.053755637e-03 5.459732842e-03
      vertex -2.868433716e-03 -7.793938858e-05 5.269919988e-03
    endloop
  endfacet
  facet normal 4.371107817e-01 -4.637556151e-03 -8.993957043e-01
    outer loop
      vertex -2.868433716e-03 -7.793938858e-05 5.269919988e-03
      vertex -2.488228958e-03 -1.053755637e-03 5.459732842e-03
      vertex -2.735328162e-03 -1.167660928e-03 5.340228789e-03
    endloop
  endfacet
  facet normal 4.779270887e-01 1.702784095e-03 -8.783978820e-01
    outer loop
      vertex -2.868433716e-03 -7.793938858e-05 5.269919988e-03
      vertex -2.735328162e-03 -1.167660928e-03 5.340228789e-03
      vertex -2.999999793e-03 -1.207820373e-03 5.196145736e-03
    endloop
  endfacet
  facet normal 5.213314295e-01 2.194549597e-04 -8.533542752e-01
    outer loop
      vertex -3.254043404e-03 -1.168646035e-03 5.040955730e-03
      vertex -3.245818662e-03 -1.348630612e-04 5.046246108e-03
      vertex -2.999999793e-03 -1.207820373e-03 5.196145736e-03
    endloop
  endfacet
  facet normal 5.203879476e-01 -7.712145452e-05 -8.539299369e-01
    outer loop
      vertex -2.999999793e-03 -1.207820373e-03 5.196145736e-03
      vertex -3.245818662e-03 -1.348630612e-04 5.046246108e-03
      vertex -2.993481234e-03 1.092158956e-03 5.199910607e-03
    endloop
  endfacet
  facet normal 4.888147116e-01 4.257282853e-05 -8.723876476e-01
    outer loop
      vertex -2.999999793e-03 -1.207820373e-03 5.196145736e-03
      vertex -2.993481234e-03 1.092158956e-03 5.199910607e-03
      vertex -2.868433716e-03 -7.793938858e-05 5.269919988e-03
    endloop
  endfacet
  facet normal 4.773411155e-01 -1.562284073e-03 -8.787167072e-01
    outer loop
      vertex -2.868433716e-03 -7.793938858e-05 5.269919988e-03
      vertex -2.993481234e-03 1.092158956e-03 5.199910607e-03
      vertex -2.735062037e-03 1.051941537e-03 5.340361968e-03
    endloop
  endfacet
  facet normal 4.370442927e-01 4.485656507e-03 -8.994287848e-01
    outer loop
      vertex -2.868433716e-03 -7.793938858e-05 5.269919988e-03
      vertex -2.735062037e-03 1.051941537e-03 5.340361968e-03
      vertex -2.488234313e-03 9.381123818e-04 5.459730979e-03
    endloop
  endfacet
  facet normal 4.086145461e-01 1.757279038e-02 -9.125378728e-01
    outer loop
      vertex -2.488234313e-03 9.381123818e-04 5.459730979e-03
      vertex -2.267966513e-03 7.552162278e-04 5.554839969e-03
      vertex -2.868433716e-03 -7.793938858e-05 5.269919988e-03
    endloop
  endfacet
  facet normal 3.967482150e-01 2.782392502e-02 -9.175056815e-01
    outer loop
      vertex -2.868433716e-03 -7.793938858e-05 5.269919988e-03
      vertex -2.267966513e-03 7.552162278e-04 5.554839969e-03
      vertex -2.095884643e-03 5.171707016e-04 5.622033030e-03
    endloop
  endfacet
  facet normal 3.978388608e-01 2.615760826e-02 -9.170823693e-01
    outer loop
      vertex -2.868433716e-03 -7.793938858e-05 5.269919988e-03
      vertex -2.095884643e-03 5.171707016e-04 5.622033030e-03
      vertex -1.986247487e-03 2.402180689e-04 5.661695264e-03
    endloop
  endfacet
  facet normal 4.026106000e-01 1.074200403e-02 -9.153082967e-01
    outer loop
      vertex -1.986247487e-03 2.402180689e-04 5.661695264e-03
      vertex -1.948467805e-03 -5.781994332e-05 5.674815271e-03
      vertex -2.868433716e-03 -7.793938858e-05 5.269919988e-03
    endloop
  endfacet
  facet normal 4.030050933e-01 -1.080667228e-02 -9.151339531e-01
    outer loop
      vertex -2.868433716e-03 -7.793938858e-05 5.269919988e-03
      vertex -1.948467805e-03 -5.781994332e-05 5.674815271e-03
      vertex -1.986290561e-03 -3.559922916e-04 5.661679897e-03
    endloop
  endfacet
  facet normal 3.987302184e-01 -2.655274794e-02 -9.166837931e-01
    outer loop
      vertex -2.868433716e-03 -7.793938858e-05 5.269919988e-03
      vertex -1.986290561e-03 -3.559922916e-04 5.661679897e-03
      vertex -2.095893258e-03 -6.328264135e-04 5.622024648e-03
    endloop
  endfacet
  facet normal -5.547008514e-01 9.964506944e-07 8.320498466e-01
    outer loop
      vertex -5.019253120e-03 3.942185082e-03 1.121047046e-02
      vertex -1.304700412e-02 3.942172974e-03 5.858627614e-03
      vertex -5.019252189e-03 -4.057816230e-03 1.121048070e-02
    endloop
  endfacet
  facet normal -5.547008514e-01 9.964506944e-07 8.320498466e-01
    outer loop
      vertex -5.019252189e-03 -4.057816230e-03 1.121048070e-02
      vertex -1.304700412e-02 3.942172974e-03 5.858627614e-03
      vertex -1.304700319e-02 -4.057828337e-03 5.858637393e-03
    endloop
  endfacet
  facet normal -1.000000000e+00 -2.644385859e-06 -1.670558277e-06
    outer loop
      vertex -2.449998632e-02 1.896755421e-03 -1.911663823e-02
      vertex -2.449998446e-02 3.322093049e-03 -2.251535840e-02
      vertex -2.449998446e-02 1.026884536e-03 -1.981034875e-02
    endloop
  endfacet
  facet normal -1.000000000e+00 -4.506512596e-06 -3.250578629e-06
    outer loop
      vertex -2.449998446e-02 1.026884536e-03 -1.981034875e-02
      vertex -2.449998446e-02 3.322093049e-03 -2.251535840e-02
      vertex -2.449997514e-02 1.710710465e-03 -2.329135872e-02
    endloop
  endfacet
  facet normal -1.000000000e+00 8.846518540e-06 -6.274463544e-07
    outer loop
      vertex -2.449998446e-02 1.026884536e-03 -1.981034875e-02
      vertex -2.449997514e-02 1.710710465e-03 -2.329135872e-02
      vertex -2.449999377e-02 -5.781589425e-05 -2.005791664e-02
    endloop
  endfacet
  facet normal -1.000000000e+00 -4.898111001e-07 -4.372262083e-06
    outer loop
      vertex -2.449998818e-02 -1.142526628e-03 -1.530548930e-02
      vertex -2.449998446e-02 -2.012397395e-03 -1.599919982e-02
      vertex -2.449999563e-02 -4.138865042e-03 -1.315960661e-02
    endloop
  endfacet
  facet normal -1.000000000e+00 5.622772733e-06 -2.390669579e-06
    outer loop
      vertex -2.449997514e-02 1.710710465e-03 -2.329135872e-02
      vertex -2.449998446e-02 -5.781916479e-05 -2.355791815e-02
      vertex -2.449999377e-02 -5.781589425e-05 -2.005791664e-02
    endloop
  endfacet
  facet normal -1.000000000e+00 7.599184073e-07 -2.390665031e-06
    outer loop
      vertex -2.449999377e-02 -5.781589425e-05 -2.005791664e-02
      vertex -2.449998446e-02 -5.781916479e-05 -2.355791815e-02
      vertex -2.449998632e-02 -1.826348365e-03 -2.329135314e-02
    endloop
  endfacet
  facet normal -1.000000000e+00 -5.498670362e-06 1.032479190e-06
    outer loop
      vertex -2.449999377e-02 -5.781589425e-05 -2.005791664e-02
      vertex -2.449998632e-02 -1.826348365e-03 -2.329135314e-02
      vertex -2.449998632e-02 -1.142530818e-03 -1.981033571e-02
    endloop
  endfacet
  facet normal -1.000000000e+00 5.588101999e-07 -1.574634751e-07
    outer loop
      vertex -2.449998632e-02 -1.142530818e-03 -1.981033571e-02
      vertex -2.449998632e-02 -1.826348365e-03 -2.329135314e-02
      vertex -2.449998818e-02 -3.437744221e-03 -2.251534909e-02
    endloop
  endfacet
  facet normal -1.000000000e+00 1.108476795e-06 -6.238574315e-07
    outer loop
      vertex -2.449998632e-02 -1.142530818e-03 -1.981033571e-02
      vertex -2.449998818e-02 -3.437744221e-03 -2.251534909e-02
      vertex -2.449998818e-02 -2.012400422e-03 -1.911664382e-02
    endloop
  endfacet
  facet normal -1.000000000e+00 -3.813159083e-06 1.440170536e-06
    outer loop
      vertex -2.449998818e-02 -2.012400422e-03 -1.911664382e-02
      vertex -2.449998818e-02 -3.437744221e-03 -2.251534909e-02
      vertex -2.449998073e-02 -4.748806823e-03 -2.129885554e-02
    endloop
  endfacet
  facet normal -1.000000000e+00 -2.684844560e-07 -3.004707423e-06
    outer loop
      vertex -2.449998818e-02 -2.012400422e-03 -1.911664382e-02
      vertex -2.449998073e-02 -4.748806823e-03 -2.129885554e-02
      vertex -2.449999191e-02 -2.495137509e-03 -1.811421849e-02
    endloop
  endfacet
  facet normal -1.000000000e+00 -1.302108103e-06 2.704452527e-06
    outer loop
      vertex -2.449998073e-02 2.379495418e-03 -1.700161956e-02
      vertex -2.449998818e-02 5.925404374e-03 -1.800630800e-02
      vertex -2.449998260e-02 2.379494254e-03 -1.811422594e-02
    endloop
  endfacet
  facet normal -1.000000000e+00 -1.285938197e-06 2.173148005e-06
    outer loop
      vertex -2.449998260e-02 2.379494254e-03 -1.811422594e-02
      vertex -2.449998818e-02 5.925404374e-03 -1.800630800e-02
      vertex -2.449999191e-02 5.527422763e-03 -1.974996738e-02
    endloop
  endfacet
  facet normal -1.000000000e+00 -4.345463651e-07 3.811623174e-06
    outer loop
      vertex -2.449998260e-02 2.379494254e-03 -1.811422594e-02
      vertex -2.449999191e-02 5.527422763e-03 -1.974996738e-02
      vertex -2.449998632e-02 1.896755421e-03 -1.911663823e-02
    endloop
  endfacet
  facet normal -1.000000000e+00 -6.309912237e-07 2.685469326e-06
    outer loop
      vertex -2.449998632e-02 1.896755421e-03 -1.911663823e-02
      vertex -2.449999191e-02 5.527422763e-03 -1.974996738e-02
      vertex -2.449999377e-02 4.633172881e-03 -2.129885554e-02
    endloop
  endfacet
  facet normal -1.000000000e+00 -4.838655968e-06 -2.590780014e-06
    outer loop
      vertex -2.449998632e-02 1.896755421e-03 -1.911663823e-02
      vertex -2.449999377e-02 4.633172881e-03 -2.129885554e-02
      vertex -2.449998446e-02 3.322093049e-03 -2.251535840e-02
    endloop
  endfacet
  facet normal -1.000000000e+00 2.054413017e-06 -8.197106354e-07
    outer loop
      vertex -2.449999563e-02 -4.138865042e-03 -1.315960661e-02
      vertex -2.449999377e-02 -2.661130857e-03 -1.215210836e-02
      vertex -2.449998818e-02 -1.142526628e-03 -1.530548930e-02
    endloop
  endfacet
  facet normal -1.000000000e+00 4.720264769e-06 4.641092914e-07
    outer loop
      vertex -2.449998818e-02 -1.142526628e-03 -1.530548930e-02
      vertex -2.449999377e-02 -2.661130857e-03 -1.215210836e-02
      vertex -2.449998446e-02 -9.520713938e-04 -1.162493322e-02
    endloop
  endfacet
  facet normal -1.000000000e+00 -1.085820259e-05 1.270237590e-06
    outer loop
      vertex -2.449998818e-02 -1.142526628e-03 -1.530548930e-02
      vertex -2.449998446e-02 -9.520713938e-04 -1.162493322e-02
      vertex -2.449999936e-02 -5.782612061e-05 -1.505791862e-02
    endloop
  endfacet
  facet normal -1.000000000e+00 3.767215048e-06 -5.860646979e-06
    outer loop
      vertex -2.449998073e-02 -4.748806823e-03 -2.129885554e-02
      vertex -2.449999377e-02 -5.643068813e-03 -1.974996179e-02
      vertex -2.449999191e-02 -2.495137509e-03 -1.811421849e-02
    endloop
  endfacet
  facet normal -1.000000000e+00 -8.043041362e-07 2.937079898e-06
    outer loop
      vertex -2.449999191e-02 -2.495137509e-03 -1.811421849e-02
      vertex -2.449999377e-02 -5.643068813e-03 -1.974996179e-02
      vertex -2.449998818e-02 -6.041047629e-03 -1.800630428e-02
    endloop
  endfacet
  facet normal -1.000000000e+00 -8.113838135e-07 2.704452072e-06
    outer loop
      vertex -2.449999191e-02 -2.495137509e-03 -1.811421849e-02
      vertex -2.449998818e-02 -6.041047629e-03 -1.800630428e-02
      vertex -2.449998818e-02 -2.495136345e-03 -1.700161211e-02
    endloop
  endfacet
  facet normal -1.000000000e+00 -1.208495632e-07 2.673141921e-07
    outer loop
      vertex -2.449998818e-02 -2.495136345e-03 -1.700161211e-02
      vertex -2.449998818e-02 -6.041047629e-03 -1.800630428e-02
      vertex -2.449998818e-02 -5.907382350e-03 -1.622280106e-02
    endloop
  endfacet
  facet normal -1.000000000e+00 5.769264249e-07 3.324520549e-06
    outer loop
      vertex -2.449998818e-02 -2.495136345e-03 -1.700161211e-02
      vertex -2.449998818e-02 -5.907382350e-03 -1.622280106e-02
      vertex -2.449998446e-02 -2.012397395e-03 -1.599919982e-02
    endloop
  endfacet
  facet normal -1.000000000e+00 8.230737194e-07 -9.631938838e-07
    outer loop
      vertex -2.449998446e-02 -2.012397395e-03 -1.599919982e-02
      vertex -2.449998818e-02 -5.907382350e-03 -1.622280106e-02
      vertex -2.449998818e-02 -5.253979936e-03 -1.455791760e-02
    endloop
  endfacet
  facet normal -1.000000000e+00 -7.939402735e-07 -4.600013199e-06
    outer loop
      vertex -2.449998446e-02 -2.012397395e-03 -1.599919982e-02
      vertex -2.449998818e-02 -5.253979936e-03 -1.455791760e-02
      vertex -2.449999563e-02 -4.138865042e-03 -1.315960661e-02
    endloop
  endfacet
  facet normal -1.000000000e+00 8.554239344e-07 -2.463467354e-06
    outer loop
      vertex -2.449998260e-02 1.896758331e-03 -1.599919423e-02
      vertex -2.449998446e-02 5.138328299e-03 -1.455792040e-02
      vertex -2.449998073e-02 2.379495418e-03 -1.700161956e-02
    endloop
  endfacet
  facet normal -1.000000000e+00 -5.566018444e-06 4.786072623e-06
    outer loop
      vertex -2.449998073e-02 2.379495418e-03 -1.700161956e-02
      vertex -2.449998446e-02 5.138328299e-03 -1.455792040e-02
      vertex -2.449999563e-02 5.791742820e-03 -1.622279361e-02
    endloop
  endfacet
  facet normal -1.000000000e+00 -3.400517926e-06 -4.701586931e-06
    outer loop
      vertex -2.449998073e-02 2.379495418e-03 -1.700161956e-02
      vertex -2.449999563e-02 5.791742820e-03 -1.622279361e-02
      vertex -2.449998818e-02 5.925404374e-03 -1.800630800e-02
    endloop
  endfacet
  facet normal -1.000000000e+00 -1.983852371e-06 3.581883675e-06
    outer loop
      vertex -2.449998446e-02 -9.520713938e-04 -1.162493322e-02
      vertex -2.449998632e-02 -5.782285007e-05 -1.155791990e-02
      vertex -2.449999936e-02 -5.782612061e-05 -1.505791862e-02
    endloop
  endfacet
  facet normal -1.000000000e+00 -3.453381169e-06 3.581885267e-06
    outer loop
      vertex -2.449999936e-02 -5.782612061e-05 -1.505791862e-02
      vertex -2.449998632e-02 -5.782285007e-05 -1.155791990e-02
      vertex -2.449999005e-02 8.364255773e-04 -1.162493508e-02
    endloop
  endfacet
  facet normal -1.000000000e+00 1.335519937e-05 -7.965526265e-07
    outer loop
      vertex -2.449999936e-02 -5.782612061e-05 -1.505791862e-02
      vertex -2.449999005e-02 8.364255773e-04 -1.162493508e-02
      vertex -2.449998446e-02 1.026888727e-03 -1.530550234e-02
    endloop
  endfacet
  facet normal -1.000000000e+00 -3.926184036e-06 -1.690835347e-06
    outer loop
      vertex -2.449998446e-02 1.026888727e-03 -1.530550234e-02
      vertex -2.449999005e-02 8.364255773e-04 -1.162493508e-02
      vertex -2.449999563e-02 2.545483876e-03 -1.215210371e-02
    endloop
  endfacet
  facet normal -1.000000000e+00 -9.033059314e-07 -3.146574954e-06
    outer loop
      vertex -2.449998446e-02 1.026888727e-03 -1.530550234e-02
      vertex -2.449999563e-02 2.545483876e-03 -1.215210371e-02
      vertex -2.449998260e-02 1.896758331e-03 -1.599919423e-02
    endloop
  endfacet
  facet normal -1.000000000e+00 4.452133908e-06 -4.049649760e-06
    outer loop
      vertex -2.449998260e-02 1.896758331e-03 -1.599919423e-02
      vertex -2.449999563e-02 2.545483876e-03 -1.215210371e-02
      vertex -2.449998446e-02 4.023216199e-03 -1.315960754e-02
    endloop
  endfacet
  facet normal -1.000000000e+00 1.173708952e-07 -8.035115115e-07
    outer loop
      vertex -2.449998260e-02 1.896758331e-03 -1.599919423e-02
      vertex -2.449998446e-02 4.023216199e-03 -1.315960754e-02
      vertex -2.449998446e-02 5.138328299e-03 -1.455792040e-02
    endloop
  endfacet
  facet normal -8.513054848e-01 -1.167446300e-01 -5.115169883e-01
    outer loop
      vertex -1.899783686e-02 -5.782840162e-05 -1.755791903e-02
      vertex -2.049999312e-02 -5.781524669e-05 -1.505791862e-02
      vertex -2.049998753e-02 1.026884769e-03 -1.530549116e-02
    endloop
  endfacet
  facet normal -8.513049483e-01 -5.246711969e-01 -6.225193374e-06
    outer loop
      vertex -1.899783686e-02 -5.782840162e-05 -1.755791903e-02
      vertex -2.049999498e-02 2.379491460e-03 -1.700161584e-02
      vertex -2.049998567e-02 2.379490295e-03 -1.811421476e-02
    endloop
  endfacet
  facet normal -8.513042927e-01 -4.727133512e-01 -2.276467830e-01
    outer loop
      vertex -2.049999684e-02 1.896754256e-03 -1.599919237e-02
      vertex -2.049999498e-02 2.379491460e-03 -1.700161584e-02
      vertex -1.899783686e-02 -5.782840162e-05 -1.755791903e-02
    endloop
  endfacet
  facet normal -8.513051867e-01 -3.271340132e-01 -4.101984799e-01
    outer loop
      vertex -2.049998753e-02 1.026884769e-03 -1.530549116e-02
      vertex -2.049999684e-02 1.896754256e-03 -1.599919237e-02
      vertex -1.899783686e-02 -5.782840162e-05 -1.755791903e-02
    endloop
  endfacet
  facet normal -8.513054848e-01 -1.167516857e-01 5.115154386e-01
    outer loop
      vertex -1.899783686e-02 -5.782840162e-05 -1.755791903e-02
      vertex -2.049998567e-02 1.026880578e-03 -1.981033757e-02
      vertex -2.049998567e-02 -5.781992149e-05 -2.005791664e-02
    endloop
  endfacet
  facet normal -8.513051867e-01 -3.271280527e-01 4.102031887e-01
    outer loop
      vertex -2.049999312e-02 1.896751346e-03 -1.911664754e-02
      vertex -2.049998567e-02 1.026880578e-03 -1.981033757e-02
      vertex -1.899783686e-02 -5.782840162e-05 -1.755791903e-02
    endloop
  endfacet
  facet normal -8.513051271e-01 -4.727113843e-01 2.276477516e-01
    outer loop
      vertex -2.049998567e-02 2.379490295e-03 -1.811421476e-02
      vertex -2.049999312e-02 1.896751346e-03 -1.911664754e-02
      vertex -1.899783686e-02 -5.782840162e-05 -1.755791903e-02
    endloop
  endfacet
  facet normal -8.513057232e-01 4.727132320e-01 2.276418358e-01
    outer loop
      vertex -1.899783686e-02 -5.782840162e-05 -1.755791903e-02
      vertex -2.049998194e-02 -2.012404380e-03 -1.911664382e-02
      vertex -2.049998380e-02 -2.495141467e-03 -1.811421849e-02
    endloop
  endfacet
  facet normal -8.513055444e-01 3.271212578e-01 4.102079868e-01
    outer loop
      vertex -2.049999125e-02 -1.142534777e-03 -1.981034502e-02
      vertex -2.049998194e-02 -2.012404380e-03 -1.911664382e-02
      vertex -1.899783686e-02 -5.782840162e-05 -1.755791903e-02
    endloop
  endfacet
  facet normal -8.513051271e-01 1.167515442e-01 5.115160346e-01
    outer loop
      vertex -2.049998567e-02 -5.781992149e-05 -2.005791664e-02
      vertex -2.049999125e-02 -1.142534777e-03 -1.981034502e-02
      vertex -1.899783686e-02 -5.782840162e-05 -1.755791903e-02
    endloop
  endfacet
  facet normal -8.513048291e-01 3.271211088e-01 -4.102095366e-01
    outer loop
      vertex -1.899783686e-02 -5.782840162e-05 -1.755791903e-02
      vertex -2.049998753e-02 -2.012401354e-03 -1.599918865e-02
      vertex -2.049999312e-02 -1.142530586e-03 -1.530549861e-02
    endloop
  endfacet
  facet normal -8.513044715e-01 4.727165103e-01 -2.276395559e-01
    outer loop
      vertex -2.049999312e-02 -2.495140303e-03 -1.700162143e-02
      vertex -2.049998753e-02 -2.012401354e-03 -1.599918865e-02
      vertex -1.899783686e-02 -5.782840162e-05 -1.755791903e-02
    endloop
  endfacet
  facet normal -8.513045311e-01 5.246718526e-01 -7.205847396e-06
    outer loop
      vertex -2.049998380e-02 -2.495141467e-03 -1.811421849e-02
      vertex -2.049999312e-02 -2.495140303e-03 -1.700162143e-02
      vertex -1.899783686e-02 -5.782840162e-05 -1.755791903e-02
    endloop
  endfacet
  facet normal -8.513042927e-01 1.167510599e-01 -5.115175247e-01
    outer loop
      vertex -2.049999312e-02 -1.142530586e-03 -1.530549861e-02
      vertex -2.049999312e-02 -5.781524669e-05 -1.505791862e-02
      vertex -1.899783686e-02 -5.782840162e-05 -1.755791903e-02
    endloop
  endfacet
  facet normal -1.854130431e-07 -2.225142717e-01 9.749294519e-01
    outer loop
      vertex -2.449999377e-02 -5.781589425e-05 -2.005791664e-02
      vertex -2.049998567e-02 -5.781992149e-05 -2.005791664e-02
      vertex -2.449998446e-02 1.026884536e-03 -1.981034875e-02
    endloop
  endfacet
  facet normal -3.057980848e-06 -2.225243300e-01 9.749271274e-01
    outer loop
      vertex -2.449998446e-02 1.026884536e-03 -1.981034875e-02
      vertex -2.049998567e-02 -5.781992149e-05 -2.005791664e-02
      vertex -2.049998567e-02 1.026880578e-03 -1.981033757e-02
    endloop
  endfacet
  facet normal -2.900310847e-06 -6.234965324e-01 7.818261385e-01
    outer loop
      vertex -2.449998446e-02 1.026884536e-03 -1.981034875e-02
      vertex -2.049998567e-02 1.026880578e-03 -1.981033757e-02
      vertex -2.449998632e-02 1.896755421e-03 -1.911663823e-02
    endloop
  endfacet
  facet normal 1.185527253e-06 -6.234850287e-01 7.818352580e-01
    outer loop
      vertex -2.449998632e-02 1.896755421e-03 -1.911663823e-02
      vertex -2.049998567e-02 1.026880578e-03 -1.981033757e-02
      vertex -2.049999312e-02 1.896751346e-03 -1.911664754e-02
    endloop
  endfacet
  facet normal 9.925264521e-08 -9.009678364e-01 4.338858426e-01
    outer loop
      vertex -2.449998632e-02 1.896755421e-03 -1.911663823e-02
      vertex -2.049999312e-02 1.896751346e-03 -1.911664754e-02
      vertex -2.449998260e-02 2.379494254e-03 -1.811422594e-02
    endloop
  endfacet
  facet normal -2.168202855e-06 -9.009714127e-01 4.338785112e-01
    outer loop
      vertex -2.449998260e-02 2.379494254e-03 -1.811422594e-02
      vertex -2.049999312e-02 1.896751346e-03 -1.911664754e-02
      vertex -2.049998567e-02 2.379490295e-03 -1.811421476e-02
    endloop
  endfacet
  facet normal -1.006672505e-06 -1.000000000e+00 9.345755529e-07
    outer loop
      vertex -2.449998260e-02 2.379494254e-03 -1.811422594e-02
      vertex -2.049998567e-02 2.379490295e-03 -1.811421476e-02
      vertex -2.449998073e-02 2.379495418e-03 -1.700161956e-02
    endloop
  endfacet
  facet normal -1.006683533e-06 -1.000000000e+00 9.345360468e-07
    outer loop
      vertex -2.449998073e-02 2.379495418e-03 -1.700161956e-02
      vertex -2.049998567e-02 2.379490295e-03 -1.811421476e-02
      vertex -2.049999498e-02 2.379491460e-03 -1.700161584e-02
    endloop
  endfacet
  facet normal -6.348152510e-07 -9.009706378e-01 -4.338800311e-01
    outer loop
      vertex -2.449998073e-02 2.379495418e-03 -1.700161956e-02
      vertex -2.049999498e-02 2.379491460e-03 -1.700161584e-02
      vertex -2.449998260e-02 1.896758331e-03 -1.599919423e-02
    endloop
  endfacet
  facet normal -6.348152510e-07 -9.009706378e-01 -4.338800311e-01
    outer loop
      vertex -2.449998260e-02 1.896758331e-03 -1.599919423e-02
      vertex -2.049999498e-02 2.379491460e-03 -1.700161584e-02
      vertex -2.049999684e-02 1.896754256e-03 -1.599919237e-02
    endloop
  endfacet
  facet normal -1.372022211e-07 -6.234865189e-01 -7.818341255e-01
    outer loop
      vertex -2.449998260e-02 1.896758331e-03 -1.599919423e-02
      vertex -2.049999684e-02 1.896754256e-03 -1.599919237e-02
      vertex -2.449998446e-02 1.026888727e-03 -1.530550234e-02
    endloop
  endfacet
  facet normal 1.645017164e-06 -6.234915257e-01 -7.818301320e-01
    outer loop
      vertex -2.449998446e-02 1.026888727e-03 -1.530550234e-02
      vertex -2.049999684e-02 1.896754256e-03 -1.599919237e-02
      vertex -2.049998753e-02 1.026884769e-03 -1.530549116e-02
    endloop
  endfacet
  facet normal 2.609961939e-06 -2.225255370e-01 -9.749268889e-01
    outer loop
      vertex -2.449998446e-02 1.026888727e-03 -1.530550234e-02
      vertex -2.049998753e-02 1.026884769e-03 -1.530549116e-02
      vertex -2.449999936e-02 -5.782612061e-05 -1.505791862e-02
    endloop
  endfacet
  facet normal 5.663554816e-07 -2.225183696e-01 -9.749284983e-01
    outer loop
      vertex -2.449999936e-02 -5.782612061e-05 -1.505791862e-02
      vertex -2.049998753e-02 1.026884769e-03 -1.530549116e-02
      vertex -2.049999312e-02 -5.781524669e-05 -1.505791862e-02
    endloop
  endfacet
  facet normal -6.435254249e-07 2.225165516e-01 -9.749289155e-01
    outer loop
      vertex -2.449999936e-02 -5.782612061e-05 -1.505791862e-02
      vertex -2.049999312e-02 -5.781524669e-05 -1.505791862e-02
      vertex -2.449998818e-02 -1.142526628e-03 -1.530548930e-02
    endloop
  endfacet
  facet normal -2.036974138e-06 2.225214243e-01 -9.749277830e-01
    outer loop
      vertex -2.449998818e-02 -1.142526628e-03 -1.530548930e-02
      vertex -2.049999312e-02 -5.781524669e-05 -1.505791862e-02
      vertex -2.049999312e-02 -1.142530586e-03 -1.530549861e-02
    endloop
  endfacet
  facet normal -1.185494398e-06 6.234965324e-01 -7.818261385e-01
    outer loop
      vertex -2.449998818e-02 -1.142526628e-03 -1.530548930e-02
      vertex -2.049999312e-02 -1.142530586e-03 -1.530549861e-02
      vertex -2.449998446e-02 -2.012397395e-03 -1.599919982e-02
    endloop
  endfacet
  facet normal 2.900325853e-06 6.234850287e-01 -7.818352580e-01
    outer loop
      vertex -2.449998446e-02 -2.012397395e-03 -1.599919982e-02
      vertex -2.049999312e-02 -1.142530586e-03 -1.530549861e-02
      vertex -2.049998753e-02 -2.012401354e-03 -1.599918865e-02
    endloop
  endfacet
  facet normal 2.168220590e-06 9.009678364e-01 -4.338858426e-01
    outer loop
      vertex -2.449998446e-02 -2.012397395e-03 -1.599919982e-02
      vertex -2.049998753e-02 -2.012401354e-03 -1.599918865e-02
      vertex -2.449998818e-02 -2.495136345e-03 -1.700161211e-02
    endloop
  endfacet
  facet normal -9.923204658e-08 9.009714127e-01 -4.338785112e-01
    outer loop
      vertex -2.449998818e-02 -2.495136345e-03 -1.700161211e-02
      vertex -2.049998753e-02 -2.012401354e-03 -1.599918865e-02
      vertex -2.049999312e-02 -2.495140303e-03 -1.700162143e-02
    endloop
  endfacet
  facet normal 1.006675006e-06 1.000000000e+00 -9.345755529e-07
    outer loop
      vertex -2.449998818e-02 -2.495136345e-03 -1.700161211e-02
      vertex -2.049999312e-02 -2.495140303e-03 -1.700162143e-02
      vertex -2.449999191e-02 -2.495137509e-03 -1.811421849e-02
    endloop
  endfacet
  facet normal 1.006663979e-06 1.000000000e+00 -9.345360468e-07
    outer loop
      vertex -2.449999191e-02 -2.495137509e-03 -1.811421849e-02
      vertex -2.049999312e-02 -2.495140303e-03 -1.700162143e-02
      vertex -2.049998380e-02 -2.495141467e-03 -1.811421849e-02
    endloop
  endfacet
  facet normal 9.241461498e-07 9.009706378e-01 4.338800311e-01
    outer loop
      vertex -2.449999191e-02 -2.495137509e-03 -1.811421849e-02
      vertex -2.049998380e-02 -2.495141467e-03 -1.811421849e-02
      vertex -2.449998818e-02 -2.012400422e-03 -1.911664382e-02
    endloop
  endfacet
  facet normal 9.241461498e-07 9.009706378e-01 4.338800311e-01
    outer loop
      vertex -2.449998818e-02 -2.012400422e-03 -1.911664382e-02
      vertex -2.049998380e-02 -2.495141467e-03 -1.811421849e-02
      vertex -2.049998194e-02 -2.012404380e-03 -1.911664382e-02
    endloop
  endfacet
  facet normal 6.585835308e-07 6.234865189e-01 7.818341255e-01
    outer loop
      vertex -2.449998818e-02 -2.012400422e-03 -1.911664382e-02
      vertex -2.049998194e-02 -2.012404380e-03 -1.911664382e-02
      vertex -2.449998632e-02 -1.142530818e-03 -1.981033571e-02
    endloop
  endfacet
  facet normal 2.440817980e-06 6.234915257e-01 7.818301320e-01
    outer loop
      vertex -2.449998632e-02 -1.142530818e-03 -1.981033571e-02
      vertex -2.049998194e-02 -2.012404380e-03 -1.911664382e-02
      vertex -2.049999125e-02 -1.142534777e-03 -1.981034502e-02
    endloop
  endfacet
  facet normal 2.484989636e-06 2.225232571e-01 9.749273658e-01
    outer loop
      vertex -2.449998632e-02 -1.142530818e-03 -1.981033571e-02
      vertex -2.049999125e-02 -1.142534777e-03 -1.981034502e-02
      vertex -2.449999377e-02 -5.781589425e-05 -2.005791664e-02
    endloop
  endfacet
  facet normal 2.625823754e-07 2.225154638e-01 9.749291539e-01
    outer loop
      vertex -2.449999377e-02 -5.781589425e-05 -2.005791664e-02
      vertex -2.049999125e-02 -1.142534777e-03 -1.981034502e-02
      vertex -2.049998567e-02 -5.781992149e-05 -2.005791664e-02
    endloop
  endfacet
  facet normal -2.616129962e-07 -1.000000000e+00 9.345622516e-07
    outer loop
      vertex 1.150000188e-02 -4.057821352e-03 -1.036988292e-02
      vertex 6.500003859e-03 -4.057819955e-03 -1.036988851e-02
      vertex 1.150000654e-02 -4.057825077e-03 -1.455789153e-02
    endloop
  endfacet
  facet normal -2.616150994e-07 -1.000000000e+00 9.345597505e-07
    outer loop
      vertex 1.150000654e-02 -4.057825077e-03 -1.455789153e-02
      vertex 6.500003859e-03 -4.057819955e-03 -1.036988851e-02
      vertex 6.500015035e-03 -4.057825543e-03 -1.621531509e-02
    endloop
  endfacet
  facet normal 2.718643600e-06 -1.000000000e+00 -8.056055776e-06
    outer loop
      vertex 1.150000654e-02 -4.057825077e-03 -1.455789153e-02
      vertex 6.500015035e-03 -4.057825543e-03 -1.621531509e-02
      vertex 1.136170328e-02 -4.057812504e-03 -1.621530391e-02
    endloop
  endfacet
  facet normal -1.702649399e-07 -3.029849267e-06 1.000000000e+00
    outer loop
      vertex 6.500005256e-03 3.942175768e-03 -1.621531509e-02
      vertex 1.136170235e-02 3.942173906e-03 -1.621531323e-02
      vertex 6.500010844e-03 6.242184900e-03 -1.621530764e-02
    endloop
  endfacet
  facet normal 1.705256523e-06 9.345700960e-07 1.000000000e+00
    outer loop
      vertex 6.500010844e-03 6.242184900e-03 -1.621530764e-02
      vertex 1.136170235e-02 3.942173906e-03 -1.621531323e-02
      vertex 1.136169583e-02 6.242183037e-03 -1.621531509e-02
    endloop
  endfacet
  facet normal 3.463994176e-07 1.000000000e+00 -9.345558283e-07
    outer loop
      vertex 6.500010844e-03 6.242184900e-03 -1.621530764e-02
      vertex 1.136169583e-02 6.242183037e-03 -1.621531509e-02
      vertex 6.500012241e-03 6.242184434e-03 -1.664073579e-02
    endloop
  endfacet
  facet normal 3.983330430e-07 1.000000000e+00 -1.528051371e-06
    outer loop
      vertex 6.500012241e-03 6.242184434e-03 -1.664073579e-02
      vertex 1.136169583e-02 6.242183037e-03 -1.621531509e-02
      vertex 1.128069405e-02 6.242182571e-03 -1.664073206e-02
    endloop
  endfacet
  facet normal -2.652967623e-07 7.071364522e-01 7.070770860e-01
    outer loop
      vertex 6.500012241e-03 6.242184434e-03 -1.664073579e-02
      vertex 1.128069405e-02 6.242182571e-03 -1.664073206e-02
      vertex 6.500014104e-03 6.442172918e-03 -1.684074104e-02
    endloop
  endfacet
  facet normal 5.469192388e-07 7.071461678e-01 7.070673704e-01
    outer loop
      vertex 6.500014104e-03 6.442172918e-03 -1.684074104e-02
      vertex 1.128069405e-02 6.242182571e-03 -1.664073206e-02
      vertex 1.123595517e-02 6.442170590e-03 -1.684074290e-02
    endloop
  endfacet
  facet normal -5.804433556e-08 -7.070927024e-01 7.071208954e-01
    outer loop
      vertex 6.500016898e-03 -6.557823624e-03 -1.684073545e-02
      vertex 1.123595797e-02 -6.557825953e-03 -1.684073731e-02
      vertex 6.500001997e-03 -6.357820239e-03 -1.664073952e-02
    endloop
  endfacet
  facet normal -2.177285523e-06 -7.071177959e-01 7.070958018e-01
    outer loop
      vertex 6.500001997e-03 -6.357820239e-03 -1.664073952e-02
      vertex 1.123595797e-02 -6.557825953e-03 -1.684073731e-02
      vertex 1.128069591e-02 -6.357822102e-03 -1.664072648e-02
    endloop
  endfacet
  facet normal -3.983248860e-07 -1.000000000e+00 9.346225056e-07
    outer loop
      vertex 6.500001997e-03 -6.357820239e-03 -1.664073952e-02
      vertex 1.128069591e-02 -6.357822102e-03 -1.664072648e-02
      vertex 6.500009447e-03 -6.357819773e-03 -1.621532254e-02
    endloop
  endfacet
  facet normal -3.463992471e-07 -1.000000000e+00 1.518162890e-06
    outer loop
      vertex 6.500009447e-03 -6.357819773e-03 -1.621532254e-02
      vertex 1.128069591e-02 -6.357822102e-03 -1.664072648e-02
      vertex 1.136169769e-02 -6.357821636e-03 -1.621530950e-02
    endloop
  endfacet
  facet normal -2.594468469e-06 -3.029869049e-06 1.000000000e+00
    outer loop
      vertex 6.500009447e-03 -6.357819773e-03 -1.621532254e-02
      vertex 1.136169769e-02 -6.357821636e-03 -1.621530950e-02
      vertex 6.500015035e-03 -4.057825543e-03 -1.621531509e-02
    endloop
  endfacet
  facet normal -2.594456419e-06 -3.029843356e-06 1.000000000e+00
    outer loop
      vertex 6.500015035e-03 -4.057825543e-03 -1.621531509e-02
      vertex 1.136169769e-02 -6.357821636e-03 -1.621530950e-02
      vertex 1.136170328e-02 -4.057812504e-03 -1.621530391e-02
    endloop
  endfacet
  facet normal 1.000000000e+00 1.245405088e-06 1.382720370e-06
    outer loop
      vertex 1.150001772e-02 3.942176234e-03 -1.455789246e-02
      vertex 1.149999350e-02 3.942177631e-03 2.889979398e-03
      vertex 1.150000375e-02 -4.057823680e-03 2.889977768e-03
    endloop
  endfacet
  facet normal 1.000000000e+00 -1.692892056e-06 3.548565175e-08
    outer loop
      vertex 1.150000375e-02 -4.057823680e-03 2.889977768e-03
      vertex 1.150000375e-02 -4.057817627e-03 -6.556071807e-03
      vertex 1.150001772e-02 3.942176234e-03 -1.455789246e-02
    endloop
  endfacet
  facet normal 1.000000000e+00 -2.153758260e-06 -4.252754309e-07
    outer loop
      vertex 1.150001772e-02 3.942176234e-03 -1.455789246e-02
      vertex 1.150000375e-02 -4.057817627e-03 -6.556071807e-03
      vertex 1.150000188e-02 -4.057821352e-03 -1.036988292e-02
    endloop
  endfacet
  facet normal 1.000000000e+00 -1.367582854e-06 1.076488388e-06
    outer loop
      vertex 1.150001772e-02 3.942176234e-03 -1.455789246e-02
      vertex 1.150000188e-02 -4.057821352e-03 -1.036988292e-02
      vertex 1.150000654e-02 -4.057825077e-03 -1.455789153e-02
    endloop
  endfacet
  facet normal -9.784226865e-02 2.614250718e-07 9.952019453e-01
    outer loop
      vertex 5.277391756e-04 -4.057829268e-03 1.288997382e-02
      vertex 5.277501186e-04 3.942172043e-03 1.288997289e-02
      vertex -1.419728273e-03 3.942181356e-03 1.269850880e-02
    endloop
  endfacet
  facet normal -9.784226865e-02 2.614250718e-07 9.952019453e-01
    outer loop
      vertex 5.277391756e-04 -4.057829268e-03 1.288997382e-02
      vertex -1.419728273e-03 3.942181356e-03 1.269850880e-02
      vertex -1.419739216e-03 -4.057819955e-03 1.269850973e-02
    endloop
  endfacet
  facet normal -2.897884250e-01 5.190402703e-07 9.570907354e-01
    outer loop
      vertex -1.419739216e-03 -4.057819955e-03 1.269850973e-02
      vertex -1.419728273e-03 3.942181356e-03 1.269850880e-02
      vertex -3.292644164e-03 3.942175768e-03 1.213142648e-02
    endloop
  endfacet
  facet normal -2.897858322e-01 1.182987717e-06 9.570915103e-01
    outer loop
      vertex -1.419739216e-03 -4.057819955e-03 1.269850973e-02
      vertex -3.292644164e-03 3.942175768e-03 1.213142648e-02
      vertex -3.292643232e-03 -4.057825543e-03 1.213143673e-02
    endloop
  endfacet
  facet normal -4.706271291e-01 1.069089876e-06 8.823322058e-01
    outer loop
      vertex -3.292643232e-03 -4.057825543e-03 1.213143673e-02
      vertex -3.292644164e-03 3.942175768e-03 1.213142648e-02
      vertex -5.019253120e-03 3.942185082e-03 1.121047046e-02
    endloop
  endfacet
  facet normal -4.706271291e-01 1.069089876e-06 8.823322058e-01
    outer loop
      vertex -3.292643232e-03 -4.057825543e-03 1.213143673e-02
      vertex -5.019253120e-03 3.942185082e-03 1.121047046e-02
      vertex -5.019252189e-03 -4.057816230e-03 1.121048070e-02
    endloop
  endfacet
  facet normal -9.951744080e-01 -1.259531018e-06 9.812159091e-02
    outer loop
      vertex -1.750000566e-02 3.942182753e-03 -2.461876720e-03
      vertex -1.749999449e-02 -4.057818558e-03 -2.461878350e-03
      vertex -1.730743982e-02 -4.057815764e-03 -5.089234910e-04
    endloop
  endfacet
  facet normal -9.951744080e-01 -1.259528517e-06 9.812159091e-02
    outer loop
      vertex -1.750000566e-02 3.942182753e-03 -2.461876720e-03
      vertex -1.730743982e-02 -4.057815764e-03 -5.089234910e-04
      vertex -1.730744913e-02 3.942170646e-03 -5.089218612e-04
    endloop
  endfacet
  facet normal -9.568507075e-01 -1.251294407e-06 2.905799448e-01
    outer loop
      vertex -1.730744913e-02 3.942170646e-03 -5.089218612e-04
      vertex -1.730743982e-02 -4.057815764e-03 -5.089234910e-04
      vertex -1.673719473e-02 -4.057827406e-03 1.368833473e-03
    endloop
  endfacet
  facet normal -9.568489194e-01 2.673911581e-07 2.905858457e-01
    outer loop
      vertex -1.730744913e-02 3.942170646e-03 -5.089218612e-04
      vertex -1.673719473e-02 -4.057827406e-03 1.368833473e-03
      vertex -1.673719659e-02 3.942173906e-03 1.368823345e-03
    endloop
  endfacet
  facet normal -8.816734552e-01 5.051889502e-07 4.718600810e-01
    outer loop
      vertex -1.673719659e-02 3.942173906e-03 1.368823345e-03
      vertex -1.673719473e-02 -4.057827406e-03 1.368833473e-03
      vertex -1.581121050e-02 -4.057823215e-03 3.099041292e-03
    endloop
  endfacet
  facet normal -8.816752434e-01 -4.337848338e-07 4.718566835e-01
    outer loop
      vertex -1.673719659e-02 3.942173906e-03 1.368823345e-03
      vertex -1.581121050e-02 -4.057823215e-03 3.099041292e-03
      vertex -1.581120864e-02 3.942178097e-03 3.099052235e-03
    endloop
  endfacet
  facet normal -7.725468874e-01 -6.780132367e-07 6.349577308e-01
    outer loop
      vertex -1.581120864e-02 3.942178097e-03 3.099052235e-03
      vertex -1.581121050e-02 -4.057823215e-03 3.099041292e-03
      vertex -1.456515491e-02 -4.057818558e-03 4.615104757e-03
    endloop
  endfacet
  facet normal -7.725468874e-01 -6.780132367e-07 6.349577308e-01
    outer loop
      vertex -1.581120864e-02 3.942178097e-03 3.099052235e-03
      vertex -1.456515491e-02 -4.057818558e-03 4.615104757e-03
      vertex -1.456515305e-02 3.942182753e-03 4.615115467e-03
    endloop
  endfacet
  facet normal -6.336675286e-01 -8.961299613e-07 7.736054659e-01
    outer loop
      vertex -1.456515305e-02 3.942182753e-03 4.615115467e-03
      vertex -1.456515491e-02 -4.057818558e-03 4.615104757e-03
      vertex -1.304700319e-02 -4.057828337e-03 5.858637393e-03
    endloop
  endfacet
  facet normal -6.336618066e-01 9.140079555e-07 7.736101747e-01
    outer loop
      vertex -1.456515305e-02 3.942182753e-03 4.615115467e-03
      vertex -1.304700319e-02 -4.057828337e-03 5.858637393e-03
      vertex -1.304700412e-02 3.942172974e-03 5.858627614e-03
    endloop
  endfacet
  facet normal 9.965359569e-01 -1.373509917e-06 -8.316307515e-02
    outer loop
      vertex 1.150001772e-02 3.942176234e-03 -1.455789246e-02
      vertex 1.150000654e-02 -4.057825077e-03 -1.455789153e-02
      vertex 1.136170235e-02 3.942173906e-03 -1.621531323e-02
    endloop
  endfacet
  facet normal 9.965364933e-01 -1.819899370e-10 -8.315649629e-02
    outer loop
      vertex 1.136170235e-02 3.942173906e-03 -1.621531323e-02
      vertex 1.150000654e-02 -4.057825077e-03 -1.455789153e-02
      vertex 1.136170328e-02 -4.057812504e-03 -1.621530391e-02
    endloop
  endfacet
  facet normal 9.823513031e-01 -1.796410743e-06 -1.870453656e-01
    outer loop
      vertex 1.136170328e-02 -4.057812504e-03 -1.621530391e-02
      vertex 1.136169769e-02 -6.357821636e-03 -1.621530950e-02
      vertex 1.128069591e-02 -6.357822102e-03 -1.664072648e-02
    endloop
  endfacet
  facet normal 9.823513031e-01 2.495833996e-06 -1.870453656e-01
    outer loop
      vertex 1.136169583e-02 6.242183037e-03 -1.621531509e-02
      vertex 1.136170235e-02 3.942173906e-03 -1.621531323e-02
      vertex 1.128069405e-02 6.242182571e-03 -1.664073206e-02
    endloop
  endfacet
  facet normal 9.823486805e-01 -1.334298361e-07 -1.870590895e-01
    outer loop
      vertex 1.128069405e-02 6.242182571e-03 -1.664073206e-02
      vertex 1.136170235e-02 3.942173906e-03 -1.621531323e-02
      vertex 1.136170328e-02 -4.057812504e-03 -1.621530391e-02
    endloop
  endfacet
  facet normal 9.755843282e-01 -1.398255466e-03 -2.196207941e-01
    outer loop
      vertex 1.128069405e-02 6.242182571e-03 -1.664073206e-02
      vertex 1.136170328e-02 -4.057812504e-03 -1.621530391e-02
      vertex 1.123595517e-02 6.442170590e-03 -1.684074290e-02
    endloop
  endfacet
  facet normal 9.818786979e-01 4.707026819e-04 -1.895098984e-01
    outer loop
      vertex 1.123595517e-02 6.442170590e-03 -1.684074290e-02
      vertex 1.136170328e-02 -4.057812504e-03 -1.621530391e-02
      vertex 1.128069591e-02 -6.357822102e-03 -1.664072648e-02
    endloop
  endfacet
  facet normal 9.758850336e-01 1.034246608e-07 -2.182851583e-01
    outer loop
      vertex 1.128069591e-02 -6.357822102e-03 -1.664072648e-02
      vertex 1.123595797e-02 -6.557825953e-03 -1.684073731e-02
      vertex 1.123595517e-02 6.442170590e-03 -1.684074290e-02
    endloop
  endfacet
  facet normal 9.429006577e-01 4.637587381e-08 -3.330740035e-01
    outer loop
      vertex 1.123595517e-02 6.442170590e-03 -1.684074290e-02
      vertex 1.123595797e-02 -6.557825953e-03 -1.684073731e-02
      vertex 1.050969400e-02 -6.557814777e-03 -1.889671944e-02
    endloop
  endfacet
  facet normal 9.429026246e-01 -9.169307873e-07 -3.330686092e-01
    outer loop
      vertex 1.123595517e-02 6.442170590e-03 -1.684074290e-02
      vertex 1.050969400e-02 -6.557814777e-03 -1.889671944e-02
      vertex 1.050970051e-02 6.442181766e-03 -1.889673620e-02
    endloop
  endfacet
  facet normal 8.467308283e-01 -1.136680794e-06 -5.320215225e-01
    outer loop
      vertex 1.050970051e-02 6.442181766e-03 -1.889673620e-02
      vertex 1.050969400e-02 -6.557814777e-03 -1.889671944e-02
      vertex 9.318339638e-03 -6.557819899e-03 -2.079280280e-02
    endloop
  endfacet
  facet normal 8.467241526e-01 1.015766429e-06 -5.320321321e-01
    outer loop
      vertex 1.050970051e-02 6.442181766e-03 -1.889673620e-02
      vertex 9.318339638e-03 -6.557819899e-03 -2.079280280e-02
      vertex 9.318327531e-03 6.442176644e-03 -2.079279535e-02
    endloop
  endfacet
  facet normal 7.071047425e-01 9.713272675e-07 -7.071087956e-01
    outer loop
      vertex 9.318327531e-03 6.442176644e-03 -2.079279535e-02
      vertex 9.318339638e-03 -6.557819899e-03 -2.079280280e-02
      vertex 7.734911982e-03 -6.557825487e-03 -2.237622067e-02
    endloop
  endfacet
  facet normal 7.071053386e-01 8.262353504e-07 -7.071081996e-01
    outer loop
      vertex 9.318327531e-03 6.442176644e-03 -2.079279535e-02
      vertex 7.734911982e-03 -6.557825487e-03 -2.237622067e-02
      vertex 7.734911982e-03 6.442171056e-03 -2.237620577e-02
    endloop
  endfacet
  facet normal 5.320270658e-01 9.897419204e-07 -8.467273712e-01
    outer loop
      vertex 7.734911982e-03 6.442171056e-03 -2.237620577e-02
      vertex 7.734911982e-03 -6.557825487e-03 -2.237622067e-02
      vertex 5.838853307e-03 -6.557817105e-03 -2.356757782e-02
    endloop
  endfacet
  facet normal 5.320388079e-01 -1.403418537e-06 -8.467199802e-01
    outer loop
      vertex 7.734911982e-03 6.442171056e-03 -2.237620577e-02
      vertex 5.838853307e-03 -6.557817105e-03 -2.356757782e-02
      vertex 5.838859826e-03 6.442179438e-03 -2.356759459e-02
    endloop
  endfacet
  facet normal 3.302880526e-01 -1.433750413e-06 -9.438802004e-01
    outer loop
      vertex 5.838859826e-03 6.442179438e-03 -2.356759459e-02
      vertex 5.838853307e-03 -6.557817105e-03 -2.356757782e-02
      vertex 3.725232091e-03 -6.557823159e-03 -2.430718765e-02
    endloop
  endfacet
  facet normal 3.302761316e-01 7.410008607e-07 -9.438843727e-01
    outer loop
      vertex 5.838859826e-03 6.442179438e-03 -2.356759459e-02
      vertex 3.725232091e-03 -6.557823159e-03 -2.430718765e-02
      vertex 3.725220449e-03 6.442173384e-03 -2.430718206e-02
    endloop
  endfacet
  facet normal 1.119578555e-01 5.666599350e-07 -9.937129617e-01
    outer loop
      vertex 3.725220449e-03 6.442173384e-03 -2.430718206e-02
      vertex 3.725232091e-03 -6.557823159e-03 -2.430718765e-02
      vertex 1.500008744e-03 -6.557814777e-03 -2.455789596e-02
    endloop
  endfacet
  facet normal 1.119600683e-01 1.827262395e-07 -9.937127233e-01
    outer loop
      vertex 3.725220449e-03 6.442173384e-03 -2.430718206e-02
      vertex 1.500008744e-03 -6.557814777e-03 -2.455789596e-02
      vertex 1.500017825e-03 6.442181766e-03 -2.455789223e-02
    endloop
  endfacet
  facet normal 9.937123060e-01 1.214598910e-06 1.119635031e-01
    outer loop
      vertex 1.150000375e-02 -4.057823680e-03 2.889977768e-03
      vertex 1.149999350e-02 3.942177631e-03 2.889979398e-03
      vertex 1.124927402e-02 3.942179028e-03 5.115193781e-03
    endloop
  endfacet
  facet normal 9.937117100e-01 -3.769733041e-07 1.119691581e-01
    outer loop
      vertex 1.150000375e-02 -4.057823680e-03 2.889977768e-03
      vertex 1.124927402e-02 3.942179028e-03 5.115193781e-03
      vertex 1.124927215e-02 -4.057822283e-03 5.115183070e-03
    endloop
  endfacet
  facet normal 9.438829422e-01 -6.592461546e-07 3.302801251e-01
    outer loop
      vertex 1.124927215e-02 -4.057822283e-03 5.115183070e-03
      vertex 1.124927402e-02 3.942179028e-03 5.115193781e-03
      vertex 1.050968468e-02 3.942178562e-03 7.228812203e-03
    endloop
  endfacet
  facet normal 9.438843727e-01 5.184964493e-07 3.302761316e-01
    outer loop
      vertex 1.124927215e-02 -4.057822283e-03 5.115183070e-03
      vertex 1.050968468e-02 3.942178562e-03 7.228812203e-03
      vertex 1.050968561e-02 -4.057822749e-03 7.228822447e-03
    endloop
  endfacet
  facet normal 8.467234969e-01 7.640625199e-07 5.320332050e-01
    outer loop
      vertex 1.050968561e-02 -4.057822749e-03 7.228822447e-03
      vertex 1.050968468e-02 3.942178562e-03 7.228812203e-03
      vertex 9.318307042e-03 3.942177165e-03 9.124873206e-03
    endloop
  endfacet
  facet normal 8.467234969e-01 7.640625199e-07 5.320332050e-01
    outer loop
      vertex 1.050968561e-02 -4.057822749e-03 7.228822447e-03
      vertex 9.318307042e-03 3.942177165e-03 9.124873206e-03
      vertex 9.318307973e-03 -4.057824146e-03 9.124883451e-03
    endloop
  endfacet
  facet normal 7.071087956e-01 9.713065765e-07 7.071047425e-01
    outer loop
      vertex 9.318307973e-03 -4.057824146e-03 9.124883451e-03
      vertex 9.318307042e-03 3.942177165e-03 9.124873206e-03
      vertex 7.734888233e-03 3.942174371e-03 1.070830133e-02
    endloop
  endfacet
  facet normal 7.071035504e-01 -1.112135010e-06 7.071100473e-01
    outer loop
      vertex 9.318307973e-03 -4.057824146e-03 9.124883451e-03
      vertex 7.734888233e-03 3.942174371e-03 1.070830133e-02
      vertex 7.734886836e-03 -4.057826940e-03 1.070829015e-02
    endloop
  endfacet
  facet normal 5.320321321e-01 -1.260030558e-06 8.467241526e-01
    outer loop
      vertex 7.734886836e-03 -4.057826940e-03 1.070829015e-02
      vertex 7.734888233e-03 3.942174371e-03 1.070830133e-02
      vertex 5.838828627e-03 3.942170646e-03 1.189967431e-02
    endloop
  endfacet
  facet normal 5.320321321e-01 -1.260037038e-06 8.467241526e-01
    outer loop
      vertex 7.734886836e-03 -4.057826940e-03 1.070829015e-02
      vertex 5.838828627e-03 3.942170646e-03 1.189967431e-02
      vertex 5.838826764e-03 -4.057815764e-03 1.189966314e-02
    endloop
  endfacet
  facet normal 3.302742541e-01 -1.344753628e-06 9.438850284e-01
    outer loop
      vertex 5.838826764e-03 -4.057815764e-03 1.189966314e-02
      vertex 5.838828627e-03 3.942170646e-03 1.189967431e-02
      vertex 3.725199495e-03 3.942180425e-03 1.263925340e-02
    endloop
  endfacet
  facet normal 3.302829266e-01 1.231736860e-06 9.438819885e-01
    outer loop
      vertex 5.838826764e-03 -4.057815764e-03 1.189966314e-02
      vertex 3.725199495e-03 3.942180425e-03 1.263925340e-02
      vertex 3.725200193e-03 -4.057820886e-03 1.263926364e-02
    endloop
  endfacet
  facet normal 1.119641587e-01 1.271860583e-06 9.937122464e-01
    outer loop
      vertex 3.725200193e-03 -4.057820886e-03 1.263926364e-02
      vertex 3.725199495e-03 3.942180425e-03 1.263925340e-02
      vertex 1.499995939e-03 3.942174371e-03 1.288997289e-02
    endloop
  endfacet
  facet normal 1.119595468e-01 -2.568731006e-08 9.937127829e-01
    outer loop
      vertex 3.725200193e-03 -4.057820886e-03 1.263926364e-02
      vertex 1.499995939e-03 3.942174371e-03 1.288997289e-02
      vertex 1.499984995e-03 -4.057826940e-03 1.288997382e-02
    endloop
  endfacet
endsolid right_ankle_pitch_link
