solid waist_constraint_R
  facet normal 2.533111721e-03 9.972262383e-01 -7.438680530e-02
    outer loop
      vertex 3.040379146e-03 4.491106141e-03 4.818980768e-02
      vertex -1.959714806e-03 4.496348556e-03 4.808981717e-02
      vertex -1.957863569e-03 4.659257364e-03 5.027383193e-02
    endloop
  endfacet
  facet normal -4.558582150e-04 9.971776009e-01 7.507747412e-02
    outer loop
      vertex 3.040379146e-03 4.491106141e-03 4.818980768e-02
      vertex 3.040282289e-03 4.498967901e-03 4.808538407e-02
      vertex -1.959714806e-03 4.496348556e-03 4.808981717e-02
    endloop
  endfacet
  facet normal -3.131217672e-04 9.748507142e-01 2.228585631e-01
    outer loop
      vertex -1.959714806e-03 4.496348556e-03 4.808981717e-02
      vertex 3.040282289e-03 4.498967901e-03 4.808538407e-02
      vertex 3.038336756e-03 4.940892104e-03 4.615227133e-02
    endloop
  endfacet
  facet normal 5.634357687e-03 9.713938236e-01 2.374074012e-01
    outer loop
      vertex -1.959714806e-03 4.496348556e-03 4.808981717e-02
      vertex 3.038336756e-03 4.940892104e-03 4.615227133e-02
      vertex -1.961873844e-03 5.016310140e-03 4.596235231e-02
    endloop
  endfacet
  facet normal -1.557780342e-04 9.279859662e-01 3.726150990e-01
    outer loop
      vertex 3.038336756e-03 4.940892104e-03 4.615227133e-02
      vertex 3.038123483e-03 5.018929485e-03 4.595791921e-02
      vertex -1.961873844e-03 5.016310140e-03 4.596235231e-02
    endloop
  endfacet
  facet normal -2.302366738e-06 8.620857596e-01 5.067623854e-01
    outer loop
      vertex -1.961873844e-03 5.016310140e-03 4.596235231e-02
      vertex 3.038123483e-03 5.018929485e-03 4.595791921e-02
      vertex 3.036187962e-03 5.971270148e-03 4.433783516e-02
    endloop
  endfacet
  facet normal 8.453889750e-03 8.504721522e-01 5.259521008e-01
    outer loop
      vertex -1.961873844e-03 5.016310140e-03 4.596235231e-02
      vertex 3.036187962e-03 5.971270148e-03 4.433783516e-02
      vertex -1.964128809e-03 6.168245338e-03 4.409969598e-02
    endloop
  endfacet
  facet normal 1.588402229e-04 7.721973062e-01 6.353828311e-01
    outer loop
      vertex 3.036187962e-03 5.971270148e-03 4.433783516e-02
      vertex 3.035868285e-03 6.170864683e-03 4.409526289e-02
      vertex -1.964128809e-03 6.168245338e-03 4.409969598e-02
    endloop
  endfacet
  facet normal 3.087316873e-04 6.688733101e-01 7.433763146e-01
    outer loop
      vertex -1.964128809e-03 6.168245338e-03 4.409969598e-02
      vertex 3.035868285e-03 6.170864683e-03 4.409526289e-02
      vertex 3.034123918e-03 7.490686141e-03 4.290771484e-02
    endloop
  endfacet
  facet normal 1.096000709e-02 6.463046074e-01 7.630007863e-01
    outer loop
      vertex -1.964128809e-03 6.168245338e-03 4.409969598e-02
      vertex 3.034123918e-03 7.490686141e-03 4.290771484e-02
      vertex -1.966259675e-03 7.839394733e-03 4.268416762e-02
    endloop
  endfacet
  facet normal 4.586368450e-04 5.443485975e-01 8.388589621e-01
    outer loop
      vertex 3.034123918e-03 7.490686141e-03 4.290771484e-02
      vertex 3.033737652e-03 7.842014544e-03 4.267973453e-02
      vertex -1.966259675e-03 7.839394733e-03 4.268416762e-02
    endloop
  endfacet
  facet normal 5.909557221e-04 4.132434726e-01 9.106203914e-01
    outer loop
      vertex -1.966259675e-03 7.839394733e-03 4.268416762e-02
      vertex 3.033737652e-03 7.842014544e-03 4.267973453e-02
      vertex 3.032327630e-03 9.364133701e-03 4.198899120e-02
    endloop
  endfacet
  facet normal 1.312104892e-02 3.788822889e-01 9.253518581e-01
    outer loop
      vertex -1.966259675e-03 7.839394733e-03 4.268416762e-02
      vertex 3.032327630e-03 9.364133701e-03 4.198899120e-02
      vertex -1.968057361e-03 9.866174310e-03 4.185433313e-02
    endloop
  endfacet
  facet normal 7.156337961e-04 2.657035887e-01 9.640545249e-01
    outer loop
      vertex 3.032327630e-03 9.364133701e-03 4.198899120e-02
      vertex 3.031939967e-03 9.868794121e-03 4.184990004e-02
      vertex -1.968057361e-03 9.866174310e-03 4.185433313e-02
    endloop
  endfacet
  facet normal 8.180335863e-04 1.190504506e-01 9.928878546e-01
    outer loop
      vertex -1.968057361e-03 9.866174310e-03 4.185433313e-02
      vertex 3.031939967e-03 9.868794121e-03 4.184990004e-02
      vertex 3.030959051e-03 1.142514870e-02 4.166328907e-02
    endloop
  endfacet
  facet normal 1.490893122e-02 7.438489795e-02 9.971181750e-01
    outer loop
      vertex -1.968057361e-03 9.866174310e-03 4.185433313e-02
      vertex 3.030959051e-03 1.142514870e-02 4.166328907e-02
      vertex -1.969345845e-03 1.205018908e-02 4.169142619e-02
    endloop
  endfacet
  facet normal 9.058503783e-04 -3.773696721e-02 9.992873073e-01
    outer loop
      vertex 3.030959051e-03 1.142514870e-02 4.166328907e-02
      vertex 3.030651249e-03 1.205280889e-02 4.168699309e-02
      vertex -1.969345845e-03 1.205018908e-02 4.169142619e-02
    endloop
  endfacet
  facet normal 9.687743732e-04 -1.862513721e-01 9.825016260e-01
    outer loop
      vertex -1.969345845e-03 1.205018908e-02 4.169142619e-02
      vertex 3.030651249e-03 1.205280889e-02 4.168699309e-02
      vertex 3.030139720e-03 1.349060051e-02 4.195955396e-02
    endloop
  endfacet
  facet normal 1.630153880e-02 -2.373805791e-01 9.712799191e-01
    outer loop
      vertex -1.969345845e-03 1.205018908e-02 4.169142619e-02
      vertex 3.030139720e-03 1.349060051e-02 4.195955396e-02
      vertex -1.969999401e-03 1.417765301e-02 4.221139103e-02
    endloop
  endfacet
  facet normal 1.011535176e-03 -3.376558721e-01 9.412690997e-01
    outer loop
      vertex 3.030139720e-03 1.349060051e-02 4.195955396e-02
      vertex 3.029997693e-03 1.418027189e-02 4.220695421e-02
      vertex -1.969999401e-03 1.417765301e-02 4.221139103e-02
    endloop
  endfacet
  facet normal 1.029111911e-03 -4.741733074e-01 8.804309368e-01
    outer loop
      vertex -1.969999401e-03 1.417765301e-02 4.221139103e-02
      vertex 3.029997693e-03 1.418027189e-02 4.220695421e-02
      vertex 3.029942280e-03 1.537696552e-02 4.285145923e-02
    endloop
  endfacet
  facet normal 1.728470810e-02 -5.259000063e-01 8.503707647e-01
    outer loop
      vertex -1.969999401e-03 1.417765301e-02 4.221139103e-02
      vertex 3.029942280e-03 1.537696552e-02 4.285145923e-02
      vertex -1.969953999e-03 1.604031213e-02 4.336332530e-02
    endloop
  endfacet
  facet normal 1.022826065e-03 -6.060651541e-01 7.954143286e-01
    outer loop
      vertex 3.029942280e-03 1.537696552e-02 4.285145923e-02
      vertex 3.030043328e-03 1.604293287e-02 4.335889220e-02
      vertex -1.969953999e-03 1.604031213e-02 4.336332530e-02
    endloop
  endfacet
  facet normal 9.934154805e-04 -7.178464532e-01 6.962007284e-01
    outer loop
      vertex -1.969953999e-03 1.604031213e-02 4.336332530e-02
      vertex 3.030043328e-03 1.604293287e-02 4.335889220e-02
      vertex 3.030384425e-03 1.691663079e-02 4.425975308e-02
    endloop
  endfacet
  facet normal 1.785416156e-02 -7.629355788e-01 6.462278962e-01
    outer loop
      vertex -1.969953999e-03 1.604031213e-02 4.336332530e-02
      vertex 3.030384425e-03 1.691663079e-02 4.425975308e-02
      vertex -1.969213597e-03 1.745584048e-02 4.503447562e-02
    endloop
  endfacet
  facet normal 9.386696620e-04 -8.179183602e-01 5.753335357e-01
    outer loop
      vertex 3.030384425e-03 1.691663079e-02 4.425975308e-02
      vertex 3.030783497e-03 1.745846123e-02 4.503004253e-02
      vertex -1.969213597e-03 1.745584048e-02 4.503447562e-02
    endloop
  endfacet
  facet normal 8.650161326e-04 -8.945320249e-01 4.470030665e-01
    outer loop
      vertex -1.969213597e-03 1.745584048e-02 4.503447562e-02
      vertex 3.030783497e-03 1.745846123e-02 4.503004253e-02
      vertex 3.031426808e-03 1.797279157e-02 4.605930671e-02
    endloop
  endfacet
  facet normal 1.801527664e-02 -9.252894521e-01 3.788335621e-01
    outer loop
      vertex -1.969213597e-03 1.745584048e-02 4.503447562e-02
      vertex 3.031426808e-03 1.797279157e-02 4.605930671e-02
      vertex -1.967851305e-03 1.828567497e-02 4.706125334e-02
    endloop
  endfacet
  facet normal 7.669192855e-04 -9.534454942e-01 3.015643656e-01
    outer loop
      vertex 3.031426808e-03 1.797279157e-02 4.605930671e-02
      vertex 3.032146022e-03 1.828829572e-02 4.705682024e-02
      vertex -1.967851305e-03 1.828567497e-02 4.706125334e-02
    endloop
  endfacet
  facet normal 6.558955647e-04 -9.877423048e-01 1.560918838e-01
    outer loop
      vertex -1.967851305e-03 1.828567497e-02 4.706125334e-02
      vertex 3.032146022e-03 1.828829572e-02 4.705682024e-02
      vertex 3.032976761e-03 1.845160127e-02 4.809021577e-02
    endloop
  endfacet
  facet normal 1.778290235e-02 -9.970730543e-01 7.435815781e-02
    outer loop
      vertex -1.967851305e-03 1.828567497e-02 4.706125334e-02
      vertex 3.032976761e-03 1.845160127e-02 4.809021577e-02
      vertex -1.966000069e-03 1.844858378e-02 4.924526811e-02
    endloop
  endfacet
  facet normal 5.236016004e-04 -9.999998212e-01 -3.464880865e-04
    outer loop
      vertex 3.032976761e-03 1.845160127e-02 4.809021577e-02
      vertex 3.033997258e-03 1.845120452e-02 4.924083501e-02
      vertex -1.966000069e-03 1.844858378e-02 4.924526811e-02
    endloop
  endfacet
  facet normal 3.855688847e-04 -9.887790680e-01 -1.493848860e-01
    outer loop
      vertex -1.966000069e-03 1.844858378e-02 4.924526811e-02
      vertex 3.033997258e-03 1.845120452e-02 4.924083501e-02
      vertex 3.034896683e-03 1.831051894e-02 5.017203465e-02
    endloop
  endfacet
  facet normal 1.717978343e-02 -9.712605476e-01 -2.373979837e-01
    outer loop
      vertex -1.966000069e-03 1.844858378e-02 4.924526811e-02
      vertex 3.034896683e-03 1.831051894e-02 5.017203465e-02
      vertex -1.963841263e-03 1.792862266e-02 5.137273297e-02
    endloop
  endfacet
  facet normal 2.314232115e-04 -9.532366991e-01 -3.022245765e-01
    outer loop
      vertex 3.034896683e-03 1.831051894e-02 5.017203465e-02
      vertex 3.036156064e-03 1.793124154e-02 5.136829615e-02
      vertex -1.963841263e-03 1.792862266e-02 5.137273297e-02
    endloop
  endfacet
  facet normal 7.926179387e-05 -8.975455761e-01 -4.409216940e-01
    outer loop
      vertex -1.963841263e-03 1.792862266e-02 5.137273297e-02
      vertex 3.036156064e-03 1.793124154e-02 5.136829615e-02
      vertex 3.037015907e-03 1.756207645e-02 5.211977288e-02
    endloop
  endfacet
  facet normal 1.623432897e-02 -8.503771424e-01 -5.259231925e-01
    outer loop
      vertex -1.963841263e-03 1.792862266e-02 5.137273297e-02
      vertex 3.037015907e-03 1.756207645e-02 5.211977288e-02
      vertex -1.961586066e-03 1.677668840e-02 5.323538929e-02
    endloop
  endfacet
  facet normal -8.235118730e-05 -8.175200820e-01 -5.759000778e-01
    outer loop
      vertex 3.037015907e-03 1.756207645e-02 5.211977288e-02
      vertex 3.038411262e-03 1.677930728e-02 5.323095620e-02
      vertex -1.961586066e-03 1.677668840e-02 5.323538929e-02
    endloop
  endfacet
  facet normal -2.344414534e-04 -7.225557566e-01 -6.913126111e-01
    outer loop
      vertex -1.961586066e-03 1.677668840e-02 5.323538929e-02
      vertex 3.038411262e-03 1.677930728e-02 5.323095620e-02
      vertex 3.039146075e-03 1.627277955e-02 5.376037583e-02
    endloop
  endfacet
  facet normal 1.497796364e-02 -6.462516785e-01 -7.629773617e-01
    outer loop
      vertex -1.961586066e-03 1.677668840e-02 5.323538929e-02
      vertex 3.039146075e-03 1.627277955e-02 5.376037583e-02
      vertex -1.959455432e-03 1.510553807e-02 5.465091765e-02
    endloop
  endfacet
  facet normal -3.884409380e-04 -6.055144668e-01 -7.958341837e-01
    outer loop
      vertex 3.039146075e-03 1.627277955e-02 5.376037583e-02
      vertex 3.040541895e-03 1.510815788e-02 5.464648455e-02
      vertex -1.959455432e-03 1.510553807e-02 5.465091765e-02
    endloop
  endfacet
  facet normal -5.262678023e-04 -4.801386297e-01 -8.771924376e-01
    outer loop
      vertex -1.959455432e-03 1.510553807e-02 5.465091765e-02
      vertex 3.040541895e-03 1.510815788e-02 5.464648455e-02
      vertex 3.041098127e-03 1.455718651e-02 5.494806170e-02
    endloop
  endfacet
  facet normal 1.344171073e-02 -3.788605034e-01 -9.253561497e-01
    outer loop
      vertex -1.959455432e-03 1.510553807e-02 5.465091765e-02
      vertex 3.041098127e-03 1.455718651e-02 5.494806170e-02
      vertex -1.957657747e-03 1.307875849e-02 5.548075214e-02
    endloop
  endfacet
  facet normal -6.582818460e-04 -3.370043933e-01 -9.415028691e-01
    outer loop
      vertex 3.041098127e-03 1.455718651e-02 5.494806170e-02
      vertex 3.042339580e-03 1.308137830e-02 5.547631532e-02
      vertex -1.957657747e-03 1.307875849e-02 5.548075214e-02
    endloop
  endfacet
  facet normal -7.689842605e-04 -1.929160357e-01 -9.812149405e-01
    outer loop
      vertex -1.957657747e-03 1.307875849e-02 5.548075214e-02
      vertex 3.042339580e-03 1.308137830e-02 5.547631532e-02
      vertex 3.042698372e-03 1.256773435e-02 5.557730421e-02
    endloop
  endfacet
  facet normal 1.165379770e-02 -7.437252253e-02 -9.971624613e-01
    outer loop
      vertex -1.957657747e-03 1.307875849e-02 5.548075214e-02
      vertex 3.042698372e-03 1.256773435e-02 5.557730421e-02
      vertex -1.956369029e-03 1.089474373e-02 5.564365909e-02
    endloop
  endfacet
  facet normal -8.666942012e-04 -3.704532981e-02 -9.993132353e-01
    outer loop
      vertex 3.042698372e-03 1.256773435e-02 5.557730421e-02
      vertex 3.043628298e-03 1.089736354e-02 5.563922599e-02
      vertex -1.956369029e-03 1.089474373e-02 5.564365909e-02
    endloop
  endfacet
  facet normal -9.399406263e-04 1.123081595e-01 -9.936729670e-01
    outer loop
      vertex -1.956369029e-03 1.089474373e-02 5.564365909e-02
      vertex 3.043628298e-03 1.089736354e-02 5.563922599e-02
      vertex 3.043804551e-03 1.048119646e-02 5.559218675e-02
    endloop
  endfacet
  facet normal 9.636351839e-03 2.374086231e-01 -9.713620543e-01
    outer loop
      vertex -1.956369029e-03 1.089474373e-02 5.564365909e-02
      vertex 3.043804551e-03 1.048119646e-02 5.559218675e-02
      vertex -1.955715474e-03 8.767279796e-03 5.512369424e-02
    endloop
  endfacet
  facet normal -9.942287579e-04 2.663703263e-01 -9.638702273e-01
    outer loop
      vertex 3.043804551e-03 1.048119646e-02 5.559218675e-02
      vertex 3.044281853e-03 8.769899607e-03 5.511926115e-02
      vertex -1.955715474e-03 8.767279796e-03 5.512369424e-02
    endloop
  endfacet
  facet normal -1.023184625e-03 4.070530236e-01 -9.134039879e-01
    outer loop
      vertex -1.955715474e-03 8.767279796e-03 5.512369424e-02
      vertex 3.044281853e-03 8.769899607e-03 5.511926115e-02
      vertex 3.044318873e-03 8.482969366e-03 5.499139428e-02
    endloop
  endfacet
  facet normal 7.403408643e-03 5.259637237e-01 -8.504747748e-01
    outer loop
      vertex -1.955715474e-03 8.767279796e-03 5.512369424e-02
      vertex 3.044318873e-03 8.482969366e-03 5.499139428e-02
      vertex -1.955761109e-03 6.904619746e-03 5.397175997e-02
    endloop
  endfacet
  facet normal -1.028984552e-03 5.449290276e-01 -8.384815454e-01
    outer loop
      vertex 3.044318873e-03 8.482969366e-03 5.499139428e-02
      vertex 3.044236219e-03 6.907239091e-03 5.396732688e-02
      vertex -1.955761109e-03 6.904619746e-03 5.397175997e-02
    endloop
  endfacet
  facet normal -1.010947628e-03 6.638119221e-01 -7.478988767e-01
    outer loop
      vertex -1.955761109e-03 6.904619746e-03 5.397175997e-02
      vertex 3.044236219e-03 6.907239091e-03 5.396732688e-02
      vertex 3.044195008e-03 6.750605069e-03 5.382830277e-02
    endloop
  endfacet
  facet normal 4.959895741e-03 7.630428672e-01 -6.463288665e-01
    outer loop
      vertex -1.955761109e-03 6.904619746e-03 5.397175997e-02
      vertex 3.044195008e-03 6.750605069e-03 5.382830277e-02
      vertex -1.956501277e-03 5.489091389e-03 5.230060965e-02
    endloop
  endfacet
  facet normal -9.677181370e-04 7.726365924e-01 -6.348478198e-01
    outer loop
      vertex 3.044195008e-03 6.750605069e-03 5.382830277e-02
      vertex 3.043496050e-03 5.491711199e-03 5.229617655e-02
      vertex -1.956501277e-03 5.489091389e-03 5.230060965e-02
    endloop
  endfacet
  facet normal -9.043726604e-04 8.586251140e-01 -5.126032233e-01
    outer loop
      vertex -1.956501277e-03 5.489091389e-03 5.230060965e-02
      vertex 3.043496050e-03 5.491711199e-03 5.229617655e-02
      vertex 3.043444362e-03 5.438031629e-03 5.220626295e-02
    endloop
  endfacet
  facet normal 2.300704829e-03 9.254323840e-01 -3.789057434e-01
    outer loop
      vertex -1.956501277e-03 5.489091389e-03 5.230060965e-02
      vertex 3.043444362e-03 5.438031629e-03 5.220626295e-02
      vertex -1.957863569e-03 4.659257364e-03 5.027383193e-02
    endloop
  endfacet
  facet normal -8.161470178e-04 9.282435775e-01 -3.719719648e-01
    outer loop
      vertex -1.957863569e-03 4.659257364e-03 5.027383193e-02
      vertex 3.043444362e-03 5.438031629e-03 5.220626295e-02
      vertex 3.042133525e-03 4.661877174e-03 5.026939884e-02
    endloop
  endfacet
  facet normal -5.947212339e-04 9.966451526e-01 -8.184159547e-02
    outer loop
      vertex -1.957863569e-03 4.659257364e-03 5.027383193e-02
      vertex 3.042133525e-03 4.661877174e-03 5.026939884e-02
      vertex 3.040379146e-03 4.491106141e-03 4.818980768e-02
    endloop
  endfacet
  facet normal 2.533069113e-03 9.972262383e-01 -7.438685745e-02
    outer loop
      vertex 3.003237769e-03 -6.982407998e-03 -4.759629082e-04
      vertex -1.996856416e-03 -6.977166049e-03 -5.759538617e-04
      vertex -1.995005179e-03 -6.814256776e-03 1.608061139e-03
    endloop
  endfacet
  facet normal -4.558619403e-04 9.971778989e-01 7.507345825e-02
    outer loop
      vertex 3.003237769e-03 -6.982407998e-03 -4.759629082e-04
      vertex 3.003140911e-03 -6.974546704e-03 -5.803874228e-04
      vertex -1.996856416e-03 -6.977166049e-03 -5.759538617e-04
    endloop
  endfacet
  facet normal -3.131212143e-04 9.748505950e-01 2.228591144e-01
    outer loop
      vertex -1.996856416e-03 -6.977166049e-03 -5.759538617e-04
      vertex 3.003140911e-03 -6.974546704e-03 -5.803874228e-04
      vertex 3.001195379e-03 -6.532621570e-03 -2.513497602e-03
    endloop
  endfacet
  facet normal 5.634144414e-03 9.713938236e-01 2.374074608e-01
    outer loop
      vertex -1.996856416e-03 -6.977166049e-03 -5.759538617e-04
      vertex 3.001195379e-03 -6.532621570e-03 -2.513497602e-03
      vertex -1.999015221e-03 -6.457204465e-03 -2.703416394e-03
    endloop
  endfacet
  facet normal -1.557845535e-04 9.279883504e-01 3.726091683e-01
    outer loop
      vertex 3.001195379e-03 -6.532621570e-03 -2.513497602e-03
      vertex 3.000982106e-03 -6.454584654e-03 -2.707849955e-03
      vertex -1.999015221e-03 -6.457204465e-03 -2.703416394e-03
    endloop
  endfacet
  facet normal -2.302190296e-06 8.620857000e-01 5.067625642e-01
    outer loop
      vertex -1.999015221e-03 -6.457204465e-03 -2.703416394e-03
      vertex 3.000982106e-03 -6.454584654e-03 -2.707849955e-03
      vertex 2.999046585e-03 -5.502243992e-03 -4.327936564e-03
    endloop
  endfacet
  facet normal 8.453823626e-03 8.504721522e-01 5.259521008e-01
    outer loop
      vertex -1.999015221e-03 -6.457204465e-03 -2.703416394e-03
      vertex 2.999046585e-03 -5.502243992e-03 -4.327936564e-03
      vertex -2.001270419e-03 -5.305269267e-03 -4.566075746e-03
    endloop
  endfacet
  facet normal 1.588390151e-04 7.721980214e-01 6.353818774e-01
    outer loop
      vertex 2.999046585e-03 -5.502243992e-03 -4.327936564e-03
      vertex 2.998726908e-03 -5.302649923e-03 -4.570509307e-03
      vertex -2.001270419e-03 -5.305269267e-03 -4.566075746e-03
    endloop
  endfacet
  facet normal 3.087330260e-04 6.688722968e-01 7.433772683e-01
    outer loop
      vertex -2.001270419e-03 -5.305269267e-03 -4.566075746e-03
      vertex 2.998726908e-03 -5.302649923e-03 -4.570509307e-03
      vertex 2.996982541e-03 -3.982827533e-03 -5.758051760e-03
    endloop
  endfacet
  facet normal 1.095957682e-02 6.463044882e-01 7.630009651e-01
    outer loop
      vertex -2.001270419e-03 -5.305269267e-03 -4.566075746e-03
      vertex 2.996982541e-03 -3.982827533e-03 -5.758051760e-03
      vertex -2.003401052e-03 -3.634119639e-03 -5.981602240e-03
    endloop
  endfacet
  facet normal 4.586320138e-04 5.443530083e-01 8.388561010e-01
    outer loop
      vertex 2.996982541e-03 -3.982827533e-03 -5.758051760e-03
      vertex 2.996596275e-03 -3.631500062e-03 -5.986035801e-03
      vertex -2.003401052e-03 -3.634119639e-03 -5.981602240e-03
    endloop
  endfacet
  facet normal 5.909557221e-04 4.132434726e-01 9.106203914e-01
    outer loop
      vertex -2.003401052e-03 -3.634119639e-03 -5.981602240e-03
      vertex 2.996596275e-03 -3.631500062e-03 -5.986035801e-03
      vertex 2.995186253e-03 -2.109380672e-03 -6.676779594e-03
    endloop
  endfacet
  facet normal 1.312118955e-02 3.788819015e-01 9.253519773e-01
    outer loop
      vertex -2.003401052e-03 -3.634119639e-03 -5.981602240e-03
      vertex 2.995186253e-03 -2.109380672e-03 -6.676779594e-03
      vertex -2.005198738e-03 -1.607339829e-03 -6.811434403e-03
    endloop
  endfacet
  facet normal 7.156351348e-04 2.657018602e-01 9.640550017e-01
    outer loop
      vertex 2.995186253e-03 -2.109380672e-03 -6.676779594e-03
      vertex 2.994798589e-03 -1.604720252e-03 -6.815867964e-03
      vertex -2.005198738e-03 -1.607339829e-03 -6.811434403e-03
    endloop
  endfacet
  facet normal 8.180339355e-04 1.190498695e-01 9.928879142e-01
    outer loop
      vertex -2.005198738e-03 -1.607339829e-03 -6.811434403e-03
      vertex 2.994798589e-03 -1.604720252e-03 -6.815867964e-03
      vertex 2.993817674e-03 -4.836531298e-05 -7.002478000e-03
    endloop
  endfacet
  facet normal 1.490861550e-02 7.438531518e-02 9.971181154e-01
    outer loop
      vertex -2.005198738e-03 -1.607339829e-03 -6.811434403e-03
      vertex 2.993817674e-03 -4.836531298e-05 -7.002478000e-03
      vertex -2.006487455e-03 5.766748218e-04 -6.974343210e-03
    endloop
  endfacet
  facet normal 9.058489813e-04 -3.773410991e-02 9.992874265e-01
    outer loop
      vertex 2.993817674e-03 -4.836531298e-05 -7.002478000e-03
      vertex 2.993509872e-03 5.792943412e-04 -6.978776772e-03
      vertex -2.006487455e-03 5.766748218e-04 -6.974343210e-03
    endloop
  endfacet
  facet normal 9.687747806e-04 -1.862525195e-01 9.825014472e-01
    outer loop
      vertex -2.006487455e-03 5.766748218e-04 -6.974343210e-03
      vertex 2.993509872e-03 5.792943412e-04 -6.978776772e-03
      vertex 2.992998343e-03 2.017086837e-03 -6.706214510e-03
    endloop
  endfacet
  facet normal 1.630115137e-02 -2.373804003e-01 9.712799788e-01
    outer loop
      vertex -2.006487455e-03 5.766748218e-04 -6.974343210e-03
      vertex 2.992998343e-03 2.017086837e-03 -6.706214510e-03
      vertex -2.007141011e-03 2.704138169e-03 -6.454381160e-03
    endloop
  endfacet
  facet normal 1.011534594e-03 -3.376533687e-01 9.412699938e-01
    outer loop
      vertex 2.992998343e-03 2.017086837e-03 -6.706214510e-03
      vertex 2.992856316e-03 2.706757747e-03 -6.458814722e-03
      vertex -2.007141011e-03 2.704138169e-03 -6.454381160e-03
    endloop
  endfacet
  facet normal 1.029112027e-03 -4.741742015e-01 8.804304600e-01
    outer loop
      vertex -2.007141011e-03 2.704138169e-03 -6.454381160e-03
      vertex 2.992856316e-03 2.706757747e-03 -6.458814722e-03
      vertex 2.992800903e-03 3.903451143e-03 -5.814310629e-03
    endloop
  endfacet
  facet normal 1.728444546e-02 -5.259000063e-01 8.503707647e-01
    outer loop
      vertex -2.007141011e-03 2.704138169e-03 -6.454381160e-03
      vertex 2.992800903e-03 3.903451143e-03 -5.814310629e-03
      vertex -2.007095376e-03 4.566798452e-03 -5.302445497e-03
    endloop
  endfacet
  facet normal 1.022826298e-03 -6.060640216e-01 7.954152226e-01
    outer loop
      vertex 2.992800903e-03 3.903451143e-03 -5.814310629e-03
      vertex 2.992901951e-03 4.569418263e-03 -5.306879058e-03
      vertex -2.007095376e-03 4.566798452e-03 -5.302445497e-03
    endloop
  endfacet
  facet normal 9.934152476e-04 -7.178470492e-01 6.962001324e-01
    outer loop
      vertex -2.007095376e-03 4.566798452e-03 -5.302445497e-03
      vertex 2.992901951e-03 4.569418263e-03 -5.306879058e-03
      vertex 2.993243048e-03 5.443116650e-03 -4.406014923e-03
    endloop
  endfacet
  facet normal 1.785395853e-02 -7.629355788e-01 6.462279558e-01
    outer loop
      vertex -2.007095376e-03 4.566798452e-03 -5.302445497e-03
      vertex 2.993243048e-03 5.443116650e-03 -4.406014923e-03
      vertex -2.006355207e-03 5.982326809e-03 -3.631295869e-03
    endloop
  endfacet
  facet normal 9.386700694e-04 -8.179178238e-01 5.753343105e-01
    outer loop
      vertex 2.993243048e-03 5.443116650e-03 -4.406014923e-03
      vertex 2.993642120e-03 5.984946154e-03 -3.635729430e-03
      vertex -2.006355207e-03 5.982326809e-03 -3.631295869e-03
    endloop
  endfacet
  facet normal 8.650158416e-04 -8.945322633e-01 4.470025599e-01
    outer loop
      vertex -2.006355207e-03 5.982326809e-03 -3.631295869e-03
      vertex 2.993642120e-03 5.984946154e-03 -3.635729430e-03
      vertex 2.994285431e-03 6.499277428e-03 -2.606461989e-03
    endloop
  endfacet
  facet normal 1.801519655e-02 -9.252894521e-01 3.788335323e-01
    outer loop
      vertex -2.006355207e-03 5.982326809e-03 -3.631295869e-03
      vertex 2.994285431e-03 6.499277428e-03 -2.606461989e-03
      vertex -2.004992682e-03 6.812160835e-03 -1.604515710e-03
    endloop
  endfacet
  facet normal 7.669194019e-04 -9.534454942e-01 3.015645146e-01
    outer loop
      vertex 2.994285431e-03 6.499277428e-03 -2.606461989e-03
      vertex 2.995004645e-03 6.814780645e-03 -1.608949271e-03
      vertex -2.004992682e-03 6.812160835e-03 -1.604515710e-03
    endloop
  endfacet
  facet normal 6.558956229e-04 -9.877423048e-01 1.560919881e-01
    outer loop
      vertex -2.004992682e-03 6.812160835e-03 -1.604515710e-03
      vertex 2.995004645e-03 6.814780645e-03 -1.608949271e-03
      vertex 2.995835384e-03 6.978088059e-03 -5.755509483e-04
    endloop
  endfacet
  facet normal 1.778293960e-02 -9.970730543e-01 7.435820997e-02
    outer loop
      vertex -2.004992682e-03 6.812160835e-03 -1.604515710e-03
      vertex 2.995835384e-03 6.978088059e-03 -5.755509483e-04
      vertex -2.003141446e-03 6.975070108e-03 5.794992321e-04
    endloop
  endfacet
  facet normal 5.236014840e-04 -9.999998212e-01 -3.466508351e-04
    outer loop
      vertex 2.995835384e-03 6.978088059e-03 -5.755509483e-04
      vertex 2.996855881e-03 6.977689452e-03 5.750656710e-04
      vertex -2.003141446e-03 6.975070108e-03 5.794992321e-04
    endloop
  endfacet
  facet normal 3.855694085e-04 -9.887791276e-01 -1.493843496e-01
    outer loop
      vertex -2.003141446e-03 6.975070108e-03 5.794992321e-04
      vertex 2.996855881e-03 6.977689452e-03 5.750656710e-04
      vertex 2.997755306e-03 6.837004796e-03 1.506265369e-03
    endloop
  endfacet
  facet normal 1.717991941e-02 -9.712605476e-01 -2.373980284e-01
    outer loop
      vertex -2.003141446e-03 6.975070108e-03 5.794992321e-04
      vertex 2.997755306e-03 6.837004796e-03 1.506265369e-03
      vertex -2.000982640e-03 6.455108523e-03 2.706961706e-03
    endloop
  endfacet
  facet normal 2.314225421e-04 -9.532365203e-01 -3.022252321e-01
    outer loop
      vertex 2.997755306e-03 6.837004796e-03 1.506265369e-03
      vertex 2.999014687e-03 6.457727868e-03 2.702528145e-03
      vertex -2.000982640e-03 6.455108523e-03 2.706961706e-03
    endloop
  endfacet
  facet normal 7.926324179e-05 -8.975461721e-01 -4.409204423e-01
    outer loop
      vertex -2.000982640e-03 6.455108523e-03 2.706961706e-03
      vertex 2.999014687e-03 6.457727868e-03 2.702528145e-03
      vertex 2.999874530e-03 6.088563241e-03 3.454006976e-03
    endloop
  endfacet
  facet normal 1.623459347e-02 -8.503770828e-01 -5.259231925e-01
    outer loop
      vertex -2.000982640e-03 6.455108523e-03 2.706961706e-03
      vertex 2.999874530e-03 6.088563241e-03 3.454006976e-03
      vertex -1.998727443e-03 5.303173326e-03 4.569621291e-03
    endloop
  endfacet
  facet normal -8.235223504e-05 -8.175194860e-01 -5.759009123e-01
    outer loop
      vertex 2.999874530e-03 6.088563241e-03 3.454006976e-03
      vertex 3.001269884e-03 5.305793136e-03 4.565187730e-03
      vertex -1.998727443e-03 5.303173326e-03 4.569621291e-03
    endloop
  endfacet
  facet normal -2.344398381e-04 -7.225568891e-01 -6.913114190e-01
    outer loop
      vertex -1.998727443e-03 5.303173326e-03 4.569621291e-03
      vertex 3.001269884e-03 5.305793136e-03 4.565187730e-03
      vertex 3.002004698e-03 4.799266346e-03 5.094607826e-03
    endloop
  endfacet
  facet normal 1.497824024e-02 -6.462514997e-01 -7.629774809e-01
    outer loop
      vertex -1.998727443e-03 5.303173326e-03 4.569621291e-03
      vertex 3.002004698e-03 4.799266346e-03 5.094607826e-03
      vertex -1.996596809e-03 3.632023698e-03 5.985147785e-03
    endloop
  endfacet
  facet normal -3.884420439e-04 -6.055135727e-01 -7.958348989e-01
    outer loop
      vertex 3.002004698e-03 4.799266346e-03 5.094607826e-03
      vertex 3.003400518e-03 3.634643275e-03 5.980714224e-03
      vertex -1.996596809e-03 3.632023698e-03 5.985147785e-03
    endloop
  endfacet
  facet normal -5.262652412e-04 -4.801411331e-01 -8.771910667e-01
    outer loop
      vertex -1.996596809e-03 3.632023698e-03 5.985147785e-03
      vertex 3.003400518e-03 3.634643275e-03 5.980714224e-03
      vertex 3.003956517e-03 3.083672374e-03 6.282294169e-03
    endloop
  endfacet
  facet normal 1.344212983e-02 -3.788601160e-01 -9.253563285e-01
    outer loop
      vertex -1.996596809e-03 3.632023698e-03 5.985147785e-03
      vertex 3.003956517e-03 3.083672374e-03 6.282294169e-03
      vertex -1.994799124e-03 1.605243888e-03 6.814979482e-03
    endloop
  endfacet
  facet normal -6.582833012e-04 -3.370027244e-01 -9.415034652e-01
    outer loop
      vertex 3.003956517e-03 3.083672374e-03 6.282294169e-03
      vertex 3.005198203e-03 1.607863349e-03 6.810545921e-03
      vertex -1.994799124e-03 1.605243888e-03 6.814979482e-03
    endloop
  endfacet
  facet normal -7.689830381e-04 -1.929177791e-01 -9.812146425e-01
    outer loop
      vertex -1.994799124e-03 1.605243888e-03 6.814979482e-03
      vertex 3.005198203e-03 1.607863349e-03 6.810545921e-03
      vertex 3.005556762e-03 1.094220323e-03 6.911533885e-03
    endloop
  endfacet
  facet normal 1.165393833e-02 -7.437294722e-02 -9.971624017e-01
    outer loop
      vertex -1.994799124e-03 1.605243888e-03 6.814979482e-03
      vertex 3.005556762e-03 1.094220323e-03 6.911533885e-03
      vertex -1.993510406e-03 -5.787707632e-04 6.977888756e-03
    endloop
  endfacet
  facet normal -8.666942012e-04 -3.704532981e-02 -9.993132353e-01
    outer loop
      vertex 3.005556762e-03 1.094220323e-03 6.911533885e-03
      vertex 3.006486921e-03 -5.761512439e-04 6.973455194e-03
      vertex -1.993510406e-03 -5.787707632e-04 6.977888756e-03
    endloop
  endfacet
  facet normal -9.399392875e-04 1.123050377e-01 -9.936733246e-01
    outer loop
      vertex -1.993510406e-03 -5.787707632e-04 6.977888756e-03
      vertex 3.006486921e-03 -5.761512439e-04 6.973455194e-03
      vertex 3.006663173e-03 -9.923176840e-04 6.926419679e-03
    endloop
  endfacet
  facet normal 9.636584669e-03 2.374084443e-01 -9.713621140e-01
    outer loop
      vertex -1.993510406e-03 -5.787707632e-04 6.977888756e-03
      vertex 3.006663173e-03 -9.923176840e-04 6.926419679e-03
      vertex -1.992856851e-03 -2.706234111e-03 6.457926705e-03
    endloop
  endfacet
  facet normal -9.942288743e-04 2.663707733e-01 -9.638701081e-01
    outer loop
      vertex 3.006663173e-03 -9.923176840e-04 6.926419679e-03
      vertex 3.007140476e-03 -2.703614766e-03 6.453493144e-03
      vertex -1.992856851e-03 -2.706234111e-03 6.457926705e-03
    endloop
  endfacet
  facet normal -1.023184741e-03 4.070540965e-01 -9.134034514e-01
    outer loop
      vertex -1.992856851e-03 -2.706234111e-03 6.457926705e-03
      vertex 3.007140476e-03 -2.703614766e-03 6.453493144e-03
      vertex 3.007177263e-03 -2.990545006e-03 6.325623952e-03
    endloop
  endfacet
  facet normal 7.403342519e-03 5.259637237e-01 -8.504747748e-01
    outer loop
      vertex -1.992856851e-03 -2.706234111e-03 6.457926705e-03
      vertex 3.007177263e-03 -2.990545006e-03 6.325623952e-03
      vertex -1.992902486e-03 -4.568894394e-03 5.305991042e-03
    endloop
  endfacet
  facet normal -1.028984552e-03 5.449289083e-01 -8.384816051e-01
    outer loop
      vertex 3.007177263e-03 -2.990545006e-03 6.325623952e-03
      vertex 3.007094841e-03 -4.566275049e-03 5.301557481e-03
      vertex -1.992902486e-03 -4.568894394e-03 5.305991042e-03
    endloop
  endfacet
  facet normal -1.010948326e-03 6.638090611e-01 -7.479013801e-01
    outer loop
      vertex -1.992902486e-03 -4.568894394e-03 5.305991042e-03
      vertex 3.007094841e-03 -4.566275049e-03 5.301557481e-03
      vertex 3.007053630e-03 -4.722908605e-03 5.162535235e-03
    endloop
  endfacet
  facet normal 4.960020538e-03 7.630428076e-01 -6.463289261e-01
    outer loop
      vertex -1.992902486e-03 -4.568894394e-03 5.305991042e-03
      vertex 3.007053630e-03 -4.722908605e-03 5.162535235e-03
      vertex -1.993642654e-03 -5.984422751e-03 3.634841414e-03
    endloop
  endfacet
  facet normal -9.677180788e-04 7.726367712e-01 -6.348475814e-01
    outer loop
      vertex 3.007053630e-03 -4.722908605e-03 5.162535235e-03
      vertex 3.006354673e-03 -5.981803406e-03 3.630407853e-03
      vertex -1.993642654e-03 -5.984422751e-03 3.634841414e-03
    endloop
  endfacet
  facet normal -9.043706814e-04 8.586272001e-01 -5.125997663e-01
    outer loop
      vertex -1.993642654e-03 -5.984422751e-03 3.634841414e-03
      vertex 3.006354673e-03 -5.981803406e-03 3.630407853e-03
      vertex 3.006302984e-03 -6.035482511e-03 3.540492151e-03
    endloop
  endfacet
  facet normal 2.300661989e-03 9.254324436e-01 -3.789057136e-01
    outer loop
      vertex -1.993642654e-03 -5.984422751e-03 3.634841414e-03
      vertex 3.006302984e-03 -6.035482511e-03 3.540492151e-03
      vertex -1.995005179e-03 -6.814256776e-03 1.608061139e-03
    endloop
  endfacet
  facet normal -8.161470178e-04 9.282435775e-01 -3.719720244e-01
    outer loop
      vertex -1.995005179e-03 -6.814256776e-03 1.608061139e-03
      vertex 3.006302984e-03 -6.035482511e-03 3.540492151e-03
      vertex 3.004992148e-03 -6.811637431e-03 1.603627577e-03
    endloop
  endfacet
  facet normal -5.947211757e-04 9.966451526e-01 -8.184154332e-02
    outer loop
      vertex -1.995005179e-03 -6.814256776e-03 1.608061139e-03
      vertex 3.004992148e-03 -6.811637431e-03 1.603627577e-03
      vertex 3.003237769e-03 -6.982407998e-03 -4.759629082e-04
    endloop
  endfacet
  facet normal -9.999994636e-01 -5.239087041e-04 8.867111173e-04
    outer loop
      vertex -3.498533275e-03 7.796546910e-03 6.262916606e-03
      vertex -3.501212690e-03 9.147427045e-03 4.039317835e-03
      vertex -3.504278837e-03 5.838059355e-03 -1.373715932e-03
    endloop
  endfacet
  facet normal -9.999994636e-01 -5.239087041e-04 8.867111173e-04
    outer loop
      vertex -3.504278837e-03 5.838059355e-03 -1.373715932e-03
      vertex -3.501212690e-03 9.147427045e-03 4.039317835e-03
      vertex -3.503809916e-03 9.878968820e-03 1.542498241e-03
    endloop
  endfacet
  facet normal -9.999994636e-01 -5.239087041e-04 8.867111173e-04
    outer loop
      vertex -3.489580005e-03 -3.114669584e-03 9.913210757e-03
      vertex -3.498608246e-03 4.344914109e-03 4.139016382e-03
      vertex -3.496728605e-03 2.766466932e-03 5.326309241e-03
    endloop
  endfacet
  facet normal -9.999994636e-01 -5.239087041e-04 8.867111173e-04
    outer loop
      vertex -3.459587228e-03 1.423998084e-02 5.399207771e-02
      vertex -3.458711784e-03 1.730569080e-02 5.679071322e-02
      vertex -3.461466869e-03 1.581842825e-02 5.280478671e-02
    endloop
  endfacet
  facet normal -9.999994636e-01 -5.239087041e-04 8.867111173e-04
    outer loop
      vertex -3.461466869e-03 1.581842825e-02 5.280478671e-02
      vertex -3.458711784e-03 1.730569080e-02 5.679071322e-02
      vertex -3.461284097e-03 1.920340024e-02 5.501083657e-02
    endloop
  endfacet
  facet normal -9.999994636e-01 -5.239087041e-04 8.867111173e-04
    outer loop
      vertex -3.461466869e-03 1.581842825e-02 5.280478671e-02
      vertex -3.461284097e-03 1.920340024e-02 5.501083657e-02
      vertex -3.463497153e-03 1.692583784e-02 5.116930604e-02
    endloop
  endfacet
  facet normal -9.999994636e-01 -5.239087041e-04 8.867111173e-04
    outer loop
      vertex -3.463497153e-03 1.692583784e-02 5.116930604e-02
      vertex -3.461284097e-03 1.920340024e-02 5.501083657e-02
      vertex -3.463963047e-03 2.057773061e-02 5.280165374e-02
    endloop
  endfacet
  facet normal -9.999994636e-01 -5.239087041e-04 8.867111173e-04
    outer loop
      vertex -3.463497153e-03 1.692583784e-02 5.116930604e-02
      vertex -3.463963047e-03 2.057773061e-02 5.280165374e-02
      vertex -3.465458285e-03 1.744220592e-02 4.926286265e-02
    endloop
  endfacet
  facet normal -9.999994636e-01 -5.239087041e-04 8.867111173e-04
    outer loop
      vertex -3.465219168e-03 7.864966057e-03 4.387391731e-02
      vertex -3.466945142e-03 9.617307223e-03 4.296262190e-02
      vertex -3.473275108e-03 1.458451618e-02 3.875876591e-02
    endloop
  endfacet
  facet normal -9.999994636e-01 -5.239087041e-04 8.867111173e-04
    outer loop
      vertex -3.473275108e-03 1.458451618e-02 3.875876591e-02
      vertex -3.466945142e-03 9.617307223e-03 4.296262190e-02
      vertex -3.468228271e-03 1.157059800e-02 4.266969115e-02
    endloop
  endfacet
  facet normal -9.999994636e-01 -5.239087041e-04 8.867111173e-04
    outer loop
      vertex -3.473275108e-03 1.458451618e-02 3.875876591e-02
      vertex -3.468228271e-03 1.157059800e-02 4.266969115e-02
      vertex -3.468929324e-03 1.351317018e-02 4.302686080e-02
    endloop
  endfacet
  facet normal -9.999994636e-01 -5.239087041e-04 8.867111173e-04
    outer loop
      vertex -3.500378458e-03 -4.970046226e-03 -3.360950621e-03
      vertex -3.498892300e-03 -9.107883088e-03 -4.129677080e-03
      vertex -3.498355160e-03 -5.793161225e-03 -1.565503189e-03
    endloop
  endfacet
  facet normal -9.999994636e-01 -5.239087041e-04 8.867111173e-04
    outer loop
      vertex -3.498355160e-03 -5.793161225e-03 -1.565503189e-03
      vertex -3.498892300e-03 -9.107883088e-03 -4.129677080e-03
      vertex -3.496288089e-03 -9.865797125e-03 -1.640736242e-03
    endloop
  endfacet
  facet normal -9.999994636e-01 -5.239087041e-04 8.867111173e-04
    outer loop
      vertex -3.498355160e-03 -5.793161225e-03 -1.565503189e-03
      vertex -3.496288089e-03 -9.865797125e-03 -1.640736242e-03
      vertex -3.496509977e-03 -5.988696124e-03 3.999292676e-04
    endloop
  endfacet
  facet normal -9.999994636e-01 -5.239087041e-04 8.867111173e-04
    outer loop
      vertex -3.496509977e-03 -5.988696124e-03 3.999292676e-04
      vertex -3.496288089e-03 -9.865797125e-03 -1.640736242e-03
      vertex -3.493935335e-03 -9.955993854e-03 9.594829753e-04
    endloop
  endfacet
  facet normal -9.999994636e-01 -5.239087041e-04 8.867111173e-04
    outer loop
      vertex -3.496509977e-03 -5.988696124e-03 3.999292676e-04
      vertex -3.493935335e-03 -9.955993854e-03 9.594829753e-04
      vertex -3.495042678e-03 -5.535461474e-03 2.322357614e-03
    endloop
  endfacet
  facet normal -9.999994636e-01 -5.239087041e-04 8.867111173e-04
    outer loop
      vertex -3.495042678e-03 -5.535461474e-03 2.322357614e-03
      vertex -3.493935335e-03 -9.955993854e-03 9.594829753e-04
      vertex -3.491992829e-03 -9.372365661e-03 3.494961187e-03
    endloop
  endfacet
  facet normal -9.999994636e-01 -5.239087041e-04 8.867111173e-04
    outer loop
      vertex -3.495042678e-03 -5.535461474e-03 2.322357614e-03
      vertex -3.491992829e-03 -9.372365661e-03 3.494961187e-03
      vertex -3.494112520e-03 -4.482571967e-03 3.993460443e-03
    endloop
  endfacet
  facet normal -9.999994636e-01 -5.239087041e-04 8.867111173e-04
    outer loop
      vertex -3.503809916e-03 9.878968820e-03 1.542498241e-03
      vertex -3.506149165e-03 9.941651486e-03 -1.058529713e-03
      vertex -3.504278837e-03 5.838059355e-03 -1.373715932e-03
    endloop
  endfacet
  facet normal -9.999994636e-01 -5.239087041e-04 8.867111173e-04
    outer loop
      vertex -3.504278837e-03 5.838059355e-03 -1.373715932e-03
      vertex -3.506149165e-03 9.941651486e-03 -1.058529713e-03
      vertex -3.508072114e-03 9.331232868e-03 -3.587691346e-03
    endloop
  endfacet
  facet normal -9.999994636e-01 -5.239087041e-04 8.867111173e-04
    outer loop
      vertex -3.504278837e-03 5.838059355e-03 -1.373715932e-03
      vertex -3.508072114e-03 9.331232868e-03 -3.587691346e-03
      vertex -3.505493980e-03 5.074584391e-03 -3.195325611e-03
    endloop
  endfacet
  facet normal -9.999994636e-01 -5.239087041e-04 8.867111173e-04
    outer loop
      vertex -3.505493980e-03 5.074584391e-03 -3.195325611e-03
      vertex -3.508072114e-03 9.331232868e-03 -3.587691346e-03
      vertex -3.509448376e-03 8.089032024e-03 -5.873783492e-03
    endloop
  endfacet
  facet normal -9.999994636e-01 -5.239087041e-04 8.867111173e-04
    outer loop
      vertex -3.505493980e-03 5.074584391e-03 -3.195325611e-03
      vertex -3.509448376e-03 8.089032024e-03 -5.873783492e-03
      vertex -3.506113775e-03 3.761000931e-03 -4.670337308e-03
    endloop
  endfacet
  facet normal -9.999994636e-01 -5.239087041e-04 8.867111173e-04
    outer loop
      vertex -3.506113775e-03 3.761000931e-03 -4.670337308e-03
      vertex -3.509448376e-03 8.089032024e-03 -5.873783492e-03
      vertex -3.510185052e-03 6.299140397e-03 -7.762051187e-03
    endloop
  endfacet
  facet normal -9.999994636e-01 -5.239087041e-04 8.867111173e-04
    outer loop
      vertex -3.506113775e-03 3.761000931e-03 -4.670337308e-03
      vertex -3.510185052e-03 6.299140397e-03 -7.762051187e-03
      vertex -3.506070701e-03 2.039656043e-03 -5.638907664e-03
    endloop
  endfacet
  facet normal -9.999994636e-01 -5.239087041e-04 8.867111173e-04
    outer loop
      vertex -3.498533275e-03 7.796546910e-03 6.262916606e-03
      vertex -3.504278837e-03 5.838059355e-03 -1.373715932e-03
      vertex -3.497147700e-03 7.209967356e-03 7.479064632e-03
    endloop
  endfacet
  facet normal -9.999994636e-01 -5.239087041e-04 8.867111173e-04
    outer loop
      vertex -3.497147700e-03 7.209967356e-03 7.479064632e-03
      vertex -3.504278837e-03 5.838059355e-03 -1.373715932e-03
      vertex -3.502599662e-03 5.968690850e-03 5.970935454e-04
    endloop
  endfacet
  facet normal -9.999994636e-01 -5.239087041e-04 8.867111173e-04
    outer loop
      vertex -3.497147700e-03 7.209967356e-03 7.479064632e-03
      vertex -3.502599662e-03 5.968690850e-03 5.970935454e-04
      vertex -3.495953744e-03 7.216114551e-03 8.829269558e-03
    endloop
  endfacet
  facet normal -9.999994636e-01 -5.239087041e-04 8.867111173e-04
    outer loop
      vertex -3.495953744e-03 7.216114551e-03 8.829269558e-03
      vertex -3.502599662e-03 5.968690850e-03 5.970935454e-04
      vertex -3.500638762e-03 5.452324171e-03 2.503536176e-03
    endloop
  endfacet
  facet normal -9.999994636e-01 -5.239087041e-04 8.867111173e-04
    outer loop
      vertex -3.495953744e-03 7.216114551e-03 8.829269558e-03
      vertex -3.500638762e-03 5.452324171e-03 2.503536176e-03
      vertex -3.498608246e-03 4.344914109e-03 4.139016382e-03
    endloop
  endfacet
  facet normal -9.999994636e-01 -5.239087041e-04 8.867111173e-04
    outer loop
      vertex -3.456971142e-03 6.990942638e-03 5.265922844e-02
      vertex -3.452670295e-03 5.170706194e-03 5.643402785e-02
      vertex -3.456678707e-03 8.529389277e-03 5.389791355e-02
    endloop
  endfacet
  facet normal -9.999994636e-01 -5.239087041e-04 8.867111173e-04
    outer loop
      vertex -3.456678707e-03 8.529389277e-03 5.389791355e-02
      vertex -3.452670295e-03 5.170706194e-03 5.643402785e-02
      vertex -3.452623263e-03 7.387129124e-03 5.779664963e-02
    endloop
  endfacet
  facet normal -9.999994636e-01 -5.239087041e-04 8.867111173e-04
    outer loop
      vertex -3.456678707e-03 8.529389277e-03 5.389791355e-02
      vertex -3.452623263e-03 7.387129124e-03 5.779664963e-02
      vertex -3.457055893e-03 1.038667839e-02 5.456995219e-02
    endloop
  endfacet
  facet normal -9.999994636e-01 -5.239087041e-04 8.867111173e-04
    outer loop
      vertex -3.457055893e-03 1.038667839e-02 5.456995219e-02
      vertex -3.452623263e-03 7.387129124e-03 5.779664963e-02
      vertex -3.453268902e-03 9.880046360e-03 5.854139104e-02
    endloop
  endfacet
  facet normal -9.999994636e-01 -5.239087041e-04 8.867111173e-04
    outer loop
      vertex -3.457055893e-03 1.038667839e-02 5.456995219e-02
      vertex -3.453268902e-03 9.880046360e-03 5.854139104e-02
      vertex -3.458061721e-03 1.236154512e-02 5.460251495e-02
    endloop
  endfacet
  facet normal -9.999994636e-01 -5.239087041e-04 8.867111173e-04
    outer loop
      vertex -3.458061721e-03 1.236154512e-02 5.460251495e-02
      vertex -3.453268902e-03 9.880046360e-03 5.854139104e-02
      vertex -3.454563674e-03 1.248070598e-02 5.861783400e-02
    endloop
  endfacet
  facet normal -9.999994636e-01 -5.239087041e-04 8.867111173e-04
    outer loop
      vertex -3.458061721e-03 1.236154512e-02 5.460251495e-02
      vertex -3.454563674e-03 1.248070598e-02 5.861783400e-02
      vertex -3.459587228e-03 1.423998084e-02 5.399207771e-02
    endloop
  endfacet
  facet normal -9.999994636e-01 -5.239087041e-04 8.867111173e-04
    outer loop
      vertex -3.459587228e-03 1.423998084e-02 5.399207771e-02
      vertex -3.454563674e-03 1.248070598e-02 5.861783400e-02
      vertex -3.456419799e-03 1.501306146e-02 5.802080035e-02
    endloop
  endfacet
  facet normal -9.999994636e-01 -5.239087041e-04 8.867111173e-04
    outer loop
      vertex -3.459587228e-03 1.423998084e-02 5.399207771e-02
      vertex -3.456419799e-03 1.501306146e-02 5.802080035e-02
      vertex -3.458711784e-03 1.730569080e-02 5.679071322e-02
    endloop
  endfacet
  facet normal -9.999994636e-01 -5.239087041e-04 8.867111173e-04
    outer loop
      vertex -3.461213782e-03 5.680352915e-03 4.710026830e-02
      vertex -3.465707647e-03 4.259879235e-03 4.119291157e-02
      vertex -3.459368600e-03 5.484818481e-03 4.906569794e-02
    endloop
  endfacet
  facet normal -9.999994636e-01 -5.239087041e-04 8.867111173e-04
    outer loop
      vertex -3.459368600e-03 5.484818481e-03 4.906569794e-02
      vertex -3.465707647e-03 4.259879235e-03 4.119291157e-02
      vertex -3.464321839e-03 3.673299681e-03 4.240905866e-02
    endloop
  endfacet
  facet normal -9.999994636e-01 -5.239087041e-04 8.867111173e-04
    outer loop
      vertex -3.459368600e-03 5.484818481e-03 4.906569794e-02
      vertex -3.464321839e-03 3.673299681e-03 4.240905866e-02
      vertex -3.461642424e-03 2.322419779e-03 4.463265836e-02
    endloop
  endfacet
  facet normal -9.999994636e-01 -5.239087041e-04 8.867111173e-04
    outer loop
      vertex -3.496728605e-03 2.766466932e-03 5.326309241e-03
      vertex -3.495203098e-03 8.880310343e-04 5.936746951e-03
      vertex -3.489580005e-03 -3.114669584e-03 9.913210757e-03
    endloop
  endfacet
  facet normal -9.999994636e-01 -5.239087041e-04 8.867111173e-04
    outer loop
      vertex -3.489580005e-03 -3.114669584e-03 9.913210757e-03
      vertex -3.495203098e-03 8.880310343e-04 5.936746951e-03
      vertex -3.494197270e-03 -1.086835749e-03 5.904181395e-03
    endloop
  endfacet
  facet normal -9.999994636e-01 -5.239087041e-04 8.867111173e-04
    outer loop
      vertex -3.489580005e-03 -3.114669584e-03 9.913210757e-03
      vertex -3.494197270e-03 -1.086835749e-03 5.904181395e-03
      vertex -3.489752999e-03 -4.182721023e-03 9.087160230e-03
    endloop
  endfacet
  facet normal -9.999994636e-01 -5.239087041e-04 8.867111173e-04
    outer loop
      vertex -3.489752999e-03 -4.182721023e-03 9.087160230e-03
      vertex -3.494197270e-03 -1.086835749e-03 5.904181395e-03
      vertex -3.493820317e-03 -2.944124863e-03 5.232147407e-03
    endloop
  endfacet
  facet normal -9.999994636e-01 -5.239087041e-04 8.867111173e-04
    outer loop
      vertex -3.489752999e-03 -4.182721023e-03 9.087160230e-03
      vertex -3.493820317e-03 -2.944124863e-03 5.232147407e-03
      vertex -3.489828436e-03 -6.384604145e-03 7.701164111e-03
    endloop
  endfacet
  facet normal -9.999994636e-01 -5.239087041e-04 8.867111173e-04
    outer loop
      vertex -3.489828436e-03 -6.384604145e-03 7.701164111e-03
      vertex -3.493820317e-03 -2.944124863e-03 5.232147407e-03
      vertex -3.494112520e-03 -4.482571967e-03 3.993460443e-03
    endloop
  endfacet
  facet normal -9.999994636e-01 -5.239087041e-04 8.867111173e-04
    outer loop
      vertex -3.489828436e-03 -6.384604145e-03 7.701164111e-03
      vertex -3.494112520e-03 -4.482571967e-03 3.993460443e-03
      vertex -3.490592120e-03 -8.154420182e-03 5.794066470e-03
    endloop
  endfacet
  facet normal -9.999994636e-01 -5.239087041e-04 8.867111173e-04
    outer loop
      vertex -3.490592120e-03 -8.154420182e-03 5.794066470e-03
      vertex -3.494112520e-03 -4.482571967e-03 3.993460443e-03
      vertex -3.491992829e-03 -9.372365661e-03 3.494961187e-03
    endloop
  endfacet
  facet normal -9.999994636e-01 -5.239087041e-04 8.867111173e-04
    outer loop
      vertex -3.510185052e-03 6.299140397e-03 -7.762051187e-03
      vertex -3.510232083e-03 4.082717467e-03 -9.124674834e-03
      vertex -3.506070701e-03 2.039656043e-03 -5.638907664e-03
    endloop
  endfacet
  facet normal -9.999994636e-01 -5.239087041e-04 8.867111173e-04
    outer loop
      vertex -3.506070701e-03 2.039656043e-03 -5.638907664e-03
      vertex -3.510232083e-03 4.082717467e-03 -9.124674834e-03
      vertex -3.509586211e-03 1.589800697e-03 -9.869413450e-03
    endloop
  endfacet
  facet normal -9.999994636e-01 -5.239087041e-04 8.867111173e-04
    outer loop
      vertex -3.506070701e-03 2.039656043e-03 -5.638907664e-03
      vertex -3.509586211e-03 1.589800697e-03 -9.869413450e-03
      vertex -3.505369648e-03 9.708423022e-05 -5.996077787e-03
    endloop
  endfacet
  facet normal -9.999994636e-01 -5.239087041e-04 8.867111173e-04
    outer loop
      vertex -3.505369648e-03 9.708423022e-05 -5.996077787e-03
      vertex -3.509586211e-03 1.589800697e-03 -9.869413450e-03
      vertex -3.508291673e-03 -1.010859385e-03 -9.945858270e-03
    endloop
  endfacet
  facet normal -9.999994636e-01 -5.239087041e-04 8.867111173e-04
    outer loop
      vertex -3.505369648e-03 9.708423022e-05 -5.996077787e-03
      vertex -3.508291673e-03 -1.010859385e-03 -9.945858270e-03
      vertex -3.504086519e-03 -1.856207033e-03 -5.703144241e-03
    endloop
  endfacet
  facet normal -9.999994636e-01 -5.239087041e-04 8.867111173e-04
    outer loop
      vertex -3.504086519e-03 -1.856207033e-03 -5.703144241e-03
      vertex -3.508291673e-03 -1.010859385e-03 -9.945858270e-03
      vertex -3.506435547e-03 -3.543215105e-03 -9.348827414e-03
    endloop
  endfacet
  facet normal -9.999994636e-01 -5.239087041e-04 8.867111173e-04
    outer loop
      vertex -3.504086519e-03 -1.856207033e-03 -5.703144241e-03
      vertex -3.506435547e-03 -3.543215105e-03 -9.348827414e-03
      vertex -3.502360545e-03 -3.608548548e-03 -4.791852552e-03
    endloop
  endfacet
  facet normal -9.999994636e-01 -5.239087041e-04 8.867111173e-04
    outer loop
      vertex -3.502360545e-03 -3.608548548e-03 -4.791852552e-03
      vertex -3.506435547e-03 -3.543215105e-03 -9.348827414e-03
      vertex -3.504143562e-03 -5.835844204e-03 -8.118736558e-03
    endloop
  endfacet
  facet normal -9.999994636e-01 -5.239087041e-04 8.867111173e-04
    outer loop
      vertex -3.502360545e-03 -3.608548548e-03 -4.791852552e-03
      vertex -3.504143562e-03 -5.835844204e-03 -8.118736558e-03
      vertex -3.500378458e-03 -4.970046226e-03 -3.360950621e-03
    endloop
  endfacet
  facet normal -9.999994636e-01 -5.239087041e-04 8.867111173e-04
    outer loop
      vertex -3.500378458e-03 -4.970046226e-03 -3.360950621e-03
      vertex -3.504143562e-03 -5.835844204e-03 -8.118736558e-03
      vertex -3.501571249e-03 -7.733554114e-03 -6.338859443e-03
    endloop
  endfacet
  facet normal -9.999994636e-01 -5.239087041e-04 8.867111173e-04
    outer loop
      vertex -3.500378458e-03 -4.970046226e-03 -3.360950621e-03
      vertex -3.501571249e-03 -7.733554114e-03 -6.338859443e-03
      vertex -3.498892300e-03 -9.107883088e-03 -4.129677080e-03
    endloop
  endfacet
  facet normal -9.999994636e-01 -5.239087041e-04 8.867111173e-04
    outer loop
      vertex -3.463963047e-03 2.057773061e-02 5.280165374e-02
      vertex -3.466567257e-03 2.133564465e-02 5.031271279e-02
      vertex -3.465458285e-03 1.744220592e-02 4.926286265e-02
    endloop
  endfacet
  facet normal -9.999994636e-01 -5.239087041e-04 8.867111173e-04
    outer loop
      vertex -3.465458285e-03 1.744220592e-02 4.926286265e-02
      vertex -3.466567257e-03 2.133564465e-02 5.031271279e-02
      vertex -3.468920011e-03 2.142583951e-02 4.771249369e-02
    endloop
  endfacet
  facet normal -9.999994636e-01 -5.239087041e-04 8.867111173e-04
    outer loop
      vertex -3.465458285e-03 1.744220592e-02 4.926286265e-02
      vertex -3.468920011e-03 2.142583951e-02 4.771249369e-02
      vertex -3.467137460e-03 1.731157303e-02 4.729205370e-02
    endloop
  endfacet
  facet normal -9.999994636e-01 -5.239087041e-04 8.867111173e-04
    outer loop
      vertex -3.467137460e-03 1.731157303e-02 4.729205370e-02
      vertex -3.468920011e-03 2.142583951e-02 4.771249369e-02
      vertex -3.470862517e-03 2.084221318e-02 4.517701641e-02
    endloop
  endfacet
  facet normal -9.999994636e-01 -5.239087041e-04 8.867111173e-04
    outer loop
      vertex -3.467137460e-03 1.731157303e-02 4.729205370e-02
      vertex -3.470862517e-03 2.084221318e-02 4.517701641e-02
      vertex -3.468352603e-03 1.654809900e-02 4.547044262e-02
    endloop
  endfacet
  facet normal -9.999994636e-01 -5.239087041e-04 8.867111173e-04
    outer loop
      vertex -3.468352603e-03 1.654809900e-02 4.547044262e-02
      vertex -3.470862517e-03 2.084221318e-02 4.517701641e-02
      vertex -3.472262993e-03 1.962426677e-02 4.287790880e-02
    endloop
  endfacet
  facet normal -9.999994636e-01 -5.239087041e-04 8.867111173e-04
    outer loop
      vertex -3.468352603e-03 1.654809900e-02 4.547044262e-02
      vertex -3.472262993e-03 1.962426677e-02 4.287790880e-02
      vertex -3.468972398e-03 1.523451507e-02 4.399543256e-02
    endloop
  endfacet
  facet normal -9.999994636e-01 -5.239087041e-04 8.867111173e-04
    outer loop
      vertex -3.468972398e-03 1.523451507e-02 4.399543256e-02
      vertex -3.472262993e-03 1.962426677e-02 4.287790880e-02
      vertex -3.473026911e-03 1.785445027e-02 4.097081348e-02
    endloop
  endfacet
  facet normal -9.999994636e-01 -5.239087041e-04 8.867111173e-04
    outer loop
      vertex -3.468972398e-03 1.523451507e-02 4.399543256e-02
      vertex -3.473026911e-03 1.785445027e-02 4.097081348e-02
      vertex -3.468929324e-03 1.351317018e-02 4.302686080e-02
    endloop
  endfacet
  facet normal -9.999994636e-01 -5.239087041e-04 8.867111173e-04
    outer loop
      vertex -3.468929324e-03 1.351317018e-02 4.302686080e-02
      vertex -3.473026911e-03 1.785445027e-02 4.097081348e-02
      vertex -3.473102348e-03 1.565256715e-02 3.958481550e-02
    endloop
  endfacet
  facet normal -9.999994636e-01 -5.239087041e-04 8.867111173e-04
    outer loop
      vertex -3.468929324e-03 1.351317018e-02 4.302686080e-02
      vertex -3.473102348e-03 1.565256715e-02 3.958481550e-02
      vertex -3.473275108e-03 1.458451618e-02 3.875876591e-02
    endloop
  endfacet
  facet normal -9.999994636e-01 -5.239087041e-04 8.867111173e-04
    outer loop
      vertex -3.461642424e-03 2.322419779e-03 4.463265836e-02
      vertex -3.459045198e-03 1.590878586e-03 4.712947831e-02
      vertex -3.459368600e-03 5.484818481e-03 4.906569794e-02
    endloop
  endfacet
  facet normal -9.999994636e-01 -5.239087041e-04 8.867111173e-04
    outer loop
      vertex -3.459368600e-03 5.484818481e-03 4.906569794e-02
      vertex -3.459045198e-03 1.590878586e-03 4.712947831e-02
      vertex -3.456706181e-03 1.528195105e-03 4.973050579e-02
    endloop
  endfacet
  facet normal -9.999994636e-01 -5.239087041e-04 8.867111173e-04
    outer loop
      vertex -3.459368600e-03 5.484818481e-03 4.906569794e-02
      vertex -3.456706181e-03 1.528195105e-03 4.973050579e-02
      vertex -3.457901301e-03 5.938053131e-03 5.098812655e-02
    endloop
  endfacet
  facet normal -9.999994636e-01 -5.239087041e-04 8.867111173e-04
    outer loop
      vertex -3.457901301e-03 5.938053131e-03 5.098812655e-02
      vertex -3.456706181e-03 1.528195105e-03 4.973050579e-02
      vertex -3.454783233e-03 2.138614422e-03 5.225966871e-02
    endloop
  endfacet
  facet normal -9.999994636e-01 -5.239087041e-04 8.867111173e-04
    outer loop
      vertex -3.457901301e-03 5.938053131e-03 5.098812655e-02
      vertex -3.454783233e-03 2.138614422e-03 5.225966871e-02
      vertex -3.456971142e-03 6.990942638e-03 5.265922844e-02
    endloop
  endfacet
  facet normal -9.999994636e-01 -5.239087041e-04 8.867111173e-04
    outer loop
      vertex -3.456971142e-03 6.990942638e-03 5.265922844e-02
      vertex -3.454783233e-03 2.138614422e-03 5.225966871e-02
      vertex -3.453406971e-03 3.380814102e-03 5.454576015e-02
    endloop
  endfacet
  facet normal -9.999994636e-01 -5.239087041e-04 8.867111173e-04
    outer loop
      vertex -3.456971142e-03 6.990942638e-03 5.265922844e-02
      vertex -3.453406971e-03 3.380814102e-03 5.454576015e-02
      vertex -3.452670295e-03 5.170706194e-03 5.643402785e-02
    endloop
  endfacet
  facet normal -9.999994636e-01 -5.239087041e-04 8.867111173e-04
    outer loop
      vertex -3.473275108e-03 1.458451618e-02 3.875876591e-02
      vertex -3.474035766e-03 1.398688741e-02 3.754800931e-02
      vertex -3.465219168e-03 7.864966057e-03 4.387391731e-02
    endloop
  endfacet
  facet normal -9.999994636e-01 -5.239087041e-04 8.867111173e-04
    outer loop
      vertex -3.465219168e-03 7.864966057e-03 4.387391731e-02
      vertex -3.474035766e-03 1.398688741e-02 3.754800931e-02
      vertex -3.465707647e-03 4.259879235e-03 4.119291157e-02
    endloop
  endfacet
  facet normal -9.999994636e-01 -5.239087041e-04 8.867111173e-04
    outer loop
      vertex -3.465219168e-03 7.864966057e-03 4.387391731e-02
      vertex -3.465707647e-03 4.259879235e-03 4.119291157e-02
      vertex -3.463237081e-03 6.503467914e-03 4.530481994e-02
    endloop
  endfacet
  facet normal -9.999994636e-01 -5.239087041e-04 8.867111173e-04
    outer loop
      vertex -3.463237081e-03 6.503467914e-03 4.530481994e-02
      vertex -3.465707647e-03 4.259879235e-03 4.119291157e-02
      vertex -3.461213782e-03 5.680352915e-03 4.710026830e-02
    endloop
  endfacet
  facet normal -9.999994636e-01 -5.239087041e-04 8.867111173e-04
    outer loop
      vertex -3.498608246e-03 4.344914109e-03 4.139016382e-03
      vertex -3.489580005e-03 -3.114669584e-03 9.913210757e-03
      vertex -3.495953744e-03 7.216114551e-03 8.829269558e-03
    endloop
  endfacet
  facet normal -9.999994636e-01 -5.239087041e-04 8.867111173e-04
    outer loop
      vertex -3.495953744e-03 7.216114551e-03 8.829269558e-03
      vertex -3.489580005e-03 -3.114669584e-03 9.913210757e-03
      vertex -3.488819581e-03 -2.517040586e-03 1.112396643e-02
    endloop
  endfacet
  facet normal -9.999994636e-01 -5.239087041e-04 8.867111173e-04
    outer loop
      vertex -3.495953744e-03 7.216114551e-03 8.829269558e-03
      vertex -3.488819581e-03 -2.517040586e-03 1.112396643e-02
      vertex -3.474035766e-03 1.398688741e-02 3.754800931e-02
    endloop
  endfacet
  facet normal -9.999994636e-01 -5.239087041e-04 8.867111173e-04
    outer loop
      vertex -3.474035766e-03 1.398688741e-02 3.754800931e-02
      vertex -3.488819581e-03 -2.517040586e-03 1.112396643e-02
      vertex -3.466901602e-03 4.253732041e-03 3.984270617e-02
    endloop
  endfacet
  facet normal -9.999994636e-01 -5.239087041e-04 8.867111173e-04
    outer loop
      vertex -3.474035766e-03 1.398688741e-02 3.754800931e-02
      vertex -3.466901602e-03 4.253732041e-03 3.984270617e-02
      vertex -3.465707647e-03 4.259879235e-03 4.119291157e-02
    endloop
  endfacet
  facet normal 9.999994636e-01 5.239087041e-04 -8.867111173e-04
    outer loop
      vertex 3.533166833e-03 5.826080218e-03 4.084462300e-02
      vertex 3.530517453e-03 1.142184343e-02 4.116285965e-02
      vertex 3.531983821e-03 9.213613346e-03 4.151182622e-02
    endloop
  endfacet
  facet normal 9.999994636e-01 5.239087041e-04 -8.867111173e-04
    outer loop
      vertex 3.494770033e-03 8.453795686e-03 -9.054905386e-04
      vertex 3.496758174e-03 8.400515653e-03 1.305380836e-03
      vertex 3.497594735e-03 7.325511891e-03 1.613602624e-03
    endloop
  endfacet
  facet normal 9.999994636e-01 5.239087041e-04 -8.867111173e-04
    outer loop
      vertex 3.505348694e-03 -7.298032753e-03 1.717919018e-03
      vertex 3.505151719e-03 -8.459202945e-03 8.098196704e-04
      vertex 3.503468819e-03 -7.481001318e-03 -5.102123250e-04
    endloop
  endfacet
  facet normal 9.999994636e-01 5.239087041e-04 -8.867111173e-04
    outer loop
      vertex 3.503468819e-03 -7.481001318e-03 -5.102123250e-04
      vertex 3.505151719e-03 -8.459202945e-03 8.098196704e-04
      vertex 3.503151936e-03 -8.382535540e-03 -1.400365029e-03
    endloop
  endfacet
  facet normal 9.999994636e-01 5.239087041e-04 -8.867111173e-04
    outer loop
      vertex 3.503468819e-03 -7.481001318e-03 -5.102123250e-04
      vertex 3.503151936e-03 -8.382535540e-03 -1.400365029e-03
      vertex 3.501280677e-03 -6.999088451e-03 -2.693288261e-03
    endloop
  endfacet
  facet normal 9.999994636e-01 5.239087041e-04 -8.867111173e-04
    outer loop
      vertex 3.501280677e-03 -6.999088451e-03 -2.693288261e-03
      vertex 3.503151936e-03 -8.382535540e-03 -1.400365029e-03
      vertex 3.500938416e-03 -7.738308050e-03 -3.515968099e-03
    endloop
  endfacet
  facet normal 9.999994636e-01 5.239087041e-04 -8.867111173e-04
    outer loop
      vertex 3.501280677e-03 -6.999088451e-03 -2.693288261e-03
      vertex 3.500938416e-03 -7.738308050e-03 -3.515968099e-03
      vertex 3.498978447e-03 -5.895111244e-03 -4.637325648e-03
    endloop
  endfacet
  facet normal 9.999994636e-01 5.239087041e-04 -8.867111173e-04
    outer loop
      vertex 3.498978447e-03 -5.895111244e-03 -4.637325648e-03
      vertex 3.500938416e-03 -7.738308050e-03 -3.515968099e-03
      vertex 3.498661332e-03 -6.570128258e-03 -5.393771455e-03
    endloop
  endfacet
  facet normal 9.999994636e-01 5.239087041e-04 -8.867111173e-04
    outer loop
      vertex 3.498978447e-03 -5.895111244e-03 -4.637325648e-03
      vertex 3.498661332e-03 -6.570128258e-03 -5.393771455e-03
      vertex 3.496766789e-03 -4.267165903e-03 -6.169595290e-03
    endloop
  endfacet
  facet normal 9.999994636e-01 5.239087041e-04 -8.867111173e-04
    outer loop
      vertex 3.496766789e-03 -4.267165903e-03 -6.169595290e-03
      vertex 3.498661332e-03 -6.570128258e-03 -5.393771455e-03
      vertex 3.496474586e-03 -4.957075696e-03 -6.906668656e-03
    endloop
  endfacet
  facet normal 9.999994636e-01 5.239087041e-04 -8.867111173e-04
    outer loop
      vertex 3.496766789e-03 -4.267165903e-03 -6.169595290e-03
      vertex 3.496474586e-03 -4.957075696e-03 -6.906668656e-03
      vertex 3.494842444e-03 -2.259900561e-03 -7.153944112e-03
    endloop
  endfacet
  facet normal 9.999994636e-01 5.239087041e-04 -8.867111173e-04
    outer loop
      vertex 3.494842444e-03 -2.259900561e-03 -7.153944112e-03
      vertex 3.496474586e-03 -4.957075696e-03 -6.906668656e-03
      vertex 3.494526492e-03 -3.008340020e-03 -7.952243090e-03
    endloop
  endfacet
  facet normal 9.999994636e-01 5.239087041e-04 -8.867111173e-04
    outer loop
      vertex 3.494842444e-03 -2.259900561e-03 -7.153944112e-03
      vertex 3.494526492e-03 -3.008340020e-03 -7.952243090e-03
      vertex 3.493376076e-03 -5.167066047e-05 -7.502909750e-03
    endloop
  endfacet
  facet normal 9.999994636e-01 5.239087041e-04 -8.867111173e-04
    outer loop
      vertex 3.493376076e-03 -5.167066047e-05 -7.502909750e-03
      vertex 3.494526492e-03 -3.008340020e-03 -7.952243090e-03
      vertex 3.492948832e-03 -8.558379486e-04 -8.459718898e-03
    endloop
  endfacet
  facet normal 9.999994636e-01 5.239087041e-04 -8.867111173e-04
    outer loop
      vertex 3.493376076e-03 -5.167066047e-05 -7.502909750e-03
      vertex 3.492948832e-03 -8.558379486e-04 -8.459718898e-03
      vertex 3.492498072e-03 2.161313780e-03 -7.185483351e-03
    endloop
  endfacet
  facet normal 9.999994636e-01 5.239087041e-04 -8.867111173e-04
    outer loop
      vertex 3.497594735e-03 7.325511891e-03 1.613602624e-03
      vertex 3.496758174e-03 8.400515653e-03 1.305380836e-03
      vertex 3.499865299e-03 6.523610558e-03 3.700467292e-03
    endloop
  endfacet
  facet normal 9.999994636e-01 5.239087041e-04 -8.867111173e-04
    outer loop
      vertex 3.499865299e-03 6.523610558e-03 3.700467292e-03
      vertex 3.496758174e-03 8.400515653e-03 1.305380836e-03
      vertex 3.498965874e-03 7.778705098e-03 3.427678719e-03
    endloop
  endfacet
  facet normal 9.999994636e-01 5.239087041e-04 -8.867111173e-04
    outer loop
      vertex 3.499865299e-03 6.523610558e-03 3.700467292e-03
      vertex 3.498965874e-03 7.778705098e-03 3.427678719e-03
      vertex 3.502147738e-03 5.142220296e-03 5.458255298e-03
    endloop
  endfacet
  facet normal 9.999994636e-01 5.239087041e-04 -8.867111173e-04
    outer loop
      vertex 3.502147738e-03 5.142220296e-03 5.458255298e-03
      vertex 3.498965874e-03 7.778705098e-03 3.427678719e-03
      vertex 3.501243424e-03 6.630457472e-03 5.317738280e-03
    endloop
  endfacet
  facet normal 9.999994636e-01 5.239087041e-04 -8.867111173e-04
    outer loop
      vertex 3.502147738e-03 5.142220296e-03 5.458255298e-03
      vertex 3.501243424e-03 6.630457472e-03 5.317738280e-03
      vertex 3.502640640e-03 5.950385239e-03 6.491669454e-03
    endloop
  endfacet
  facet normal 9.999994636e-01 5.239087041e-04 -8.867111173e-04
    outer loop
      vertex 3.527881345e-03 1.303740032e-02 3.914447874e-02
      vertex 3.528362606e-03 1.389626227e-02 4.019470140e-02
      vertex 3.529639449e-03 1.363482792e-02 4.148028418e-02
    endloop
  endfacet
  facet normal 9.999994636e-01 5.239087041e-04 -8.867111173e-04
    outer loop
      vertex 3.533166833e-03 5.826080218e-03 4.084462300e-02
      vertex 3.531983821e-03 9.213613346e-03 4.151182622e-02
      vertex 3.534496995e-03 5.526796449e-03 4.216789454e-02
    endloop
  endfacet
  facet normal 9.999994636e-01 5.239087041e-04 -8.867111173e-04
    outer loop
      vertex 3.534496995e-03 5.526796449e-03 4.216789454e-02
      vertex 3.531983821e-03 9.213613346e-03 4.151182622e-02
      vertex 3.533908166e-03 7.206348237e-03 4.249617457e-02
    endloop
  endfacet
  facet normal 9.999994636e-01 5.239087041e-04 -8.867111173e-04
    outer loop
      vertex 3.534496995e-03 5.526796449e-03 4.216789454e-02
      vertex 3.533908166e-03 7.206348237e-03 4.249617457e-02
      vertex 3.535894211e-03 4.846724216e-03 4.334182292e-02
    endloop
  endfacet
  facet normal 9.999994636e-01 5.239087041e-04 -8.867111173e-04
    outer loop
      vertex 3.535894211e-03 4.846724216e-03 4.334182292e-02
      vertex 3.533908166e-03 7.206348237e-03 4.249617457e-02
      vertex 3.536119824e-03 5.578402430e-03 4.402844235e-02
    endloop
  endfacet
  facet normal 9.999994636e-01 5.239087041e-04 -8.867111173e-04
    outer loop
      vertex 3.535894211e-03 4.846724216e-03 4.334182292e-02
      vertex 3.536119824e-03 5.578402430e-03 4.402844235e-02
      vertex 3.538171761e-03 3.698476357e-03 4.523188248e-02
    endloop
  endfacet
  facet normal 9.999994636e-01 5.239087041e-04 -8.867111173e-04
    outer loop
      vertex 3.538171761e-03 3.698476357e-03 4.523188248e-02
      vertex 3.536119824e-03 5.578402430e-03 4.402844235e-02
      vertex 3.538422054e-03 4.474426154e-03 4.597248137e-02
    endloop
  endfacet
  facet normal 9.999994636e-01 5.239087041e-04 -8.867111173e-04
    outer loop
      vertex 3.538171761e-03 3.698476357e-03 4.523188248e-02
      vertex 3.538422054e-03 4.474426154e-03 4.597248137e-02
      vertex 3.540379461e-03 3.076666268e-03 4.735418037e-02
    endloop
  endfacet
  facet normal 9.999994636e-01 5.239087041e-04 -8.867111173e-04
    outer loop
      vertex 3.540379461e-03 3.076666268e-03 4.735418037e-02
      vertex 3.538422054e-03 4.474426154e-03 4.597248137e-02
      vertex 3.540610196e-03 3.992512356e-03 4.815555736e-02
    endloop
  endfacet
  facet normal 9.999994636e-01 5.239087041e-04 -8.867111173e-04
    outer loop
      vertex 3.540379461e-03 3.076666268e-03 4.735418037e-02
      vertex 3.540610196e-03 3.992512356e-03 4.815555736e-02
      vertex 3.542367835e-03 3.023386002e-03 4.956505448e-02
    endloop
  endfacet
  facet normal 9.999994636e-01 5.239087041e-04 -8.867111173e-04
    outer loop
      vertex 3.542367835e-03 3.023386002e-03 4.956505448e-02
      vertex 3.540610196e-03 3.992512356e-03 4.815555736e-02
      vertex 3.542490071e-03 4.175481386e-03 5.038369074e-02
    endloop
  endfacet
  facet normal 9.999994636e-01 5.239087041e-04 -8.867111173e-04
    outer loop
      vertex 3.542367835e-03 3.023386002e-03 4.956505448e-02
      vertex 3.542490071e-03 4.175481386e-03 5.038369074e-02
      vertex 3.544002306e-03 3.542241175e-03 5.171484128e-02
    endloop
  endfacet
  facet normal 9.999994636e-01 5.239087041e-04 -8.867111173e-04
    outer loop
      vertex 3.509256290e-03 -1.560218749e-03 9.515083395e-03
      vertex 3.505953588e-03 1.172529068e-03 7.404963486e-03
      vertex 3.504239023e-03 3.304083832e-03 6.730773952e-03
    endloop
  endfacet
  facet normal 9.999994636e-01 5.239087041e-04 -8.867111173e-04
    outer loop
      vertex 3.492948832e-03 -8.558379486e-04 -8.459718898e-03
      vertex 3.491848474e-03 1.354722539e-03 -8.394744247e-03
      vertex 3.492498072e-03 2.161313780e-03 -7.185483351e-03
    endloop
  endfacet
  facet normal 9.999994636e-01 5.239087041e-04 -8.867111173e-04
    outer loop
      vertex 3.492498072e-03 2.161313780e-03 -7.185483351e-03
      vertex 3.491848474e-03 1.354722539e-03 -8.394744247e-03
      vertex 3.491299460e-03 3.473702352e-03 -7.761714049e-03
    endloop
  endfacet
  facet normal 9.999994636e-01 5.239087041e-04 -8.867111173e-04
    outer loop
      vertex 3.492498072e-03 2.161313780e-03 -7.185483351e-03
      vertex 3.491299460e-03 3.473702352e-03 -7.761714049e-03
      vertex 3.492286662e-03 4.182419274e-03 -6.229870953e-03
    endloop
  endfacet
  facet normal 9.999994636e-01 5.239087041e-04 -8.867111173e-04
    outer loop
      vertex 3.492286662e-03 4.182419274e-03 -6.229870953e-03
      vertex 3.491299460e-03 3.473702352e-03 -7.761714049e-03
      vertex 3.491339507e-03 5.357661285e-03 -6.603485905e-03
    endloop
  endfacet
  facet normal 9.999994636e-01 5.239087041e-04 -8.867111173e-04
    outer loop
      vertex 3.492286662e-03 4.182419274e-03 -6.229870953e-03
      vertex 3.491339507e-03 5.357661285e-03 -6.603485905e-03
      vertex 3.492760239e-03 5.832060240e-03 -4.720984027e-03
    endloop
  endfacet
  facet normal 9.999994636e-01 5.239087041e-04 -8.867111173e-04
    outer loop
      vertex 3.492760239e-03 5.832060240e-03 -4.720984027e-03
      vertex 3.491339507e-03 5.357661285e-03 -6.603485905e-03
      vertex 3.491965588e-03 6.879070774e-03 -4.998455290e-03
    endloop
  endfacet
  facet normal 9.999994636e-01 5.239087041e-04 -8.867111173e-04
    outer loop
      vertex 3.492760239e-03 5.832060240e-03 -4.720984027e-03
      vertex 3.491965588e-03 6.879070774e-03 -4.998455290e-03
      vertex 3.493877128e-03 6.963660475e-03 -2.792894607e-03
    endloop
  endfacet
  facet normal 9.999994636e-01 5.239087041e-04 -8.867111173e-04
    outer loop
      vertex 3.493877128e-03 6.963660475e-03 -2.792894607e-03
      vertex 3.491965588e-03 6.879070774e-03 -4.998455290e-03
      vertex 3.493135562e-03 7.934940048e-03 -3.055278677e-03
    endloop
  endfacet
  facet normal 9.999994636e-01 5.239087041e-04 -8.867111173e-04
    outer loop
      vertex 3.493877128e-03 6.963660475e-03 -2.792894607e-03
      vertex 3.493135562e-03 7.934940048e-03 -3.055278677e-03
      vertex 3.494647564e-03 7.301699836e-03 -1.724127447e-03
    endloop
  endfacet
  facet normal 9.999994636e-01 5.239087041e-04 -8.867111173e-04
    outer loop
      vertex 3.494647564e-03 7.301699836e-03 -1.724127447e-03
      vertex 3.493135562e-03 7.934940048e-03 -3.055278677e-03
      vertex 3.494770033e-03 8.453795686e-03 -9.054905386e-04
    endloop
  endfacet
  facet normal 9.999994636e-01 5.239087041e-04 -8.867111173e-04
    outer loop
      vertex 3.494647564e-03 7.301699836e-03 -1.724127447e-03
      vertex 3.494770033e-03 8.453795686e-03 -9.054905386e-04
      vertex 3.495537676e-03 7.476672530e-03 -6.169155822e-04
    endloop
  endfacet
  facet normal 9.999994636e-01 5.239087041e-04 -8.867111173e-04
    outer loop
      vertex 3.495537676e-03 7.476672530e-03 -6.169155822e-04
      vertex 3.494770033e-03 8.453795686e-03 -9.054905386e-04
      vertex 3.497594735e-03 7.325511891e-03 1.613602624e-03
    endloop
  endfacet
  facet normal 9.999994636e-01 5.239087041e-04 -8.867111173e-04
    outer loop
      vertex 3.505953588e-03 1.172529068e-03 7.404963486e-03
      vertex 3.509256290e-03 -1.560218749e-03 9.515083395e-03
      vertex 3.507138928e-03 -1.063047675e-03 7.420911454e-03
    endloop
  endfacet
  facet normal 9.999994636e-01 5.239087041e-04 -8.867111173e-04
    outer loop
      vertex 3.507138928e-03 -1.063047675e-03 7.420911454e-03
      vertex 3.509256290e-03 -1.560218749e-03 9.515083395e-03
      vertex 3.508775029e-03 -2.419080585e-03 8.464862593e-03
    endloop
  endfacet
  facet normal 9.999994636e-01 5.239087041e-04 -8.867111173e-04
    outer loop
      vertex 3.507138928e-03 -1.063047675e-03 7.420911454e-03
      vertex 3.508775029e-03 -2.419080585e-03 8.464862593e-03
      vertex 3.507689806e-03 -3.204005305e-03 6.777201779e-03
    endloop
  endfacet
  facet normal 9.999994636e-01 5.239087041e-04 -8.867111173e-04
    outer loop
      vertex 3.507689806e-03 -3.204005305e-03 6.777201779e-03
      vertex 3.508775029e-03 -2.419080585e-03 8.464862593e-03
      vertex 3.508706577e-03 -3.551920177e-03 7.718345150e-03
    endloop
  endfacet
  facet normal 9.999994636e-01 5.239087041e-04 -8.867111173e-04
    outer loop
      vertex 3.507689806e-03 -3.204005305e-03 6.777201779e-03
      vertex 3.508706577e-03 -3.551920177e-03 7.718345150e-03
      vertex 3.507557325e-03 -5.060110241e-03 5.531032104e-03
    endloop
  endfacet
  facet normal 9.999994636e-01 5.239087041e-04 -8.867111173e-04
    outer loop
      vertex 3.507557325e-03 -5.060110241e-03 5.531032104e-03
      vertex 3.508706577e-03 -3.551920177e-03 7.718345150e-03
      vertex 3.508642549e-03 -5.423521157e-03 6.540248170e-03
    endloop
  endfacet
  facet normal 9.999994636e-01 5.239087041e-04 -8.867111173e-04
    outer loop
      vertex 3.507557325e-03 -5.060110241e-03 5.531032104e-03
      vertex 3.508642549e-03 -5.423521157e-03 6.540248170e-03
      vertex 3.506753128e-03 -6.466438062e-03 3.793133656e-03
    endloop
  endfacet
  facet normal 9.999994636e-01 5.239087041e-04 -8.867111173e-04
    outer loop
      vertex 3.506753128e-03 -6.466438062e-03 3.793133656e-03
      vertex 3.508642549e-03 -5.423521157e-03 6.540248170e-03
      vertex 3.507993417e-03 -6.927864626e-03 4.919214174e-03
    endloop
  endfacet
  facet normal 9.999994636e-01 5.239087041e-04 -8.867111173e-04
    outer loop
      vertex 3.506753128e-03 -6.466438062e-03 3.793133656e-03
      vertex 3.507993417e-03 -6.927864626e-03 4.919214174e-03
      vertex 3.505348694e-03 -7.298032753e-03 1.717919018e-03
    endloop
  endfacet
  facet normal 9.999994636e-01 5.239087041e-04 -8.867111173e-04
    outer loop
      vertex 3.505348694e-03 -7.298032753e-03 1.717919018e-03
      vertex 3.507993417e-03 -6.927864626e-03 4.919214174e-03
      vertex 3.506802954e-03 -7.963118143e-03 2.964976244e-03
    endloop
  endfacet
  facet normal 9.999994636e-01 5.239087041e-04 -8.867111173e-04
    outer loop
      vertex 3.505348694e-03 -7.298032753e-03 1.717919018e-03
      vertex 3.506802954e-03 -7.963118143e-03 2.964976244e-03
      vertex 3.505151719e-03 -8.459202945e-03 8.098196704e-04
    endloop
  endfacet
  facet normal 9.999994636e-01 5.239087041e-04 -8.867111173e-04
    outer loop
      vertex 3.529639449e-03 1.363482792e-02 4.148028418e-02
      vertex 3.530517453e-03 1.142184343e-02 4.116285965e-02
      vertex 3.527881345e-03 1.303740032e-02 3.914447874e-02
    endloop
  endfacet
  facet normal 9.999994636e-01 5.239087041e-04 -8.867111173e-04
    outer loop
      vertex 3.527881345e-03 1.303740032e-02 3.914447874e-02
      vertex 3.530517453e-03 1.142184343e-02 4.116285965e-02
      vertex 3.533166833e-03 5.826080218e-03 4.084462300e-02
    endloop
  endfacet
  facet normal 9.999994636e-01 5.239087041e-04 -8.867111173e-04
    outer loop
      vertex 3.527881345e-03 1.303740032e-02 3.914447874e-02
      vertex 3.533166833e-03 5.826080218e-03 4.084462300e-02
      vertex 3.527031047e-03 1.253058109e-02 3.788600489e-02
    endloop
  endfacet
  facet normal 9.999994636e-01 5.239087041e-04 -8.867111173e-04
    outer loop
      vertex 3.527031047e-03 1.253058109e-02 3.788600489e-02
      vertex 3.533166833e-03 5.826080218e-03 4.084462300e-02
      vertex 3.532024799e-03 5.717372522e-03 3.949229419e-02
    endloop
  endfacet
  facet normal 9.999994636e-01 5.239087041e-04 -8.867111173e-04
    outer loop
      vertex 3.527031047e-03 1.253058109e-02 3.788600489e-02
      vertex 3.532024799e-03 5.717372522e-03 3.949229419e-02
      vertex 3.505113069e-03 5.759808701e-03 9.167267010e-03
    endloop
  endfacet
  facet normal 9.999994636e-01 5.239087041e-04 -8.867111173e-04
    outer loop
      vertex 3.505113069e-03 5.759808701e-03 9.167267010e-03
      vertex 3.532024799e-03 5.717372522e-03 3.949229419e-02
      vertex 3.510106821e-03 -1.053400105e-03 1.077355538e-02
    endloop
  endfacet
  facet normal 9.999994636e-01 5.239087041e-04 -8.867111173e-04
    outer loop
      vertex 3.505113069e-03 5.759808701e-03 9.167267010e-03
      vertex 3.510106821e-03 -1.053400105e-03 1.077355538e-02
      vertex 3.503970802e-03 5.651100539e-03 7.814936340e-03
    endloop
  endfacet
  facet normal 9.999994636e-01 5.239087041e-04 -8.867111173e-04
    outer loop
      vertex 3.503970802e-03 5.651100539e-03 7.814936340e-03
      vertex 3.510106821e-03 -1.053400105e-03 1.077355538e-02
      vertex 3.509256290e-03 -1.560218749e-03 9.515083395e-03
    endloop
  endfacet
  facet normal 9.999994636e-01 5.239087041e-04 -8.867111173e-04
    outer loop
      vertex 3.503970802e-03 5.651100539e-03 7.814936340e-03
      vertex 3.509256290e-03 -1.560218749e-03 9.515083395e-03
      vertex 3.502640640e-03 5.950385239e-03 6.491669454e-03
    endloop
  endfacet
  facet normal 9.999994636e-01 5.239087041e-04 -8.867111173e-04
    outer loop
      vertex 3.502640640e-03 5.950385239e-03 6.491669454e-03
      vertex 3.509256290e-03 -1.560218749e-03 9.515083395e-03
      vertex 3.504239023e-03 3.304083832e-03 6.730773952e-03
    endloop
  endfacet
  facet normal 9.999994636e-01 5.239087041e-04 -8.867111173e-04
    outer loop
      vertex 3.502640640e-03 5.950385239e-03 6.491669454e-03
      vertex 3.504239023e-03 3.304083832e-03 6.730773952e-03
      vertex 3.502147738e-03 5.142220296e-03 5.458255298e-03
    endloop
  endfacet
  facet normal 9.999994636e-01 5.239087041e-04 -8.867111173e-04
    outer loop
      vertex 3.544002306e-03 3.542241175e-03 5.171484128e-02
      vertex 3.542490071e-03 4.175481386e-03 5.038369074e-02
      vertex 3.545172047e-03 4.598111380e-03 5.365801975e-02
    endloop
  endfacet
  facet normal 9.999994636e-01 5.239087041e-04 -8.867111173e-04
    outer loop
      vertex 3.545172047e-03 4.598111380e-03 5.365801975e-02
      vertex 3.542490071e-03 4.175481386e-03 5.038369074e-02
      vertex 3.543894505e-03 5.007075612e-03 5.245890096e-02
    endloop
  endfacet
  facet normal 9.999994636e-01 5.239087041e-04 -8.867111173e-04
    outer loop
      vertex 3.545172047e-03 4.598111380e-03 5.365801975e-02
      vertex 3.543894505e-03 5.007075612e-03 5.245890096e-02
      vertex 3.545798128e-03 6.119519938e-03 5.526304618e-02
    endloop
  endfacet
  facet normal 9.999994636e-01 5.239087041e-04 -8.867111173e-04
    outer loop
      vertex 3.545798128e-03 6.119519938e-03 5.526304618e-02
      vertex 3.543894505e-03 5.007075612e-03 5.245890096e-02
      vertex 3.544698702e-03 6.413404364e-03 5.419680104e-02
    endloop
  endfacet
  facet normal 9.999994636e-01 5.239087041e-04 -8.867111173e-04
    outer loop
      vertex 3.545798128e-03 6.119519938e-03 5.526304618e-02
      vertex 3.544698702e-03 6.413404364e-03 5.419680104e-02
      vertex 3.545838175e-03 8.003479801e-03 5.642127618e-02
    endloop
  endfacet
  facet normal 9.999994636e-01 5.239087041e-04 -8.867111173e-04
    outer loop
      vertex 3.545838175e-03 8.003479801e-03 5.642127618e-02
      vertex 3.544698702e-03 6.413404364e-03 5.419680104e-02
      vertex 3.544831416e-03 8.269508369e-03 5.544297025e-02
    endloop
  endfacet
  facet normal 9.999994636e-01 5.239087041e-04 -8.867111173e-04
    outer loop
      vertex 3.545838175e-03 8.003479801e-03 5.642127618e-02
      vertex 3.544831416e-03 8.269508369e-03 5.544297025e-02
      vertex 3.545289394e-03 1.012245845e-02 5.705430731e-02
    endloop
  endfacet
  facet normal 9.999994636e-01 5.239087041e-04 -8.867111173e-04
    outer loop
      vertex 3.545289394e-03 1.012245845e-02 5.705430731e-02
      vertex 3.544831416e-03 8.269508369e-03 5.544297025e-02
      vertex 3.544280538e-03 1.041046623e-02 5.608667806e-02
    endloop
  endfacet
  facet normal 9.999994636e-01 5.239087041e-04 -8.867111173e-04
    outer loop
      vertex 3.545289394e-03 1.012245845e-02 5.705430731e-02
      vertex 3.544280538e-03 1.041046623e-02 5.608667806e-02
      vertex 3.544188803e-03 1.233301964e-02 5.711928010e-02
    endloop
  endfacet
  facet normal 9.999994636e-01 5.239087041e-04 -8.867111173e-04
    outer loop
      vertex 3.544188803e-03 1.233301964e-02 5.711928010e-02
      vertex 3.544280538e-03 1.041046623e-02 5.608667806e-02
      vertex 3.543094965e-03 1.264604274e-02 5.607073009e-02
    endloop
  endfacet
  facet normal 9.999994636e-01 5.239087041e-04 -8.867111173e-04
    outer loop
      vertex 3.544188803e-03 1.233301964e-02 5.711928010e-02
      vertex 3.543094965e-03 1.264604274e-02 5.607073009e-02
      vertex 3.542611143e-03 1.448552217e-02 5.661180615e-02
    endloop
  endfacet
  facet normal 9.999994636e-01 5.239087041e-04 -8.867111173e-04
    outer loop
      vertex 3.542611143e-03 1.448552217e-02 5.661180615e-02
      vertex 3.543094965e-03 1.264604274e-02 5.607073009e-02
      vertex 3.541380400e-03 1.477759797e-02 5.539654568e-02
    endloop
  endfacet
  facet normal 9.999994636e-01 5.239087041e-04 -8.867111173e-04
    outer loop
      vertex 3.542611143e-03 1.448552217e-02 5.661180615e-02
      vertex 3.541380400e-03 1.477759797e-02 5.539654568e-02
      vertex 3.540663049e-03 1.643425785e-02 5.556622893e-02
    endloop
  endfacet
  facet normal 9.999994636e-01 5.239087041e-04 -8.867111173e-04
    outer loop
      vertex 3.540663049e-03 1.643425785e-02 5.556622893e-02
      vertex 3.541380400e-03 1.477759797e-02 5.539654568e-02
      vertex 3.539289115e-03 1.661573350e-02 5.412402377e-02
    endloop
  endfacet
  facet normal 9.999994636e-01 5.239087041e-04 -8.867111173e-04
    outer loop
      vertex 3.540663049e-03 1.643425785e-02 5.556622893e-02
      vertex 3.539289115e-03 1.661573350e-02 5.412402377e-02
      vertex 3.538476536e-03 1.804731041e-02 5.405333638e-02
    endloop
  endfacet
  facet normal 9.999994636e-01 5.239087041e-04 -8.867111173e-04
    outer loop
      vertex 3.538476536e-03 1.804731041e-02 5.405333638e-02
      vertex 3.539289115e-03 1.661573350e-02 5.412402377e-02
      vertex 3.536199220e-03 1.921548881e-02 5.217552930e-02
    endloop
  endfacet
  facet normal 9.999994636e-01 5.239087041e-04 -8.867111173e-04
    outer loop
      vertex 3.536199220e-03 1.921548881e-02 5.217552930e-02
      vertex 3.539289115e-03 1.661573350e-02 5.412402377e-02
      vertex 3.537006676e-03 1.799712516e-02 5.236623436e-02
    endloop
  endfacet
  facet normal 9.999994636e-01 5.239087041e-04 -8.867111173e-04
    outer loop
      vertex 3.536199220e-03 1.921548881e-02 5.217552930e-02
      vertex 3.537006676e-03 1.799712516e-02 5.236623436e-02
      vertex 3.533985931e-03 1.985971630e-02 5.005992949e-02
    endloop
  endfacet
  facet normal 9.999994636e-01 5.239087041e-04 -8.867111173e-04
    outer loop
      vertex 3.533985931e-03 1.985971630e-02 5.005992949e-02
      vertex 3.537006676e-03 1.799712516e-02 5.236623436e-02
      vertex 3.534736112e-03 1.879902557e-02 5.027937144e-02
    endloop
  endfacet
  facet normal 9.999994636e-01 5.239087041e-04 -8.867111173e-04
    outer loop
      vertex 3.533985931e-03 1.985971630e-02 5.005992949e-02
      vertex 3.534736112e-03 1.879902557e-02 5.027937144e-02
      vertex 3.531985916e-03 1.993638463e-02 4.784974456e-02
    endloop
  endfacet
  facet normal 9.999994636e-01 5.239087041e-04 -8.867111173e-04
    outer loop
      vertex 3.531985916e-03 1.993638463e-02 4.784974456e-02
      vertex 3.534736112e-03 1.879902557e-02 5.027937144e-02
      vertex 3.532679053e-03 1.895018667e-02 4.804885387e-02
    endloop
  endfacet
  facet normal 9.999994636e-01 5.239087041e-04 -8.867111173e-04
    outer loop
      vertex 3.531985916e-03 1.993638463e-02 4.784974456e-02
      vertex 3.532679053e-03 1.895018667e-02 4.804885387e-02
      vertex 3.530334914e-03 1.944029890e-02 4.569458589e-02
    endloop
  endfacet
  facet normal 9.999994636e-01 5.239087041e-04 -8.867111173e-04
    outer loop
      vertex 3.528431058e-03 1.502910163e-02 4.094121605e-02
      vertex 3.529901616e-03 1.730557531e-02 4.394478351e-02
      vertex 3.528362606e-03 1.389626227e-02 4.019470140e-02
    endloop
  endfacet
  facet normal 9.999994636e-01 5.239087041e-04 -8.867111173e-04
    outer loop
      vertex 3.528362606e-03 1.389626227e-02 4.019470140e-02
      vertex 3.529901616e-03 1.730557531e-02 4.394478351e-02
      vertex 3.529428039e-03 1.565593295e-02 4.243589565e-02
    endloop
  endfacet
  facet normal 9.999994636e-01 5.239087041e-04 -8.867111173e-04
    outer loop
      vertex 3.528362606e-03 1.389626227e-02 4.019470140e-02
      vertex 3.529428039e-03 1.565593295e-02 4.243589565e-02
      vertex 3.529639449e-03 1.363482792e-02 4.148028418e-02
    endloop
  endfacet
  facet normal 9.999994636e-01 5.239087041e-04 -8.867111173e-04
    outer loop
      vertex 3.532679053e-03 1.895018667e-02 4.804885387e-02
      vertex 3.531788941e-03 1.877521351e-02 4.694164172e-02
      vertex 3.530334914e-03 1.944029890e-02 4.569458589e-02
    endloop
  endfacet
  facet normal 9.999994636e-01 5.239087041e-04 -8.867111173e-04
    outer loop
      vertex 3.530334914e-03 1.944029890e-02 4.569458589e-02
      vertex 3.531788941e-03 1.877521351e-02 4.694164172e-02
      vertex 3.531018505e-03 1.843717508e-02 4.587287456e-02
    endloop
  endfacet
  facet normal 9.999994636e-01 5.239087041e-04 -8.867111173e-04
    outer loop
      vertex 3.530334914e-03 1.944029890e-02 4.569458589e-02
      vertex 3.531018505e-03 1.843717508e-02 4.587287456e-02
      vertex 3.529144451e-03 1.840504631e-02 4.374034703e-02
    endloop
  endfacet
  facet normal 9.999994636e-01 5.239087041e-04 -8.867111173e-04
    outer loop
      vertex 3.529144451e-03 1.840504631e-02 4.374034703e-02
      vertex 3.531018505e-03 1.843717508e-02 4.587287456e-02
      vertex 3.529901616e-03 1.730557531e-02 4.394478351e-02
    endloop
  endfacet
  facet normal 9.999994636e-01 5.239087041e-04 -8.867111173e-04
    outer loop
      vertex 3.529144451e-03 1.840504631e-02 4.374034703e-02
      vertex 3.529901616e-03 1.730557531e-02 4.394478351e-02
      vertex 3.528495086e-03 1.690070331e-02 4.211931303e-02
    endloop
  endfacet
  facet normal 9.999994636e-01 5.239087041e-04 -8.867111173e-04
    outer loop
      vertex 3.528495086e-03 1.690070331e-02 4.211931303e-02
      vertex 3.529901616e-03 1.730557531e-02 4.394478351e-02
      vertex 3.528431058e-03 1.502910163e-02 4.094121605e-02
    endloop
  endfacet
  facet normal -1.263653121e-05 -8.546446562e-01 -5.192133784e-01
    outer loop
      vertex -3.464321839e-03 3.673299681e-03 4.240905866e-02
      vertex 2.035675338e-03 3.676181193e-03 4.240418226e-02
      vertex 2.038354753e-03 2.325301291e-03 4.462778196e-02
    endloop
  endfacet
  facet normal -1.263653121e-05 -8.546446562e-01 -5.192133784e-01
    outer loop
      vertex -3.464321839e-03 3.673299681e-03 4.240905866e-02
      vertex 2.038354753e-03 2.325301291e-03 4.462778196e-02
      vertex -3.461642424e-03 2.322419779e-03 4.463265836e-02
    endloop
  endfacet
  facet normal 2.534570813e-04 -9.596580267e-01 -2.811696529e-01
    outer loop
      vertex -3.461642424e-03 2.322419779e-03 4.463265836e-02
      vertex 2.038354753e-03 2.325301291e-03 4.462778196e-02
      vertex 2.040951978e-03 1.593760098e-03 4.712460190e-02
    endloop
  endfacet
  facet normal 2.534570813e-04 -9.596580267e-01 -2.811696529e-01
    outer loop
      vertex -3.461642424e-03 2.322419779e-03 4.463265836e-02
      vertex 2.040951978e-03 1.593760098e-03 4.712460190e-02
      vertex -3.459045198e-03 1.590878586e-03 4.712947831e-02
    endloop
  endfacet
  facet normal 5.023932899e-04 -9.997096062e-01 -2.409297042e-02
    outer loop
      vertex -3.459045198e-03 1.590878586e-03 4.712947831e-02
      vertex 2.040951978e-03 1.593760098e-03 4.712460190e-02
      vertex 2.043291228e-03 1.531076501e-03 4.972562939e-02
    endloop
  endfacet
  facet normal 5.023932899e-04 -9.997096062e-01 -2.409297042e-02
    outer loop
      vertex -3.459045198e-03 1.590878586e-03 4.712947831e-02
      vertex 2.043291228e-03 1.531076501e-03 4.972562939e-02
      vertex -3.456706181e-03 1.528195105e-03 4.973050579e-02
    endloop
  endfacet
  facet normal 7.173217018e-04 -9.720880389e-01 2.346152663e-01
    outer loop
      vertex -3.456706181e-03 1.528195105e-03 4.973050579e-02
      vertex 2.043291228e-03 1.531076501e-03 4.972562939e-02
      vertex 2.045213943e-03 2.141495934e-03 5.225479230e-02
    endloop
  endfacet
  facet normal 7.173217018e-04 -9.720880389e-01 2.346152663e-01
    outer loop
      vertex -3.456706181e-03 1.528195105e-03 4.973050579e-02
      vertex 2.045213943e-03 2.141495934e-03 5.225479230e-02
      vertex -3.454783233e-03 2.138614422e-03 5.225966871e-02
    endloop
  endfacet
  facet normal 8.836921770e-04 -8.786632419e-01 4.774411917e-01
    outer loop
      vertex -3.454783233e-03 2.138614422e-03 5.225966871e-02
      vertex 2.045213943e-03 2.141495934e-03 5.225479230e-02
      vertex 2.046590438e-03 3.383695614e-03 5.454088002e-02
    endloop
  endfacet
  facet normal 8.836921770e-04 -8.786632419e-01 4.774411917e-01
    outer loop
      vertex -3.454783233e-03 2.138614422e-03 5.225966871e-02
      vertex 2.046590438e-03 3.383695614e-03 5.454088002e-02
      vertex -3.453406971e-03 3.380814102e-03 5.454576015e-02
    endloop
  endfacet
  facet normal 9.902431630e-04 -7.257595062e-01 6.879478097e-01
    outer loop
      vertex -3.453406971e-03 3.380814102e-03 5.454576015e-02
      vertex 2.046590438e-03 3.383695614e-03 5.454088002e-02
      vertex 2.047326881e-03 5.173587706e-03 5.642915145e-02
    endloop
  endfacet
  facet normal 9.902431630e-04 -7.257595062e-01 6.879478097e-01
    outer loop
      vertex -3.453406971e-03 3.380814102e-03 5.454576015e-02
      vertex 2.047326881e-03 5.173587706e-03 5.642915145e-02
      vertex -3.452670295e-03 5.170706194e-03 5.643402785e-02
    endloop
  endfacet
  facet normal 1.029762090e-03 -5.237267017e-01 8.518857360e-01
    outer loop
      vertex -3.452670295e-03 5.170706194e-03 5.643402785e-02
      vertex 2.047326881e-03 5.173587706e-03 5.642915145e-02
      vertex 2.047373913e-03 7.390010636e-03 5.779177323e-02
    endloop
  endfacet
  facet normal 1.029762090e-03 -5.237267017e-01 8.518857360e-01
    outer loop
      vertex -3.452670295e-03 5.170706194e-03 5.643402785e-02
      vertex 2.047373913e-03 7.390010636e-03 5.779177323e-02
      vertex -3.452623263e-03 7.387129124e-03 5.779664963e-02
    endloop
  endfacet
  facet normal 9.995733853e-04 -2.862415314e-01 9.581570029e-01
    outer loop
      vertex -3.452623263e-03 7.387129124e-03 5.779664963e-02
      vertex 2.047373913e-03 7.390010636e-03 5.779177323e-02
      vertex 2.046728274e-03 9.882927872e-03 5.853651464e-02
    endloop
  endfacet
  facet normal 9.995733853e-04 -2.862415314e-01 9.581570029e-01
    outer loop
      vertex -3.452623263e-03 7.387129124e-03 5.779664963e-02
      vertex 2.046728274e-03 9.882927872e-03 5.853651464e-02
      vertex -3.453268902e-03 9.880046360e-03 5.854139104e-02
    endloop
  endfacet
  facet normal 9.017210105e-04 -2.938017249e-02 9.995679259e-01
    outer loop
      vertex -3.453268902e-03 9.880046360e-03 5.854139104e-02
      vertex 2.046728274e-03 9.882927872e-03 5.853651464e-02
      vertex 2.045433503e-03 1.248358749e-02 5.861295387e-02
    endloop
  endfacet
  facet normal 9.017210105e-04 -2.938017249e-02 9.995679259e-01
    outer loop
      vertex -3.453268902e-03 9.880046360e-03 5.854139104e-02
      vertex 2.045433503e-03 1.248358749e-02 5.861295387e-02
      vertex -3.454563674e-03 1.248070598e-02 5.861783400e-02
    endloop
  endfacet
  facet normal 7.428284734e-04 2.294702828e-01 9.733153582e-01
    outer loop
      vertex -3.454563674e-03 1.248070598e-02 5.861783400e-02
      vertex 2.045433503e-03 1.248358749e-02 5.861295387e-02
      vertex 2.043577377e-03 1.501594298e-02 5.801592395e-02
    endloop
  endfacet
  facet normal 7.428284734e-04 2.294702828e-01 9.733153582e-01
    outer loop
      vertex -3.454563674e-03 1.248070598e-02 5.861783400e-02
      vertex 2.043577377e-03 1.501594298e-02 5.801592395e-02
      vertex -3.456419799e-03 1.501306146e-02 5.802080035e-02
    endloop
  endfacet
  facet normal 5.336519098e-04 4.727872610e-01 8.811764717e-01
    outer loop
      vertex -3.456419799e-03 1.501306146e-02 5.802080035e-02
      vertex 2.043577377e-03 1.501594298e-02 5.801592395e-02
      vertex 2.041285625e-03 1.730857231e-02 5.678583682e-02
    endloop
  endfacet
  facet normal 5.336519098e-04 4.727872610e-01 8.811764717e-01
    outer loop
      vertex -3.456419799e-03 1.501306146e-02 5.802080035e-02
      vertex 2.041285625e-03 1.730857231e-02 5.678583682e-02
      vertex -3.458711784e-03 1.730569080e-02 5.679071322e-02
    endloop
  endfacet
  facet normal 2.883511770e-04 6.840997338e-01 7.293884158e-01
    outer loop
      vertex -3.458711784e-03 1.730569080e-02 5.679071322e-02
      vertex 2.041285625e-03 1.730857231e-02 5.678583682e-02
      vertex 2.038713079e-03 1.920628175e-02 5.500596017e-02
    endloop
  endfacet
  facet normal 2.883511770e-04 6.840997338e-01 7.293884158e-01
    outer loop
      vertex -3.458711784e-03 1.730569080e-02 5.679071322e-02
      vertex 2.038713079e-03 1.920628175e-02 5.500596017e-02
      vertex -3.461284097e-03 1.920340024e-02 5.501083657e-02
    endloop
  endfacet
  facet normal 2.353091804e-05 8.491038680e-01 5.282258987e-01
    outer loop
      vertex -3.461284097e-03 1.920340024e-02 5.501083657e-02
      vertex 2.038713079e-03 1.920628175e-02 5.500596017e-02
      vertex 2.036034130e-03 2.058061212e-02 5.279677734e-02
    endloop
  endfacet
  facet normal 2.353091804e-05 8.491038680e-01 5.282258987e-01
    outer loop
      vertex -3.461284097e-03 1.920340024e-02 5.501083657e-02
      vertex 2.036034130e-03 2.058061212e-02 5.279677734e-02
      vertex -3.463963047e-03 2.057773061e-02 5.280165374e-02
    endloop
  endfacet
  facet normal -2.428824373e-04 9.566298723e-01 2.913061380e-01
    outer loop
      vertex -3.463963047e-03 2.057773061e-02 5.280165374e-02
      vertex 2.036034130e-03 2.058061212e-02 5.279677734e-02
      vertex 2.033430152e-03 2.133852616e-02 5.030783266e-02
    endloop
  endfacet
  facet normal -2.428824373e-04 9.566298723e-01 2.913061380e-01
    outer loop
      vertex -3.463963047e-03 2.057773061e-02 5.280165374e-02
      vertex 2.033430152e-03 2.133852616e-02 5.030783266e-02
      vertex -3.466567257e-03 2.133564465e-02 5.031271279e-02
    endloop
  endfacet
  facet normal -4.928538692e-04 9.993987679e-01 3.466754407e-02
    outer loop
      vertex -3.466567257e-03 2.133564465e-02 5.031271279e-02
      vertex 2.033430152e-03 2.133852616e-02 5.030783266e-02
      vertex 2.031077165e-03 2.142872103e-02 4.770761728e-02
    endloop
  endfacet
  facet normal -4.928538692e-04 9.993987679e-01 3.466754407e-02
    outer loop
      vertex -3.466567257e-03 2.133564465e-02 5.031271279e-02
      vertex 2.031077165e-03 2.142872103e-02 4.770761728e-02
      vertex -3.468920011e-03 2.142583951e-02 4.771249369e-02
    endloop
  endfacet
  facet normal -7.094627945e-04 9.745157957e-01 -2.243178487e-01
    outer loop
      vertex -3.468920011e-03 2.142583951e-02 4.771249369e-02
      vertex 2.031077165e-03 2.142872103e-02 4.770761728e-02
      vertex 2.029134659e-03 2.084509470e-02 4.517214000e-02
    endloop
  endfacet
  facet normal -7.094627945e-04 9.745157957e-01 -2.243178487e-01
    outer loop
      vertex -3.468920011e-03 2.142583951e-02 4.771249369e-02
      vertex 2.029134659e-03 2.084509470e-02 4.517214000e-02
      vertex -3.470862517e-03 2.084221318e-02 4.517701641e-02
    endloop
  endfacet
  facet normal -8.780466160e-04 8.836649656e-01 -4.681191146e-01
    outer loop
      vertex -3.470862517e-03 2.084221318e-02 4.517701641e-02
      vertex 2.029134659e-03 2.084509470e-02 4.517214000e-02
      vertex 2.027734183e-03 1.962714829e-02 4.287303239e-02
    endloop
  endfacet
  facet normal -8.780466160e-04 8.836649656e-01 -4.681191146e-01
    outer loop
      vertex -3.470862517e-03 2.084221318e-02 4.517701641e-02
      vertex 2.027734183e-03 1.962714829e-02 4.287303239e-02
      vertex -3.472262993e-03 1.962426677e-02 4.287790880e-02
    endloop
  endfacet
  facet normal -9.871927323e-04 7.329967022e-01 -6.802315116e-01
    outer loop
      vertex -3.472262993e-03 1.962426677e-02 4.287790880e-02
      vertex 2.027734183e-03 1.962714829e-02 4.287303239e-02
      vertex 2.026970498e-03 1.785733178e-02 4.096593708e-02
    endloop
  endfacet
  facet normal -9.871927323e-04 7.329967022e-01 -6.802315116e-01
    outer loop
      vertex -3.472262993e-03 1.962426677e-02 4.287790880e-02
      vertex 2.026970498e-03 1.785733178e-02 4.096593708e-02
      vertex -3.473026911e-03 1.785445027e-02 4.097081348e-02
    endloop
  endfacet
  facet normal -1.029513078e-03 5.327097774e-01 -8.462973237e-01
    outer loop
      vertex -3.473026911e-03 1.785445027e-02 4.097081348e-02
      vertex 2.026970498e-03 1.785733178e-02 4.096593708e-02
      vertex 2.026895061e-03 1.565544866e-02 3.957993910e-02
    endloop
  endfacet
  facet normal -1.029513078e-03 5.327097774e-01 -8.462973237e-01
    outer loop
      vertex -3.473026911e-03 1.785445027e-02 4.097081348e-02
      vertex 2.026895061e-03 1.565544866e-02 3.957993910e-02
      vertex -3.473102348e-03 1.565256715e-02 3.958481550e-02
    endloop
  endfacet
  facet normal 1.263653121e-05 8.546446562e-01 5.192133784e-01
    outer loop
      vertex -3.498533275e-03 7.796546910e-03 6.262916606e-03
      vertex 2.001463901e-03 7.799428422e-03 6.258039735e-03
      vertex 1.998784486e-03 9.150308557e-03 4.034440964e-03
    endloop
  endfacet
  facet normal 1.263653121e-05 8.546446562e-01 5.192133784e-01
    outer loop
      vertex -3.498533275e-03 7.796546910e-03 6.262916606e-03
      vertex 1.998784486e-03 9.150308557e-03 4.034440964e-03
      vertex -3.501212690e-03 9.147427045e-03 4.039317835e-03
    endloop
  endfacet
  facet normal -2.534568775e-04 9.596579671e-01 2.811698020e-01
    outer loop
      vertex -3.501212690e-03 9.147427045e-03 4.039317835e-03
      vertex 1.998784486e-03 9.150308557e-03 4.034440964e-03
      vertex 1.996187260e-03 9.881850332e-03 1.537621371e-03
    endloop
  endfacet
  facet normal -2.534568775e-04 9.596579671e-01 2.811698020e-01
    outer loop
      vertex -3.501212690e-03 9.147427045e-03 4.039317835e-03
      vertex 1.996187260e-03 9.881850332e-03 1.537621371e-03
      vertex -3.503809916e-03 9.878968820e-03 1.542498241e-03
    endloop
  endfacet
  facet normal -5.023934064e-04 9.997096062e-01 2.409285866e-02
    outer loop
      vertex -3.503809916e-03 9.878968820e-03 1.542498241e-03
      vertex 1.996187260e-03 9.881850332e-03 1.537621371e-03
      vertex 1.993848011e-03 9.944532998e-03 -1.063406584e-03
    endloop
  endfacet
  facet normal -5.023934064e-04 9.997096062e-01 2.409285866e-02
    outer loop
      vertex -3.503809916e-03 9.878968820e-03 1.542498241e-03
      vertex 1.993848011e-03 9.944532998e-03 -1.063406584e-03
      vertex -3.506149165e-03 9.941651486e-03 -1.058529713e-03
    endloop
  endfacet
  facet normal -7.173217018e-04 9.720880389e-01 -2.346152663e-01
    outer loop
      vertex -3.506149165e-03 9.941651486e-03 -1.058529713e-03
      vertex 1.993848011e-03 9.944532998e-03 -1.063406584e-03
      vertex 1.991925295e-03 9.334114380e-03 -3.592568217e-03
    endloop
  endfacet
  facet normal -7.173217018e-04 9.720880389e-01 -2.346152663e-01
    outer loop
      vertex -3.506149165e-03 9.941651486e-03 -1.058529713e-03
      vertex 1.991925295e-03 9.334114380e-03 -3.592568217e-03
      vertex -3.508072114e-03 9.331232868e-03 -3.587691346e-03
    endloop
  endfacet
  facet normal -8.836921188e-04 8.786633015e-01 -4.774410725e-01
    outer loop
      vertex -3.508072114e-03 9.331232868e-03 -3.587691346e-03
      vertex 1.991925295e-03 9.334114380e-03 -3.592568217e-03
      vertex 1.990549034e-03 8.091913536e-03 -5.878660362e-03
    endloop
  endfacet
  facet normal -8.836921188e-04 8.786633015e-01 -4.774410725e-01
    outer loop
      vertex -3.508072114e-03 9.331232868e-03 -3.587691346e-03
      vertex 1.990549034e-03 8.091913536e-03 -5.878660362e-03
      vertex -3.509448376e-03 8.089032024e-03 -5.873783492e-03
    endloop
  endfacet
  facet normal -9.902432794e-04 7.257593274e-01 -6.879479885e-01
    outer loop
      vertex -3.509448376e-03 8.089032024e-03 -5.873783492e-03
      vertex 1.990549034e-03 8.091913536e-03 -5.878660362e-03
      vertex 1.989812357e-03 6.302021910e-03 -7.766928524e-03
    endloop
  endfacet
  facet normal -9.902432794e-04 7.257593274e-01 -6.879479885e-01
    outer loop
      vertex -3.509448376e-03 8.089032024e-03 -5.873783492e-03
      vertex 1.989812357e-03 6.302021910e-03 -7.766928524e-03
      vertex -3.510185052e-03 6.299140397e-03 -7.762051187e-03
    endloop
  endfacet
  facet normal -1.029762090e-03 5.237265825e-01 -8.518857956e-01
    outer loop
      vertex -3.510185052e-03 6.299140397e-03 -7.762051187e-03
      vertex 1.989812357e-03 6.302021910e-03 -7.766928524e-03
      vertex 1.989765326e-03 4.085598979e-03 -9.129552171e-03
    endloop
  endfacet
  facet normal -1.029762090e-03 5.237265825e-01 -8.518857956e-01
    outer loop
      vertex -3.510185052e-03 6.299140397e-03 -7.762051187e-03
      vertex 1.989765326e-03 4.085598979e-03 -9.129552171e-03
      vertex -3.510232083e-03 4.082717467e-03 -9.124674834e-03
    endloop
  endfacet
  facet normal -9.995732689e-04 2.862412333e-01 -9.581570625e-01
    outer loop
      vertex -3.510232083e-03 4.082717467e-03 -9.124674834e-03
      vertex 1.989765326e-03 4.085598979e-03 -9.129552171e-03
      vertex 1.990410965e-03 1.592682209e-03 -9.874289855e-03
    endloop
  endfacet
  facet normal -9.995732689e-04 2.862412333e-01 -9.581570625e-01
    outer loop
      vertex -3.510232083e-03 4.082717467e-03 -9.124674834e-03
      vertex 1.990410965e-03 1.592682209e-03 -9.874289855e-03
      vertex -3.509586211e-03 1.589800697e-03 -9.869413450e-03
    endloop
  endfacet
  facet normal -9.017214761e-04 2.938120998e-02 -9.995678663e-01
    outer loop
      vertex -3.509586211e-03 1.589800697e-03 -9.869413450e-03
      vertex 1.990410965e-03 1.592682209e-03 -9.874289855e-03
      vertex 1.991705736e-03 -1.007977990e-03 -9.950734675e-03
    endloop
  endfacet
  facet normal -9.017214761e-04 2.938120998e-02 -9.995678663e-01
    outer loop
      vertex -3.509586211e-03 1.589800697e-03 -9.869413450e-03
      vertex 1.991705736e-03 -1.007977990e-03 -9.950734675e-03
      vertex -3.508291673e-03 -1.010859385e-03 -9.945858270e-03
    endloop
  endfacet
  facet normal -7.428284734e-04 -2.294702828e-01 -9.733153582e-01
    outer loop
      vertex -3.508291673e-03 -1.010859385e-03 -9.945858270e-03
      vertex 1.991705736e-03 -1.007977990e-03 -9.950734675e-03
      vertex 1.993561862e-03 -3.540333593e-03 -9.353704751e-03
    endloop
  endfacet
  facet normal -7.428284734e-04 -2.294702828e-01 -9.733153582e-01
    outer loop
      vertex -3.508291673e-03 -1.010859385e-03 -9.945858270e-03
      vertex 1.993561862e-03 -3.540333593e-03 -9.353704751e-03
      vertex -3.506435547e-03 -3.543215105e-03 -9.348827414e-03
    endloop
  endfacet
  facet normal -5.336509785e-04 -4.727881849e-01 -8.811759353e-01
    outer loop
      vertex -3.506435547e-03 -3.543215105e-03 -9.348827414e-03
      vertex 1.993561862e-03 -3.540333593e-03 -9.353704751e-03
      vertex 1.995853614e-03 -5.832962692e-03 -8.123612963e-03
    endloop
  endfacet
  facet normal -5.336509785e-04 -4.727881849e-01 -8.811759353e-01
    outer loop
      vertex -3.506435547e-03 -3.543215105e-03 -9.348827414e-03
      vertex 1.995853614e-03 -5.832962692e-03 -8.123612963e-03
      vertex -3.504143562e-03 -5.835844204e-03 -8.118736558e-03
    endloop
  endfacet
  facet normal -2.883514971e-04 -6.840994954e-01 -7.293886542e-01
    outer loop
      vertex -3.504143562e-03 -5.835844204e-03 -8.118736558e-03
      vertex 1.995853614e-03 -5.832962692e-03 -8.123612963e-03
      vertex 1.998426160e-03 -7.730672602e-03 -6.343736779e-03
    endloop
  endfacet
  facet normal -2.883514971e-04 -6.840994954e-01 -7.293886542e-01
    outer loop
      vertex -3.504143562e-03 -5.835844204e-03 -8.118736558e-03
      vertex 1.998426160e-03 -7.730672602e-03 -6.343736779e-03
      vertex -3.501571249e-03 -7.733554114e-03 -6.338859443e-03
    endloop
  endfacet
  facet normal -2.353104719e-05 -8.491038084e-01 -5.282260180e-01
    outer loop
      vertex -3.501571249e-03 -7.733554114e-03 -6.338859443e-03
      vertex 1.998426160e-03 -7.730672602e-03 -6.343736779e-03
      vertex 2.001105109e-03 -9.105001576e-03 -4.134553950e-03
    endloop
  endfacet
  facet normal -2.353104719e-05 -8.491038084e-01 -5.282260180e-01
    outer loop
      vertex -3.501571249e-03 -7.733554114e-03 -6.338859443e-03
      vertex 2.001105109e-03 -9.105001576e-03 -4.134553950e-03
      vertex -3.498892300e-03 -9.107883088e-03 -4.129677080e-03
    endloop
  endfacet
  facet normal 2.428822045e-04 -9.566298127e-01 -2.913063467e-01
    outer loop
      vertex -3.498892300e-03 -9.107883088e-03 -4.129677080e-03
      vertex 2.001105109e-03 -9.105001576e-03 -4.134553950e-03
      vertex 2.003709087e-03 -9.862915613e-03 -1.645613112e-03
    endloop
  endfacet
  facet normal 2.428822045e-04 -9.566298127e-01 -2.913063467e-01
    outer loop
      vertex -3.498892300e-03 -9.107883088e-03 -4.129677080e-03
      vertex 2.003709087e-03 -9.862915613e-03 -1.645613112e-03
      vertex -3.496288089e-03 -9.865797125e-03 -1.640736242e-03
    endloop
  endfacet
  facet normal 4.928539856e-04 -9.993987679e-01 -3.466740623e-02
    outer loop
      vertex -3.496288089e-03 -9.865797125e-03 -1.640736242e-03
      vertex 2.003709087e-03 -9.862915613e-03 -1.645613112e-03
      vertex 2.006062074e-03 -9.953112341e-03 9.546061046e-04
    endloop
  endfacet
  facet normal 4.928539856e-04 -9.993987679e-01 -3.466740623e-02
    outer loop
      vertex -3.496288089e-03 -9.865797125e-03 -1.640736242e-03
      vertex 2.006062074e-03 -9.953112341e-03 9.546061046e-04
      vertex -3.493935335e-03 -9.955993854e-03 9.594829753e-04
    endloop
  endfacet
  facet normal 7.094627945e-04 -9.745157957e-01 2.243178487e-01
    outer loop
      vertex -3.493935335e-03 -9.955993854e-03 9.594829753e-04
      vertex 2.006062074e-03 -9.953112341e-03 9.546061046e-04
      vertex 2.008004580e-03 -9.369484149e-03 3.490084084e-03
    endloop
  endfacet
  facet normal 7.094627945e-04 -9.745157957e-01 2.243178487e-01
    outer loop
      vertex -3.493935335e-03 -9.955993854e-03 9.594829753e-04
      vertex 2.008004580e-03 -9.369484149e-03 3.490084084e-03
      vertex -3.491992829e-03 -9.372365661e-03 3.494961187e-03
    endloop
  endfacet
  facet normal 8.780465578e-04 -8.836650252e-01 4.681189954e-01
    outer loop
      vertex -3.491992829e-03 -9.372365661e-03 3.494961187e-03
      vertex 2.008004580e-03 -9.369484149e-03 3.490084084e-03
      vertex 2.009405056e-03 -8.151538670e-03 5.789189599e-03
    endloop
  endfacet
  facet normal 8.780465578e-04 -8.836650252e-01 4.681189954e-01
    outer loop
      vertex -3.491992829e-03 -9.372365661e-03 3.494961187e-03
      vertex 2.009405056e-03 -8.151538670e-03 5.789189599e-03
      vertex -3.490592120e-03 -8.154420182e-03 5.794066470e-03
    endloop
  endfacet
  facet normal 9.871927323e-04 -7.329965830e-01 6.802316308e-01
    outer loop
      vertex -3.490592120e-03 -8.154420182e-03 5.794066470e-03
      vertex 2.009405056e-03 -8.151538670e-03 5.789189599e-03
      vertex 2.010168973e-03 -6.381722633e-03 7.696287241e-03
    endloop
  endfacet
  facet normal 9.871927323e-04 -7.329965830e-01 6.802316308e-01
    outer loop
      vertex -3.490592120e-03 -8.154420182e-03 5.794066470e-03
      vertex 2.010168973e-03 -6.381722633e-03 7.696287241e-03
      vertex -3.489828436e-03 -6.384604145e-03 7.701164111e-03
    endloop
  endfacet
  facet normal 1.029513078e-03 -5.327097774e-01 8.462973237e-01
    outer loop
      vertex -3.489828436e-03 -6.384604145e-03 7.701164111e-03
      vertex 2.010168973e-03 -6.381722633e-03 7.696287241e-03
      vertex 2.010244178e-03 -4.179839510e-03 9.082282893e-03
    endloop
  endfacet
  facet normal 1.029513078e-03 -5.327097774e-01 8.462973237e-01
    outer loop
      vertex -3.489828436e-03 -6.384604145e-03 7.701164111e-03
      vertex 2.010244178e-03 -4.179839510e-03 9.082282893e-03
      vertex -3.489752999e-03 -4.182721023e-03 9.087160230e-03
    endloop
  endfacet
  facet normal 7.134022308e-04 -9.733155370e-01 2.294697762e-01
    outer loop
      vertex 2.033095574e-03 4.256613553e-03 3.983782977e-02
      vertex -3.466901602e-03 4.253732041e-03 3.984270617e-02
      vertex 2.011177596e-03 -2.514159074e-03 1.111909002e-02
    endloop
  endfacet
  facet normal 7.134022308e-04 -9.733155370e-01 2.294697762e-01
    outer loop
      vertex 2.011177596e-03 -2.514159074e-03 1.111909002e-02
      vertex -3.466901602e-03 4.253732041e-03 3.984270617e-02
      vertex -3.488819581e-03 -2.517040586e-03 1.112396643e-02
    endloop
  endfacet
  facet normal -7.134022308e-04 9.733155370e-01 -2.294697762e-01
    outer loop
      vertex 2.004043665e-03 7.218996063e-03 8.824392222e-03
      vertex -3.495953744e-03 7.216114551e-03 8.829269558e-03
      vertex 2.025961643e-03 1.398976892e-02 3.754313290e-02
    endloop
  endfacet
  facet normal -7.134022308e-04 9.733155370e-01 -2.294697762e-01
    outer loop
      vertex 2.025961643e-03 1.398976892e-02 3.754313290e-02
      vertex -3.495953744e-03 7.216114551e-03 8.829269558e-03
      vertex -3.474035766e-03 1.398688741e-02 3.754800931e-02
    endloop
  endfacet
  facet normal -1.028684666e-03 5.502477288e-01 -8.350008726e-01
    outer loop
      vertex 2.026895061e-03 1.565544866e-02 3.957993910e-02
      vertex 2.026849426e-03 1.490022242e-02 3.908226267e-02
      vertex -3.473102348e-03 1.565256715e-02 3.958481550e-02
    endloop
  endfacet
  facet normal 1.140743867e-02 6.117488146e-01 -7.909698486e-01
    outer loop
      vertex -3.473102348e-03 1.565256715e-02 3.958481550e-02
      vertex 2.026849426e-03 1.490022242e-02 3.908226267e-02
      vertex -3.473275108e-03 1.458451618e-02 3.875876591e-02
    endloop
  endfacet
  facet normal -8.172267699e-04 9.276021719e-01 -3.735687137e-01
    outer loop
      vertex 2.025961643e-03 1.398976892e-02 3.754313290e-02
      vertex -3.474035766e-03 1.398688741e-02 3.754800931e-02
      vertex 2.026528586e-03 1.432764810e-02 3.838211298e-02
    endloop
  endfacet
  facet normal 1.156711392e-02 8.966482282e-01 -4.425925016e-01
    outer loop
      vertex 2.026528586e-03 1.432764810e-02 3.838211298e-02
      vertex -3.474035766e-03 1.398688741e-02 3.754800931e-02
      vertex -3.473275108e-03 1.458451618e-02 3.875876591e-02
    endloop
  endfacet
  facet normal -9.373180801e-04 8.197425604e-01 -5.727314353e-01
    outer loop
      vertex 2.026528586e-03 1.432764810e-02 3.838211298e-02
      vertex -3.473275108e-03 1.458451618e-02 3.875876591e-02
      vertex 2.026722068e-03 1.458739769e-02 3.875388950e-02
    endloop
  endfacet
  facet normal -9.909468936e-04 7.240397930e-01 -6.897575259e-01
    outer loop
      vertex 2.026722068e-03 1.458739769e-02 3.875388950e-02
      vertex -3.473275108e-03 1.458451618e-02 3.875876591e-02
      vertex 2.026849426e-03 1.490022242e-02 3.908226267e-02
    endloop
  endfacet
  facet normal 5.932734348e-04 -9.967845082e-01 8.012646437e-02
    outer loop
      vertex 2.033095574e-03 4.256613553e-03 3.983782977e-02
      vertex 2.033857163e-03 4.329085350e-03 4.073938355e-02
      vertex -3.466901602e-03 4.253732041e-03 3.984270617e-02
    endloop
  endfacet
  facet normal 1.295721345e-02 -9.999057651e-01 4.540834110e-03
    outer loop
      vertex -3.466901602e-03 4.253732041e-03 3.984270617e-02
      vertex 2.033857163e-03 4.329085350e-03 4.073938355e-02
      vertex -3.465707647e-03 4.259879235e-03 4.119291157e-02
    endloop
  endfacet
  facet normal 8.848799553e-06 -8.652895093e-01 -5.012724996e-01
    outer loop
      vertex 2.035675338e-03 3.676181193e-03 4.240418226e-02
      vertex -3.464321839e-03 3.673299681e-03 4.240905866e-02
      vertex 2.034743782e-03 4.129562993e-03 4.162156209e-02
    endloop
  endfacet
  facet normal 1.251595188e-02 -9.006280899e-01 -4.344104528e-01
    outer loop
      vertex 2.034743782e-03 4.129562993e-03 4.162156209e-02
      vertex -3.464321839e-03 3.673299681e-03 4.240905866e-02
      vertex -3.465707647e-03 4.259879235e-03 4.119291157e-02
    endloop
  endfacet
  facet normal 2.403830149e-04 -9.558996558e-01 -2.936934233e-01
    outer loop
      vertex 2.034743782e-03 4.129562993e-03 4.162156209e-02
      vertex -3.465707647e-03 4.259879235e-03 4.119291157e-02
      vertex 2.034289762e-03 4.262760747e-03 4.118803516e-02
    endloop
  endfacet
  facet normal 3.886018530e-04 -9.892487526e-01 -1.462419629e-01
    outer loop
      vertex 2.034289762e-03 4.262760747e-03 4.118803516e-02
      vertex -3.465707647e-03 4.259879235e-03 4.119291157e-02
      vertex 2.033857163e-03 4.329085350e-03 4.073938355e-02
    endloop
  endfacet
  facet normal 1.028684666e-03 -5.502477288e-01 8.350008726e-01
    outer loop
      vertex 2.010244178e-03 -4.179839510e-03 9.082282893e-03
      vertex 2.010289812e-03 -3.424612572e-03 9.579961188e-03
      vertex -3.489752999e-03 -4.182721023e-03 9.087160230e-03
    endloop
  endfacet
  facet normal 1.345113851e-02 -6.117357612e-01 7.909477949e-01
    outer loop
      vertex -3.489752999e-03 -4.182721023e-03 9.087160230e-03
      vertex 2.010289812e-03 -3.424612572e-03 9.579961188e-03
      vertex -3.489580005e-03 -3.114669584e-03 9.913210757e-03
    endloop
  endfacet
  facet normal 8.172268863e-04 -9.276021123e-01 3.735688627e-01
    outer loop
      vertex 2.011177596e-03 -2.514159074e-03 1.111909002e-02
      vertex -3.488819581e-03 -2.517040586e-03 1.112396643e-02
      vertex 2.010610653e-03 -2.852038015e-03 1.028010994e-02
    endloop
  endfacet
  facet normal 1.329150237e-02 -8.966351748e-01 4.425705969e-01
    outer loop
      vertex 2.010610653e-03 -2.852038015e-03 1.028010994e-02
      vertex -3.488819581e-03 -2.517040586e-03 1.112396643e-02
      vertex -3.489580005e-03 -3.114669584e-03 9.913210757e-03
    endloop
  endfacet
  facet normal 9.373180801e-04 -8.197425604e-01 5.727314353e-01
    outer loop
      vertex 2.010610653e-03 -2.852038015e-03 1.028010994e-02
      vertex -3.489580005e-03 -3.114669584e-03 9.913210757e-03
      vertex 2.010417171e-03 -3.111788072e-03 9.908333421e-03
    endloop
  endfacet
  facet normal 9.909468936e-04 -7.240397930e-01 6.897575259e-01
    outer loop
      vertex 2.010417171e-03 -3.111788072e-03 9.908333421e-03
      vertex -3.489580005e-03 -3.114669584e-03 9.913210757e-03
      vertex 2.010289812e-03 -3.424612572e-03 9.579961188e-03
    endloop
  endfacet
  facet normal -5.932732602e-04 9.967845678e-01 -8.012630790e-02
    outer loop
      vertex 2.004043665e-03 7.218996063e-03 8.824392222e-03
      vertex 2.003282309e-03 7.146524265e-03 7.922839373e-03
      vertex -3.495953744e-03 7.216114551e-03 8.829269558e-03
    endloop
  endfacet
  facet normal 1.190140285e-02 9.999187589e-01 -4.562721588e-03
    outer loop
      vertex -3.495953744e-03 7.216114551e-03 8.829269558e-03
      vertex 2.003282309e-03 7.146524265e-03 7.922839373e-03
      vertex -3.497147700e-03 7.209967356e-03 7.479064632e-03
    endloop
  endfacet
  facet normal -8.848799553e-06 8.652895093e-01 5.012724996e-01
    outer loop
      vertex 2.001463901e-03 7.799428422e-03 6.258039735e-03
      vertex -3.498533275e-03 7.796546910e-03 6.262916606e-03
      vertex 2.002395457e-03 7.346047089e-03 7.040660363e-03
    endloop
  endfacet
  facet normal 1.234262530e-02 9.006410837e-01 4.343883991e-01
    outer loop
      vertex 2.002395457e-03 7.346047089e-03 7.040660363e-03
      vertex -3.498533275e-03 7.796546910e-03 6.262916606e-03
      vertex -3.497147700e-03 7.209967356e-03 7.479064632e-03
    endloop
  endfacet
  facet normal -2.403830149e-04 9.558996558e-01 2.936934233e-01
    outer loop
      vertex 2.002395457e-03 7.346047089e-03 7.040660363e-03
      vertex -3.497147700e-03 7.209967356e-03 7.479064632e-03
      vertex 2.002849709e-03 7.212848868e-03 7.474187762e-03
    endloop
  endfacet
  facet normal -3.886018530e-04 9.892487526e-01 1.462419629e-01
    outer loop
      vertex 2.002849709e-03 7.212848868e-03 7.474187762e-03
      vertex -3.497147700e-03 7.209967356e-03 7.479064632e-03
      vertex 2.003282309e-03 7.146524265e-03 7.922839373e-03
    endloop
  endfacet
  facet normal 7.033517361e-01 3.786554337e-01 -6.015948653e-01
    outer loop
      vertex 3.528431058e-03 1.502910163e-02 4.094121605e-02
      vertex 2.026895061e-03 1.565544866e-02 3.957993910e-02
      vertex 2.026970498e-03 1.785733178e-02 4.096593708e-02
    endloop
  endfacet
  facet normal 7.033516765e-01 3.786554039e-01 -6.015949249e-01
    outer loop
      vertex 3.528431058e-03 1.502910163e-02 4.094121605e-02
      vertex 2.026970498e-03 1.785733178e-02 4.096593708e-02
      vertex 3.528495086e-03 1.690070331e-02 4.211931303e-02
    endloop
  endfacet
  facet normal 7.033817768e-01 5.208826661e-01 -4.836686254e-01
    outer loop
      vertex 3.528495086e-03 1.690070331e-02 4.211931303e-02
      vertex 2.026970498e-03 1.785733178e-02 4.096593708e-02
      vertex 2.027734183e-03 1.962714829e-02 4.287303239e-02
    endloop
  endfacet
  facet normal 7.033817768e-01 5.208826661e-01 -4.836685956e-01
    outer loop
      vertex 3.528495086e-03 1.690070331e-02 4.211931303e-02
      vertex 2.027734183e-03 1.962714829e-02 4.287303239e-02
      vertex 3.529144451e-03 1.840504631e-02 4.374034703e-02
    endloop
  endfacet
  facet normal 7.034592628e-01 6.278748512e-01 -3.330439031e-01
    outer loop
      vertex 3.529144451e-03 1.840504631e-02 4.374034703e-02
      vertex 2.027734183e-03 1.962714829e-02 4.287303239e-02
      vertex 2.029134659e-03 2.084509470e-02 4.517214000e-02
    endloop
  endfacet
  facet normal 7.034594417e-01 6.278747916e-01 -3.330436349e-01
    outer loop
      vertex 3.529144451e-03 1.840504631e-02 4.374034703e-02
      vertex 2.029134659e-03 2.084509470e-02 4.517214000e-02
      vertex 3.530334914e-03 1.944029890e-02 4.569458589e-02
    endloop
  endfacet
  facet normal 7.035791278e-01 6.923894286e-01 -1.599163264e-01
    outer loop
      vertex 3.530334914e-03 1.944029890e-02 4.569458589e-02
      vertex 2.029134659e-03 2.084509470e-02 4.517214000e-02
      vertex 2.031077165e-03 2.142872103e-02 4.770761728e-02
    endloop
  endfacet
  facet normal 7.035788298e-01 6.923896670e-01 -1.599167734e-01
    outer loop
      vertex 3.530334914e-03 1.944029890e-02 4.569458589e-02
      vertex 2.031077165e-03 2.142872103e-02 4.770761728e-02
      vertex 3.531985916e-03 1.993638463e-02 4.784974456e-02
    endloop
  endfacet
  facet normal 7.037326694e-01 7.100595832e-01 2.399371751e-02
    outer loop
      vertex 3.531985916e-03 1.993638463e-02 4.784974456e-02
      vertex 2.031077165e-03 2.142872103e-02 4.770761728e-02
      vertex 2.033430152e-03 2.133852616e-02 5.030783266e-02
    endloop
  endfacet
  facet normal 7.037327886e-01 7.100595236e-01 2.399382740e-02
    outer loop
      vertex 3.531985916e-03 1.993638463e-02 4.784974456e-02
      vertex 2.033430152e-03 2.133852616e-02 5.030783266e-02
      vertex 3.533985931e-03 1.985971630e-02 5.005992949e-02
    endloop
  endfacet
  facet normal 7.039102912e-01 6.796885133e-01 2.062372863e-01
    outer loop
      vertex 3.533985931e-03 1.985971630e-02 5.005992949e-02
      vertex 2.033430152e-03 2.133852616e-02 5.030783266e-02
      vertex 2.036034130e-03 2.058061212e-02 5.279677734e-02
    endloop
  endfacet
  facet normal 7.039104700e-01 6.796882749e-01 2.062374353e-01
    outer loop
      vertex 3.533985931e-03 1.985971630e-02 5.005992949e-02
      vertex 2.036034130e-03 2.058061212e-02 5.279677734e-02
      vertex 3.536199220e-03 1.921548881e-02 5.217552930e-02
    endloop
  endfacet
  facet normal 7.040996552e-01 6.033322811e-01 3.744781017e-01
    outer loop
      vertex 3.536199220e-03 1.921548881e-02 5.217552930e-02
      vertex 2.036034130e-03 2.058061212e-02 5.279677734e-02
      vertex 2.038713079e-03 1.920628175e-02 5.500596017e-02
    endloop
  endfacet
  facet normal 7.040995359e-01 6.033324599e-01 3.744780421e-01
    outer loop
      vertex 3.536199220e-03 1.921548881e-02 5.217552930e-02
      vertex 2.038713079e-03 1.920628175e-02 5.500596017e-02
      vertex 3.538476536e-03 1.804731041e-02 5.405333638e-02
    endloop
  endfacet
  facet normal 7.042875886e-01 4.861600697e-01 5.173271298e-01
    outer loop
      vertex 3.538476536e-03 1.804731041e-02 5.405333638e-02
      vertex 2.038713079e-03 1.920628175e-02 5.500596017e-02
      vertex 2.041285625e-03 1.730857231e-02 5.678583682e-02
    endloop
  endfacet
  facet normal 7.042875886e-01 4.861600995e-01 5.173271298e-01
    outer loop
      vertex 3.538476536e-03 1.804731041e-02 5.405333638e-02
      vertex 2.041285625e-03 1.730857231e-02 5.678583682e-02
      vertex 3.540663049e-03 1.643425785e-02 5.556622893e-02
    endloop
  endfacet
  facet normal 7.044617534e-01 3.361033797e-01 6.251145005e-01
    outer loop
      vertex 3.540663049e-03 1.643425785e-02 5.556622893e-02
      vertex 2.041285625e-03 1.730857231e-02 5.678583682e-02
      vertex 2.043577377e-03 1.501594298e-02 5.801592395e-02
    endloop
  endfacet
  facet normal 7.044616938e-01 3.361034989e-01 6.251145005e-01
    outer loop
      vertex 3.540663049e-03 1.643425785e-02 5.556622893e-02
      vertex 2.043577377e-03 1.501594298e-02 5.801592395e-02
      vertex 3.542611143e-03 1.448552217e-02 5.661180615e-02
    endloop
  endfacet
  facet normal 7.046102285e-01 1.633197516e-01 6.905440688e-01
    outer loop
      vertex 3.542611143e-03 1.448552217e-02 5.661180615e-02
      vertex 2.043577377e-03 1.501594298e-02 5.801592395e-02
      vertex 2.045433503e-03 1.248358749e-02 5.861295387e-02
    endloop
  endfacet
  facet normal 7.046102285e-01 1.633197516e-01 6.905440688e-01
    outer loop
      vertex 3.542611143e-03 1.448552217e-02 5.661180615e-02
      vertex 2.045433503e-03 1.248358749e-02 5.861295387e-02
      vertex 3.544188803e-03 1.233301964e-02 5.711928010e-02
    endloop
  endfacet
  facet normal 7.047230601e-01 -2.049450204e-02 7.091864347e-01
    outer loop
      vertex 3.544188803e-03 1.233301964e-02 5.711928010e-02
      vertex 2.045433503e-03 1.248358749e-02 5.861295387e-02
      vertex 2.046728274e-03 9.882927872e-03 5.853651464e-02
    endloop
  endfacet
  facet normal 7.047231197e-01 -2.049459890e-02 7.091863155e-01
    outer loop
      vertex 3.544188803e-03 1.233301964e-02 5.711928010e-02
      vertex 2.046728274e-03 9.882927872e-03 5.853651464e-02
      vertex 3.545289394e-03 1.012245845e-02 5.705430731e-02
    endloop
  endfacet
  facet normal 7.047926188e-01 -2.028962374e-01 6.797797084e-01
    outer loop
      vertex 3.545289394e-03 1.012245845e-02 5.705430731e-02
      vertex 2.046728274e-03 9.882927872e-03 5.853651464e-02
      vertex 2.047373913e-03 7.390010636e-03 5.779177323e-02
    endloop
  endfacet
  facet normal 7.047926188e-01 -2.028962672e-01 6.797797084e-01
    outer loop
      vertex 3.545289394e-03 1.012245845e-02 5.705430731e-02
      vertex 2.047373913e-03 7.390010636e-03 5.779177323e-02
      vertex 3.545838175e-03 8.003479801e-03 5.642127618e-02
    endloop
  endfacet
  facet normal 7.048140764e-01 -3.715386093e-01 6.043146253e-01
    outer loop
      vertex 3.545838175e-03 8.003479801e-03 5.642127618e-02
      vertex 2.047373913e-03 7.390010636e-03 5.779177323e-02
      vertex 2.047326881e-03 5.173587706e-03 5.642915145e-02
    endloop
  endfacet
  facet normal 7.048141956e-01 -3.715386391e-01 6.043144464e-01
    outer loop
      vertex 3.545838175e-03 8.003479801e-03 5.642127618e-02
      vertex 2.047326881e-03 5.173587706e-03 5.642915145e-02
      vertex 3.545798128e-03 6.119519938e-03 5.526304618e-02
    endloop
  endfacet
  facet normal 7.047861218e-01 -5.150055885e-01 4.878993928e-01
    outer loop
      vertex 3.545798128e-03 6.119519938e-03 5.526304618e-02
      vertex 2.047326881e-03 5.173587706e-03 5.642915145e-02
      vertex 2.046590438e-03 3.383695614e-03 5.454088002e-02
    endloop
  endfacet
  facet normal 7.047859430e-01 -5.150055289e-01 4.878996611e-01
    outer loop
      vertex 3.545798128e-03 6.119519938e-03 5.526304618e-02
      vertex 2.046590438e-03 3.383695614e-03 5.454088002e-02
      vertex 3.545172047e-03 4.598111380e-03 5.365801975e-02
    endloop
  endfacet
  facet normal 7.047102451e-01 -6.235853434e-01 3.384150565e-01
    outer loop
      vertex 3.545172047e-03 4.598111380e-03 5.365801975e-02
      vertex 2.046590438e-03 3.383695614e-03 5.454088002e-02
      vertex 2.045213943e-03 2.141495934e-03 5.225479230e-02
    endloop
  endfacet
  facet normal 7.047101855e-01 -6.235853434e-01 3.384152055e-01
    outer loop
      vertex 3.545172047e-03 4.598111380e-03 5.365801975e-02
      vertex 2.045213943e-03 2.141495934e-03 5.225479230e-02
      vertex 3.544002306e-03 3.542241175e-03 5.171484128e-02
    endloop
  endfacet
  facet normal 7.045920491e-01 -6.899279952e-01 1.659801304e-01
    outer loop
      vertex 3.544002306e-03 3.542241175e-03 5.171484128e-02
      vertex 2.045213943e-03 2.141495934e-03 5.225479230e-02
      vertex 2.043291228e-03 1.531076501e-03 4.972562939e-02
    endloop
  endfacet
  facet normal 7.045923471e-01 -6.899278164e-01 1.659796685e-01
    outer loop
      vertex 3.544002306e-03 3.542241175e-03 5.171484128e-02
      vertex 2.043291228e-03 1.531076501e-03 4.972562939e-02
      vertex 3.542367835e-03 3.023386002e-03 4.956505448e-02
    endloop
  endfacet
  facet normal 7.044396996e-01 -7.095422745e-01 -1.773315482e-02
    outer loop
      vertex 3.542367835e-03 3.023386002e-03 4.956505448e-02
      vertex 2.043291228e-03 1.531076501e-03 4.972562939e-02
      vertex 2.040951978e-03 1.593760098e-03 4.712460190e-02
    endloop
  endfacet
  facet normal 7.044395208e-01 -7.095424533e-01 -1.773295365e-02
    outer loop
      vertex 3.542367835e-03 3.023386002e-03 4.956505448e-02
      vertex 2.040951978e-03 1.593760098e-03 4.712460190e-02
      vertex 3.540379461e-03 3.076666268e-03 4.735418037e-02
    endloop
  endfacet
  facet normal 7.042627931e-01 -6.811011434e-01 -2.002878189e-01
    outer loop
      vertex 3.540379461e-03 3.076666268e-03 4.735418037e-02
      vertex 2.040951978e-03 1.593760098e-03 4.712460190e-02
      vertex 2.038354753e-03 2.325301291e-03 4.462778196e-02
    endloop
  endfacet
  facet normal 7.042627335e-01 -6.811011434e-01 -2.002877891e-01
    outer loop
      vertex 3.540379461e-03 3.076666268e-03 4.735418037e-02
      vertex 2.038354753e-03 2.325301291e-03 4.462778196e-02
      vertex 3.538171761e-03 3.698476357e-03 4.523188248e-02
    endloop
  endfacet
  facet normal 7.040737867e-01 -6.065292954e-01 -3.693268299e-01
    outer loop
      vertex 3.538171761e-03 3.698476357e-03 4.523188248e-02
      vertex 2.038354753e-03 2.325301291e-03 4.462778196e-02
      vertex 2.035675338e-03 3.676181193e-03 4.240418226e-02
    endloop
  endfacet
  facet normal 7.040738463e-01 -6.065291762e-01 -3.693268597e-01
    outer loop
      vertex 3.538171761e-03 3.698476357e-03 4.523188248e-02
      vertex 2.035675338e-03 3.676181193e-03 4.240418226e-02
      vertex 3.535894211e-03 4.846724216e-03 4.334182292e-02
    endloop
  endfacet
  facet normal 7.024502754e-01 6.600404382e-01 -2.662898600e-01
    outer loop
      vertex 3.527881345e-03 1.303740032e-02 3.914447874e-02
      vertex 3.527031047e-03 1.253058109e-02 3.788600489e-02
      vertex 2.025961643e-03 1.398976892e-02 3.754313290e-02
    endloop
  endfacet
  facet normal 7.022999525e-01 3.916815519e-01 -5.944411755e-01
    outer loop
      vertex 2.026895061e-03 1.565544866e-02 3.957993910e-02
      vertex 3.528431058e-03 1.502910163e-02 4.094121605e-02
      vertex 2.026849426e-03 1.490022242e-02 3.908226267e-02
    endloop
  endfacet
  facet normal 7.022999525e-01 3.916815519e-01 -5.944411755e-01
    outer loop
      vertex 2.026849426e-03 1.490022242e-02 3.908226267e-02
      vertex 3.528431058e-03 1.502910163e-02 4.094121605e-02
      vertex 3.528362606e-03 1.389626227e-02 4.019470140e-02
    endloop
  endfacet
  facet normal 7.053910494e-01 5.130762458e-01 -4.890564680e-01
    outer loop
      vertex 2.026849426e-03 1.490022242e-02 3.908226267e-02
      vertex 3.528362606e-03 1.389626227e-02 4.019470140e-02
      vertex 2.026722068e-03 1.458739769e-02 3.875388950e-02
    endloop
  endfacet
  facet normal 6.939736009e-01 5.572007895e-01 -4.559911489e-01
    outer loop
      vertex 2.026722068e-03 1.458739769e-02 3.875388950e-02
      vertex 3.528362606e-03 1.389626227e-02 4.019470140e-02
      vertex 3.527881345e-03 1.303740032e-02 3.914447874e-02
    endloop
  endfacet
  facet normal 7.054289579e-01 5.808452368e-01 -4.061881304e-01
    outer loop
      vertex 2.026722068e-03 1.458739769e-02 3.875388950e-02
      vertex 3.527881345e-03 1.303740032e-02 3.914447874e-02
      vertex 2.026528586e-03 1.432764810e-02 3.838211298e-02
    endloop
  endfacet
  facet normal 7.024502754e-01 6.600403786e-01 -2.662899196e-01
    outer loop
      vertex 2.026528586e-03 1.432764810e-02 3.838211298e-02
      vertex 3.527881345e-03 1.303740032e-02 3.914447874e-02
      vertex 2.025961643e-03 1.398976892e-02 3.754313290e-02
    endloop
  endfacet
  facet normal 7.030377984e-01 -6.149895191e-01 -3.571074605e-01
    outer loop
      vertex 3.535894211e-03 4.846724216e-03 4.334182292e-02
      vertex 2.035675338e-03 3.676181193e-03 4.240418226e-02
      vertex 3.534496995e-03 5.526796449e-03 4.216789454e-02
    endloop
  endfacet
  facet normal 7.030377984e-01 -6.149895191e-01 -3.571074903e-01
    outer loop
      vertex 3.534496995e-03 5.526796449e-03 4.216789454e-02
      vertex 2.035675338e-03 3.676181193e-03 4.240418226e-02
      vertex 2.034743782e-03 4.129562993e-03 4.162156209e-02
    endloop
  endfacet
  facet normal 7.032557726e-01 -6.932703853e-01 -1.575039476e-01
    outer loop
      vertex 3.534496995e-03 5.526796449e-03 4.216789454e-02
      vertex 2.034743782e-03 4.129562993e-03 4.162156209e-02
      vertex 3.533166833e-03 5.826080218e-03 4.084462300e-02
    endloop
  endfacet
  facet normal 7.034533620e-01 -7.085033655e-01 5.635922402e-02
    outer loop
      vertex 2.033095574e-03 4.256613553e-03 3.983782977e-02
      vertex 3.532024799e-03 5.717372522e-03 3.949229419e-02
      vertex 2.033857163e-03 4.329085350e-03 4.073938355e-02
    endloop
  endfacet
  facet normal 7.034533620e-01 -7.085033059e-01 5.635930225e-02
    outer loop
      vertex 2.033857163e-03 4.329085350e-03 4.073938355e-02
      vertex 3.532024799e-03 5.717372522e-03 3.949229419e-02
      vertex 3.533166833e-03 5.826080218e-03 4.084462300e-02
    endloop
  endfacet
  facet normal 7.063679099e-01 -7.001359463e-01 -1.041828170e-01
    outer loop
      vertex 2.033857163e-03 4.329085350e-03 4.073938355e-02
      vertex 3.533166833e-03 5.826080218e-03 4.084462300e-02
      vertex 2.034289762e-03 4.262760747e-03 4.118803516e-02
    endloop
  endfacet
  facet normal 6.807060242e-01 -7.000502348e-01 -2.157984823e-01
    outer loop
      vertex 2.034289762e-03 4.262760747e-03 4.118803516e-02
      vertex 3.533166833e-03 5.826080218e-03 4.084462300e-02
      vertex 2.034743782e-03 4.129562993e-03 4.162156209e-02
    endloop
  endfacet
  facet normal 7.066019177e-01 6.886085272e-01 -1.628866494e-01
    outer loop
      vertex 3.505113069e-03 5.759808701e-03 9.167267010e-03
      vertex 2.004043665e-03 7.218996063e-03 8.824392222e-03
      vertex 3.527031047e-03 1.253058109e-02 3.788600489e-02
    endloop
  endfacet
  facet normal 7.066019177e-01 6.886085272e-01 -1.628866494e-01
    outer loop
      vertex 3.527031047e-03 1.253058109e-02 3.788600489e-02
      vertex 2.004043665e-03 7.218996063e-03 8.824392222e-03
      vertex 2.025961643e-03 1.398976892e-02 3.754313290e-02
    endloop
  endfacet
  facet normal 7.076107860e-01 -6.878675818e-01 1.616326421e-01
    outer loop
      vertex 2.011177596e-03 -2.514159074e-03 1.111909002e-02
      vertex 3.510106821e-03 -1.053400105e-03 1.077355538e-02
      vertex 2.033095574e-03 4.256613553e-03 3.983782977e-02
    endloop
  endfacet
  facet normal 7.076107860e-01 -6.878675818e-01 1.616326421e-01
    outer loop
      vertex 2.033095574e-03 4.256613553e-03 3.983782977e-02
      vertex 3.510106821e-03 -1.053400105e-03 1.077355538e-02
      vertex 3.532024799e-03 5.717372522e-03 3.949229419e-02
    endloop
  endfacet
  facet normal 7.030251622e-01 6.157262921e-01 3.558605909e-01
    outer loop
      vertex 3.501243424e-03 6.630457472e-03 5.317738280e-03
      vertex 2.001463901e-03 7.799428422e-03 6.258039735e-03
      vertex 3.502640640e-03 5.950385239e-03 6.491669454e-03
    endloop
  endfacet
  facet normal 7.030251026e-01 6.157262921e-01 3.558607697e-01
    outer loop
      vertex 3.502640640e-03 5.950385239e-03 6.491669454e-03
      vertex 2.001463901e-03 7.799428422e-03 6.258039735e-03
      vertex 2.002395457e-03 7.346047089e-03 7.040660363e-03
    endloop
  endfacet
  facet normal 7.028071284e-01 6.940069199e-01 1.562578231e-01
    outer loop
      vertex 3.502640640e-03 5.950385239e-03 6.491669454e-03
      vertex 2.002395457e-03 7.346047089e-03 7.040660363e-03
      vertex 3.503970802e-03 5.651100539e-03 7.814936340e-03
    endloop
  endfacet
  facet normal 7.026095390e-01 7.092400193e-01 -5.760588497e-02
    outer loop
      vertex 2.004043665e-03 7.218996063e-03 8.824392222e-03
      vertex 3.505113069e-03 5.759808701e-03 9.167267010e-03
      vertex 2.003282309e-03 7.146524265e-03 7.922839373e-03
    endloop
  endfacet
  facet normal 7.026095986e-01 7.092399001e-01 -5.760614574e-02
    outer loop
      vertex 2.003282309e-03 7.146524265e-03 7.922839373e-03
      vertex 3.505113069e-03 5.759808701e-03 9.167267010e-03
      vertex 3.503970802e-03 5.651100539e-03 7.814936340e-03
    endloop
  endfacet
  facet normal 7.058176994e-01 7.008756399e-01 1.029305905e-01
    outer loop
      vertex 2.003282309e-03 7.146524265e-03 7.922839373e-03
      vertex 3.503970802e-03 5.651100539e-03 7.814936340e-03
      vertex 2.002849709e-03 7.212848868e-03 7.474187762e-03
    endloop
  endfacet
  facet normal 6.803539991e-01 7.007631063e-01 2.145915478e-01
    outer loop
      vertex 2.002849709e-03 7.212848868e-03 7.474187762e-03
      vertex 3.503970802e-03 5.651100539e-03 7.814936340e-03
      vertex 2.002395457e-03 7.346047089e-03 7.040660363e-03
    endloop
  endfacet
  facet normal 7.036126256e-01 -6.593037844e-01 2.650429904e-01
    outer loop
      vertex 3.509256290e-03 -1.560218749e-03 9.515083395e-03
      vertex 3.510106821e-03 -1.053400105e-03 1.077355538e-02
      vertex 2.011177596e-03 -2.514159074e-03 1.111909002e-02
    endloop
  endfacet
  facet normal 7.037630081e-01 -3.909449577e-01 5.931944847e-01
    outer loop
      vertex 2.010244178e-03 -4.179839510e-03 9.082282893e-03
      vertex 3.508706577e-03 -3.551920177e-03 7.718345150e-03
      vertex 2.010289812e-03 -3.424612572e-03 9.579961188e-03
    endloop
  endfacet
  facet normal 7.037629485e-01 -3.909451365e-01 5.931944251e-01
    outer loop
      vertex 2.010289812e-03 -3.424612572e-03 9.579961188e-03
      vertex 3.508706577e-03 -3.551920177e-03 7.718345150e-03
      vertex 3.508775029e-03 -2.419080585e-03 8.464862593e-03
    endloop
  endfacet
  facet normal 7.067943811e-01 -5.123364329e-01 4.878043532e-01
    outer loop
      vertex 2.010289812e-03 -3.424612572e-03 9.579961188e-03
      vertex 3.508775029e-03 -2.419080585e-03 8.464862593e-03
      vertex 2.010417171e-03 -3.111788072e-03 9.908333421e-03
    endloop
  endfacet
  facet normal 6.953647137e-01 -5.564724803e-01 4.547596574e-01
    outer loop
      vertex 2.010417171e-03 -3.111788072e-03 9.908333421e-03
      vertex 3.508775029e-03 -2.419080585e-03 8.464862593e-03
      vertex 3.509256290e-03 -1.560218749e-03 9.515083395e-03
    endloop
  endfacet
  facet normal 7.067565918e-01 -5.801052451e-01 4.049358368e-01
    outer loop
      vertex 2.010417171e-03 -3.111788072e-03 9.908333421e-03
      vertex 3.509256290e-03 -1.560218749e-03 9.515083395e-03
      vertex 2.010610653e-03 -2.852038015e-03 1.028010994e-02
    endloop
  endfacet
  facet normal 7.036127448e-01 -6.593036056e-01 2.650431991e-01
    outer loop
      vertex 2.010610653e-03 -2.852038015e-03 1.028010994e-02
      vertex 3.509256290e-03 -1.560218749e-03 9.515083395e-03
      vertex 2.011177596e-03 -2.514159074e-03 1.111909002e-02
    endloop
  endfacet
  facet normal 7.048138380e-01 -3.779177070e-01 6.003463268e-01
    outer loop
      vertex 3.508706577e-03 -3.551920177e-03 7.718345150e-03
      vertex 2.010244178e-03 -4.179839510e-03 9.082282893e-03
      vertex 2.010168973e-03 -6.381722633e-03 7.696287241e-03
    endloop
  endfacet
  facet normal 7.048138380e-01 -3.779177368e-01 6.003462672e-01
    outer loop
      vertex 3.508706577e-03 -3.551920177e-03 7.718345150e-03
      vertex 2.010168973e-03 -6.381722633e-03 7.696287241e-03
      vertex 3.508642549e-03 -5.423521157e-03 6.540248170e-03
    endloop
  endfacet
  facet normal 7.047837973e-01 -5.201448202e-01 4.824200869e-01
    outer loop
      vertex 3.508642549e-03 -5.423521157e-03 6.540248170e-03
      vertex 2.010168973e-03 -6.381722633e-03 7.696287241e-03
      vertex 2.009405056e-03 -8.151538670e-03 5.789189599e-03
    endloop
  endfacet
  facet normal 7.047839761e-01 -5.201448798e-01 4.824198186e-01
    outer loop
      vertex 3.508642549e-03 -5.423521157e-03 6.540248170e-03
      vertex 2.009405056e-03 -8.151538670e-03 5.789189599e-03
      vertex 3.507993417e-03 -6.927864626e-03 4.919214174e-03
    endloop
  endfacet
  facet normal 7.047063708e-01 -6.271370649e-01 3.317951560e-01
    outer loop
      vertex 3.507993417e-03 -6.927864626e-03 4.919214174e-03
      vertex 2.009405056e-03 -8.151538670e-03 5.789189599e-03
      vertex 2.008004580e-03 -9.369484149e-03 3.490084084e-03
    endloop
  endfacet
  facet normal 7.047064304e-01 -6.271370649e-01 3.317951262e-01
    outer loop
      vertex 3.507993417e-03 -6.927864626e-03 4.919214174e-03
      vertex 2.008004580e-03 -9.369484149e-03 3.490084084e-03
      vertex 3.506802954e-03 -7.963118143e-03 2.964976244e-03
    endloop
  endfacet
  facet normal 7.045867443e-01 -6.916517019e-01 1.586676836e-01
    outer loop
      vertex 3.506802954e-03 -7.963118143e-03 2.964976244e-03
      vertex 2.008004580e-03 -9.369484149e-03 3.490084084e-03
      vertex 2.006062074e-03 -9.953112341e-03 9.546061046e-04
    endloop
  endfacet
  facet normal 7.045864463e-01 -6.916519403e-01 1.586681306e-01
    outer loop
      vertex 3.506802954e-03 -7.963118143e-03 2.964976244e-03
      vertex 2.006062074e-03 -9.953112341e-03 9.546061046e-04
      vertex 3.505151719e-03 -8.459202945e-03 8.098196704e-04
    endloop
  endfacet
  facet normal 7.044326663e-01 -7.093217969e-01 -2.524225228e-02
    outer loop
      vertex 3.505151719e-03 -8.459202945e-03 8.098196704e-04
      vertex 2.006062074e-03 -9.953112341e-03 9.546061046e-04
      vertex 2.003709087e-03 -9.862915613e-03 -1.645613112e-03
    endloop
  endfacet
  facet normal 7.044329047e-01 -7.093215585e-01 -2.524251863e-02
    outer loop
      vertex 3.505151719e-03 -8.459202945e-03 8.098196704e-04
      vertex 2.003709087e-03 -9.862915613e-03 -1.645613112e-03
      vertex 3.503151936e-03 -8.382535540e-03 -1.400365029e-03
    endloop
  endfacet
  facet normal 7.042555213e-01 -6.789504290e-01 -2.074859887e-01
    outer loop
      vertex 3.503151936e-03 -8.382535540e-03 -1.400365029e-03
      vertex 2.003709087e-03 -9.862915613e-03 -1.645613112e-03
      vertex 2.001105109e-03 -9.105001576e-03 -4.134553950e-03
    endloop
  endfacet
  facet normal 7.042552233e-01 -6.789508462e-01 -2.074857056e-01
    outer loop
      vertex 3.503151936e-03 -8.382535540e-03 -1.400365029e-03
      vertex 2.001105109e-03 -9.105001576e-03 -4.134553950e-03
      vertex 3.500938416e-03 -7.738308050e-03 -3.515968099e-03
    endloop
  endfacet
  facet normal 7.040659785e-01 -6.025946736e-01 -3.757269382e-01
    outer loop
      vertex 3.500938416e-03 -7.738308050e-03 -3.515968099e-03
      vertex 2.001105109e-03 -9.105001576e-03 -4.134553950e-03
      vertex 1.998426160e-03 -7.730672602e-03 -6.343736779e-03
    endloop
  endfacet
  facet normal 7.040663362e-01 -6.025941968e-01 -3.757271171e-01
    outer loop
      vertex 3.500938416e-03 -7.738308050e-03 -3.515968099e-03
      vertex 1.998426160e-03 -7.730672602e-03 -6.343736779e-03
      vertex 3.498661332e-03 -6.570128258e-03 -5.393771455e-03
    endloop
  endfacet
  facet normal 7.038782239e-01 -4.854220450e-01 -5.185757875e-01
    outer loop
      vertex 3.498661332e-03 -6.570128258e-03 -5.393771455e-03
      vertex 1.998426160e-03 -7.730672602e-03 -6.343736779e-03
      vertex 1.995853614e-03 -5.832962692e-03 -8.123612963e-03
    endloop
  endfacet
  facet normal 7.038776278e-01 -4.854229987e-01 -5.185757279e-01
    outer loop
      vertex 3.498661332e-03 -6.570128258e-03 -5.393771455e-03
      vertex 1.995853614e-03 -5.832962692e-03 -8.123612963e-03
      vertex 3.496474586e-03 -4.957075696e-03 -6.906668656e-03
    endloop
  endfacet
  facet normal 7.037034631e-01 -3.353664577e-01 -6.263630986e-01
    outer loop
      vertex 3.496474586e-03 -4.957075696e-03 -6.906668656e-03
      vertex 1.995853614e-03 -5.832962692e-03 -8.123612963e-03
      vertex 1.993561862e-03 -3.540333593e-03 -9.353704751e-03
    endloop
  endfacet
  facet normal 7.037042379e-01 -3.353652954e-01 -6.263629198e-01
    outer loop
      vertex 3.496474586e-03 -4.957075696e-03 -6.906668656e-03
      vertex 1.993561862e-03 -3.540333593e-03 -9.353704751e-03
      vertex 3.494526492e-03 -3.008340020e-03 -7.952243090e-03
    endloop
  endfacet
  facet normal 7.035557032e-01 -1.625819057e-01 -6.917922497e-01
    outer loop
      vertex 3.494526492e-03 -3.008340020e-03 -7.952243090e-03
      vertex 1.993561862e-03 -3.540333593e-03 -9.353704751e-03
      vertex 1.991705736e-03 -1.007977990e-03 -9.950734675e-03
    endloop
  endfacet
  facet normal 7.035557032e-01 -1.625819057e-01 -6.917922497e-01
    outer loop
      vertex 3.494526492e-03 -3.008340020e-03 -7.952243090e-03
      vertex 1.991705736e-03 -1.007977990e-03 -9.950734675e-03
      vertex 3.492948832e-03 -8.558379486e-04 -8.459718898e-03
    endloop
  endfacet
  facet normal 7.034428120e-01 2.123297751e-02 -7.104346752e-01
    outer loop
      vertex 3.492948832e-03 -8.558379486e-04 -8.459718898e-03
      vertex 1.991705736e-03 -1.007977990e-03 -9.950734675e-03
      vertex 1.990410965e-03 1.592682209e-03 -9.874289855e-03
    endloop
  endfacet
  facet normal 7.034420371e-01 2.123207413e-02 -7.104354501e-01
    outer loop
      vertex 3.492948832e-03 -8.558379486e-04 -8.459718898e-03
      vertex 1.990410965e-03 1.592682209e-03 -9.874289855e-03
      vertex 3.491848474e-03 1.354722539e-03 -8.394744247e-03
    endloop
  endfacet
  facet normal 7.033725977e-01 2.036338896e-01 -6.810287833e-01
    outer loop
      vertex 3.491848474e-03 1.354722539e-03 -8.394744247e-03
      vertex 1.990410965e-03 1.592682209e-03 -9.874289855e-03
      vertex 1.989765326e-03 4.085598979e-03 -9.129552171e-03
    endloop
  endfacet
  facet normal 7.033732533e-01 2.036344409e-01 -6.810279489e-01
    outer loop
      vertex 3.491848474e-03 1.354722539e-03 -8.394744247e-03
      vertex 1.989765326e-03 4.085598979e-03 -9.129552171e-03
      vertex 3.491299460e-03 3.473702352e-03 -7.761714049e-03
    endloop
  endfacet
  facet normal 7.033517361e-01 3.722761869e-01 -6.055631638e-01
    outer loop
      vertex 3.491299460e-03 3.473702352e-03 -7.761714049e-03
      vertex 1.989765326e-03 4.085598979e-03 -9.129552171e-03
      vertex 1.989812357e-03 6.302021910e-03 -7.766928524e-03
    endloop
  endfacet
  facet normal 7.033514380e-01 3.722760081e-01 -6.055637002e-01
    outer loop
      vertex 3.491299460e-03 3.473702352e-03 -7.761714049e-03
      vertex 1.989812357e-03 6.302021910e-03 -7.766928524e-03
      vertex 3.491339507e-03 5.357661285e-03 -6.603485905e-03
    endloop
  endfacet
  facet normal 7.033795714e-01 5.157433152e-01 -4.891482294e-01
    outer loop
      vertex 3.491339507e-03 5.357661285e-03 -6.603485905e-03
      vertex 1.989812357e-03 6.302021910e-03 -7.766928524e-03
      vertex 1.990549034e-03 8.091913536e-03 -5.878660362e-03
    endloop
  endfacet
  facet normal 7.033798695e-01 5.157433748e-01 -4.891477525e-01
    outer loop
      vertex 3.491339507e-03 5.357661285e-03 -6.603485905e-03
      vertex 1.990549034e-03 8.091913536e-03 -5.878660362e-03
      vertex 3.491965588e-03 6.879070774e-03 -4.998455290e-03
    endloop
  endfacet
  facet normal 7.034553885e-01 6.243230104e-01 -3.396635354e-01
    outer loop
      vertex 3.491965588e-03 6.879070774e-03 -4.998455290e-03
      vertex 1.990549034e-03 8.091913536e-03 -5.878660362e-03
      vertex 1.991925295e-03 9.334114380e-03 -3.592568217e-03
    endloop
  endfacet
  facet normal 7.034551501e-01 6.243230700e-01 -3.396638930e-01
    outer loop
      vertex 3.491965588e-03 6.879070774e-03 -4.998455290e-03
      vertex 1.991925295e-03 9.334114380e-03 -3.592568217e-03
      vertex 3.493135562e-03 7.934940048e-03 -3.055278677e-03
    endloop
  endfacet
  facet normal 7.035732865e-01 6.906657219e-01 -1.672287583e-01
    outer loop
      vertex 3.493135562e-03 7.934940048e-03 -3.055278677e-03
      vertex 1.991925295e-03 9.334114380e-03 -3.592568217e-03
      vertex 1.993848011e-03 9.944532998e-03 -1.063406584e-03
    endloop
  endfacet
  facet normal 7.035735846e-01 6.906655431e-01 -1.672283113e-01
    outer loop
      vertex 3.493135562e-03 7.934940048e-03 -3.055278677e-03
      vertex 1.993848011e-03 9.944532998e-03 -1.063406584e-03
      vertex 3.494770033e-03 8.453795686e-03 -9.054905386e-04
    endloop
  endfacet
  facet normal 7.037261128e-01 7.102800608e-01 1.648443937e-02
    outer loop
      vertex 3.494770033e-03 8.453795686e-03 -9.054905386e-04
      vertex 1.993848011e-03 9.944532998e-03 -1.063406584e-03
      vertex 1.996187260e-03 9.881850332e-03 1.537621371e-03
    endloop
  endfacet
  facet normal 7.037261128e-01 7.102801204e-01 1.648441888e-02
    outer loop
      vertex 3.494770033e-03 8.453795686e-03 -9.054905386e-04
      vertex 1.996187260e-03 9.881850332e-03 1.537621371e-03
      vertex 3.496758174e-03 8.400515653e-03 1.305380836e-03
    endloop
  endfacet
  facet normal 7.039029598e-01 6.818386912e-01 1.990392506e-01
    outer loop
      vertex 3.496758174e-03 8.400515653e-03 1.305380836e-03
      vertex 1.996187260e-03 9.881850332e-03 1.537621371e-03
      vertex 1.998784486e-03 9.150308557e-03 4.034440964e-03
    endloop
  endfacet
  facet normal 7.039027810e-01 6.818389297e-01 1.990390867e-01
    outer loop
      vertex 3.496758174e-03 8.400515653e-03 1.305380836e-03
      vertex 1.998784486e-03 9.150308557e-03 4.034440964e-03
      vertex 3.498965874e-03 7.778705098e-03 3.427678719e-03
    endloop
  endfacet
  facet normal 7.040917277e-01 6.072670221e-01 3.680782020e-01
    outer loop
      vertex 3.498965874e-03 7.778705098e-03 3.427678719e-03
      vertex 1.998784486e-03 9.150308557e-03 4.034440964e-03
      vertex 2.001463901e-03 7.799428422e-03 6.258039735e-03
    endloop
  endfacet
  facet normal 7.040917277e-01 6.072670817e-01 3.680782020e-01
    outer loop
      vertex 3.498965874e-03 7.778705098e-03 3.427678719e-03
      vertex 2.001463901e-03 7.799428422e-03 6.258039735e-03
      vertex 3.501243424e-03 6.630457472e-03 5.317738280e-03
    endloop
  endfacet
  facet normal 9.999994636e-01 5.239087041e-04 -8.867111173e-04
    outer loop
      vertex -1.992902486e-03 -4.568894394e-03 5.305991042e-03
      vertex -1.993642654e-03 -5.984422751e-03 3.634841414e-03
      vertex -1.995043363e-03 -5.534675438e-03 2.321027452e-03
    endloop
  endfacet
  facet normal 9.999994636e-01 5.239087041e-04 -8.867111173e-04
    outer loop
      vertex -1.995043363e-03 -5.534675438e-03 2.321027452e-03
      vertex -1.993642654e-03 -5.984422751e-03 3.634841414e-03
      vertex -1.995005179e-03 -6.814256776e-03 1.608061139e-03
    endloop
  endfacet
  facet normal 9.999994636e-01 5.239087041e-04 -8.867111173e-04
    outer loop
      vertex -1.995043363e-03 -5.534675438e-03 2.321027452e-03
      vertex -1.995005179e-03 -6.814256776e-03 1.608061139e-03
      vertex -1.996510429e-03 -5.987910088e-03 3.985991934e-04
    endloop
  endfacet
  facet normal 9.999994636e-01 5.239087041e-04 -8.867111173e-04
    outer loop
      vertex -1.996510429e-03 -5.987910088e-03 3.985991934e-04
      vertex -1.995005179e-03 -6.814256776e-03 1.608061139e-03
      vertex -1.996856416e-03 -6.977166049e-03 -5.759538617e-04
    endloop
  endfacet
  facet normal 9.999994636e-01 5.239087041e-04 -8.867111173e-04
    outer loop
      vertex -1.996510429e-03 -5.987910088e-03 3.985991934e-04
      vertex -1.996856416e-03 -6.977166049e-03 -5.759538617e-04
      vertex -1.998355612e-03 -5.792375654e-03 -1.566833234e-03
    endloop
  endfacet
  facet normal 9.999994636e-01 5.239087041e-04 -8.867111173e-04
    outer loop
      vertex -1.998355612e-03 -5.792375654e-03 -1.566833234e-03
      vertex -1.996856416e-03 -6.977166049e-03 -5.759538617e-04
      vertex -1.999015221e-03 -6.457204465e-03 -2.703416394e-03
    endloop
  endfacet
  facet normal 9.999994636e-01 5.239087041e-04 -8.867111173e-04
    outer loop
      vertex -1.998355612e-03 -5.792375654e-03 -1.566833234e-03
      vertex -1.999015221e-03 -6.457204465e-03 -2.703416394e-03
      vertex -2.000378910e-03 -4.969260655e-03 -3.362280782e-03
    endloop
  endfacet
  facet normal 9.999994636e-01 5.239087041e-04 -8.867111173e-04
    outer loop
      vertex -2.000378910e-03 -4.969260655e-03 -3.362280782e-03
      vertex -1.999015221e-03 -6.457204465e-03 -2.703416394e-03
      vertex -2.001270419e-03 -5.305269267e-03 -4.566075746e-03
    endloop
  endfacet
  facet normal 9.999994636e-01 5.239087041e-04 -8.867111173e-04
    outer loop
      vertex -2.000378910e-03 -4.969260655e-03 -3.362280782e-03
      vertex -2.001270419e-03 -5.305269267e-03 -4.566075746e-03
      vertex -2.002360998e-03 -3.607762745e-03 -4.793182481e-03
    endloop
  endfacet
  facet normal 9.999994636e-01 5.239087041e-04 -8.867111173e-04
    outer loop
      vertex -2.002360998e-03 -3.607762745e-03 -4.793182481e-03
      vertex -2.001270419e-03 -5.305269267e-03 -4.566075746e-03
      vertex -2.003401052e-03 -3.634119639e-03 -5.981602240e-03
    endloop
  endfacet
  facet normal 9.999994636e-01 5.239087041e-04 -8.867111173e-04
    outer loop
      vertex -2.002360998e-03 -3.607762745e-03 -4.793182481e-03
      vertex -2.003401052e-03 -3.634119639e-03 -5.981602240e-03
      vertex -2.004087204e-03 -1.855421113e-03 -5.704474170e-03
    endloop
  endfacet
  facet normal 9.999994636e-01 5.239087041e-04 -8.867111173e-04
    outer loop
      vertex -2.004087204e-03 -1.855421113e-03 -5.704474170e-03
      vertex -2.003401052e-03 -3.634119639e-03 -5.981602240e-03
      vertex -2.005198738e-03 -1.607339829e-03 -6.811434403e-03
    endloop
  endfacet
  facet normal 9.999994636e-01 5.239087041e-04 -8.867111173e-04
    outer loop
      vertex -2.004087204e-03 -1.855421113e-03 -5.704474170e-03
      vertex -2.005198738e-03 -1.607339829e-03 -6.811434403e-03
      vertex -2.005370334e-03 9.787009185e-05 -5.997408181e-03
    endloop
  endfacet
  facet normal 9.999994636e-01 5.239087041e-04 -8.867111173e-04
    outer loop
      vertex -2.005370334e-03 9.787009185e-05 -5.997408181e-03
      vertex -2.005198738e-03 -1.607339829e-03 -6.811434403e-03
      vertex -2.006487455e-03 5.766748218e-04 -6.974343210e-03
    endloop
  endfacet
  facet normal 9.999994636e-01 5.239087041e-04 -8.867111173e-04
    outer loop
      vertex -2.005370334e-03 9.787009185e-05 -5.997408181e-03
      vertex -2.006487455e-03 5.766748218e-04 -6.974343210e-03
      vertex -2.006071387e-03 2.040441846e-03 -5.640238058e-03
    endloop
  endfacet
  facet normal 9.999994636e-01 5.239087041e-04 -8.867111173e-04
    outer loop
      vertex -2.006071387e-03 2.040441846e-03 -5.640238058e-03
      vertex -2.006487455e-03 5.766748218e-04 -6.974343210e-03
      vertex -2.007141011e-03 2.704138169e-03 -6.454381160e-03
    endloop
  endfacet
  facet normal 9.999994636e-01 5.239087041e-04 -8.867111173e-04
    outer loop
      vertex -2.006071387e-03 2.040441846e-03 -5.640238058e-03
      vertex -2.007141011e-03 2.704138169e-03 -6.454381160e-03
      vertex -2.006114228e-03 3.761786735e-03 -4.671667237e-03
    endloop
  endfacet
  facet normal 9.999994636e-01 5.239087041e-04 -8.867111173e-04
    outer loop
      vertex -2.006114228e-03 3.761786735e-03 -4.671667237e-03
      vertex -2.007141011e-03 2.704138169e-03 -6.454381160e-03
      vertex -2.007095376e-03 4.566798452e-03 -5.302445497e-03
    endloop
  endfacet
  facet normal 9.999994636e-01 5.239087041e-04 -8.867111173e-04
    outer loop
      vertex -2.006114228e-03 3.761786735e-03 -4.671667237e-03
      vertex -2.007095376e-03 4.566798452e-03 -5.302445497e-03
      vertex -2.005494665e-03 5.075370427e-03 -3.196655540e-03
    endloop
  endfacet
  facet normal 9.999994636e-01 5.239087041e-04 -8.867111173e-04
    outer loop
      vertex -2.005494665e-03 5.075370427e-03 -3.196655540e-03
      vertex -2.007095376e-03 4.566798452e-03 -5.302445497e-03
      vertex -2.006355207e-03 5.982326809e-03 -3.631295869e-03
    endloop
  endfacet
  facet normal 9.999994636e-01 5.239087041e-04 -8.867111173e-04
    outer loop
      vertex -2.005494665e-03 5.075370427e-03 -3.196655540e-03
      vertex -2.006355207e-03 5.982326809e-03 -3.631295869e-03
      vertex -2.004279289e-03 5.838845391e-03 -1.375045977e-03
    endloop
  endfacet
  facet normal 9.999994636e-01 5.239087041e-04 -8.867111173e-04
    outer loop
      vertex -2.004279289e-03 5.838845391e-03 -1.375045977e-03
      vertex -2.006355207e-03 5.982326809e-03 -3.631295869e-03
      vertex -2.004992682e-03 6.812160835e-03 -1.604515710e-03
    endloop
  endfacet
  facet normal 9.999994636e-01 5.239087041e-04 -8.867111173e-04
    outer loop
      vertex -2.004279289e-03 5.838845391e-03 -1.375045977e-03
      vertex -2.004992682e-03 6.812160835e-03 -1.604515710e-03
      vertex -2.002600115e-03 5.969476886e-03 5.957635003e-04
    endloop
  endfacet
  facet normal 9.999994636e-01 5.239087041e-04 -8.867111173e-04
    outer loop
      vertex -2.002600115e-03 5.969476886e-03 5.957635003e-04
      vertex -2.004992682e-03 6.812160835e-03 -1.604515710e-03
      vertex -2.003141446e-03 6.975070108e-03 5.794992321e-04
    endloop
  endfacet
  facet normal 9.999994636e-01 5.239087041e-04 -8.867111173e-04
    outer loop
      vertex -2.002600115e-03 5.969476886e-03 5.957635003e-04
      vertex -2.003141446e-03 6.975070108e-03 5.794992321e-04
      vertex -2.000639215e-03 5.453109741e-03 2.502206014e-03
    endloop
  endfacet
  facet normal 9.999994636e-01 5.239087041e-04 -8.867111173e-04
    outer loop
      vertex -2.000639215e-03 5.453109741e-03 2.502206014e-03
      vertex -2.003141446e-03 6.975070108e-03 5.794992321e-04
      vertex -2.000982640e-03 6.455108523e-03 2.706961706e-03
    endloop
  endfacet
  facet normal 9.999994636e-01 5.239087041e-04 -8.867111173e-04
    outer loop
      vertex -2.000639215e-03 5.453109741e-03 2.502206014e-03
      vertex -2.000982640e-03 6.455108523e-03 2.706961706e-03
      vertex -1.998608932e-03 4.345699679e-03 4.137686454e-03
    endloop
  endfacet
  facet normal 9.999994636e-01 5.239087041e-04 -8.867111173e-04
    outer loop
      vertex -1.998608932e-03 4.345699679e-03 4.137686454e-03
      vertex -2.000982640e-03 6.455108523e-03 2.706961706e-03
      vertex -1.998727443e-03 5.303173326e-03 4.569621291e-03
    endloop
  endfacet
  facet normal 9.999994636e-01 5.239087041e-04 -8.867111173e-04
    outer loop
      vertex -1.998608932e-03 4.345699679e-03 4.137686454e-03
      vertex -1.998727443e-03 5.303173326e-03 4.569621291e-03
      vertex -1.996729057e-03 2.767252969e-03 5.324978847e-03
    endloop
  endfacet
  facet normal 9.999994636e-01 5.239087041e-04 -8.867111173e-04
    outer loop
      vertex -1.996729057e-03 2.767252969e-03 5.324978847e-03
      vertex -1.998727443e-03 5.303173326e-03 4.569621291e-03
      vertex -1.996596809e-03 3.632023698e-03 5.985147785e-03
    endloop
  endfacet
  facet normal 9.999994636e-01 5.239087041e-04 -8.867111173e-04
    outer loop
      vertex -1.996729057e-03 2.767252969e-03 5.324978847e-03
      vertex -1.996596809e-03 3.632023698e-03 5.985147785e-03
      vertex -1.995203784e-03 8.888168959e-04 5.935416557e-03
    endloop
  endfacet
  facet normal 9.999994636e-01 5.239087041e-04 -8.867111173e-04
    outer loop
      vertex -1.995203784e-03 8.888168959e-04 5.935416557e-03
      vertex -1.996596809e-03 3.632023698e-03 5.985147785e-03
      vertex -1.994799124e-03 1.605243888e-03 6.814979482e-03
    endloop
  endfacet
  facet normal 9.999994636e-01 5.239087041e-04 -8.867111173e-04
    outer loop
      vertex -1.995203784e-03 8.888168959e-04 5.935416557e-03
      vertex -1.994799124e-03 1.605243888e-03 6.814979482e-03
      vertex -1.994197955e-03 -1.086049830e-03 5.902851466e-03
    endloop
  endfacet
  facet normal 9.999994636e-01 5.239087041e-04 -8.867111173e-04
    outer loop
      vertex -1.994197955e-03 -1.086049830e-03 5.902851466e-03
      vertex -1.994799124e-03 1.605243888e-03 6.814979482e-03
      vertex -1.993510406e-03 -5.787707632e-04 6.977888756e-03
    endloop
  endfacet
  facet normal 9.999994636e-01 5.239087041e-04 -8.867111173e-04
    outer loop
      vertex -1.994197955e-03 -1.086049830e-03 5.902851466e-03
      vertex -1.993510406e-03 -5.787707632e-04 6.977888756e-03
      vertex -1.993820770e-03 -2.943338826e-03 5.230817478e-03
    endloop
  endfacet
  facet normal 9.999994636e-01 5.239087041e-04 -8.867111173e-04
    outer loop
      vertex -1.993820770e-03 -2.943338826e-03 5.230817478e-03
      vertex -1.993510406e-03 -5.787707632e-04 6.977888756e-03
      vertex -1.992856851e-03 -2.706234111e-03 6.457926705e-03
    endloop
  endfacet
  facet normal 9.999994636e-01 5.239087041e-04 -8.867111173e-04
    outer loop
      vertex -1.993820770e-03 -2.943338826e-03 5.230817478e-03
      vertex -1.992856851e-03 -2.706234111e-03 6.457926705e-03
      vertex -1.994113205e-03 -4.481785931e-03 3.992130514e-03
    endloop
  endfacet
  facet normal 9.999994636e-01 5.239087041e-04 -8.867111173e-04
    outer loop
      vertex -1.994113205e-03 -4.481785931e-03 3.992130514e-03
      vertex -1.992856851e-03 -2.706234111e-03 6.457926705e-03
      vertex -1.992902486e-03 -4.568894394e-03 5.305991042e-03
    endloop
  endfacet
  facet normal 9.999994636e-01 5.239087041e-04 -8.867111173e-04
    outer loop
      vertex -1.994113205e-03 -4.481785931e-03 3.992130514e-03
      vertex -1.992902486e-03 -4.568894394e-03 5.305991042e-03
      vertex -1.995043363e-03 -5.534675438e-03 2.321027452e-03
    endloop
  endfacet
  facet normal 8.259380120e-04 -9.222711325e-01 3.865426779e-01
    outer loop
      vertex -2.004279289e-03 5.838845391e-03 -1.375045977e-03
      vertex -3.504278837e-03 5.838059355e-03 -1.373715932e-03
      vertex -2.005494665e-03 5.075370427e-03 -3.196655540e-03
    endloop
  endfacet
  facet normal 8.259380120e-04 -9.222711325e-01 3.865426779e-01
    outer loop
      vertex -2.005494665e-03 5.075370427e-03 -3.196655540e-03
      vertex -3.504278837e-03 5.838059355e-03 -1.373715932e-03
      vertex -3.505493980e-03 5.074584391e-03 -3.195325611e-03
    endloop
  endfacet
  facet normal 9.809656767e-04 -7.467898726e-01 6.650593281e-01
    outer loop
      vertex -2.005494665e-03 5.075370427e-03 -3.196655540e-03
      vertex -3.505493980e-03 5.074584391e-03 -3.195325611e-03
      vertex -2.006114228e-03 3.761786735e-03 -4.671667237e-03
    endloop
  endfacet
  facet normal 9.809656767e-04 -7.467898726e-01 6.650593281e-01
    outer loop
      vertex -2.006114228e-03 3.761786735e-03 -4.671667237e-03
      vertex -3.505493980e-03 5.074584391e-03 -3.195325611e-03
      vertex -3.506113775e-03 3.761000931e-03 -4.670337308e-03
    endloop
  endfacet
  facet normal 1.029690844e-03 -4.903817177e-01 8.715071678e-01
    outer loop
      vertex -2.006114228e-03 3.761786735e-03 -4.671667237e-03
      vertex -3.506113775e-03 3.761000931e-03 -4.670337308e-03
      vertex -2.006071387e-03 2.040441846e-03 -5.640238058e-03
    endloop
  endfacet
  facet normal 1.029690844e-03 -4.903817177e-01 8.715071678e-01
    outer loop
      vertex -2.006071387e-03 2.040441846e-03 -5.640238058e-03
      vertex -3.506113775e-03 3.761000931e-03 -4.670337308e-03
      vertex -3.506070701e-03 2.039656043e-03 -5.638907664e-03
    endloop
  endfacet
  facet normal 9.668326820e-04 -1.808329076e-01 9.835133553e-01
    outer loop
      vertex -2.006071387e-03 2.040441846e-03 -5.640238058e-03
      vertex -3.506070701e-03 2.039656043e-03 -5.638907664e-03
      vertex -2.005370334e-03 9.787009185e-05 -5.997408181e-03
    endloop
  endfacet
  facet normal 9.668326820e-04 -1.808329076e-01 9.835133553e-01
    outer loop
      vertex -2.005370334e-03 9.787009185e-05 -5.997408181e-03
      vertex -3.506070701e-03 2.039656043e-03 -5.638907664e-03
      vertex -3.505369648e-03 9.708423022e-05 -5.996077787e-03
    endloop
  endfacet
  facet normal 7.992033497e-04 1.483112574e-01 9.889404178e-01
    outer loop
      vertex -2.005370334e-03 9.787009185e-05 -5.997408181e-03
      vertex -3.505369648e-03 9.708423022e-05 -5.996077787e-03
      vertex -2.004087204e-03 -1.855421113e-03 -5.704474170e-03
    endloop
  endfacet
  facet normal 7.992033497e-04 1.483112574e-01 9.889404178e-01
    outer loop
      vertex -2.004087204e-03 -1.855421113e-03 -5.704474170e-03
      vertex -3.505369648e-03 9.708423022e-05 -5.996077787e-03
      vertex -3.504086519e-03 -1.856207033e-03 -5.703144241e-03
    endloop
  endfacet
  facet normal 5.449690507e-04 4.613825977e-01 8.872011304e-01
    outer loop
      vertex -2.004087204e-03 -1.855421113e-03 -5.704474170e-03
      vertex -3.504086519e-03 -1.856207033e-03 -5.703144241e-03
      vertex -2.002360998e-03 -3.607762745e-03 -4.793182481e-03
    endloop
  endfacet
  facet normal 5.449690507e-04 4.613825977e-01 8.872011304e-01
    outer loop
      vertex -2.002360998e-03 -3.607762745e-03 -4.793182481e-03
      vertex -3.504086519e-03 -1.856207033e-03 -5.703144241e-03
      vertex -3.502360545e-03 -3.608548548e-03 -4.791852552e-03
    endloop
  endfacet
  facet normal 2.316769533e-04 7.244580388e-01 6.893188357e-01
    outer loop
      vertex -2.002360998e-03 -3.607762745e-03 -4.793182481e-03
      vertex -3.502360545e-03 -3.608548548e-03 -4.791852552e-03
      vertex -2.000378910e-03 -4.969260655e-03 -3.362280782e-03
    endloop
  endfacet
  facet normal 2.316769533e-04 7.244580388e-01 6.893188357e-01
    outer loop
      vertex -2.000378910e-03 -4.969260655e-03 -3.362280782e-03
      vertex -3.502360545e-03 -3.608548548e-03 -4.791852552e-03
      vertex -3.500378458e-03 -4.970046226e-03 -3.360950621e-03
    endloop
  endfacet
  facet normal -1.067195408e-04 9.090261459e-01 4.167391062e-01
    outer loop
      vertex -2.000378910e-03 -4.969260655e-03 -3.362280782e-03
      vertex -3.500378458e-03 -4.970046226e-03 -3.360950621e-03
      vertex -1.998355612e-03 -5.792375654e-03 -1.566833234e-03
    endloop
  endfacet
  facet normal -1.067195408e-04 9.090261459e-01 4.167391062e-01
    outer loop
      vertex -1.998355612e-03 -5.792375654e-03 -1.566833234e-03
      vertex -3.500378458e-03 -4.970046226e-03 -3.360950621e-03
      vertex -3.498355160e-03 -5.793161225e-03 -1.565503189e-03
    endloop
  endfacet
  facet normal -4.335521662e-04 9.950875044e-01 9.899847955e-02
    outer loop
      vertex -1.998355612e-03 -5.792375654e-03 -1.566833234e-03
      vertex -3.498355160e-03 -5.793161225e-03 -1.565503189e-03
      vertex -1.996510429e-03 -5.987910088e-03 3.985991934e-04
    endloop
  endfacet
  facet normal -4.335521662e-04 9.950875044e-01 9.899847955e-02
    outer loop
      vertex -1.996510429e-03 -5.987910088e-03 3.985991934e-04
      vertex -3.498355160e-03 -5.793161225e-03 -1.565503189e-03
      vertex -3.496509977e-03 -5.988696124e-03 3.999292676e-04
    endloop
  endfacet
  facet normal -7.134022308e-04 9.733155370e-01 -2.294697762e-01
    outer loop
      vertex -1.996510429e-03 -5.987910088e-03 3.985991934e-04
      vertex -3.496509977e-03 -5.988696124e-03 3.999292676e-04
      vertex -1.995043363e-03 -5.534675438e-03 2.321027452e-03
    endloop
  endfacet
  facet normal -7.134022308e-04 9.733155370e-01 -2.294697762e-01
    outer loop
      vertex -1.995043363e-03 -5.534675438e-03 2.321027452e-03
      vertex -3.496509977e-03 -5.988696124e-03 3.999292676e-04
      vertex -3.495042678e-03 -5.535461474e-03 2.322357614e-03
    endloop
  endfacet
  facet normal -9.159441106e-04 8.460697532e-01 -5.330713987e-01
    outer loop
      vertex -1.995043363e-03 -5.534675438e-03 2.321027452e-03
      vertex -3.495042678e-03 -5.535461474e-03 2.322357614e-03
      vertex -1.994113205e-03 -4.481785931e-03 3.992130514e-03
    endloop
  endfacet
  facet normal -9.159441106e-04 8.460697532e-01 -5.330713987e-01
    outer loop
      vertex -1.994113205e-03 -4.481785931e-03 3.992130514e-03
      vertex -3.495042678e-03 -5.535461474e-03 2.322357614e-03
      vertex -3.494112520e-03 -4.482571967e-03 3.993460443e-03
    endloop
  endfacet
  facet normal -1.019229181e-03 6.271397471e-01 -7.789060473e-01
    outer loop
      vertex -1.994113205e-03 -4.481785931e-03 3.992130514e-03
      vertex -3.494112520e-03 -4.482571967e-03 3.993460443e-03
      vertex -1.993820770e-03 -2.943338826e-03 5.230817478e-03
    endloop
  endfacet
  facet normal -1.019229181e-03 6.271397471e-01 -7.789060473e-01
    outer loop
      vertex -1.993820770e-03 -2.943338826e-03 5.230817478e-03
      vertex -3.494112520e-03 -4.482571967e-03 3.993460443e-03
      vertex -3.493820317e-03 -2.944124863e-03 5.232147407e-03
    endloop
  endfacet
  facet normal -1.012064866e-03 3.402469158e-01 -9.403355718e-01
    outer loop
      vertex -1.993820770e-03 -2.943338826e-03 5.230817478e-03
      vertex -3.493820317e-03 -2.944124863e-03 5.232147407e-03
      vertex -1.994197955e-03 -1.086049830e-03 5.902851466e-03
    endloop
  endfacet
  facet normal -1.012064866e-03 3.402469158e-01 -9.403355718e-01
    outer loop
      vertex -1.994197955e-03 -1.086049830e-03 5.902851466e-03
      vertex -3.493820317e-03 -2.944124863e-03 5.232147407e-03
      vertex -3.494197270e-03 -1.086835749e-03 5.904181395e-03
    endloop
  endfacet
  facet normal -8.952285280e-04 1.648721471e-02 -9.998636842e-01
    outer loop
      vertex -1.994197955e-03 -1.086049830e-03 5.902851466e-03
      vertex -3.494197270e-03 -1.086835749e-03 5.904181395e-03
      vertex -1.995203784e-03 8.888168959e-04 5.935416557e-03
    endloop
  endfacet
  facet normal -8.952285280e-04 1.648721471e-02 -9.998636842e-01
    outer loop
      vertex -1.995203784e-03 8.888168959e-04 5.935416557e-03
      vertex -3.494197270e-03 -1.086835749e-03 5.904181395e-03
      vertex -3.495203098e-03 8.880310343e-04 5.936746951e-03
    endloop
  endfacet
  facet normal -6.813794607e-04 -3.090618253e-01 -9.510416985e-01
    outer loop
      vertex -1.995203784e-03 8.888168959e-04 5.935416557e-03
      vertex -3.495203098e-03 8.880310343e-04 5.936746951e-03
      vertex -1.996729057e-03 2.767252969e-03 5.324978847e-03
    endloop
  endfacet
  facet normal -6.813794607e-04 -3.090618253e-01 -9.510416985e-01
    outer loop
      vertex -1.996729057e-03 2.767252969e-03 5.324978847e-03
      vertex -3.495203098e-03 8.880310343e-04 5.936746951e-03
      vertex -3.496728605e-03 2.766466932e-03 5.326309241e-03
    endloop
  endfacet
  facet normal -3.936911526e-04 -6.011199355e-01 -7.991586924e-01
    outer loop
      vertex -1.996729057e-03 2.767252969e-03 5.324978847e-03
      vertex -3.496728605e-03 2.766466932e-03 5.326309241e-03
      vertex -1.998608932e-03 4.345699679e-03 4.137686454e-03
    endloop
  endfacet
  facet normal -3.936911526e-04 -6.011199355e-01 -7.991586924e-01
    outer loop
      vertex -1.998608932e-03 4.345699679e-03 4.137686454e-03
      vertex -3.496728605e-03 2.766466932e-03 5.326309241e-03
      vertex -3.498608246e-03 4.344914109e-03 4.139016382e-03
    endloop
  endfacet
  facet normal -6.334271893e-05 -8.280353546e-01 -5.606759191e-01
    outer loop
      vertex -1.998608932e-03 4.345699679e-03 4.137686454e-03
      vertex -3.498608246e-03 4.344914109e-03 4.139016382e-03
      vertex -2.000639215e-03 5.453109741e-03 2.502206014e-03
    endloop
  endfacet
  facet normal -6.334271893e-05 -8.280353546e-01 -5.606759191e-01
    outer loop
      vertex -2.000639215e-03 5.453109741e-03 2.502206014e-03
      vertex -3.498608246e-03 4.344914109e-03 4.139016382e-03
      vertex -3.500638762e-03 5.452324171e-03 2.503536176e-03
    endloop
  endfacet
  facet normal 2.738715848e-04 -9.652213454e-01 -2.614339590e-01
    outer loop
      vertex -2.000639215e-03 5.453109741e-03 2.502206014e-03
      vertex -3.500638762e-03 5.452324171e-03 2.503536176e-03
      vertex -2.002600115e-03 5.969476886e-03 5.957635003e-04
    endloop
  endfacet
  facet normal 2.738715848e-04 -9.652213454e-01 -2.614339590e-01
    outer loop
      vertex -2.002600115e-03 5.969476886e-03 5.957635003e-04
      vertex -3.500638762e-03 5.452324171e-03 2.503536176e-03
      vertex -3.502599662e-03 5.968690850e-03 5.970935454e-04
    endloop
  endfacet
  facet normal 5.814066972e-04 -9.978103638e-01 6.613751501e-02
    outer loop
      vertex -2.002600115e-03 5.969476886e-03 5.957635003e-04
      vertex -3.502599662e-03 5.968690850e-03 5.970935454e-04
      vertex -2.004279289e-03 5.838845391e-03 -1.375045977e-03
    endloop
  endfacet
  facet normal 5.814066972e-04 -9.978103638e-01 6.613751501e-02
    outer loop
      vertex -2.004279289e-03 5.838845391e-03 -1.375045977e-03
      vertex -3.502599662e-03 5.968690850e-03 5.970935454e-04
      vertex -3.504278837e-03 5.838059355e-03 -1.373715932e-03
    endloop
  endfacet
  facet normal 9.999994636e-01 5.239087041e-04 -8.867111173e-04
    outer loop
      vertex -1.955761109e-03 6.904619746e-03 5.397175997e-02
      vertex -1.956501277e-03 5.489091389e-03 5.230060965e-02
      vertex -1.957901753e-03 5.938839167e-03 5.098679662e-02
    endloop
  endfacet
  facet normal 9.999994636e-01 5.239087041e-04 -8.867111173e-04
    outer loop
      vertex -1.957901753e-03 5.938839167e-03 5.098679662e-02
      vertex -1.956501277e-03 5.489091389e-03 5.230060965e-02
      vertex -1.957863569e-03 4.659257364e-03 5.027383193e-02
    endloop
  endfacet
  facet normal 9.999994636e-01 5.239087041e-04 -8.867111173e-04
    outer loop
      vertex -1.957901753e-03 5.938839167e-03 5.098679662e-02
      vertex -1.957863569e-03 4.659257364e-03 5.027383193e-02
      vertex -1.959369052e-03 5.485604052e-03 4.906436801e-02
    endloop
  endfacet
  facet normal 9.999994636e-01 5.239087041e-04 -8.867111173e-04
    outer loop
      vertex -1.959369052e-03 5.485604052e-03 4.906436801e-02
      vertex -1.957863569e-03 4.659257364e-03 5.027383193e-02
      vertex -1.959714806e-03 4.496348556e-03 4.808981717e-02
    endloop
  endfacet
  facet normal 9.999994636e-01 5.239087041e-04 -8.867111173e-04
    outer loop
      vertex -1.959369052e-03 5.485604052e-03 4.906436801e-02
      vertex -1.959714806e-03 4.496348556e-03 4.808981717e-02
      vertex -1.961214235e-03 5.681138951e-03 4.709893838e-02
    endloop
  endfacet
  facet normal 9.999994636e-01 5.239087041e-04 -8.867111173e-04
    outer loop
      vertex -1.961214235e-03 5.681138951e-03 4.709893838e-02
      vertex -1.959714806e-03 4.496348556e-03 4.808981717e-02
      vertex -1.961873844e-03 5.016310140e-03 4.596235231e-02
    endloop
  endfacet
  facet normal 9.999994636e-01 5.239087041e-04 -8.867111173e-04
    outer loop
      vertex -1.961214235e-03 5.681138951e-03 4.709893838e-02
      vertex -1.961873844e-03 5.016310140e-03 4.596235231e-02
      vertex -1.963237533e-03 6.504253484e-03 4.530349001e-02
    endloop
  endfacet
  facet normal 9.999994636e-01 5.239087041e-04 -8.867111173e-04
    outer loop
      vertex -1.963237533e-03 6.504253484e-03 4.530349001e-02
      vertex -1.961873844e-03 5.016310140e-03 4.596235231e-02
      vertex -1.964128809e-03 6.168245338e-03 4.409969598e-02
    endloop
  endfacet
  facet normal 9.999994636e-01 5.239087041e-04 -8.867111173e-04
    outer loop
      vertex -1.963237533e-03 6.504253484e-03 4.530349001e-02
      vertex -1.964128809e-03 6.168245338e-03 4.409969598e-02
      vertex -1.965219621e-03 7.865751162e-03 4.387258738e-02
    endloop
  endfacet
  facet normal 9.999994636e-01 5.239087041e-04 -8.867111173e-04
    outer loop
      vertex -1.965219621e-03 7.865751162e-03 4.387258738e-02
      vertex -1.964128809e-03 6.168245338e-03 4.409969598e-02
      vertex -1.966259675e-03 7.839394733e-03 4.268416762e-02
    endloop
  endfacet
  facet normal 9.999994636e-01 5.239087041e-04 -8.867111173e-04
    outer loop
      vertex -1.965219621e-03 7.865751162e-03 4.387258738e-02
      vertex -1.966259675e-03 7.839394733e-03 4.268416762e-02
      vertex -1.966945827e-03 9.618092328e-03 4.296129197e-02
    endloop
  endfacet
  facet normal 9.999994636e-01 5.239087041e-04 -8.867111173e-04
    outer loop
      vertex -1.966945827e-03 9.618092328e-03 4.296129197e-02
      vertex -1.966259675e-03 7.839394733e-03 4.268416762e-02
      vertex -1.968057361e-03 9.866174310e-03 4.185433313e-02
    endloop
  endfacet
  facet normal 9.999994636e-01 5.239087041e-04 -8.867111173e-04
    outer loop
      vertex -1.966945827e-03 9.618092328e-03 4.296129197e-02
      vertex -1.968057361e-03 9.866174310e-03 4.185433313e-02
      vertex -1.968228957e-03 1.157138404e-02 4.266836122e-02
    endloop
  endfacet
  facet normal 9.999994636e-01 5.239087041e-04 -8.867111173e-04
    outer loop
      vertex -1.968228957e-03 1.157138404e-02 4.266836122e-02
      vertex -1.968057361e-03 9.866174310e-03 4.185433313e-02
      vertex -1.969345845e-03 1.205018908e-02 4.169142619e-02
    endloop
  endfacet
  facet normal 9.999994636e-01 5.239087041e-04 -8.867111173e-04
    outer loop
      vertex -1.968228957e-03 1.157138404e-02 4.266836122e-02
      vertex -1.969345845e-03 1.205018908e-02 4.169142619e-02
      vertex -1.968929777e-03 1.351395622e-02 4.302553087e-02
    endloop
  endfacet
  facet normal 9.999994636e-01 5.239087041e-04 -8.867111173e-04
    outer loop
      vertex -1.968929777e-03 1.351395622e-02 4.302553087e-02
      vertex -1.969345845e-03 1.205018908e-02 4.169142619e-02
      vertex -1.969999401e-03 1.417765301e-02 4.221139103e-02
    endloop
  endfacet
  facet normal 9.999994636e-01 5.239087041e-04 -8.867111173e-04
    outer loop
      vertex -1.968929777e-03 1.351395622e-02 4.302553087e-02
      vertex -1.969999401e-03 1.417765301e-02 4.221139103e-02
      vertex -1.968972851e-03 1.523530111e-02 4.399410263e-02
    endloop
  endfacet
  facet normal 9.999994636e-01 5.239087041e-04 -8.867111173e-04
    outer loop
      vertex -1.968972851e-03 1.523530111e-02 4.399410263e-02
      vertex -1.969999401e-03 1.417765301e-02 4.221139103e-02
      vertex -1.969953999e-03 1.604031213e-02 4.336332530e-02
    endloop
  endfacet
  facet normal 9.999994636e-01 5.239087041e-04 -8.867111173e-04
    outer loop
      vertex -1.968972851e-03 1.523530111e-02 4.399410263e-02
      vertex -1.969953999e-03 1.604031213e-02 4.336332530e-02
      vertex -1.968353055e-03 1.654888503e-02 4.546911269e-02
    endloop
  endfacet
  facet normal 9.999994636e-01 5.239087041e-04 -8.867111173e-04
    outer loop
      vertex -1.968353055e-03 1.654888503e-02 4.546911269e-02
      vertex -1.969953999e-03 1.604031213e-02 4.336332530e-02
      vertex -1.969213597e-03 1.745584048e-02 4.503447562e-02
    endloop
  endfacet
  facet normal 9.999994636e-01 5.239087041e-04 -8.867111173e-04
    outer loop
      vertex -1.968353055e-03 1.654888503e-02 4.546911269e-02
      vertex -1.969213597e-03 1.745584048e-02 4.503447562e-02
      vertex -1.967137912e-03 1.731235906e-02 4.729072377e-02
    endloop
  endfacet
  facet normal 9.999994636e-01 5.239087041e-04 -8.867111173e-04
    outer loop
      vertex -1.967137912e-03 1.731235906e-02 4.729072377e-02
      vertex -1.969213597e-03 1.745584048e-02 4.503447562e-02
      vertex -1.967851305e-03 1.828567497e-02 4.706125334e-02
    endloop
  endfacet
  facet normal 9.999994636e-01 5.239087041e-04 -8.867111173e-04
    outer loop
      vertex -1.967137912e-03 1.731235906e-02 4.729072377e-02
      vertex -1.967851305e-03 1.828567497e-02 4.706125334e-02
      vertex -1.965458738e-03 1.744299196e-02 4.926153272e-02
    endloop
  endfacet
  facet normal 9.999994636e-01 5.239087041e-04 -8.867111173e-04
    outer loop
      vertex -1.965458738e-03 1.744299196e-02 4.926153272e-02
      vertex -1.967851305e-03 1.828567497e-02 4.706125334e-02
      vertex -1.966000069e-03 1.844858378e-02 4.924526811e-02
    endloop
  endfacet
  facet normal 9.999994636e-01 5.239087041e-04 -8.867111173e-04
    outer loop
      vertex -1.965458738e-03 1.744299196e-02 4.926153272e-02
      vertex -1.966000069e-03 1.844858378e-02 4.924526811e-02
      vertex -1.963497838e-03 1.692662388e-02 5.116797611e-02
    endloop
  endfacet
  facet normal 9.999994636e-01 5.239087041e-04 -8.867111173e-04
    outer loop
      vertex -1.963497838e-03 1.692662388e-02 5.116797611e-02
      vertex -1.966000069e-03 1.844858378e-02 4.924526811e-02
      vertex -1.963841263e-03 1.792862266e-02 5.137273297e-02
    endloop
  endfacet
  facet normal 9.999994636e-01 5.239087041e-04 -8.867111173e-04
    outer loop
      vertex -1.963497838e-03 1.692662388e-02 5.116797611e-02
      vertex -1.963841263e-03 1.792862266e-02 5.137273297e-02
      vertex -1.961467322e-03 1.581921428e-02 5.280345678e-02
    endloop
  endfacet
  facet normal 9.999994636e-01 5.239087041e-04 -8.867111173e-04
    outer loop
      vertex -1.961467322e-03 1.581921428e-02 5.280345678e-02
      vertex -1.963841263e-03 1.792862266e-02 5.137273297e-02
      vertex -1.961586066e-03 1.677668840e-02 5.323538929e-02
    endloop
  endfacet
  facet normal 9.999994636e-01 5.239087041e-04 -8.867111173e-04
    outer loop
      vertex -1.961467322e-03 1.581921428e-02 5.280345678e-02
      vertex -1.961586066e-03 1.677668840e-02 5.323538929e-02
      vertex -1.959587680e-03 1.424076688e-02 5.399074778e-02
    endloop
  endfacet
  facet normal 9.999994636e-01 5.239087041e-04 -8.867111173e-04
    outer loop
      vertex -1.959587680e-03 1.424076688e-02 5.399074778e-02
      vertex -1.961586066e-03 1.677668840e-02 5.323538929e-02
      vertex -1.959455432e-03 1.510553807e-02 5.465091765e-02
    endloop
  endfacet
  facet normal 9.999994636e-01 5.239087041e-04 -8.867111173e-04
    outer loop
      vertex -1.959587680e-03 1.424076688e-02 5.399074778e-02
      vertex -1.959455432e-03 1.510553807e-02 5.465091765e-02
      vertex -1.958062174e-03 1.236233115e-02 5.460118502e-02
    endloop
  endfacet
  facet normal 9.999994636e-01 5.239087041e-04 -8.867111173e-04
    outer loop
      vertex -1.958062174e-03 1.236233115e-02 5.460118502e-02
      vertex -1.959455432e-03 1.510553807e-02 5.465091765e-02
      vertex -1.957657747e-03 1.307875849e-02 5.548075214e-02
    endloop
  endfacet
  facet normal 9.999994636e-01 5.239087041e-04 -8.867111173e-04
    outer loop
      vertex -1.958062174e-03 1.236233115e-02 5.460118502e-02
      vertex -1.957657747e-03 1.307875849e-02 5.548075214e-02
      vertex -1.957056578e-03 1.038746443e-02 5.456862226e-02
    endloop
  endfacet
  facet normal 9.999994636e-01 5.239087041e-04 -8.867111173e-04
    outer loop
      vertex -1.957056578e-03 1.038746443e-02 5.456862226e-02
      vertex -1.957657747e-03 1.307875849e-02 5.548075214e-02
      vertex -1.956369029e-03 1.089474373e-02 5.564365909e-02
    endloop
  endfacet
  facet normal 9.999994636e-01 5.239087041e-04 -8.867111173e-04
    outer loop
      vertex -1.957056578e-03 1.038746443e-02 5.456862226e-02
      vertex -1.956369029e-03 1.089474373e-02 5.564365909e-02
      vertex -1.956679393e-03 8.530174382e-03 5.389658362e-02
    endloop
  endfacet
  facet normal 9.999994636e-01 5.239087041e-04 -8.867111173e-04
    outer loop
      vertex -1.956679393e-03 8.530174382e-03 5.389658362e-02
      vertex -1.956369029e-03 1.089474373e-02 5.564365909e-02
      vertex -1.955715474e-03 8.767279796e-03 5.512369424e-02
    endloop
  endfacet
  facet normal 9.999994636e-01 5.239087041e-04 -8.867111173e-04
    outer loop
      vertex -1.956679393e-03 8.530174382e-03 5.389658362e-02
      vertex -1.955715474e-03 8.767279796e-03 5.512369424e-02
      vertex -1.956971595e-03 6.991728209e-03 5.265789852e-02
    endloop
  endfacet
  facet normal 9.999994636e-01 5.239087041e-04 -8.867111173e-04
    outer loop
      vertex -1.956971595e-03 6.991728209e-03 5.265789852e-02
      vertex -1.955715474e-03 8.767279796e-03 5.512369424e-02
      vertex -1.955761109e-03 6.904619746e-03 5.397175997e-02
    endloop
  endfacet
  facet normal 9.999994636e-01 5.239087041e-04 -8.867111173e-04
    outer loop
      vertex -1.956971595e-03 6.991728209e-03 5.265789852e-02
      vertex -1.955761109e-03 6.904619746e-03 5.397175997e-02
      vertex -1.957901753e-03 5.938839167e-03 5.098679662e-02
    endloop
  endfacet
  facet normal 8.259379538e-04 -9.222711325e-01 3.865426481e-01
    outer loop
      vertex -1.967137912e-03 1.731235906e-02 4.729072377e-02
      vertex -3.467137460e-03 1.731157303e-02 4.729205370e-02
      vertex -1.968353055e-03 1.654888503e-02 4.546911269e-02
    endloop
  endfacet
  facet normal 8.259379538e-04 -9.222711325e-01 3.865426481e-01
    outer loop
      vertex -1.968353055e-03 1.654888503e-02 4.546911269e-02
      vertex -3.467137460e-03 1.731157303e-02 4.729205370e-02
      vertex -3.468352603e-03 1.654809900e-02 4.547044262e-02
    endloop
  endfacet
  facet normal 9.809657931e-04 -7.467896938e-01 6.650595069e-01
    outer loop
      vertex -1.968353055e-03 1.654888503e-02 4.546911269e-02
      vertex -3.468352603e-03 1.654809900e-02 4.547044262e-02
      vertex -1.968972851e-03 1.523530111e-02 4.399410263e-02
    endloop
  endfacet
  facet normal 9.809657931e-04 -7.467896938e-01 6.650595069e-01
    outer loop
      vertex -1.968972851e-03 1.523530111e-02 4.399410263e-02
      vertex -3.468352603e-03 1.654809900e-02 4.547044262e-02
      vertex -3.468972398e-03 1.523451507e-02 4.399543256e-02
    endloop
  endfacet
  facet normal 1.029690844e-03 -4.903819263e-01 8.715070486e-01
    outer loop
      vertex -1.968972851e-03 1.523530111e-02 4.399410263e-02
      vertex -3.468972398e-03 1.523451507e-02 4.399543256e-02
      vertex -1.968929777e-03 1.351395622e-02 4.302553087e-02
    endloop
  endfacet
  facet normal 1.029690844e-03 -4.903819263e-01 8.715070486e-01
    outer loop
      vertex -1.968929777e-03 1.351395622e-02 4.302553087e-02
      vertex -3.468972398e-03 1.523451507e-02 4.399543256e-02
      vertex -3.468929324e-03 1.351317018e-02 4.302686080e-02
    endloop
  endfacet
  facet normal 9.668329149e-04 -1.808335483e-01 9.835132360e-01
    outer loop
      vertex -1.968929777e-03 1.351395622e-02 4.302553087e-02
      vertex -3.468929324e-03 1.351317018e-02 4.302686080e-02
      vertex -1.968228957e-03 1.157138404e-02 4.266836122e-02
    endloop
  endfacet
  facet normal 9.668329149e-04 -1.808335483e-01 9.835132360e-01
    outer loop
      vertex -1.968228957e-03 1.157138404e-02 4.266836122e-02
      vertex -3.468929324e-03 1.351317018e-02 4.302686080e-02
      vertex -3.468228271e-03 1.157059800e-02 4.266969115e-02
    endloop
  endfacet
  facet normal 7.992036408e-04 1.483107954e-01 9.889404774e-01
    outer loop
      vertex -1.968228957e-03 1.157138404e-02 4.266836122e-02
      vertex -3.468228271e-03 1.157059800e-02 4.266969115e-02
      vertex -1.966945827e-03 9.618092328e-03 4.296129197e-02
    endloop
  endfacet
  facet normal 7.992036408e-04 1.483107954e-01 9.889404774e-01
    outer loop
      vertex -1.966945827e-03 9.618092328e-03 4.296129197e-02
      vertex -3.468228271e-03 1.157059800e-02 4.266969115e-02
      vertex -3.466945142e-03 9.617307223e-03 4.296262190e-02
    endloop
  endfacet
  facet normal 5.449682358e-04 4.613834023e-01 8.872007132e-01
    outer loop
      vertex -1.966945827e-03 9.618092328e-03 4.296129197e-02
      vertex -3.466945142e-03 9.617307223e-03 4.296262190e-02
      vertex -1.965219621e-03 7.865751162e-03 4.387258738e-02
    endloop
  endfacet
  facet normal 5.449682358e-04 4.613834023e-01 8.872007132e-01
    outer loop
      vertex -1.965219621e-03 7.865751162e-03 4.387258738e-02
      vertex -3.466945142e-03 9.617307223e-03 4.296262190e-02
      vertex -3.465219168e-03 7.864966057e-03 4.387391731e-02
    endloop
  endfacet
  facet normal 2.316771570e-04 7.244579196e-01 6.893190145e-01
    outer loop
      vertex -1.965219621e-03 7.865751162e-03 4.387258738e-02
      vertex -3.465219168e-03 7.864966057e-03 4.387391731e-02
      vertex -1.963237533e-03 6.504253484e-03 4.530349001e-02
    endloop
  endfacet
  facet normal 2.316771570e-04 7.244579196e-01 6.893190145e-01
    outer loop
      vertex -1.963237533e-03 6.504253484e-03 4.530349001e-02
      vertex -3.465219168e-03 7.864966057e-03 4.387391731e-02
      vertex -3.463237081e-03 6.503467914e-03 4.530481994e-02
    endloop
  endfacet
  facet normal -1.067199119e-04 9.090262651e-01 4.167387784e-01
    outer loop
      vertex -1.963237533e-03 6.504253484e-03 4.530349001e-02
      vertex -3.463237081e-03 6.503467914e-03 4.530481994e-02
      vertex -1.961214235e-03 5.681138951e-03 4.709893838e-02
    endloop
  endfacet
  facet normal -1.067199119e-04 9.090262651e-01 4.167387784e-01
    outer loop
      vertex -1.961214235e-03 5.681138951e-03 4.709893838e-02
      vertex -3.463237081e-03 6.503467914e-03 4.530481994e-02
      vertex -3.461213782e-03 5.680352915e-03 4.710026830e-02
    endloop
  endfacet
  facet normal -4.335520207e-04 9.950875044e-01 9.899860620e-02
    outer loop
      vertex -1.961214235e-03 5.681138951e-03 4.709893838e-02
      vertex -3.461213782e-03 5.680352915e-03 4.710026830e-02
      vertex -1.959369052e-03 5.485604052e-03 4.906436801e-02
    endloop
  endfacet
  facet normal -4.335520207e-04 9.950875044e-01 9.899860620e-02
    outer loop
      vertex -1.959369052e-03 5.485604052e-03 4.906436801e-02
      vertex -3.461213782e-03 5.680352915e-03 4.710026830e-02
      vertex -3.459368600e-03 5.484818481e-03 4.906569794e-02
    endloop
  endfacet
  facet normal -7.134022308e-04 9.733155370e-01 -2.294697762e-01
    outer loop
      vertex -1.959369052e-03 5.485604052e-03 4.906436801e-02
      vertex -3.459368600e-03 5.484818481e-03 4.906569794e-02
      vertex -1.957901753e-03 5.938839167e-03 5.098679662e-02
    endloop
  endfacet
  facet normal -7.134022308e-04 9.733155370e-01 -2.294697762e-01
    outer loop
      vertex -1.957901753e-03 5.938839167e-03 5.098679662e-02
      vertex -3.459368600e-03 5.484818481e-03 4.906569794e-02
      vertex -3.457901301e-03 5.938053131e-03 5.098812655e-02
    endloop
  endfacet
  facet normal -9.159441688e-04 8.460696936e-01 -5.330715179e-01
    outer loop
      vertex -1.957901753e-03 5.938839167e-03 5.098679662e-02
      vertex -3.457901301e-03 5.938053131e-03 5.098812655e-02
      vertex -1.956971595e-03 6.991728209e-03 5.265789852e-02
    endloop
  endfacet
  facet normal -9.159441688e-04 8.460696936e-01 -5.330715179e-01
    outer loop
      vertex -1.956971595e-03 6.991728209e-03 5.265789852e-02
      vertex -3.457901301e-03 5.938053131e-03 5.098812655e-02
      vertex -3.456971142e-03 6.990942638e-03 5.265922844e-02
    endloop
  endfacet
  facet normal -1.019229298e-03 6.271391511e-01 -7.789065838e-01
    outer loop
      vertex -1.956971595e-03 6.991728209e-03 5.265789852e-02
      vertex -3.456971142e-03 6.990942638e-03 5.265922844e-02
      vertex -1.956679393e-03 8.530174382e-03 5.389658362e-02
    endloop
  endfacet
  facet normal -1.019229298e-03 6.271391511e-01 -7.789065838e-01
    outer loop
      vertex -1.956679393e-03 8.530174382e-03 5.389658362e-02
      vertex -3.456971142e-03 6.990942638e-03 5.265922844e-02
      vertex -3.456678707e-03 8.529389277e-03 5.389791355e-02
    endloop
  endfacet
  facet normal -1.012065099e-03 3.402482271e-01 -9.403350949e-01
    outer loop
      vertex -1.956679393e-03 8.530174382e-03 5.389658362e-02
      vertex -3.456678707e-03 8.529389277e-03 5.389791355e-02
      vertex -1.957056578e-03 1.038746443e-02 5.456862226e-02
    endloop
  endfacet
  facet normal -1.012065099e-03 3.402482271e-01 -9.403350949e-01
    outer loop
      vertex -1.957056578e-03 1.038746443e-02 5.456862226e-02
      vertex -3.456678707e-03 8.529389277e-03 5.389791355e-02
      vertex -3.457055893e-03 1.038667839e-02 5.456995219e-02
    endloop
  endfacet
  facet normal -8.952280623e-04 1.648630016e-02 -9.998636842e-01
    outer loop
      vertex -1.957056578e-03 1.038746443e-02 5.456862226e-02
      vertex -3.457055893e-03 1.038667839e-02 5.456995219e-02
      vertex -1.958062174e-03 1.236233115e-02 5.460118502e-02
    endloop
  endfacet
  facet normal -8.952280623e-04 1.648630016e-02 -9.998636842e-01
    outer loop
      vertex -1.958062174e-03 1.236233115e-02 5.460118502e-02
      vertex -3.457055893e-03 1.038667839e-02 5.456995219e-02
      vertex -3.458061721e-03 1.236154512e-02 5.460251495e-02
    endloop
  endfacet
  facet normal -6.813791115e-04 -3.090622723e-01 -9.510415792e-01
    outer loop
      vertex -1.958062174e-03 1.236233115e-02 5.460118502e-02
      vertex -3.458061721e-03 1.236154512e-02 5.460251495e-02
      vertex -1.959587680e-03 1.424076688e-02 5.399074778e-02
    endloop
  endfacet
  facet normal -6.813791115e-04 -3.090622723e-01 -9.510415792e-01
    outer loop
      vertex -1.959587680e-03 1.424076688e-02 5.399074778e-02
      vertex -3.458061721e-03 1.236154512e-02 5.460251495e-02
      vertex -3.459587228e-03 1.423998084e-02 5.399207771e-02
    endloop
  endfacet
  facet normal -3.936922003e-04 -6.011191010e-01 -7.991593480e-01
    outer loop
      vertex -1.959587680e-03 1.424076688e-02 5.399074778e-02
      vertex -3.459587228e-03 1.423998084e-02 5.399207771e-02
      vertex -1.961467322e-03 1.581921428e-02 5.280345678e-02
    endloop
  endfacet
  facet normal -3.936922003e-04 -6.011191010e-01 -7.991593480e-01
    outer loop
      vertex -1.961467322e-03 1.581921428e-02 5.280345678e-02
      vertex -3.459587228e-03 1.423998084e-02 5.399207771e-02
      vertex -3.461466869e-03 1.581842825e-02 5.280478671e-02
    endloop
  endfacet
  facet normal -6.334244972e-05 -8.280354738e-01 -5.606757402e-01
    outer loop
      vertex -1.961467322e-03 1.581921428e-02 5.280345678e-02
      vertex -3.461466869e-03 1.581842825e-02 5.280478671e-02
      vertex -1.963497838e-03 1.692662388e-02 5.116797611e-02
    endloop
  endfacet
  facet normal -6.334244972e-05 -8.280354738e-01 -5.606757402e-01
    outer loop
      vertex -1.963497838e-03 1.692662388e-02 5.116797611e-02
      vertex -3.461466869e-03 1.581842825e-02 5.280478671e-02
      vertex -3.463497153e-03 1.692583784e-02 5.116930604e-02
    endloop
  endfacet
  facet normal 2.738713229e-04 -9.652212858e-01 -2.614341974e-01
    outer loop
      vertex -1.963497838e-03 1.692662388e-02 5.116797611e-02
      vertex -3.463497153e-03 1.692583784e-02 5.116930604e-02
      vertex -1.965458738e-03 1.744299196e-02 4.926153272e-02
    endloop
  endfacet
  facet normal 2.738713229e-04 -9.652212858e-01 -2.614341974e-01
    outer loop
      vertex -1.965458738e-03 1.744299196e-02 4.926153272e-02
      vertex -3.463497153e-03 1.692583784e-02 5.116930604e-02
      vertex -3.465458285e-03 1.744220592e-02 4.926286265e-02
    endloop
  endfacet
  facet normal 5.814066972e-04 -9.978103638e-01 6.613754481e-02
    outer loop
      vertex -1.965458738e-03 1.744299196e-02 4.926153272e-02
      vertex -3.465458285e-03 1.744220592e-02 4.926286265e-02
      vertex -1.967137912e-03 1.731235906e-02 4.729072377e-02
    endloop
  endfacet
  facet normal 5.814066972e-04 -9.978103638e-01 6.613754481e-02
    outer loop
      vertex -1.967137912e-03 1.731235906e-02 4.729072377e-02
      vertex -3.465458285e-03 1.744220592e-02 4.926286265e-02
      vertex -3.467137460e-03 1.731157303e-02 4.729205370e-02
    endloop
  endfacet
  facet normal 6.915215850e-01 5.613766909e-01 -4.545922279e-01
    outer loop
      vertex 3.544698702e-03 6.413404364e-03 5.419680104e-02
      vertex 3.543894505e-03 5.007075612e-03 5.245890096e-02
      vertex 3.043496050e-03 5.491711199e-03 5.229617655e-02
    endloop
  endfacet
  facet normal 7.028270960e-01 5.494661331e-01 -4.517975748e-01
    outer loop
      vertex 3.043496050e-03 5.491711199e-03 5.229617655e-02
      vertex 3.044195008e-03 6.750605069e-03 5.382830277e-02
      vertex 3.544698702e-03 6.413404364e-03 5.419680104e-02
    endloop
  endfacet
  facet normal 7.063520551e-01 4.697825611e-01 -5.295008421e-01
    outer loop
      vertex 3.544698702e-03 6.413404364e-03 5.419680104e-02
      vertex 3.044195008e-03 6.750605069e-03 5.382830277e-02
      vertex 3.044236219e-03 6.907239091e-03 5.396732688e-02
    endloop
  endfacet
  facet normal 6.812814474e-01 4.080036879e-01 -6.077734828e-01
    outer loop
      vertex 3.544698702e-03 6.413404364e-03 5.419680104e-02
      vertex 3.044236219e-03 6.907239091e-03 5.396732688e-02
      vertex 3.544831416e-03 8.269508369e-03 5.544297025e-02
    endloop
  endfacet
  facet normal 7.031538486e-01 3.874394000e-01 -5.962091088e-01
    outer loop
      vertex 3.044236219e-03 6.907239091e-03 5.396732688e-02
      vertex 3.044318873e-03 8.482969366e-03 5.499139428e-02
      vertex 3.544831416e-03 8.269508369e-03 5.544297025e-02
    endloop
  endfacet
  facet normal 7.062937021e-01 2.882366180e-01 -6.465824246e-01
    outer loop
      vertex 3.544831416e-03 8.269508369e-03 5.544297025e-02
      vertex 3.044318873e-03 8.482969366e-03 5.499139428e-02
      vertex 3.044281853e-03 8.769899607e-03 5.511926115e-02
    endloop
  endfacet
  facet normal 6.719586849e-01 2.133970708e-01 -7.091778517e-01
    outer loop
      vertex 3.544831416e-03 8.269508369e-03 5.544297025e-02
      vertex 3.044281853e-03 8.769899607e-03 5.511926115e-02
      vertex 3.544280538e-03 1.041046623e-02 5.608667806e-02
    endloop
  endfacet
  facet normal 7.035285830e-01 1.894831210e-01 -6.849406362e-01
    outer loop
      vertex 3.044281853e-03 8.769899607e-03 5.511926115e-02
      vertex 3.043804551e-03 1.048119646e-02 5.559218675e-02
      vertex 3.544280538e-03 1.041046623e-02 5.608667806e-02
    endloop
  endfacet
  facet normal 7.062832713e-01 7.980201393e-02 -7.034170628e-01
    outer loop
      vertex 3.544280538e-03 1.041046623e-02 5.608667806e-02
      vertex 3.043804551e-03 1.048119646e-02 5.559218675e-02
      vertex 3.043628298e-03 1.089736354e-02 5.563922599e-02
    endloop
  endfacet
  facet normal 6.636757255e-01 -4.984102678e-03 -7.480037808e-01
    outer loop
      vertex 3.544280538e-03 1.041046623e-02 5.608667806e-02
      vertex 3.043628298e-03 1.089736354e-02 5.563922599e-02
      vertex 3.543094965e-03 1.264604274e-02 5.607073009e-02
    endloop
  endfacet
  facet normal 7.039486170e-01 -2.591973543e-02 -7.097778320e-01
    outer loop
      vertex 3.043628298e-03 1.089736354e-02 5.563922599e-02
      vertex 3.042698372e-03 1.256773435e-02 5.557730421e-02
      vertex 3.543094965e-03 1.264604274e-02 5.607073009e-02
    endloop
  endfacet
  facet normal 7.063149214e-01 -1.360896379e-01 -6.946933270e-01
    outer loop
      vertex 3.543094965e-03 1.264604274e-02 5.607073009e-02
      vertex 3.042698372e-03 1.256773435e-02 5.557730421e-02
      vertex 3.042339580e-03 1.308137830e-02 5.547631532e-02
    endloop
  endfacet
  facet normal 6.565368176e-01 -2.269878834e-01 -7.193301916e-01
    outer loop
      vertex 3.543094965e-03 1.264604274e-02 5.607073009e-02
      vertex 3.042339580e-03 1.308137830e-02 5.547631532e-02
      vertex 3.541380400e-03 1.477759797e-02 5.539654568e-02
    endloop
  endfacet
  facet normal 7.044059038e-01 -2.386791408e-01 -6.684643626e-01
    outer loop
      vertex 3.042339580e-03 1.308137830e-02 5.547631532e-02
      vertex 3.041098127e-03 1.455718651e-02 5.494806170e-02
      vertex 3.541380400e-03 1.477759797e-02 5.539654568e-02
    endloop
  endfacet
  facet normal 7.063778639e-01 -3.393099606e-01 -6.212077737e-01
    outer loop
      vertex 3.541380400e-03 1.477759797e-02 5.539654568e-02
      vertex 3.041098127e-03 1.455718651e-02 5.494806170e-02
      vertex 3.040541895e-03 1.510815788e-02 5.464648455e-02
    endloop
  endfacet
  facet normal 6.506292224e-01 -4.317471683e-01 -6.247206926e-01
    outer loop
      vertex 3.541380400e-03 1.477759797e-02 5.539654568e-02
      vertex 3.040541895e-03 1.510815788e-02 5.464648455e-02
      vertex 3.539289115e-03 1.661573350e-02 5.412402377e-02
    endloop
  endfacet
  facet normal 7.048859000e-01 -4.289684892e-01 -5.649087429e-01
    outer loop
      vertex 3.040541895e-03 1.510815788e-02 5.464648455e-02
      vertex 3.039146075e-03 1.627277955e-02 5.376037583e-02
      vertex 3.539289115e-03 1.661573350e-02 5.412402377e-02
    endloop
  endfacet
  facet normal 7.064551711e-01 -5.109043121e-01 -4.897936583e-01
    outer loop
      vertex 3.539289115e-03 1.661573350e-02 5.412402377e-02
      vertex 3.039146075e-03 1.627277955e-02 5.376037583e-02
      vertex 3.038411262e-03 1.677930728e-02 5.323095620e-02
    endloop
  endfacet
  facet normal 6.460184455e-01 -5.997610688e-01 -4.721724987e-01
    outer loop
      vertex 3.539289115e-03 1.661573350e-02 5.412402377e-02
      vertex 3.038411262e-03 1.677930728e-02 5.323095620e-02
      vertex 3.537006676e-03 1.799712516e-02 5.236623436e-02
    endloop
  endfacet
  facet normal 7.053720355e-01 -5.790713429e-01 -4.088113010e-01
    outer loop
      vertex 3.038411262e-03 1.677930728e-02 5.323095620e-02
      vertex 3.037015907e-03 1.756207645e-02 5.211977288e-02
      vertex 3.537006676e-03 1.799712516e-02 5.236623436e-02
    endloop
  endfacet
  facet normal 7.065289617e-01 -6.348585486e-01 -3.126842380e-01
    outer loop
      vertex 3.537006676e-03 1.799712516e-02 5.236623436e-02
      vertex 3.037015907e-03 1.756207645e-02 5.211977288e-02
      vertex 3.036156064e-03 1.793124154e-02 5.136829615e-02
    endloop
  endfacet
  facet normal 6.427513957e-01 -7.148630023e-01 -2.753934264e-01
    outer loop
      vertex 3.537006676e-03 1.799712516e-02 5.236623436e-02
      vertex 3.036156064e-03 1.793124154e-02 5.136829615e-02
      vertex 3.534736112e-03 1.879902557e-02 5.027937144e-02
    endloop
  endfacet
  facet normal 7.058428526e-01 -6.750285029e-01 -2.147613615e-01
    outer loop
      vertex 3.036156064e-03 1.793124154e-02 5.136829615e-02
      vertex 3.034896683e-03 1.831051894e-02 5.017203465e-02
      vertex 3.534736112e-03 1.879902557e-02 5.027937144e-02
    endloop
  endfacet
  facet normal 7.065771818e-01 -6.995946169e-01 -1.063770503e-01
    outer loop
      vertex 3.534736112e-03 1.879902557e-02 5.027937144e-02
      vertex 3.034896683e-03 1.831051894e-02 5.017203465e-02
      vertex 3.033997258e-03 1.845120452e-02 4.924083501e-02
    endloop
  endfacet
  facet normal 6.408546567e-01 -7.658653855e-01 -5.249320716e-02
    outer loop
      vertex 3.534736112e-03 1.879902557e-02 5.027937144e-02
      vertex 3.033997258e-03 1.845120452e-02 4.924083501e-02
      vertex 3.532679053e-03 1.895018667e-02 4.804885387e-02
    endloop
  endfacet
  facet normal 7.062781453e-01 -7.079339623e-01 -8.713550051e-04
    outer loop
      vertex 3.532679053e-03 1.895018667e-02 4.804885387e-02
      vertex 3.033997258e-03 1.845120452e-02 4.924083501e-02
      vertex 3.032976761e-03 1.845160127e-02 4.809021577e-02
    endloop
  endfacet
  facet normal 7.065801620e-01 -6.990464926e-01 1.099021807e-01
    outer loop
      vertex 3.532679053e-03 1.895018667e-02 4.804885387e-02
      vertex 3.032976761e-03 1.845160127e-02 4.809021577e-02
      vertex 3.531788941e-03 1.877521351e-02 4.694164172e-02
    endloop
  endfacet
  facet normal 7.065798640e-01 -6.990467906e-01 1.099019721e-01
    outer loop
      vertex 3.531788941e-03 1.877521351e-02 4.694164172e-02
      vertex 3.032976761e-03 1.845160127e-02 4.809021577e-02
      vertex 3.032146022e-03 1.828829572e-02 4.705682024e-02
    endloop
  endfacet
  facet normal 7.066584826e-01 -6.747614145e-01 2.129102647e-01
    outer loop
      vertex 3.531788941e-03 1.877521351e-02 4.694164172e-02
      vertex 3.032146022e-03 1.828829572e-02 4.705682024e-02
      vertex 3.531018505e-03 1.843717508e-02 4.587287456e-02
    endloop
  endfacet
  facet normal 7.066587806e-01 -6.747611165e-01 2.129104286e-01
    outer loop
      vertex 3.531018505e-03 1.843717508e-02 4.587287456e-02
      vertex 3.032146022e-03 1.828829572e-02 4.705682024e-02
      vertex 3.031426808e-03 1.797279157e-02 4.605930671e-02
    endloop
  endfacet
  facet normal 7.037646770e-01 -6.128813028e-01 3.592934608e-01
    outer loop
      vertex 3.531018505e-03 1.843717508e-02 4.587287456e-02
      vertex 3.031426808e-03 1.797279157e-02 4.605930671e-02
      vertex 3.529901616e-03 1.730557531e-02 4.394478351e-02
    endloop
  endfacet
  facet normal 5.718775988e-01 -7.339623570e-01 3.664085269e-01
    outer loop
      vertex 3.031426808e-03 1.797279157e-02 4.605930671e-02
      vertex 3.030783497e-03 1.745846123e-02 4.503004253e-02
      vertex 3.529901616e-03 1.730557531e-02 4.394478351e-02
    endloop
  endfacet
  facet normal 7.069687247e-01 -5.786409378e-01 4.066569507e-01
    outer loop
      vertex 3.529901616e-03 1.730557531e-02 4.394478351e-02
      vertex 3.030783497e-03 1.745846123e-02 4.503004253e-02
      vertex 3.030384425e-03 1.691663079e-02 4.425975308e-02
    endloop
  endfacet
  facet normal 7.038409710e-01 -4.795488715e-01 5.240617990e-01
    outer loop
      vertex 3.529901616e-03 1.730557531e-02 4.394478351e-02
      vertex 3.030384425e-03 1.691663079e-02 4.425975308e-02
      vertex 3.529428039e-03 1.565593295e-02 4.243589565e-02
    endloop
  endfacet
  facet normal 5.896619558e-01 -5.798805356e-01 5.621719956e-01
    outer loop
      vertex 3.030384425e-03 1.691663079e-02 4.425975308e-02
      vertex 3.030043328e-03 1.604293287e-02 4.335889220e-02
      vertex 3.529428039e-03 1.565593295e-02 4.243589565e-02
    endloop
  endfacet
  facet normal 7.071967721e-01 -4.285662472e-01 5.623199344e-01
    outer loop
      vertex 3.529428039e-03 1.565593295e-02 4.243589565e-02
      vertex 3.030043328e-03 1.604293287e-02 4.335889220e-02
      vertex 3.029942280e-03 1.537696552e-02 4.285145923e-02
    endloop
  endfacet
  facet normal 7.038536072e-01 -3.035735190e-01 6.422096491e-01
    outer loop
      vertex 3.529428039e-03 1.565593295e-02 4.243589565e-02
      vertex 3.029942280e-03 1.537696552e-02 4.285145923e-02
      vertex 3.529639449e-03 1.363482792e-02 4.148028418e-02
    endloop
  endfacet
  facet normal 6.065407395e-01 -3.769710660e-01 7.000008225e-01
    outer loop
      vertex 3.029942280e-03 1.537696552e-02 4.285145923e-02
      vertex 3.029997693e-03 1.418027189e-02 4.220695421e-02
      vertex 3.529639449e-03 1.363482792e-02 4.148028418e-02
    endloop
  endfacet
  facet normal 7.073368430e-01 -2.385523170e-01 6.654076576e-01
    outer loop
      vertex 3.529639449e-03 1.363482792e-02 4.148028418e-02
      vertex 3.029997693e-03 1.418027189e-02 4.220695421e-02
      vertex 3.030139720e-03 1.349060051e-02 4.195955396e-02
    endloop
  endfacet
  facet normal 7.038009763e-01 -1.005919725e-01 7.032392621e-01
    outer loop
      vertex 3.529639449e-03 1.363482792e-02 4.148028418e-02
      vertex 3.030139720e-03 1.349060051e-02 4.195955396e-02
      vertex 3.530517453e-03 1.142184343e-02 4.116285965e-02
    endloop
  endfacet
  facet normal 6.225454211e-01 -1.455437839e-01 7.689305544e-01
    outer loop
      vertex 3.030139720e-03 1.349060051e-02 4.195955396e-02
      vertex 3.030651249e-03 1.205280889e-02 4.168699309e-02
      vertex 3.530517453e-03 1.142184343e-02 4.116285965e-02
    endloop
  endfacet
  facet normal 7.073910236e-01 -2.632723004e-02 7.063319683e-01
    outer loop
      vertex 3.530517453e-03 1.142184343e-02 4.116285965e-02
      vertex 3.030651249e-03 1.205280889e-02 4.168699309e-02
      vertex 3.030959051e-03 1.142514870e-02 4.166328907e-02
    endloop
  endfacet
  facet normal 7.036889195e-01 1.113606989e-01 7.017269731e-01
    outer loop
      vertex 3.530517453e-03 1.142184343e-02 4.116285965e-02
      vertex 3.030959051e-03 1.142514870e-02 4.166328907e-02
      vertex 3.531983821e-03 9.213613346e-03 4.151182622e-02
    endloop
  endfacet
  facet normal 6.377123594e-01 9.209737182e-02 7.647489905e-01
    outer loop
      vertex 3.030959051e-03 1.142514870e-02 4.166328907e-02
      vertex 3.031939967e-03 9.868794121e-03 4.184990004e-02
      vertex 3.531983821e-03 9.213613346e-03 4.151182622e-02
    endloop
  endfacet
  facet normal 7.073650956e-01 1.883168817e-01 6.813012362e-01
    outer loop
      vertex 3.531983821e-03 9.213613346e-03 4.151182622e-02
      vertex 3.031939967e-03 9.868794121e-03 4.184990004e-02
      vertex 3.032327630e-03 9.364133701e-03 4.198899120e-02
    endloop
  endfacet
  facet normal 7.035261393e-01 3.134511113e-01 6.378082037e-01
    outer loop
      vertex 3.531983821e-03 9.213613346e-03 4.151182622e-02
      vertex 3.032327630e-03 9.364133701e-03 4.198899120e-02
      vertex 3.533908166e-03 7.206348237e-03 4.249617457e-02
    endloop
  endfacet
  facet normal 6.520889997e-01 3.137979209e-01 6.901527643e-01
    outer loop
      vertex 3.032327630e-03 9.364133701e-03 4.198899120e-02
      vertex 3.033737652e-03 7.842014544e-03 4.267973453e-02
      vertex 3.533908166e-03 7.206348237e-03 4.249617457e-02
    endloop
  endfacet
  facet normal 7.072724700e-01 3.853691518e-01 5.926687717e-01
    outer loop
      vertex 3.533908166e-03 7.206348237e-03 4.249617457e-02
      vertex 3.033737652e-03 7.842014544e-03 4.267973453e-02
      vertex 3.034123918e-03 7.490686141e-03 4.290771484e-02
    endloop
  endfacet
  facet normal 7.033280134e-01 4.877227247e-01 5.171617270e-01
    outer loop
      vertex 3.533908166e-03 7.206348237e-03 4.249617457e-02
      vertex 3.034123918e-03 7.490686141e-03 4.290771484e-02
      vertex 3.536119824e-03 5.578402430e-03 4.402844235e-02
    endloop
  endfacet
  facet normal 6.657232046e-01 4.995983839e-01 5.542689562e-01
    outer loop
      vertex 3.034123918e-03 7.490686141e-03 4.290771484e-02
      vertex 3.035868285e-03 6.170864683e-03 4.409526289e-02
      vertex 3.536119824e-03 5.578402430e-03 4.402844235e-02
    endloop
  endfacet
  facet normal 7.071296573e-01 5.464651585e-01 4.487131834e-01
    outer loop
      vertex 3.536119824e-03 5.578402430e-03 4.402844235e-02
      vertex 3.035868285e-03 6.170864683e-03 4.409526289e-02
      vertex 3.036187962e-03 5.971270148e-03 4.433783516e-02
    endloop
  endfacet
  facet normal 7.031115890e-01 6.186907291e-01 3.505080044e-01
    outer loop
      vertex 3.536119824e-03 5.578402430e-03 4.402844235e-02
      vertex 3.036187962e-03 5.971270148e-03 4.433783516e-02
      vertex 3.538422054e-03 4.474426154e-03 4.597248137e-02
    endloop
  endfacet
  facet normal 6.786687374e-01 6.335080862e-01 3.715861142e-01
    outer loop
      vertex 3.036187962e-03 5.971270148e-03 4.433783516e-02
      vertex 3.038123483e-03 5.018929485e-03 4.595791921e-02
      vertex 3.538422054e-03 4.474426154e-03 4.597248137e-02
    endloop
  endfacet
  facet normal 7.069567442e-01 6.565922499e-01 2.628664076e-01
    outer loop
      vertex 3.538422054e-03 4.474426154e-03 4.597248137e-02
      vertex 3.038123483e-03 5.018929485e-03 4.595791921e-02
      vertex 3.038336756e-03 4.940892104e-03 4.615227133e-02
    endloop
  endfacet
  facet normal 7.028964162e-01 6.947181225e-01 1.526544094e-01
    outer loop
      vertex 3.538422054e-03 4.474426154e-03 4.597248137e-02
      vertex 3.038336756e-03 4.940892104e-03 4.615227133e-02
      vertex 3.540610196e-03 3.992512356e-03 4.815555736e-02
    endloop
  endfacet
  facet normal 6.909776926e-01 7.048471570e-01 1.604379267e-01
    outer loop
      vertex 3.038336756e-03 4.940892104e-03 4.615227133e-02
      vertex 3.040282289e-03 4.498967901e-03 4.808538407e-02
      vertex 3.540610196e-03 3.992512356e-03 4.815555736e-02
    endloop
  endfacet
  facet normal 7.067739964e-01 7.054915428e-01 5.246155709e-02
    outer loop
      vertex 3.540610196e-03 3.992512356e-03 4.815555736e-02
      vertex 3.040282289e-03 4.498967901e-03 4.808538407e-02
      vertex 3.040379146e-03 4.491106141e-03 4.818980768e-02
    endloop
  endfacet
  facet normal 7.027011514e-01 7.090497017e-01 -5.881836265e-02
    outer loop
      vertex 3.540610196e-03 3.992512356e-03 4.815555736e-02
      vertex 3.040379146e-03 4.491106141e-03 4.818980768e-02
      vertex 3.542490071e-03 4.175481386e-03 5.038369074e-02
    endloop
  endfacet
  facet normal 7.027010918e-01 7.090498209e-01 -5.881831795e-02
    outer loop
      vertex 3.542490071e-03 4.175481386e-03 5.038369074e-02
      vertex 3.040379146e-03 4.491106141e-03 4.818980768e-02
      vertex 3.042133525e-03 4.661877174e-03 5.026939884e-02
    endloop
  endfacet
  facet normal 7.025436163e-01 6.604117155e-01 -2.651203871e-01
    outer loop
      vertex 3.542490071e-03 4.175481386e-03 5.038369074e-02
      vertex 3.042133525e-03 4.661877174e-03 5.026939884e-02
      vertex 3.543894505e-03 5.007075612e-03 5.245890096e-02
    endloop
  endfacet
  facet normal 7.025437355e-01 6.604115963e-01 -2.651203871e-01
    outer loop
      vertex 3.543894505e-03 5.007075612e-03 5.245890096e-02
      vertex 3.042133525e-03 4.661877174e-03 5.026939884e-02
      vertex 3.043444362e-03 5.438031629e-03 5.220626295e-02
    endloop
  endfacet
  facet normal 7.064568400e-01 6.075187325e-01 -3.630973697e-01
    outer loop
      vertex 3.543894505e-03 5.007075612e-03 5.245890096e-02
      vertex 3.043444362e-03 5.438031629e-03 5.220626295e-02
      vertex 3.043496050e-03 5.491711199e-03 5.229617655e-02
    endloop
  endfacet
  facet normal 6.915218234e-01 5.613763332e-01 -4.545922875e-01
    outer loop
      vertex 3.507557325e-03 -5.060110241e-03 5.531032104e-03
      vertex 3.506753128e-03 -6.466438062e-03 3.793133656e-03
      vertex 3.006354673e-03 -5.981803406e-03 3.630407853e-03
    endloop
  endfacet
  facet normal 7.028263211e-01 5.494667888e-01 -4.517979026e-01
    outer loop
      vertex 3.006354673e-03 -5.981803406e-03 3.630407853e-03
      vertex 3.007053630e-03 -4.722908605e-03 5.162535235e-03
      vertex 3.507557325e-03 -5.060110241e-03 5.531032104e-03
    endloop
  endfacet
  facet normal 7.063510418e-01 4.697811902e-01 -5.295033455e-01
    outer loop
      vertex 3.507557325e-03 -5.060110241e-03 5.531032104e-03
      vertex 3.007053630e-03 -4.722908605e-03 5.162535235e-03
      vertex 3.007094841e-03 -4.566275049e-03 5.301557481e-03
    endloop
  endfacet
  facet normal 6.812810302e-01 4.080042243e-01 -6.077735424e-01
    outer loop
      vertex 3.507557325e-03 -5.060110241e-03 5.531032104e-03
      vertex 3.007094841e-03 -4.566275049e-03 5.301557481e-03
      vertex 3.507689806e-03 -3.204005305e-03 6.777201779e-03
    endloop
  endfacet
  facet normal 7.031545639e-01 3.874389231e-01 -5.962086320e-01
    outer loop
      vertex 3.007094841e-03 -4.566275049e-03 5.301557481e-03
      vertex 3.007177263e-03 -2.990545006e-03 6.325623952e-03
      vertex 3.507689806e-03 -3.204005305e-03 6.777201779e-03
    endloop
  endfacet
  facet normal 7.062945366e-01 2.882370651e-01 -6.465813518e-01
    outer loop
      vertex 3.507689806e-03 -3.204005305e-03 6.777201779e-03
      vertex 3.007177263e-03 -2.990545006e-03 6.325623952e-03
      vertex 3.007140476e-03 -2.703614766e-03 6.453493144e-03
    endloop
  endfacet
  facet normal 6.719594598e-01 2.133971155e-01 -7.091770768e-01
    outer loop
      vertex 3.507689806e-03 -3.204005305e-03 6.777201779e-03
      vertex 3.007140476e-03 -2.703614766e-03 6.453493144e-03
      vertex 3.507138928e-03 -1.063047675e-03 7.420911454e-03
    endloop
  endfacet
  facet normal 7.035291791e-01 1.894832999e-01 -6.849399805e-01
    outer loop
      vertex 3.007140476e-03 -2.703614766e-03 6.453493144e-03
      vertex 3.006663173e-03 -9.923176840e-04 6.926419679e-03
      vertex 3.507138928e-03 -1.063047675e-03 7.420911454e-03
    endloop
  endfacet
  facet normal 7.062838674e-01 7.979974151e-02 -7.034167051e-01
    outer loop
      vertex 3.507138928e-03 -1.063047675e-03 7.420911454e-03
      vertex 3.006663173e-03 -9.923176840e-04 6.926419679e-03
      vertex 3.006486921e-03 -5.761512439e-04 6.973455194e-03
    endloop
  endfacet
  facet normal 6.636776328e-01 -4.984089639e-03 -7.480021119e-01
    outer loop
      vertex 3.507138928e-03 -1.063047675e-03 7.420911454e-03
      vertex 3.006486921e-03 -5.761512439e-04 6.973455194e-03
      vertex 3.505953588e-03 1.172529068e-03 7.404963486e-03
    endloop
  endfacet
  facet normal 7.039502263e-01 -2.591967583e-02 -7.097762227e-01
    outer loop
      vertex 3.006486921e-03 -5.761512439e-04 6.973455194e-03
      vertex 3.005556762e-03 1.094220323e-03 6.911533885e-03
      vertex 3.505953588e-03 1.172529068e-03 7.404963486e-03
    endloop
  endfacet
  facet normal 7.063165903e-01 -1.360905617e-01 -6.946914792e-01
    outer loop
      vertex 3.505953588e-03 1.172529068e-03 7.404963486e-03
      vertex 3.005556762e-03 1.094220323e-03 6.911533885e-03
      vertex 3.005198203e-03 1.607863349e-03 6.810545921e-03
    endloop
  endfacet
  facet normal 6.565389633e-01 -2.269882113e-01 -7.193281054e-01
    outer loop
      vertex 3.505953588e-03 1.172529068e-03 7.404963486e-03
      vertex 3.005198203e-03 1.607863349e-03 6.810545921e-03
      vertex 3.504239023e-03 3.304083832e-03 6.730773952e-03
    endloop
  endfacet
  facet normal 7.044041753e-01 -2.386785299e-01 -6.684663892e-01
    outer loop
      vertex 3.005198203e-03 1.607863349e-03 6.810545921e-03
      vertex 3.003956517e-03 3.083672374e-03 6.282294169e-03
      vertex 3.504239023e-03 3.304083832e-03 6.730773952e-03
    endloop
  endfacet
  facet normal 7.063761950e-01 -3.393125236e-01 -6.212082505e-01
    outer loop
      vertex 3.504239023e-03 3.304083832e-03 6.730773952e-03
      vertex 3.003956517e-03 3.083672374e-03 6.282294169e-03
      vertex 3.003400518e-03 3.634643275e-03 5.980714224e-03
    endloop
  endfacet
  facet normal 6.506295800e-01 -4.317463040e-01 -6.247209907e-01
    outer loop
      vertex 3.504239023e-03 3.304083832e-03 6.730773952e-03
      vertex 3.003400518e-03 3.634643275e-03 5.980714224e-03
      vertex 3.502147738e-03 5.142220296e-03 5.458255298e-03
    endloop
  endfacet
  facet normal 7.048861980e-01 -4.289676845e-01 -5.649090409e-01
    outer loop
      vertex 3.003400518e-03 3.634643275e-03 5.980714224e-03
      vertex 3.002004698e-03 4.799266346e-03 5.094607826e-03
      vertex 3.502147738e-03 5.142220296e-03 5.458255298e-03
    endloop
  endfacet
  facet normal 7.064554691e-01 -5.109049082e-01 -4.897926748e-01
    outer loop
      vertex 3.502147738e-03 5.142220296e-03 5.458255298e-03
      vertex 3.002004698e-03 4.799266346e-03 5.094607826e-03
      vertex 3.001269884e-03 5.305793136e-03 4.565187730e-03
    endloop
  endfacet
  facet normal 6.460194588e-01 -5.997605324e-01 -4.721717238e-01
    outer loop
      vertex 3.502147738e-03 5.142220296e-03 5.458255298e-03
      vertex 3.001269884e-03 5.305793136e-03 4.565187730e-03
      vertex 3.499865299e-03 6.523610558e-03 3.700467292e-03
    endloop
  endfacet
  facet normal 7.053714991e-01 -5.790713429e-01 -4.088121951e-01
    outer loop
      vertex 3.001269884e-03 5.305793136e-03 4.565187730e-03
      vertex 2.999874530e-03 6.088563241e-03 3.454006976e-03
      vertex 3.499865299e-03 6.523610558e-03 3.700467292e-03
    endloop
  endfacet
  facet normal 7.065285444e-01 -6.348593831e-01 -3.126835525e-01
    outer loop
      vertex 3.499865299e-03 6.523610558e-03 3.700467292e-03
      vertex 2.999874530e-03 6.088563241e-03 3.454006976e-03
      vertex 2.999014687e-03 6.457727868e-03 2.702528145e-03
    endloop
  endfacet
  facet normal 6.427520514e-01 -7.148624063e-01 -2.753933966e-01
    outer loop
      vertex 3.499865299e-03 6.523610558e-03 3.700467292e-03
      vertex 2.999014687e-03 6.457727868e-03 2.702528145e-03
      vertex 3.497594735e-03 7.325511891e-03 1.613602624e-03
    endloop
  endfacet
  facet normal 7.058429122e-01 -6.750282645e-01 -2.147617936e-01
    outer loop
      vertex 2.999014687e-03 6.457727868e-03 2.702528145e-03
      vertex 2.997755306e-03 6.837004796e-03 1.506265369e-03
      vertex 3.497594735e-03 7.325511891e-03 1.613602624e-03
    endloop
  endfacet
  facet normal 7.065772414e-01 -6.995946169e-01 -1.063766554e-01
    outer loop
      vertex 3.497594735e-03 7.325511891e-03 1.613602624e-03
      vertex 2.997755306e-03 6.837004796e-03 1.506265369e-03
      vertex 2.996855881e-03 6.977689452e-03 5.750656710e-04
    endloop
  endfacet
  facet normal 6.408549547e-01 -7.658651471e-01 -5.249306187e-02
    outer loop
      vertex 3.497594735e-03 7.325511891e-03 1.613602624e-03
      vertex 2.996855881e-03 6.977689452e-03 5.750656710e-04
      vertex 3.495537676e-03 7.476672530e-03 -6.169155822e-04
    endloop
  endfacet
  facet normal 7.062780261e-01 -7.079340219e-01 -8.714702562e-04
    outer loop
      vertex 3.495537676e-03 7.476672530e-03 -6.169155822e-04
      vertex 2.996855881e-03 6.977689452e-03 5.750656710e-04
      vertex 2.995835384e-03 6.978088059e-03 -5.755509483e-04
    endloop
  endfacet
  facet normal 7.065801024e-01 -6.990465522e-01 1.099022329e-01
    outer loop
      vertex 3.495537676e-03 7.476672530e-03 -6.169155822e-04
      vertex 2.995835384e-03 6.978088059e-03 -5.755509483e-04
      vertex 3.494647564e-03 7.301699836e-03 -1.724127447e-03
    endloop
  endfacet
  facet normal 7.065798640e-01 -6.990467906e-01 1.099020466e-01
    outer loop
      vertex 3.494647564e-03 7.301699836e-03 -1.724127447e-03
      vertex 2.995835384e-03 6.978088059e-03 -5.755509483e-04
      vertex 2.995004645e-03 6.814780645e-03 -1.608949271e-03
    endloop
  endfacet
  facet normal 7.066584826e-01 -6.747614741e-01 2.129102200e-01
    outer loop
      vertex 3.494647564e-03 7.301699836e-03 -1.724127447e-03
      vertex 2.995004645e-03 6.814780645e-03 -1.608949271e-03
      vertex 3.493877128e-03 6.963660475e-03 -2.792894607e-03
    endloop
  endfacet
  facet normal 7.066589594e-01 -6.747608781e-01 2.129104733e-01
    outer loop
      vertex 3.493877128e-03 6.963660475e-03 -2.792894607e-03
      vertex 2.995004645e-03 6.814780645e-03 -1.608949271e-03
      vertex 2.994285431e-03 6.499277428e-03 -2.606461989e-03
    endloop
  endfacet
  facet normal 7.037653327e-01 -6.128806472e-01 3.592933118e-01
    outer loop
      vertex 3.493877128e-03 6.963660475e-03 -2.792894607e-03
      vertex 2.994285431e-03 6.499277428e-03 -2.606461989e-03
      vertex 3.492760239e-03 5.832060240e-03 -4.720984027e-03
    endloop
  endfacet
  facet normal 5.718764067e-01 -7.339633703e-01 3.664084673e-01
    outer loop
      vertex 2.994285431e-03 6.499277428e-03 -2.606461989e-03
      vertex 2.993642120e-03 5.984946154e-03 -3.635729430e-03
      vertex 3.492760239e-03 5.832060240e-03 -4.720984027e-03
    endloop
  endfacet
  facet normal 7.069688439e-01 -5.786404610e-01 4.066574275e-01
    outer loop
      vertex 3.492760239e-03 5.832060240e-03 -4.720984027e-03
      vertex 2.993642120e-03 5.984946154e-03 -3.635729430e-03
      vertex 2.993243048e-03 5.443116650e-03 -4.406014923e-03
    endloop
  endfacet
  facet normal 7.038410902e-01 -4.795486927e-01 5.240617990e-01
    outer loop
      vertex 3.492760239e-03 5.832060240e-03 -4.720984027e-03
      vertex 2.993243048e-03 5.443116650e-03 -4.406014923e-03
      vertex 3.492286662e-03 4.182419274e-03 -6.229870953e-03
    endloop
  endfacet
  facet normal 5.896596313e-01 -5.798822045e-01 5.621727109e-01
    outer loop
      vertex 2.993243048e-03 5.443116650e-03 -4.406014923e-03
      vertex 2.992901951e-03 4.569418263e-03 -5.306879058e-03
      vertex 3.492286662e-03 4.182419274e-03 -6.229870953e-03
    endloop
  endfacet
  facet normal 7.071964145e-01 -4.285657108e-01 5.623208284e-01
    outer loop
      vertex 3.492286662e-03 4.182419274e-03 -6.229870953e-03
      vertex 2.992901951e-03 4.569418263e-03 -5.306879058e-03
      vertex 2.992800903e-03 3.903451143e-03 -5.814310629e-03
    endloop
  endfacet
  facet normal 7.038530707e-01 -3.035739362e-01 6.422100067e-01
    outer loop
      vertex 3.492286662e-03 4.182419274e-03 -6.229870953e-03
      vertex 2.992800903e-03 3.903451143e-03 -5.814310629e-03
      vertex 3.492498072e-03 2.161313780e-03 -7.185483351e-03
    endloop
  endfacet
  facet normal 6.065384746e-01 -3.769725859e-01 7.000019550e-01
    outer loop
      vertex 2.992800903e-03 3.903451143e-03 -5.814310629e-03
      vertex 2.992856316e-03 2.706757747e-03 -6.458814722e-03
      vertex 3.492498072e-03 2.161313780e-03 -7.185483351e-03
    endloop
  endfacet
  facet normal 7.073371410e-01 -2.385504395e-01 6.654080153e-01
    outer loop
      vertex 3.492498072e-03 2.161313780e-03 -7.185483351e-03
      vertex 2.992856316e-03 2.706757747e-03 -6.458814722e-03
      vertex 2.992998343e-03 2.017086837e-03 -6.706214510e-03
    endloop
  endfacet
  facet normal 7.038013339e-01 -1.005921960e-01 7.032389045e-01
    outer loop
      vertex 3.492498072e-03 2.161313780e-03 -7.185483351e-03
      vertex 2.992998343e-03 2.017086837e-03 -6.706214510e-03
      vertex 3.493376076e-03 -5.167066047e-05 -7.502909750e-03
    endloop
  endfacet
  facet normal 6.225441694e-01 -1.455448568e-01 7.689313293e-01
    outer loop
      vertex 2.992998343e-03 2.017086837e-03 -6.706214510e-03
      vertex 2.993509872e-03 5.792943412e-04 -6.978776772e-03
      vertex 3.493376076e-03 -5.167066047e-05 -7.502909750e-03
    endloop
  endfacet
  facet normal 7.073919773e-01 -2.632516995e-02 7.063310146e-01
    outer loop
      vertex 3.493376076e-03 -5.167066047e-05 -7.502909750e-03
      vertex 2.993509872e-03 5.792943412e-04 -6.978776772e-03
      vertex 2.993817674e-03 -4.836531298e-05 -7.002478000e-03
    endloop
  endfacet
  facet normal 7.036898732e-01 1.113608405e-01 7.017259598e-01
    outer loop
      vertex 3.493376076e-03 -5.167066047e-05 -7.502909750e-03
      vertex 2.993817674e-03 -4.836531298e-05 -7.002478000e-03
      vertex 3.494842444e-03 -2.259900561e-03 -7.153944112e-03
    endloop
  endfacet
  facet normal 6.377115846e-01 9.209699929e-02 7.647496462e-01
    outer loop
      vertex 2.993817674e-03 -4.836531298e-05 -7.002478000e-03
      vertex 2.994798589e-03 -1.604720252e-03 -6.815867964e-03
      vertex 3.494842444e-03 -2.259900561e-03 -7.153944112e-03
    endloop
  endfacet
  facet normal 7.073640823e-01 1.883159429e-01 6.813025475e-01
    outer loop
      vertex 3.494842444e-03 -2.259900561e-03 -7.153944112e-03
      vertex 2.994798589e-03 -1.604720252e-03 -6.815867964e-03
      vertex 2.995186253e-03 -2.109380672e-03 -6.676779594e-03
    endloop
  endfacet
  facet normal 7.035251856e-01 3.134515285e-01 6.378090978e-01
    outer loop
      vertex 3.494842444e-03 -2.259900561e-03 -7.153944112e-03
      vertex 2.995186253e-03 -2.109380672e-03 -6.676779594e-03
      vertex 3.496766789e-03 -4.267165903e-03 -6.169595290e-03
    endloop
  endfacet
  facet normal 6.520878077e-01 3.137983382e-01 6.901537180e-01
    outer loop
      vertex 2.995186253e-03 -2.109380672e-03 -6.676779594e-03
      vertex 2.996596275e-03 -3.631500062e-03 -5.986035801e-03
      vertex 3.496766789e-03 -4.267165903e-03 -6.169595290e-03
    endloop
  endfacet
  facet normal 7.072731256e-01 3.853718936e-01 5.926662087e-01
    outer loop
      vertex 3.496766789e-03 -4.267165903e-03 -6.169595290e-03
      vertex 2.996596275e-03 -3.631500062e-03 -5.986035801e-03
      vertex 2.996982541e-03 -3.982827533e-03 -5.758051760e-03
    endloop
  endfacet
  facet normal 7.033285499e-01 4.877225459e-01 5.171611309e-01
    outer loop
      vertex 3.496766789e-03 -4.267165903e-03 -6.169595290e-03
      vertex 2.996982541e-03 -3.982827533e-03 -5.758051760e-03
      vertex 3.498978447e-03 -5.895111244e-03 -4.637325648e-03
    endloop
  endfacet
  facet normal 6.657207012e-01 4.995990992e-01 5.542712808e-01
    outer loop
      vertex 2.996982541e-03 -3.982827533e-03 -5.758051760e-03
      vertex 2.998726908e-03 -5.302649923e-03 -4.570509307e-03
      vertex 3.498978447e-03 -5.895111244e-03 -4.637325648e-03
    endloop
  endfacet
  facet normal 7.071283460e-01 5.464667082e-01 4.487133622e-01
    outer loop
      vertex 3.498978447e-03 -5.895111244e-03 -4.637325648e-03
      vertex 2.998726908e-03 -5.302649923e-03 -4.570509307e-03
      vertex 2.999046585e-03 -5.502243992e-03 -4.327936564e-03
    endloop
  endfacet
  facet normal 7.031104565e-01 6.186915040e-01 3.505088985e-01
    outer loop
      vertex 3.498978447e-03 -5.895111244e-03 -4.637325648e-03
      vertex 2.999046585e-03 -5.502243992e-03 -4.327936564e-03
      vertex 3.501280677e-03 -6.999088451e-03 -2.693288261e-03
    endloop
  endfacet
  facet normal 6.786682010e-01 6.335084438e-01 3.715864718e-01
    outer loop
      vertex 2.999046585e-03 -5.502243992e-03 -4.327936564e-03
      vertex 3.000982106e-03 -6.454584654e-03 -2.707849955e-03
      vertex 3.501280677e-03 -6.999088451e-03 -2.693288261e-03
    endloop
  endfacet
  facet normal 7.069573402e-01 6.565933824e-01 2.628619969e-01
    outer loop
      vertex 3.501280677e-03 -6.999088451e-03 -2.693288261e-03
      vertex 3.000982106e-03 -6.454584654e-03 -2.707849955e-03
      vertex 3.001195379e-03 -6.532621570e-03 -2.513497602e-03
    endloop
  endfacet
  facet normal 7.028968334e-01 6.947177649e-01 1.526540965e-01
    outer loop
      vertex 3.501280677e-03 -6.999088451e-03 -2.693288261e-03
      vertex 3.001195379e-03 -6.532621570e-03 -2.513497602e-03
      vertex 3.503468819e-03 -7.481001318e-03 -5.102123250e-04
    endloop
  endfacet
  facet normal 6.909766793e-01 7.048479915e-01 1.604385376e-01
    outer loop
      vertex 3.001195379e-03 -6.532621570e-03 -2.513497602e-03
      vertex 3.003140911e-03 -6.974546704e-03 -5.803874228e-04
      vertex 3.503468819e-03 -7.481001318e-03 -5.102123250e-04
    endloop
  endfacet
  facet normal 7.067736983e-01 7.054920197e-01 5.245874077e-02
    outer loop
      vertex 3.503468819e-03 -7.481001318e-03 -5.102123250e-04
      vertex 3.003140911e-03 -6.974546704e-03 -5.803874228e-04
      vertex 3.003237769e-03 -6.982407998e-03 -4.759629082e-04
    endloop
  endfacet
  facet normal 7.027010322e-01 7.090498209e-01 -5.881827697e-02
    outer loop
      vertex 3.503468819e-03 -7.481001318e-03 -5.102123250e-04
      vertex 3.003237769e-03 -6.982407998e-03 -4.759629082e-04
      vertex 3.505348694e-03 -7.298032753e-03 1.717919018e-03
    endloop
  endfacet
  facet normal 7.027010918e-01 7.090498209e-01 -5.881828442e-02
    outer loop
      vertex 3.505348694e-03 -7.298032753e-03 1.717919018e-03
      vertex 3.003237769e-03 -6.982407998e-03 -4.759629082e-04
      vertex 3.004992148e-03 -6.811637431e-03 1.603627577e-03
    endloop
  endfacet
  facet normal 7.025436163e-01 6.604117155e-01 -2.651203275e-01
    outer loop
      vertex 3.505348694e-03 -7.298032753e-03 1.717919018e-03
      vertex 3.004992148e-03 -6.811637431e-03 1.603627577e-03
      vertex 3.506753128e-03 -6.466438062e-03 3.793133656e-03
    endloop
  endfacet
  facet normal 7.025439739e-01 6.604113579e-01 -2.651203275e-01
    outer loop
      vertex 3.506753128e-03 -6.466438062e-03 3.793133656e-03
      vertex 3.004992148e-03 -6.811637431e-03 1.603627577e-03
      vertex 3.006302984e-03 -6.035482511e-03 3.540492151e-03
    endloop
  endfacet
  facet normal 7.064573765e-01 6.075197458e-01 -3.630946875e-01
    outer loop
      vertex 3.506753128e-03 -6.466438062e-03 3.793133656e-03
      vertex 3.006302984e-03 -6.035482511e-03 3.540492151e-03
      vertex 3.006354673e-03 -5.981803406e-03 3.630407853e-03
    endloop
  endfacet
  facet normal 8.977045072e-04 -2.136972360e-02 9.997712374e-01
    outer loop
      vertex 2.005969640e-03 4.298964341e-04 6.985075306e-03
      vertex -1.993444748e-03 -7.280458813e-04 6.963916123e-03
      vertex 2.006553346e-03 -7.259502308e-04 6.960369181e-03
    endloop
  endfacet
  facet normal 9.685548721e-04 -1.856349260e-01 9.826183319e-01
    outer loop
      vertex 2.006553346e-03 -7.259502308e-04 6.960369181e-03
      vertex -1.993444748e-03 -7.280458813e-04 6.963916123e-03
      vertex -1.993039856e-03 -1.864061924e-03 6.749300752e-03
    endloop
  endfacet
  facet normal 9.685548721e-04 -1.856349260e-01 9.826183319e-01
    outer loop
      vertex 2.006553346e-03 -7.259502308e-04 6.960369181e-03
      vertex -1.993039856e-03 -1.864061924e-03 6.749300752e-03
      vertex 2.006958239e-03 -1.861966331e-03 6.745754275e-03
    endloop
  endfacet
  facet normal 1.012985711e-03 -3.448368311e-01 9.386621118e-01
    outer loop
      vertex 2.006958239e-03 -1.861966331e-03 6.745754275e-03
      vertex -1.993039856e-03 -1.864061924e-03 6.749300752e-03
      vertex -1.992824720e-03 -2.949259710e-03 6.350630894e-03
    endloop
  endfacet
  facet normal 1.012985711e-03 -3.448368311e-01 9.386621118e-01
    outer loop
      vertex 2.006958239e-03 -1.861966331e-03 6.745754275e-03
      vertex -1.992824720e-03 -2.949259710e-03 6.350630894e-03
      vertex 2.007173141e-03 -2.947164234e-03 6.347083952e-03
    endloop
  endfacet
  facet normal 1.029784908e-03 -4.946324229e-01 8.691016436e-01
    outer loop
      vertex 2.007173141e-03 -2.947164234e-03 6.347083952e-03
      vertex -1.992824720e-03 -2.949259710e-03 6.350630894e-03
      vertex -1.992805395e-03 -3.954038024e-03 5.778780673e-03
    endloop
  endfacet
  facet normal 1.029784908e-03 -4.946324229e-01 8.691016436e-01
    outer loop
      vertex 2.007173141e-03 -2.947164234e-03 6.347083952e-03
      vertex -1.992805395e-03 -3.954038024e-03 5.778780673e-03
      vertex 2.007192466e-03 -3.951942548e-03 5.775233731e-03
    endloop
  endfacet
  facet normal 1.018494251e-03 -6.309356689e-01 7.758344412e-01
    outer loop
      vertex 2.007192466e-03 -3.951942548e-03 5.775233731e-03
      vertex -1.992805395e-03 -3.954038024e-03 5.778780673e-03
      vertex -1.992982347e-03 -4.850989208e-03 5.049349274e-03
    endloop
  endfacet
  facet normal 1.018494251e-03 -6.309356689e-01 7.758344412e-01
    outer loop
      vertex 2.007192466e-03 -3.951942548e-03 5.775233731e-03
      vertex -1.992982347e-03 -4.850989208e-03 5.049349274e-03
      vertex 2.007015748e-03 -4.848893266e-03 5.045802332e-03
    endloop
  endfacet
  facet normal 9.794217767e-04 -7.500289083e-01 6.614043117e-01
    outer loop
      vertex 2.007015748e-03 -4.848893266e-03 5.045802332e-03
      vertex -1.992982347e-03 -4.850989208e-03 5.049349274e-03
      vertex -1.993350685e-03 -5.615646485e-03 4.182232078e-03
    endloop
  endfacet
  facet normal 9.794217767e-04 -7.500289083e-01 6.614043117e-01
    outer loop
      vertex 2.007015748e-03 -4.848893266e-03 5.045802332e-03
      vertex -1.993350685e-03 -5.615646485e-03 4.182232078e-03
      vertex 2.006647410e-03 -5.613551009e-03 4.178685136e-03
    endloop
  endfacet
  facet normal 9.136332665e-04 -8.486630321e-01 5.289331079e-01
    outer loop
      vertex 2.006647410e-03 -5.613551009e-03 4.178685136e-03
      vertex -1.993350685e-03 -5.615646485e-03 4.182232078e-03
      vertex -1.993900165e-03 -6.227152422e-03 3.201083513e-03
    endloop
  endfacet
  facet normal 9.136332665e-04 -8.486630321e-01 5.289331079e-01
    outer loop
      vertex 2.006647410e-03 -5.613551009e-03 4.178685136e-03
      vertex -1.993900165e-03 -6.227152422e-03 3.201083513e-03
      vertex 2.006097697e-03 -6.225056946e-03 3.197536804e-03
    endloop
  endfacet
  facet normal 8.229231462e-04 -9.241480231e-01 3.820336759e-01
    outer loop
      vertex 2.006097697e-03 -6.225056946e-03 3.197536804e-03
      vertex -1.993900165e-03 -6.227152422e-03 3.201083513e-03
      vertex -1.994616352e-03 -6.668826565e-03 2.132666064e-03
    endloop
  endfacet
  facet normal 8.229231462e-04 -9.241480231e-01 3.820336759e-01
    outer loop
      vertex 2.006097697e-03 -6.225056946e-03 3.197536804e-03
      vertex -1.994616352e-03 -6.668826565e-03 2.132666064e-03
      vertex 2.005381742e-03 -6.666730624e-03 2.129119122e-03
    endloop
  endfacet
  facet normal 7.097655325e-04 -9.744247198e-01 2.247131020e-01
    outer loop
      vertex 2.005381742e-03 -6.666730624e-03 2.129119122e-03
      vertex -1.994616352e-03 -6.668826565e-03 2.132666064e-03
      vertex -1.995478990e-03 -6.928620394e-03 1.006123261e-03
    endloop
  endfacet
  facet normal 7.097655325e-04 -9.744247198e-01 2.247131020e-01
    outer loop
      vertex 2.005381742e-03 -6.666730624e-03 2.129119122e-03
      vertex -1.995478990e-03 -6.928620394e-03 1.006123261e-03
      vertex 2.004519105e-03 -6.926524453e-03 1.002576435e-03
    endloop
  endfacet
  facet normal 5.772479344e-04 -9.981214404e-01 6.126360595e-02
    outer loop
      vertex 2.004519105e-03 -6.926524453e-03 1.002576435e-03
      vertex -1.995478990e-03 -6.928620394e-03 1.006123261e-03
      vertex -1.996465260e-03 -6.999448407e-03 -1.478154154e-04
    endloop
  endfacet
  facet normal 5.772479344e-04 -9.981214404e-01 6.126360595e-02
    outer loop
      vertex 2.004519105e-03 -6.926524453e-03 1.002576435e-03
      vertex -1.996465260e-03 -6.999448407e-03 -1.478154154e-04
      vertex 2.003532834e-03 -6.997352466e-03 -1.513622556e-04
    endloop
  endfacet
  facet normal 4.289845529e-04 -9.945921302e-01 -1.038569883e-01
    outer loop
      vertex 2.003532834e-03 -6.997352466e-03 -1.513622556e-04
      vertex -1.996465260e-03 -6.999448407e-03 -1.478154154e-04
      vertex -1.997547690e-03 -6.879378576e-03 -1.297673793e-03
    endloop
  endfacet
  facet normal 4.289845529e-04 -9.945921302e-01 -1.038569883e-01
    outer loop
      vertex 2.003532834e-03 -6.997352466e-03 -1.513622556e-04
      vertex -1.997547690e-03 -6.879378576e-03 -1.297673793e-03
      vertex 2.002450405e-03 -6.877283100e-03 -1.301220618e-03
    endloop
  endfacet
  facet normal 2.690189285e-04 -9.639328718e-01 -2.661453187e-01
    outer loop
      vertex 2.002450405e-03 -6.877283100e-03 -1.301220618e-03
      vertex -1.997547690e-03 -6.879378576e-03 -1.297673793e-03
      vertex -1.998696942e-03 -6.571685430e-03 -2.412086586e-03
    endloop
  endfacet
  facet normal 2.690189285e-04 -9.639328718e-01 -2.661453187e-01
    outer loop
      vertex 2.002450405e-03 -6.877283100e-03 -1.301220618e-03
      vertex -1.998696942e-03 -6.571685430e-03 -2.412086586e-03
      vertex 2.001301153e-03 -6.569589954e-03 -2.415633528e-03
    endloop
  endfacet
  facet normal 1.017153991e-04 -9.069800377e-01 -4.211736619e-01
    outer loop
      vertex 2.001301153e-03 -6.569589954e-03 -2.415633528e-03
      vertex -1.998696942e-03 -6.571685430e-03 -2.412086586e-03
      vertex -1.999881817e-03 -6.084762514e-03 -3.460655687e-03
    endloop
  endfacet
  facet normal 1.017153991e-04 -9.069800377e-01 -4.211736619e-01
    outer loop
      vertex 2.001301153e-03 -6.569589954e-03 -2.415633528e-03
      vertex -1.999881817e-03 -6.084762514e-03 -3.460655687e-03
      vertex 2.000116277e-03 -6.082666572e-03 -3.464202397e-03
    endloop
  endfacet
  facet normal -6.836227840e-05 -8.252872825e-01 -5.647131205e-01
    outer loop
      vertex 2.000116277e-03 -6.082666572e-03 -3.464202397e-03
      vertex -1.999881817e-03 -6.084762514e-03 -3.460655687e-03
      vertex -2.001069952e-03 -5.431891419e-03 -4.414778668e-03
    endloop
  endfacet
  facet normal -6.836227840e-05 -8.252872825e-01 -5.647131205e-01
    outer loop
      vertex 2.000116277e-03 -6.082666572e-03 -3.464202397e-03
      vertex -2.001069952e-03 -5.431891419e-03 -4.414778668e-03
      vertex 1.998928143e-03 -5.429795943e-03 -4.418325610e-03
    endloop
  endfacet
  facet normal -2.365756372e-04 -7.210826278e-01 -6.928490400e-01
    outer loop
      vertex 1.998928143e-03 -5.429795943e-03 -4.418325610e-03
      vertex -2.001069952e-03 -5.431891419e-03 -4.414778668e-03
      vertex -2.002228750e-03 -4.630881827e-03 -5.248429254e-03
    endloop
  endfacet
  facet normal -2.365756372e-04 -7.210826278e-01 -6.928490400e-01
    outer loop
      vertex 1.998928143e-03 -5.429795943e-03 -4.418325610e-03
      vertex -2.002228750e-03 -4.630881827e-03 -5.248429254e-03
      vertex 1.997769345e-03 -4.628785886e-03 -5.251976196e-03
    endloop
  endfacet
  facet normal -3.983355127e-04 -5.972089171e-01 -8.020856380e-01
    outer loop
      vertex 1.997769345e-03 -4.628785886e-03 -5.251976196e-03
      vertex -2.002228750e-03 -4.630881827e-03 -5.248429254e-03
      vertex -2.003326779e-03 -3.703581868e-03 -5.938868504e-03
    endloop
  endfacet
  facet normal -3.983355127e-04 -5.972089171e-01 -8.020856380e-01
    outer loop
      vertex 1.997769345e-03 -4.628785886e-03 -5.251976196e-03
      vertex -2.003326779e-03 -3.703581868e-03 -5.938868504e-03
      vertex 1.996671082e-03 -3.701486392e-03 -5.942415446e-03
    endloop
  endfacet
  facet normal -5.492299097e-04 -4.570448697e-01 -8.894434571e-01
    outer loop
      vertex 1.996671082e-03 -3.701486392e-03 -5.942415446e-03
      vertex -2.003326779e-03 -3.703581868e-03 -5.938868504e-03
      vertex -2.004334237e-03 -2.675286727e-03 -6.467262283e-03
    endloop
  endfacet
  facet normal -5.492299097e-04 -4.570448697e-01 -8.894434571e-01
    outer loop
      vertex 1.996671082e-03 -3.701486392e-03 -5.942415446e-03
      vertex -2.004334237e-03 -2.675286727e-03 -6.467262283e-03
      vertex 1.995663857e-03 -2.673191018e-03 -6.470809225e-03
    endloop
  endfacet
  facet normal -6.851428770e-04 -3.044137657e-01 -9.525396228e-01
    outer loop
      vertex 1.995663857e-03 -2.673191018e-03 -6.470809225e-03
      vertex -2.004334237e-03 -2.675286727e-03 -6.467262283e-03
      vertex -2.005223185e-03 -1.574045164e-03 -6.819197908e-03
    endloop
  endfacet
  facet normal -6.851428770e-04 -3.044137657e-01 -9.525396228e-01
    outer loop
      vertex 1.995663857e-03 -2.673191018e-03 -6.470809225e-03
      vertex -2.005223185e-03 -1.574045164e-03 -6.819197908e-03
      vertex 1.994774910e-03 -1.571949571e-03 -6.822744850e-03
    endloop
  endfacet
  facet normal -8.023666451e-04 -1.434793919e-01 -9.896529913e-01
    outer loop
      vertex 1.994774910e-03 -1.571949571e-03 -6.822744850e-03
      vertex -2.005223185e-03 -1.574045164e-03 -6.819197908e-03
      vertex -2.005969640e-03 -4.298964341e-04 -6.985075306e-03
    endloop
  endfacet
  facet normal -8.023666451e-04 -1.434793919e-01 -9.896529913e-01
    outer loop
      vertex 1.994774910e-03 -1.571949571e-03 -6.822744850e-03
      vertex -2.005969640e-03 -4.298964341e-04 -6.985075306e-03
      vertex 1.994028455e-03 -4.278008128e-04 -6.988622248e-03
    endloop
  endfacet
  facet normal -8.977045072e-04 2.136972360e-02 -9.997712374e-01
    outer loop
      vertex 1.994028455e-03 -4.278008128e-04 -6.988622248e-03
      vertex -2.005969640e-03 -4.298964341e-04 -6.985075306e-03
      vertex -2.006553346e-03 7.259502308e-04 -6.960369181e-03
    endloop
  endfacet
  facet normal -8.977045072e-04 2.136972360e-02 -9.997712374e-01
    outer loop
      vertex 1.994028455e-03 -4.278008128e-04 -6.988622248e-03
      vertex -2.006553346e-03 7.259502308e-04 -6.960369181e-03
      vertex 1.993444748e-03 7.280458813e-04 -6.963916123e-03
    endloop
  endfacet
  facet normal -9.685548721e-04 1.856349260e-01 -9.826183319e-01
    outer loop
      vertex 1.993444748e-03 7.280458813e-04 -6.963916123e-03
      vertex -2.006553346e-03 7.259502308e-04 -6.960369181e-03
      vertex -2.006958239e-03 1.861966331e-03 -6.745754275e-03
    endloop
  endfacet
  facet normal -9.685548721e-04 1.856349260e-01 -9.826183319e-01
    outer loop
      vertex 1.993444748e-03 7.280458813e-04 -6.963916123e-03
      vertex -2.006958239e-03 1.861966331e-03 -6.745754275e-03
      vertex 1.993039856e-03 1.864061924e-03 -6.749300752e-03
    endloop
  endfacet
  facet normal -1.012985711e-03 3.448368311e-01 -9.386621118e-01
    outer loop
      vertex 1.993039856e-03 1.864061924e-03 -6.749300752e-03
      vertex -2.006958239e-03 1.861966331e-03 -6.745754275e-03
      vertex -2.007173141e-03 2.947164234e-03 -6.347083952e-03
    endloop
  endfacet
  facet normal -1.012985711e-03 3.448368311e-01 -9.386621118e-01
    outer loop
      vertex 1.993039856e-03 1.864061924e-03 -6.749300752e-03
      vertex -2.007173141e-03 2.947164234e-03 -6.347083952e-03
      vertex 1.992824720e-03 2.949259710e-03 -6.350630894e-03
    endloop
  endfacet
  facet normal -1.029784908e-03 4.946324229e-01 -8.691016436e-01
    outer loop
      vertex 1.992824720e-03 2.949259710e-03 -6.350630894e-03
      vertex -2.007173141e-03 2.947164234e-03 -6.347083952e-03
      vertex -2.007192466e-03 3.951942548e-03 -5.775233731e-03
    endloop
  endfacet
  facet normal -1.029784908e-03 4.946324229e-01 -8.691016436e-01
    outer loop
      vertex 1.992824720e-03 2.949259710e-03 -6.350630894e-03
      vertex -2.007192466e-03 3.951942548e-03 -5.775233731e-03
      vertex 1.992805395e-03 3.954038024e-03 -5.778780673e-03
    endloop
  endfacet
  facet normal -1.018494251e-03 6.309356689e-01 -7.758344412e-01
    outer loop
      vertex 1.992805395e-03 3.954038024e-03 -5.778780673e-03
      vertex -2.007192466e-03 3.951942548e-03 -5.775233731e-03
      vertex -2.007015748e-03 4.848893266e-03 -5.045802332e-03
    endloop
  endfacet
  facet normal -1.018494251e-03 6.309356689e-01 -7.758344412e-01
    outer loop
      vertex 1.992805395e-03 3.954038024e-03 -5.778780673e-03
      vertex -2.007015748e-03 4.848893266e-03 -5.045802332e-03
      vertex 1.992982347e-03 4.850989208e-03 -5.049349274e-03
    endloop
  endfacet
  facet normal -9.794217767e-04 7.500289083e-01 -6.614043117e-01
    outer loop
      vertex 1.992982347e-03 4.850989208e-03 -5.049349274e-03
      vertex -2.007015748e-03 4.848893266e-03 -5.045802332e-03
      vertex -2.006647410e-03 5.613551009e-03 -4.178685602e-03
    endloop
  endfacet
  facet normal -9.794217767e-04 7.500289083e-01 -6.614043117e-01
    outer loop
      vertex 1.992982347e-03 4.850989208e-03 -5.049349274e-03
      vertex -2.006647410e-03 5.613551009e-03 -4.178685602e-03
      vertex 1.993350685e-03 5.615646485e-03 -4.182232078e-03
    endloop
  endfacet
  facet normal -9.136332665e-04 8.486630321e-01 -5.289331079e-01
    outer loop
      vertex 1.993350685e-03 5.615646485e-03 -4.182232078e-03
      vertex -2.006647410e-03 5.613551009e-03 -4.178685602e-03
      vertex -2.006097697e-03 6.225056946e-03 -3.197536804e-03
    endloop
  endfacet
  facet normal -9.136332665e-04 8.486630321e-01 -5.289331079e-01
    outer loop
      vertex 1.993350685e-03 5.615646485e-03 -4.182232078e-03
      vertex -2.006097697e-03 6.225056946e-03 -3.197536804e-03
      vertex 1.993900165e-03 6.227152422e-03 -3.201083513e-03
    endloop
  endfacet
  facet normal -8.229231462e-04 9.241480231e-01 -3.820336759e-01
    outer loop
      vertex 1.993900165e-03 6.227152422e-03 -3.201083513e-03
      vertex -2.006097697e-03 6.225056946e-03 -3.197536804e-03
      vertex -2.005381742e-03 6.666730624e-03 -2.129119122e-03
    endloop
  endfacet
  facet normal -8.229231462e-04 9.241480231e-01 -3.820336759e-01
    outer loop
      vertex 1.993900165e-03 6.227152422e-03 -3.201083513e-03
      vertex -2.005381742e-03 6.666730624e-03 -2.129119122e-03
      vertex 1.994616352e-03 6.668826565e-03 -2.132666064e-03
    endloop
  endfacet
  facet normal -7.097655325e-04 9.744247198e-01 -2.247131020e-01
    outer loop
      vertex 1.994616352e-03 6.668826565e-03 -2.132666064e-03
      vertex -2.005381742e-03 6.666730624e-03 -2.129119122e-03
      vertex -2.004519105e-03 6.926524453e-03 -1.002576435e-03
    endloop
  endfacet
  facet normal -7.097655325e-04 9.744247198e-01 -2.247131020e-01
    outer loop
      vertex 1.994616352e-03 6.668826565e-03 -2.132666064e-03
      vertex -2.004519105e-03 6.926524453e-03 -1.002576435e-03
      vertex 1.995478990e-03 6.928620394e-03 -1.006123261e-03
    endloop
  endfacet
  facet normal -5.772479344e-04 9.981214404e-01 -6.126360595e-02
    outer loop
      vertex 1.995478990e-03 6.928620394e-03 -1.006123261e-03
      vertex -2.004519105e-03 6.926524453e-03 -1.002576435e-03
      vertex -2.003532834e-03 6.997352466e-03 1.513622556e-04
    endloop
  endfacet
  facet normal -5.772479344e-04 9.981214404e-01 -6.126360595e-02
    outer loop
      vertex 1.995478990e-03 6.928620394e-03 -1.006123261e-03
      vertex -2.003532834e-03 6.997352466e-03 1.513622556e-04
      vertex 1.996465260e-03 6.999448407e-03 1.478154154e-04
    endloop
  endfacet
  facet normal -4.289845529e-04 9.945921302e-01 1.038569883e-01
    outer loop
      vertex 1.996465260e-03 6.999448407e-03 1.478154154e-04
      vertex -2.003532834e-03 6.997352466e-03 1.513622556e-04
      vertex -2.002450405e-03 6.877283100e-03 1.301220618e-03
    endloop
  endfacet
  facet normal -4.289845529e-04 9.945921302e-01 1.038569883e-01
    outer loop
      vertex 1.996465260e-03 6.999448407e-03 1.478154154e-04
      vertex -2.002450405e-03 6.877283100e-03 1.301220618e-03
      vertex 1.997547690e-03 6.879378576e-03 1.297673793e-03
    endloop
  endfacet
  facet normal -2.690189285e-04 9.639328718e-01 2.661453187e-01
    outer loop
      vertex 1.997547690e-03 6.879378576e-03 1.297673793e-03
      vertex -2.002450405e-03 6.877283100e-03 1.301220618e-03
      vertex -2.001301153e-03 6.569589954e-03 2.415633528e-03
    endloop
  endfacet
  facet normal -2.690189285e-04 9.639328718e-01 2.661453187e-01
    outer loop
      vertex 1.997547690e-03 6.879378576e-03 1.297673793e-03
      vertex -2.001301153e-03 6.569589954e-03 2.415633528e-03
      vertex 1.998696942e-03 6.571685430e-03 2.412086586e-03
    endloop
  endfacet
  facet normal -1.017153991e-04 9.069800377e-01 4.211736619e-01
    outer loop
      vertex 1.998696942e-03 6.571685430e-03 2.412086586e-03
      vertex -2.001301153e-03 6.569589954e-03 2.415633528e-03
      vertex -2.000116277e-03 6.082666572e-03 3.464202397e-03
    endloop
  endfacet
  facet normal -1.017153991e-04 9.069800377e-01 4.211736619e-01
    outer loop
      vertex 1.998696942e-03 6.571685430e-03 2.412086586e-03
      vertex -2.000116277e-03 6.082666572e-03 3.464202397e-03
      vertex 1.999881817e-03 6.084762514e-03 3.460655687e-03
    endloop
  endfacet
  facet normal 6.836227840e-05 8.252872825e-01 5.647131205e-01
    outer loop
      vertex 1.999881817e-03 6.084762514e-03 3.460655687e-03
      vertex -2.000116277e-03 6.082666572e-03 3.464202397e-03
      vertex -1.998928143e-03 5.429795943e-03 4.418325610e-03
    endloop
  endfacet
  facet normal 6.836227840e-05 8.252872825e-01 5.647131205e-01
    outer loop
      vertex 1.999881817e-03 6.084762514e-03 3.460655687e-03
      vertex -1.998928143e-03 5.429795943e-03 4.418325610e-03
      vertex 2.001069952e-03 5.431891419e-03 4.414778668e-03
    endloop
  endfacet
  facet normal 2.365756372e-04 7.210826278e-01 6.928490400e-01
    outer loop
      vertex 2.001069952e-03 5.431891419e-03 4.414778668e-03
      vertex -1.998928143e-03 5.429795943e-03 4.418325610e-03
      vertex -1.997769345e-03 4.628785886e-03 5.251976196e-03
    endloop
  endfacet
  facet normal 2.365756372e-04 7.210826278e-01 6.928490400e-01
    outer loop
      vertex 2.001069952e-03 5.431891419e-03 4.414778668e-03
      vertex -1.997769345e-03 4.628785886e-03 5.251976196e-03
      vertex 2.002228750e-03 4.630881827e-03 5.248429254e-03
    endloop
  endfacet
  facet normal 3.983355127e-04 5.972089171e-01 8.020856380e-01
    outer loop
      vertex 2.002228750e-03 4.630881827e-03 5.248429254e-03
      vertex -1.997769345e-03 4.628785886e-03 5.251976196e-03
      vertex -1.996671082e-03 3.701486392e-03 5.942415446e-03
    endloop
  endfacet
  facet normal 3.983355127e-04 5.972089171e-01 8.020856380e-01
    outer loop
      vertex 2.002228750e-03 4.630881827e-03 5.248429254e-03
      vertex -1.996671082e-03 3.701486392e-03 5.942415446e-03
      vertex 2.003326779e-03 3.703581868e-03 5.938868504e-03
    endloop
  endfacet
  facet normal 5.492299097e-04 4.570448697e-01 8.894434571e-01
    outer loop
      vertex 2.003326779e-03 3.703581868e-03 5.938868504e-03
      vertex -1.996671082e-03 3.701486392e-03 5.942415446e-03
      vertex -1.995663857e-03 2.673191018e-03 6.470809225e-03
    endloop
  endfacet
  facet normal 5.492299097e-04 4.570448697e-01 8.894434571e-01
    outer loop
      vertex 2.003326779e-03 3.703581868e-03 5.938868504e-03
      vertex -1.995663857e-03 2.673191018e-03 6.470809225e-03
      vertex 2.004334237e-03 2.675286727e-03 6.467262283e-03
    endloop
  endfacet
  facet normal 6.851428770e-04 3.044137657e-01 9.525396228e-01
    outer loop
      vertex 2.004334237e-03 2.675286727e-03 6.467262283e-03
      vertex -1.995663857e-03 2.673191018e-03 6.470809225e-03
      vertex -1.994774910e-03 1.571949571e-03 6.822744850e-03
    endloop
  endfacet
  facet normal 6.851428770e-04 3.044137657e-01 9.525396228e-01
    outer loop
      vertex 2.004334237e-03 2.675286727e-03 6.467262283e-03
      vertex -1.994774910e-03 1.571949571e-03 6.822744850e-03
      vertex 2.005223185e-03 1.574045164e-03 6.819197908e-03
    endloop
  endfacet
  facet normal 8.023666451e-04 1.434793919e-01 9.896529913e-01
    outer loop
      vertex 2.005223185e-03 1.574045164e-03 6.819197908e-03
      vertex -1.994774910e-03 1.571949571e-03 6.822744850e-03
      vertex -1.994028455e-03 4.278008128e-04 6.988622248e-03
    endloop
  endfacet
  facet normal 8.023666451e-04 1.434793919e-01 9.896529913e-01
    outer loop
      vertex 2.005223185e-03 1.574045164e-03 6.819197908e-03
      vertex -1.994028455e-03 4.278008128e-04 6.988622248e-03
      vertex 2.005969640e-03 4.298964341e-04 6.985075306e-03
    endloop
  endfacet
  facet normal 8.977045072e-04 -2.136972360e-02 9.997712374e-01
    outer loop
      vertex 2.005969640e-03 4.298964341e-04 6.985075306e-03
      vertex -1.994028455e-03 4.278008128e-04 6.988622248e-03
      vertex -1.993444748e-03 -7.280458813e-04 6.963916123e-03
    endloop
  endfacet
  facet normal -9.999994636e-01 -5.239087041e-04 8.867111173e-04
    outer loop
      vertex -2.006553346e-03 7.259502308e-04 -6.960369181e-03
      vertex -2.005969640e-03 -4.298964341e-04 -6.985075306e-03
      vertex -2.003907692e-03 -2.817951317e-04 -4.572192673e-03
    endloop
  endfacet
  facet normal -9.999994636e-01 -5.239087041e-04 8.867111173e-04
    outer loop
      vertex -2.004483482e-03 3.444087226e-03 -3.019985044e-03
      vertex -2.004095353e-03 3.981841262e-03 -2.264628652e-03
      vertex -2.006097697e-03 6.225056946e-03 -3.197536804e-03
    endloop
  endfacet
  facet normal -9.999994636e-01 -5.239087041e-04 8.867111173e-04
    outer loop
      vertex -2.002450405e-03 6.877283100e-03 1.301220618e-03
      vertex -2.003532834e-03 6.997352466e-03 1.513622556e-04
      vertex -2.002021996e-03 4.562686663e-03 4.168913001e-04
    endloop
  endfacet
  facet normal -9.999994636e-01 -5.239087041e-04 8.867111173e-04
    outer loop
      vertex -1.995514613e-03 -3.446182935e-03 3.023531986e-03
      vertex -1.995902741e-03 -3.983936738e-03 2.268175595e-03
      vertex -1.993900165e-03 -6.227152422e-03 3.201083513e-03
    endloop
  endfacet
  facet normal -9.999994636e-01 -5.239087041e-04 8.867111173e-04
    outer loop
      vertex -2.007173141e-03 2.947164234e-03 -6.347083952e-03
      vertex -2.006958239e-03 1.861966331e-03 -6.745754275e-03
      vertex -2.004604554e-03 1.410657191e-03 -4.357936326e-03
    endloop
  endfacet
  facet normal -9.999994636e-01 -5.239087041e-04 8.867111173e-04
    outer loop
      vertex -2.004519105e-03 6.926524453e-03 -1.002576435e-03
      vertex -2.002838999e-03 4.552829079e-03 -5.102789728e-04
      vertex -2.003532834e-03 6.997352466e-03 1.513622556e-04
    endloop
  endfacet
  facet normal -9.999994636e-01 -5.239087041e-04 8.867111173e-04
    outer loop
      vertex -2.003532834e-03 6.997352466e-03 1.513622556e-04
      vertex -2.002838999e-03 4.552829079e-03 -5.102789728e-04
      vertex -2.002442954e-03 4.581268411e-03 -4.694380550e-05
    endloop
  endfacet
  facet normal -9.999994636e-01 -5.239087041e-04 8.867111173e-04
    outer loop
      vertex -2.003532834e-03 6.997352466e-03 1.513622556e-04
      vertex -2.002442954e-03 4.581268411e-03 -4.694380550e-05
      vertex -2.002021996e-03 4.562686663e-03 4.168913001e-04
    endloop
  endfacet
  facet normal -9.999994636e-01 -5.239087041e-04 8.867111173e-04
    outer loop
      vertex -1.992824720e-03 -2.949259710e-03 6.350630894e-03
      vertex -1.993039856e-03 -1.864061924e-03 6.749300752e-03
      vertex -1.995393541e-03 -1.412752783e-03 4.361483268e-03
    endloop
  endfacet
  facet normal -9.999994636e-01 -5.239087041e-04 8.867111173e-04
    outer loop
      vertex -2.003907692e-03 -2.817951317e-04 -4.572192673e-03
      vertex -2.004155191e-03 1.823858911e-04 -4.577127285e-03
      vertex -2.006553346e-03 7.259502308e-04 -6.960369181e-03
    endloop
  endfacet
  facet normal -9.999994636e-01 -5.239087041e-04 8.867111173e-04
    outer loop
      vertex -2.006553346e-03 7.259502308e-04 -6.960369181e-03
      vertex -2.004155191e-03 1.823858911e-04 -4.577127285e-03
      vertex -2.004397800e-03 7.413699641e-04 -4.520260729e-03
    endloop
  endfacet
  facet normal -9.999994636e-01 -5.239087041e-04 8.867111173e-04
    outer loop
      vertex -2.006553346e-03 7.259502308e-04 -6.960369181e-03
      vertex -2.004397800e-03 7.413699641e-04 -4.520260729e-03
      vertex -2.006958239e-03 1.861966331e-03 -6.745754275e-03
    endloop
  endfacet
  facet normal -9.999994636e-01 -5.239087041e-04 8.867111173e-04
    outer loop
      vertex -2.006958239e-03 1.861966331e-03 -6.745754275e-03
      vertex -2.004397800e-03 7.413699641e-04 -4.520260729e-03
      vertex -2.004520269e-03 1.100357273e-03 -4.446472041e-03
    endloop
  endfacet
  facet normal -9.999994636e-01 -5.239087041e-04 8.867111173e-04
    outer loop
      vertex -2.006958239e-03 1.861966331e-03 -6.745754275e-03
      vertex -2.004520269e-03 1.100357273e-03 -4.446472041e-03
      vertex -2.004604554e-03 1.410657191e-03 -4.357936326e-03
    endloop
  endfacet
  facet normal -9.999994636e-01 -5.239087041e-04 8.867111173e-04
    outer loop
      vertex -2.006097697e-03 6.225056946e-03 -3.197536804e-03
      vertex -2.006647410e-03 5.613551009e-03 -4.178685602e-03
      vertex -2.004483482e-03 3.444087226e-03 -3.019985044e-03
    endloop
  endfacet
  facet normal -9.999994636e-01 -5.239087041e-04 8.867111173e-04
    outer loop
      vertex -2.004483482e-03 3.444087226e-03 -3.019985044e-03
      vertex -2.006647410e-03 5.613551009e-03 -4.178685602e-03
      vertex -2.007015748e-03 4.848893266e-03 -5.045802332e-03
    endloop
  endfacet
  facet normal -9.999994636e-01 -5.239087041e-04 8.867111173e-04
    outer loop
      vertex -2.004483482e-03 3.444087226e-03 -3.019985044e-03
      vertex -2.007015748e-03 4.848893266e-03 -5.045802332e-03
      vertex -2.004687907e-03 2.765289275e-03 -3.651630133e-03
    endloop
  endfacet
  facet normal -9.999994636e-01 -5.239087041e-04 8.867111173e-04
    outer loop
      vertex -2.004687907e-03 2.765289275e-03 -3.651630133e-03
      vertex -2.007015748e-03 4.848893266e-03 -5.045802332e-03
      vertex -2.007192466e-03 3.951942548e-03 -5.775233731e-03
    endloop
  endfacet
  facet normal -9.999994636e-01 -5.239087041e-04 8.867111173e-04
    outer loop
      vertex -2.004687907e-03 2.765289275e-03 -3.651630133e-03
      vertex -2.007192466e-03 3.951942548e-03 -5.775233731e-03
      vertex -2.004707465e-03 2.053467557e-03 -4.094437696e-03
    endloop
  endfacet
  facet normal -9.999994636e-01 -5.239087041e-04 8.867111173e-04
    outer loop
      vertex -2.004707465e-03 2.053467557e-03 -4.094437696e-03
      vertex -2.007192466e-03 3.951942548e-03 -5.775233731e-03
      vertex -2.007173141e-03 2.947164234e-03 -6.347083952e-03
    endloop
  endfacet
  facet normal -9.999994636e-01 -5.239087041e-04 8.867111173e-04
    outer loop
      vertex -2.004707465e-03 2.053467557e-03 -4.094437696e-03
      vertex -2.007173141e-03 2.947164234e-03 -6.347083952e-03
      vertex -2.004700247e-03 1.973236911e-03 -4.133704584e-03
    endloop
  endfacet
  facet normal -9.999994636e-01 -5.239087041e-04 8.867111173e-04
    outer loop
      vertex -2.004700247e-03 1.973236911e-03 -4.133704584e-03
      vertex -2.007173141e-03 2.947164234e-03 -6.347083952e-03
      vertex -2.004604554e-03 1.410657191e-03 -4.357936326e-03
    endloop
  endfacet
  facet normal -9.999994636e-01 -5.239087041e-04 8.867111173e-04
    outer loop
      vertex -2.005381742e-03 6.666730624e-03 -2.129119122e-03
      vertex -2.003539586e-03 4.356535152e-03 -1.416485757e-03
      vertex -2.004519105e-03 6.926524453e-03 -1.002576435e-03
    endloop
  endfacet
  facet normal -9.999994636e-01 -5.239087041e-04 8.867111173e-04
    outer loop
      vertex -2.004519105e-03 6.926524453e-03 -1.002576435e-03
      vertex -2.003539586e-03 4.356535152e-03 -1.416485757e-03
      vertex -2.003205707e-03 4.477660637e-03 -9.683597600e-04
    endloop
  endfacet
  facet normal -9.999994636e-01 -5.239087041e-04 8.867111173e-04
    outer loop
      vertex -2.004519105e-03 6.926524453e-03 -1.002576435e-03
      vertex -2.003205707e-03 4.477660637e-03 -9.683597600e-04
      vertex -2.002838999e-03 4.552829079e-03 -5.102789728e-04
    endloop
  endfacet
  facet normal -9.999994636e-01 -5.239087041e-04 8.867111173e-04
    outer loop
      vertex -2.002021996e-03 4.562686663e-03 4.168913001e-04
      vertex -2.001580084e-03 4.497275222e-03 8.764667436e-04
      vertex -2.002450405e-03 6.877283100e-03 1.301220618e-03
    endloop
  endfacet
  facet normal -9.999994636e-01 -5.239087041e-04 8.867111173e-04
    outer loop
      vertex -2.002450405e-03 6.877283100e-03 1.301220618e-03
      vertex -2.001580084e-03 4.497275222e-03 8.764667436e-04
      vertex -2.001275774e-03 4.427843262e-03 1.178601407e-03
    endloop
  endfacet
  facet normal -9.999994636e-01 -5.239087041e-04 8.867111173e-04
    outer loop
      vertex -2.002450405e-03 6.877283100e-03 1.301220618e-03
      vertex -2.001275774e-03 4.427843262e-03 1.178601407e-03
      vertex -2.001301153e-03 6.569589954e-03 2.415633528e-03
    endloop
  endfacet
  facet normal -9.999994636e-01 -5.239087041e-04 8.867111173e-04
    outer loop
      vertex -2.001301153e-03 6.569589954e-03 2.415633528e-03
      vertex -2.001275774e-03 4.427843262e-03 1.178601407e-03
      vertex -2.001102082e-03 4.379898310e-03 1.346134581e-03
    endloop
  endfacet
  facet normal -9.999994636e-01 -5.239087041e-04 8.867111173e-04
    outer loop
      vertex -2.001102082e-03 4.379898310e-03 1.346134581e-03
      vertex -2.000794746e-03 4.280835390e-03 1.634401735e-03
      vertex -2.001301153e-03 6.569589954e-03 2.415633528e-03
    endloop
  endfacet
  facet normal -9.999994636e-01 -5.239087041e-04 8.867111173e-04
    outer loop
      vertex -2.001301153e-03 6.569589954e-03 2.415633528e-03
      vertex -2.000794746e-03 4.280835390e-03 1.634401735e-03
      vertex -2.000652719e-03 4.229119979e-03 1.764066983e-03
    endloop
  endfacet
  facet normal -9.999994636e-01 -5.239087041e-04 8.867111173e-04
    outer loop
      vertex -2.001301153e-03 6.569589954e-03 2.415633528e-03
      vertex -2.000652719e-03 4.229119979e-03 1.764066983e-03
      vertex -2.000116277e-03 6.082666572e-03 3.464202397e-03
    endloop
  endfacet
  facet normal -9.999994636e-01 -5.239087041e-04 8.867111173e-04
    outer loop
      vertex -2.000116277e-03 6.082666572e-03 3.464202397e-03
      vertex -2.000652719e-03 4.229119979e-03 1.764066983e-03
      vertex -1.999698346e-03 3.787781578e-03 2.579519060e-03
    endloop
  endfacet
  facet normal -9.999994636e-01 -5.239087041e-04 8.867111173e-04
    outer loop
      vertex -2.000116277e-03 6.082666572e-03 3.464202397e-03
      vertex -1.999698346e-03 3.787781578e-03 2.579519060e-03
      vertex -1.998928143e-03 5.429795943e-03 4.418325610e-03
    endloop
  endfacet
  facet normal -9.999994636e-01 -5.239087041e-04 8.867111173e-04
    outer loop
      vertex -1.998928143e-03 5.429795943e-03 4.418325610e-03
      vertex -1.999698346e-03 3.787781578e-03 2.579519060e-03
      vertex -1.998756314e-03 3.191327909e-03 3.289437620e-03
    endloop
  endfacet
  facet normal -9.999994636e-01 -5.239087041e-04 8.867111173e-04
    outer loop
      vertex -1.998928143e-03 5.429795943e-03 4.418325610e-03
      vertex -1.998756314e-03 3.191327909e-03 3.289437620e-03
      vertex -1.997769345e-03 4.628785886e-03 5.251976196e-03
    endloop
  endfacet
  facet normal -9.999994636e-01 -5.239087041e-04 8.867111173e-04
    outer loop
      vertex -1.997769345e-03 4.628785886e-03 5.251976196e-03
      vertex -1.998756314e-03 3.191327909e-03 3.289437620e-03
      vertex -1.998627791e-03 3.096883418e-03 3.378579626e-03
    endloop
  endfacet
  facet normal -9.999994636e-01 -5.239087041e-04 8.867111173e-04
    outer loop
      vertex -1.997769345e-03 4.628785886e-03 5.251976196e-03
      vertex -1.998627791e-03 3.096883418e-03 3.378579626e-03
      vertex -1.996671082e-03 3.701486392e-03 5.942415446e-03
    endloop
  endfacet
  facet normal -9.999994636e-01 -5.239087041e-04 8.867111173e-04
    outer loop
      vertex -1.996671082e-03 3.701486392e-03 5.942415446e-03
      vertex -1.998627791e-03 3.096883418e-03 3.378579626e-03
      vertex -1.997865271e-03 2.464177785e-03 3.864759114e-03
    endloop
  endfacet
  facet normal -9.999994636e-01 -5.239087041e-04 8.867111173e-04
    outer loop
      vertex -1.996671082e-03 3.701486392e-03 5.942415446e-03
      vertex -1.997865271e-03 2.464177785e-03 3.864759114e-03
      vertex -1.995663857e-03 2.673191018e-03 6.470809225e-03
    endloop
  endfacet
  facet normal -9.999994636e-01 -5.239087041e-04 8.867111173e-04
    outer loop
      vertex -1.997865271e-03 2.464177785e-03 3.864759114e-03
      vertex -1.997328829e-03 1.933244173e-03 4.156109411e-03
      vertex -1.995663857e-03 2.673191018e-03 6.470809225e-03
    endloop
  endfacet
  facet normal -9.999994636e-01 -5.239087041e-04 8.867111173e-04
    outer loop
      vertex -1.995663857e-03 2.673191018e-03 6.470809225e-03
      vertex -1.997328829e-03 1.933244173e-03 4.156109411e-03
      vertex -1.997061539e-03 1.636101399e-03 4.281929694e-03
    endloop
  endfacet
  facet normal -9.999994636e-01 -5.239087041e-04 8.867111173e-04
    outer loop
      vertex -1.995663857e-03 2.673191018e-03 6.470809225e-03
      vertex -1.997061539e-03 1.636101399e-03 4.281929694e-03
      vertex -1.994774910e-03 1.571949571e-03 6.822744850e-03
    endloop
  endfacet
  facet normal -9.999994636e-01 -5.239087041e-04 8.867111173e-04
    outer loop
      vertex -1.993900165e-03 -6.227152422e-03 3.201083513e-03
      vertex -1.993350685e-03 -5.615646485e-03 4.182232078e-03
      vertex -1.995514613e-03 -3.446182935e-03 3.023531986e-03
    endloop
  endfacet
  facet normal -9.999994636e-01 -5.239087041e-04 8.867111173e-04
    outer loop
      vertex -1.995514613e-03 -3.446182935e-03 3.023531986e-03
      vertex -1.993350685e-03 -5.615646485e-03 4.182232078e-03
      vertex -1.992982347e-03 -4.850989208e-03 5.049349274e-03
    endloop
  endfacet
  facet normal -9.999994636e-01 -5.239087041e-04 8.867111173e-04
    outer loop
      vertex -1.995514613e-03 -3.446182935e-03 3.023531986e-03
      vertex -1.992982347e-03 -4.850989208e-03 5.049349274e-03
      vertex -1.995310187e-03 -2.767384984e-03 3.655177075e-03
    endloop
  endfacet
  facet normal -9.999994636e-01 -5.239087041e-04 8.867111173e-04
    outer loop
      vertex -1.995310187e-03 -2.767384984e-03 3.655177075e-03
      vertex -1.992982347e-03 -4.850989208e-03 5.049349274e-03
      vertex -1.992805395e-03 -3.954038024e-03 5.778780673e-03
    endloop
  endfacet
  facet normal -9.999994636e-01 -5.239087041e-04 8.867111173e-04
    outer loop
      vertex -1.995310187e-03 -2.767384984e-03 3.655177075e-03
      vertex -1.992805395e-03 -3.954038024e-03 5.778780673e-03
      vertex -1.995290397e-03 -2.055563265e-03 4.097984638e-03
    endloop
  endfacet
  facet normal -9.999994636e-01 -5.239087041e-04 8.867111173e-04
    outer loop
      vertex -1.995290397e-03 -2.055563265e-03 4.097984638e-03
      vertex -1.992805395e-03 -3.954038024e-03 5.778780673e-03
      vertex -1.992824720e-03 -2.949259710e-03 6.350630894e-03
    endloop
  endfacet
  facet normal -9.999994636e-01 -5.239087041e-04 8.867111173e-04
    outer loop
      vertex -1.995290397e-03 -2.055563265e-03 4.097984638e-03
      vertex -1.992824720e-03 -2.949259710e-03 6.350630894e-03
      vertex -1.995297614e-03 -1.975332387e-03 4.137251526e-03
    endloop
  endfacet
  facet normal -9.999994636e-01 -5.239087041e-04 8.867111173e-04
    outer loop
      vertex -1.995297614e-03 -1.975332387e-03 4.137251526e-03
      vertex -1.992824720e-03 -2.949259710e-03 6.350630894e-03
      vertex -1.995393541e-03 -1.412752783e-03 4.361483268e-03
    endloop
  endfacet
  facet normal -9.999994636e-01 -5.239087041e-04 8.867111173e-04
    outer loop
      vertex -1.996465260e-03 -6.999448407e-03 -1.478154154e-04
      vertex -1.995478990e-03 -6.928620394e-03 1.006123261e-03
      vertex -1.997159095e-03 -4.554925021e-03 5.138257984e-04
    endloop
  endfacet
  facet normal -9.999994636e-01 -5.239087041e-04 8.867111173e-04
    outer loop
      vertex -1.999840606e-03 -4.022482783e-03 -2.195511479e-03
      vertex -1.999873202e-03 -4.007114097e-03 -2.223407850e-03
      vertex -1.999881817e-03 -6.084762514e-03 -3.460655687e-03
    endloop
  endfacet
  facet normal -9.999994636e-01 -5.239087041e-04 8.867111173e-04
    outer loop
      vertex -1.997061539e-03 1.636101399e-03 4.281929694e-03
      vertex -1.996775623e-03 1.288832980e-03 4.399067722e-03
      vertex -1.994774910e-03 1.571949571e-03 6.822744850e-03
    endloop
  endfacet
  facet normal -9.999994636e-01 -5.239087041e-04 8.867111173e-04
    outer loop
      vertex -1.994774910e-03 1.571949571e-03 6.822744850e-03
      vertex -1.996775623e-03 1.288832980e-03 4.399067722e-03
      vertex -1.996377949e-03 7.409996470e-04 4.523869138e-03
    endloop
  endfacet
  facet normal -9.999994636e-01 -5.239087041e-04 8.867111173e-04
    outer loop
      vertex -1.994774910e-03 1.571949571e-03 6.822744850e-03
      vertex -1.996377949e-03 7.409996470e-04 4.523869138e-03
      vertex -1.994028455e-03 4.278008128e-04 6.988622248e-03
    endloop
  endfacet
  facet normal -9.999994636e-01 -5.239087041e-04 8.867111173e-04
    outer loop
      vertex -1.994028455e-03 4.278008128e-04 6.988622248e-03
      vertex -1.996377949e-03 7.409996470e-04 4.523869138e-03
      vertex -1.995842671e-03 -1.844815270e-04 4.580674227e-03
    endloop
  endfacet
  facet normal -9.999994636e-01 -5.239087041e-04 8.867111173e-04
    outer loop
      vertex -1.994028455e-03 4.278008128e-04 6.988622248e-03
      vertex -1.995842671e-03 -1.844815270e-04 4.580674227e-03
      vertex -1.993444748e-03 -7.280458813e-04 6.963916123e-03
    endloop
  endfacet
  facet normal -9.999994636e-01 -5.239087041e-04 8.867111173e-04
    outer loop
      vertex -1.993444748e-03 -7.280458813e-04 6.963916123e-03
      vertex -1.995842671e-03 -1.844815270e-04 4.580674227e-03
      vertex -1.995600294e-03 -7.434655563e-04 4.523807671e-03
    endloop
  endfacet
  facet normal -9.999994636e-01 -5.239087041e-04 8.867111173e-04
    outer loop
      vertex -1.993444748e-03 -7.280458813e-04 6.963916123e-03
      vertex -1.995600294e-03 -7.434655563e-04 4.523807671e-03
      vertex -1.993039856e-03 -1.864061924e-03 6.749300752e-03
    endloop
  endfacet
  facet normal -9.999994636e-01 -5.239087041e-04 8.867111173e-04
    outer loop
      vertex -1.993039856e-03 -1.864061924e-03 6.749300752e-03
      vertex -1.995600294e-03 -7.434655563e-04 4.523807671e-03
      vertex -1.995477593e-03 -1.102452865e-03 4.450018983e-03
    endloop
  endfacet
  facet normal -9.999994636e-01 -5.239087041e-04 8.867111173e-04
    outer loop
      vertex -1.993039856e-03 -1.864061924e-03 6.749300752e-03
      vertex -1.995477593e-03 -1.102452865e-03 4.450018983e-03
      vertex -1.995393541e-03 -1.412752783e-03 4.361483268e-03
    endloop
  endfacet
  facet normal -9.999994636e-01 -5.239087041e-04 8.867111173e-04
    outer loop
      vertex -1.999881817e-03 -6.084762514e-03 -3.460655687e-03
      vertex -1.999873202e-03 -4.007114097e-03 -2.223407850e-03
      vertex -2.001069952e-03 -5.431891419e-03 -4.414778668e-03
    endloop
  endfacet
  facet normal -9.999994636e-01 -5.239087041e-04 8.867111173e-04
    outer loop
      vertex -1.999873202e-03 -4.007114097e-03 -2.223407850e-03
      vertex -2.000630600e-03 -3.599006217e-03 -2.836306114e-03
      vertex -2.001069952e-03 -5.431891419e-03 -4.414778668e-03
    endloop
  endfacet
  facet normal -9.999994636e-01 -5.239087041e-04 8.867111173e-04
    outer loop
      vertex -2.001069952e-03 -5.431891419e-03 -4.414778668e-03
      vertex -2.000630600e-03 -3.599006217e-03 -2.836306114e-03
      vertex -2.000774723e-03 -3.509651870e-03 -2.946055960e-03
    endloop
  endfacet
  facet normal -9.999994636e-01 -5.239087041e-04 8.867111173e-04
    outer loop
      vertex -2.001069952e-03 -5.431891419e-03 -4.414778668e-03
      vertex -2.000774723e-03 -3.509651870e-03 -2.946055960e-03
      vertex -2.002228750e-03 -4.630881827e-03 -5.248429254e-03
    endloop
  endfacet
  facet normal -9.999994636e-01 -5.239087041e-04 8.867111173e-04
    outer loop
      vertex -2.000774723e-03 -3.509651870e-03 -2.946055960e-03
      vertex -2.001366578e-03 -3.101676470e-03 -3.372556297e-03
      vertex -2.002228750e-03 -4.630881827e-03 -5.248429254e-03
    endloop
  endfacet
  facet normal -9.999994636e-01 -5.239087041e-04 8.867111173e-04
    outer loop
      vertex -2.002228750e-03 -4.630881827e-03 -5.248429254e-03
      vertex -2.001366578e-03 -3.101676470e-03 -3.372556297e-03
      vertex -2.001696033e-03 -2.844437025e-03 -3.591990098e-03
    endloop
  endfacet
  facet normal -9.999994636e-01 -5.239087041e-04 8.867111173e-04
    outer loop
      vertex -2.002228750e-03 -4.630881827e-03 -5.248429254e-03
      vertex -2.001696033e-03 -2.844437025e-03 -3.591990098e-03
      vertex -2.003326779e-03 -3.703581868e-03 -5.938868504e-03
    endloop
  endfacet
  facet normal -9.999994636e-01 -5.239087041e-04 8.867111173e-04
    outer loop
      vertex -2.003326779e-03 -3.703581868e-03 -5.938868504e-03
      vertex -2.001696033e-03 -2.844437025e-03 -3.591990098e-03
      vertex -2.002049005e-03 -2.542403527e-03 -3.811559407e-03
    endloop
  endfacet
  facet normal -9.999994636e-01 -5.239087041e-04 8.867111173e-04
    outer loop
      vertex -2.003326779e-03 -3.703581868e-03 -5.938868504e-03
      vertex -2.002049005e-03 -2.542403527e-03 -3.811559407e-03
      vertex -2.004334237e-03 -2.675286727e-03 -6.467262283e-03
    endloop
  endfacet
  facet normal -9.999994636e-01 -5.239087041e-04 8.867111173e-04
    outer loop
      vertex -2.004334237e-03 -2.675286727e-03 -6.467262283e-03
      vertex -2.002049005e-03 -2.542403527e-03 -3.811559407e-03
      vertex -2.002547728e-03 -2.062813379e-03 -4.090795293e-03
    endloop
  endfacet
  facet normal -9.999994636e-01 -5.239087041e-04 8.867111173e-04
    outer loop
      vertex -2.004334237e-03 -2.675286727e-03 -6.467262283e-03
      vertex -2.002547728e-03 -2.062813379e-03 -4.090795293e-03
      vertex -2.005223185e-03 -1.574045164e-03 -6.819197908e-03
    endloop
  endfacet
  facet normal -9.999994636e-01 -5.239087041e-04 8.867111173e-04
    outer loop
      vertex -2.005223185e-03 -1.574045164e-03 -6.819197908e-03
      vertex -2.002547728e-03 -2.062813379e-03 -4.090795293e-03
      vertex -2.003295347e-03 -1.196781057e-03 -4.422049504e-03
    endloop
  endfacet
  facet normal -9.999994636e-01 -5.239087041e-04 8.867111173e-04
    outer loop
      vertex -2.005223185e-03 -1.574045164e-03 -6.819197908e-03
      vertex -2.003295347e-03 -1.196781057e-03 -4.422049504e-03
      vertex -2.005969640e-03 -4.298964341e-04 -6.985075306e-03
    endloop
  endfacet
  facet normal -9.999994636e-01 -5.239087041e-04 8.867111173e-04
    outer loop
      vertex -2.005969640e-03 -4.298964341e-04 -6.985075306e-03
      vertex -2.003295347e-03 -1.196781057e-03 -4.422049504e-03
      vertex -2.003699774e-03 -6.219466450e-04 -4.538543057e-03
    endloop
  endfacet
  facet normal -9.999994636e-01 -5.239087041e-04 8.867111173e-04
    outer loop
      vertex -2.005969640e-03 -4.298964341e-04 -6.985075306e-03
      vertex -2.003699774e-03 -6.219466450e-04 -4.538543057e-03
      vertex -2.003907692e-03 -2.817951317e-04 -4.572192673e-03
    endloop
  endfacet
  facet normal -9.999994636e-01 -5.239087041e-04 8.867111173e-04
    outer loop
      vertex -2.004095353e-03 3.981841262e-03 -2.264628652e-03
      vertex -2.004022012e-03 4.049026407e-03 -2.142261481e-03
      vertex -2.006097697e-03 6.225056946e-03 -3.197536804e-03
    endloop
  endfacet
  facet normal -9.999994636e-01 -5.239087041e-04 8.867111173e-04
    outer loop
      vertex -2.006097697e-03 6.225056946e-03 -3.197536804e-03
      vertex -2.004022012e-03 4.049026407e-03 -2.142261481e-03
      vertex -2.003849018e-03 4.182599951e-03 -1.868273248e-03
    endloop
  endfacet
  facet normal -9.999994636e-01 -5.239087041e-04 8.867111173e-04
    outer loop
      vertex -2.006097697e-03 6.225056946e-03 -3.197536804e-03
      vertex -2.003849018e-03 4.182599951e-03 -1.868273248e-03
      vertex -2.005381742e-03 6.666730624e-03 -2.129119122e-03
    endloop
  endfacet
  facet normal -9.999994636e-01 -5.239087041e-04 8.867111173e-04
    outer loop
      vertex -2.005381742e-03 6.666730624e-03 -2.129119122e-03
      vertex -2.003849018e-03 4.182599951e-03 -1.868273248e-03
      vertex -2.003742615e-03 4.250673577e-03 -1.707861200e-03
    endloop
  endfacet
  facet normal -9.999994636e-01 -5.239087041e-04 8.867111173e-04
    outer loop
      vertex -2.005381742e-03 6.666730624e-03 -2.129119122e-03
      vertex -2.003742615e-03 4.250673577e-03 -1.707861200e-03
      vertex -2.003539586e-03 4.356535152e-03 -1.416485757e-03
    endloop
  endfacet
  facet normal -9.999994636e-01 -5.239087041e-04 8.867111173e-04
    outer loop
      vertex -1.994616352e-03 -6.668826565e-03 2.132666064e-03
      vertex -1.996458508e-03 -4.358630627e-03 1.420032582e-03
      vertex -1.995478990e-03 -6.928620394e-03 1.006123261e-03
    endloop
  endfacet
  facet normal -9.999994636e-01 -5.239087041e-04 8.867111173e-04
    outer loop
      vertex -1.995478990e-03 -6.928620394e-03 1.006123261e-03
      vertex -1.996458508e-03 -4.358630627e-03 1.420032582e-03
      vertex -1.996792387e-03 -4.479756579e-03 9.719065856e-04
    endloop
  endfacet
  facet normal -9.999994636e-01 -5.239087041e-04 8.867111173e-04
    outer loop
      vertex -1.995478990e-03 -6.928620394e-03 1.006123261e-03
      vertex -1.996792387e-03 -4.479756579e-03 9.719065856e-04
      vertex -1.997159095e-03 -4.554925021e-03 5.138257984e-04
    endloop
  endfacet
  facet normal -9.999994636e-01 -5.239087041e-04 8.867111173e-04
    outer loop
      vertex -1.997159095e-03 -4.554925021e-03 5.138257984e-04
      vertex -1.997555140e-03 -4.583364353e-03 5.049064202e-05
      vertex -1.996465260e-03 -6.999448407e-03 -1.478154154e-04
    endloop
  endfacet
  facet normal -9.999994636e-01 -5.239087041e-04 8.867111173e-04
    outer loop
      vertex -1.996465260e-03 -6.999448407e-03 -1.478154154e-04
      vertex -1.997555140e-03 -4.583364353e-03 5.049064202e-05
      vertex -1.997976098e-03 -4.564782139e-03 -4.133444454e-04
    endloop
  endfacet
  facet normal -9.999994636e-01 -5.239087041e-04 8.867111173e-04
    outer loop
      vertex -1.996465260e-03 -6.999448407e-03 -1.478154154e-04
      vertex -1.997976098e-03 -4.564782139e-03 -4.133444454e-04
      vertex -1.997547690e-03 -6.879378576e-03 -1.297673793e-03
    endloop
  endfacet
  facet normal -9.999994636e-01 -5.239087041e-04 8.867111173e-04
    outer loop
      vertex -1.997547690e-03 -6.879378576e-03 -1.297673793e-03
      vertex -1.997976098e-03 -4.564782139e-03 -4.133444454e-04
      vertex -1.998418011e-03 -4.499370698e-03 -8.729198598e-04
    endloop
  endfacet
  facet normal -9.999994636e-01 -5.239087041e-04 8.867111173e-04
    outer loop
      vertex -1.997547690e-03 -6.879378576e-03 -1.297673793e-03
      vertex -1.998418011e-03 -4.499370698e-03 -8.729198598e-04
      vertex -1.998696942e-03 -6.571685430e-03 -2.412086586e-03
    endloop
  endfacet
  facet normal -9.999994636e-01 -5.239087041e-04 8.867111173e-04
    outer loop
      vertex -1.998696942e-03 -6.571685430e-03 -2.412086586e-03
      vertex -1.998418011e-03 -4.499370698e-03 -8.729198598e-04
      vertex -1.998875989e-03 -4.387800582e-03 -1.323519740e-03
    endloop
  endfacet
  facet normal -9.999994636e-01 -5.239087041e-04 8.867111173e-04
    outer loop
      vertex -1.998696942e-03 -6.571685430e-03 -2.412086586e-03
      vertex -1.998875989e-03 -4.387800582e-03 -1.323519740e-03
      vertex -1.999881817e-03 -6.084762514e-03 -3.460655687e-03
    endloop
  endfacet
  facet normal -9.999994636e-01 -5.239087041e-04 8.867111173e-04
    outer loop
      vertex -1.999881817e-03 -6.084762514e-03 -3.460655687e-03
      vertex -1.998875989e-03 -4.387800582e-03 -1.323519740e-03
      vertex -1.999821747e-03 -4.031224176e-03 -2.179437084e-03
    endloop
  endfacet
  facet normal -9.999994636e-01 -5.239087041e-04 8.867111173e-04
    outer loop
      vertex -1.999881817e-03 -6.084762514e-03 -3.460655687e-03
      vertex -1.999821747e-03 -4.031224176e-03 -2.179437084e-03
      vertex -1.999840606e-03 -4.022482783e-03 -2.195511479e-03
    endloop
  endfacet
  facet normal -9.999994636e-01 -5.239087041e-04 8.867111173e-04
    outer loop
      vertex -1.995902741e-03 -3.983936738e-03 2.268175595e-03
      vertex -1.995976083e-03 -4.051121883e-03 2.145808190e-03
      vertex -1.993900165e-03 -6.227152422e-03 3.201083513e-03
    endloop
  endfacet
  facet normal -9.999994636e-01 -5.239087041e-04 8.867111173e-04
    outer loop
      vertex -1.993900165e-03 -6.227152422e-03 3.201083513e-03
      vertex -1.995976083e-03 -4.051121883e-03 2.145808190e-03
      vertex -1.996149076e-03 -4.184695892e-03 1.871820074e-03
    endloop
  endfacet
  facet normal -9.999994636e-01 -5.239087041e-04 8.867111173e-04
    outer loop
      vertex -1.993900165e-03 -6.227152422e-03 3.201083513e-03
      vertex -1.996149076e-03 -4.184695892e-03 1.871820074e-03
      vertex -1.994616352e-03 -6.668826565e-03 2.132666064e-03
    endloop
  endfacet
  facet normal -9.999994636e-01 -5.239087041e-04 8.867111173e-04
    outer loop
      vertex -1.994616352e-03 -6.668826565e-03 2.132666064e-03
      vertex -1.996149076e-03 -4.184695892e-03 1.871820074e-03
      vertex -1.996255480e-03 -4.252769519e-03 1.711408026e-03
    endloop
  endfacet
  facet normal -9.999994636e-01 -5.239087041e-04 8.867111173e-04
    outer loop
      vertex -1.994616352e-03 -6.668826565e-03 2.132666064e-03
      vertex -1.996255480e-03 -4.252769519e-03 1.711408026e-03
      vertex -1.996458508e-03 -4.358630627e-03 1.420032582e-03
    endloop
  endfacet
  facet normal 9.999994636e-01 5.239087041e-04 -8.867111173e-04
    outer loop
      vertex 2.004334237e-03 2.675286727e-03 6.467262283e-03
      vertex 2.002669265e-03 1.935339882e-03 4.152562469e-03
      vertex 2.003326779e-03 3.703581868e-03 5.938868504e-03
    endloop
  endfacet
  facet normal 9.999994636e-01 5.239087041e-04 -8.867111173e-04
    outer loop
      vertex 2.003326779e-03 3.703581868e-03 5.938868504e-03
      vertex 2.002669265e-03 1.935339882e-03 4.152562469e-03
      vertex 2.002132824e-03 2.466273494e-03 3.861212404e-03
    endloop
  endfacet
  facet normal 9.999994636e-01 5.239087041e-04 -8.867111173e-04
    outer loop
      vertex 2.003326779e-03 3.703581868e-03 5.938868504e-03
      vertex 2.002132824e-03 2.466273494e-03 3.861212404e-03
      vertex 2.002228750e-03 4.630881827e-03 5.248429254e-03
    endloop
  endfacet
  facet normal 9.999994636e-01 5.239087041e-04 -8.867111173e-04
    outer loop
      vertex 2.002132824e-03 2.466273494e-03 3.861212404e-03
      vertex 2.001370303e-03 3.098979127e-03 3.375032684e-03
      vertex 2.002228750e-03 4.630881827e-03 5.248429254e-03
    endloop
  endfacet
  facet normal 9.999994636e-01 5.239087041e-04 -8.867111173e-04
    outer loop
      vertex 2.002228750e-03 4.630881827e-03 5.248429254e-03
      vertex 2.001370303e-03 3.098979127e-03 3.375032684e-03
      vertex 2.001241781e-03 3.193423618e-03 3.285890911e-03
    endloop
  endfacet
  facet normal 9.999994636e-01 5.239087041e-04 -8.867111173e-04
    outer loop
      vertex 2.002228750e-03 4.630881827e-03 5.248429254e-03
      vertex 2.001241781e-03 3.193423618e-03 3.285890911e-03
      vertex 2.001069952e-03 5.431891419e-03 4.414778668e-03
    endloop
  endfacet
  facet normal 9.999994636e-01 5.239087041e-04 -8.867111173e-04
    outer loop
      vertex 2.001069952e-03 5.431891419e-03 4.414778668e-03
      vertex 2.001241781e-03 3.193423618e-03 3.285890911e-03
      vertex 2.000299748e-03 3.789877053e-03 2.575972117e-03
    endloop
  endfacet
  facet normal 9.999994636e-01 5.239087041e-04 -8.867111173e-04
    outer loop
      vertex 1.999345375e-03 4.231215455e-03 1.760520157e-03
      vertex 1.998696942e-03 6.571685430e-03 2.412086586e-03
      vertex 2.000299748e-03 3.789877053e-03 2.575972117e-03
    endloop
  endfacet
  facet normal 9.999994636e-01 5.239087041e-04 -8.867111173e-04
    outer loop
      vertex 2.000299748e-03 3.789877053e-03 2.575972117e-03
      vertex 1.998696942e-03 6.571685430e-03 2.412086586e-03
      vertex 1.999881817e-03 6.084762514e-03 3.460655687e-03
    endloop
  endfacet
  facet normal 9.999994636e-01 5.239087041e-04 -8.867111173e-04
    outer loop
      vertex 2.000299748e-03 3.789877053e-03 2.575972117e-03
      vertex 1.999881817e-03 6.084762514e-03 3.460655687e-03
      vertex 2.001069952e-03 5.431891419e-03 4.414778668e-03
    endloop
  endfacet
  facet normal 9.999994636e-01 5.239087041e-04 -8.867111173e-04
    outer loop
      vertex 2.006553346e-03 -7.259502308e-04 6.960369181e-03
      vertex 2.004155191e-03 -1.823858911e-04 4.577127285e-03
      vertex 2.005969640e-03 4.298964341e-04 6.985075306e-03
    endloop
  endfacet
  facet normal 9.999994636e-01 5.239087041e-04 -8.867111173e-04
    outer loop
      vertex 2.005969640e-03 4.298964341e-04 6.985075306e-03
      vertex 2.004155191e-03 -1.823858911e-04 4.577127285e-03
      vertex 2.003620146e-03 7.430952974e-04 4.520322662e-03
    endloop
  endfacet
  facet normal 9.999994636e-01 5.239087041e-04 -8.867111173e-04
    outer loop
      vertex 2.005969640e-03 4.298964341e-04 6.985075306e-03
      vertex 2.003620146e-03 7.430952974e-04 4.520322662e-03
      vertex 2.005223185e-03 1.574045164e-03 6.819197908e-03
    endloop
  endfacet
  facet normal 9.999994636e-01 5.239087041e-04 -8.867111173e-04
    outer loop
      vertex 2.005223185e-03 1.574045164e-03 6.819197908e-03
      vertex 2.003620146e-03 7.430952974e-04 4.520322662e-03
      vertex 2.003222471e-03 1.290928689e-03 4.395520780e-03
    endloop
  endfacet
  facet normal 9.999994636e-01 5.239087041e-04 -8.867111173e-04
    outer loop
      vertex 2.005223185e-03 1.574045164e-03 6.819197908e-03
      vertex 2.003222471e-03 1.290928689e-03 4.395520780e-03
      vertex 2.004334237e-03 2.675286727e-03 6.467262283e-03
    endloop
  endfacet
  facet normal 9.999994636e-01 5.239087041e-04 -8.867111173e-04
    outer loop
      vertex 2.004334237e-03 2.675286727e-03 6.467262283e-03
      vertex 2.003222471e-03 1.290928689e-03 4.395520780e-03
      vertex 2.002936555e-03 1.638196991e-03 4.278382752e-03
    endloop
  endfacet
  facet normal 9.999994636e-01 5.239087041e-04 -8.867111173e-04
    outer loop
      vertex 2.004334237e-03 2.675286727e-03 6.467262283e-03
      vertex 2.002936555e-03 1.638196991e-03 4.278382752e-03
      vertex 2.002669265e-03 1.935339882e-03 4.152562469e-03
    endloop
  endfacet
  facet normal 9.999994636e-01 5.239087041e-04 -8.867111173e-04
    outer loop
      vertex 2.004687907e-03 -2.765289275e-03 3.651630133e-03
      vertex 2.004707465e-03 -2.053467557e-03 4.094437696e-03
      vertex 2.007173141e-03 -2.947164234e-03 6.347083952e-03
    endloop
  endfacet
  facet normal 9.999994636e-01 5.239087041e-04 -8.867111173e-04
    outer loop
      vertex 2.007173141e-03 -2.947164234e-03 6.347083952e-03
      vertex 2.004707465e-03 -2.053467557e-03 4.094437696e-03
      vertex 2.004700247e-03 -1.973236911e-03 4.133704584e-03
    endloop
  endfacet
  facet normal 9.999994636e-01 5.239087041e-04 -8.867111173e-04
    outer loop
      vertex 2.007173141e-03 -2.947164234e-03 6.347083952e-03
      vertex 2.004700247e-03 -1.973236911e-03 4.133704584e-03
      vertex 2.006958239e-03 -1.861966331e-03 6.745754275e-03
    endloop
  endfacet
  facet normal 9.999994636e-01 5.239087041e-04 -8.867111173e-04
    outer loop
      vertex 1.996465260e-03 6.999448407e-03 1.478154154e-04
      vertex 1.997547690e-03 6.879378576e-03 1.297673793e-03
      vertex 1.998418011e-03 4.499370698e-03 8.729198598e-04
    endloop
  endfacet
  facet normal 9.999994636e-01 5.239087041e-04 -8.867111173e-04
    outer loop
      vertex 1.994028455e-03 -4.278008128e-04 -6.988622248e-03
      vertex 1.993444748e-03 7.280458813e-04 -6.963916123e-03
      vertex 1.995842671e-03 1.844815270e-04 -4.580674227e-03
    endloop
  endfacet
  facet normal 9.999994636e-01 5.239087041e-04 -8.867111173e-04
    outer loop
      vertex 2.004700247e-03 -1.973236911e-03 4.133704584e-03
      vertex 2.004604554e-03 -1.410657191e-03 4.357936326e-03
      vertex 2.006958239e-03 -1.861966331e-03 6.745754275e-03
    endloop
  endfacet
  facet normal 9.999994636e-01 5.239087041e-04 -8.867111173e-04
    outer loop
      vertex 2.006958239e-03 -1.861966331e-03 6.745754275e-03
      vertex 2.004604554e-03 -1.410657191e-03 4.357936326e-03
      vertex 2.004520269e-03 -1.100357273e-03 4.446472041e-03
    endloop
  endfacet
  facet normal 9.999994636e-01 5.239087041e-04 -8.867111173e-04
    outer loop
      vertex 2.006958239e-03 -1.861966331e-03 6.745754275e-03
      vertex 2.004520269e-03 -1.100357273e-03 4.446472041e-03
      vertex 2.006553346e-03 -7.259502308e-04 6.960369181e-03
    endloop
  endfacet
  facet normal 9.999994636e-01 5.239087041e-04 -8.867111173e-04
    outer loop
      vertex 2.006553346e-03 -7.259502308e-04 6.960369181e-03
      vertex 2.004520269e-03 -1.100357273e-03 4.446472041e-03
      vertex 2.004397800e-03 -7.413699641e-04 4.520260729e-03
    endloop
  endfacet
  facet normal 9.999994636e-01 5.239087041e-04 -8.867111173e-04
    outer loop
      vertex 2.006553346e-03 -7.259502308e-04 6.960369181e-03
      vertex 2.004397800e-03 -7.413699641e-04 4.520260729e-03
      vertex 2.004155191e-03 -1.823858911e-04 4.577127285e-03
    endloop
  endfacet
  facet normal 9.999994636e-01 5.239087041e-04 -8.867111173e-04
    outer loop
      vertex 1.998418011e-03 4.499370698e-03 8.729198598e-04
      vertex 1.997976098e-03 4.564782139e-03 4.133444454e-04
      vertex 1.996465260e-03 6.999448407e-03 1.478154154e-04
    endloop
  endfacet
  facet normal 9.999994636e-01 5.239087041e-04 -8.867111173e-04
    outer loop
      vertex 1.996465260e-03 6.999448407e-03 1.478154154e-04
      vertex 1.997976098e-03 4.564782139e-03 4.133444454e-04
      vertex 1.997555140e-03 4.583364353e-03 -5.049064930e-05
    endloop
  endfacet
  facet normal 9.999994636e-01 5.239087041e-04 -8.867111173e-04
    outer loop
      vertex 1.996465260e-03 6.999448407e-03 1.478154154e-04
      vertex 1.997555140e-03 4.583364353e-03 -5.049064930e-05
      vertex 1.995478990e-03 6.928620394e-03 -1.006123261e-03
    endloop
  endfacet
  facet normal 9.999994636e-01 5.239087041e-04 -8.867111173e-04
    outer loop
      vertex 1.997555140e-03 4.583364353e-03 -5.049064930e-05
      vertex 1.997159095e-03 4.554925021e-03 -5.138257984e-04
      vertex 1.995478990e-03 6.928620394e-03 -1.006123261e-03
    endloop
  endfacet
  facet normal 9.999994636e-01 5.239087041e-04 -8.867111173e-04
    outer loop
      vertex 1.995478990e-03 6.928620394e-03 -1.006123261e-03
      vertex 1.997159095e-03 4.554925021e-03 -5.138257984e-04
      vertex 1.996792387e-03 4.479756579e-03 -9.719065856e-04
    endloop
  endfacet
  facet normal 9.999994636e-01 5.239087041e-04 -8.867111173e-04
    outer loop
      vertex 1.995478990e-03 6.928620394e-03 -1.006123261e-03
      vertex 1.996792387e-03 4.479756579e-03 -9.719065856e-04
      vertex 1.994616352e-03 6.668826565e-03 -2.132666064e-03
    endloop
  endfacet
  facet normal 9.999994636e-01 5.239087041e-04 -8.867111173e-04
    outer loop
      vertex 1.999345375e-03 4.231215455e-03 1.760520157e-03
      vertex 1.999203349e-03 4.282931332e-03 1.630854909e-03
      vertex 1.998696942e-03 6.571685430e-03 2.412086586e-03
    endloop
  endfacet
  facet normal 9.999994636e-01 5.239087041e-04 -8.867111173e-04
    outer loop
      vertex 1.998696942e-03 6.571685430e-03 2.412086586e-03
      vertex 1.999203349e-03 4.282931332e-03 1.630854909e-03
      vertex 1.998895779e-03 4.381994251e-03 1.342587755e-03
    endloop
  endfacet
  facet normal 9.999994636e-01 5.239087041e-04 -8.867111173e-04
    outer loop
      vertex 1.998696942e-03 6.571685430e-03 2.412086586e-03
      vertex 1.998895779e-03 4.381994251e-03 1.342587755e-03
      vertex 1.997547690e-03 6.879378576e-03 1.297673793e-03
    endloop
  endfacet
  facet normal 9.999994636e-01 5.239087041e-04 -8.867111173e-04
    outer loop
      vertex 1.997547690e-03 6.879378576e-03 1.297673793e-03
      vertex 1.998895779e-03 4.381994251e-03 1.342587755e-03
      vertex 1.998722320e-03 4.429938737e-03 1.175054582e-03
    endloop
  endfacet
  facet normal 9.999994636e-01 5.239087041e-04 -8.867111173e-04
    outer loop
      vertex 1.997547690e-03 6.879378576e-03 1.297673793e-03
      vertex 1.998722320e-03 4.429938737e-03 1.175054582e-03
      vertex 1.998418011e-03 4.499370698e-03 8.729198598e-04
    endloop
  endfacet
  facet normal 9.999994636e-01 5.239087041e-04 -8.867111173e-04
    outer loop
      vertex 1.995310187e-03 2.767384984e-03 -3.655177075e-03
      vertex 1.995290397e-03 2.055563265e-03 -4.097984638e-03
      vertex 1.992824720e-03 2.949259710e-03 -6.350630894e-03
    endloop
  endfacet
  facet normal 9.999994636e-01 5.239087041e-04 -8.867111173e-04
    outer loop
      vertex 1.992824720e-03 2.949259710e-03 -6.350630894e-03
      vertex 1.995290397e-03 2.055563265e-03 -4.097984638e-03
      vertex 1.995297614e-03 1.975332387e-03 -4.137251526e-03
    endloop
  endfacet
  facet normal 9.999994636e-01 5.239087041e-04 -8.867111173e-04
    outer loop
      vertex 1.992824720e-03 2.949259710e-03 -6.350630894e-03
      vertex 1.995297614e-03 1.975332387e-03 -4.137251526e-03
      vertex 1.993039856e-03 1.864061924e-03 -6.749300752e-03
    endloop
  endfacet
  facet normal 9.999994636e-01 5.239087041e-04 -8.867111173e-04
    outer loop
      vertex 1.995297614e-03 1.975332387e-03 -4.137251526e-03
      vertex 1.995393541e-03 1.412752783e-03 -4.361483268e-03
      vertex 1.993039856e-03 1.864061924e-03 -6.749300752e-03
    endloop
  endfacet
  facet normal 9.999994636e-01 5.239087041e-04 -8.867111173e-04
    outer loop
      vertex 1.993039856e-03 1.864061924e-03 -6.749300752e-03
      vertex 1.995393541e-03 1.412752783e-03 -4.361483268e-03
      vertex 1.995477593e-03 1.102452865e-03 -4.450018983e-03
    endloop
  endfacet
  facet normal 9.999994636e-01 5.239087041e-04 -8.867111173e-04
    outer loop
      vertex 1.993039856e-03 1.864061924e-03 -6.749300752e-03
      vertex 1.995477593e-03 1.102452865e-03 -4.450018983e-03
      vertex 1.993444748e-03 7.280458813e-04 -6.963916123e-03
    endloop
  endfacet
  facet normal 9.999994636e-01 5.239087041e-04 -8.867111173e-04
    outer loop
      vertex 1.993444748e-03 7.280458813e-04 -6.963916123e-03
      vertex 1.995477593e-03 1.102452865e-03 -4.450018983e-03
      vertex 1.995600294e-03 7.434655563e-04 -4.523807671e-03
    endloop
  endfacet
  facet normal 9.999994636e-01 5.239087041e-04 -8.867111173e-04
    outer loop
      vertex 1.993444748e-03 7.280458813e-04 -6.963916123e-03
      vertex 1.995600294e-03 7.434655563e-04 -4.523807671e-03
      vertex 1.995842671e-03 1.844815270e-04 -4.580674227e-03
    endloop
  endfacet
  facet normal 9.999994636e-01 5.239087041e-04 -8.867111173e-04
    outer loop
      vertex 1.995842671e-03 1.844815270e-04 -4.580674227e-03
      vertex 1.996090403e-03 -2.796994813e-04 -4.575739149e-03
      vertex 1.994028455e-03 -4.278008128e-04 -6.988622248e-03
    endloop
  endfacet
  facet normal 9.999994636e-01 5.239087041e-04 -8.867111173e-04
    outer loop
      vertex 1.994028455e-03 -4.278008128e-04 -6.988622248e-03
      vertex 1.996090403e-03 -2.796994813e-04 -4.575739149e-03
      vertex 1.996298321e-03 -6.198510528e-04 -4.542089533e-03
    endloop
  endfacet
  facet normal 9.999994636e-01 5.239087041e-04 -8.867111173e-04
    outer loop
      vertex 1.994028455e-03 -4.278008128e-04 -6.988622248e-03
      vertex 1.996298321e-03 -6.198510528e-04 -4.542089533e-03
      vertex 1.994774910e-03 -1.571949571e-03 -6.822744850e-03
    endloop
  endfacet
  facet normal 9.999994636e-01 5.239087041e-04 -8.867111173e-04
    outer loop
      vertex 1.994774910e-03 -1.571949571e-03 -6.822744850e-03
      vertex 1.996298321e-03 -6.198510528e-04 -4.542089533e-03
      vertex 1.996702747e-03 -1.194685348e-03 -4.425596446e-03
    endloop
  endfacet
  facet normal 9.999994636e-01 5.239087041e-04 -8.867111173e-04
    outer loop
      vertex 1.994774910e-03 -1.571949571e-03 -6.822744850e-03
      vertex 1.996702747e-03 -1.194685348e-03 -4.425596446e-03
      vertex 1.995663857e-03 -2.673191018e-03 -6.470809225e-03
    endloop
  endfacet
  facet normal 9.999994636e-01 5.239087041e-04 -8.867111173e-04
    outer loop
      vertex 1.995663857e-03 -2.673191018e-03 -6.470809225e-03
      vertex 1.996702747e-03 -1.194685348e-03 -4.425596446e-03
      vertex 1.997450367e-03 -2.060717903e-03 -4.094341770e-03
    endloop
  endfacet
  facet normal 9.999994636e-01 5.239087041e-04 -8.867111173e-04
    outer loop
      vertex 1.995663857e-03 -2.673191018e-03 -6.470809225e-03
      vertex 1.997450367e-03 -2.060717903e-03 -4.094341770e-03
      vertex 1.996671082e-03 -3.701486392e-03 -5.942415446e-03
    endloop
  endfacet
  facet normal 9.999994636e-01 5.239087041e-04 -8.867111173e-04
    outer loop
      vertex 1.996671082e-03 -3.701486392e-03 -5.942415446e-03
      vertex 1.997450367e-03 -2.060717903e-03 -4.094341770e-03
      vertex 1.997949090e-03 -2.540307818e-03 -3.815106116e-03
    endloop
  endfacet
  facet normal 9.999994636e-01 5.239087041e-04 -8.867111173e-04
    outer loop
      vertex 1.996671082e-03 -3.701486392e-03 -5.942415446e-03
      vertex 1.997949090e-03 -2.540307818e-03 -3.815106116e-03
      vertex 1.997769345e-03 -4.628785886e-03 -5.251976196e-03
    endloop
  endfacet
  facet normal 9.999994636e-01 5.239087041e-04 -8.867111173e-04
    outer loop
      vertex 2.004519105e-03 -6.926524453e-03 1.002576435e-03
      vertex 2.003532834e-03 -6.997352466e-03 -1.513622556e-04
      vertex 2.002442954e-03 -4.581268411e-03 4.694379822e-05
    endloop
  endfacet
  facet normal 9.999994636e-01 5.239087041e-04 -8.867111173e-04
    outer loop
      vertex 1.996792387e-03 4.479756579e-03 -9.719065856e-04
      vertex 1.996458508e-03 4.358630627e-03 -1.420032582e-03
      vertex 1.994616352e-03 6.668826565e-03 -2.132666064e-03
    endloop
  endfacet
  facet normal 9.999994636e-01 5.239087041e-04 -8.867111173e-04
    outer loop
      vertex 1.994616352e-03 6.668826565e-03 -2.132666064e-03
      vertex 1.996458508e-03 4.358630627e-03 -1.420032582e-03
      vertex 1.996255480e-03 4.252769519e-03 -1.711408026e-03
    endloop
  endfacet
  facet normal 9.999994636e-01 5.239087041e-04 -8.867111173e-04
    outer loop
      vertex 1.994616352e-03 6.668826565e-03 -2.132666064e-03
      vertex 1.996255480e-03 4.252769519e-03 -1.711408026e-03
      vertex 1.993900165e-03 6.227152422e-03 -3.201083513e-03
    endloop
  endfacet
  facet normal 9.999994636e-01 5.239087041e-04 -8.867111173e-04
    outer loop
      vertex 1.993900165e-03 6.227152422e-03 -3.201083513e-03
      vertex 1.996255480e-03 4.252769519e-03 -1.711408026e-03
      vertex 1.996149076e-03 4.184695892e-03 -1.871820074e-03
    endloop
  endfacet
  facet normal 9.999994636e-01 5.239087041e-04 -8.867111173e-04
    outer loop
      vertex 1.992824720e-03 2.949259710e-03 -6.350630894e-03
      vertex 1.992805395e-03 3.954038024e-03 -5.778780673e-03
      vertex 1.995310187e-03 2.767384984e-03 -3.655177075e-03
    endloop
  endfacet
  facet normal 9.999994636e-01 5.239087041e-04 -8.867111173e-04
    outer loop
      vertex 1.995310187e-03 2.767384984e-03 -3.655177075e-03
      vertex 1.992805395e-03 3.954038024e-03 -5.778780673e-03
      vertex 1.992982347e-03 4.850989208e-03 -5.049349274e-03
    endloop
  endfacet
  facet normal 9.999994636e-01 5.239087041e-04 -8.867111173e-04
    outer loop
      vertex 1.995310187e-03 2.767384984e-03 -3.655177075e-03
      vertex 1.992982347e-03 4.850989208e-03 -5.049349274e-03
      vertex 1.995514613e-03 3.446182935e-03 -3.023531986e-03
    endloop
  endfacet
  facet normal 9.999994636e-01 5.239087041e-04 -8.867111173e-04
    outer loop
      vertex 1.995514613e-03 3.446182935e-03 -3.023531986e-03
      vertex 1.992982347e-03 4.850989208e-03 -5.049349274e-03
      vertex 1.993350685e-03 5.615646485e-03 -4.182232078e-03
    endloop
  endfacet
  facet normal 9.999994636e-01 5.239087041e-04 -8.867111173e-04
    outer loop
      vertex 1.995514613e-03 3.446182935e-03 -3.023531986e-03
      vertex 1.993350685e-03 5.615646485e-03 -4.182232078e-03
      vertex 1.995902741e-03 3.983936738e-03 -2.268175595e-03
    endloop
  endfacet
  facet normal 9.999994636e-01 5.239087041e-04 -8.867111173e-04
    outer loop
      vertex 1.995902741e-03 3.983936738e-03 -2.268175595e-03
      vertex 1.993350685e-03 5.615646485e-03 -4.182232078e-03
      vertex 1.993900165e-03 6.227152422e-03 -3.201083513e-03
    endloop
  endfacet
  facet normal 9.999994636e-01 5.239087041e-04 -8.867111173e-04
    outer loop
      vertex 1.995902741e-03 3.983936738e-03 -2.268175595e-03
      vertex 1.993900165e-03 6.227152422e-03 -3.201083513e-03
      vertex 1.995976083e-03 4.051121883e-03 -2.145808190e-03
    endloop
  endfacet
  facet normal 9.999994636e-01 5.239087041e-04 -8.867111173e-04
    outer loop
      vertex 1.995976083e-03 4.051121883e-03 -2.145808190e-03
      vertex 1.993900165e-03 6.227152422e-03 -3.201083513e-03
      vertex 1.996149076e-03 4.184695892e-03 -1.871820074e-03
    endloop
  endfacet
  facet normal 9.999994636e-01 5.239087041e-04 -8.867111173e-04
    outer loop
      vertex 1.997949090e-03 -2.540307818e-03 -3.815106116e-03
      vertex 1.998302061e-03 -2.842341317e-03 -3.595536808e-03
      vertex 1.997769345e-03 -4.628785886e-03 -5.251976196e-03
    endloop
  endfacet
  facet normal 9.999994636e-01 5.239087041e-04 -8.867111173e-04
    outer loop
      vertex 1.997769345e-03 -4.628785886e-03 -5.251976196e-03
      vertex 1.998302061e-03 -2.842341317e-03 -3.595536808e-03
      vertex 1.998631516e-03 -3.099580761e-03 -3.376103006e-03
    endloop
  endfacet
  facet normal 9.999994636e-01 5.239087041e-04 -8.867111173e-04
    outer loop
      vertex 1.997769345e-03 -4.628785886e-03 -5.251976196e-03
      vertex 1.998631516e-03 -3.099580761e-03 -3.376103006e-03
      vertex 1.998928143e-03 -5.429795943e-03 -4.418325610e-03
    endloop
  endfacet
  facet normal 9.999994636e-01 5.239087041e-04 -8.867111173e-04
    outer loop
      vertex 1.998631516e-03 -3.099580761e-03 -3.376103006e-03
      vertex 1.999223372e-03 -3.507556161e-03 -2.949602669e-03
      vertex 1.998928143e-03 -5.429795943e-03 -4.418325610e-03
    endloop
  endfacet
  facet normal 9.999994636e-01 5.239087041e-04 -8.867111173e-04
    outer loop
      vertex 1.998928143e-03 -5.429795943e-03 -4.418325610e-03
      vertex 1.999223372e-03 -3.507556161e-03 -2.949602669e-03
      vertex 1.999367494e-03 -3.596910508e-03 -2.839853056e-03
    endloop
  endfacet
  facet normal 9.999994636e-01 5.239087041e-04 -8.867111173e-04
    outer loop
      vertex 1.998928143e-03 -5.429795943e-03 -4.418325610e-03
      vertex 1.999367494e-03 -3.596910508e-03 -2.839853056e-03
      vertex 2.000116277e-03 -6.082666572e-03 -3.464202397e-03
    endloop
  endfacet
  facet normal 9.999994636e-01 5.239087041e-04 -8.867111173e-04
    outer loop
      vertex 2.000116277e-03 -6.082666572e-03 -3.464202397e-03
      vertex 1.999367494e-03 -3.596910508e-03 -2.839853056e-03
      vertex 2.000124659e-03 -4.005018622e-03 -2.226954792e-03
    endloop
  endfacet
  facet normal 9.999994636e-01 5.239087041e-04 -8.867111173e-04
    outer loop
      vertex 2.000124659e-03 -4.005018622e-03 -2.226954792e-03
      vertex 2.000157489e-03 -4.020387307e-03 -2.199058421e-03
      vertex 2.000116277e-03 -6.082666572e-03 -3.464202397e-03
    endloop
  endfacet
  facet normal 9.999994636e-01 5.239087041e-04 -8.867111173e-04
    outer loop
      vertex 2.000116277e-03 -6.082666572e-03 -3.464202397e-03
      vertex 2.000157489e-03 -4.020387307e-03 -2.199058421e-03
      vertex 2.000176348e-03 -4.029128235e-03 -2.182984026e-03
    endloop
  endfacet
  facet normal 9.999994636e-01 5.239087041e-04 -8.867111173e-04
    outer loop
      vertex 2.000116277e-03 -6.082666572e-03 -3.464202397e-03
      vertex 2.000176348e-03 -4.029128235e-03 -2.182984026e-03
      vertex 2.001301153e-03 -6.569589954e-03 -2.415633528e-03
    endloop
  endfacet
  facet normal 9.999994636e-01 5.239087041e-04 -8.867111173e-04
    outer loop
      vertex 2.001301153e-03 -6.569589954e-03 -2.415633528e-03
      vertex 2.000176348e-03 -4.029128235e-03 -2.182984026e-03
      vertex 2.001122106e-03 -4.385704640e-03 -1.327066566e-03
    endloop
  endfacet
  facet normal 9.999994636e-01 5.239087041e-04 -8.867111173e-04
    outer loop
      vertex 2.001301153e-03 -6.569589954e-03 -2.415633528e-03
      vertex 2.001122106e-03 -4.385704640e-03 -1.327066566e-03
      vertex 2.002450405e-03 -6.877283100e-03 -1.301220618e-03
    endloop
  endfacet
  facet normal 9.999994636e-01 5.239087041e-04 -8.867111173e-04
    outer loop
      vertex 2.002450405e-03 -6.877283100e-03 -1.301220618e-03
      vertex 2.001122106e-03 -4.385704640e-03 -1.327066566e-03
      vertex 2.001580084e-03 -4.497275222e-03 -8.764667436e-04
    endloop
  endfacet
  facet normal 9.999994636e-01 5.239087041e-04 -8.867111173e-04
    outer loop
      vertex 2.002450405e-03 -6.877283100e-03 -1.301220618e-03
      vertex 2.001580084e-03 -4.497275222e-03 -8.764667436e-04
      vertex 2.003532834e-03 -6.997352466e-03 -1.513622556e-04
    endloop
  endfacet
  facet normal 9.999994636e-01 5.239087041e-04 -8.867111173e-04
    outer loop
      vertex 2.003532834e-03 -6.997352466e-03 -1.513622556e-04
      vertex 2.001580084e-03 -4.497275222e-03 -8.764667436e-04
      vertex 2.002021996e-03 -4.562686663e-03 -4.168913001e-04
    endloop
  endfacet
  facet normal 9.999994636e-01 5.239087041e-04 -8.867111173e-04
    outer loop
      vertex 2.003532834e-03 -6.997352466e-03 -1.513622556e-04
      vertex 2.002021996e-03 -4.562686663e-03 -4.168913001e-04
      vertex 2.002442954e-03 -4.581268411e-03 4.694379822e-05
    endloop
  endfacet
  facet normal 9.999994636e-01 5.239087041e-04 -8.867111173e-04
    outer loop
      vertex 2.002442954e-03 -4.581268411e-03 4.694379822e-05
      vertex 2.002838999e-03 -4.552829079e-03 5.102789728e-04
      vertex 2.004519105e-03 -6.926524453e-03 1.002576435e-03
    endloop
  endfacet
  facet normal 9.999994636e-01 5.239087041e-04 -8.867111173e-04
    outer loop
      vertex 2.004519105e-03 -6.926524453e-03 1.002576435e-03
      vertex 2.002838999e-03 -4.552829079e-03 5.102789728e-04
      vertex 2.003205707e-03 -4.477660637e-03 9.683597600e-04
    endloop
  endfacet
  facet normal 9.999994636e-01 5.239087041e-04 -8.867111173e-04
    outer loop
      vertex 2.004519105e-03 -6.926524453e-03 1.002576435e-03
      vertex 2.003205707e-03 -4.477660637e-03 9.683597600e-04
      vertex 2.005381742e-03 -6.666730624e-03 2.129119122e-03
    endloop
  endfacet
  facet normal 9.999994636e-01 5.239087041e-04 -8.867111173e-04
    outer loop
      vertex 2.003205707e-03 -4.477660637e-03 9.683597600e-04
      vertex 2.003539586e-03 -4.356535152e-03 1.416485757e-03
      vertex 2.005381742e-03 -6.666730624e-03 2.129119122e-03
    endloop
  endfacet
  facet normal 9.999994636e-01 5.239087041e-04 -8.867111173e-04
    outer loop
      vertex 2.005381742e-03 -6.666730624e-03 2.129119122e-03
      vertex 2.003539586e-03 -4.356535152e-03 1.416485757e-03
      vertex 2.003742615e-03 -4.250673577e-03 1.707861200e-03
    endloop
  endfacet
  facet normal 9.999994636e-01 5.239087041e-04 -8.867111173e-04
    outer loop
      vertex 2.005381742e-03 -6.666730624e-03 2.129119122e-03
      vertex 2.003742615e-03 -4.250673577e-03 1.707861200e-03
      vertex 2.006097697e-03 -6.225056946e-03 3.197536804e-03
    endloop
  endfacet
  facet normal 9.999994636e-01 5.239087041e-04 -8.867111173e-04
    outer loop
      vertex 2.006097697e-03 -6.225056946e-03 3.197536804e-03
      vertex 2.003742615e-03 -4.250673577e-03 1.707861200e-03
      vertex 2.003849018e-03 -4.182599951e-03 1.868273248e-03
    endloop
  endfacet
  facet normal 9.999994636e-01 5.239087041e-04 -8.867111173e-04
    outer loop
      vertex 2.007173141e-03 -2.947164234e-03 6.347083952e-03
      vertex 2.007192466e-03 -3.951942548e-03 5.775233731e-03
      vertex 2.004687907e-03 -2.765289275e-03 3.651630133e-03
    endloop
  endfacet
  facet normal 9.999994636e-01 5.239087041e-04 -8.867111173e-04
    outer loop
      vertex 2.004687907e-03 -2.765289275e-03 3.651630133e-03
      vertex 2.007192466e-03 -3.951942548e-03 5.775233731e-03
      vertex 2.007015748e-03 -4.848893266e-03 5.045802332e-03
    endloop
  endfacet
  facet normal 9.999994636e-01 5.239087041e-04 -8.867111173e-04
    outer loop
      vertex 2.004687907e-03 -2.765289275e-03 3.651630133e-03
      vertex 2.007015748e-03 -4.848893266e-03 5.045802332e-03
      vertex 2.004483482e-03 -3.444087226e-03 3.019985044e-03
    endloop
  endfacet
  facet normal 9.999994636e-01 5.239087041e-04 -8.867111173e-04
    outer loop
      vertex 2.004483482e-03 -3.444087226e-03 3.019985044e-03
      vertex 2.007015748e-03 -4.848893266e-03 5.045802332e-03
      vertex 2.006647410e-03 -5.613551009e-03 4.178685136e-03
    endloop
  endfacet
  facet normal 9.999994636e-01 5.239087041e-04 -8.867111173e-04
    outer loop
      vertex 2.004483482e-03 -3.444087226e-03 3.019985044e-03
      vertex 2.006647410e-03 -5.613551009e-03 4.178685136e-03
      vertex 2.004095353e-03 -3.981841262e-03 2.264628652e-03
    endloop
  endfacet
  facet normal 9.999994636e-01 5.239087041e-04 -8.867111173e-04
    outer loop
      vertex 2.004095353e-03 -3.981841262e-03 2.264628652e-03
      vertex 2.006647410e-03 -5.613551009e-03 4.178685136e-03
      vertex 2.006097697e-03 -6.225056946e-03 3.197536804e-03
    endloop
  endfacet
  facet normal 9.999994636e-01 5.239087041e-04 -8.867111173e-04
    outer loop
      vertex 2.004095353e-03 -3.981841262e-03 2.264628652e-03
      vertex 2.006097697e-03 -6.225056946e-03 3.197536804e-03
      vertex 2.004022012e-03 -4.049026407e-03 2.142261481e-03
    endloop
  endfacet
  facet normal 9.999994636e-01 5.239087041e-04 -8.867111173e-04
    outer loop
      vertex 2.004022012e-03 -4.049026407e-03 2.142261481e-03
      vertex 2.006097697e-03 -6.225056946e-03 3.197536804e-03
      vertex 2.003849018e-03 -4.182599951e-03 1.868273248e-03
    endloop
  endfacet
  facet normal -1.339787059e-02 -9.998939037e-01 -5.712242331e-03
    outer loop
      vertex 1.813863346e-04 4.984384403e-03 3.507265355e-04
      vertex 9.042268357e-05 4.985495005e-03 3.696775238e-04
      vertex -2.886239599e-06 4.990607034e-03 -3.063180193e-04
    endloop
  endfacet
  facet normal -2.238520421e-02 -9.997443557e-01 -3.190267133e-03
    outer loop
      vertex 1.813863346e-04 4.984384403e-03 3.507265355e-04
      vertex -2.886239599e-06 4.990607034e-03 -3.063180193e-04
      vertex 2.689178509e-04 4.982524086e-03 3.195892496e-04
    endloop
  endfacet
  facet normal -3.094491549e-02 -9.995209575e-01 5.297244061e-04
    outer loop
      vertex 3.513866395e-04 4.979948048e-03 2.768455597e-04
      vertex 2.689178509e-04 4.982524086e-03 3.195892496e-04
      vertex -2.886239599e-06 4.990607034e-03 -3.063180193e-04
    endloop
  endfacet
  facet normal -3.891736642e-02 -9.992279410e-01 5.378357135e-03
    outer loop
      vertex 4.272565129e-04 4.976704717e-03 2.232918487e-04
      vertex 3.513866395e-04 4.979948048e-03 2.768455597e-04
      vertex -2.886239599e-06 4.990607034e-03 -3.063180193e-04
    endloop
  endfacet
  facet normal -4.615416750e-02 -9.988707900e-01 1.126537751e-02
    outer loop
      vertex 4.951141891e-04 4.972854629e-03 1.599256211e-04
      vertex 4.272565129e-04 4.976704717e-03 2.232918487e-04
      vertex -2.886239599e-06 4.990607034e-03 -3.063180193e-04
    endloop
  endfacet
  facet normal -5.252049118e-02 -9.984561205e-01 1.808110997e-02
    outer loop
      vertex 5.536954850e-04 4.968469497e-03 8.792730659e-05
      vertex 4.951141891e-04 4.972854629e-03 1.599256211e-04
      vertex -2.886239599e-06 4.990607034e-03 -3.063180193e-04
    endloop
  endfacet
  facet normal -5.789770558e-02 -9.979916811e-01 2.569855191e-02
    outer loop
      vertex 6.019092398e-04 4.963630810e-03 8.638090549e-06
      vertex 5.536954850e-04 4.968469497e-03 8.792730659e-05
      vertex -2.886239599e-06 4.990607034e-03 -3.063180193e-04
    endloop
  endfacet
  facet normal -6.218566000e-02 -9.974861145e-01 3.397580981e-02
    outer loop
      vertex 6.388573674e-04 4.958428442e-03 -7.646500308e-05
      vertex 6.019092398e-04 4.963630810e-03 8.638090549e-06
      vertex -2.886239599e-06 4.990607034e-03 -3.063180193e-04
    endloop
  endfacet
  facet normal -6.530451775e-02 -9.969488382e-01 4.275880381e-02
    outer loop
      vertex 6.638513878e-04 4.952959716e-03 -1.657966641e-04
      vertex 6.388573674e-04 4.958428442e-03 -7.646500308e-05
      vertex -2.886239599e-06 4.990607034e-03 -3.063180193e-04
    endloop
  endfacet
  facet normal -6.719611585e-02 -9.963898659e-01 5.188370496e-02
    outer loop
      vertex 6.764259888e-04 4.947326612e-03 -2.576928528e-04
      vertex 6.638513878e-04 4.952959716e-03 -1.657966641e-04
      vertex -2.886239599e-06 4.990607034e-03 -3.063180193e-04
    endloop
  endfacet
  facet normal -6.782526523e-02 -9.958195686e-01 6.118077412e-02
    outer loop
      vertex 6.763467682e-04 4.941633902e-03 -3.504416673e-04
      vertex 6.764259888e-04 4.947326612e-03 -2.576928528e-04
      vertex -2.886239599e-06 4.990607034e-03 -3.063180193e-04
    endloop
  endfacet
  facet normal -6.718023121e-02 -9.952486157e-01 7.047671080e-02
    outer loop
      vertex 6.636151229e-04 4.935987294e-03 -4.423154169e-04
      vertex 6.763467682e-04 4.941633902e-03 -3.504416673e-04
      vertex -2.886239599e-06 4.990607034e-03 -3.063180193e-04
    endloop
  endfacet
  facet normal -6.527303904e-02 -9.946876764e-01 7.959824800e-02
    outer loop
      vertex 6.384684239e-04 4.930492491e-03 -5.316026509e-04
      vertex 6.636151229e-04 4.935987294e-03 -4.423154169e-04
      vertex -2.886239599e-06 4.990607034e-03 -3.063180193e-04
    endloop
  endfacet
  facet normal -6.213917211e-02 -9.941471219e-01 8.837569505e-02
    outer loop
      vertex 6.013748934e-04 4.925251473e-03 -6.166400854e-04
      vertex 6.384684239e-04 4.930492491e-03 -5.316026509e-04
      vertex -2.886239599e-06 4.990607034e-03 -3.063180193e-04
    endloop
  endfacet
  facet normal -5.783707649e-02 -9.936370254e-01 9.664533287e-02
    outer loop
      vertex 5.530256894e-04 4.920362029e-03 -6.958436570e-04
      vertex 6.013748934e-04 4.925251473e-03 -6.166400854e-04
      vertex -2.886239599e-06 4.990607034e-03 -3.063180193e-04
    endloop
  endfacet
  facet normal -5.244685337e-02 -9.931669235e-01 1.042532325e-01
    outer loop
      vertex 4.943214590e-04 4.915915430e-03 -7.677379763e-04
      vertex 5.530256894e-04 4.920362029e-03 -6.958436570e-04
      vertex -2.886239599e-06 4.990607034e-03 -3.063180193e-04
    endloop
  endfacet
  facet normal -4.606889188e-02 -9.927456379e-01 1.110576615e-01
    outer loop
      vertex 4.263555747e-04 4.911994096e-03 -8.309837431e-04
      vertex 4.943214590e-04 4.915915430e-03 -7.677379763e-04
      vertex -2.886239599e-06 4.990607034e-03 -3.063180193e-04
    endloop
  endfacet
  facet normal -3.882203624e-02 -9.923808575e-01 1.169318408e-01
    outer loop
      vertex 3.503942862e-04 4.908671137e-03 -8.844028343e-04
      vertex 4.263555747e-04 4.911994096e-03 -8.309837431e-04
      vertex -2.886239599e-06 4.990607034e-03 -3.063180193e-04
    endloop
  endfacet
  facet normal -3.084131144e-02 -9.920794964e-01 1.217663288e-01
    outer loop
      vertex 2.678525634e-04 4.906008951e-03 -9.270001901e-04
      vertex 3.503942862e-04 4.908671137e-03 -8.844028343e-04
      vertex -2.886239599e-06 4.990607034e-03 -3.063180193e-04
    endloop
  endfacet
  facet normal -2.227525599e-02 -9.918471575e-01 1.254711300e-01
    outer loop
      vertex 1.802679762e-04 4.904056899e-03 -9.579822072e-04
      vertex 2.678525634e-04 4.906008951e-03 -9.270001901e-04
      vertex -2.886239599e-06 4.990607034e-03 -3.063180193e-04
    endloop
  endfacet
  facet normal -1.328362525e-02 -9.916881323e-01 1.279771626e-01
    outer loop
      vertex 8.927207091e-05 4.902850837e-03 -9.767719312e-04
      vertex 1.802679762e-04 4.904056899e-03 -9.579822072e-04
      vertex -2.886239599e-06 4.990607034e-03 -3.063180193e-04
    endloop
  endfacet
  facet normal -4.033757839e-03 -9.916054010e-01 1.292377859e-01
    outer loop
      vertex -3.440072987e-06 4.902413581e-03 -9.830191266e-04
      vertex 8.927207091e-05 4.902850837e-03 -9.767719312e-04
      vertex -2.886239599e-06 4.990607034e-03 -3.063180193e-04
    endloop
  endfacet
  facet normal 5.301963072e-03 -9.916005135e-01 1.292295158e-01
    outer loop
      vertex -9.614139708e-05 4.902753513e-03 -9.766074363e-04
      vertex -3.440072987e-06 4.902413581e-03 -9.830191266e-04
      vertex -2.886239599e-06 4.990607034e-03 -3.063180193e-04
    endloop
  endfacet
  facet normal 1.454966236e-02 -9.916735888e-01 1.279524863e-01
    outer loop
      vertex -1.871050481e-04 4.903864115e-03 -9.576564771e-04
      vertex -9.614139708e-05 4.902753513e-03 -9.766074363e-04
      vertex -2.886239599e-06 4.990607034e-03 -3.063180193e-04
    endloop
  endfacet
  facet normal 2.353699692e-02 -9.918231964e-01 1.254305094e-01
    outer loop
      vertex -2.746365499e-04 4.905724898e-03 -9.265191620e-04
      vertex -1.871050481e-04 4.903864115e-03 -9.576564771e-04
      vertex -2.886239599e-06 4.990607034e-03 -3.063180193e-04
    endloop
  endfacet
  facet normal 3.209670633e-02 -9.920465350e-01 1.217105165e-01
    outer loop
      vertex -3.571053676e-04 4.908300471e-03 -8.837754722e-04
      vertex -2.746365499e-04 4.905724898e-03 -9.265191620e-04
      vertex -2.886239599e-06 4.990607034e-03 -3.063180193e-04
    endloop
  endfacet
  facet normal 4.006915540e-02 -9.923395514e-01 1.168618873e-01
    outer loop
      vertex -4.329752410e-04 4.911543801e-03 -8.302218048e-04
      vertex -3.571053676e-04 4.908300471e-03 -8.837754722e-04
      vertex -2.886239599e-06 4.990607034e-03 -3.063180193e-04
    endloop
  endfacet
  facet normal 4.730596021e-02 -9.926967025e-01 1.109748632e-01
    outer loop
      vertex -5.008328590e-04 4.915393889e-03 -7.668555481e-04
      vertex -4.329752410e-04 4.911543801e-03 -8.302218048e-04
      vertex -2.886239599e-06 4.990607034e-03 -3.063180193e-04
    endloop
  endfacet
  facet normal 5.367228389e-02 -9.931113720e-01 1.041591316e-01
    outer loop
      vertex -5.594142131e-04 4.919779021e-03 -6.948572118e-04
      vertex -5.008328590e-04 4.915393889e-03 -7.668555481e-04
      vertex -2.886239599e-06 4.990607034e-03 -3.063180193e-04
    endloop
  endfacet
  facet normal 5.904949829e-02 -9.935758114e-01 9.654168785e-02
    outer loop
      vertex -6.076279678e-04 4.924618173e-03 -6.155680167e-04
      vertex -5.594142131e-04 4.919779021e-03 -6.948572118e-04
      vertex -2.886239599e-06 4.990607034e-03 -3.063180193e-04
    endloop
  endfacet
  facet normal 6.333745271e-02 -9.940813780e-01 8.826443553e-02
    outer loop
      vertex -6.445760955e-04 4.929820076e-03 -5.304649239e-04
      vertex -6.076279678e-04 4.924618173e-03 -6.155680167e-04
      vertex -2.886239599e-06 4.990607034e-03 -3.063180193e-04
    endloop
  endfacet
  facet normal 6.645631045e-02 -9.946186543e-01 7.948143780e-02
    outer loop
      vertex -6.695701159e-04 4.935288802e-03 -4.411332775e-04
      vertex -6.445760955e-04 4.929820076e-03 -5.304649239e-04
      vertex -2.886239599e-06 4.990607034e-03 -3.063180193e-04
    endloop
  endfacet
  facet normal 6.834790856e-02 -9.951776266e-01 7.035653293e-02
    outer loop
      vertex -6.821447168e-04 4.940921906e-03 -3.492370888e-04
      vertex -6.695701159e-04 4.935288802e-03 -4.411332775e-04
      vertex -2.886239599e-06 4.990607034e-03 -3.063180193e-04
    endloop
  endfacet
  facet normal 6.897705793e-02 -9.957479239e-01 6.105947122e-02
    outer loop
      vertex -6.820654380e-04 4.946615081e-03 -2.564882452e-04
      vertex -6.821447168e-04 4.940921906e-03 -3.492370888e-04
      vertex -2.886239599e-06 4.990607034e-03 -3.063180193e-04
    endloop
  endfacet
  facet normal 6.833201647e-02 -9.963188767e-01 5.176353082e-02
    outer loop
      vertex -6.693338510e-04 4.952261224e-03 -1.646145101e-04
      vertex -6.820654380e-04 4.946615081e-03 -2.564882452e-04
      vertex -2.886239599e-06 4.990607034e-03 -3.063180193e-04
    endloop
  endfacet
  facet normal 6.642483175e-02 -9.968798161e-01 4.264199734e-02
    outer loop
      vertex -6.441871519e-04 4.957756493e-03 -7.532731252e-05
      vertex -6.693338510e-04 4.952261224e-03 -1.646145101e-04
      vertex -2.886239599e-06 4.990607034e-03 -3.063180193e-04
    endloop
  endfacet
  facet normal 6.329096109e-02 -9.974203706e-01 3.386454657e-02
    outer loop
      vertex -6.070936215e-04 4.962997045e-03 9.710127415e-06
      vertex -6.441871519e-04 4.957756493e-03 -7.532731252e-05
      vertex -2.886239599e-06 4.990607034e-03 -3.063180193e-04
    endloop
  endfacet
  facet normal 5.898886919e-02 -9.979304671e-01 2.559490688e-02
    outer loop
      vertex -5.587444175e-04 4.967886489e-03 8.891372272e-05
      vertex -6.070936215e-04 4.962997045e-03 9.710127415e-06
      vertex -2.886239599e-06 4.990607034e-03 -3.063180193e-04
    endloop
  endfacet
  facet normal 5.359864607e-02 -9.984005690e-01 1.798701286e-02
    outer loop
      vertex -5.000401288e-04 4.972333554e-03 1.608080493e-04
      vertex -5.587444175e-04 4.967886489e-03 8.891372272e-05
      vertex -2.886239599e-06 4.990607034e-03 -3.063180193e-04
    endloop
  endfacet
  facet normal 4.722068086e-02 -9.988219142e-01 1.118258014e-02
    outer loop
      vertex -4.320743028e-04 4.976254422e-03 2.240538306e-04
      vertex -5.000401288e-04 4.972333554e-03 1.608080493e-04
      vertex -2.886239599e-06 4.990607034e-03 -3.063180193e-04
    endloop
  endfacet
  facet normal 3.997382894e-02 -9.991866350e-01 5.308403168e-03
    outer loop
      vertex -3.561130143e-04 4.979577381e-03 2.774729219e-04
      vertex -4.320743028e-04 4.976254422e-03 2.240538306e-04
      vertex -2.886239599e-06 4.990607034e-03 -3.063180193e-04
    endloop
  endfacet
  facet normal 3.199310228e-02 -9.994879961e-01 4.739165306e-04
    outer loop
      vertex -2.735712624e-04 4.982239567e-03 3.200702777e-04
      vertex -3.561130143e-04 4.979577381e-03 2.774729219e-04
      vertex -2.886239599e-06 4.990607034e-03 -3.063180193e-04
    endloop
  endfacet
  facet normal 2.342704870e-02 -9.997203350e-01 -3.230889328e-03
    outer loop
      vertex -1.859866898e-04 4.984192085e-03 3.510522947e-04
      vertex -2.735712624e-04 4.982239567e-03 3.200702777e-04
      vertex -2.886239599e-06 4.990607034e-03 -3.063180193e-04
    endloop
  endfacet
  facet normal 1.443541702e-02 -9.998793602e-01 -5.736922380e-03
    outer loop
      vertex -9.499078442e-05 4.985397682e-03 3.698419314e-04
      vertex -1.859866898e-04 4.984192085e-03 3.510522947e-04
      vertex -2.886239599e-06 4.990607034e-03 -3.063180193e-04
    endloop
  endfacet
  facet normal 5.185549613e-03 -9.999620914e-01 -6.997549906e-03
    outer loop
      vertex -2.278640977e-06 4.985834938e-03 3.760891559e-04
      vertex -9.499078442e-05 4.985397682e-03 3.698419314e-04
      vertex -2.886239599e-06 4.990607034e-03 -3.063180193e-04
    endloop
  endfacet
  facet normal -4.150171299e-03 -9.999669790e-01 -6.989271846e-03
    outer loop
      vertex 9.042268357e-05 4.985495005e-03 3.696775238e-04
      vertex -2.278640977e-06 4.985834938e-03 3.760891559e-04
      vertex -2.886239599e-06 4.990607034e-03 -3.063180193e-04
    endloop
  endfacet
  facet normal -1.748811007e-01 9.705681801e-01 -1.655718684e-01
    outer loop
      vertex 6.076279678e-04 -4.924618173e-03 6.155680167e-04
      vertex 5.594142131e-04 -4.919779021e-03 6.948572118e-04
      vertex 1.105521340e-03 -4.757305607e-03 1.070452621e-03
    endloop
  endfacet
  facet normal 1.737508625e-01 9.837324619e-01 4.561902210e-02
    outer loop
      vertex -6.019092398e-04 -4.963630810e-03 -8.638096006e-06
      vertex -5.536954850e-04 -4.968469497e-03 -8.792731387e-05
      vertex -1.099962858e-03 -4.853778984e-03 -4.805347417e-04
    endloop
  endfacet
  facet normal 1.863951385e-01 9.722712636e-01 -1.412281692e-01
    outer loop
      vertex -6.013748934e-04 -4.925251473e-03 6.166400854e-04
      vertex -6.384684239e-04 -4.930492491e-03 5.316025927e-04
      vertex -1.267929561e-03 -4.778532311e-03 7.469845004e-04
    endloop
  endfacet
  facet normal 6.755658239e-02 9.654149413e-01 -2.518135905e-01
    outer loop
      vertex -1.802679762e-04 -4.904056899e-03 9.579822072e-04
      vertex -2.678525634e-04 -4.906008951e-03 9.270001901e-04
      vertex -5.336017930e-04 -4.730021581e-03 1.530414098e-03
    endloop
  endfacet
  facet normal -5.904949829e-02 9.935758114e-01 -9.654168785e-02
    outer loop
      vertex 5.594142131e-04 -4.919779021e-03 6.948572118e-04
      vertex 6.076279678e-04 -4.924618173e-03 6.155680167e-04
      vertex 2.886239599e-06 -4.990607034e-03 3.063180193e-04
    endloop
  endfacet
  facet normal -6.897705793e-02 9.957479239e-01 -6.105947122e-02
    outer loop
      vertex 2.886239599e-06 -4.990607034e-03 3.063180193e-04
      vertex 6.821447168e-04 -4.940921906e-03 3.492370888e-04
      vertex 6.820654380e-04 -4.946615081e-03 2.564882452e-04
    endloop
  endfacet
  facet normal -6.329096109e-02 9.974203706e-01 -3.386454657e-02
    outer loop
      vertex 2.886239599e-06 -4.990607034e-03 3.063180193e-04
      vertex 6.441871519e-04 -4.957756493e-03 7.532730524e-05
      vertex 6.070936215e-04 -4.962997045e-03 -9.710132872e-06
    endloop
  endfacet
  facet normal -6.642483175e-02 9.968798161e-01 -4.264199734e-02
    outer loop
      vertex 6.693338510e-04 -4.952261224e-03 1.646145101e-04
      vertex 6.441871519e-04 -4.957756493e-03 7.532730524e-05
      vertex 2.886239599e-06 -4.990607034e-03 3.063180193e-04
    endloop
  endfacet
  facet normal -6.833201647e-02 9.963188767e-01 -5.176353082e-02
    outer loop
      vertex 6.820654380e-04 -4.946615081e-03 2.564882452e-04
      vertex 6.693338510e-04 -4.952261224e-03 1.646145101e-04
      vertex 2.886239599e-06 -4.990607034e-03 3.063180193e-04
    endloop
  endfacet
  facet normal -4.722068086e-02 9.988219142e-01 -1.118258014e-02
    outer loop
      vertex 2.886239599e-06 -4.990607034e-03 3.063180193e-04
      vertex 5.000401288e-04 -4.972333554e-03 -1.608080493e-04
      vertex 4.320743028e-04 -4.976254422e-03 -2.240538306e-04
    endloop
  endfacet
  facet normal -5.359864607e-02 9.984005690e-01 -1.798701286e-02
    outer loop
      vertex 5.587444175e-04 -4.967886489e-03 -8.891372272e-05
      vertex 5.000401288e-04 -4.972333554e-03 -1.608080493e-04
      vertex 2.886239599e-06 -4.990607034e-03 3.063180193e-04
    endloop
  endfacet
  facet normal -5.898886919e-02 9.979304671e-01 -2.559490688e-02
    outer loop
      vertex 6.070936215e-04 -4.962997045e-03 -9.710132872e-06
      vertex 5.587444175e-04 -4.967886489e-03 -8.891372272e-05
      vertex 2.886239599e-06 -4.990607034e-03 3.063180193e-04
    endloop
  endfacet
  facet normal 5.789770558e-02 9.979916811e-01 -2.569855191e-02
    outer loop
      vertex -5.536954850e-04 -4.968469497e-03 -8.792731387e-05
      vertex -6.019092398e-04 -4.963630810e-03 -8.638096006e-06
      vertex 2.886239599e-06 -4.990607034e-03 3.063180193e-04
    endloop
  endfacet
  facet normal 6.719611585e-02 9.963898659e-01 -5.188370496e-02
    outer loop
      vertex 2.886239599e-06 -4.990607034e-03 3.063180193e-04
      vertex -6.638513878e-04 -4.952959716e-03 1.657966641e-04
      vertex -6.764259888e-04 -4.947326612e-03 2.576928528e-04
    endloop
  endfacet
  facet normal 6.213917211e-02 9.941471219e-01 -8.837569505e-02
    outer loop
      vertex -6.384684239e-04 -4.930492491e-03 5.316025927e-04
      vertex -6.013748934e-04 -4.925251473e-03 6.166400854e-04
      vertex 2.886239599e-06 -4.990607034e-03 3.063180193e-04
    endloop
  endfacet
  facet normal 2.227525599e-02 9.918471575e-01 -1.254711300e-01
    outer loop
      vertex -2.678525634e-04 -4.906008951e-03 9.270001901e-04
      vertex -1.802679762e-04 -4.904056899e-03 9.579822072e-04
      vertex 2.886239599e-06 -4.990607034e-03 3.063180193e-04
    endloop
  endfacet
  facet normal 9.527904987e-01 2.471175790e-01 -1.764175743e-01
    outer loop
      vertex -1.995514613e-03 -3.446182935e-03 3.023531986e-03
      vertex -1.987032359e-03 -3.722356865e-03 2.682491671e-03
      vertex -1.995902741e-03 -3.983936738e-03 2.268175595e-03
    endloop
  endfacet
  facet normal 4.369137064e-02 6.643795967e-02 -9.968335032e-01
    outer loop
      vertex -1.945922733e-03 -7.413068088e-04 4.545750562e-03
      vertex -1.995842671e-03 -1.844815270e-04 4.580674227e-03
      vertex -1.983260969e-03 -6.130670226e-05 4.589435179e-03
    endloop
  endfacet
  facet normal 7.897763848e-01 -3.712373599e-02 -6.122704148e-01
    outer loop
      vertex -1.983260969e-03 -6.130670226e-05 4.589435179e-03
      vertex -1.995842671e-03 -1.844815270e-04 4.580674227e-03
      vertex -1.996377949e-03 7.409996470e-04 4.523869138e-03
    endloop
  endfacet
  facet normal 3.755247593e-01 -7.898680568e-01 -4.848603606e-01
    outer loop
      vertex -1.999698346e-03 3.787781578e-03 2.579519060e-03
      vertex -1.991510158e-03 4.020183813e-03 2.207262907e-03
      vertex -1.639454276e-03 4.035583697e-03 2.454843139e-03
    endloop
  endfacet
  facet normal 4.099176526e-01 -8.199818730e-01 3.994961977e-01
    outer loop
      vertex -2.004022012e-03 4.049026407e-03 -2.142261481e-03
      vertex -1.902630785e-03 4.154442344e-03 -2.029927215e-03
      vertex -2.003849018e-03 4.182599951e-03 -1.868273248e-03
    endloop
  endfacet
  facet normal 5.440986156e-01 -5.716480017e-01 6.141459346e-01
    outer loop
      vertex -2.004687907e-03 2.765289275e-03 -3.651630133e-03
      vertex -1.903285272e-03 3.214081051e-03 -3.323731013e-03
      vertex -2.004483482e-03 3.444087226e-03 -3.019985044e-03
    endloop
  endfacet
  facet normal -3.503700793e-01 -6.030826569e-01 7.166115642e-01
    outer loop
      vertex 1.995310187e-03 2.767384984e-03 -3.655177075e-03
      vertex 1.894019078e-03 3.216070589e-03 -3.327098209e-03
      vertex 1.450999640e-03 3.201781306e-03 -3.555727424e-03
    endloop
  endfacet
  facet normal -3.746486008e-01 -7.250741720e-01 5.778458714e-01
    outer loop
      vertex 1.995514613e-03 3.446182935e-03 -3.023531986e-03
      vertex 1.987032359e-03 3.722356865e-03 -2.682491671e-03
      vertex 1.634976477e-03 3.706957214e-03 -2.930071903e-03
    endloop
  endfacet
  facet normal -3.930674493e-01 2.521906495e-01 -8.842498660e-01
    outer loop
      vertex 2.004520269e-03 -1.100357273e-03 4.446472041e-03
      vertex 2.004604554e-03 -1.410657191e-03 4.357936326e-03
      vertex 1.881640288e-03 -1.405531075e-03 4.414058290e-03
    endloop
  endfacet
  facet normal -3.185258806e-01 8.726694584e-01 -3.701206744e-01
    outer loop
      vertex 2.003849018e-03 -4.182599951e-03 1.868273248e-03
      vertex 2.003742615e-03 -4.250673577e-03 1.707861200e-03
      vertex 1.631034655e-03 -4.506211262e-03 1.426107367e-03
    endloop
  endfacet
  facet normal -3.384198844e-01 9.051470160e-01 2.572562993e-01
    outer loop
      vertex 2.001122106e-03 -4.385704640e-03 -1.327066566e-03
      vertex 1.899605850e-03 -4.371711519e-03 -1.509846305e-03
      vertex 1.457316102e-03 -4.659976345e-03 -1.077427645e-03
    endloop
  endfacet
  facet normal -4.926740825e-01 8.030995727e-01 3.351168334e-01
    outer loop
      vertex 1.899605850e-03 -4.371711519e-03 -1.509846305e-03
      vertex 2.001122106e-03 -4.385704640e-03 -1.327066566e-03
      vertex 2.000176348e-03 -4.029128235e-03 -2.182984026e-03
    endloop
  endfacet
  facet normal -3.393087983e-01 5.664604306e-01 7.509940863e-01
    outer loop
      vertex 1.766525907e-03 -2.544537885e-03 -3.924883902e-03
      vertex 1.625876292e-03 -3.106668824e-03 -3.564426443e-03
      vertex 1.998302061e-03 -2.842341317e-03 -3.595536808e-03
    endloop
  endfacet
  facet normal -3.548766077e-01 7.872871757e-01 -5.042236447e-01
    outer loop
      vertex 1.643699943e-03 -4.139750730e-03 2.271719743e-03
      vertex 1.995685510e-03 -3.720270470e-03 2.678960096e-03
      vertex 2.004095353e-03 -3.981841262e-03 2.264628652e-03
    endloop
  endfacet
  facet normal -3.378580809e-01 6.927531362e-01 -6.371381283e-01
    outer loop
      vertex 1.644053496e-03 -3.705239156e-03 2.927164314e-03
      vertex 1.903285272e-03 -3.214081051e-03 3.323731013e-03
      vertex 2.004483482e-03 -3.444087226e-03 3.019985044e-03
    endloop
  endfacet
  facet normal -3.355607688e-01 5.865918398e-01 -7.370949388e-01
    outer loop
      vertex 1.460657222e-03 -3.200255800e-03 3.553145565e-03
      vertex 1.632267726e-03 -2.647596179e-03 3.914835397e-03
      vertex 2.004687907e-03 -2.765289275e-03 3.651630133e-03
    endloop
  endfacet
  facet normal -4.050386846e-01 4.709352851e-01 -7.836859226e-01
    outer loop
      vertex 2.004687907e-03 -2.765289275e-03 3.651630133e-03
      vertex 1.632267726e-03 -2.647596179e-03 3.914835397e-03
      vertex 1.773472177e-03 -2.045616508e-03 4.203599412e-03
    endloop
  endfacet
  facet normal -3.575933278e-01 4.932931066e-01 -7.929621339e-01
    outer loop
      vertex 2.004687907e-03 -2.765289275e-03 3.651630133e-03
      vertex 1.773472177e-03 -2.045616508e-03 4.203599412e-03
      vertex 2.004707465e-03 -2.053467557e-03 4.094437696e-03
    endloop
  endfacet
  facet normal -3.775521815e-01 3.461880088e-01 -8.588411808e-01
    outer loop
      vertex 1.881640288e-03 -1.405531075e-03 4.414058290e-03
      vertex 2.004604554e-03 -1.410657191e-03 4.357936326e-03
      vertex 1.773472177e-03 -2.045616508e-03 4.203599412e-03
    endloop
  endfacet
  facet normal -3.687287867e-01 3.441081047e-01 -8.634979725e-01
    outer loop
      vertex 1.773472177e-03 -2.045616508e-03 4.203599412e-03
      vertex 2.004604554e-03 -1.410657191e-03 4.357936326e-03
      vertex 2.004700247e-03 -1.973236911e-03 4.133704584e-03
    endloop
  endfacet
  facet normal -3.786419630e-01 4.068397582e-01 -8.313312531e-01
    outer loop
      vertex 1.773472177e-03 -2.045616508e-03 4.203599412e-03
      vertex 2.004700247e-03 -1.973236911e-03 4.133704584e-03
      vertex 2.004707465e-03 -2.053467557e-03 4.094437696e-03
    endloop
  endfacet
  facet normal -2.346982956e-01 1.956372410e-01 -9.521779418e-01
    outer loop
      vertex 2.004520269e-03 -1.100357273e-03 4.446472041e-03
      vertex 1.881640288e-03 -1.405531075e-03 4.414058290e-03
      vertex 2.004397800e-03 -7.413699641e-04 4.520260729e-03
    endloop
  endfacet
  facet normal -3.885141015e-01 2.150822878e-01 -8.959890604e-01
    outer loop
      vertex 2.004397800e-03 -7.413699641e-04 4.520260729e-03
      vertex 1.881640288e-03 -1.405531075e-03 4.414058290e-03
      vertex 1.954756910e-03 -7.392632542e-04 4.542291630e-03
    endloop
  endfacet
  facet normal -4.006224275e-01 9.256057441e-02 -9.115559459e-01
    outer loop
      vertex 2.004397800e-03 -7.413699641e-04 4.520260729e-03
      vertex 1.954756910e-03 -7.392632542e-04 4.542291630e-03
      vertex 2.004155191e-03 -1.823858911e-04 4.577127285e-03
    endloop
  endfacet
  facet normal -4.552869871e-02 6.639121473e-02 -9.967544079e-01
    outer loop
      vertex 2.004155191e-03 -1.823858911e-04 4.577127285e-03
      vertex 1.954756910e-03 -7.392632542e-04 4.542291630e-03
      vertex 1.991460100e-03 -5.922430501e-05 4.585910589e-03
    endloop
  endfacet
  facet normal -7.908216715e-01 -3.795182705e-02 -6.108688712e-01
    outer loop
      vertex 2.004155191e-03 -1.823858911e-04 4.577127285e-03
      vertex 1.991460100e-03 -5.922430501e-05 4.585910589e-03
      vertex 2.003620146e-03 7.430952974e-04 4.520322662e-03
    endloop
  endfacet
  facet normal -7.908216715e-01 -3.795182705e-02 -6.108688712e-01
    outer loop
      vertex 1.991460100e-03 -5.922430501e-05 4.585910589e-03
      vertex 1.991066150e-03 6.219178322e-04 4.544103052e-03
      vertex 2.003620146e-03 7.430952974e-04 4.520322662e-03
    endloop
  endfacet
  facet normal -4.538166523e-02 -1.878453940e-01 -9.811496139e-01
    outer loop
      vertex 2.003620146e-03 7.430952974e-04 4.520322662e-03
      vertex 1.991066150e-03 6.219178322e-04 4.544103052e-03
      vertex 1.953582512e-03 1.291474793e-03 4.417647142e-03
    endloop
  endfacet
  facet normal -4.004510343e-01 -2.038079500e-01 -8.933651447e-01
    outer loop
      vertex 2.003620146e-03 7.430952974e-04 4.520322662e-03
      vertex 1.953582512e-03 1.291474793e-03 4.417647142e-03
      vertex 2.003222471e-03 1.290928689e-03 4.395520780e-03
    endloop
  endfacet
  facet normal -3.917889297e-01 -2.943568528e-01 -8.716968894e-01
    outer loop
      vertex 2.003222471e-03 1.290928689e-03 4.395520780e-03
      vertex 1.953582512e-03 1.291474793e-03 4.417647142e-03
      vertex 2.002936555e-03 1.638196991e-03 4.278382752e-03
    endloop
  endfacet
  facet normal -2.758106291e-01 -3.241977990e-01 -9.048891068e-01
    outer loop
      vertex 2.002936555e-03 1.638196991e-03 4.278382752e-03
      vertex 1.953582512e-03 1.291474793e-03 4.417647142e-03
      vertex 1.879707212e-03 1.936974120e-03 4.208899103e-03
    endloop
  endfacet
  facet normal -3.927140534e-01 -3.588915169e-01 -8.467423320e-01
    outer loop
      vertex 2.002936555e-03 1.638196991e-03 4.278382752e-03
      vertex 1.879707212e-03 1.936974120e-03 4.208899103e-03
      vertex 2.002669265e-03 1.935339882e-03 4.152562469e-03
    endloop
  endfacet
  facet normal -3.770922720e-01 -4.490579367e-01 -8.100298643e-01
    outer loop
      vertex 2.002669265e-03 1.935339882e-03 4.152562469e-03
      vertex 1.879707212e-03 1.936974120e-03 4.208899103e-03
      vertex 1.770816511e-03 2.546391217e-03 3.921747208e-03
    endloop
  endfacet
  facet normal -3.682709336e-01 -4.475529790e-01 -8.149066567e-01
    outer loop
      vertex 2.002669265e-03 1.935339882e-03 4.152562469e-03
      vertex 1.770816511e-03 2.546391217e-03 3.921747208e-03
      vertex 2.002132824e-03 2.466273494e-03 3.861212404e-03
    endloop
  endfacet
  facet normal -3.864487112e-01 -5.648770928e-01 -7.290893197e-01
    outer loop
      vertex 2.002132824e-03 2.466273494e-03 3.861212404e-03
      vertex 1.770816511e-03 2.546391217e-03 3.921747208e-03
      vertex 1.628938830e-03 3.108374076e-03 3.561540507e-03
    endloop
  endfacet
  facet normal -3.812109232e-01 -5.635827780e-01 -7.328388095e-01
    outer loop
      vertex 2.002132824e-03 2.466273494e-03 3.861212404e-03
      vertex 1.628938830e-03 3.108374076e-03 3.561540507e-03
      vertex 2.001370303e-03 3.098979127e-03 3.375032684e-03
    endloop
  endfacet
  facet normal -9.530636668e-01 -2.667385042e-01 -1.432487369e-01
    outer loop
      vertex 2.000299748e-03 3.789877053e-03 2.575972117e-03
      vertex 1.991207711e-03 4.022270441e-03 2.203731332e-03
      vertex 1.999345375e-03 4.231215455e-03 1.760520157e-03
    endloop
  endfacet
  facet normal -3.539334834e-01 -8.434509039e-01 -4.041307271e-01
    outer loop
      vertex 1.999345375e-03 4.231215455e-03 1.760520157e-03
      vertex 1.991207711e-03 4.022270441e-03 2.203731332e-03
      vertex 1.638767775e-03 4.388391972e-03 1.748271636e-03
    endloop
  endfacet
  facet normal -3.652667701e-01 -8.648049831e-01 -3.445178270e-01
    outer loop
      vertex 1.999345375e-03 4.231215455e-03 1.760520157e-03
      vertex 1.638767775e-03 4.388391972e-03 1.748271636e-03
      vertex 1.999203349e-03 4.282931332e-03 1.630854909e-03
    endloop
  endfacet
  facet normal -3.638282418e-01 -8.684238791e-01 -3.368515372e-01
    outer loop
      vertex 1.999203349e-03 4.282931332e-03 1.630854909e-03
      vertex 1.638767775e-03 4.388391972e-03 1.748271636e-03
      vertex 1.897698618e-03 4.373700824e-03 1.506479224e-03
    endloop
  endfacet
  facet normal -4.089442492e-01 -8.631557226e-01 -2.961870432e-01
    outer loop
      vertex 1.999203349e-03 4.282931332e-03 1.630854909e-03
      vertex 1.897698618e-03 4.373700824e-03 1.506479224e-03
      vertex 1.998895779e-03 4.381994251e-03 1.342587755e-03
    endloop
  endfacet
  facet normal -3.458051682e-01 -9.107089043e-01 -2.258939594e-01
    outer loop
      vertex 1.454340876e-03 4.661501851e-03 1.074845903e-03
      vertex 1.625740086e-03 4.648671020e-03 8.641906898e-04
      vertex 1.998722320e-03 4.429938737e-03 1.175054582e-03
    endloop
  endfacet
  facet normal -3.833365440e-01 -9.063361287e-01 -1.777861267e-01
    outer loop
      vertex 1.998722320e-03 4.429938737e-03 1.175054582e-03
      vertex 1.625740086e-03 4.648671020e-03 8.641906898e-04
      vertex 1.766805653e-03 4.634513520e-03 6.322036497e-04
    endloop
  endfacet
  facet normal -3.187330067e-01 -9.238362312e-01 -2.119809687e-01
    outer loop
      vertex 1.998722320e-03 4.429938737e-03 1.175054582e-03
      vertex 1.766805653e-03 4.634513520e-03 6.322036497e-04
      vertex 1.998418011e-03 4.499370698e-03 8.729198598e-04
    endloop
  endfacet
  facet normal -4.042582214e-01 -9.067275524e-01 -1.200851947e-01
    outer loop
      vertex 1.998418011e-03 4.499370698e-03 8.729198598e-04
      vertex 1.766805653e-03 4.634513520e-03 6.322036497e-04
      vertex 1.874909620e-03 4.619292915e-03 3.832060320e-04
    endloop
  endfacet
  facet normal -3.746846020e-01 -9.179517031e-01 -1.302924007e-01
    outer loop
      vertex 1.998418011e-03 4.499370698e-03 8.729198598e-04
      vertex 1.874909620e-03 4.619292915e-03 3.832060320e-04
      vertex 1.997976098e-03 4.564782139e-03 4.133444454e-04
    endloop
  endfacet
  facet normal -3.933398724e-01 -9.178137779e-01 -5.386654288e-02
    outer loop
      vertex 1.997976098e-03 4.564782139e-03 4.133444454e-04
      vertex 1.874909620e-03 4.619292915e-03 3.832060320e-04
      vertex 1.948038116e-03 4.603292327e-03 1.218362886e-04
    endloop
  endfacet
  facet normal -4.749756157e-01 -8.793107867e-01 -3.479510918e-02
    outer loop
      vertex 1.997976098e-03 4.564782139e-03 4.133444454e-04
      vertex 1.948038116e-03 4.603292327e-03 1.218362886e-04
      vertex 1.997555140e-03 4.583364353e-03 -5.049064930e-05
    endloop
  endfacet
  facet normal -3.395814300e-01 -9.405101538e-01 1.118671708e-02
    outer loop
      vertex 1.948038116e-03 4.603292327e-03 1.218362886e-04
      vertex 1.984829083e-03 4.586810712e-03 -1.470367133e-04
      vertex 1.997555140e-03 4.583364353e-03 -5.049064930e-05
    endloop
  endfacet
  facet normal -5.947740078e-01 -8.023516536e-01 4.975613579e-02
    outer loop
      vertex 1.997555140e-03 4.583364353e-03 -5.049064930e-05
      vertex 1.984829083e-03 4.586810712e-03 -1.470367133e-04
      vertex 1.984597184e-03 4.570154008e-03 -4.184044374e-04
    endloop
  endfacet
  facet normal -5.947740078e-01 -8.023516536e-01 4.975613579e-02
    outer loop
      vertex 1.997555140e-03 4.583364353e-03 -5.049064930e-05
      vertex 1.984597184e-03 4.570154008e-03 -4.184044374e-04
      vertex 1.997159095e-03 4.554925021e-03 -5.138257984e-04
    endloop
  endfacet
  facet normal -3.395017087e-01 -9.347827435e-01 1.044979542e-01
    outer loop
      vertex 1.997159095e-03 4.554925021e-03 -5.138257984e-04
      vertex 1.984597184e-03 4.570154008e-03 -4.184044374e-04
      vertex 1.947346842e-03 4.553633742e-03 -6.872118101e-04
    endloop
  endfacet
  facet normal -4.748237729e-01 -8.684051633e-01 1.428805292e-01
    outer loop
      vertex 1.997159095e-03 4.554925021e-03 -5.138257984e-04
      vertex 1.947346842e-03 4.553633742e-03 -6.872118101e-04
      vertex 1.996792387e-03 4.479756579e-03 -9.719065856e-04
    endloop
  endfacet
  facet normal -3.630712926e-01 -8.897713423e-01 2.765613794e-01
    outer loop
      vertex 1.623780467e-03 4.507916514e-03 -1.428993419e-03
      vertex 1.996458508e-03 4.358630627e-03 -1.420032582e-03
      vertex 1.765242196e-03 4.522222094e-03 -1.197256963e-03
    endloop
  endfacet
  facet normal -3.960078955e-01 -8.863624334e-01 2.398736030e-01
    outer loop
      vertex 1.765242196e-03 4.522222094e-03 -1.197256963e-03
      vertex 1.996458508e-03 4.358630627e-03 -1.420032582e-03
      vertex 1.996792387e-03 4.479756579e-03 -9.719065856e-04
    endloop
  endfacet
  facet normal -3.798777461e-01 -8.982339501e-01 2.210625857e-01
    outer loop
      vertex 1.765242196e-03 4.522222094e-03 -1.197256963e-03
      vertex 1.996792387e-03 4.479756579e-03 -9.719065856e-04
      vertex 1.873771660e-03 4.537556320e-03 -9.484514594e-04
    endloop
  endfacet
  facet normal -3.931516409e-01 -9.042952657e-01 1.663786173e-01
    outer loop
      vertex 1.873771660e-03 4.537556320e-03 -9.484514594e-04
      vertex 1.996792387e-03 4.479756579e-03 -9.719065856e-04
      vertex 1.947346842e-03 4.553633742e-03 -6.872118101e-04
    endloop
  endfacet
  facet normal -3.514480889e-01 -8.719354272e-01 3.409000337e-01
    outer loop
      vertex 1.452021417e-03 4.494906403e-03 -1.639344380e-03
      vertex 1.996149076e-03 4.184695892e-03 -1.871820074e-03
      vertex 1.623780467e-03 4.507916514e-03 -1.428993419e-03
    endloop
  endfacet
  facet normal -3.169544339e-01 -8.730023503e-01 3.706841767e-01
    outer loop
      vertex 1.623780467e-03 4.507916514e-03 -1.428993419e-03
      vertex 1.996149076e-03 4.184695892e-03 -1.871820074e-03
      vertex 1.996255480e-03 4.252769519e-03 -1.711408026e-03
    endloop
  endfacet
  facet normal -3.590314388e-01 -8.771431446e-01 3.189300001e-01
    outer loop
      vertex 1.623780467e-03 4.507916514e-03 -1.428993419e-03
      vertex 1.996255480e-03 4.252769519e-03 -1.711408026e-03
      vertex 1.996458508e-03 4.358630627e-03 -1.420032582e-03
    endloop
  endfacet
  facet normal -3.522823453e-01 -8.202864528e-01 4.505855143e-01
    outer loop
      vertex 1.995976083e-03 4.051121883e-03 -2.145808190e-03
      vertex 1.894673682e-03 4.156431649e-03 -2.033294411e-03
      vertex 1.995902741e-03 3.983936738e-03 -2.268175595e-03
    endloop
  endfacet
  facet normal -3.654789329e-01 -8.183751106e-01 4.434944093e-01
    outer loop
      vertex 1.995902741e-03 3.983936738e-03 -2.268175595e-03
      vertex 1.894673682e-03 4.156431649e-03 -2.033294411e-03
      vertex 1.635330031e-03 4.141469020e-03 -2.274627332e-03
    endloop
  endfacet
  facet normal -3.336382210e-01 -5.869424343e-01 7.376883626e-01
    outer loop
      vertex 1.450999640e-03 3.201781306e-03 -3.555727424e-03
      vertex 1.622547396e-03 2.649301430e-03 -3.917721566e-03
      vertex 1.995310187e-03 2.767384984e-03 -3.655177075e-03
    endloop
  endfacet
  facet normal -4.031545818e-01 -4.713587165e-01 7.844025493e-01
    outer loop
      vertex 1.995310187e-03 2.767384984e-03 -3.655177075e-03
      vertex 1.622547396e-03 2.649301430e-03 -3.917721566e-03
      vertex 1.763870241e-03 2.047469607e-03 -4.206736106e-03
    endloop
  endfacet
  facet normal -3.556694090e-01 -4.936667681e-01 7.935945988e-01
    outer loop
      vertex 1.995310187e-03 2.767384984e-03 -3.655177075e-03
      vertex 1.763870241e-03 2.047469607e-03 -4.206736106e-03
      vertex 1.995290397e-03 2.055563265e-03 -4.097984638e-03
    endloop
  endfacet
  facet normal -3.756655455e-01 -3.465826511e-01 8.595091105e-01
    outer loop
      vertex 1.872335561e-03 1.407497912e-03 -4.417387303e-03
      vertex 1.995393541e-03 1.412752783e-03 -4.361483268e-03
      vertex 1.763870241e-03 2.047469607e-03 -4.206736106e-03
    endloop
  endfacet
  facet normal -3.668361008e-01 -3.444934785e-01 8.641501665e-01
    outer loop
      vertex 1.763870241e-03 2.047469607e-03 -4.206736106e-03
      vertex 1.995393541e-03 1.412752783e-03 -4.361483268e-03
      vertex 1.995297614e-03 1.975332387e-03 -4.137251526e-03
    endloop
  endfacet
  facet normal -3.767405748e-01 -4.072355330e-01 8.320010900e-01
    outer loop
      vertex 1.763870241e-03 2.047469607e-03 -4.206736106e-03
      vertex 1.995297614e-03 1.975332387e-03 -4.137251526e-03
      vertex 1.995290397e-03 2.055563265e-03 -4.097984638e-03
    endloop
  endfacet
  facet normal -3.670020998e-01 5.466995239e-01 7.526148558e-01
    outer loop
      vertex 1.998302061e-03 -2.842341317e-03 -3.595536808e-03
      vertex 1.997949090e-03 -2.540307818e-03 -3.815106116e-03
      vertex 1.766525907e-03 -2.544537885e-03 -3.924883902e-03
    endloop
  endfacet
  facet normal -3.866186440e-01 4.637383223e-01 7.971654534e-01
    outer loop
      vertex 1.766525907e-03 -2.544537885e-03 -3.924883902e-03
      vertex 1.997949090e-03 -2.540307818e-03 -3.815106116e-03
      vertex 1.997450367e-03 -2.060717903e-03 -4.094341770e-03
    endloop
  endfacet
  facet normal -3.340111077e-01 4.495828152e-01 8.284394145e-01
    outer loop
      vertex 1.766525907e-03 -2.544537885e-03 -3.924883902e-03
      vertex 1.997450367e-03 -2.060717903e-03 -4.094341770e-03
      vertex 1.874268637e-03 -1.935007400e-03 -4.212227650e-03
    endloop
  endfacet
  facet normal -4.681673944e-01 3.153317571e-01 8.254605532e-01
    outer loop
      vertex 1.874268637e-03 -1.935007400e-03 -4.212227650e-03
      vertex 1.997450367e-03 -2.060717903e-03 -4.094341770e-03
      vertex 1.996702747e-03 -1.194685348e-03 -4.425596446e-03
    endloop
  endfacet
  facet normal -5.296110511e-01 3.146203458e-01 7.877348661e-01
    outer loop
      vertex 1.874268637e-03 -1.935007400e-03 -4.212227650e-03
      vertex 1.996702747e-03 -1.194685348e-03 -4.425596446e-03
      vertex 1.947097131e-03 -1.289431239e-03 -4.421106074e-03
    endloop
  endfacet
  facet normal -2.787542343e-01 1.905568689e-01 9.412673116e-01
    outer loop
      vertex 1.947097131e-03 -1.289431239e-03 -4.421106074e-03
      vertex 1.996702747e-03 -1.194685348e-03 -4.425596446e-03
      vertex 1.996298321e-03 -6.198510528e-04 -4.542089533e-03
    endloop
  endfacet
  facet normal -3.935848475e-01 1.913839430e-01 8.991457820e-01
    outer loop
      vertex 1.947097131e-03 -1.289431239e-03 -4.421106074e-03
      vertex 1.996298321e-03 -6.198510528e-04 -4.542089533e-03
      vertex 1.983654918e-03 -6.198354531e-04 -4.547627643e-03
    endloop
  endfacet
  facet normal -3.994773030e-01 9.000659734e-02 9.123139381e-01
    outer loop
      vertex 1.983654918e-03 -6.198354531e-04 -4.547627643e-03
      vertex 1.996298321e-03 -6.198510528e-04 -4.542089533e-03
      vertex 1.996090403e-03 -2.796994813e-04 -4.575739149e-03
    endloop
  endfacet
  facet normal 4.962728322e-01 5.347295851e-02 8.665182590e-01
    outer loop
      vertex 1.983654918e-03 -6.198354531e-04 -4.547627643e-03
      vertex 1.996090403e-03 -2.796994813e-04 -4.575739149e-03
      vertex 1.983260969e-03 6.130669499e-05 -4.589435179e-03
    endloop
  endfacet
  facet normal -6.228829622e-01 7.984614000e-03 7.822743058e-01
    outer loop
      vertex 1.983260969e-03 6.130669499e-05 -4.589435179e-03
      vertex 1.996090403e-03 -2.796994813e-04 -4.575739149e-03
      vertex 1.995842671e-03 1.844815270e-04 -4.580674227e-03
    endloop
  endfacet
  facet normal -4.369137064e-02 -6.643795967e-02 9.968335032e-01
    outer loop
      vertex 1.983260969e-03 6.130669499e-05 -4.589435179e-03
      vertex 1.995842671e-03 1.844815270e-04 -4.580674227e-03
      vertex 1.945922733e-03 7.413068088e-04 -4.545750562e-03
    endloop
  endfacet
  facet normal -3.989080191e-01 -9.297945350e-02 9.122648835e-01
    outer loop
      vertex 1.945922733e-03 7.413068088e-04 -4.545750562e-03
      vertex 1.995842671e-03 1.844815270e-04 -4.580674227e-03
      vertex 1.995600294e-03 7.434655563e-04 -4.523807671e-03
    endloop
  endfacet
  facet normal -3.866989613e-01 -2.154884189e-01 8.966764808e-01
    outer loop
      vertex 1.945922733e-03 7.413068088e-04 -4.545750562e-03
      vertex 1.995600294e-03 7.434655563e-04 -4.523807671e-03
      vertex 1.872335561e-03 1.407497912e-03 -4.417387303e-03
    endloop
  endfacet
  facet normal -2.328041941e-01 -1.958821714e-01 9.525924325e-01
    outer loop
      vertex 1.872335561e-03 1.407497912e-03 -4.417387303e-03
      vertex 1.995600294e-03 7.434655563e-04 -4.523807671e-03
      vertex 1.995477593e-03 1.102452865e-03 -4.450018983e-03
    endloop
  endfacet
  facet normal -3.912342191e-01 -2.526015341e-01 8.849453330e-01
    outer loop
      vertex 1.872335561e-03 1.407497912e-03 -4.417387303e-03
      vertex 1.995477593e-03 1.102452865e-03 -4.450018983e-03
      vertex 1.995393541e-03 1.412752783e-03 -4.361483268e-03
    endloop
  endfacet
  facet normal -4.947911203e-01 5.295373127e-02 8.673970699e-01
    outer loop
      vertex -1.991066150e-03 -6.219178322e-04 -4.544103052e-03
      vertex -1.991460100e-03 5.922430501e-05 -4.585910589e-03
      vertex -2.003907692e-03 -2.817951317e-04 -4.572192673e-03
    endloop
  endfacet
  facet normal 6.242605448e-01 8.638002910e-03 7.811684608e-01
    outer loop
      vertex -2.003907692e-03 -2.817951317e-04 -4.572192673e-03
      vertex -1.991460100e-03 5.922430501e-05 -4.585910589e-03
      vertex -2.004155191e-03 1.823858911e-04 -4.577127285e-03
    endloop
  endfacet
  facet normal 4.552869871e-02 -6.639121473e-02 9.967544079e-01
    outer loop
      vertex -2.004155191e-03 1.823858911e-04 -4.577127285e-03
      vertex -1.991460100e-03 5.922430501e-05 -4.585910589e-03
      vertex -1.954756910e-03 7.392631960e-04 -4.542291630e-03
    endloop
  endfacet
  facet normal 4.006224275e-01 -9.256057441e-02 9.115559459e-01
    outer loop
      vertex -2.004155191e-03 1.823858911e-04 -4.577127285e-03
      vertex -1.954756910e-03 7.392631960e-04 -4.542291630e-03
      vertex -2.004397800e-03 7.413699641e-04 -4.520260729e-03
    endloop
  endfacet
  facet normal 3.920662105e-01 -1.850896627e-01 9.011247754e-01
    outer loop
      vertex -2.004397800e-03 7.413699641e-04 -4.520260729e-03
      vertex -1.954756910e-03 7.392631960e-04 -4.542291630e-03
      vertex -2.004520269e-03 1.100357273e-03 -4.446472041e-03
    endloop
  endfacet
  facet normal 2.761200070e-01 -2.107809037e-01 9.377255440e-01
    outer loop
      vertex -2.004520269e-03 1.100357273e-03 -4.446472041e-03
      vertex -1.954756910e-03 7.392631960e-04 -4.542291630e-03
      vertex -1.881640288e-03 1.405531075e-03 -4.414058290e-03
    endloop
  endfacet
  facet normal 3.930674493e-01 -2.521906495e-01 8.842498660e-01
    outer loop
      vertex -2.004520269e-03 1.100357273e-03 -4.446472041e-03
      vertex -1.881640288e-03 1.405531075e-03 -4.414058290e-03
      vertex -2.004604554e-03 1.410657191e-03 -4.357936326e-03
    endloop
  endfacet
  facet normal 3.782058060e-01 -3.426940143e-01 8.599541783e-01
    outer loop
      vertex -2.004604554e-03 1.410657191e-03 -4.357936326e-03
      vertex -1.881640288e-03 1.405531075e-03 -4.414058290e-03
      vertex -2.004700247e-03 1.973236911e-03 -4.133704584e-03
    endloop
  endfacet
  facet normal 3.690490127e-01 -3.459898233e-01 8.626087308e-01
    outer loop
      vertex -2.004700247e-03 1.973236911e-03 -4.133704584e-03
      vertex -1.881640288e-03 1.405531075e-03 -4.414058290e-03
      vertex -1.773472177e-03 2.045616508e-03 -4.203599412e-03
    endloop
  endfacet
  facet normal 3.786419630e-01 -4.068397582e-01 8.313312531e-01
    outer loop
      vertex -2.004700247e-03 1.973236911e-03 -4.133704584e-03
      vertex -1.773472177e-03 2.045616508e-03 -4.203599412e-03
      vertex -2.004707465e-03 2.053467557e-03 -4.094437696e-03
    endloop
  endfacet
  facet normal 3.634920418e-01 -4.708594084e-01 8.038438559e-01
    outer loop
      vertex -2.004707465e-03 2.053467557e-03 -4.094437696e-03
      vertex -1.773472177e-03 2.045616508e-03 -4.203599412e-03
      vertex -1.632267726e-03 2.647596179e-03 -3.914835397e-03
    endloop
  endfacet
  facet normal 3.974817991e-01 -4.847012758e-01 7.791488171e-01
    outer loop
      vertex -2.004707465e-03 2.053467557e-03 -4.094437696e-03
      vertex -1.632267726e-03 2.647596179e-03 -3.914835397e-03
      vertex -2.004687907e-03 2.765289275e-03 -3.651630133e-03
    endloop
  endfacet
  facet normal 3.355607688e-01 -5.865918398e-01 7.370949388e-01
    outer loop
      vertex -2.004687907e-03 2.765289275e-03 -3.651630133e-03
      vertex -1.632267726e-03 2.647596179e-03 -3.914835397e-03
      vertex -1.460657222e-03 3.200255800e-03 -3.553145565e-03
    endloop
  endfacet
  facet normal 3.522720933e-01 -6.027145386e-01 7.159885168e-01
    outer loop
      vertex -2.004687907e-03 2.765289275e-03 -3.651630133e-03
      vertex -1.460657222e-03 3.200255800e-03 -3.553145565e-03
      vertex -1.903285272e-03 3.214081051e-03 -3.323731013e-03
    endloop
  endfacet
  facet normal 3.648048937e-01 -8.202893138e-01 4.405029118e-01
    outer loop
      vertex -1.902630785e-03 4.154442344e-03 -2.029927215e-03
      vertex -2.004022012e-03 4.049026407e-03 -2.142261481e-03
      vertex -1.643699943e-03 4.139750730e-03 -2.271719743e-03
    endloop
  endfacet
  facet normal 3.468383849e-01 -8.758474588e-01 3.355508447e-01
    outer loop
      vertex -1.459635445e-03 4.493380897e-03 -1.636762521e-03
      vertex -1.631034655e-03 4.506211262e-03 -1.426107367e-03
      vertex -2.003742615e-03 4.250673577e-03 -1.707861200e-03
    endloop
  endfacet
  facet normal 3.843680918e-01 -8.773477077e-01 2.872667015e-01
    outer loop
      vertex -2.003742615e-03 4.250673577e-03 -1.707861200e-03
      vertex -1.631034655e-03 4.506211262e-03 -1.426107367e-03
      vertex -1.772100222e-03 4.520369228e-03 -1.194120385e-03
    endloop
  endfacet
  facet normal 3.197823465e-01 -8.906089067e-01 3.233496249e-01
    outer loop
      vertex -2.003742615e-03 4.250673577e-03 -1.707861200e-03
      vertex -1.772100222e-03 4.520369228e-03 -1.194120385e-03
      vertex -2.003539586e-03 4.356535152e-03 -1.416485757e-03
    endloop
  endfacet
  facet normal 4.052942991e-01 -8.847687244e-01 2.300452888e-01
    outer loop
      vertex -2.003539586e-03 4.356535152e-03 -1.416485757e-03
      vertex -1.772100222e-03 4.520369228e-03 -1.194120385e-03
      vertex -1.880204189e-03 4.535589833e-03 -9.451227379e-04
    endloop
  endfacet
  facet normal 3.757329285e-01 -8.946943879e-01 2.415506393e-01
    outer loop
      vertex -2.003539586e-03 4.356535152e-03 -1.416485757e-03
      vertex -1.880204189e-03 4.535589833e-03 -9.451227379e-04
      vertex -2.003205707e-03 4.477660637e-03 -9.683597600e-04
    endloop
  endfacet
  facet normal 3.943934143e-01 -9.038826823e-01 1.656802893e-01
    outer loop
      vertex -2.003205707e-03 4.477660637e-03 -9.683597600e-04
      vertex -1.880204189e-03 4.535589833e-03 -9.451227379e-04
      vertex -1.953332685e-03 4.551589955e-03 -6.837529945e-04
    endloop
  endfacet
  facet normal 4.759860933e-01 -8.679070473e-01 1.420374364e-01
    outer loop
      vertex -2.003205707e-03 4.477660637e-03 -9.683597600e-04
      vertex -1.953332685e-03 4.551589955e-03 -6.837529945e-04
      vertex -2.002838999e-03 4.552829079e-03 -5.102789728e-04
    endloop
  endfacet
  facet normal 3.406657875e-01 -9.344263673e-01 1.038948447e-01
    outer loop
      vertex -2.002838999e-03 4.552829079e-03 -5.102789728e-04
      vertex -1.953332685e-03 4.551589955e-03 -6.837529945e-04
      vertex -1.990123885e-03 4.568072036e-03 -4.148799926e-04
    endloop
  endfacet
  facet normal 5.957016945e-01 -8.017279506e-01 4.870052636e-02
    outer loop
      vertex -2.002838999e-03 4.552829079e-03 -5.102789728e-04
      vertex -1.990123885e-03 4.568072036e-03 -4.148799926e-04
      vertex -2.002442954e-03 4.581268411e-03 -4.694380550e-05
    endloop
  endfacet
  facet normal 5.957016945e-01 -8.017279506e-01 4.870052636e-02
    outer loop
      vertex -1.990123885e-03 4.568072036e-03 -4.148799926e-04
      vertex -1.989891985e-03 4.584728274e-03 -1.435122831e-04
      vertex -2.002442954e-03 4.581268411e-03 -4.694380550e-05
    endloop
  endfacet
  facet normal 3.405860364e-01 -9.401537776e-01 1.058360469e-02
    outer loop
      vertex -2.002442954e-03 4.581268411e-03 -4.694380550e-05
      vertex -1.989891985e-03 4.584728274e-03 -1.435122831e-04
      vertex -1.952641411e-03 4.601249006e-03 1.252950751e-04
    endloop
  endfacet
  facet normal 4.758342505e-01 -8.788126707e-01 -3.563820198e-02
    outer loop
      vertex -2.002442954e-03 4.581268411e-03 -4.694380550e-05
      vertex -1.952641411e-03 4.601249006e-03 1.252950751e-04
      vertex -2.002021996e-03 4.562686663e-03 4.168913001e-04
    endloop
  endfacet
  facet normal 3.641158938e-01 -9.164959788e-01 -1.656946540e-01
    outer loop
      vertex -1.629075035e-03 4.646965768e-03 8.670767420e-04
      vertex -2.001580084e-03 4.497275222e-03 8.764667436e-04
      vertex -1.770536765e-03 4.632660188e-03 6.353402277e-04
    endloop
  endfacet
  facet normal 3.970459700e-01 -9.085879326e-01 -1.297014952e-01
    outer loop
      vertex -1.770536765e-03 4.632660188e-03 6.353402277e-04
      vertex -2.001580084e-03 4.497275222e-03 8.764667436e-04
      vertex -2.002021996e-03 4.562686663e-03 4.168913001e-04
    endloop
  endfacet
  facet normal 3.809281886e-01 -9.180883765e-01 -1.095786989e-01
    outer loop
      vertex -1.770536765e-03 4.632660188e-03 6.353402277e-04
      vertex -2.002021996e-03 4.562686663e-03 4.168913001e-04
      vertex -1.879066229e-03 4.617325962e-03 3.865347244e-04
    endloop
  endfacet
  facet normal 3.942052126e-01 -9.174011946e-01 -5.456487089e-02
    outer loop
      vertex -1.879066229e-03 4.617325962e-03 3.865347244e-04
      vertex -2.002021996e-03 4.562686663e-03 4.168913001e-04
      vertex -1.952641411e-03 4.601249006e-03 1.252950751e-04
    endloop
  endfacet
  facet normal 3.524767160e-01 -9.066758156e-01 -2.317308336e-01
    outer loop
      vertex -1.457316102e-03 4.659976345e-03 1.077427645e-03
      vertex -2.001102082e-03 4.379898310e-03 1.346134581e-03
      vertex -1.629075035e-03 4.646965768e-03 8.670767420e-04
    endloop
  endfacet
  facet normal 3.179864287e-01 -9.114169478e-01 -2.611584663e-01
    outer loop
      vertex -1.629075035e-03 4.646965768e-03 8.670767420e-04
      vertex -2.001102082e-03 4.379898310e-03 1.346134581e-03
      vertex -2.001275774e-03 4.427843262e-03 1.178601407e-03
    endloop
  endfacet
  facet normal 3.600645363e-01 -9.091488123e-01 -2.092893422e-01
    outer loop
      vertex -1.629075035e-03 4.646965768e-03 8.670767420e-04
      vertex -2.001275774e-03 4.427843262e-03 1.178601407e-03
      vertex -2.001580084e-03 4.497275222e-03 8.764667436e-04
    endloop
  endfacet
  facet normal 3.532592356e-01 -8.688277602e-01 -3.469095230e-01
    outer loop
      vertex -2.000794746e-03 4.280835390e-03 1.634401735e-03
      vertex -1.899605850e-03 4.371711519e-03 1.509846305e-03
      vertex -2.000652719e-03 4.229119979e-03 1.764066983e-03
    endloop
  endfacet
  facet normal 3.664530814e-01 -8.660483956e-01 -3.401063383e-01
    outer loop
      vertex -2.000652719e-03 4.229119979e-03 1.764066983e-03
      vertex -1.899605850e-03 4.371711519e-03 1.509846305e-03
      vertex -1.640262199e-03 4.386674147e-03 1.751179108e-03
    endloop
  endfacet
  facet normal 3.915876448e-01 -3.584806025e-01 -8.474377990e-01
    outer loop
      vertex -1.997061539e-03 1.636101399e-03 4.281929694e-03
      vertex -1.997328829e-03 1.933244173e-03 4.156109411e-03
      vertex -1.874268637e-03 1.935007400e-03 4.212227650e-03
    endloop
  endfacet
  facet normal 3.767768443e-01 -4.453317225e-01 -8.122307658e-01
    outer loop
      vertex -1.874268637e-03 1.935007400e-03 4.212227650e-03
      vertex -1.997328829e-03 1.933244173e-03 4.156109411e-03
      vertex -1.997865271e-03 2.464177785e-03 3.864759114e-03
    endloop
  endfacet
  facet normal 3.676158786e-01 -4.489265084e-01 -8.144468069e-01
    outer loop
      vertex -1.874268637e-03 1.935007400e-03 4.212227650e-03
      vertex -1.997865271e-03 2.464177785e-03 3.864759114e-03
      vertex -1.766525907e-03 2.544537885e-03 3.924883902e-03
    endloop
  endfacet
  facet normal 3.854189217e-01 -5.619376898e-01 -7.319004536e-01
    outer loop
      vertex -1.766525907e-03 2.544537885e-03 3.924883902e-03
      vertex -1.997865271e-03 2.464177785e-03 3.864759114e-03
      vertex -1.998627791e-03 3.096883418e-03 3.378579626e-03
    endloop
  endfacet
  facet normal 3.800423443e-01 -5.647991300e-01 -7.325091958e-01
    outer loop
      vertex -1.766525907e-03 2.544537885e-03 3.924883902e-03
      vertex -1.998627791e-03 3.096883418e-03 3.378579626e-03
      vertex -1.625876292e-03 3.106668824e-03 3.564426443e-03
    endloop
  endfacet
  facet normal 3.558078408e-01 -6.412224174e-01 -6.798783541e-01
    outer loop
      vertex -1.625876292e-03 3.106668824e-03 3.564426443e-03
      vertex -1.998627791e-03 3.096883418e-03 3.378579626e-03
      vertex -1.998756314e-03 3.191327909e-03 3.289437620e-03
    endloop
  endfacet
  facet normal 3.343665302e-01 -6.723688245e-01 -6.603931785e-01
    outer loop
      vertex -1.625876292e-03 3.106668824e-03 3.564426443e-03
      vertex -1.998756314e-03 3.191327909e-03 3.289437620e-03
      vertex -1.454939716e-03 3.610928077e-03 3.137570573e-03
    endloop
  endfacet
  facet normal 3.511154652e-01 -6.857909560e-01 -6.375018954e-01
    outer loop
      vertex -1.454939716e-03 3.610928077e-03 3.137570573e-03
      vertex -1.998756314e-03 3.191327909e-03 3.289437620e-03
      vertex -1.897959155e-03 3.596638795e-03 2.908941358e-03
    endloop
  endfacet
  facet normal 2.330971360e-01 -3.106426299e-01 -9.215025306e-01
    outer loop
      vertex -1.997061539e-03 1.636101399e-03 4.281929694e-03
      vertex -1.874268637e-03 1.935007400e-03 4.212227650e-03
      vertex -1.996775623e-03 1.288832980e-03 4.399067722e-03
    endloop
  endfacet
  facet normal 3.870104253e-01 -3.230859935e-01 -8.636193275e-01
    outer loop
      vertex -1.996775623e-03 1.288832980e-03 4.399067722e-03
      vertex -1.874268637e-03 1.935007400e-03 4.212227650e-03
      vertex -1.947097131e-03 1.289431239e-03 4.421106074e-03
    endloop
  endfacet
  facet normal 3.990794122e-01 -2.033890784e-01 -8.940740824e-01
    outer loop
      vertex -1.996775623e-03 1.288832980e-03 4.399067722e-03
      vertex -1.947097131e-03 1.289431239e-03 4.421106074e-03
      vertex -1.996377949e-03 7.409996470e-04 4.523869138e-03
    endloop
  endfacet
  facet normal 4.383840412e-02 -1.877986491e-01 -9.812287688e-01
    outer loop
      vertex -1.996377949e-03 7.409996470e-04 4.523869138e-03
      vertex -1.947097131e-03 1.289431239e-03 4.421106074e-03
      vertex -1.983654918e-03 6.198354531e-04 4.547627643e-03
    endloop
  endfacet
  facet normal 7.897763848e-01 -3.712373599e-02 -6.122704148e-01
    outer loop
      vertex -1.996377949e-03 7.409996470e-04 4.523869138e-03
      vertex -1.983654918e-03 6.198354531e-04 4.547627643e-03
      vertex -1.983260969e-03 -6.130670226e-05 4.589435179e-03
    endloop
  endfacet
  facet normal 2.742355764e-01 2.110692412e-01 -9.382135272e-01
    outer loop
      vertex -1.872335561e-03 -1.407497912e-03 4.417387303e-03
      vertex -1.995477593e-03 -1.102452865e-03 4.450018983e-03
      vertex -1.945922733e-03 -7.413068088e-04 4.545750562e-03
    endloop
  endfacet
  facet normal 3.902733624e-01 1.854995340e-01 -9.018185139e-01
    outer loop
      vertex -1.945922733e-03 -7.413068088e-04 4.545750562e-03
      vertex -1.995477593e-03 -1.102452865e-03 4.450018983e-03
      vertex -1.995600294e-03 -7.434655563e-04 4.523807671e-03
    endloop
  endfacet
  facet normal 3.989080191e-01 9.297945350e-02 -9.122648835e-01
    outer loop
      vertex -1.945922733e-03 -7.413068088e-04 4.545750562e-03
      vertex -1.995600294e-03 -7.434655563e-04 4.523807671e-03
      vertex -1.995842671e-03 -1.844815270e-04 4.580674227e-03
    endloop
  endfacet
  facet normal 3.645892441e-01 8.161412477e-01 -4.483169913e-01
    outer loop
      vertex -1.995976083e-03 -4.051121883e-03 2.145808190e-03
      vertex -1.995902741e-03 -3.983936738e-03 2.268175595e-03
      vertex -1.635330031e-03 -4.141469020e-03 2.274627332e-03
    endloop
  endfacet
  facet normal 3.182750642e-01 8.909432292e-01 -3.239153922e-01
    outer loop
      vertex -1.765242196e-03 -4.522222094e-03 1.197256963e-03
      vertex -1.996458508e-03 -4.358630627e-03 1.420032582e-03
      vertex -1.996255480e-03 -4.252769519e-03 1.711408026e-03
    endloop
  endfacet
  facet normal 5.947740078e-01 8.023516536e-01 -4.975613579e-02
    outer loop
      vertex -1.997159095e-03 -4.554925021e-03 5.138257984e-04
      vertex -1.984597184e-03 -4.570154008e-03 4.184044374e-04
      vertex -1.984829083e-03 -4.586810712e-03 1.470366988e-04
    endloop
  endfacet
  facet normal 5.947740078e-01 8.023516536e-01 -4.975613579e-02
    outer loop
      vertex -1.997159095e-03 -4.554925021e-03 5.138257984e-04
      vertex -1.984829083e-03 -4.586810712e-03 1.470366988e-04
      vertex -1.997555140e-03 -4.583364353e-03 5.049064202e-05
    endloop
  endfacet
  facet normal 3.395814300e-01 9.405101538e-01 -1.118671708e-02
    outer loop
      vertex -1.997555140e-03 -4.583364353e-03 5.049064202e-05
      vertex -1.984829083e-03 -4.586810712e-03 1.470366988e-04
      vertex -1.948038116e-03 -4.603292327e-03 -1.218362959e-04
    endloop
  endfacet
  facet normal 4.749756157e-01 8.793107867e-01 3.479510918e-02
    outer loop
      vertex -1.997555140e-03 -4.583364353e-03 5.049064202e-05
      vertex -1.948038116e-03 -4.603292327e-03 -1.218362959e-04
      vertex -1.997976098e-03 -4.564782139e-03 -4.133444454e-04
    endloop
  endfacet
  facet normal 3.933398724e-01 9.178137779e-01 5.386654288e-02
    outer loop
      vertex -1.948038116e-03 -4.603292327e-03 -1.218362959e-04
      vertex -1.874909620e-03 -4.619292915e-03 -3.832060320e-04
      vertex -1.997976098e-03 -4.564782139e-03 -4.133444454e-04
    endloop
  endfacet
  facet normal 3.801597059e-01 9.184870720e-01 1.089038327e-01
    outer loop
      vertex -1.997976098e-03 -4.564782139e-03 -4.133444454e-04
      vertex -1.874909620e-03 -4.619292915e-03 -3.832060320e-04
      vertex -1.766805653e-03 -4.634513520e-03 -6.322036497e-04
    endloop
  endfacet
  facet normal 3.963231146e-01 9.090035558e-01 1.289980114e-01
    outer loop
      vertex -1.997976098e-03 -4.564782139e-03 -4.133444454e-04
      vertex -1.766805653e-03 -4.634513520e-03 -6.322036497e-04
      vertex -1.998418011e-03 -4.499370698e-03 -8.729198598e-04
    endloop
  endfacet
  facet normal 3.939898908e-01 7.130104303e-01 5.799897909e-01
    outer loop
      vertex -2.000774723e-03 -3.509651870e-03 -2.946055960e-03
      vertex -2.000630600e-03 -3.599006217e-03 -2.836306114e-03
      vertex -1.899345312e-03 -3.598628333e-03 -2.905574394e-03
    endloop
  endfacet
  facet normal 3.517084420e-01 7.793785334e-01 5.185270309e-01
    outer loop
      vertex -1.899345312e-03 -3.598628333e-03 -2.905574394e-03
      vertex -2.000630600e-03 -3.599006217e-03 -2.836306114e-03
      vertex -1.999873202e-03 -4.007114097e-03 -2.223407850e-03
    endloop
  endfacet
  facet normal 3.307573497e-01 5.551685691e-01 7.631431222e-01
    outer loop
      vertex -2.002049005e-03 -2.542403527e-03 -3.811559407e-03
      vertex -2.001696033e-03 -2.844437025e-03 -3.591990098e-03
      vertex -1.628938830e-03 -3.108374076e-03 -3.561540507e-03
    endloop
  endfacet
  facet normal 4.010000825e-01 9.042597562e-02 9.116041064e-01
    outer loop
      vertex -2.003907692e-03 -2.817951317e-04 -4.572192673e-03
      vertex -2.003699774e-03 -6.219466450e-04 -4.538543057e-03
      vertex -1.991066150e-03 -6.219178322e-04 -4.544103052e-03
    endloop
  endfacet
  facet normal 3.956959248e-01 1.826745421e-01 9.000304341e-01
    outer loop
      vertex -1.991066150e-03 -6.219178322e-04 -4.544103052e-03
      vertex -2.003699774e-03 -6.219466450e-04 -4.538543057e-03
      vertex -2.003295347e-03 -1.196781057e-03 -4.422049504e-03
    endloop
  endfacet
  facet normal 2.850030363e-01 1.932692379e-01 9.388398528e-01
    outer loop
      vertex -1.991066150e-03 -6.219178322e-04 -4.544103052e-03
      vertex -2.003295347e-03 -1.196781057e-03 -4.422049504e-03
      vertex -1.953582512e-03 -1.291474793e-03 -4.417647142e-03
    endloop
  endfacet
  facet normal 5.136543512e-01 3.069100678e-01 8.012274504e-01
    outer loop
      vertex -1.953582512e-03 -1.291474793e-03 -4.417647142e-03
      vertex -2.003295347e-03 -1.196781057e-03 -4.422049504e-03
      vertex -2.002547728e-03 -2.062813379e-03 -4.090795293e-03
    endloop
  endfacet
  facet normal 4.654209614e-01 3.201180995e-01 8.251713514e-01
    outer loop
      vertex -1.953582512e-03 -1.291474793e-03 -4.417647142e-03
      vertex -2.002547728e-03 -2.062813379e-03 -4.090795293e-03
      vertex -1.879707212e-03 -1.936974120e-03 -4.208899103e-03
    endloop
  endfacet
  facet normal 3.004747033e-01 4.801470339e-01 8.241199851e-01
    outer loop
      vertex -1.879707212e-03 -1.936974120e-03 -4.208899103e-03
      vertex -2.002547728e-03 -2.062813379e-03 -4.090795293e-03
      vertex -2.002049005e-03 -2.542403527e-03 -3.811559407e-03
    endloop
  endfacet
  facet normal 3.907649517e-01 4.485648870e-01 8.037986755e-01
    outer loop
      vertex -1.879707212e-03 -1.936974120e-03 -4.208899103e-03
      vertex -2.002049005e-03 -2.542403527e-03 -3.811559407e-03
      vertex -1.770816511e-03 -2.546391217e-03 -3.921747208e-03
    endloop
  endfacet
  facet normal 3.625578284e-01 5.660650134e-01 7.403527498e-01
    outer loop
      vertex -1.770816511e-03 -2.546391217e-03 -3.921747208e-03
      vertex -2.002049005e-03 -2.542403527e-03 -3.811559407e-03
      vertex -1.628938830e-03 -3.108374076e-03 -3.561540507e-03
    endloop
  endfacet
  facet normal 1.535881758e-01 9.220712185e-01 -3.552398980e-01
    outer loop
      vertex -1.030914485e-03 -4.473711364e-03 1.980686560e-03
      vertex -5.336017930e-04 -4.730021581e-03 1.530414098e-03
      vertex -6.971476250e-04 -4.735296592e-03 1.446012873e-03
    endloop
  endfacet
  facet normal 9.309287369e-02 9.661076069e-01 -2.407691926e-01
    outer loop
      vertex -6.971476250e-04 -4.735296592e-03 1.446012873e-03
      vertex -5.336017930e-04 -4.730021581e-03 1.530414098e-03
      vertex -2.678525634e-04 -4.906008951e-03 9.270001901e-04
    endloop
  endfacet
  facet normal 9.309289604e-02 9.661076069e-01 -2.407691777e-01
    outer loop
      vertex -6.971476250e-04 -4.735296592e-03 1.446012873e-03
      vertex -2.678525634e-04 -4.906008951e-03 9.270001901e-04
      vertex -3.503942862e-04 -4.908671137e-03 8.844028343e-04
    endloop
  endfacet
  facet normal 3.084131144e-02 9.920794964e-01 -1.217663288e-01
    outer loop
      vertex -3.503942862e-04 -4.908671137e-03 8.844028343e-04
      vertex -2.678525634e-04 -4.906008951e-03 9.270001901e-04
      vertex 2.886239599e-06 -4.990607034e-03 3.063180193e-04
    endloop
  endfacet
  facet normal 3.225093484e-01 9.348666668e-01 -1.483644694e-01
    outer loop
      vertex -1.947346842e-03 -4.553633742e-03 6.872117519e-04
      vertex -1.267929561e-03 -4.778532311e-03 7.469845004e-04
      vertex -1.317754621e-03 -4.789419472e-03 5.700733163e-04
    endloop
  endfacet
  facet normal 1.957374960e-01 9.738827348e-01 -1.150617376e-01
    outer loop
      vertex -1.317754621e-03 -4.789419472e-03 5.700733163e-04
      vertex -1.267929561e-03 -4.778532311e-03 7.469845004e-04
      vertex -6.384684239e-04 -4.930492491e-03 5.316025927e-04
    endloop
  endfacet
  facet normal 1.957375109e-01 9.738827944e-01 -1.150616631e-01
    outer loop
      vertex -1.317754621e-03 -4.789419472e-03 5.700733163e-04
      vertex -6.384684239e-04 -4.930492491e-03 5.316025927e-04
      vertex -6.636151229e-04 -4.935987294e-03 4.423154169e-04
    endloop
  endfacet
  facet normal 6.527303904e-02 9.946876764e-01 -7.959824800e-02
    outer loop
      vertex -6.636151229e-04 -4.935987294e-03 4.423154169e-04
      vertex -6.384684239e-04 -4.930492491e-03 5.316025927e-04
      vertex 2.886239599e-06 -4.990607034e-03 3.063180193e-04
    endloop
  endfacet
  facet normal 2.033459842e-01 9.772571325e-01 -6.015723199e-02
    outer loop
      vertex -1.342980657e-03 -4.800607450e-03 3.880372678e-04
      vertex -6.763467682e-04 -4.941633902e-03 3.504416673e-04
      vertex -1.343137701e-03 -4.811887164e-03 2.042673586e-04
    endloop
  endfacet
  facet normal 2.033459842e-01 9.772571325e-01 -6.015723199e-02
    outer loop
      vertex -1.343137701e-03 -4.811887164e-03 2.042673586e-04
      vertex -6.763467682e-04 -4.941633902e-03 3.504416673e-04
      vertex -6.764259888e-04 -4.947326612e-03 2.576928528e-04
    endloop
  endfacet
  facet normal 2.014704198e-01 9.789571762e-01 -3.244173154e-02
    outer loop
      vertex -1.343137701e-03 -4.811887164e-03 2.042673586e-04
      vertex -6.764259888e-04 -4.947326612e-03 2.576928528e-04
      vertex -1.318222843e-03 -4.823048599e-03 2.218685586e-05
    endloop
  endfacet
  facet normal 2.014704049e-01 9.789572358e-01 -3.244169429e-02
    outer loop
      vertex -1.318222843e-03 -4.823048599e-03 2.218685586e-05
      vertex -6.764259888e-04 -4.947326612e-03 2.576928528e-04
      vertex -6.638513878e-04 -4.952959716e-03 1.657966641e-04
    endloop
  endfacet
  facet normal 1.958313435e-01 9.806236029e-01 -5.239319522e-03
    outer loop
      vertex -1.318222843e-03 -4.823048599e-03 2.218685586e-05
      vertex -6.638513878e-04 -4.952959716e-03 1.657966641e-04
      vertex -1.268700231e-03 -4.833884072e-03 -1.548124128e-04
    endloop
  endfacet
  facet normal 2.599457204e-01 9.533547163e-01 1.534371227e-01
    outer loop
      vertex -1.454340876e-03 -4.661501851e-03 -1.074845903e-03
      vertex -1.099962858e-03 -4.853778984e-03 -4.805347417e-04
      vertex -9.838915430e-04 -4.862467758e-03 -6.231901352e-04
    endloop
  endfacet
  facet normal 1.577208191e-01 9.851170182e-01 6.832741946e-02
    outer loop
      vertex -9.838915430e-04 -4.862467758e-03 -6.231901352e-04
      vertex -1.099962858e-03 -4.853778984e-03 -4.805347417e-04
      vertex -5.536954850e-04 -4.968469497e-03 -8.792731387e-05
    endloop
  endfacet
  facet normal 1.577208191e-01 9.851170182e-01 6.832741946e-02
    outer loop
      vertex -9.838915430e-04 -4.862467758e-03 -6.231901352e-04
      vertex -5.536954850e-04 -4.968469497e-03 -8.792731387e-05
      vertex -4.951141891e-04 -4.972854629e-03 -1.599256357e-04
    endloop
  endfacet
  facet normal 5.252049118e-02 9.984561205e-01 -1.808110997e-02
    outer loop
      vertex -4.951141891e-04 -4.972854629e-03 -1.599256357e-04
      vertex -5.536954850e-04 -4.968469497e-03 -8.792731387e-05
      vertex 2.886239599e-06 -4.990607034e-03 3.063180193e-04
    endloop
  endfacet
  facet normal -2.044762224e-01 9.770434499e-01 -5.979561061e-02
    outer loop
      vertex 6.821447168e-04 -4.940921906e-03 3.492370888e-04
      vertex 1.348696183e-03 -4.799197428e-03 3.856505209e-04
      vertex 6.820654380e-04 -4.946615081e-03 2.564882452e-04
    endloop
  endfacet
  facet normal -2.044762224e-01 9.770434499e-01 -5.979561061e-02
    outer loop
      vertex 6.820654380e-04 -4.946615081e-03 2.564882452e-04
      vertex 1.348696183e-03 -4.799197428e-03 3.856505209e-04
      vertex 1.348539139e-03 -4.810477141e-03 2.018806117e-04
    endloop
  endfacet
  facet normal -2.025532871e-01 9.787455201e-01 -3.208344057e-02
    outer loop
      vertex 6.820654380e-04 -4.946615081e-03 2.564882452e-04
      vertex 1.348539139e-03 -4.810477141e-03 2.018806117e-04
      vertex 6.693338510e-04 -4.952261224e-03 1.646145101e-04
    endloop
  endfacet
  facet normal -2.025532871e-01 9.787455201e-01 -3.208347782e-02
    outer loop
      vertex 6.693338510e-04 -4.952261224e-03 1.646145101e-04
      vertex 1.348539139e-03 -4.810477141e-03 2.018806117e-04
      vertex 1.323312987e-03 -4.821664654e-03 1.984457595e-05
    endloop
  endfacet
  facet normal -1.968677491e-01 9.804178476e-01 -4.891178105e-03
    outer loop
      vertex 6.693338510e-04 -4.952261224e-03 1.646145101e-04
      vertex 1.323312987e-03 -4.821664654e-03 1.984457595e-05
      vertex 6.441871519e-04 -4.957756493e-03 7.532730524e-05
    endloop
  endfacet
  facet normal -1.968677342e-01 9.804178476e-01 -4.891105928e-03
    outer loop
      vertex 6.441871519e-04 -4.957756493e-03 7.532730524e-05
      vertex 1.323312987e-03 -4.821664654e-03 1.984457595e-05
      vertex 1.273488044e-03 -4.832552280e-03 -1.570666063e-04
    endloop
  endfacet
  facet normal -1.875253767e-01 9.820293188e-01 2.127533033e-02
    outer loop
      vertex 6.441871519e-04 -4.957756493e-03 7.532730524e-05
      vertex 1.273488044e-03 -4.832552280e-03 -1.570666063e-04
      vertex 6.070936215e-04 -4.962997045e-03 -9.710132872e-06
    endloop
  endfacet
  facet normal -1.875254065e-01 9.820293188e-01 2.127517946e-02
    outer loop
      vertex 6.070936215e-04 -4.962997045e-03 -9.710132872e-06
      vertex 1.273488044e-03 -4.832552280e-03 -1.570666063e-04
      vertex 1.199992141e-03 -4.842936527e-03 -3.255574265e-04
    endloop
  endfacet
  facet normal -1.747003496e-01 9.835498929e-01 4.592798278e-02
    outer loop
      vertex 6.070936215e-04 -4.962997045e-03 -9.710132872e-06
      vertex 1.199992141e-03 -4.842936527e-03 -3.255574265e-04
      vertex 5.587444175e-04 -4.967886489e-03 -8.891372272e-05
    endloop
  endfacet
  facet normal -1.747003198e-01 9.835498929e-01 4.592806473e-02
    outer loop
      vertex 5.587444175e-04 -4.967886489e-03 -8.891372272e-05
      vertex 1.199992141e-03 -4.842936527e-03 -3.255574265e-04
      vertex 1.104194205e-03 -4.852624144e-03 -4.824891803e-04
    endloop
  endfacet
  facet normal -1.586315334e-01 9.849512577e-01 6.860793382e-02
    outer loop
      vertex 5.587444175e-04 -4.967886489e-03 -8.891372272e-05
      vertex 1.104194205e-03 -4.852624144e-03 -4.824891803e-04
      vertex 5.000401288e-04 -4.972333554e-03 -1.608080493e-04
    endloop
  endfacet
  facet normal -1.586315334e-01 9.849512577e-01 6.860793382e-02
    outer loop
      vertex 5.000401288e-04 -4.972333554e-03 -1.608080493e-04
      vertex 1.104194205e-03 -4.852624144e-03 -4.824891803e-04
      vertex 9.878793499e-04 -4.861434922e-03 -6.249385187e-04
    endloop
  endfacet
  facet normal -1.396181583e-01 9.862073064e-01 8.889266849e-02
    outer loop
      vertex 5.000401288e-04 -4.972333554e-03 -1.608080493e-04
      vertex 9.878793499e-04 -4.861434922e-03 -6.249385187e-04
      vertex 4.320743028e-04 -4.976254422e-03 -2.240538306e-04
    endloop
  endfacet
  facet normal -2.610332966e-01 9.271333218e-01 -2.688594460e-01
    outer loop
      vertex 1.459635445e-03 -4.493380897e-03 1.636762521e-03
      vertex 1.105521340e-03 -4.757305607e-03 1.070452621e-03
      vertex 9.894500254e-04 -4.748616368e-03 1.213108073e-03
    endloop
  endfacet
  facet normal -1.588510573e-01 9.691836238e-01 -1.882802546e-01
    outer loop
      vertex 9.894500254e-04 -4.748616368e-03 1.213108073e-03
      vertex 1.105521340e-03 -4.757305607e-03 1.070452621e-03
      vertex 5.594142131e-04 -4.919779021e-03 6.948572118e-04
    endloop
  endfacet
  facet normal -1.588510573e-01 9.691836238e-01 -1.882802546e-01
    outer loop
      vertex 9.894500254e-04 -4.748616368e-03 1.213108073e-03
      vertex 5.594142131e-04 -4.919779021e-03 6.948572118e-04
      vertex 5.008328590e-04 -4.915393889e-03 7.668555481e-04
    endloop
  endfacet
  facet normal -5.367228389e-02 9.931113720e-01 -1.041591316e-01
    outer loop
      vertex 5.008328590e-04 -4.915393889e-03 7.668555481e-04
      vertex 5.594142131e-04 -4.919779021e-03 6.948572118e-04
      vertex 2.886239599e-06 -4.990607034e-03 3.063180193e-04
    endloop
  endfacet
  facet normal 2.649652660e-01 8.628489375e-01 -4.304476082e-01
    outer loop
      vertex -1.635330031e-03 -4.141469020e-03 2.274627332e-03
      vertex -1.030914485e-03 -4.473711364e-03 1.980686560e-03
      vertex -1.253164723e-03 -4.483433440e-03 1.824391074e-03
    endloop
  endfacet
  facet normal 1.927414834e-01 9.235495925e-01 -3.315219581e-01
    outer loop
      vertex -1.253164723e-03 -4.483433440e-03 1.824391074e-03
      vertex -1.030914485e-03 -4.473711364e-03 1.980686560e-03
      vertex -6.971476250e-04 -4.735296592e-03 1.446012873e-03
    endloop
  endfacet
  facet normal 1.927414238e-01 9.235495925e-01 -3.315220475e-01
    outer loop
      vertex -1.253164723e-03 -4.483433440e-03 1.824391074e-03
      vertex -6.971476250e-04 -4.735296592e-03 1.446012873e-03
      vertex -8.476552321e-04 -4.741880111e-03 1.340169925e-03
    endloop
  endfacet
  facet normal 1.168842539e-01 9.670059681e-01 -2.263570726e-01
    outer loop
      vertex -8.476552321e-04 -4.741880111e-03 1.340169925e-03
      vertex -6.971476250e-04 -4.735296592e-03 1.446012873e-03
      vertex -3.503942862e-04 -4.908671137e-03 8.844028343e-04
    endloop
  endfacet
  facet normal 1.168842763e-01 9.670059681e-01 -2.263570428e-01
    outer loop
      vertex -8.476552321e-04 -4.741880111e-03 1.340169925e-03
      vertex -3.503942862e-04 -4.908671137e-03 8.844028343e-04
      vertex -4.263555747e-04 -4.911994096e-03 8.309837431e-04
    endloop
  endfacet
  facet normal 3.882203624e-02 9.923808575e-01 -1.169318408e-01
    outer loop
      vertex -4.263555747e-04 -4.911994096e-03 8.309837431e-04
      vertex -3.503942862e-04 -4.908671137e-03 8.844028343e-04
      vertex 2.886239599e-06 -4.990607034e-03 3.063180193e-04
    endloop
  endfacet
  facet normal 1.575012952e-01 9.693493843e-01 -1.885607690e-01
    outer loop
      vertex -4.943214590e-04 -4.915915430e-03 7.677379763e-04
      vertex -1.098635839e-03 -4.758460447e-03 1.072407118e-03
      vertex -9.823208675e-04 -4.749649670e-03 1.214856398e-03
    endloop
  endfacet
  facet normal 2.595844567e-01 9.274060726e-01 -2.693210840e-01
    outer loop
      vertex -9.823208675e-04 -4.749649670e-03 1.214856398e-03
      vertex -1.098635839e-03 -4.758460447e-03 1.072407118e-03
      vertex -1.623780467e-03 -4.507916514e-03 1.428993419e-03
    endloop
  endfacet
  facet normal 2.595844865e-01 9.274060726e-01 -2.693210542e-01
    outer loop
      vertex -9.823208675e-04 -4.749649670e-03 1.214856398e-03
      vertex -1.623780467e-03 -4.507916514e-03 1.428993419e-03
      vertex -1.452021417e-03 -4.494906403e-03 1.639344380e-03
    endloop
  endfacet
  facet normal 4.083491266e-01 8.204106092e-01 -4.002217650e-01
    outer loop
      vertex -1.995976083e-03 -4.051121883e-03 2.145808190e-03
      vertex -1.894673682e-03 -4.156431649e-03 2.033294411e-03
      vertex -1.996149076e-03 -4.184695892e-03 1.871820074e-03
    endloop
  endfacet
  facet normal 3.386871815e-01 8.673595786e-01 -3.646619916e-01
    outer loop
      vertex -1.996149076e-03 -4.184695892e-03 1.871820074e-03
      vertex -1.894673682e-03 -4.156431649e-03 2.033294411e-03
      vertex -1.452021417e-03 -4.494906403e-03 1.639344380e-03
    endloop
  endfacet
  facet normal 3.368592858e-01 8.666589856e-01 -3.680054843e-01
    outer loop
      vertex -1.996149076e-03 -4.184695892e-03 1.871820074e-03
      vertex -1.452021417e-03 -4.494906403e-03 1.639344380e-03
      vertex -1.996255480e-03 -4.252769519e-03 1.711408026e-03
    endloop
  endfacet
  facet normal 3.453248441e-01 8.762100935e-01 -3.361645937e-01
    outer loop
      vertex -1.996255480e-03 -4.252769519e-03 1.711408026e-03
      vertex -1.452021417e-03 -4.494906403e-03 1.639344380e-03
      vertex -1.623780467e-03 -4.507916514e-03 1.428993419e-03
    endloop
  endfacet
  facet normal 3.829385340e-01 8.777497411e-01 -2.879470587e-01
    outer loop
      vertex -1.996255480e-03 -4.252769519e-03 1.711408026e-03
      vertex -1.623780467e-03 -4.507916514e-03 1.428993419e-03
      vertex -1.765242196e-03 -4.522222094e-03 1.197256963e-03
    endloop
  endfacet
  facet normal 2.860287428e-01 9.297122955e-01 -2.319969833e-01
    outer loop
      vertex -1.765242196e-03 -4.522222094e-03 1.197256963e-03
      vertex -1.623780467e-03 -4.507916514e-03 1.428993419e-03
      vertex -1.098635839e-03 -4.758460447e-03 1.072407118e-03
    endloop
  endfacet
  facet normal 3.743662834e-01 8.950873613e-01 -2.422157675e-01
    outer loop
      vertex -1.996792387e-03 -4.479756579e-03 9.719065856e-04
      vertex -1.996458508e-03 -4.358630627e-03 1.420032582e-03
      vertex -1.873771660e-03 -4.537556320e-03 9.484514594e-04
    endloop
  endfacet
  facet normal 4.039583802e-01 8.851926923e-01 -2.307628542e-01
    outer loop
      vertex -1.873771660e-03 -4.537556320e-03 9.484514594e-04
      vertex -1.996458508e-03 -4.358630627e-03 1.420032582e-03
      vertex -1.765242196e-03 -4.522222094e-03 1.197256963e-03
    endloop
  endfacet
  facet normal 3.071347773e-01 9.322146773e-01 -1.914262474e-01
    outer loop
      vertex -1.873771660e-03 -4.537556320e-03 9.484514594e-04
      vertex -1.765242196e-03 -4.522222094e-03 1.197256963e-03
      vertex -1.194433658e-03 -4.768148065e-03 9.154753061e-04
    endloop
  endfacet
  facet normal 2.860287130e-01 9.297122955e-01 -2.319970727e-01
    outer loop
      vertex -1.194433658e-03 -4.768148065e-03 9.154753061e-04
      vertex -1.765242196e-03 -4.522222094e-03 1.197256963e-03
      vertex -1.098635839e-03 -4.758460447e-03 1.072407118e-03
    endloop
  endfacet
  facet normal 1.735700816e-01 9.707506895e-01 -1.658809036e-01
    outer loop
      vertex -1.194433658e-03 -4.768148065e-03 9.154753061e-04
      vertex -1.098635839e-03 -4.758460447e-03 1.072407118e-03
      vertex -5.530256894e-04 -4.920362029e-03 6.958436570e-04
    endloop
  endfacet
  facet normal 1.575012952e-01 9.693493843e-01 -1.885607690e-01
    outer loop
      vertex -5.530256894e-04 -4.920362029e-03 6.958436570e-04
      vertex -1.098635839e-03 -4.758460447e-03 1.072407118e-03
      vertex -4.943214590e-04 -4.915915430e-03 7.677379763e-04
    endloop
  endfacet
  facet normal 5.244685337e-02 9.931669235e-01 -1.042532325e-01
    outer loop
      vertex -5.530256894e-04 -4.920362029e-03 6.958436570e-04
      vertex -4.943214590e-04 -4.915915430e-03 7.677379763e-04
      vertex 2.886239599e-06 -4.990607034e-03 3.063180193e-04
    endloop
  endfacet
  facet normal 3.350306153e-01 9.404198527e-01 -5.800871179e-02
    outer loop
      vertex -1.984597184e-03 -4.570154008e-03 4.184044374e-04
      vertex -1.342980657e-03 -4.800607450e-03 3.880372678e-04
      vertex -1.984829083e-03 -4.586810712e-03 1.470366988e-04
    endloop
  endfacet
  facet normal 3.350306153e-01 9.404198527e-01 -5.800871179e-02
    outer loop
      vertex -1.984829083e-03 -4.586810712e-03 1.470366988e-04
      vertex -1.342980657e-03 -4.800607450e-03 3.880372678e-04
      vertex -1.343137701e-03 -4.811887164e-03 2.042673586e-04
    endloop
  endfacet
  facet normal 3.319440484e-01 9.432176352e-01 -1.239774190e-02
    outer loop
      vertex -1.984829083e-03 -4.586810712e-03 1.470366988e-04
      vertex -1.343137701e-03 -4.811887164e-03 2.042673586e-04
      vertex -1.948038116e-03 -4.603292327e-03 -1.218362959e-04
    endloop
  endfacet
  facet normal 3.319439590e-01 9.432176352e-01 -1.239760593e-02
    outer loop
      vertex -1.948038116e-03 -4.603292327e-03 -1.218362959e-04
      vertex -1.343137701e-03 -4.811887164e-03 2.042673586e-04
      vertex -1.318222843e-03 -4.823048599e-03 2.218685586e-05
    endloop
  endfacet
  facet normal 3.226638138e-01 9.459599853e-01 3.236908093e-02
    outer loop
      vertex -1.948038116e-03 -4.603292327e-03 -1.218362959e-04
      vertex -1.318222843e-03 -4.823048599e-03 2.218685586e-05
      vertex -1.874909620e-03 -4.619292915e-03 -3.832060320e-04
    endloop
  endfacet
  facet normal 3.226637840e-01 9.459599853e-01 3.236911073e-02
    outer loop
      vertex -1.874909620e-03 -4.619292915e-03 -3.832060320e-04
      vertex -1.318222843e-03 -4.823048599e-03 2.218685586e-05
      vertex -1.268700231e-03 -4.833884072e-03 -1.548124128e-04
    endloop
  endfacet
  facet normal 3.073627949e-01 9.485958815e-01 7.545807213e-02
    outer loop
      vertex -1.874909620e-03 -4.619292915e-03 -3.832060320e-04
      vertex -1.268700231e-03 -4.833884072e-03 -1.548124128e-04
      vertex -1.766805653e-03 -4.634513520e-03 -6.322036497e-04
    endloop
  endfacet
  facet normal 6.782526523e-02 9.958195686e-01 -6.118077412e-02
    outer loop
      vertex -6.763467682e-04 -4.941633902e-03 3.504416673e-04
      vertex 2.886239599e-06 -4.990607034e-03 3.063180193e-04
      vertex -6.764259888e-04 -4.947326612e-03 2.576928528e-04
    endloop
  endfacet
  facet normal 3.395017087e-01 9.347827435e-01 -1.044979542e-01
    outer loop
      vertex -1.997159095e-03 -4.554925021e-03 5.138257984e-04
      vertex -1.947346842e-03 -4.553633742e-03 6.872117519e-04
      vertex -1.984597184e-03 -4.570154008e-03 4.184044374e-04
    endloop
  endfacet
  facet normal 3.318660557e-01 9.376187921e-01 -1.036141366e-01
    outer loop
      vertex -1.984597184e-03 -4.570154008e-03 4.184044374e-04
      vertex -1.947346842e-03 -4.553633742e-03 6.872117519e-04
      vertex -1.317754621e-03 -4.789419472e-03 5.700733163e-04
    endloop
  endfacet
  facet normal 3.318660855e-01 9.376187921e-01 -1.036142856e-01
    outer loop
      vertex -1.984597184e-03 -4.570154008e-03 4.184044374e-04
      vertex -1.317754621e-03 -4.789419472e-03 5.700733163e-04
      vertex -1.342980657e-03 -4.800607450e-03 3.880372678e-04
    endloop
  endfacet
  facet normal 2.014230490e-01 9.755550623e-01 -8.786936104e-02
    outer loop
      vertex -1.342980657e-03 -4.800607450e-03 3.880372678e-04
      vertex -1.317754621e-03 -4.789419472e-03 5.700733163e-04
      vertex -6.636151229e-04 -4.935987294e-03 4.423154169e-04
    endloop
  endfacet
  facet normal 2.014230490e-01 9.755550623e-01 -8.786940575e-02
    outer loop
      vertex -1.342980657e-03 -4.800607450e-03 3.880372678e-04
      vertex -6.636151229e-04 -4.935987294e-03 4.423154169e-04
      vertex -6.763467682e-04 -4.941633902e-03 3.504416673e-04
    endloop
  endfacet
  facet normal 6.718023121e-02 9.952486157e-01 -7.047671080e-02
    outer loop
      vertex -6.763467682e-04 -4.941633902e-03 3.504416673e-04
      vertex -6.636151229e-04 -4.935987294e-03 4.423154169e-04
      vertex 2.886239599e-06 -4.990607034e-03 3.063180193e-04
    endloop
  endfacet
  facet normal 3.578983843e-01 9.064742923e-01 2.240828872e-01
    outer loop
      vertex -1.998875989e-03 -4.387800582e-03 -1.323519740e-03
      vertex -1.998418011e-03 -4.499370698e-03 -8.729198598e-04
      vertex -1.625740086e-03 -4.648671020e-03 -8.641906898e-04
    endloop
  endfacet
  facet normal 3.634486496e-01 9.168771505e-01 1.650495231e-01
    outer loop
      vertex -1.625740086e-03 -4.648671020e-03 -8.641906898e-04
      vertex -1.998418011e-03 -4.499370698e-03 -8.729198598e-04
      vertex -1.766805653e-03 -4.634513520e-03 -6.322036497e-04
    endloop
  endfacet
  facet normal 2.863261998e-01 9.510762095e-01 1.160662100e-01
    outer loop
      vertex -1.625740086e-03 -4.648671020e-03 -8.641906898e-04
      vertex -1.766805653e-03 -4.634513520e-03 -6.322036497e-04
      vertex -1.195492339e-03 -4.844191484e-03 -3.234333417e-04
    endloop
  endfacet
  facet normal 3.073629141e-01 9.485958815e-01 7.545793056e-02
    outer loop
      vertex -1.195492339e-03 -4.844191484e-03 -3.234333417e-04
      vertex -1.766805653e-03 -4.634513520e-03 -6.322036497e-04
      vertex -1.268700231e-03 -4.833884072e-03 -1.548124128e-04
    endloop
  endfacet
  facet normal 1.865337640e-01 9.822252989e-01 2.094350383e-02
    outer loop
      vertex -1.195492339e-03 -4.844191484e-03 -3.234333417e-04
      vertex -1.268700231e-03 -4.833884072e-03 -1.548124128e-04
      vertex -6.388573674e-04 -4.958428442e-03 7.646499580e-05
    endloop
  endfacet
  facet normal 1.958313733e-01 9.806236029e-01 -5.239383318e-03
    outer loop
      vertex -6.388573674e-04 -4.958428442e-03 7.646499580e-05
      vertex -1.268700231e-03 -4.833884072e-03 -1.548124128e-04
      vertex -6.638513878e-04 -4.952959716e-03 1.657966641e-04
    endloop
  endfacet
  facet normal 6.530451775e-02 9.969488382e-01 -4.275880381e-02
    outer loop
      vertex -6.388573674e-04 -4.958428442e-03 7.646499580e-05
      vertex -6.638513878e-04 -4.952959716e-03 1.657966641e-04
      vertex 2.886239599e-06 -4.990607034e-03 3.063180193e-04
    endloop
  endfacet
  facet normal -3.361181617e-01 9.400682449e-01 -5.741359666e-02
    outer loop
      vertex 1.348696183e-03 -4.799197428e-03 3.856505209e-04
      vertex 1.990123885e-03 -4.568072036e-03 4.148799926e-04
      vertex 1.348539139e-03 -4.810477141e-03 2.018806117e-04
    endloop
  endfacet
  facet normal -3.361181617e-01 9.400682449e-01 -5.741359666e-02
    outer loop
      vertex 1.348539139e-03 -4.810477141e-03 2.018806117e-04
      vertex 1.990123885e-03 -4.568072036e-03 4.148799926e-04
      vertex 1.989891985e-03 -4.584728274e-03 1.435122686e-04
    endloop
  endfacet
  facet normal -3.329536319e-01 9.428692460e-01 -1.180802565e-02
    outer loop
      vertex 1.348539139e-03 -4.810477141e-03 2.018806117e-04
      vertex 1.989891985e-03 -4.584728274e-03 1.435122686e-04
      vertex 1.323312987e-03 -4.821664654e-03 1.984457595e-05
    endloop
  endfacet
  facet normal -3.329536021e-01 9.428692460e-01 -1.180817559e-02
    outer loop
      vertex 1.323312987e-03 -4.821664654e-03 1.984457595e-05
      vertex 1.989891985e-03 -4.584728274e-03 1.435122686e-04
      vertex 1.952641411e-03 -4.601249006e-03 -1.252950751e-04
    endloop
  endfacet
  facet normal -3.235968947e-01 9.456214309e-01 3.294216096e-02
    outer loop
      vertex 1.323312987e-03 -4.821664654e-03 1.984457595e-05
      vertex 1.952641411e-03 -4.601249006e-03 -1.252950751e-04
      vertex 1.273488044e-03 -4.832552280e-03 -1.570666063e-04
    endloop
  endfacet
  facet normal -3.235968947e-01 9.456214309e-01 3.294212744e-02
    outer loop
      vertex 1.273488044e-03 -4.832552280e-03 -1.570666063e-04
      vertex 1.952641411e-03 -4.601249006e-03 -1.252950751e-04
      vertex 1.879066229e-03 -4.617325962e-03 -3.865347244e-04
    endloop
  endfacet
  facet normal -3.082223535e-01 9.482733607e-01 7.600374520e-02
    outer loop
      vertex 1.273488044e-03 -4.832552280e-03 -1.570666063e-04
      vertex 1.879066229e-03 -4.617325962e-03 -3.865347244e-04
      vertex 1.199992141e-03 -4.842936527e-03 -3.255574265e-04
    endloop
  endfacet
  facet normal -3.082223237e-01 9.482733607e-01 7.600393891e-02
    outer loop
      vertex 1.199992141e-03 -4.842936527e-03 -3.255574265e-04
      vertex 1.879066229e-03 -4.617325962e-03 -3.865347244e-04
      vertex 1.770536765e-03 -4.632660188e-03 -6.353402277e-04
    endloop
  endfacet
  facet normal -2.871162593e-01 9.507758021e-01 1.165747643e-01
    outer loop
      vertex 1.199992141e-03 -4.842936527e-03 -3.255574265e-04
      vertex 1.770536765e-03 -4.632660188e-03 -6.353402277e-04
      vertex 1.104194205e-03 -4.852624144e-03 -4.824891803e-04
    endloop
  endfacet
  facet normal -2.871162891e-01 9.507758021e-01 1.165746748e-01
    outer loop
      vertex 1.104194205e-03 -4.852624144e-03 -4.824891803e-04
      vertex 1.770536765e-03 -4.632660188e-03 -6.353402277e-04
      vertex 1.629075035e-03 -4.646965768e-03 -8.670767420e-04
    endloop
  endfacet
  facet normal -2.606720030e-01 9.530819654e-01 1.538987607e-01
    outer loop
      vertex 1.104194205e-03 -4.852624144e-03 -4.824891803e-04
      vertex 1.629075035e-03 -4.646965768e-03 -8.670767420e-04
      vertex 9.878793499e-04 -4.861434922e-03 -6.249385187e-04
    endloop
  endfacet
  facet normal -3.237513602e-01 9.345281124e-01 -1.477913857e-01
    outer loop
      vertex 1.323781209e-03 -4.788035527e-03 5.677310401e-04
      vertex 1.880204189e-03 -4.535589833e-03 9.451227379e-04
      vertex 1.953332685e-03 -4.551589955e-03 6.837529945e-04
    endloop
  endfacet
  facet normal -3.943934143e-01 9.038826823e-01 -1.656802893e-01
    outer loop
      vertex 1.953332685e-03 -4.551589955e-03 6.837529945e-04
      vertex 1.880204189e-03 -4.535589833e-03 9.451227379e-04
      vertex 2.003205707e-03 -4.477660637e-03 9.683597600e-04
    endloop
  endfacet
  facet normal -4.759860933e-01 8.679070473e-01 -1.420374364e-01
    outer loop
      vertex 1.953332685e-03 -4.551589955e-03 6.837529945e-04
      vertex 2.003205707e-03 -4.477660637e-03 9.683597600e-04
      vertex 2.002838999e-03 -4.552829079e-03 5.102789728e-04
    endloop
  endfacet
  facet normal -3.973611891e-01 8.859468102e-01 -2.391701043e-01
    outer loop
      vertex 2.003539586e-03 -4.356535152e-03 1.416485757e-03
      vertex 2.003205707e-03 -4.477660637e-03 9.683597600e-04
      vertex 1.772100222e-03 -4.520369228e-03 1.194120385e-03
    endloop
  endfacet
  facet normal -3.812101483e-01 8.978351951e-01 -2.203877270e-01
    outer loop
      vertex 1.772100222e-03 -4.520369228e-03 1.194120385e-03
      vertex 2.003205707e-03 -4.477660637e-03 9.683597600e-04
      vertex 1.880204189e-03 -4.535589833e-03 9.451227379e-04
    endloop
  endfacet
  facet normal -3.084503412e-01 9.318922162e-01 -1.908803731e-01
    outer loop
      vertex 1.772100222e-03 -4.520369228e-03 1.194120385e-03
      vertex 1.880204189e-03 -4.535589833e-03 9.451227379e-04
      vertex 1.274258597e-03 -4.777200520e-03 7.447302924e-04
    endloop
  endfacet
  facet normal -3.237513304e-01 9.345281124e-01 -1.477914155e-01
    outer loop
      vertex 1.274258597e-03 -4.777200520e-03 7.447302924e-04
      vertex 1.880204189e-03 -4.535589833e-03 9.451227379e-04
      vertex 1.323781209e-03 -4.788035527e-03 5.677310401e-04
    endloop
  endfacet
  facet normal -1.969615817e-01 9.736770391e-01 -1.147135198e-01
    outer loop
      vertex 1.274258597e-03 -4.777200520e-03 7.447302924e-04
      vertex 1.323781209e-03 -4.788035527e-03 5.677310401e-04
      vertex 6.695701159e-04 -4.935288802e-03 4.411332484e-04
    endloop
  endfacet
  facet normal -3.605153561e-01 8.767661452e-01 -3.182919621e-01
    outer loop
      vertex 2.003742615e-03 -4.250673577e-03 1.707861200e-03
      vertex 2.003539586e-03 -4.356535152e-03 1.416485757e-03
      vertex 1.631034655e-03 -4.506211262e-03 1.426107367e-03
    endloop
  endfacet
  facet normal -3.644932806e-01 8.893901706e-01 -2.759162486e-01
    outer loop
      vertex 1.631034655e-03 -4.506211262e-03 1.426107367e-03
      vertex 2.003539586e-03 -4.356535152e-03 1.416485757e-03
      vertex 1.772100222e-03 -4.520369228e-03 1.194120385e-03
    endloop
  endfacet
  facet normal -2.874137461e-01 9.294118881e-01 -2.314885259e-01
    outer loop
      vertex 1.631034655e-03 -4.506211262e-03 1.426107367e-03
      vertex 1.772100222e-03 -4.520369228e-03 1.194120385e-03
      vertex 1.201050822e-03 -4.766893107e-03 9.133511921e-04
    endloop
  endfacet
  facet normal -3.084504902e-01 9.318921566e-01 -1.908802390e-01
    outer loop
      vertex 1.201050822e-03 -4.766893107e-03 9.133511921e-04
      vertex 1.772100222e-03 -4.520369228e-03 1.194120385e-03
      vertex 1.274258597e-03 -4.777200520e-03 7.447302924e-04
    endloop
  endfacet
  facet normal -1.876640171e-01 9.720753431e-01 -1.408963501e-01
    outer loop
      vertex 1.201050822e-03 -4.766893107e-03 9.133511921e-04
      vertex 1.274258597e-03 -4.777200520e-03 7.447302924e-04
      vertex 6.445760955e-04 -4.929820076e-03 5.304649239e-04
    endloop
  endfacet
  facet normal -1.969616115e-01 9.736770391e-01 -1.147134602e-01
    outer loop
      vertex 6.445760955e-04 -4.929820076e-03 5.304649239e-04
      vertex 1.274258597e-03 -4.777200520e-03 7.447302924e-04
      vertex 6.695701159e-04 -4.935288802e-03 4.411332484e-04
    endloop
  endfacet
  facet normal -6.645631045e-02 9.946186543e-01 -7.948143780e-02
    outer loop
      vertex 6.445760955e-04 -4.929820076e-03 5.304649239e-04
      vertex 6.695701159e-04 -4.935288802e-03 4.411332484e-04
      vertex 2.886239599e-06 -4.990607034e-03 3.063180193e-04
    endloop
  endfacet
  facet normal 3.631634116e-01 8.206707239e-01 -4.411484003e-01
    outer loop
      vertex -1.995976083e-03 -4.051121883e-03 2.145808190e-03
      vertex -1.635330031e-03 -4.141469020e-03 2.274627332e-03
      vertex -1.894673682e-03 -4.156431649e-03 2.033294411e-03
    endloop
  endfacet
  facet normal 3.137971163e-01 8.653066754e-01 -3.908653259e-01
    outer loop
      vertex -1.894673682e-03 -4.156431649e-03 2.033294411e-03
      vertex -1.635330031e-03 -4.141469020e-03 2.274627332e-03
      vertex -1.253164723e-03 -4.483433440e-03 1.824391074e-03
    endloop
  endfacet
  facet normal 3.137971163e-01 8.653066754e-01 -3.908653259e-01
    outer loop
      vertex -1.894673682e-03 -4.156431649e-03 2.033294411e-03
      vertex -1.253164723e-03 -4.483433440e-03 1.824391074e-03
      vertex -1.452021417e-03 -4.494906403e-03 1.639344380e-03
    endloop
  endfacet
  facet normal 2.282943428e-01 9.253390431e-01 -3.027034700e-01
    outer loop
      vertex -1.452021417e-03 -4.494906403e-03 1.639344380e-03
      vertex -1.253164723e-03 -4.483433440e-03 1.824391074e-03
      vertex -8.476552321e-04 -4.741880111e-03 1.340169925e-03
    endloop
  endfacet
  facet normal 2.282943577e-01 9.253390431e-01 -3.027034402e-01
    outer loop
      vertex -1.452021417e-03 -4.494906403e-03 1.639344380e-03
      vertex -8.476552321e-04 -4.741880111e-03 1.340169925e-03
      vertex -9.823208675e-04 -4.749649670e-03 1.214856398e-03
    endloop
  endfacet
  facet normal 1.384879202e-01 9.680933356e-01 -2.088454962e-01
    outer loop
      vertex -9.823208675e-04 -4.749649670e-03 1.214856398e-03
      vertex -8.476552321e-04 -4.741880111e-03 1.340169925e-03
      vertex -4.263555747e-04 -4.911994096e-03 8.309837431e-04
    endloop
  endfacet
  facet normal 1.384879202e-01 9.680933356e-01 -2.088455111e-01
    outer loop
      vertex -9.823208675e-04 -4.749649670e-03 1.214856398e-03
      vertex -4.263555747e-04 -4.911994096e-03 8.309837431e-04
      vertex -4.943214590e-04 -4.915915430e-03 7.677379763e-04
    endloop
  endfacet
  facet normal 4.606889188e-02 9.927456379e-01 -1.110576615e-01
    outer loop
      vertex -4.943214590e-04 -4.915915430e-03 7.677379763e-04
      vertex -4.263555747e-04 -4.911994096e-03 8.309837431e-04
      vertex 2.886239599e-06 -4.990607034e-03 3.063180193e-04
    endloop
  endfacet
  facet normal 4.748237729e-01 8.684051633e-01 -1.428805292e-01
    outer loop
      vertex -1.997159095e-03 -4.554925021e-03 5.138257984e-04
      vertex -1.996792387e-03 -4.479756579e-03 9.719065856e-04
      vertex -1.947346842e-03 -4.553633742e-03 6.872117519e-04
    endloop
  endfacet
  facet normal 3.931516409e-01 9.042952657e-01 -1.663786173e-01
    outer loop
      vertex -1.947346842e-03 -4.553633742e-03 6.872117519e-04
      vertex -1.996792387e-03 -4.479756579e-03 9.719065856e-04
      vertex -1.873771660e-03 -4.537556320e-03 9.484514594e-04
    endloop
  endfacet
  facet normal 3.225093484e-01 9.348666668e-01 -1.483644396e-01
    outer loop
      vertex -1.947346842e-03 -4.553633742e-03 6.872117519e-04
      vertex -1.873771660e-03 -4.537556320e-03 9.484514594e-04
      vertex -1.267929561e-03 -4.778532311e-03 7.469845004e-04
    endloop
  endfacet
  facet normal 3.071348071e-01 9.322147369e-01 -1.914260536e-01
    outer loop
      vertex -1.267929561e-03 -4.778532311e-03 7.469845004e-04
      vertex -1.873771660e-03 -4.537556320e-03 9.484514594e-04
      vertex -1.194433658e-03 -4.768148065e-03 9.154753061e-04
    endloop
  endfacet
  facet normal 1.863951683e-01 9.722713232e-01 -1.412280202e-01
    outer loop
      vertex -1.267929561e-03 -4.778532311e-03 7.469845004e-04
      vertex -1.194433658e-03 -4.768148065e-03 9.154753061e-04
      vertex -6.013748934e-04 -4.925251473e-03 6.166400854e-04
    endloop
  endfacet
  facet normal 1.735701114e-01 9.707507491e-01 -1.658808291e-01
    outer loop
      vertex -6.013748934e-04 -4.925251473e-03 6.166400854e-04
      vertex -1.194433658e-03 -4.768148065e-03 9.154753061e-04
      vertex -5.530256894e-04 -4.920362029e-03 6.958436570e-04
    endloop
  endfacet
  facet normal 5.783707649e-02 9.936370254e-01 -9.664533287e-02
    outer loop
      vertex -6.013748934e-04 -4.925251473e-03 6.166400854e-04
      vertex -5.530256894e-04 -4.920362029e-03 6.958436570e-04
      vertex 2.886239599e-06 -4.990607034e-03 3.063180193e-04
    endloop
  endfacet
  facet normal 4.615416750e-02 9.988707900e-01 -1.126537751e-02
    outer loop
      vertex 2.886239599e-06 -4.990607034e-03 3.063180193e-04
      vertex -4.272565129e-04 -4.976704717e-03 -2.232918487e-04
      vertex -4.951141891e-04 -4.972854629e-03 -1.599256357e-04
    endloop
  endfacet
  facet normal 1.387421340e-01 9.863531590e-01 8.864583820e-02
    outer loop
      vertex -4.951141891e-04 -4.972854629e-03 -1.599256357e-04
      vertex -4.272565129e-04 -4.976704717e-03 -2.232918487e-04
      vertex -8.494403446e-04 -4.870096222e-03 -7.487422554e-04
    endloop
  endfacet
  facet normal 1.387421489e-01 9.863531590e-01 8.864583075e-02
    outer loop
      vertex -4.951141891e-04 -4.972854629e-03 -1.599256357e-04
      vertex -8.494403446e-04 -4.870096222e-03 -7.487422554e-04
      vertex -9.838915430e-04 -4.862467758e-03 -6.231901352e-04
    endloop
  endfacet
  facet normal 2.287127376e-01 9.553890824e-01 1.868749261e-01
    outer loop
      vertex -9.838915430e-04 -4.862467758e-03 -6.231901352e-04
      vertex -8.494403446e-04 -4.870096222e-03 -7.487422554e-04
      vertex -1.255800715e-03 -4.672766197e-03 -1.260244870e-03
    endloop
  endfacet
  facet normal 2.287127078e-01 9.553890824e-01 1.868749410e-01
    outer loop
      vertex -9.838915430e-04 -4.862467758e-03 -6.231901352e-04
      vertex -1.255800715e-03 -4.672766197e-03 -1.260244870e-03
      vertex -1.454340876e-03 -4.661501851e-03 -1.074845903e-03
    endloop
  endfacet
  facet normal 3.143717647e-01 9.065804482e-01 2.815711200e-01
    outer loop
      vertex -1.454340876e-03 -4.661501851e-03 -1.074845903e-03
      vertex -1.255800715e-03 -4.672766197e-03 -1.260244870e-03
      vertex -1.638767775e-03 -4.388391972e-03 -1.748271636e-03
    endloop
  endfacet
  facet normal 3.143717349e-01 9.065804482e-01 2.815711498e-01
    outer loop
      vertex -1.454340876e-03 -4.661501851e-03 -1.074845903e-03
      vertex -1.638767775e-03 -4.388391972e-03 -1.748271636e-03
      vertex -1.897698618e-03 -4.373700824e-03 -1.506479224e-03
    endloop
  endfacet
  facet normal -2.293818891e-01 9.551490545e-01 1.872811466e-01
    outer loop
      vertex 8.532136562e-04 -4.869204480e-03 -7.502519875e-04
      vertex 1.457316102e-03 -4.659976345e-03 -1.077427645e-03
      vertex 1.258459291e-03 -4.671449307e-03 -1.262474339e-03
    endloop
  endfacet
  facet normal -3.148216605e-01 9.062508345e-01 2.821290493e-01
    outer loop
      vertex 1.258459291e-03 -4.671449307e-03 -1.262474339e-03
      vertex 1.457316102e-03 -4.659976345e-03 -1.077427645e-03
      vertex 1.899605850e-03 -4.371711519e-03 -1.509846305e-03
    endloop
  endfacet
  facet normal -3.148216605e-01 9.062507749e-01 2.821290493e-01
    outer loop
      vertex 1.258459291e-03 -4.671449307e-03 -1.262474339e-03
      vertex 1.899605850e-03 -4.371711519e-03 -1.509846305e-03
      vertex 1.640262199e-03 -4.386674147e-03 -1.751179108e-03
    endloop
  endfacet
  facet normal -3.927405775e-01 8.420025706e-01 3.698465228e-01
    outer loop
      vertex 1.640262199e-03 -4.386674147e-03 -1.751179108e-03
      vertex 1.899605850e-03 -4.371711519e-03 -1.509846305e-03
      vertex 2.000176348e-03 -4.029128235e-03 -2.182984026e-03
    endloop
  endfacet
  facet normal -3.256826997e-01 8.435528874e-01 4.270237386e-01
    outer loop
      vertex 1.640262199e-03 -4.386674147e-03 -1.751179108e-03
      vertex 2.000176348e-03 -4.029128235e-03 -2.182984026e-03
      vertex 1.991510158e-03 -4.020183813e-03 -2.207262907e-03
    endloop
  endfacet
  facet normal -3.973286152e-01 8.059902191e-01 4.387593865e-01
    outer loop
      vertex 1.991510158e-03 -4.020183813e-03 -2.207262907e-03
      vertex 2.000176348e-03 -4.029128235e-03 -2.182984026e-03
      vertex 2.000157489e-03 -4.020387307e-03 -2.199058421e-03
    endloop
  endfacet
  facet normal -4.008948505e-01 8.022118211e-01 4.424245358e-01
    outer loop
      vertex 1.991510158e-03 -4.020183813e-03 -2.207262907e-03
      vertex 2.000157489e-03 -4.020387307e-03 -2.199058421e-03
      vertex 2.000124659e-03 -4.005018622e-03 -2.226954792e-03
    endloop
  endfacet
  facet normal -3.671221733e-01 8.179913163e-01 -4.428448081e-01
    outer loop
      vertex 2.004095353e-03 -3.981841262e-03 2.264628652e-03
      vertex 1.902630785e-03 -4.154442344e-03 2.029927215e-03
      vertex 1.643699943e-03 -4.139750730e-03 2.271719743e-03
    endloop
  endfacet
  facet normal -3.153962791e-01 8.649770617e-01 -3.903073967e-01
    outer loop
      vertex 1.643699943e-03 -4.139750730e-03 2.271719743e-03
      vertex 1.902630785e-03 -4.154442344e-03 2.029927215e-03
      vertex 1.459635445e-03 -4.493380897e-03 1.636762521e-03
    endloop
  endfacet
  facet normal -3.153963089e-01 8.649770617e-01 -3.903073967e-01
    outer loop
      vertex 1.643699943e-03 -4.139750730e-03 2.271719743e-03
      vertex 1.459635445e-03 -4.493380897e-03 1.636762521e-03
      vertex 1.261095284e-03 -4.482116085e-03 1.822161605e-03
    endloop
  endfacet
  facet normal -2.298002690e-01 9.250990152e-01 -3.022972643e-01
    outer loop
      vertex 1.261095284e-03 -4.482116085e-03 1.822161605e-03
      vertex 1.459635445e-03 -4.493380897e-03 1.636762521e-03
      vertex 9.894500254e-04 -4.748616368e-03 1.213108073e-03
    endloop
  endfacet
  facet normal -2.298002839e-01 9.250990152e-01 -3.022972345e-01
    outer loop
      vertex 1.261095284e-03 -4.482116085e-03 1.822161605e-03
      vertex 9.894500254e-04 -4.748616368e-03 1.213108073e-03
      vertex 8.549987688e-04 -4.740987904e-03 1.338660135e-03
    endloop
  endfacet
  facet normal -1.398723871e-01 9.679474831e-01 -2.085986733e-01
    outer loop
      vertex 8.549987688e-04 -4.740987904e-03 1.338660135e-03
      vertex 9.894500254e-04 -4.748616368e-03 1.213108073e-03
      vertex 5.008328590e-04 -4.915393889e-03 7.668555481e-04
    endloop
  endfacet
  facet normal -1.398723722e-01 9.679474831e-01 -2.085986882e-01
    outer loop
      vertex 8.549987688e-04 -4.740987904e-03 1.338660135e-03
      vertex 5.008328590e-04 -4.915393889e-03 7.668555481e-04
      vertex 4.329752410e-04 -4.911543801e-03 8.302218048e-04
    endloop
  endfacet
  facet normal -4.730596021e-02 9.926967025e-01 -1.109748632e-01
    outer loop
      vertex 4.329752410e-04 -4.911543801e-03 8.302218048e-04
      vertex 5.008328590e-04 -4.915393889e-03 7.668555481e-04
      vertex 2.886239599e-06 -4.990607034e-03 3.063180193e-04
    endloop
  endfacet
  facet normal 5.424093604e-01 5.722172260e-01 -6.151093245e-01
    outer loop
      vertex -1.995310187e-03 -2.767384984e-03 3.655177075e-03
      vertex -1.894019078e-03 -3.216070589e-03 3.327098209e-03
      vertex -1.995514613e-03 -3.446182935e-03 3.023531986e-03
    endloop
  endfacet
  facet normal 3.360015750e-01 6.931061745e-01 -6.377356052e-01
    outer loop
      vertex -1.995514613e-03 -3.446182935e-03 3.023531986e-03
      vertex -1.894019078e-03 -3.216070589e-03 3.327098209e-03
      vertex -1.634976477e-03 -3.706957214e-03 2.930071903e-03
    endloop
  endfacet
  facet normal 3.746486008e-01 7.250741720e-01 -5.778458714e-01
    outer loop
      vertex -1.995514613e-03 -3.446182935e-03 3.023531986e-03
      vertex -1.634976477e-03 -3.706957214e-03 2.930071903e-03
      vertex -1.987032359e-03 -3.722356865e-03 2.682491671e-03
    endloop
  endfacet
  facet normal 3.322043419e-01 7.860678434e-01 -5.212845802e-01
    outer loop
      vertex -1.987032359e-03 -3.722356865e-03 2.682491671e-03
      vertex -1.634976477e-03 -3.706957214e-03 2.930071903e-03
      vertex -1.345477300e-03 -4.128789995e-03 2.478463808e-03
    endloop
  endfacet
  facet normal 3.891736642e-02 9.992279410e-01 -5.378357135e-03
    outer loop
      vertex 2.886239599e-06 -4.990607034e-03 3.063180193e-04
      vertex -3.513866395e-04 -4.979948048e-03 -2.768455597e-04
      vertex -4.272565129e-04 -4.976704717e-03 -2.232918487e-04
    endloop
  endfacet
  facet normal 1.171684712e-01 9.874178767e-01 1.061956733e-01
    outer loop
      vertex -4.272565129e-04 -4.976704717e-03 -2.232918487e-04
      vertex -3.513866395e-04 -4.979948048e-03 -2.768455597e-04
      vertex -6.991138798e-04 -4.876522347e-03 -8.548520273e-04
    endloop
  endfacet
  facet normal 1.171684340e-01 9.874178767e-01 1.061956882e-01
    outer loop
      vertex -4.272565129e-04 -4.976704717e-03 -2.232918487e-04
      vertex -6.991138798e-04 -4.876522347e-03 -8.548520273e-04
      vertex -8.494403446e-04 -4.870096222e-03 -7.487422554e-04
    endloop
  endfacet
  facet normal 1.932090819e-01 9.571412802e-01 2.157565206e-01
    outer loop
      vertex -8.494403446e-04 -4.870096222e-03 -7.487422554e-04
      vertex -6.991138798e-04 -4.876522347e-03 -8.548520273e-04
      vertex -1.033817884e-03 -4.682255443e-03 -1.416934305e-03
    endloop
  endfacet
  facet normal 1.932091862e-01 9.571412206e-01 2.157564908e-01
    outer loop
      vertex -8.494403446e-04 -4.870096222e-03 -7.487422554e-04
      vertex -1.033817884e-03 -4.682255443e-03 -1.416934305e-03
      vertex -1.255800715e-03 -4.672766197e-03 -1.260244870e-03
    endloop
  endfacet
  facet normal 2.656075954e-01 9.089871049e-01 3.212399185e-01
    outer loop
      vertex -1.255800715e-03 -4.672766197e-03 -1.260244870e-03
      vertex -1.033817884e-03 -4.682255443e-03 -1.416934305e-03
      vertex -1.349263941e-03 -4.400767386e-03 -1.952621737e-03
    endloop
  endfacet
  facet normal 2.656076849e-01 9.089870453e-01 3.212398887e-01
    outer loop
      vertex -1.255800715e-03 -4.672766197e-03 -1.260244870e-03
      vertex -1.349263941e-03 -4.400767386e-03 -1.952621737e-03
      vertex -1.638767775e-03 -4.388391972e-03 -1.748271636e-03
    endloop
  endfacet
  facet normal 3.330092728e-01 8.438844681e-01 4.206706285e-01
    outer loop
      vertex -1.638767775e-03 -4.388391972e-03 -1.748271636e-03
      vertex -1.349263941e-03 -4.400767386e-03 -1.952621737e-03
      vertex -1.639575697e-03 -4.037301522e-03 -2.451935550e-03
    endloop
  endfacet
  facet normal 3.330093026e-01 8.438844681e-01 4.206706285e-01
    outer loop
      vertex -1.638767775e-03 -4.388391972e-03 -1.748271636e-03
      vertex -1.639575697e-03 -4.037301522e-03 -2.451935550e-03
      vertex -1.991207711e-03 -4.022270441e-03 -2.203731332e-03
    endloop
  endfacet
  facet normal 3.145061433e-01 7.660080791e-01 5.606402159e-01
    outer loop
      vertex -1.456717262e-03 -3.612453351e-03 -3.134988947e-03
      vertex -1.639575697e-03 -4.037301522e-03 -2.451935550e-03
      vertex -1.257359749e-03 -4.049239680e-03 -2.650038339e-03
    endloop
  endfacet
  facet normal 2.656897306e-01 8.463585377e-01 4.616126120e-01
    outer loop
      vertex -1.257359749e-03 -4.049239680e-03 -2.650038339e-03
      vertex -1.639575697e-03 -4.037301522e-03 -2.451935550e-03
      vertex -1.349263941e-03 -4.400767386e-03 -1.952621737e-03
    endloop
  endfacet
  facet normal 2.656897604e-01 8.463585377e-01 4.616126120e-01
    outer loop
      vertex -1.257359749e-03 -4.049239680e-03 -2.650038339e-03
      vertex -1.349263941e-03 -4.400767386e-03 -1.952621737e-03
      vertex -1.034579938e-03 -4.410596099e-03 -2.115722746e-03
    endloop
  endfacet
  facet normal 2.118861973e-01 9.109613895e-01 3.539118469e-01
    outer loop
      vertex -1.034579938e-03 -4.410596099e-03 -2.115722746e-03
      vertex -1.349263941e-03 -4.400767386e-03 -1.952621737e-03
      vertex -1.033817884e-03 -4.682255443e-03 -1.416934305e-03
    endloop
  endfacet
  facet normal 2.118862420e-01 9.109613895e-01 3.539118469e-01
    outer loop
      vertex -1.034579938e-03 -4.410596099e-03 -2.115722746e-03
      vertex -1.033817884e-03 -4.682255443e-03 -1.416934305e-03
      vertex -7.925278624e-04 -4.689792171e-03 -1.541995211e-03
    endloop
  endfacet
  facet normal 1.540964544e-01 9.585786462e-01 2.395437807e-01
    outer loop
      vertex -7.925278624e-04 -4.689792171e-03 -1.541995211e-03
      vertex -1.033817884e-03 -4.682255443e-03 -1.416934305e-03
      vertex -6.991138798e-04 -4.876522347e-03 -8.548520273e-04
    endloop
  endfacet
  facet normal 1.540964544e-01 9.585786462e-01 2.395437807e-01
    outer loop
      vertex -7.925278624e-04 -4.689792171e-03 -1.541995211e-03
      vertex -6.991138798e-04 -4.876522347e-03 -8.548520273e-04
      vertex -5.357125192e-04 -4.881625995e-03 -9.395431262e-04
    endloop
  endfacet
  facet normal 9.340172261e-02 9.882913232e-01 1.206499785e-01
    outer loop
      vertex -5.357125192e-04 -4.881625995e-03 -9.395431262e-04
      vertex -6.991138798e-04 -4.876522347e-03 -8.548520273e-04
      vertex -3.513866395e-04 -4.979948048e-03 -2.768455597e-04
    endloop
  endfacet
  facet normal 9.340175241e-02 9.882913232e-01 1.206499711e-01
    outer loop
      vertex -5.357125192e-04 -4.881625995e-03 -9.395431262e-04
      vertex -3.513866395e-04 -4.979948048e-03 -2.768455597e-04
      vertex -2.689178509e-04 -4.982524086e-03 -3.195892496e-04
    endloop
  endfacet
  facet normal 3.094491549e-02 9.995209575e-01 -5.297244061e-04
    outer loop
      vertex -2.689178509e-04 -4.982524086e-03 -3.195892496e-04
      vertex -3.513866395e-04 -4.979948048e-03 -2.768455597e-04
      vertex 2.886239599e-06 -4.990607034e-03 3.063180193e-04
    endloop
  endfacet
  facet normal -1.180144921e-01 9.872946739e-01 1.064042374e-01
    outer loop
      vertex 3.561130143e-04 -4.979577381e-03 -2.774729219e-04
      vertex 8.532136562e-04 -4.869204480e-03 -7.502519875e-04
      vertex 7.027060492e-04 -4.875787999e-03 -8.560950519e-04
    endloop
  endfacet
  facet normal -1.938289702e-01 9.569384456e-01 2.160997540e-01
    outer loop
      vertex 7.027060492e-04 -4.875787999e-03 -8.560950519e-04
      vertex 8.532136562e-04 -4.869204480e-03 -7.502519875e-04
      vertex 1.258459291e-03 -4.671449307e-03 -1.262474339e-03
    endloop
  endfacet
  facet normal -1.938290447e-01 9.569384456e-01 2.160996646e-01
    outer loop
      vertex 7.027060492e-04 -4.875787999e-03 -8.560950519e-04
      vertex 1.258459291e-03 -4.671449307e-03 -1.262474339e-03
      vertex 1.036209054e-03 -4.681170918e-03 -1.418769825e-03
    endloop
  endfacet
  facet normal -2.659898102e-01 9.087085724e-01 3.217113316e-01
    outer loop
      vertex 1.036209054e-03 -4.681170918e-03 -1.418769825e-03
      vertex 1.258459291e-03 -4.671449307e-03 -1.262474339e-03
      vertex 1.640262199e-03 -4.386674147e-03 -1.751179108e-03
    endloop
  endfacet
  facet normal -2.659898698e-01 9.087085724e-01 3.217112422e-01
    outer loop
      vertex 1.036209054e-03 -4.681170918e-03 -1.418769825e-03
      vertex 1.640262199e-03 -4.386674147e-03 -1.751179108e-03
      vertex 1.350409468e-03 -4.399353173e-03 -1.955015585e-03
    endloop
  endfacet
  facet normal -3.331467807e-01 8.435354829e-01 4.212613404e-01
    outer loop
      vertex 1.350409468e-03 -4.399353173e-03 -1.955015585e-03
      vertex 1.640262199e-03 -4.386674147e-03 -1.751179108e-03
      vertex 1.991510158e-03 -4.020183813e-03 -2.207262907e-03
    endloop
  endfacet
  facet normal -3.331468105e-01 8.435354829e-01 4.212613106e-01
    outer loop
      vertex 1.350409468e-03 -4.399353173e-03 -1.955015585e-03
      vertex 1.991510158e-03 -4.020183813e-03 -2.207262907e-03
      vertex 1.639454276e-03 -4.035583697e-03 -2.454843139e-03
    endloop
  endfacet
  facet normal -3.618556857e-01 8.084018230e-01 4.642703235e-01
    outer loop
      vertex 1.639454276e-03 -4.035583697e-03 -2.454843139e-03
      vertex 1.991510158e-03 -4.020183813e-03 -2.207262907e-03
      vertex 2.000124659e-03 -4.005018622e-03 -2.226954792e-03
    endloop
  endfacet
  facet normal -3.902708590e-01 7.629662752e-01 5.153359175e-01
    outer loop
      vertex 1.639454276e-03 -4.035583697e-03 -2.454843139e-03
      vertex 2.000124659e-03 -4.005018622e-03 -2.226954792e-03
      vertex 1.897959155e-03 -3.596638795e-03 -2.908941358e-03
    endloop
  endfacet
  facet normal -3.516047597e-01 7.790100574e-01 5.191506743e-01
    outer loop
      vertex 1.897959155e-03 -3.596638795e-03 -2.908941358e-03
      vertex 2.000124659e-03 -4.005018622e-03 -2.226954792e-03
      vertex 1.999367494e-03 -3.596910508e-03 -2.839853056e-03
    endloop
  endfacet
  facet normal -3.937075734e-01 7.125977278e-01 5.806882381e-01
    outer loop
      vertex 1.897959155e-03 -3.596638795e-03 -2.908941358e-03
      vertex 1.999367494e-03 -3.596910508e-03 -2.839853056e-03
      vertex 1.999223372e-03 -3.507556161e-03 -2.949602669e-03
    endloop
  endfacet
  facet normal -4.006915540e-02 9.923395514e-01 -1.168618873e-01
    outer loop
      vertex 2.886239599e-06 -4.990607034e-03 3.063180193e-04
      vertex 3.571053676e-04 -4.908300471e-03 8.837754722e-04
      vertex 4.329752410e-04 -4.911543801e-03 8.302218048e-04
    endloop
  endfacet
  facet normal -1.182987094e-01 9.668827653e-01 -2.261485159e-01
    outer loop
      vertex 4.329752410e-04 -4.911543801e-03 8.302218048e-04
      vertex 3.571053676e-04 -4.908300471e-03 8.837754722e-04
      vertex 7.046723040e-04 -4.734562244e-03 1.444769907e-03
    endloop
  endfacet
  facet normal -1.182986721e-01 9.668827653e-01 -2.261485308e-01
    outer loop
      vertex 4.329752410e-04 -4.911543801e-03 8.302218048e-04
      vertex 7.046723040e-04 -4.734562244e-03 1.444769907e-03
      vertex 8.549987688e-04 -4.740987904e-03 1.338660135e-03
    endloop
  endfacet
  facet normal -1.942966282e-01 9.233468175e-01 -3.311788440e-01
    outer loop
      vertex 8.549987688e-04 -4.740987904e-03 1.338660135e-03
      vertex 7.046723040e-04 -4.734562244e-03 1.444769907e-03
      vertex 1.039112569e-03 -4.472626839e-03 1.978850923e-03
    endloop
  endfacet
  facet normal -1.942967325e-01 9.233468175e-01 -3.311788142e-01
    outer loop
      vertex 8.549987688e-04 -4.740987904e-03 1.338660135e-03
      vertex 1.039112569e-03 -4.472626839e-03 1.978850923e-03
      vertex 1.261095284e-03 -4.482116085e-03 1.822161605e-03
    endloop
  endfacet
  facet normal -2.666321397e-01 8.625704646e-01 -4.299761951e-01
    outer loop
      vertex 1.261095284e-03 -4.482116085e-03 1.822161605e-03
      vertex 1.039112569e-03 -4.472626839e-03 1.978850923e-03
      vertex 1.354195992e-03 -4.127375782e-03 2.476069843e-03
    endloop
  endfacet
  facet normal -2.666322589e-01 8.625704050e-01 -4.299761653e-01
    outer loop
      vertex 1.261095284e-03 -4.482116085e-03 1.822161605e-03
      vertex 1.354195992e-03 -4.127375782e-03 2.476069843e-03
      vertex 1.643699943e-03 -4.139750730e-03 2.271719743e-03
    endloop
  endfacet
  facet normal -3.339517415e-01 7.857188582e-01 -5.206938982e-01
    outer loop
      vertex 1.643699943e-03 -4.139750730e-03 2.271719743e-03
      vertex 1.354195992e-03 -4.127375782e-03 2.476069843e-03
      vertex 1.644053496e-03 -3.705239156e-03 2.927164314e-03
    endloop
  endfacet
  facet normal -3.339517713e-01 7.857187986e-01 -5.206938982e-01
    outer loop
      vertex 1.643699943e-03 -4.139750730e-03 2.271719743e-03
      vertex 1.644053496e-03 -3.705239156e-03 2.927164314e-03
      vertex 1.995685510e-03 -3.720270470e-03 2.678960096e-03
    endloop
  endfacet
  facet normal -3.764323294e-01 7.246806622e-01 -5.771799088e-01
    outer loop
      vertex 1.995685510e-03 -3.720270470e-03 2.678960096e-03
      vertex 1.644053496e-03 -3.705239156e-03 2.927164314e-03
      vertex 2.004483482e-03 -3.444087226e-03 3.019985044e-03
    endloop
  endfacet
  facet normal -9.533602595e-01 2.461189330e-01 -1.747273654e-01
    outer loop
      vertex 1.995685510e-03 -3.720270470e-03 2.678960096e-03
      vertex 2.004483482e-03 -3.444087226e-03 3.019985044e-03
      vertex 2.004095353e-03 -3.981841262e-03 2.264628652e-03
    endloop
  endfacet
  facet normal 2.111880779e-01 8.608183265e-01 -4.630241692e-01
    outer loop
      vertex -7.894110167e-04 -4.465921782e-03 2.105319407e-03
      vertex -1.345477300e-03 -4.128789995e-03 2.478463808e-03
      vertex -1.030514948e-03 -4.118631128e-03 2.641006373e-03
    endloop
  endfacet
  facet normal 2.648149431e-01 7.835232615e-01 -5.621070862e-01
    outer loop
      vertex -1.030514948e-03 -4.118631128e-03 2.641006373e-03
      vertex -1.345477300e-03 -4.128789995e-03 2.478463808e-03
      vertex -1.634976477e-03 -3.706957214e-03 2.930071903e-03
    endloop
  endfacet
  facet normal 2.648149133e-01 7.835232019e-01 -5.621071458e-01
    outer loop
      vertex -1.030514948e-03 -4.118631128e-03 2.641006373e-03
      vertex -1.634976477e-03 -3.706957214e-03 2.930071903e-03
      vertex -1.252422458e-03 -3.694618121e-03 3.127496457e-03
    endloop
  endfacet
  facet normal 3.134710491e-01 6.916599274e-01 -6.506476998e-01
    outer loop
      vertex -1.252422458e-03 -3.694618121e-03 3.127496457e-03
      vertex -1.634976477e-03 -3.706957214e-03 2.930071903e-03
      vertex -1.894019078e-03 -3.216070589e-03 3.327098209e-03
    endloop
  endfacet
  facet normal 3.134710789e-01 6.916599870e-01 -6.506476402e-01
    outer loop
      vertex -1.252422458e-03 -3.694618121e-03 3.127496457e-03
      vertex -1.894019078e-03 -3.216070589e-03 3.327098209e-03
      vertex -1.450999640e-03 -3.201781306e-03 3.555727424e-03
    endloop
  endfacet
  facet normal 3.503700793e-01 6.030826569e-01 -7.166115642e-01
    outer loop
      vertex -1.450999640e-03 -3.201781306e-03 3.555727424e-03
      vertex -1.894019078e-03 -3.216070589e-03 3.327098209e-03
      vertex -1.995310187e-03 -2.767384984e-03 3.655177075e-03
    endloop
  endfacet
  facet normal 3.336382210e-01 5.869424343e-01 -7.376883626e-01
    outer loop
      vertex -1.450999640e-03 -3.201781306e-03 3.555727424e-03
      vertex -1.995310187e-03 -2.767384984e-03 3.655177075e-03
      vertex -1.622547396e-03 -2.649301430e-03 3.917721566e-03
    endloop
  endfacet
  facet normal 3.955913186e-01 4.851167798e-01 -7.798520923e-01
    outer loop
      vertex -1.622547396e-03 -2.649301430e-03 3.917721566e-03
      vertex -1.995310187e-03 -2.767384984e-03 3.655177075e-03
      vertex -1.995290397e-03 -2.055563265e-03 4.097984638e-03
    endloop
  endfacet
  facet normal 3.615723550e-01 4.712392688e-01 -8.044868112e-01
    outer loop
      vertex -1.622547396e-03 -2.649301430e-03 3.917721566e-03
      vertex -1.995290397e-03 -2.055563265e-03 4.097984638e-03
      vertex -1.763870241e-03 -2.047469607e-03 4.206736106e-03
    endloop
  endfacet
  facet normal 3.767405748e-01 4.072355330e-01 -8.320010900e-01
    outer loop
      vertex -1.763870241e-03 -2.047469607e-03 4.206736106e-03
      vertex -1.995290397e-03 -2.055563265e-03 4.097984638e-03
      vertex -1.995297614e-03 -1.975332387e-03 4.137251526e-03
    endloop
  endfacet
  facet normal 3.671559393e-01 3.463755250e-01 -8.632615805e-01
    outer loop
      vertex -1.763870241e-03 -2.047469607e-03 4.206736106e-03
      vertex -1.995297614e-03 -1.975332387e-03 4.137251526e-03
      vertex -1.872335561e-03 -1.407497912e-03 4.417387303e-03
    endloop
  endfacet
  facet normal 3.763208687e-01 3.430893123e-01 -8.606232405e-01
    outer loop
      vertex -1.872335561e-03 -1.407497912e-03 4.417387303e-03
      vertex -1.995297614e-03 -1.975332387e-03 4.137251526e-03
      vertex -1.995393541e-03 -1.412752783e-03 4.361483268e-03
    endloop
  endfacet
  facet normal 3.912342191e-01 2.526015341e-01 -8.849453330e-01
    outer loop
      vertex -1.872335561e-03 -1.407497912e-03 4.417387303e-03
      vertex -1.995393541e-03 -1.412752783e-03 4.361483268e-03
      vertex -1.995477593e-03 -1.102452865e-03 4.450018983e-03
    endloop
  endfacet
  facet normal 3.694736063e-01 6.033394337e-01 7.067325115e-01
    outer loop
      vertex -2.001696033e-03 -2.844437025e-03 -3.591990098e-03
      vertex -2.001366578e-03 -3.101676470e-03 -3.372556297e-03
      vertex -1.628938830e-03 -3.108374076e-03 -3.561540507e-03
    endloop
  endfacet
  facet normal 3.417358398e-01 6.793580055e-01 6.493760943e-01
    outer loop
      vertex -1.628938830e-03 -3.108374076e-03 -3.561540507e-03
      vertex -2.001366578e-03 -3.101676470e-03 -3.372556297e-03
      vertex -2.000774723e-03 -3.509651870e-03 -2.946055960e-03
    endloop
  endfacet
  facet normal 3.530811369e-01 6.717194319e-01 6.512500644e-01
    outer loop
      vertex -1.628938830e-03 -3.108374076e-03 -3.561540507e-03
      vertex -2.000774723e-03 -3.509651870e-03 -2.946055960e-03
      vertex -1.456717262e-03 -3.612453351e-03 -3.134988947e-03
    endloop
  endfacet
  facet normal 3.505682945e-01 6.884892583e-01 6.348893046e-01
    outer loop
      vertex -1.456717262e-03 -3.612453351e-03 -3.134988947e-03
      vertex -2.000774723e-03 -3.509651870e-03 -2.946055960e-03
      vertex -1.899345312e-03 -3.598628333e-03 -2.905574394e-03
    endloop
  endfacet
  facet normal 3.145062029e-01 7.660080791e-01 5.606402159e-01
    outer loop
      vertex -1.456717262e-03 -3.612453351e-03 -3.134988947e-03
      vertex -1.899345312e-03 -3.598628333e-03 -2.905574394e-03
      vertex -1.639575697e-03 -4.037301522e-03 -2.451935550e-03
    endloop
  endfacet
  facet normal 3.903844953e-01 7.633752823e-01 5.146436691e-01
    outer loop
      vertex -1.639575697e-03 -4.037301522e-03 -2.451935550e-03
      vertex -1.899345312e-03 -3.598628333e-03 -2.905574394e-03
      vertex -1.999873202e-03 -4.007114097e-03 -2.223407850e-03
    endloop
  endfacet
  facet normal 3.618312180e-01 8.087809682e-01 4.636286199e-01
    outer loop
      vertex -1.639575697e-03 -4.037301522e-03 -2.451935550e-03
      vertex -1.999873202e-03 -4.007114097e-03 -2.223407850e-03
      vertex -1.991207711e-03 -4.022270441e-03 -2.203731332e-03
    endloop
  endfacet
  facet normal 4.008380473e-01 8.026318550e-01 4.417136312e-01
    outer loop
      vertex -1.991207711e-03 -4.022270441e-03 -2.203731332e-03
      vertex -1.999873202e-03 -4.007114097e-03 -2.223407850e-03
      vertex -1.999840606e-03 -4.022482783e-03 -2.195511479e-03
    endloop
  endfacet
  facet normal 3.596612811e-01 8.432257175e-01 3.995174468e-01
    outer loop
      vertex -1.991207711e-03 -4.022270441e-03 -2.203731332e-03
      vertex -1.999840606e-03 -4.022482783e-03 -2.195511479e-03
      vertex -1.638767775e-03 -4.388391972e-03 -1.748271636e-03
    endloop
  endfacet
  facet normal 2.864900231e-01 8.418241739e-01 4.574445784e-01
    outer loop
      vertex -1.638767775e-03 -4.388391972e-03 -1.748271636e-03
      vertex -1.999840606e-03 -4.022482783e-03 -2.195511479e-03
      vertex -1.999821747e-03 -4.031224176e-03 -2.179437084e-03
    endloop
  endfacet
  facet normal 3.925133944e-01 8.424140215e-01 3.691502213e-01
    outer loop
      vertex -1.638767775e-03 -4.388391972e-03 -1.748271636e-03
      vertex -1.999821747e-03 -4.031224176e-03 -2.179437084e-03
      vertex -1.897698618e-03 -4.373700824e-03 -1.506479224e-03
    endloop
  endfacet
  facet normal 4.924258292e-01 8.036156893e-01 3.342433274e-01
    outer loop
      vertex -1.897698618e-03 -4.373700824e-03 -1.506479224e-03
      vertex -1.999821747e-03 -4.031224176e-03 -2.179437084e-03
      vertex -1.998875989e-03 -4.387800582e-03 -1.323519740e-03
    endloop
  endfacet
  facet normal 3.379269838e-01 9.055013657e-01 2.566565871e-01
    outer loop
      vertex -1.897698618e-03 -4.373700824e-03 -1.506479224e-03
      vertex -1.998875989e-03 -4.387800582e-03 -1.323519740e-03
      vertex -1.454340876e-03 -4.661501851e-03 -1.074845903e-03
    endloop
  endfacet
  facet normal 3.510112464e-01 9.076035619e-01 2.303190231e-01
    outer loop
      vertex -1.454340876e-03 -4.661501851e-03 -1.074845903e-03
      vertex -1.998875989e-03 -4.387800582e-03 -1.323519740e-03
      vertex -1.625740086e-03 -4.648671020e-03 -8.641906898e-04
    endloop
  endfacet
  facet normal 2.599457502e-01 9.533547163e-01 1.534371227e-01
    outer loop
      vertex -1.454340876e-03 -4.661501851e-03 -1.074845903e-03
      vertex -1.625740086e-03 -4.648671020e-03 -8.641906898e-04
      vertex -1.099962858e-03 -4.853778984e-03 -4.805347417e-04
    endloop
  endfacet
  facet normal 2.863261402e-01 9.510762095e-01 1.160662696e-01
    outer loop
      vertex -1.099962858e-03 -4.853778984e-03 -4.805347417e-04
      vertex -1.625740086e-03 -4.648671020e-03 -8.641906898e-04
      vertex -1.195492339e-03 -4.844191484e-03 -3.234333417e-04
    endloop
  endfacet
  facet normal 1.737508029e-01 9.837324619e-01 4.561908543e-02
    outer loop
      vertex -1.099962858e-03 -4.853778984e-03 -4.805347417e-04
      vertex -1.195492339e-03 -4.844191484e-03 -3.234333417e-04
      vertex -6.019092398e-04 -4.963630810e-03 -8.638096006e-06
    endloop
  endfacet
  facet normal 1.865336895e-01 9.822252989e-01 2.094363049e-02
    outer loop
      vertex -6.019092398e-04 -4.963630810e-03 -8.638096006e-06
      vertex -1.195492339e-03 -4.844191484e-03 -3.234333417e-04
      vertex -6.388573674e-04 -4.958428442e-03 7.646499580e-05
    endloop
  endfacet
  facet normal 6.218566000e-02 9.974861145e-01 -3.397580981e-02
    outer loop
      vertex -6.019092398e-04 -4.963630810e-03 -8.638096006e-06
      vertex -6.388573674e-04 -4.958428442e-03 7.646499580e-05
      vertex 2.886239599e-06 -4.990607034e-03 3.063180193e-04
    endloop
  endfacet
  facet normal -3.199310228e-02 9.994879961e-01 -4.739165306e-04
    outer loop
      vertex 2.886239599e-06 -4.990607034e-03 3.063180193e-04
      vertex 3.561130143e-04 -4.979577381e-03 -2.774729219e-04
      vertex 2.735712624e-04 -4.982239567e-03 -3.200702777e-04
    endloop
  endfacet
  facet normal -9.422313422e-02 9.881929755e-01 1.208163276e-01
    outer loop
      vertex 2.735712624e-04 -4.982239567e-03 -3.200702777e-04
      vertex 3.561130143e-04 -4.979577381e-03 -2.774729219e-04
      vertex 7.027060492e-04 -4.875787999e-03 -8.560950519e-04
    endloop
  endfacet
  facet normal -9.422311187e-02 9.881929755e-01 1.208163500e-01
    outer loop
      vertex 2.735712624e-04 -4.982239567e-03 -3.200702777e-04
      vertex 7.027060492e-04 -4.875787999e-03 -8.560950519e-04
      vertex 5.391602172e-04 -4.881063011e-03 -9.404962766e-04
    endloop
  endfacet
  facet normal -1.546757370e-01 9.584168792e-01 2.398175746e-01
    outer loop
      vertex 5.391602172e-04 -4.881063011e-03 -9.404962766e-04
      vertex 7.027060492e-04 -4.875787999e-03 -8.560950519e-04
      vertex 1.036209054e-03 -4.681170918e-03 -1.418769825e-03
    endloop
  endfacet
  facet normal -1.546757370e-01 9.584168792e-01 2.398175746e-01
    outer loop
      vertex 5.391602172e-04 -4.881063011e-03 -9.404962766e-04
      vertex 1.036209054e-03 -4.681170918e-03 -1.418769825e-03
      vertex 7.947056438e-04 -4.688960500e-03 -1.543402555e-03
    endloop
  endfacet
  facet normal -2.122126669e-01 9.107391834e-01 3.542878628e-01
    outer loop
      vertex 7.947056438e-04 -4.688960500e-03 -1.543402555e-03
      vertex 1.036209054e-03 -4.681170918e-03 -1.418769825e-03
      vertex 1.350409468e-03 -4.399353173e-03 -1.955015585e-03
    endloop
  endfacet
  facet normal -2.122126371e-01 9.107391834e-01 3.542879224e-01
    outer loop
      vertex 7.947056438e-04 -4.688960500e-03 -1.543402555e-03
      vertex 1.350409468e-03 -4.399353173e-03 -1.955015585e-03
      vertex 1.035447116e-03 -4.409512039e-03 -2.117558382e-03
    endloop
  endfacet
  facet normal -2.657573819e-01 8.460801244e-01 4.620838165e-01
    outer loop
      vertex 1.035447116e-03 -4.409512039e-03 -2.117558382e-03
      vertex 1.350409468e-03 -4.399353173e-03 -1.955015585e-03
      vertex 1.639454276e-03 -4.035583697e-03 -2.454843139e-03
    endloop
  endfacet
  facet normal -2.657573521e-01 8.460801244e-01 4.620838463e-01
    outer loop
      vertex 1.035447116e-03 -4.409512039e-03 -2.117558382e-03
      vertex 1.639454276e-03 -4.035583697e-03 -2.454843139e-03
      vertex 1.256900257e-03 -4.047922790e-03 -2.652267925e-03
    endloop
  endfacet
  facet normal -3.143138587e-01 7.656786442e-01 5.611978173e-01
    outer loop
      vertex 1.256900257e-03 -4.047922790e-03 -2.652267925e-03
      vertex 1.639454276e-03 -4.035583697e-03 -2.454843139e-03
      vertex 1.897959155e-03 -3.596638795e-03 -2.908941358e-03
    endloop
  endfacet
  facet normal -3.143138885e-01 7.656786442e-01 5.611978173e-01
    outer loop
      vertex 1.256900257e-03 -4.047922790e-03 -2.652267925e-03
      vertex 1.897959155e-03 -3.596638795e-03 -2.908941358e-03
      vertex 1.454939716e-03 -3.610928077e-03 -3.137570573e-03
    endloop
  endfacet
  facet normal -3.501630425e-01 6.881220937e-01 6.355106831e-01
    outer loop
      vertex 1.454939716e-03 -3.610928077e-03 -3.137570573e-03
      vertex 1.897959155e-03 -3.596638795e-03 -2.908941358e-03
      vertex 1.999223372e-03 -3.507556161e-03 -2.949602669e-03
    endloop
  endfacet
  facet normal -3.526293039e-01 6.713497043e-01 6.518758535e-01
    outer loop
      vertex 1.454939716e-03 -3.610928077e-03 -3.137570573e-03
      vertex 1.999223372e-03 -3.507556161e-03 -2.949602669e-03
      vertex 1.625876292e-03 -3.106668824e-03 -3.564426443e-03
    endloop
  endfacet
  facet normal -3.412953615e-01 6.790001392e-01 6.499817371e-01
    outer loop
      vertex 1.625876292e-03 -3.106668824e-03 -3.564426443e-03
      vertex 1.999223372e-03 -3.507556161e-03 -2.949602669e-03
      vertex 1.998631516e-03 -3.099580761e-03 -3.376103006e-03
    endloop
  endfacet
  facet normal -3.688516617e-01 6.029525995e-01 7.073871493e-01
    outer loop
      vertex 1.625876292e-03 -3.106668824e-03 -3.564426443e-03
      vertex 1.998631516e-03 -3.099580761e-03 -3.376103006e-03
      vertex 1.998302061e-03 -2.842341317e-03 -3.595536808e-03
    endloop
  endfacet
  facet normal -3.209670633e-02 9.920465350e-01 -1.217105165e-01
    outer loop
      vertex 2.886239599e-06 -4.990607034e-03 3.063180193e-04
      vertex 2.746365499e-04 -4.905724898e-03 9.265191620e-04
      vertex 3.571053676e-04 -4.908300471e-03 8.837754722e-04
    endloop
  endfacet
  facet normal -9.453199059e-02 9.660093188e-01 -2.406028062e-01
    outer loop
      vertex 3.571053676e-04 -4.908300471e-03 8.837754722e-04
      vertex 2.746365499e-04 -4.905724898e-03 9.265191620e-04
      vertex 5.412708852e-04 -4.729458131e-03 1.529461006e-03
    endloop
  endfacet
  facet normal -9.453196079e-02 9.660093188e-01 -2.406028211e-01
    outer loop
      vertex 3.571053676e-04 -4.908300471e-03 8.837754722e-04
      vertex 5.412708852e-04 -4.729458131e-03 1.529461006e-03
      vertex 7.046723040e-04 -4.734562244e-03 1.444769907e-03
    endloop
  endfacet
  facet normal -1.551840156e-01 9.219094515e-01 -3.549661040e-01
    outer loop
      vertex 7.046723040e-04 -4.734562244e-03 1.444769907e-03
      vertex 5.412708852e-04 -4.729458131e-03 1.529461006e-03
      vertex 7.978224312e-04 -4.465090577e-03 2.103911946e-03
    endloop
  endfacet
  facet normal -1.551840007e-01 9.219094515e-01 -3.549661040e-01
    outer loop
      vertex 7.046723040e-04 -4.734562244e-03 1.444769907e-03
      vertex 7.978224312e-04 -4.465090577e-03 2.103911946e-03
      vertex 1.039112569e-03 -4.472626839e-03 1.978850923e-03
    endloop
  endfacet
  facet normal -2.129108012e-01 8.605961204e-01 -4.626480937e-01
    outer loop
      vertex 1.039112569e-03 -4.472626839e-03 1.978850923e-03
      vertex 7.978224312e-04 -4.465090577e-03 2.103911946e-03
      vertex 1.039511990e-03 -4.117546603e-03 2.639170969e-03
    endloop
  endfacet
  facet normal -2.129107416e-01 8.605961800e-01 -4.626481235e-01
    outer loop
      vertex 1.039112569e-03 -4.472626839e-03 1.978850923e-03
      vertex 1.039511990e-03 -4.117546603e-03 2.639170969e-03
      vertex 1.354195992e-03 -4.127375782e-03 2.476069843e-03
    endloop
  endfacet
  facet normal -2.666322291e-01 7.832447886e-01 -5.616358519e-01
    outer loop
      vertex 1.354195992e-03 -4.127375782e-03 2.476069843e-03
      vertex 1.039511990e-03 -4.117546603e-03 2.639170969e-03
      vertex 1.261837431e-03 -3.693300998e-03 3.125267103e-03
    endloop
  endfacet
  facet normal -2.666321695e-01 7.832447886e-01 -5.616358519e-01
    outer loop
      vertex 1.354195992e-03 -4.127375782e-03 2.476069843e-03
      vertex 1.261837431e-03 -3.693300998e-03 3.125267103e-03
      vertex 1.644053496e-03 -3.705239156e-03 2.927164314e-03
    endloop
  endfacet
  facet normal -3.153489530e-01 6.913305521e-01 -6.500900984e-01
    outer loop
      vertex 1.644053496e-03 -3.705239156e-03 2.927164314e-03
      vertex 1.261837431e-03 -3.693300998e-03 3.125267103e-03
      vertex 1.460657222e-03 -3.200255800e-03 3.553145565e-03
    endloop
  endfacet
  facet normal -3.153490126e-01 6.913304925e-01 -6.500900984e-01
    outer loop
      vertex 1.644053496e-03 -3.705239156e-03 2.927164314e-03
      vertex 1.460657222e-03 -3.200255800e-03 3.553145565e-03
      vertex 1.903285272e-03 -3.214081051e-03 3.323731013e-03
    endloop
  endfacet
  facet normal -3.522720933e-01 6.027145386e-01 -7.159885168e-01
    outer loop
      vertex 1.903285272e-03 -3.214081051e-03 3.323731013e-03
      vertex 1.460657222e-03 -3.200255800e-03 3.553145565e-03
      vertex 2.004687907e-03 -2.765289275e-03 3.651630133e-03
    endloop
  endfacet
  facet normal -5.440986156e-01 5.716480017e-01 -6.141459346e-01
    outer loop
      vertex 1.903285272e-03 -3.214081051e-03 3.323731013e-03
      vertex 2.004687907e-03 -2.765289275e-03 3.651630133e-03
      vertex 2.004483482e-03 -3.444087226e-03 3.019985044e-03
    endloop
  endfacet
  facet normal 4.033757839e-03 9.916054010e-01 -1.292377859e-01
    outer loop
      vertex 2.886239599e-06 -4.990607034e-03 3.063180193e-04
      vertex -8.927207091e-05 -4.902850837e-03 9.767718147e-04
      vertex 3.440072987e-06 -4.902413581e-03 9.830191266e-04
    endloop
  endfacet
  facet normal 1.317674480e-02 9.646942616e-01 -2.630423903e-01
    outer loop
      vertex 3.440072987e-06 -4.902413581e-03 9.830191266e-04
      vertex -8.927207091e-05 -4.902850837e-03 9.767718147e-04
      vertex -1.797674049e-04 -4.723764025e-03 1.629030332e-03
    endloop
  endfacet
  facet normal 1.317670662e-02 9.646942616e-01 -2.630424201e-01
    outer loop
      vertex 3.440072987e-06 -4.902413581e-03 9.830191266e-04
      vertex -1.797674049e-04 -4.723764025e-03 1.629030332e-03
      vertex 3.929824288e-06 -4.722897895e-03 1.641408307e-03
    endloop
  endfacet
  facet normal 2.207100391e-02 9.197453260e-01 -3.918946981e-01
    outer loop
      vertex 3.929824288e-06 -4.722897895e-03 1.641408307e-03
      vertex -1.797674049e-04 -4.723764025e-03 1.629030332e-03
      vertex -2.669140231e-04 -4.456681665e-03 2.250943100e-03
    endloop
  endfacet
  facet normal 2.207098156e-02 9.197452664e-01 -3.918946981e-01
    outer loop
      vertex 3.929824288e-06 -4.722897895e-03 1.641408307e-03
      vertex -2.669140231e-04 -4.456681665e-03 2.250943100e-03
      vertex 4.346370133e-06 -4.455402959e-03 2.269221237e-03
    endloop
  endfacet
  facet normal 3.054912016e-02 8.576236963e-01 -5.133696198e-01
    outer loop
      vertex 4.346370133e-06 -4.455402959e-03 2.269221237e-03
      vertex -2.669140231e-04 -4.456681665e-03 2.250943100e-03
      vertex -3.490885138e-04 -4.106579814e-03 2.830924699e-03
    endloop
  endfacet
  facet normal 3.054922633e-02 8.576236963e-01 -5.133695602e-01
    outer loop
      vertex 4.346370133e-06 -4.455402959e-03 2.269221237e-03
      vertex -3.490885138e-04 -4.106579814e-03 2.830924699e-03
      vertex 4.681951850e-06 -4.104912281e-03 2.854762832e-03
    endloop
  endfacet
  facet normal 3.845258430e-02 7.795200944e-01 -6.251958609e-01
    outer loop
      vertex 4.681951850e-06 -4.104912281e-03 2.854762832e-03
      vertex -3.490885138e-04 -4.106579814e-03 2.830924699e-03
      vertex -4.247601610e-04 -3.679980990e-03 3.358172020e-03
    endloop
  endfacet
  facet normal 3.845234960e-02 7.795199752e-01 -6.251959801e-01
    outer loop
      vertex 4.681951850e-06 -4.104912281e-03 2.854762832e-03
      vertex -4.247601610e-04 -3.679980990e-03 3.358172020e-03
      vertex 4.930317118e-06 -3.677955363e-03 3.387125675e-03
    endloop
  endfacet
  facet normal 4.563382640e-02 6.869232655e-01 -7.252957821e-01
    outer loop
      vertex 4.930317118e-06 -3.677955363e-03 3.387125675e-03
      vertex -4.247601610e-04 -3.679980990e-03 3.358172020e-03
      vertex -4.925193498e-04 -3.184830537e-03 3.822862869e-03
    endloop
  endfacet
  facet normal 4.563405737e-02 6.869233847e-01 -7.252956629e-01
    outer loop
      vertex 4.930317118e-06 -3.677955363e-03 3.387125675e-03
      vertex -4.925193498e-04 -3.184830537e-03 3.822862869e-03
      vertex 5.086840247e-06 -3.182484768e-03 3.856392810e-03
    endloop
  endfacet
  facet normal 5.196098238e-02 5.815888047e-01 -8.118217587e-01
    outer loop
      vertex 5.086840247e-06 -3.182484768e-03 3.856392810e-03
      vertex -4.925193498e-04 -3.184830537e-03 3.822862869e-03
      vertex -5.511037889e-04 -2.630352741e-03 4.216340836e-03
    endloop
  endfacet
  facet normal 5.196089298e-02 5.815887451e-01 -8.118218184e-01
    outer loop
      vertex 5.086840247e-06 -3.182484768e-03 3.856392810e-03
      vertex -5.511037889e-04 -2.630352741e-03 4.216340836e-03
      vertex 5.148605396e-06 -2.627730602e-03 4.253822379e-03
    endloop
  endfacet
  facet normal 5.731716007e-02 4.654991627e-01 -8.831903934e-01
    outer loop
      vertex 5.148605396e-06 -2.627730602e-03 4.253822379e-03
      vertex -5.511037889e-04 -2.630352741e-03 4.216340836e-03
      vertex -5.994222593e-04 -2.026876435e-03 4.531276412e-03
    endloop
  endfacet
  facet normal 5.731707066e-02 4.654991031e-01 -8.831904531e-01
    outer loop
      vertex 5.148605396e-06 -2.627730602e-03 4.253822379e-03
      vertex -5.994222593e-04 -2.026876435e-03 4.531276412e-03
      vertex 5.114461146e-06 -2.024026355e-03 4.572011530e-03
    endloop
  endfacet
  facet normal 6.160521880e-02 3.408230245e-01 -9.381068349e-01
    outer loop
      vertex 5.114461146e-06 -2.024026355e-03 4.572011530e-03
      vertex -5.994222593e-04 -2.026876435e-03 4.531276412e-03
      vertex -6.365746376e-04 -1.385643380e-03 4.761802498e-03
    endloop
  endfacet
  facet normal 6.160584092e-02 3.408235610e-01 -9.381065965e-01
    outer loop
      vertex 5.114461146e-06 -2.024026355e-03 4.572011530e-03
      vertex -6.365746376e-04 -1.385643380e-03 4.761802498e-03
      vertex 4.985045052e-06 -1.382618910e-03 4.805033095e-03
    endloop
  endfacet
  facet normal 6.474832445e-02 2.098773718e-01 -9.755814075e-01
    outer loop
      vertex 4.985045052e-06 -1.382618910e-03 4.805033095e-03
      vertex -6.365746376e-04 -1.385643380e-03 4.761802498e-03
      vertex -6.618687185e-04 -7.185981958e-04 4.903625697e-03
    endloop
  endfacet
  facet normal 6.474789232e-02 2.098769695e-01 -9.755815268e-01
    outer loop
      vertex 4.985045052e-06 -1.382618910e-03 4.805033095e-03
      vertex -6.618687185e-04 -7.185981958e-04 4.903625697e-03
      vertex 4.762765911e-06 -7.154555642e-04 4.948545247e-03
    endloop
  endfacet
  facet normal 6.668811291e-02 7.508079708e-02 -9.949449897e-01
    outer loop
      vertex 4.762765911e-06 -7.154555642e-04 4.948545247e-03
      vertex -6.618687185e-04 -7.185981958e-04 4.903625697e-03
      vertex -6.748336018e-04 -3.816704339e-05 4.954103380e-03
    endloop
  endfacet
  facet normal 6.668835133e-02 7.508103549e-02 -9.949449897e-01
    outer loop
      vertex 4.762765911e-06 -7.154555642e-04 4.948545247e-03
      vertex -6.748336018e-04 -3.816704339e-05 4.954103380e-03
      vertex 4.451766017e-06 -3.496474164e-05 4.999876022e-03
    endloop
  endfacet
  facet normal 6.739158183e-02 -6.108551100e-02 -9.958548546e-01
    outer loop
      vertex 4.451766017e-06 -3.496474164e-05 4.999876022e-03
      vertex -6.748336018e-04 -3.816704339e-05 4.954103380e-03
      vertex -6.752275513e-04 6.429750938e-04 4.912295844e-03
    endloop
  endfacet
  facet normal 6.739158183e-02 -6.108551100e-02 -9.958548546e-01
    outer loop
      vertex 4.451766017e-06 -3.496474164e-05 4.999876022e-03
      vertex -6.752275513e-04 6.429750938e-04 4.912295844e-03
      vertex 4.057838396e-06 6.461773883e-04 4.958068021e-03
    endloop
  endfacet
  facet normal 6.684520096e-02 -1.961191446e-01 -9.782990217e-01
    outer loop
      vertex 4.057838396e-06 6.461773883e-04 4.958068021e-03
      vertex -6.752275513e-04 6.429750938e-04 4.912295844e-03
      vertex -6.630431744e-04 1.312139793e-03 4.778981209e-03
    endloop
  endfacet
  facet normal 6.684495509e-02 -1.961193830e-01 -9.782990217e-01
    outer loop
      vertex 4.057838396e-06 6.461773883e-04 4.958068021e-03
      vertex -6.630431744e-04 1.312139793e-03 4.778981209e-03
      vertex 3.588320396e-06 1.315282541e-03 4.823900759e-03
    endloop
  endfacet
  facet normal 6.505869329e-02 -3.275379241e-01 -9.425954819e-01
    outer loop
      vertex 3.588320396e-06 1.315282541e-03 4.823900759e-03
      vertex -6.630431744e-04 1.312139793e-03 4.778981209e-03
      vertex -6.385077140e-04 1.956861932e-03 4.556643311e-03
    endloop
  endfacet
  facet normal 6.505914032e-02 -3.275375068e-01 -9.425956011e-01
    outer loop
      vertex 3.588320396e-06 1.315282541e-03 4.823900759e-03
      vertex -6.385077140e-04 1.956861932e-03 4.556643311e-03
      vertex 3.051959311e-06 1.959886402e-03 4.599873442e-03
    endloop
  endfacet
  facet normal 6.206490844e-02 -4.529211223e-01 -8.893876672e-01
    outer loop
      vertex 3.051959311e-06 1.959886402e-03 4.599873442e-03
      vertex -6.385077140e-04 1.956861932e-03 4.556643311e-03
      vertex -6.020779256e-04 2.565131290e-03 4.249424208e-03
    endloop
  endfacet
  facet normal 6.206425279e-02 -4.529216588e-01 -8.893874288e-01
    outer loop
      vertex 3.051959311e-06 1.959886402e-03 4.599873442e-03
      vertex -6.020779256e-04 2.565131290e-03 4.249424208e-03
      vertex 2.458745485e-06 2.567981137e-03 4.290159326e-03
    endloop
  endfacet
  facet normal 5.791590363e-02 -5.699501038e-01 -8.196356297e-01
    outer loop
      vertex 2.458745485e-06 2.567981137e-03 4.290159326e-03
      vertex -6.020779256e-04 2.565131290e-03 4.249424208e-03
      vertex -5.544326850e-04 3.125617281e-03 3.863045480e-03
    endloop
  endfacet
  facet normal 5.791600049e-02 -5.699500442e-01 -8.196356893e-01
    outer loop
      vertex 2.458745485e-06 2.567981137e-03 4.290159326e-03
      vertex -5.544326850e-04 3.125617281e-03 3.863045480e-03
      vertex 1.819729846e-06 3.128239652e-03 3.900527256e-03
    endloop
  endfacet
  facet normal 5.268845335e-02 -6.764462590e-01 -7.346049547e-01
    outer loop
      vertex 1.819729846e-06 3.128239652e-03 3.900527256e-03
      vertex -5.544326850e-04 3.125617281e-03 3.863045480e-03
      vertex -4.964593682e-04 3.627878847e-03 3.404706018e-03
    endloop
  endfacet
  facet normal 5.268855020e-02 -6.764461994e-01 -7.346049547e-01
    outer loop
      vertex 1.819729846e-06 3.128239652e-03 3.900527256e-03
      vertex -4.964593682e-04 3.627878847e-03 3.404706018e-03
      vertex 1.146816658e-06 3.630224615e-03 3.438236192e-03
    endloop
  endfacet
  facet normal 4.075160623e-02 9.649409056e-01 -2.592843175e-01
    outer loop
      vertex -8.927207091e-05 -4.902850837e-03 9.767718147e-04
      vertex -3.600641503e-04 -4.726153333e-03 1.591801061e-03
      vertex -1.797674049e-04 -4.723764025e-03 1.629030332e-03
    endloop
  endfacet
  facet normal 6.745071709e-02 9.201511741e-01 -3.857100308e-01
    outer loop
      vertex -1.797674049e-04 -4.723764025e-03 1.629030332e-03
      vertex -3.600641503e-04 -4.726153333e-03 1.591801061e-03
      vertex -5.331529537e-04 -4.460209981e-03 2.195967594e-03
    endloop
  endfacet
  facet normal 6.745060533e-02 9.201511741e-01 -3.857100904e-01
    outer loop
      vertex -1.797674049e-04 -4.723764025e-03 1.629030332e-03
      vertex -5.331529537e-04 -4.460209981e-03 2.195967594e-03
      vertex -2.669140231e-04 -4.456681665e-03 2.250943100e-03
    endloop
  endfacet
  facet normal 9.287808836e-02 8.581811190e-01 -5.048750639e-01
    outer loop
      vertex -2.669140231e-04 -4.456681665e-03 2.250943100e-03
      vertex -5.331529537e-04 -4.460209981e-03 2.195967594e-03
      vertex -6.963101914e-04 -4.111181479e-03 2.759227529e-03
    endloop
  endfacet
  facet normal 9.287804365e-02 8.581811190e-01 -5.048750639e-01
    outer loop
      vertex -2.669140231e-04 -4.456681665e-03 2.250943100e-03
      vertex -6.963101914e-04 -4.111181479e-03 2.759227529e-03
      vertex -3.490885138e-04 -4.106579814e-03 2.830924699e-03
    endloop
  endfacet
  facet normal 1.165581122e-01 7.802186012e-01 -6.145511866e-01
    outer loop
      vertex -3.490885138e-04 -4.106579814e-03 2.830924699e-03
      vertex -6.963101914e-04 -4.111181479e-03 2.759227529e-03
      vertex -8.464964922e-04 -3.685569856e-03 3.271088237e-03
    endloop
  endfacet
  facet normal 1.165581420e-01 7.802186012e-01 -6.145511866e-01
    outer loop
      vertex -3.490885138e-04 -4.106579814e-03 2.830924699e-03
      vertex -8.464964922e-04 -3.685569856e-03 3.271088237e-03
      vertex -4.247601610e-04 -3.679980990e-03 3.358172020e-03
    endloop
  endfacet
  facet normal 1.380503774e-01 6.877496839e-01 -7.127008438e-01
    outer loop
      vertex -4.247601610e-04 -3.679980990e-03 3.358172020e-03
      vertex -8.464964922e-04 -3.685569856e-03 3.271088237e-03
      vertex -9.809142211e-04 -3.191302996e-03 3.722014604e-03
    endloop
  endfacet
  facet normal 1.380505115e-01 6.877497435e-01 -7.127007246e-01
    outer loop
      vertex -4.247601610e-04 -3.679980990e-03 3.358172020e-03
      vertex -9.809142211e-04 -3.191302996e-03 3.722014604e-03
      vertex -4.925193498e-04 -3.184830537e-03 3.822862869e-03
    endloop
  endfacet
  facet normal 1.569575816e-01 5.825278163e-01 -7.975121737e-01
    outer loop
      vertex -4.925193498e-04 -3.184830537e-03 3.822862869e-03
      vertex -9.809142211e-04 -3.191302996e-03 3.722014604e-03
      vertex -1.097059227e-03 -2.637587953e-03 4.103607032e-03
    endloop
  endfacet
  facet normal 1.569575816e-01 5.825278163e-01 -7.975121737e-01
    outer loop
      vertex -4.925193498e-04 -3.184830537e-03 3.822862869e-03
      vertex -1.097059227e-03 -2.637587953e-03 4.103607032e-03
      vertex -5.511037889e-04 -2.630352741e-03 4.216340836e-03
    endloop
  endfacet
  facet normal 1.729328185e-01 4.665328562e-01 -8.674337864e-01
    outer loop
      vertex -5.511037889e-04 -2.630352741e-03 4.216340836e-03
      vertex -1.097059227e-03 -2.637587953e-03 4.103607032e-03
      vertex -1.192768221e-03 -2.034739591e-03 4.408756737e-03
    endloop
  endfacet
  facet normal 1.729331464e-01 4.665331542e-01 -8.674335480e-01
    outer loop
      vertex -5.511037889e-04 -2.630352741e-03 4.216340836e-03
      vertex -1.192768221e-03 -2.034739591e-03 4.408756737e-03
      vertex -5.994222593e-04 -2.026876435e-03 4.531276412e-03
    endloop
  endfacet
  facet normal 1.856858283e-01 3.419332504e-01 -9.211962223e-01
    outer loop
      vertex -5.994222593e-04 -2.026876435e-03 4.531276412e-03
      vertex -1.192768221e-03 -2.034739591e-03 4.408756737e-03
      vertex -1.266258070e-03 -1.393988146e-03 4.631780088e-03
    endloop
  endfacet
  facet normal 1.856853068e-01 3.419327438e-01 -9.211964607e-01
    outer loop
      vertex -5.994222593e-04 -2.026876435e-03 4.531276412e-03
      vertex -1.266258070e-03 -1.393988146e-03 4.631780088e-03
      vertex -6.365746376e-04 -1.385643380e-03 4.761802498e-03
    endloop
  endfacet
  facet normal 1.949847341e-01 2.110423446e-01 -9.578319788e-01
    outer loop
      vertex -6.365746376e-04 -1.385643380e-03 4.761802498e-03
      vertex -1.266258070e-03 -1.393988146e-03 4.631780088e-03
      vertex -1.316159964e-03 -7.272691582e-04 4.768521991e-03
    endloop
  endfacet
  facet normal 1.949845254e-01 2.110421211e-01 -9.578320384e-01
    outer loop
      vertex -6.365746376e-04 -1.385643380e-03 4.761802498e-03
      vertex -1.316159964e-03 -7.272691582e-04 4.768521991e-03
      vertex -6.618687185e-04 -7.185981958e-04 4.903625697e-03
    endloop
  endfacet
  facet normal 2.006635964e-01 7.627853006e-02 -9.766860604e-01
    outer loop
      vertex -6.618687185e-04 -7.185981958e-04 4.903625697e-03
      vertex -1.316159964e-03 -7.272691582e-04 4.768521991e-03
      vertex -1.341544441e-03 -4.700256613e-05 4.816435277e-03
    endloop
  endfacet
  facet normal 2.006640583e-01 7.627900690e-02 -9.766859412e-01
    outer loop
      vertex -6.618687185e-04 -7.185981958e-04 4.903625697e-03
      vertex -1.341544441e-03 -4.700256613e-05 4.816435277e-03
      vertex -6.748336018e-04 -3.816704339e-05 4.954103380e-03
    endloop
  endfacet
  facet normal 2.026210427e-01 -5.987609550e-02 -9.774249792e-01
    outer loop
      vertex -6.748336018e-04 -3.816704339e-05 4.954103380e-03
      vertex -1.341544441e-03 -4.700256613e-05 4.816435277e-03
      vertex -1.341938390e-03 6.341395783e-04 4.774627276e-03
    endloop
  endfacet
  facet normal 2.026210427e-01 -5.987609550e-02 -9.774249792e-01
    outer loop
      vertex -6.748336018e-04 -3.816704339e-05 4.954103380e-03
      vertex -1.341938390e-03 6.341395783e-04 4.774627276e-03
      vertex -6.752275513e-04 6.429750938e-04 4.912295844e-03
    endloop
  endfacet
  facet normal 2.008209229e-01 -1.949204803e-01 -9.600400925e-01
    outer loop
      vertex -6.752275513e-04 6.429750938e-04 4.912295844e-03
      vertex -1.341938390e-03 6.341395783e-04 4.774627276e-03
      vertex -1.317334478e-03 1.303468947e-03 4.643877503e-03
    endloop
  endfacet
  facet normal 2.008204311e-01 -1.949209571e-01 -9.600400925e-01
    outer loop
      vertex -6.752275513e-04 6.429750938e-04 4.912295844e-03
      vertex -1.317334478e-03 1.303468947e-03 4.643877503e-03
      vertex -6.630431744e-04 1.312139793e-03 4.778981209e-03
    endloop
  endfacet
  facet normal 1.952953190e-01 -3.263733387e-01 -9.248460531e-01
    outer loop
      vertex -6.630431744e-04 1.312139793e-03 4.778981209e-03
      vertex -1.317334478e-03 1.303468947e-03 4.643877503e-03
      vertex -1.268191147e-03 1.948517165e-03 4.426620901e-03
    endloop
  endfacet
  facet normal 1.952955574e-01 -3.263731301e-01 -9.248460531e-01
    outer loop
      vertex -6.630431744e-04 1.312139793e-03 4.778981209e-03
      vertex -1.268191147e-03 1.948517165e-03 4.426620901e-03
      vertex -6.385077140e-04 1.956861932e-03 4.556643311e-03
    endloop
  endfacet
  facet normal 1.861443222e-01 -4.518118799e-01 -8.724771142e-01
    outer loop
      vertex -6.385077140e-04 1.956861932e-03 4.556643311e-03
      vertex -1.268191147e-03 1.948517165e-03 4.426620901e-03
      vertex -1.195423887e-03 2.557268133e-03 4.126904532e-03
    endloop
  endfacet
  facet normal 1.861449182e-01 -4.518114328e-01 -8.724772334e-01
    outer loop
      vertex -6.385077140e-04 1.956861932e-03 4.556643311e-03
      vertex -1.195423887e-03 2.557268133e-03 4.126904532e-03
      vertex -6.020779256e-04 2.565131290e-03 4.249424208e-03
    endloop
  endfacet
  facet normal 1.735320240e-01 -5.689158440e-01 -8.038789630e-01
    outer loop
      vertex -6.020779256e-04 2.565131290e-03 4.249424208e-03
      vertex -1.195423887e-03 2.557268133e-03 4.126904532e-03
      vertex -1.100388006e-03 3.118382068e-03 3.750311676e-03
    endloop
  endfacet
  facet normal 1.735316217e-01 -5.689161420e-01 -8.038788438e-01
    outer loop
      vertex -6.020779256e-04 2.565131290e-03 4.249424208e-03
      vertex -1.100388006e-03 3.118382068e-03 3.750311676e-03
      vertex -5.544326850e-04 3.125617281e-03 3.863045480e-03
    endloop
  endfacet
  facet normal 1.576851457e-01 -6.755072474e-01 -7.202953696e-01
    outer loop
      vertex -5.544326850e-04 3.125617281e-03 3.863045480e-03
      vertex -1.100388006e-03 3.118382068e-03 3.750311676e-03
      vertex -9.848541813e-04 3.621406388e-03 3.303857986e-03
    endloop
  endfacet
  facet normal 1.576851457e-01 -6.755071878e-01 -7.202953696e-01
    outer loop
      vertex -5.544326850e-04 3.125617281e-03 3.863045480e-03
      vertex -9.848541813e-04 3.621406388e-03 3.303857986e-03
      vertex -4.964593682e-04 3.627878847e-03 3.404706018e-03
    endloop
  endfacet
  facet normal 1.115634963e-01 9.209312797e-01 -3.734154701e-01
    outer loop
      vertex -3.600641503e-04 -4.726153333e-03 1.591801061e-03
      vertex -7.894110167e-04 -4.465921782e-03 2.105319407e-03
      vertex -5.331529537e-04 -4.460209981e-03 2.195967594e-03
    endloop
  endfacet
  facet normal 1.534671932e-01 8.592526913e-01 -4.879883826e-01
    outer loop
      vertex -5.331529537e-04 -4.460209981e-03 2.195967594e-03
      vertex -7.894110167e-04 -4.465921782e-03 2.105319407e-03
      vertex -1.030514948e-03 -4.118631128e-03 2.641006373e-03
    endloop
  endfacet
  facet normal 1.534671038e-01 8.592526317e-01 -4.879884422e-01
    outer loop
      vertex -5.331529537e-04 -4.460209981e-03 2.195967594e-03
      vertex -1.030514948e-03 -4.118631128e-03 2.641006373e-03
      vertex -6.963101914e-04 -4.111181479e-03 2.759227529e-03
    endloop
  endfacet
  facet normal 1.924835593e-01 7.815612555e-01 -5.933903456e-01
    outer loop
      vertex -6.963101914e-04 -4.111181479e-03 2.759227529e-03
      vertex -1.030514948e-03 -4.118631128e-03 2.641006373e-03
      vertex -1.252422458e-03 -3.694618121e-03 3.127496457e-03
    endloop
  endfacet
  facet normal 1.924837232e-01 7.815613151e-01 -5.933901668e-01
    outer loop
      vertex -6.963101914e-04 -4.111181479e-03 2.759227529e-03
      vertex -1.252422458e-03 -3.694618121e-03 3.127496457e-03
      vertex -8.464964922e-04 -3.685569856e-03 3.271088237e-03
    endloop
  endfacet
  facet normal 2.278871834e-01 6.893385649e-01 -6.876625419e-01
    outer loop
      vertex -8.464964922e-04 -3.685569856e-03 3.271088237e-03
      vertex -1.252422458e-03 -3.694618121e-03 3.127496457e-03
      vertex -1.450999640e-03 -3.201781306e-03 3.555727424e-03
    endloop
  endfacet
  facet normal 2.278870791e-01 6.893385053e-01 -6.876626611e-01
    outer loop
      vertex -8.464964922e-04 -3.685569856e-03 3.271088237e-03
      vertex -1.450999640e-03 -3.201781306e-03 3.555727424e-03
      vertex -9.809142211e-04 -3.191302996e-03 3.722014604e-03
    endloop
  endfacet
  facet normal 2.590230703e-01 5.843330026e-01 -7.690656185e-01
    outer loop
      vertex -9.809142211e-04 -3.191302996e-03 3.722014604e-03
      vertex -1.450999640e-03 -3.201781306e-03 3.555727424e-03
      vertex -1.622547396e-03 -2.649301430e-03 3.917721566e-03
    endloop
  endfacet
  facet normal 2.590228617e-01 5.843328238e-01 -7.690658569e-01
    outer loop
      vertex -9.809142211e-04 -3.191302996e-03 3.722014604e-03
      vertex -1.622547396e-03 -2.649301430e-03 3.917721566e-03
      vertex -1.097059227e-03 -2.637587953e-03 4.103607032e-03
    endloop
  endfacet
  facet normal 2.853206396e-01 4.685202837e-01 -8.361105919e-01
    outer loop
      vertex -1.097059227e-03 -2.637587953e-03 4.103607032e-03
      vertex -1.622547396e-03 -2.649301430e-03 3.917721566e-03
      vertex -1.763870241e-03 -2.047469607e-03 4.206736106e-03
    endloop
  endfacet
  facet normal 2.853208184e-01 4.685204625e-01 -8.361104131e-01
    outer loop
      vertex -1.097059227e-03 -2.637587953e-03 4.103607032e-03
      vertex -1.763870241e-03 -2.047469607e-03 4.206736106e-03
      vertex -1.192768221e-03 -2.034739591e-03 4.408756737e-03
    endloop
  endfacet
  facet normal 3.063016534e-01 3.440661728e-01 -8.875797391e-01
    outer loop
      vertex -1.192768221e-03 -2.034739591e-03 4.408756737e-03
      vertex -1.763870241e-03 -2.047469607e-03 4.206736106e-03
      vertex -1.872335561e-03 -1.407497912e-03 4.417387303e-03
    endloop
  endfacet
  facet normal 3.063017726e-01 3.440663218e-01 -8.875796199e-01
    outer loop
      vertex -1.192768221e-03 -2.034739591e-03 4.408756737e-03
      vertex -1.872335561e-03 -1.407497912e-03 4.417387303e-03
      vertex -1.266258070e-03 -1.393988146e-03 4.631780088e-03
    endloop
  endfacet
  facet normal 3.215864301e-01 2.132809758e-01 -9.225472212e-01
    outer loop
      vertex -1.266258070e-03 -1.393988146e-03 4.631780088e-03
      vertex -1.872335561e-03 -1.407497912e-03 4.417387303e-03
      vertex -1.945922733e-03 -7.413068088e-04 4.545750562e-03
    endloop
  endfacet
  facet normal 3.215867281e-01 2.132812887e-01 -9.225470424e-01
    outer loop
      vertex -1.266258070e-03 -1.393988146e-03 4.631780088e-03
      vertex -1.945922733e-03 -7.413068088e-04 4.545750562e-03
      vertex -1.316159964e-03 -7.272691582e-04 4.768521991e-03
    endloop
  endfacet
  facet normal 3.309003115e-01 7.858221233e-02 -9.403881431e-01
    outer loop
      vertex -1.316159964e-03 -7.272691582e-04 4.768521991e-03
      vertex -1.945922733e-03 -7.413068088e-04 4.545750562e-03
      vertex -1.983260969e-03 -6.130670226e-05 4.589435179e-03
    endloop
  endfacet
  facet normal 3.308999538e-01 7.858179510e-02 -9.403882623e-01
    outer loop
      vertex -1.316159964e-03 -7.272691582e-04 4.768521991e-03
      vertex -1.983260969e-03 -6.130670226e-05 4.589435179e-03
      vertex -1.341544441e-03 -4.700256613e-05 4.816435277e-03
    endloop
  endfacet
  facet normal 3.340756595e-01 -5.755130947e-02 -9.407876134e-01
    outer loop
      vertex -1.341544441e-03 -4.700256613e-05 4.816435277e-03
      vertex -1.983260969e-03 -6.130670226e-05 4.589435179e-03
      vertex -1.983654918e-03 6.198354531e-04 4.547627643e-03
    endloop
  endfacet
  facet normal 3.340756595e-01 -5.755130947e-02 -9.407876134e-01
    outer loop
      vertex -1.341544441e-03 -4.700256613e-05 4.816435277e-03
      vertex -1.983654918e-03 6.198354531e-04 4.547627643e-03
      vertex -1.341938390e-03 6.341395783e-04 4.774627276e-03
    endloop
  endfacet
  facet normal 3.310567737e-01 -1.926176697e-01 -9.237422943e-01
    outer loop
      vertex -1.341938390e-03 6.341395783e-04 4.774627276e-03
      vertex -1.983654918e-03 6.198354531e-04 4.547627643e-03
      vertex -1.947097131e-03 1.289431239e-03 4.421106074e-03
    endloop
  endfacet
  facet normal 3.310571611e-01 -1.926172674e-01 -9.237422347e-01
    outer loop
      vertex -1.341938390e-03 6.341395783e-04 4.774627276e-03
      vertex -1.947097131e-03 1.289431239e-03 4.421106074e-03
      vertex -1.317334478e-03 1.303468947e-03 4.643877503e-03
    endloop
  endfacet
  facet normal 3.218975663e-01 -3.241340816e-01 -8.895611763e-01
    outer loop
      vertex -1.317334478e-03 1.303468947e-03 4.643877503e-03
      vertex -1.947097131e-03 1.289431239e-03 4.421106074e-03
      vertex -1.874268637e-03 1.935007400e-03 4.212227650e-03
    endloop
  endfacet
  facet normal 3.218972087e-01 -3.241343796e-01 -8.895611763e-01
    outer loop
      vertex -1.317334478e-03 1.303468947e-03 4.643877503e-03
      vertex -1.874268637e-03 1.935007400e-03 4.212227650e-03
      vertex -1.268191147e-03 1.948517165e-03 4.426620901e-03
    endloop
  endfacet
  facet normal 3.067608476e-01 -4.496786296e-01 -8.388604522e-01
    outer loop
      vertex -1.268191147e-03 1.948517165e-03 4.426620901e-03
      vertex -1.874268637e-03 1.935007400e-03 4.212227650e-03
      vertex -1.766525907e-03 2.544537885e-03 3.924883902e-03
    endloop
  endfacet
  facet normal 3.067606688e-01 -4.496787786e-01 -8.388604522e-01
    outer loop
      vertex -1.268191147e-03 1.948517165e-03 4.426620901e-03
      vertex -1.766525907e-03 2.544537885e-03 3.924883902e-03
      vertex -1.195423887e-03 2.557268133e-03 4.126904532e-03
    endloop
  endfacet
  facet normal 2.859196961e-01 -5.669280887e-01 -7.725557685e-01
    outer loop
      vertex -1.195423887e-03 2.557268133e-03 4.126904532e-03
      vertex -1.766525907e-03 2.544537885e-03 3.924883902e-03
      vertex -1.625876292e-03 3.106668824e-03 3.564426443e-03
    endloop
  endfacet
  facet normal 2.859194279e-01 -5.669282675e-01 -7.725557685e-01
    outer loop
      vertex -1.195423887e-03 2.557268133e-03 4.126904532e-03
      vertex -1.625876292e-03 3.106668824e-03 3.564426443e-03
      vertex -1.100388006e-03 3.118382068e-03 3.750311676e-03
    endloop
  endfacet
  facet normal 2.597503662e-01 -6.737023592e-01 -6.918488741e-01
    outer loop
      vertex -1.100388006e-03 3.118382068e-03 3.750311676e-03
      vertex -1.625876292e-03 3.106668824e-03 3.564426443e-03
      vertex -1.454939716e-03 3.610928077e-03 3.137570573e-03
    endloop
  endfacet
  facet normal 2.597506642e-01 -6.737021804e-01 -6.918489337e-01
    outer loop
      vertex -1.100388006e-03 3.118382068e-03 3.750311676e-03
      vertex -1.454939716e-03 3.610928077e-03 3.137570573e-03
      vertex -9.848541813e-04 3.621406388e-03 3.303857986e-03
    endloop
  endfacet
  facet normal 2.238520421e-02 9.997443557e-01 3.190267133e-03
    outer loop
      vertex 2.886239599e-06 -4.990607034e-03 3.063180193e-04
      vertex -1.813863346e-04 -4.984384403e-03 -3.507265355e-04
      vertex -2.689178509e-04 -4.982524086e-03 -3.195892496e-04
    endloop
  endfacet
  facet normal 6.788434833e-02 9.889572263e-01 1.317396462e-01
    outer loop
      vertex -2.689178509e-04 -4.982524086e-03 -3.195892496e-04
      vertex -1.813863346e-04 -4.984384403e-03 -3.507265355e-04
      vertex -3.622800286e-04 -4.885312635e-03 -1.001237775e-03
    endloop
  endfacet
  facet normal 6.788438559e-02 9.889572263e-01 1.317396462e-01
    outer loop
      vertex -2.689178509e-04 -4.982524086e-03 -3.195892496e-04
      vertex -3.622800286e-04 -4.885312635e-03 -1.001237775e-03
      vertex -5.357125192e-04 -4.881625995e-03 -9.395431262e-04
    endloop
  endfacet
  facet normal 1.121028364e-01 9.596745372e-01 2.577939034e-01
    outer loop
      vertex -5.357125192e-04 -4.881625995e-03 -9.395431262e-04
      vertex -3.622800286e-04 -4.885312635e-03 -1.001237775e-03
      vertex -5.364250974e-04 -4.695235752e-03 -1.633097883e-03
    endloop
  endfacet
  facet normal 1.121029034e-01 9.596745372e-01 2.577939034e-01
    outer loop
      vertex -5.357125192e-04 -4.881625995e-03 -9.395431262e-04
      vertex -5.364250974e-04 -4.695235752e-03 -1.633097883e-03
      vertex -7.925278624e-04 -4.689792171e-03 -1.541995211e-03
    endloop
  endfacet
  facet normal 1.542080790e-01 9.124665856e-01 3.789784312e-01
    outer loop
      vertex -7.925278624e-04 -4.689792171e-03 -1.541995211e-03
      vertex -5.364250974e-04 -4.695235752e-03 -1.633097883e-03
      vertex -7.005776279e-04 -4.417695571e-03 -2.234536223e-03
    endloop
  endfacet
  facet normal 1.542079598e-01 9.124665856e-01 3.789784312e-01
    outer loop
      vertex -7.925278624e-04 -4.689792171e-03 -1.541995211e-03
      vertex -7.005776279e-04 -4.417695571e-03 -2.234536223e-03
      vertex -1.034579938e-03 -4.410596099e-03 -2.115722746e-03
    endloop
  endfacet
  facet normal 1.934119165e-01 8.482447863e-01 4.930239320e-01
    outer loop
      vertex -1.034579938e-03 -4.410596099e-03 -2.115722746e-03
      vertex -7.005776279e-04 -4.417695571e-03 -2.234536223e-03
      vertex -8.516797097e-04 -4.057862796e-03 -2.794349799e-03
    endloop
  endfacet
  facet normal 1.934121549e-01 8.482447267e-01 4.930239618e-01
    outer loop
      vertex -1.034579938e-03 -4.410596099e-03 -2.115722746e-03
      vertex -8.516797097e-04 -4.057862796e-03 -2.794349799e-03
      vertex -1.257359749e-03 -4.049239680e-03 -2.650038339e-03
    endloop
  endfacet
  facet normal 2.289857119e-01 7.682398558e-01 5.978069305e-01
    outer loop
      vertex -1.257359749e-03 -4.049239680e-03 -2.650038339e-03
      vertex -8.516797097e-04 -4.057862796e-03 -2.794349799e-03
      vertex -9.869167116e-04 -3.622439457e-03 -3.302109661e-03
    endloop
  endfacet
  facet normal 2.289855629e-01 7.682399154e-01 5.978068709e-01
    outer loop
      vertex -1.257359749e-03 -4.049239680e-03 -2.650038339e-03
      vertex -9.869167116e-04 -3.622439457e-03 -3.302109661e-03
      vertex -1.456717262e-03 -3.612453351e-03 -3.134988947e-03
    endloop
  endfacet
  facet normal 2.602711320e-01 6.739746332e-01 6.913878322e-01
    outer loop
      vertex -1.456717262e-03 -3.612453351e-03 -3.134988947e-03
      vertex -9.869167116e-04 -3.622439457e-03 -3.302109661e-03
      vertex -1.103769056e-03 -3.119536908e-03 -3.748357296e-03
    endloop
  endfacet
  facet normal 2.602708340e-01 6.739747524e-01 6.913877726e-01
    outer loop
      vertex -1.456717262e-03 -3.612453351e-03 -3.134988947e-03
      vertex -1.103769056e-03 -3.119536908e-03 -3.748357296e-03
      vertex -1.628938830e-03 -3.108374076e-03 -3.561540507e-03
    endloop
  endfacet
  facet normal 2.866948545e-01 5.672282577e-01 7.720479965e-01
    outer loop
      vertex -1.628938830e-03 -3.108374076e-03 -3.561540507e-03
      vertex -1.103769056e-03 -3.119536908e-03 -3.748357296e-03
      vertex -1.200060593e-03 -2.558523091e-03 -4.124780186e-03
    endloop
  endfacet
  facet normal 2.866951227e-01 5.672280788e-01 7.720480561e-01
    outer loop
      vertex -1.628938830e-03 -3.108374076e-03 -3.561540507e-03
      vertex -1.200060593e-03 -2.558523091e-03 -4.124780186e-03
      vertex -1.770816511e-03 -2.546391217e-03 -3.921747208e-03
    endloop
  endfacet
  facet normal 3.077765107e-01 4.500007331e-01 8.383155465e-01
    outer loop
      vertex -1.770816511e-03 -2.546391217e-03 -3.921747208e-03
      vertex -1.200060593e-03 -2.558523091e-03 -4.124780186e-03
      vertex -1.273997012e-03 -1.949849073e-03 -4.424366634e-03
    endloop
  endfacet
  facet normal 3.077766895e-01 4.500005841e-01 8.383155465e-01
    outer loop
      vertex -1.770816511e-03 -2.546391217e-03 -3.921747208e-03
      vertex -1.273997012e-03 -1.949849073e-03 -4.424366634e-03
      vertex -1.879707212e-03 -1.936974120e-03 -4.208899103e-03
    endloop
  endfacet
  facet normal 3.231344521e-01 3.244723082e-01 8.889892101e-01
    outer loop
      vertex -1.879707212e-03 -1.936974120e-03 -4.208899103e-03
      vertex -1.273997012e-03 -1.949849073e-03 -4.424366634e-03
      vertex -1.324201352e-03 -1.304852893e-03 -4.641535226e-03
    endloop
  endfacet
  facet normal 3.231348097e-01 3.244720101e-01 8.889892101e-01
    outer loop
      vertex -1.879707212e-03 -1.936974120e-03 -4.208899103e-03
      vertex -1.324201352e-03 -1.304852893e-03 -4.641535226e-03
      vertex -1.953582512e-03 -1.291474793e-03 -4.417647142e-03
    endloop
  endfacet
  facet normal 3.324928284e-01 1.929648966e-01 9.231538773e-01
    outer loop
      vertex -1.953582512e-03 -1.291474793e-03 -4.417647142e-03
      vertex -1.324201352e-03 -1.304852893e-03 -4.641535226e-03
      vertex -1.349738450e-03 -6.355497753e-04 -4.772240762e-03
    endloop
  endfacet
  facet normal 3.324924111e-01 1.929653138e-01 9.231539369e-01
    outer loop
      vertex -1.953582512e-03 -1.291474793e-03 -4.417647142e-03
      vertex -1.349738450e-03 -6.355497753e-04 -4.772240762e-03
      vertex -1.991066150e-03 -6.219178322e-04 -4.544103052e-03
    endloop
  endfacet
  facet normal 3.356830478e-01 5.790220201e-02 9.401937127e-01
    outer loop
      vertex -1.991066150e-03 -6.219178322e-04 -4.544103052e-03
      vertex -1.349738450e-03 -6.355497753e-04 -4.772240762e-03
      vertex -1.350132399e-03 4.559237277e-05 -4.814048298e-03
    endloop
  endfacet
  facet normal 3.356830478e-01 5.790220201e-02 9.401937127e-01
    outer loop
      vertex -1.991066150e-03 -6.219178322e-04 -4.544103052e-03
      vertex -1.350132399e-03 4.559237277e-05 -4.814048298e-03
      vertex -1.991460100e-03 5.922430501e-05 -4.585910589e-03
    endloop
  endfacet
  facet normal 3.326492906e-01 -7.823415846e-02 9.397999048e-01
    outer loop
      vertex -1.991460100e-03 5.922430501e-05 -4.585910589e-03
      vertex -1.350132399e-03 4.559237277e-05 -4.814048298e-03
      vertex -1.325375866e-03 7.258852129e-04 -4.766179714e-03
    endloop
  endfacet
  facet normal 3.326496482e-01 -7.823456824e-02 9.397997260e-01
    outer loop
      vertex -1.991460100e-03 5.922430501e-05 -4.585910589e-03
      vertex -1.325375866e-03 7.258852129e-04 -4.766179714e-03
      vertex -1.954756910e-03 7.392631960e-04 -4.542291630e-03
    endloop
  endfacet
  facet normal 3.234455884e-01 -2.129433602e-01 9.219750762e-01
    outer loop
      vertex -1.954756910e-03 7.392631960e-04 -4.542291630e-03
      vertex -1.325375866e-03 7.258852129e-04 -4.766179714e-03
      vertex -1.275930088e-03 1.392656239e-03 -4.629525822e-03
    endloop
  endfacet
  facet normal 3.234452903e-01 -2.129430324e-01 9.219752550e-01
    outer loop
      vertex -1.954756910e-03 7.392631960e-04 -4.542291630e-03
      vertex -1.275930088e-03 1.392656239e-03 -4.629525822e-03
      vertex -1.881640288e-03 1.405531075e-03 -4.414058290e-03
    endloop
  endfacet
  facet normal 3.082357049e-01 -3.437443376e-01 8.870347142e-01
    outer loop
      vertex -1.881640288e-03 1.405531075e-03 -4.414058290e-03
      vertex -1.275930088e-03 1.392656239e-03 -4.629525822e-03
      vertex -1.202716259e-03 2.033484634e-03 -4.406632856e-03
    endloop
  endfacet
  facet normal 3.082355559e-01 -3.437442183e-01 8.870348334e-01
    outer loop
      vertex -1.881640288e-03 1.405531075e-03 -4.414058290e-03
      vertex -1.202716259e-03 2.033484634e-03 -4.406632856e-03
      vertex -1.773472177e-03 2.045616508e-03 -4.203599412e-03
    endloop
  endfacet
  facet normal 2.872939408e-01 -4.682204723e-01 8.356026411e-01
    outer loop
      vertex -1.773472177e-03 2.045616508e-03 -4.203599412e-03
      vertex -1.202716259e-03 2.033484634e-03 -4.406632856e-03
      vertex -1.107097953e-03 2.636433346e-03 -4.101652652e-03
    endloop
  endfacet
  facet normal 2.872937322e-01 -4.682202637e-01 8.356028199e-01
    outer loop
      vertex -1.773472177e-03 2.045616508e-03 -4.203599412e-03
      vertex -1.107097953e-03 2.636433346e-03 -4.101652652e-03
      vertex -1.632267726e-03 2.647596179e-03 -3.914835397e-03
    endloop
  endfacet
  facet normal 2.609984577e-01 -5.840604305e-01 7.686047554e-01
    outer loop
      vertex -1.632267726e-03 2.647596179e-03 -3.914835397e-03
      vertex -1.107097953e-03 2.636433346e-03 -4.101652652e-03
      vertex -9.908566717e-04 3.190269927e-03 -3.720266279e-03
    endloop
  endfacet
  facet normal 2.609986663e-01 -5.840606093e-01 7.686045170e-01
    outer loop
      vertex -1.632267726e-03 2.647596179e-03 -3.914835397e-03
      vertex -9.908566717e-04 3.190269927e-03 -3.720266279e-03
      vertex -1.460657222e-03 3.200255800e-03 -3.553145565e-03
    endloop
  endfacet
  facet normal 1.339787059e-02 9.998939037e-01 5.712242331e-03
    outer loop
      vertex 2.886239599e-06 -4.990607034e-03 3.063180193e-04
      vertex -9.042268357e-05 -4.985495005e-03 -3.696775530e-04
      vertex -1.813863346e-04 -4.984384403e-03 -3.507265355e-04
    endloop
  endfacet
  facet normal 4.109215364e-02 9.894031882e-01 1.392579228e-01
    outer loop
      vertex -1.813863346e-04 -4.984384403e-03 -3.507265355e-04
      vertex -9.042268357e-05 -4.985495005e-03 -3.696775530e-04
      vertex -1.820472098e-04 -4.887512885e-03 -1.038786722e-03
    endloop
  endfacet
  facet normal 4.109218344e-02 9.894031882e-01 1.392579228e-01
    outer loop
      vertex -1.813863346e-04 -4.984384403e-03 -3.507265355e-04
      vertex -1.820472098e-04 -4.887512885e-03 -1.038786722e-03
      vertex -3.622800286e-04 -4.885312635e-03 -1.001237775e-03
    endloop
  endfacet
  facet normal 6.801120937e-02 9.604084492e-01 2.701666951e-01
    outer loop
      vertex -3.622800286e-04 -4.885312635e-03 -1.001237775e-03
      vertex -1.820472098e-04 -4.887512885e-03 -1.038786722e-03
      vertex -2.702805214e-04 -4.698485136e-03 -1.688545221e-03
    endloop
  endfacet
  facet normal 6.801108271e-02 9.604085088e-01 2.701666653e-01
    outer loop
      vertex -3.622800286e-04 -4.885312635e-03 -1.001237775e-03
      vertex -2.702805214e-04 -4.698485136e-03 -1.688545221e-03
      vertex -5.364250974e-04 -4.695235752e-03 -1.633097883e-03
    endloop
  endfacet
  facet normal 9.364791214e-02 9.134746194e-01 3.959724903e-01
    outer loop
      vertex -5.364250974e-04 -4.695235752e-03 -1.633097883e-03
      vertex -2.702805214e-04 -4.698485136e-03 -1.688545221e-03
      vertex -3.534790303e-04 -4.421933554e-03 -2.306849230e-03
    endloop
  endfacet
  facet normal 9.364785999e-02 9.134746194e-01 3.959724903e-01
    outer loop
      vertex -5.364250974e-04 -4.695235752e-03 -1.633097883e-03
      vertex -3.534790303e-04 -4.421933554e-03 -2.306849230e-03
      vertex -7.005776279e-04 -4.417695571e-03 -2.234536223e-03
    endloop
  endfacet
  facet normal 1.175227836e-01 8.495079875e-01 5.143194795e-01
    outer loop
      vertex -7.005776279e-04 -4.417695571e-03 -2.234536223e-03
      vertex -3.534790303e-04 -4.421933554e-03 -2.306849230e-03
      vertex -4.300928849e-04 -4.063010216e-03 -2.882181434e-03
    endloop
  endfacet
  facet normal 1.175228283e-01 8.495079875e-01 5.143194795e-01
    outer loop
      vertex -7.005776279e-04 -4.417695571e-03 -2.234536223e-03
      vertex -4.300928849e-04 -4.063010216e-03 -2.882181434e-03
      vertex -8.516797097e-04 -4.057862796e-03 -2.794349799e-03
    endloop
  endfacet
  facet normal 1.391917914e-01 7.697345614e-01 6.230043173e-01
    outer loop
      vertex -8.516797097e-04 -4.057862796e-03 -2.794349799e-03
      vertex -4.300928849e-04 -4.063010216e-03 -2.882181434e-03
      vertex -4.986949498e-04 -3.628400154e-03 -3.403823823e-03
    endloop
  endfacet
  facet normal 1.391919553e-01 7.697345018e-01 6.230043769e-01
    outer loop
      vertex -8.516797097e-04 -4.057862796e-03 -2.794349799e-03
      vertex -4.986949498e-04 -3.628400154e-03 -3.403823823e-03
      vertex -9.869167116e-04 -3.622439457e-03 -3.302109661e-03
    endloop
  endfacet
  facet normal 1.582543999e-01 6.756727099e-01 7.200152278e-01
    outer loop
      vertex -9.869167116e-04 -3.622439457e-03 -3.302109661e-03
      vertex -4.986949498e-04 -3.628400154e-03 -3.403823823e-03
      vertex -5.580072175e-04 -3.126200289e-03 -3.862058977e-03
    endloop
  endfacet
  facet normal 1.582543850e-01 6.756727695e-01 7.200152278e-01
    outer loop
      vertex -9.869167116e-04 -3.622439457e-03 -3.302109661e-03
      vertex -5.580072175e-04 -3.126200289e-03 -3.862058977e-03
      vertex -1.103769056e-03 -3.119536908e-03 -3.748357296e-03
    endloop
  endfacet
  facet normal 1.743607521e-01 5.690984130e-01 8.035703897e-01
    outer loop
      vertex -1.103769056e-03 -3.119536908e-03 -3.748357296e-03
      vertex -5.580072175e-04 -3.126200289e-03 -3.862058977e-03
      vertex -6.069249357e-04 -2.565764822e-03 -4.248352256e-03
    endloop
  endfacet
  facet normal 1.743611395e-01 5.690981150e-01 8.035705090e-01
    outer loop
      vertex -1.103769056e-03 -3.119536908e-03 -3.748357296e-03
      vertex -6.069249357e-04 -2.565764822e-03 -4.248352256e-03
      vertex -1.200060593e-03 -2.558523091e-03 -4.124780186e-03
    endloop
  endfacet
  facet normal 1.872183681e-01 4.520070255e-01 8.721461892e-01
    outer loop
      vertex -1.200060593e-03 -2.558523091e-03 -4.124780186e-03
      vertex -6.069249357e-04 -2.565764822e-03 -4.248352256e-03
      vertex -6.445367471e-04 -1.957534114e-03 -4.555505700e-03
    endloop
  endfacet
  facet normal 1.872177720e-01 4.520075023e-01 8.721460700e-01
    outer loop
      vertex -1.200060593e-03 -2.558523091e-03 -4.124780186e-03
      vertex -6.445367471e-04 -1.957534114e-03 -4.555505700e-03
      vertex -1.273997012e-03 -1.949849073e-03 -4.424366634e-03
    endloop
  endfacet
  facet normal 1.965932995e-01 3.265784681e-01 9.244985580e-01
    outer loop
      vertex -1.273997012e-03 -1.949849073e-03 -4.424366634e-03
      vertex -6.445367471e-04 -1.957534114e-03 -4.555505700e-03
      vertex -6.701420643e-04 -1.312838285e-03 -4.777798895e-03
    endloop
  endfacet
  facet normal 1.965930760e-01 3.265786767e-01 9.244985580e-01
    outer loop
      vertex -1.273997012e-03 -1.949849073e-03 -4.424366634e-03
      vertex -6.701420643e-04 -1.312838285e-03 -4.777798895e-03
      vertex -1.324201352e-03 -1.304852893e-03 -4.641535226e-03
    endloop
  endfacet
  facet normal 2.023183256e-01 1.951321661e-01 9.596826434e-01
    outer loop
      vertex -1.324201352e-03 -1.304852893e-03 -4.641535226e-03
      vertex -6.701420643e-04 -1.312838285e-03 -4.777798895e-03
      vertex -6.832639338e-04 -6.436868571e-04 -4.911091179e-03
    endloop
  endfacet
  facet normal 2.023188025e-01 1.951316893e-01 9.596826434e-01
    outer loop
      vertex -1.324201352e-03 -1.304852893e-03 -4.641535226e-03
      vertex -6.832639338e-04 -6.436868571e-04 -4.911091179e-03
      vertex -1.349738450e-03 -6.355497753e-04 -4.772240762e-03
    endloop
  endfacet
  facet normal 2.042912543e-01 6.008928269e-02 9.770641327e-01
    outer loop
      vertex -1.349738450e-03 -6.355497753e-04 -4.772240762e-03
      vertex -6.832639338e-04 -6.436868571e-04 -4.911091179e-03
      vertex -6.836578832e-04 3.745531649e-05 -4.952899180e-03
    endloop
  endfacet
  facet normal 2.042912543e-01 6.008928269e-02 9.770641327e-01
    outer loop
      vertex -1.349738450e-03 -6.355497753e-04 -4.772240762e-03
      vertex -6.836578832e-04 3.745531649e-05 -4.952899180e-03
      vertex -1.350132399e-03 4.559237277e-05 -4.814048298e-03
    endloop
  endfacet
  facet normal 2.024756372e-01 -7.606779784e-02 9.763284922e-01
    outer loop
      vertex -1.350132399e-03 4.559237277e-05 -4.814048298e-03
      vertex -6.836578832e-04 3.745531649e-05 -4.952899180e-03
      vertex -6.713164621e-04 7.178997621e-04 -4.902443383e-03
    endloop
  endfacet
  facet normal 2.024751753e-01 -7.606732100e-02 9.763286114e-01
    outer loop
      vertex -1.350132399e-03 4.559237277e-05 -4.814048298e-03
      vertex -6.713164621e-04 7.178997621e-04 -4.902443383e-03
      vertex -1.325375866e-03 7.258852129e-04 -4.766179714e-03
    endloop
  endfacet
  facet normal 1.969038844e-01 -2.108368129e-01 9.574845433e-01
    outer loop
      vertex -1.325375866e-03 7.258852129e-04 -4.766179714e-03
      vertex -6.713164621e-04 7.178997621e-04 -4.902443383e-03
      vertex -6.464698818e-04 1.384971081e-03 -4.760664888e-03
    endloop
  endfacet
  facet normal 1.969040930e-01 -2.108370215e-01 9.574844837e-01
    outer loop
      vertex -1.325375866e-03 7.258852129e-04 -4.766179714e-03
      vertex -6.464698818e-04 1.384971081e-03 -4.760664888e-03
      vertex -1.275930088e-03 1.392656239e-03 -4.629525822e-03
    endloop
  endfacet
  facet normal 1.876768619e-01 -3.417371213e-01 9.208654165e-01
    outer loop
      vertex -1.275930088e-03 1.392656239e-03 -4.629525822e-03
      vertex -6.464698818e-04 1.384971081e-03 -4.760664888e-03
      vertex -6.095806020e-04 2.026242903e-03 -4.530204460e-03
    endloop
  endfacet
  facet normal 1.876773834e-01 -3.417376280e-01 9.208651185e-01
    outer loop
      vertex -1.275930088e-03 1.392656239e-03 -4.629525822e-03
      vertex -6.095806020e-04 2.026242903e-03 -4.530204460e-03
      vertex -1.202716259e-03 2.033484634e-03 -4.406632856e-03
    endloop
  endfacet
  facet normal 1.749599427e-01 -4.663508832e-01 8.671250343e-01
    outer loop
      vertex -1.202716259e-03 2.033484634e-03 -4.406632856e-03
      vertex -6.095806020e-04 2.026242903e-03 -4.530204460e-03
      vertex -5.613361136e-04 2.629769966e-03 -4.215354100e-03
    endloop
  endfacet
  facet normal 1.749596298e-01 -4.663506150e-01 8.671252728e-01
    outer loop
      vertex -1.202716259e-03 2.033484634e-03 -4.406632856e-03
      vertex -5.613361136e-04 2.629769966e-03 -4.215354100e-03
      vertex -1.107097953e-03 2.636433346e-03 -4.101652652e-03
    endloop
  endfacet
  facet normal 1.589819491e-01 -5.823622942e-01 7.972320318e-01
    outer loop
      vertex -1.107097953e-03 2.636433346e-03 -4.101652652e-03
      vertex -5.613361136e-04 2.629769966e-03 -4.215354100e-03
      vertex -5.026349681e-04 3.184308996e-03 -3.821980441e-03
    endloop
  endfacet
  facet normal 1.589819640e-01 -5.823622942e-01 7.972320318e-01
    outer loop
      vertex -1.107097953e-03 2.636433346e-03 -4.101652652e-03
      vertex -5.026349681e-04 3.184308996e-03 -3.821980441e-03
      vertex -9.908566717e-04 3.190269927e-03 -3.720266279e-03
    endloop
  endfacet
  facet normal 4.150171299e-03 9.999669790e-01 6.989271846e-03
    outer loop
      vertex 2.886239599e-06 -4.990607034e-03 3.063180193e-04
      vertex 2.278640977e-06 -4.985834938e-03 -3.760891559e-04
      vertex -9.042268357e-05 -4.985495005e-03 -3.696775530e-04
    endloop
  endfacet
  facet normal 1.352378633e-02 9.896209240e-01 1.430648863e-01
    outer loop
      vertex -9.042268357e-05 -4.985495005e-03 -3.696775530e-04
      vertex 2.278640977e-06 -4.985834938e-03 -3.760891559e-04
      vertex 1.628595896e-06 -4.888186231e-03 -1.051490428e-03
    endloop
  endfacet
  facet normal 1.352374721e-02 9.896209240e-01 1.430648863e-01
    outer loop
      vertex -9.042268357e-05 -4.985495005e-03 -3.696775530e-04
      vertex 1.628595896e-06 -4.888186231e-03 -1.051490428e-03
      vertex -1.820472098e-04 -4.887512885e-03 -1.038786722e-03
    endloop
  endfacet
  facet normal 2.264212444e-02 9.607667923e-01 2.764317989e-01
    outer loop
      vertex -1.820472098e-04 -4.887512885e-03 -1.038786722e-03
      vertex 1.628595896e-06 -4.888186231e-03 -1.051490428e-03
      vertex 9.482128007e-07 -4.699479789e-03 -1.707304502e-03
    endloop
  endfacet
  facet normal 2.264210209e-02 9.607667923e-01 2.764317691e-01
    outer loop
      vertex -1.820472098e-04 -4.887512885e-03 -1.038786722e-03
      vertex 9.482128007e-07 -4.699479789e-03 -1.707304502e-03
      vertex -2.702805214e-04 -4.698485136e-03 -1.688545221e-03
    endloop
  endfacet
  facet normal 3.133355081e-02 9.139667749e-01 4.045775533e-01
    outer loop
      vertex -2.702805214e-04 -4.698485136e-03 -1.688545221e-03
      vertex 9.482128007e-07 -4.699479789e-03 -1.707304502e-03
      vertex 2.501664085e-07 -4.423230421e-03 -2.331314608e-03
    endloop
  endfacet
  facet normal 3.133366629e-02 9.139667153e-01 4.045775831e-01
    outer loop
      vertex -2.702805214e-04 -4.698485136e-03 -1.688545221e-03
      vertex 2.501664085e-07 -4.423230421e-03 -2.331314608e-03
      vertex -3.534790303e-04 -4.421933554e-03 -2.306849230e-03
    endloop
  endfacet
  facet normal 3.943558410e-02 8.501245975e-01 5.251027942e-01
    outer loop
      vertex -3.534790303e-04 -4.421933554e-03 -2.306849230e-03
      vertex 2.501664085e-07 -4.423230421e-03 -2.331314608e-03
      vertex -4.525399788e-07 -4.064585548e-03 -2.911896911e-03
    endloop
  endfacet
  facet normal 3.943533823e-02 8.501247168e-01 5.251026750e-01
    outer loop
      vertex -3.534790303e-04 -4.421933554e-03 -2.306849230e-03
      vertex -4.525399788e-07 -4.064585548e-03 -2.911896911e-03
      vertex -4.300928849e-04 -4.063010216e-03 -2.882181434e-03
    endloop
  endfacet
  facet normal 4.679691792e-02 7.704643607e-01 6.357631087e-01
    outer loop
      vertex -4.300928849e-04 -4.063010216e-03 -2.882181434e-03
      vertex -4.525399788e-07 -4.064585548e-03 -2.911896911e-03
      vertex -1.146816658e-06 -3.630224615e-03 -3.438236192e-03
    endloop
  endfacet
  facet normal 4.679716378e-02 7.704642415e-01 6.357632279e-01
    outer loop
      vertex -4.300928849e-04 -4.063010216e-03 -2.882181434e-03
      vertex -1.146816658e-06 -3.630224615e-03 -3.438236192e-03
      vertex -4.986949498e-04 -3.628400154e-03 -3.403823823e-03
    endloop
  endfacet
  facet normal 5.328240991e-02 6.765016913e-01 7.345110178e-01
    outer loop
      vertex -4.986949498e-04 -3.628400154e-03 -3.403823823e-03
      vertex -1.146816658e-06 -3.630224615e-03 -3.438236192e-03
      vertex -1.819729846e-06 -3.128239652e-03 -3.900527256e-03
    endloop
  endfacet
  facet normal 5.328231305e-02 6.765017509e-01 7.345109582e-01
    outer loop
      vertex -4.986949498e-04 -3.628400154e-03 -3.403823823e-03
      vertex -1.819729846e-06 -3.128239652e-03 -3.900527256e-03
      vertex -5.580072175e-04 -3.126200289e-03 -3.862058977e-03
    endloop
  endfacet
  facet normal 5.877223238e-02 5.700111985e-01 8.195322156e-01
    outer loop
      vertex -5.580072175e-04 -3.126200289e-03 -3.862058977e-03
      vertex -1.819729846e-06 -3.128239652e-03 -3.900527256e-03
      vertex -2.458745485e-06 -2.567981137e-03 -4.290159326e-03
    endloop
  endfacet
  facet normal 5.877213553e-02 5.700112581e-01 8.195322156e-01
    outer loop
      vertex -5.580072175e-04 -3.126200289e-03 -3.862058977e-03
      vertex -2.458745485e-06 -2.567981137e-03 -4.290159326e-03
      vertex -6.069249357e-04 -2.565764822e-03 -4.248352256e-03
    endloop
  endfacet
  facet normal 6.316680461e-02 4.529872835e-01 8.892763853e-01
    outer loop
      vertex -6.069249357e-04 -2.565764822e-03 -4.248352256e-03
      vertex -2.458745485e-06 -2.567981137e-03 -4.290159326e-03
      vertex -3.051959311e-06 -1.959886402e-03 -4.599873442e-03
    endloop
  endfacet
  facet normal 6.316745281e-02 4.529867470e-01 8.892766237e-01
    outer loop
      vertex -6.069249357e-04 -2.565764822e-03 -4.248352256e-03
      vertex -3.051959311e-06 -1.959886402e-03 -4.599873442e-03
      vertex -6.445367471e-04 -1.957534114e-03 -4.555505700e-03
    endloop
  endfacet
  facet normal 6.638742238e-02 3.276063800e-01 9.424790740e-01
    outer loop
      vertex -6.445367471e-04 -1.957534114e-03 -4.555505700e-03
      vertex -3.051959311e-06 -1.959886402e-03 -4.599873442e-03
      vertex -3.588320396e-06 -1.315282541e-03 -4.823900759e-03
    endloop
  endfacet
  facet normal 6.638697535e-02 3.276067674e-01 9.424789548e-01
    outer loop
      vertex -6.445367471e-04 -1.957534114e-03 -4.555505700e-03
      vertex -3.588320396e-06 -1.315282541e-03 -4.823900759e-03
      vertex -6.701420643e-04 -1.312838285e-03 -4.777798895e-03
    endloop
  endfacet
  facet normal 6.837425381e-02 1.961902231e-01 9.781790972e-01
    outer loop
      vertex -6.701420643e-04 -1.312838285e-03 -4.777798895e-03
      vertex -3.588320396e-06 -1.315282541e-03 -4.823900759e-03
      vertex -4.057838396e-06 -6.461773883e-04 -4.958068021e-03
    endloop
  endfacet
  facet normal 6.837449968e-02 1.961899847e-01 9.781791568e-01
    outer loop
      vertex -6.701420643e-04 -1.312838285e-03 -4.777798895e-03
      vertex -4.057838396e-06 -6.461773883e-04 -4.958068021e-03
      vertex -6.832639338e-04 -6.436868571e-04 -4.911091179e-03
    endloop
  endfacet
  facet normal 6.909350306e-02 6.115701795e-02 9.957338572e-01
    outer loop
      vertex -6.832639338e-04 -6.436868571e-04 -4.911091179e-03
      vertex -4.057838396e-06 -6.461773883e-04 -4.958068021e-03
      vertex -4.451766017e-06 3.496473801e-05 -4.999876022e-03
    endloop
  endfacet
  facet normal 6.909350306e-02 6.115701795e-02 9.957338572e-01
    outer loop
      vertex -6.832639338e-04 -6.436868571e-04 -4.911091179e-03
      vertex -4.451766017e-06 3.496473801e-05 -4.999876022e-03
      vertex -6.836578832e-04 3.745531649e-05 -4.952899180e-03
    endloop
  endfacet
  facet normal 6.853134185e-02 -7.501019537e-02 9.948250651e-01
    outer loop
      vertex -6.836578832e-04 3.745531649e-05 -4.952899180e-03
      vertex -4.451766017e-06 3.496473801e-05 -4.999876022e-03
      vertex -4.762765911e-06 7.154555642e-04 -4.948545247e-03
    endloop
  endfacet
  facet normal 6.853109598e-02 -7.500994951e-02 9.948251247e-01
    outer loop
      vertex -6.836578832e-04 3.745531649e-05 -4.952899180e-03
      vertex -4.762765911e-06 7.154555642e-04 -4.948545247e-03
      vertex -6.713164621e-04 7.178997621e-04 -4.902443383e-03
    endloop
  endfacet
  facet normal 6.669778377e-02 -2.098080963e-01 9.754649997e-01
    outer loop
      vertex -6.713164621e-04 7.178997621e-04 -4.902443383e-03
      vertex -4.762765911e-06 7.154555642e-04 -4.948545247e-03
      vertex -4.985045052e-06 1.382618910e-03 -4.805033095e-03
    endloop
  endfacet
  facet normal 6.669821590e-02 -2.098085135e-01 9.754648805e-01
    outer loop
      vertex -6.713164621e-04 7.178997621e-04 -4.902443383e-03
      vertex -4.985045052e-06 1.382618910e-03 -4.805033095e-03
      vertex -6.464698818e-04 1.384971081e-03 -4.760664888e-03
    endloop
  endfacet
  facet normal 6.362649053e-02 -3.407579660e-01 9.379955530e-01
    outer loop
      vertex -6.464698818e-04 1.384971081e-03 -4.760664888e-03
      vertex -4.985045052e-06 1.382618910e-03 -4.805033095e-03
      vertex -5.114461146e-06 2.024026355e-03 -4.572011530e-03
    endloop
  endfacet
  facet normal 6.362586468e-02 -3.407573998e-01 9.379957914e-01
    outer loop
      vertex -6.464698818e-04 1.384971081e-03 -4.760664888e-03
      vertex -5.114461146e-06 2.024026355e-03 -4.572011530e-03
      vertex -6.095806020e-04 2.026242903e-03 -4.530204460e-03
    endloop
  endfacet
  facet normal 5.937097594e-02 -4.654379487e-01 8.830869794e-01
    outer loop
      vertex -6.095806020e-04 2.026242903e-03 -4.530204460e-03
      vertex -5.114461146e-06 2.024026355e-03 -4.572011530e-03
      vertex -5.148605396e-06 2.627730602e-03 -4.253822379e-03
    endloop
  endfacet
  facet normal 5.937106535e-02 -4.654380381e-01 8.830869198e-01
    outer loop
      vertex -6.095806020e-04 2.026242903e-03 -4.530204460e-03
      vertex -5.148605396e-06 2.627730602e-03 -4.253822379e-03
      vertex -5.613361136e-04 2.629769966e-03 -4.215354100e-03
    endloop
  endfacet
  facet normal 5.400988087e-02 -5.815331936e-01 8.117278218e-01
    outer loop
      vertex -5.613361136e-04 2.629769966e-03 -4.215354100e-03
      vertex -5.148605396e-06 2.627730602e-03 -4.253822379e-03
      vertex -5.086840247e-06 3.182484768e-03 -3.856392810e-03
    endloop
  endfacet
  facet normal 5.400997400e-02 -5.815332532e-01 8.117277622e-01
    outer loop
      vertex -5.613361136e-04 2.629769966e-03 -4.215354100e-03
      vertex -5.086840247e-06 3.182484768e-03 -3.856392810e-03
      vertex -5.026349681e-04 3.184308996e-03 -3.821980441e-03
    endloop
  endfacet
  facet normal -5.185549613e-03 9.999620914e-01 6.997549906e-03
    outer loop
      vertex 2.886239599e-06 -4.990607034e-03 3.063180193e-04
      vertex 9.499078442e-05 -4.985397682e-03 -3.698419605e-04
      vertex 2.278640977e-06 -4.985834938e-03 -3.760891559e-04
    endloop
  endfacet
  facet normal -1.430698391e-02 9.896063209e-01 1.430895478e-01
    outer loop
      vertex 2.278640977e-06 -4.985834938e-03 -3.760891559e-04
      vertex 9.499078442e-05 -4.985397682e-03 -3.698419605e-04
      vertex 1.853258291e-04 -4.887320567e-03 -1.039112452e-03
    endloop
  endfacet
  facet normal -1.430694573e-02 9.896063209e-01 1.430895627e-01
    outer loop
      vertex 2.278640977e-06 -4.985834938e-03 -3.760891559e-04
      vertex 1.853258291e-04 -4.887320567e-03 -1.039112452e-03
      vertex 1.628595896e-06 -4.888186231e-03 -1.051490428e-03
    endloop
  endfacet
  facet normal -2.315855399e-02 9.607427716e-01 2.764723897e-01
    outer loop
      vertex 1.628595896e-06 -4.888186231e-03 -1.051490428e-03
      vertex 1.853258291e-04 -4.887320567e-03 -1.039112452e-03
      vertex 2.722085919e-04 -4.698200617e-03 -1.689026365e-03
    endloop
  endfacet
  facet normal -2.315853350e-02 9.607427716e-01 2.764723897e-01
    outer loop
      vertex 1.628595896e-06 -4.888186231e-03 -1.051490428e-03
      vertex 2.722085919e-04 -4.698200617e-03 -1.689026365e-03
      vertex 9.482128007e-07 -4.699479789e-03 -1.707304502e-03
    endloop
  endfacet
  facet normal -3.157367185e-02 9.139337540e-01 4.046333730e-01
    outer loop
      vertex 9.482128007e-07 -4.699479789e-03 -1.707304502e-03
      vertex 2.722085919e-04 -4.698200617e-03 -1.689026365e-03
      vertex 3.540206235e-04 -4.421562888e-03 -2.307476709e-03
    endloop
  endfacet
  facet normal -3.157377988e-02 9.139338136e-01 4.046333134e-01
    outer loop
      vertex 9.482128007e-07 -4.699479789e-03 -1.707304502e-03
      vertex 3.540206235e-04 -4.421562888e-03 -2.307476709e-03
      vertex 2.501664085e-07 -4.423230421e-03 -2.331314608e-03
    endloop
  endfacet
  facet normal -3.939504176e-02 8.500834107e-01 5.251725912e-01
    outer loop
      vertex 2.501664085e-07 -4.423230421e-03 -2.331314608e-03
      vertex 3.540206235e-04 -4.421562888e-03 -2.307476709e-03
      vertex 4.292379308e-04 -4.062559921e-03 -2.882943489e-03
    endloop
  endfacet
  facet normal -3.939480707e-02 8.500833511e-01 5.251727104e-01
    outer loop
      vertex 2.501664085e-07 -4.423230421e-03 -2.331314608e-03
      vertex 4.292379308e-04 -4.062559921e-03 -2.882943489e-03
      vertex -4.525399788e-07 -4.064585548e-03 -2.911896911e-03
    endloop
  endfacet
  facet normal -4.647665843e-02 7.704153657e-01 6.358459592e-01
    outer loop
      vertex -4.525399788e-07 -4.064585548e-03 -2.911896911e-03
      vertex 4.292379308e-04 -4.062559921e-03 -2.882943489e-03
      vertex 4.964593682e-04 -3.627878847e-03 -3.404706018e-03
    endloop
  endfacet
  facet normal -4.647688568e-02 7.704154849e-01 6.358458400e-01
    outer loop
      vertex -4.525399788e-07 -4.064585548e-03 -2.911896911e-03
      vertex 4.964593682e-04 -3.627878847e-03 -3.404706018e-03
      vertex -1.146816658e-06 -3.630224615e-03 -3.438236192e-03
    endloop
  endfacet
  facet normal -5.268854648e-02 6.764462590e-01 7.346048951e-01
    outer loop
      vertex -1.146816658e-06 -3.630224615e-03 -3.438236192e-03
      vertex 4.964593682e-04 -3.627878847e-03 -3.404706018e-03
      vertex 5.544326850e-04 -3.125617281e-03 -3.863045480e-03
    endloop
  endfacet
  facet normal -5.268845707e-02 6.764461994e-01 7.346049547e-01
    outer loop
      vertex -1.146816658e-06 -3.630224615e-03 -3.438236192e-03
      vertex 5.544326850e-04 -3.125617281e-03 -3.863045480e-03
      vertex -1.819729846e-06 -3.128239652e-03 -3.900527256e-03
    endloop
  endfacet
  facet normal -5.791599676e-02 5.699501038e-01 8.196356297e-01
    outer loop
      vertex -1.819729846e-06 -3.128239652e-03 -3.900527256e-03
      vertex 5.544326850e-04 -3.125617281e-03 -3.863045480e-03
      vertex 6.020779256e-04 -2.565131290e-03 -4.249424208e-03
    endloop
  endfacet
  facet normal -5.791590735e-02 5.699500442e-01 8.196356893e-01
    outer loop
      vertex -1.819729846e-06 -3.128239652e-03 -3.900527256e-03
      vertex 6.020779256e-04 -2.565131290e-03 -4.249424208e-03
      vertex -2.458745485e-06 -2.567981137e-03 -4.290159326e-03
    endloop
  endfacet
  facet normal -6.206426769e-02 4.529211223e-01 8.893877268e-01
    outer loop
      vertex -2.458745485e-06 -2.567981137e-03 -4.290159326e-03
      vertex 6.020779256e-04 -2.565131290e-03 -4.249424208e-03
      vertex 6.385077140e-04 -1.956861932e-03 -4.556643311e-03
    endloop
  endfacet
  facet normal -6.206489354e-02 4.529216290e-01 8.893873692e-01
    outer loop
      vertex -2.458745485e-06 -2.567981137e-03 -4.290159326e-03
      vertex 6.385077140e-04 -1.956861932e-03 -4.556643311e-03
      vertex -3.051959311e-06 -1.959886402e-03 -4.599873442e-03
    endloop
  endfacet
  facet normal -6.505913287e-02 3.275379241e-01 9.425954819e-01
    outer loop
      vertex -3.051959311e-06 -1.959886402e-03 -4.599873442e-03
      vertex 6.385077140e-04 -1.956861932e-03 -4.556643311e-03
      vertex 6.630431744e-04 -1.312139793e-03 -4.778981209e-03
    endloop
  endfacet
  facet normal -6.505870074e-02 3.275375068e-01 9.425956607e-01
    outer loop
      vertex -3.051959311e-06 -1.959886402e-03 -4.599873442e-03
      vertex 6.630431744e-04 -1.312139793e-03 -4.778981209e-03
      vertex -3.588320396e-06 -1.315282541e-03 -4.823900759e-03
    endloop
  endfacet
  facet normal -6.684495509e-02 1.961191446e-01 9.782990813e-01
    outer loop
      vertex -3.588320396e-06 -1.315282541e-03 -4.823900759e-03
      vertex 6.630431744e-04 -1.312139793e-03 -4.778981209e-03
      vertex 6.752275513e-04 -6.429750938e-04 -4.912295844e-03
    endloop
  endfacet
  facet normal -6.684520096e-02 1.961193681e-01 9.782989621e-01
    outer loop
      vertex -3.588320396e-06 -1.315282541e-03 -4.823900759e-03
      vertex 6.752275513e-04 -6.429750938e-04 -4.912295844e-03
      vertex -4.057838396e-06 -6.461773883e-04 -4.958068021e-03
    endloop
  endfacet
  facet normal -6.739158183e-02 6.108551100e-02 9.958548546e-01
    outer loop
      vertex -4.057838396e-06 -6.461773883e-04 -4.958068021e-03
      vertex 6.752275513e-04 -6.429750938e-04 -4.912295844e-03
      vertex 6.748336018e-04 3.816704339e-05 -4.954103380e-03
    endloop
  endfacet
  facet normal -6.739158183e-02 6.108551100e-02 9.958548546e-01
    outer loop
      vertex -4.057838396e-06 -6.461773883e-04 -4.958068021e-03
      vertex 6.748336018e-04 3.816704339e-05 -4.954103380e-03
      vertex -4.451766017e-06 3.496473801e-05 -4.999876022e-03
    endloop
  endfacet
  facet normal -6.668835878e-02 -7.508079708e-02 9.949449897e-01
    outer loop
      vertex -4.451766017e-06 3.496473801e-05 -4.999876022e-03
      vertex 6.748336018e-04 3.816704339e-05 -4.954103380e-03
      vertex 6.618687185e-04 7.185981958e-04 -4.903625697e-03
    endloop
  endfacet
  facet normal -6.668811291e-02 -7.508103549e-02 9.949449897e-01
    outer loop
      vertex -4.451766017e-06 3.496473801e-05 -4.999876022e-03
      vertex 6.618687185e-04 7.185981958e-04 -4.903625697e-03
      vertex -4.762765911e-06 7.154555642e-04 -4.948545247e-03
    endloop
  endfacet
  facet normal -6.474788487e-02 -2.098773718e-01 9.755814672e-01
    outer loop
      vertex -4.762765911e-06 7.154555642e-04 -4.948545247e-03
      vertex 6.618687185e-04 7.185981958e-04 -4.903625697e-03
      vertex 6.365746376e-04 1.385643380e-03 -4.761802498e-03
    endloop
  endfacet
  facet normal -6.474833190e-02 -2.098769546e-01 9.755815268e-01
    outer loop
      vertex -4.762765911e-06 7.154555642e-04 -4.948545247e-03
      vertex 6.365746376e-04 1.385643380e-03 -4.761802498e-03
      vertex -4.985045052e-06 1.382618910e-03 -4.805033095e-03
    endloop
  endfacet
  facet normal -6.160585955e-02 -3.408230543e-01 9.381067753e-01
    outer loop
      vertex -4.985045052e-06 1.382618910e-03 -4.805033095e-03
      vertex 6.365746376e-04 1.385643380e-03 -4.761802498e-03
      vertex 5.994222593e-04 2.026876435e-03 -4.531276412e-03
    endloop
  endfacet
  facet normal -6.160520390e-02 -3.408235908e-01 9.381066561e-01
    outer loop
      vertex -4.985045052e-06 1.382618910e-03 -4.805033095e-03
      vertex 5.994222593e-04 2.026876435e-03 -4.531276412e-03
      vertex -5.114461146e-06 2.024026355e-03 -4.572011530e-03
    endloop
  endfacet
  facet normal -5.731706694e-02 -4.654991627e-01 8.831903934e-01
    outer loop
      vertex -5.114461146e-06 2.024026355e-03 -4.572011530e-03
      vertex 5.994222593e-04 2.026876435e-03 -4.531276412e-03
      vertex 5.511037889e-04 2.630352741e-03 -4.216340836e-03
    endloop
  endfacet
  facet normal -5.731716380e-02 -4.654990733e-01 8.831904531e-01
    outer loop
      vertex -5.114461146e-06 2.024026355e-03 -4.572011530e-03
      vertex 5.511037889e-04 2.630352741e-03 -4.216340836e-03
      vertex -5.148605396e-06 2.627730602e-03 -4.253822379e-03
    endloop
  endfacet
  facet normal -5.196088925e-02 -5.815888047e-01 8.118217587e-01
    outer loop
      vertex -5.148605396e-06 2.627730602e-03 -4.253822379e-03
      vertex 5.511037889e-04 2.630352741e-03 -4.216340836e-03
      vertex 4.925193498e-04 3.184830537e-03 -3.822862869e-03
    endloop
  endfacet
  facet normal -5.196098611e-02 -5.815887451e-01 8.118217587e-01
    outer loop
      vertex -5.148605396e-06 2.627730602e-03 -4.253822379e-03
      vertex 4.925193498e-04 3.184830537e-03 -3.822862869e-03
      vertex -5.086840247e-06 3.182484768e-03 -3.856392810e-03
    endloop
  endfacet
  facet normal -1.443541702e-02 9.998793602e-01 5.736922380e-03
    outer loop
      vertex 2.886239599e-06 -4.990607034e-03 3.063180193e-04
      vertex 1.859866898e-04 -4.984192085e-03 -3.510522947e-04
      vertex 9.499078442e-05 -4.985397682e-03 -3.698419605e-04
    endloop
  endfacet
  facet normal -4.188181832e-02 9.893597364e-01 1.393314898e-01
    outer loop
      vertex 9.499078442e-05 -4.985397682e-03 -3.698419605e-04
      vertex 1.859866898e-04 -4.984192085e-03 -3.510522947e-04
      vertex 3.656225745e-04 -4.884931259e-03 -1.001883182e-03
    endloop
  endfacet
  facet normal -4.188184440e-02 9.893597364e-01 1.393314898e-01
    outer loop
      vertex 9.499078442e-05 -4.985397682e-03 -3.698419605e-04
      vertex 3.656225745e-04 -4.884931259e-03 -1.001883182e-03
      vertex 1.853258291e-04 -4.887320567e-03 -1.039112452e-03
    endloop
  endfacet
  facet normal -6.853826344e-02 9.603369236e-01 2.702877223e-01
    outer loop
      vertex 1.853258291e-04 -4.887320567e-03 -1.039112452e-03
      vertex 3.656225745e-04 -4.884931259e-03 -1.001883182e-03
      vertex 5.384475808e-04 -4.694672767e-03 -1.634050976e-03
    endloop
  endfacet
  facet normal -6.853815913e-02 9.603369236e-01 2.702877820e-01
    outer loop
      vertex 1.853258291e-04 -4.887320567e-03 -1.039112452e-03
      vertex 5.384475808e-04 -4.694672767e-03 -1.634050976e-03
      vertex 2.722085919e-04 -4.698200617e-03 -1.689026365e-03
    endloop
  endfacet
  facet normal -9.390264004e-02 9.133763313e-01 3.961387873e-01
    outer loop
      vertex 2.722085919e-04 -4.698200617e-03 -1.689026365e-03
      vertex 5.384475808e-04 -4.694672767e-03 -1.634050976e-03
      vertex 7.012423011e-04 -4.416961223e-03 -2.235779306e-03
    endloop
  endfacet
  facet normal -9.390259534e-02 9.133763313e-01 3.961388171e-01
    outer loop
      vertex 2.722085919e-04 -4.698200617e-03 -1.689026365e-03
      vertex 7.012423011e-04 -4.416961223e-03 -2.235779306e-03
      vertex 3.540206235e-04 -4.421562888e-03 -2.307476709e-03
    endloop
  endfacet
  facet normal -1.175005659e-01 8.493848443e-01 5.145279169e-01
    outer loop
      vertex 3.540206235e-04 -4.421562888e-03 -2.307476709e-03
      vertex 7.012423011e-04 -4.416961223e-03 -2.235779306e-03
      vertex 8.509742329e-04 -4.056971055e-03 -2.795859473e-03
    endloop
  endfacet
  facet normal -1.175006032e-01 8.493849039e-01 5.145278573e-01
    outer loop
      vertex 3.540206235e-04 -4.421562888e-03 -2.307476709e-03
      vertex 8.509742329e-04 -4.056971055e-03 -2.795859473e-03
      vertex 4.292379308e-04 -4.062559921e-03 -2.882943489e-03
    endloop
  endfacet
  facet normal -1.388932019e-01 7.695887685e-01 6.232509613e-01
    outer loop
      vertex 4.292379308e-04 -4.062559921e-03 -2.882943489e-03
      vertex 8.509742329e-04 -4.056971055e-03 -2.795859473e-03
      vertex 9.848541813e-04 -3.621406388e-03 -3.303857986e-03
    endloop
  endfacet
  facet normal -1.388933361e-01 7.695888281e-01 6.232508421e-01
    outer loop
      vertex 4.292379308e-04 -4.062559921e-03 -2.882943489e-03
      vertex 9.848541813e-04 -3.621406388e-03 -3.303857986e-03
      vertex 4.964593682e-04 -3.627878847e-03 -3.404706018e-03
    endloop
  endfacet
  facet normal -1.576851457e-01 6.755072474e-01 7.202953696e-01
    outer loop
      vertex 4.964593682e-04 -3.627878847e-03 -3.404706018e-03
      vertex 9.848541813e-04 -3.621406388e-03 -3.303857986e-03
      vertex 1.100388006e-03 -3.118382068e-03 -3.750311676e-03
    endloop
  endfacet
  facet normal -1.576851457e-01 6.755071878e-01 7.202953696e-01
    outer loop
      vertex 4.964593682e-04 -3.627878847e-03 -3.404706018e-03
      vertex 1.100388006e-03 -3.118382068e-03 -3.750311676e-03
      vertex 5.544326850e-04 -3.125617281e-03 -3.863045480e-03
    endloop
  endfacet
  facet normal -1.735316664e-01 5.689158440e-01 8.038790226e-01
    outer loop
      vertex 5.544326850e-04 -3.125617281e-03 -3.863045480e-03
      vertex 1.100388006e-03 -3.118382068e-03 -3.750311676e-03
      vertex 1.195423887e-03 -2.557268133e-03 -4.126904532e-03
    endloop
  endfacet
  facet normal -1.735319793e-01 5.689160824e-01 8.038787842e-01
    outer loop
      vertex 5.544326850e-04 -3.125617281e-03 -3.863045480e-03
      vertex 1.195423887e-03 -2.557268133e-03 -4.126904532e-03
      vertex 6.020779256e-04 -2.565131290e-03 -4.249424208e-03
    endloop
  endfacet
  facet normal -1.861448735e-01 4.518119097e-01 8.724769950e-01
    outer loop
      vertex 6.020779256e-04 -2.565131290e-03 -4.249424208e-03
      vertex 1.195423887e-03 -2.557268133e-03 -4.126904532e-03
      vertex 1.268191147e-03 -1.948517165e-03 -4.426620901e-03
    endloop
  endfacet
  facet normal -1.861443520e-01 4.518114328e-01 8.724773526e-01
    outer loop
      vertex 6.020779256e-04 -2.565131290e-03 -4.249424208e-03
      vertex 1.268191147e-03 -1.948517165e-03 -4.426620901e-03
      vertex 6.385077140e-04 -1.956861932e-03 -4.556643311e-03
    endloop
  endfacet
  facet normal -1.952955425e-01 3.263733387e-01 9.248459935e-01
    outer loop
      vertex 6.385077140e-04 -1.956861932e-03 -4.556643311e-03
      vertex 1.268191147e-03 -1.948517165e-03 -4.426620901e-03
      vertex 1.317334478e-03 -1.303468947e-03 -4.643877503e-03
    endloop
  endfacet
  facet normal -1.952953339e-01 3.263731599e-01 9.248461127e-01
    outer loop
      vertex 6.385077140e-04 -1.956861932e-03 -4.556643311e-03
      vertex 1.317334478e-03 -1.303468947e-03 -4.643877503e-03
      vertex 6.630431744e-04 -1.312139793e-03 -4.778981209e-03
    endloop
  endfacet
  facet normal -2.008204460e-01 1.949204803e-01 9.600402117e-01
    outer loop
      vertex 6.630431744e-04 -1.312139793e-03 -4.778981209e-03
      vertex 1.317334478e-03 -1.303468947e-03 -4.643877503e-03
      vertex 1.341938390e-03 -6.341395783e-04 -4.774627276e-03
    endloop
  endfacet
  facet normal -2.008209080e-01 1.949209422e-01 9.600399733e-01
    outer loop
      vertex 6.630431744e-04 -1.312139793e-03 -4.778981209e-03
      vertex 1.341938390e-03 -6.341395783e-04 -4.774627276e-03
      vertex 6.752275513e-04 -6.429750938e-04 -4.912295844e-03
    endloop
  endfacet
  facet normal -2.026210427e-01 5.987609550e-02 9.774249792e-01
    outer loop
      vertex 6.752275513e-04 -6.429750938e-04 -4.912295844e-03
      vertex 1.341938390e-03 -6.341395783e-04 -4.774627276e-03
      vertex 1.341544441e-03 4.700256613e-05 -4.816435277e-03
    endloop
  endfacet
  facet normal -2.026210427e-01 5.987609550e-02 9.774249792e-01
    outer loop
      vertex 6.752275513e-04 -6.429750938e-04 -4.912295844e-03
      vertex 1.341544441e-03 4.700256613e-05 -4.816435277e-03
      vertex 6.748336018e-04 3.816704339e-05 -4.954103380e-03
    endloop
  endfacet
  facet normal -2.006640732e-01 -7.627853751e-02 9.766860008e-01
    outer loop
      vertex 6.748336018e-04 3.816704339e-05 -4.954103380e-03
      vertex 1.341544441e-03 4.700256613e-05 -4.816435277e-03
      vertex 1.316159964e-03 7.272691582e-04 -4.768521991e-03
    endloop
  endfacet
  facet normal -2.006635964e-01 -7.627900690e-02 9.766860604e-01
    outer loop
      vertex 6.748336018e-04 3.816704339e-05 -4.954103380e-03
      vertex 1.316159964e-03 7.272691582e-04 -4.768521991e-03
      vertex 6.618687185e-04 7.185981958e-04 -4.903625697e-03
    endloop
  endfacet
  facet normal -1.949845105e-01 -2.110423297e-01 9.578320384e-01
    outer loop
      vertex 6.618687185e-04 7.185981958e-04 -4.903625697e-03
      vertex 1.316159964e-03 7.272691582e-04 -4.768521991e-03
      vertex 1.266258070e-03 1.393988146e-03 -4.631780088e-03
    endloop
  endfacet
  facet normal -1.949847490e-01 -2.110421211e-01 9.578320384e-01
    outer loop
      vertex 6.618687185e-04 7.185981958e-04 -4.903625697e-03
      vertex 1.266258070e-03 1.393988146e-03 -4.631780088e-03
      vertex 6.365746376e-04 1.385643380e-03 -4.761802498e-03
    endloop
  endfacet
  facet normal -1.856852621e-01 -3.419332206e-01 9.211963415e-01
    outer loop
      vertex 6.365746376e-04 1.385643380e-03 -4.761802498e-03
      vertex 1.266258070e-03 1.393988146e-03 -4.631780088e-03
      vertex 1.192768221e-03 2.034739591e-03 -4.408756737e-03
    endloop
  endfacet
  facet normal -1.856858581e-01 -3.419327438e-01 9.211964011e-01
    outer loop
      vertex 6.365746376e-04 1.385643380e-03 -4.761802498e-03
      vertex 1.192768221e-03 2.034739591e-03 -4.408756737e-03
      vertex 5.994222593e-04 2.026876435e-03 -4.531276412e-03
    endloop
  endfacet
  facet normal -1.729331762e-01 -4.665328860e-01 8.674336672e-01
    outer loop
      vertex 5.994222593e-04 2.026876435e-03 -4.531276412e-03
      vertex 1.192768221e-03 2.034739591e-03 -4.408756737e-03
      vertex 1.097059227e-03 2.637587953e-03 -4.103607032e-03
    endloop
  endfacet
  facet normal -1.729327887e-01 -4.665331542e-01 8.674336076e-01
    outer loop
      vertex 5.994222593e-04 2.026876435e-03 -4.531276412e-03
      vertex 1.097059227e-03 2.637587953e-03 -4.103607032e-03
      vertex 5.511037889e-04 2.630352741e-03 -4.216340836e-03
    endloop
  endfacet
  facet normal -1.569575816e-01 -5.825278163e-01 7.975121737e-01
    outer loop
      vertex 5.511037889e-04 2.630352741e-03 -4.216340836e-03
      vertex 1.097059227e-03 2.637587953e-03 -4.103607032e-03
      vertex 9.809142211e-04 3.191302763e-03 -3.722014604e-03
    endloop
  endfacet
  facet normal -1.569575816e-01 -5.825278163e-01 7.975121737e-01
    outer loop
      vertex 5.511037889e-04 2.630352741e-03 -4.216340836e-03
      vertex 9.809142211e-04 3.191302763e-03 -3.722014604e-03
      vertex 4.925193498e-04 3.184830537e-03 -3.822862869e-03
    endloop
  endfacet
  facet normal -2.342704870e-02 9.997203350e-01 3.230889328e-03
    outer loop
      vertex 2.886239599e-06 -4.990607034e-03 3.063180193e-04
      vertex 2.735712624e-04 -4.982239567e-03 -3.200702777e-04
      vertex 1.859866898e-04 -4.984192085e-03 -3.510522947e-04
    endloop
  endfacet
  facet normal -6.868682057e-02 9.888856411e-01 1.318607628e-01
    outer loop
      vertex 1.859866898e-04 -4.984192085e-03 -3.510522947e-04
      vertex 2.735712624e-04 -4.982239567e-03 -3.200702777e-04
      vertex 5.391602172e-04 -4.881063011e-03 -9.404962766e-04
    endloop
  endfacet
  facet normal -6.868685782e-02 9.888856411e-01 1.318607330e-01
    outer loop
      vertex 1.859866898e-04 -4.984192085e-03 -3.510522947e-04
      vertex 5.391602172e-04 -4.881063011e-03 -9.404962766e-04
      vertex 3.656225745e-04 -4.884931259e-03 -1.001883182e-03
    endloop
  endfacet
  facet normal -1.126509979e-01 9.595568180e-01 2.579932213e-01
    outer loop
      vertex 3.656225745e-04 -4.884931259e-03 -1.001883182e-03
      vertex 5.391602172e-04 -4.881063011e-03 -9.404962766e-04
      vertex 7.947056438e-04 -4.688960500e-03 -1.543402555e-03
    endloop
  endfacet
  facet normal -1.126510501e-01 9.595568180e-01 2.579931617e-01
    outer loop
      vertex 3.656225745e-04 -4.884931259e-03 -1.001883182e-03
      vertex 7.947056438e-04 -4.688960500e-03 -1.543402555e-03
      vertex 5.384475808e-04 -4.694672767e-03 -1.634050976e-03
    endloop
  endfacet
  facet normal -1.544917375e-01 9.123048782e-01 3.792521060e-01
    outer loop
      vertex 5.384475808e-04 -4.694672767e-03 -1.634050976e-03
      vertex 7.947056438e-04 -4.688960500e-03 -1.543402555e-03
      vertex 1.035447116e-03 -4.409512039e-03 -2.117558382e-03
    endloop
  endfacet
  facet normal -1.544916481e-01 9.123048186e-01 3.792521954e-01
    outer loop
      vertex 5.384475808e-04 -4.694672767e-03 -1.634050976e-03
      vertex 1.035447116e-03 -4.409512039e-03 -2.117558382e-03
      vertex 7.012423011e-04 -4.416961223e-03 -2.235779306e-03
    endloop
  endfacet
  facet normal -1.934260130e-01 8.480420709e-01 4.933670759e-01
    outer loop
      vertex 7.012423011e-04 -4.416961223e-03 -2.235779306e-03
      vertex 1.035447116e-03 -4.409512039e-03 -2.117558382e-03
      vertex 1.256900257e-03 -4.047922790e-03 -2.652267925e-03
    endloop
  endfacet
  facet normal -1.934261769e-01 8.480421305e-01 4.933668971e-01
    outer loop
      vertex 7.012423011e-04 -4.416961223e-03 -2.235779306e-03
      vertex 1.256900257e-03 -4.047922790e-03 -2.652267925e-03
      vertex 8.509742329e-04 -4.056971055e-03 -2.795859473e-03
    endloop
  endfacet
  facet normal -2.287300229e-01 7.680000663e-01 5.982127190e-01
    outer loop
      vertex 8.509742329e-04 -4.056971055e-03 -2.795859473e-03
      vertex 1.256900257e-03 -4.047922790e-03 -2.652267925e-03
      vertex 1.454939716e-03 -3.610928077e-03 -3.137570573e-03
    endloop
  endfacet
  facet normal -2.287299186e-01 7.680000067e-01 5.982128382e-01
    outer loop
      vertex 8.509742329e-04 -4.056971055e-03 -2.795859473e-03
      vertex 1.454939716e-03 -3.610928077e-03 -3.137570573e-03
      vertex 9.848541813e-04 -3.621406388e-03 -3.303857986e-03
    endloop
  endfacet
  facet normal -2.597506344e-01 6.737023592e-01 6.918488145e-01
    outer loop
      vertex 9.848541813e-04 -3.621406388e-03 -3.303857986e-03
      vertex 1.454939716e-03 -3.610928077e-03 -3.137570573e-03
      vertex 1.625876292e-03 -3.106668824e-03 -3.564426443e-03
    endloop
  endfacet
  facet normal -2.597504258e-01 6.737021804e-01 6.918490529e-01
    outer loop
      vertex 9.848541813e-04 -3.621406388e-03 -3.303857986e-03
      vertex 1.625876292e-03 -3.106668824e-03 -3.564426443e-03
      vertex 1.100388006e-03 -3.118382068e-03 -3.750311676e-03
    endloop
  endfacet
  facet normal -2.859194577e-01 5.669280887e-01 7.725558877e-01
    outer loop
      vertex 1.100388006e-03 -3.118382068e-03 -3.750311676e-03
      vertex 1.625876292e-03 -3.106668824e-03 -3.564426443e-03
      vertex 1.766525907e-03 -2.544537885e-03 -3.924883902e-03
    endloop
  endfacet
  facet normal -2.859196663e-01 5.669282675e-01 7.725557089e-01
    outer loop
      vertex 1.100388006e-03 -3.118382068e-03 -3.750311676e-03
      vertex 1.766525907e-03 -2.544537885e-03 -3.924883902e-03
      vertex 1.195423887e-03 -2.557268133e-03 -4.126904532e-03
    endloop
  endfacet
  facet normal -3.067606986e-01 4.496786296e-01 8.388605118e-01
    outer loop
      vertex 1.195423887e-03 -2.557268133e-03 -4.126904532e-03
      vertex 1.766525907e-03 -2.544537885e-03 -3.924883902e-03
      vertex 1.874268637e-03 -1.935007400e-03 -4.212227650e-03
    endloop
  endfacet
  facet normal -3.067608476e-01 4.496787786e-01 8.388603926e-01
    outer loop
      vertex 1.195423887e-03 -2.557268133e-03 -4.126904532e-03
      vertex 1.874268637e-03 -1.935007400e-03 -4.212227650e-03
      vertex 1.268191147e-03 -1.948517165e-03 -4.426620901e-03
    endloop
  endfacet
  facet normal -3.218972385e-01 3.241340816e-01 8.895612955e-01
    outer loop
      vertex 1.268191147e-03 -1.948517165e-03 -4.426620901e-03
      vertex 1.874268637e-03 -1.935007400e-03 -4.212227650e-03
      vertex 1.947097131e-03 -1.289431239e-03 -4.421106074e-03
    endloop
  endfacet
  facet normal -3.218975365e-01 3.241343796e-01 8.895610571e-01
    outer loop
      vertex 1.268191147e-03 -1.948517165e-03 -4.426620901e-03
      vertex 1.947097131e-03 -1.289431239e-03 -4.421106074e-03
      vertex 1.317334478e-03 -1.303468947e-03 -4.643877503e-03
    endloop
  endfacet
  facet normal -3.310571611e-01 1.926176697e-01 9.237421751e-01
    outer loop
      vertex 1.317334478e-03 -1.303468947e-03 -4.643877503e-03
      vertex 1.947097131e-03 -1.289431239e-03 -4.421106074e-03
      vertex 1.983654918e-03 -6.198354531e-04 -4.547627643e-03
    endloop
  endfacet
  facet normal -3.310567737e-01 1.926172674e-01 9.237423539e-01
    outer loop
      vertex 1.317334478e-03 -1.303468947e-03 -4.643877503e-03
      vertex 1.983654918e-03 -6.198354531e-04 -4.547627643e-03
      vertex 1.341938390e-03 -6.341395783e-04 -4.774627276e-03
    endloop
  endfacet
  facet normal -3.340756595e-01 5.755130947e-02 9.407876134e-01
    outer loop
      vertex 1.341938390e-03 -6.341395783e-04 -4.774627276e-03
      vertex 1.983654918e-03 -6.198354531e-04 -4.547627643e-03
      vertex 1.983260969e-03 6.130669499e-05 -4.589435179e-03
    endloop
  endfacet
  facet normal -3.340756595e-01 5.755130947e-02 9.407876134e-01
    outer loop
      vertex 1.341938390e-03 -6.341395783e-04 -4.774627276e-03
      vertex 1.983260969e-03 6.130669499e-05 -4.589435179e-03
      vertex 1.341544441e-03 4.700256613e-05 -4.816435277e-03
    endloop
  endfacet
  facet normal -3.308999240e-01 -7.858219743e-02 9.403882623e-01
    outer loop
      vertex 1.341544441e-03 4.700256613e-05 -4.816435277e-03
      vertex 1.983260969e-03 6.130669499e-05 -4.589435179e-03
      vertex 1.945922733e-03 7.413068088e-04 -4.545750562e-03
    endloop
  endfacet
  facet normal -3.309003413e-01 -7.858180255e-02 9.403881431e-01
    outer loop
      vertex 1.341544441e-03 4.700256613e-05 -4.816435277e-03
      vertex 1.945922733e-03 7.413068088e-04 -4.545750562e-03
      vertex 1.316159964e-03 7.272691582e-04 -4.768521991e-03
    endloop
  endfacet
  facet normal -3.215867579e-01 -2.132809907e-01 9.225471020e-01
    outer loop
      vertex 1.316159964e-03 7.272691582e-04 -4.768521991e-03
      vertex 1.945922733e-03 7.413068088e-04 -4.545750562e-03
      vertex 1.872335561e-03 1.407497912e-03 -4.417387303e-03
    endloop
  endfacet
  facet normal -3.215864003e-01 -2.132812887e-01 9.225471616e-01
    outer loop
      vertex 1.316159964e-03 7.272691582e-04 -4.768521991e-03
      vertex 1.872335561e-03 1.407497912e-03 -4.417387303e-03
      vertex 1.266258070e-03 1.393988146e-03 -4.631780088e-03
    endloop
  endfacet
  facet normal -3.063018024e-01 -3.440661728e-01 8.875796795e-01
    outer loop
      vertex 1.266258070e-03 1.393988146e-03 -4.631780088e-03
      vertex 1.872335561e-03 1.407497912e-03 -4.417387303e-03
      vertex 1.763870241e-03 2.047469607e-03 -4.206736106e-03
    endloop
  endfacet
  facet normal -3.063016236e-01 -3.440663218e-01 8.875796795e-01
    outer loop
      vertex 1.266258070e-03 1.393988146e-03 -4.631780088e-03
      vertex 1.763870241e-03 2.047469607e-03 -4.206736106e-03
      vertex 1.192768221e-03 2.034739591e-03 -4.408756737e-03
    endloop
  endfacet
  facet normal -2.853208780e-01 -4.685202837e-01 8.361104727e-01
    outer loop
      vertex 1.192768221e-03 2.034739591e-03 -4.408756737e-03
      vertex 1.763870241e-03 2.047469607e-03 -4.206736106e-03
      vertex 1.622547396e-03 2.649301430e-03 -3.917721566e-03
    endloop
  endfacet
  facet normal -2.853205800e-01 -4.685204625e-01 8.361104727e-01
    outer loop
      vertex 1.192768221e-03 2.034739591e-03 -4.408756737e-03
      vertex 1.622547396e-03 2.649301430e-03 -3.917721566e-03
      vertex 1.097059227e-03 2.637587953e-03 -4.103607032e-03
    endloop
  endfacet
  facet normal -2.590228021e-01 -5.843330026e-01 7.690657377e-01
    outer loop
      vertex 1.097059227e-03 2.637587953e-03 -4.103607032e-03
      vertex 1.622547396e-03 2.649301430e-03 -3.917721566e-03
      vertex 1.450999640e-03 3.201781306e-03 -3.555727424e-03
    endloop
  endfacet
  facet normal -2.590231001e-01 -5.843328238e-01 7.690657377e-01
    outer loop
      vertex 1.097059227e-03 2.637587953e-03 -4.103607032e-03
      vertex 1.450999640e-03 3.201781306e-03 -3.555727424e-03
      vertex 9.809142211e-04 3.191302763e-03 -3.722014604e-03
    endloop
  endfacet
  facet normal -6.834790856e-02 9.951776266e-01 -7.035653293e-02
    outer loop
      vertex 2.886239599e-06 -4.990607034e-03 3.063180193e-04
      vertex 6.695701159e-04 -4.935288802e-03 4.411332484e-04
      vertex 6.821447168e-04 -4.940921906e-03 3.492370888e-04
    endloop
  endfacet
  facet normal -2.026006430e-01 9.753434062e-01 -8.751115203e-02
    outer loop
      vertex 6.821447168e-04 -4.940921906e-03 3.492370888e-04
      vertex 6.695701159e-04 -4.935288802e-03 4.411332484e-04
      vertex 1.323781209e-03 -4.788035527e-03 5.677310401e-04
    endloop
  endfacet
  facet normal -2.026006579e-01 9.753434062e-01 -8.751111478e-02
    outer loop
      vertex 6.821447168e-04 -4.940921906e-03 3.492370888e-04
      vertex 1.323781209e-03 -4.788035527e-03 5.677310401e-04
      vertex 1.348696183e-03 -4.799197428e-03 3.856505209e-04
    endloop
  endfacet
  facet normal -3.330315053e-01 9.372704625e-01 -1.030247062e-01
    outer loop
      vertex 1.348696183e-03 -4.799197428e-03 3.856505209e-04
      vertex 1.323781209e-03 -4.788035527e-03 5.677310401e-04
      vertex 1.953332685e-03 -4.551589955e-03 6.837529945e-04
    endloop
  endfacet
  facet normal -3.330315948e-01 9.372704625e-01 -1.030245647e-01
    outer loop
      vertex 1.348696183e-03 -4.799197428e-03 3.856505209e-04
      vertex 1.953332685e-03 -4.551589955e-03 6.837529945e-04
      vertex 1.990123885e-03 -4.568072036e-03 4.148799926e-04
    endloop
  endfacet
  facet normal -3.406657875e-01 9.344263673e-01 -1.038948447e-01
    outer loop
      vertex 1.990123885e-03 -4.568072036e-03 4.148799926e-04
      vertex 1.953332685e-03 -4.551589955e-03 6.837529945e-04
      vertex 2.002838999e-03 -4.552829079e-03 5.102789728e-04
    endloop
  endfacet
  facet normal -5.957016945e-01 8.017279506e-01 -4.870052636e-02
    outer loop
      vertex 1.990123885e-03 -4.568072036e-03 4.148799926e-04
      vertex 2.002838999e-03 -4.552829079e-03 5.102789728e-04
      vertex 1.989891985e-03 -4.584728274e-03 1.435122686e-04
    endloop
  endfacet
  facet normal -5.957016945e-01 8.017279506e-01 -4.870052636e-02
    outer loop
      vertex 1.989891985e-03 -4.584728274e-03 1.435122686e-04
      vertex 2.002838999e-03 -4.552829079e-03 5.102789728e-04
      vertex 2.002442954e-03 -4.581268411e-03 4.694379822e-05
    endloop
  endfacet
  facet normal -3.405860364e-01 9.401537776e-01 -1.058360469e-02
    outer loop
      vertex 1.989891985e-03 -4.584728274e-03 1.435122686e-04
      vertex 2.002442954e-03 -4.581268411e-03 4.694379822e-05
      vertex 1.952641411e-03 -4.601249006e-03 -1.252950751e-04
    endloop
  endfacet
  facet normal -4.758342505e-01 8.788126707e-01 3.563820198e-02
    outer loop
      vertex 1.952641411e-03 -4.601249006e-03 -1.252950751e-04
      vertex 2.002442954e-03 -4.581268411e-03 4.694379822e-05
      vertex 2.002021996e-03 -4.562686663e-03 -4.168913001e-04
    endloop
  endfacet
  facet normal -3.942052126e-01 9.174011946e-01 5.456487089e-02
    outer loop
      vertex 1.952641411e-03 -4.601249006e-03 -1.252950751e-04
      vertex 2.002021996e-03 -4.562686663e-03 -4.168913001e-04
      vertex 1.879066229e-03 -4.617325962e-03 -3.865347244e-04
    endloop
  endfacet
  facet normal -3.754146099e-01 9.175587296e-01 1.309575289e-01
    outer loop
      vertex 1.879066229e-03 -4.617325962e-03 -3.865347244e-04
      vertex 2.002021996e-03 -4.562686663e-03 -4.168913001e-04
      vertex 2.001580084e-03 -4.497275222e-03 -8.764667436e-04
    endloop
  endfacet
  facet normal -4.049944878e-01 9.063035846e-01 1.208027750e-01
    outer loop
      vertex 1.879066229e-03 -4.617325962e-03 -3.865347244e-04
      vertex 2.001580084e-03 -4.497275222e-03 -8.764667436e-04
      vertex 1.770536765e-03 -4.632660188e-03 -6.353402277e-04
    endloop
  endfacet
  facet normal -3.026997447e-01 9.250766039e-01 2.293603420e-01
    outer loop
      vertex 1.770536765e-03 -4.632660188e-03 -6.353402277e-04
      vertex 2.001580084e-03 -4.497275222e-03 -8.764667436e-04
      vertex 2.001122106e-03 -4.385704640e-03 -1.327066566e-03
    endloop
  endfacet
  facet normal -3.983468711e-01 8.978151083e-01 1.877438873e-01
    outer loop
      vertex 1.770536765e-03 -4.632660188e-03 -6.353402277e-04
      vertex 2.001122106e-03 -4.385704640e-03 -1.327066566e-03
      vertex 1.629075035e-03 -4.646965768e-03 -8.670767420e-04
    endloop
  endfacet
  facet normal -3.515530527e-01 9.072355032e-01 2.309419960e-01
    outer loop
      vertex 1.629075035e-03 -4.646965768e-03 -8.670767420e-04
      vertex 2.001122106e-03 -4.385704640e-03 -1.327066566e-03
      vertex 1.457316102e-03 -4.659976345e-03 -1.077427645e-03
    endloop
  endfacet
  facet normal -2.606720328e-01 9.530819654e-01 1.538987607e-01
    outer loop
      vertex 1.629075035e-03 -4.646965768e-03 -8.670767420e-04
      vertex 1.457316102e-03 -4.659976345e-03 -1.077427645e-03
      vertex 9.878793499e-04 -4.861434922e-03 -6.249385187e-04
    endloop
  endfacet
  facet normal -2.293819040e-01 9.551490545e-01 1.872811168e-01
    outer loop
      vertex 9.878793499e-04 -4.861434922e-03 -6.249385187e-04
      vertex 1.457316102e-03 -4.659976345e-03 -1.077427645e-03
      vertex 8.532136562e-04 -4.869204480e-03 -7.502519875e-04
    endloop
  endfacet
  facet normal -1.396181583e-01 9.862073064e-01 8.889266104e-02
    outer loop
      vertex 9.878793499e-04 -4.861434922e-03 -6.249385187e-04
      vertex 8.532136562e-04 -4.869204480e-03 -7.502519875e-04
      vertex 4.320743028e-04 -4.976254422e-03 -2.240538306e-04
    endloop
  endfacet
  facet normal -1.180145144e-01 9.872946739e-01 1.064042076e-01
    outer loop
      vertex 4.320743028e-04 -4.976254422e-03 -2.240538306e-04
      vertex 8.532136562e-04 -4.869204480e-03 -7.502519875e-04
      vertex 3.561130143e-04 -4.979577381e-03 -2.774729219e-04
    endloop
  endfacet
  facet normal -3.997382894e-02 9.991866350e-01 -5.308403168e-03
    outer loop
      vertex 4.320743028e-04 -4.976254422e-03 -2.240538306e-04
      vertex 3.561130143e-04 -4.979577381e-03 -2.774729219e-04
      vertex 2.886239599e-06 -4.990607034e-03 3.063180193e-04
    endloop
  endfacet
  facet normal -3.539401889e-01 8.199164271e-01 -4.499593079e-01
    outer loop
      vertex 2.004095353e-03 -3.981841262e-03 2.264628652e-03
      vertex 2.004022012e-03 -4.049026407e-03 2.142261481e-03
      vertex 1.902630785e-03 -4.154442344e-03 2.029927215e-03
    endloop
  endfacet
  facet normal -4.099176526e-01 8.199818730e-01 -3.994961977e-01
    outer loop
      vertex 1.902630785e-03 -4.154442344e-03 2.029927215e-03
      vertex 2.004022012e-03 -4.049026407e-03 2.142261481e-03
      vertex 2.003849018e-03 -4.182599951e-03 1.868273248e-03
    endloop
  endfacet
  facet normal -3.402419984e-01 8.670038581e-01 -3.640599549e-01
    outer loop
      vertex 1.902630785e-03 -4.154442344e-03 2.029927215e-03
      vertex 2.003849018e-03 -4.182599951e-03 1.868273248e-03
      vertex 1.459635445e-03 -4.493380897e-03 1.636762521e-03
    endloop
  endfacet
  facet normal -3.529655337e-01 8.715663552e-01 -3.402754366e-01
    outer loop
      vertex 1.459635445e-03 -4.493380897e-03 1.636762521e-03
      vertex 2.003849018e-03 -4.182599951e-03 1.868273248e-03
      vertex 1.631034655e-03 -4.506211262e-03 1.426107367e-03
    endloop
  endfacet
  facet normal -2.610332966e-01 9.271333218e-01 -2.688594162e-01
    outer loop
      vertex 1.459635445e-03 -4.493380897e-03 1.636762521e-03
      vertex 1.631034655e-03 -4.506211262e-03 1.426107367e-03
      vertex 1.105521340e-03 -4.757305607e-03 1.070452621e-03
    endloop
  endfacet
  facet normal -2.874136865e-01 9.294118881e-01 -2.314885855e-01
    outer loop
      vertex 1.105521340e-03 -4.757305607e-03 1.070452621e-03
      vertex 1.631034655e-03 -4.506211262e-03 1.426107367e-03
      vertex 1.201050822e-03 -4.766893107e-03 9.133511921e-04
    endloop
  endfacet
  facet normal -1.748810410e-01 9.705681801e-01 -1.655719280e-01
    outer loop
      vertex 1.105521340e-03 -4.757305607e-03 1.070452621e-03
      vertex 1.201050822e-03 -4.766893107e-03 9.133511921e-04
      vertex 6.076279678e-04 -4.924618173e-03 6.155680167e-04
    endloop
  endfacet
  facet normal -1.876639277e-01 9.720753431e-01 -1.408964694e-01
    outer loop
      vertex 6.076279678e-04 -4.924618173e-03 6.155680167e-04
      vertex 1.201050822e-03 -4.766893107e-03 9.133511921e-04
      vertex 6.445760955e-04 -4.929820076e-03 5.304649239e-04
    endloop
  endfacet
  facet normal -6.333745271e-02 9.940813780e-01 -8.826443553e-02
    outer loop
      vertex 6.076279678e-04 -4.924618173e-03 6.155680167e-04
      vertex 6.445760955e-04 -4.929820076e-03 5.304649239e-04
      vertex 2.886239599e-06 -4.990607034e-03 3.063180193e-04
    endloop
  endfacet
  facet normal 5.431119204e-01 -6.425225735e-01 -5.405499339e-01
    outer loop
      vertex -1.998756314e-03 3.191327909e-03 3.289437620e-03
      vertex -1.999698346e-03 3.787781578e-03 2.579519060e-03
      vertex -1.897959155e-03 3.596638795e-03 2.908941358e-03
    endloop
  endfacet
  facet normal 3.368451595e-01 -7.655089498e-01 -5.482074022e-01
    outer loop
      vertex -1.897959155e-03 3.596638795e-03 2.908941358e-03
      vertex -1.999698346e-03 3.787781578e-03 2.579519060e-03
      vertex -1.639454276e-03 4.035583697e-03 2.454843139e-03
    endloop
  endfacet
  facet normal 3.143139184e-01 -7.656786442e-01 -5.611978173e-01
    outer loop
      vertex -1.897959155e-03 3.596638795e-03 2.908941358e-03
      vertex -1.639454276e-03 4.035583697e-03 2.454843139e-03
      vertex -1.454939716e-03 3.610928077e-03 3.137570573e-03
    endloop
  endfacet
  facet normal 3.143138587e-01 -7.656786442e-01 -5.611978173e-01
    outer loop
      vertex -1.454939716e-03 3.610928077e-03 3.137570573e-03
      vertex -1.639454276e-03 4.035583697e-03 2.454843139e-03
      vertex -1.256900257e-03 4.047922790e-03 2.652267925e-03
    endloop
  endfacet
  facet normal 2.287298888e-01 -7.680000663e-01 -5.982127786e-01
    outer loop
      vertex -1.454939716e-03 3.610928077e-03 3.137570573e-03
      vertex -1.256900257e-03 4.047922790e-03 2.652267925e-03
      vertex -9.848541813e-04 3.621406388e-03 3.303857986e-03
    endloop
  endfacet
  facet normal 2.287300378e-01 -7.680000067e-01 -5.982127786e-01
    outer loop
      vertex -9.848541813e-04 3.621406388e-03 3.303857986e-03
      vertex -1.256900257e-03 4.047922790e-03 2.652267925e-03
      vertex -8.509742329e-04 4.056971055e-03 2.795859473e-03
    endloop
  endfacet
  facet normal 1.388933510e-01 -7.695887685e-01 -6.232509017e-01
    outer loop
      vertex -9.848541813e-04 3.621406388e-03 3.303857986e-03
      vertex -8.509742329e-04 4.056971055e-03 2.795859473e-03
      vertex -4.964593682e-04 3.627878847e-03 3.404706018e-03
    endloop
  endfacet
  facet normal 1.388931870e-01 -7.695888877e-01 -6.232509017e-01
    outer loop
      vertex -4.964593682e-04 3.627878847e-03 3.404706018e-03
      vertex -8.509742329e-04 4.056971055e-03 2.795859473e-03
      vertex -4.292379308e-04 4.062559921e-03 2.882943256e-03
    endloop
  endfacet
  facet normal 4.647689313e-02 -7.704153657e-01 -6.358458996e-01
    outer loop
      vertex -4.964593682e-04 3.627878847e-03 3.404706018e-03
      vertex -4.292379308e-04 4.062559921e-03 2.882943256e-03
      vertex 1.146816658e-06 3.630224615e-03 3.438236192e-03
    endloop
  endfacet
  facet normal 4.647664726e-02 -7.704154849e-01 -6.358458400e-01
    outer loop
      vertex 1.146816658e-06 3.630224615e-03 3.438236192e-03
      vertex -4.292379308e-04 4.062559921e-03 2.882943256e-03
      vertex 4.525399788e-07 4.064585548e-03 2.911896911e-03
    endloop
  endfacet
  facet normal -5.424093604e-01 -5.722172260e-01 6.151093245e-01
    outer loop
      vertex 1.995310187e-03 2.767384984e-03 -3.655177075e-03
      vertex 1.995514613e-03 3.446182935e-03 -3.023531986e-03
      vertex 1.894019078e-03 3.216070589e-03 -3.327098209e-03
    endloop
  endfacet
  facet normal -3.360015750e-01 -6.931061745e-01 6.377356052e-01
    outer loop
      vertex 1.894019078e-03 3.216070589e-03 -3.327098209e-03
      vertex 1.995514613e-03 3.446182935e-03 -3.023531986e-03
      vertex 1.634976477e-03 3.706957214e-03 -2.930071903e-03
    endloop
  endfacet
  facet normal -3.134710789e-01 -6.916599274e-01 6.506476998e-01
    outer loop
      vertex 1.894019078e-03 3.216070589e-03 -3.327098209e-03
      vertex 1.634976477e-03 3.706957214e-03 -2.930071903e-03
      vertex 1.450999640e-03 3.201781306e-03 -3.555727424e-03
    endloop
  endfacet
  facet normal -3.134710193e-01 -6.916599870e-01 6.506476998e-01
    outer loop
      vertex 1.450999640e-03 3.201781306e-03 -3.555727424e-03
      vertex 1.634976477e-03 3.706957214e-03 -2.930071903e-03
      vertex 1.252422458e-03 3.694618121e-03 -3.127496457e-03
    endloop
  endfacet
  facet normal -2.278870642e-01 -6.893385649e-01 6.876626015e-01
    outer loop
      vertex 1.450999640e-03 3.201781306e-03 -3.555727424e-03
      vertex 1.252422458e-03 3.694618121e-03 -3.127496457e-03
      vertex 9.809142211e-04 3.191302763e-03 -3.722014604e-03
    endloop
  endfacet
  facet normal -2.278872132e-01 -6.893384457e-01 6.876626015e-01
    outer loop
      vertex 9.809142211e-04 3.191302763e-03 -3.722014604e-03
      vertex 1.252422458e-03 3.694618121e-03 -3.127496457e-03
      vertex 8.464964922e-04 3.685569856e-03 -3.271088237e-03
    endloop
  endfacet
  facet normal -1.380505264e-01 -6.877496839e-01 7.127007842e-01
    outer loop
      vertex 9.809142211e-04 3.191302763e-03 -3.722014604e-03
      vertex 8.464964922e-04 3.685569856e-03 -3.271088237e-03
      vertex 4.925193498e-04 3.184830537e-03 -3.822862869e-03
    endloop
  endfacet
  facet normal -1.380503625e-01 -6.877498031e-01 7.127007246e-01
    outer loop
      vertex 4.925193498e-04 3.184830537e-03 -3.822862869e-03
      vertex 8.464964922e-04 3.685569856e-03 -3.271088237e-03
      vertex 4.247601610e-04 3.679980990e-03 -3.358172020e-03
    endloop
  endfacet
  facet normal -4.563406482e-02 -6.869232655e-01 7.252957821e-01
    outer loop
      vertex 4.925193498e-04 3.184830537e-03 -3.822862869e-03
      vertex 4.247601610e-04 3.679980990e-03 -3.358172020e-03
      vertex -5.086840247e-06 3.182484768e-03 -3.856392810e-03
    endloop
  endfacet
  facet normal -4.563381895e-02 -6.869233847e-01 7.252956629e-01
    outer loop
      vertex -5.086840247e-06 3.182484768e-03 -3.856392810e-03
      vertex 4.247601610e-04 3.679980990e-03 -3.358172020e-03
      vertex -4.930317118e-06 3.677955363e-03 -3.387125675e-03
    endloop
  endfacet
  facet normal 4.763998464e-02 -6.868745089e-01 7.252129912e-01
    outer loop
      vertex -5.086840247e-06 3.182484768e-03 -3.856392810e-03
      vertex -4.930317118e-06 3.677955363e-03 -3.387125675e-03
      vertex -5.026349681e-04 3.184308996e-03 -3.821980441e-03
    endloop
  endfacet
  facet normal 4.763975739e-02 -6.868743896e-01 7.252131104e-01
    outer loop
      vertex -5.026349681e-04 3.184308996e-03 -3.821980441e-03
      vertex -4.930317118e-06 3.677955363e-03 -3.387125675e-03
      vertex -4.345706548e-04 3.679530695e-03 -3.357410198e-03
    endloop
  endfacet
  facet normal 1.400347650e-01 -6.876040697e-01 7.124541402e-01
    outer loop
      vertex -5.026349681e-04 3.184308996e-03 -3.821980441e-03
      vertex -4.345706548e-04 3.679530695e-03 -3.357410198e-03
      vertex -9.908566717e-04 3.190269927e-03 -3.720266279e-03
    endloop
  endfacet
  facet normal 1.400346458e-01 -6.876040101e-01 7.124542594e-01
    outer loop
      vertex -9.908566717e-04 3.190269927e-03 -3.720266279e-03
      vertex -4.345706548e-04 3.679530695e-03 -3.357410198e-03
      vertex -8.561575087e-04 3.684677882e-03 -3.269578563e-03
    endloop
  endfacet
  facet normal 2.298284173e-01 -6.890986562e-01 6.872568130e-01
    outer loop
      vertex -9.908566717e-04 3.190269927e-03 -3.720266279e-03
      vertex -8.561575087e-04 3.684677882e-03 -3.269578563e-03
      vertex -1.460657222e-03 3.200255800e-03 -3.553145565e-03
    endloop
  endfacet
  facet normal 2.298285216e-01 -6.890987754e-01 6.872566938e-01
    outer loop
      vertex -1.460657222e-03 3.200255800e-03 -3.553145565e-03
      vertex -8.561575087e-04 3.684677882e-03 -3.269578563e-03
      vertex -1.261837431e-03 3.693300998e-03 -3.125267103e-03
    endloop
  endfacet
  facet normal 3.153490126e-01 -6.913305521e-01 6.500900984e-01
    outer loop
      vertex -1.460657222e-03 3.200255800e-03 -3.553145565e-03
      vertex -1.261837431e-03 3.693300998e-03 -3.125267103e-03
      vertex -1.903285272e-03 3.214081051e-03 -3.323731013e-03
    endloop
  endfacet
  facet normal 3.153489828e-01 -6.913304925e-01 6.500900984e-01
    outer loop
      vertex -1.903285272e-03 3.214081051e-03 -3.323731013e-03
      vertex -1.261837431e-03 3.693300998e-03 -3.125267103e-03
      vertex -1.644053496e-03 3.705239156e-03 -2.927164314e-03
    endloop
  endfacet
  facet normal 3.378580809e-01 -6.927531362e-01 6.371381283e-01
    outer loop
      vertex -1.903285272e-03 3.214081051e-03 -3.323731013e-03
      vertex -1.644053496e-03 3.705239156e-03 -2.927164314e-03
      vertex -2.004483482e-03 3.444087226e-03 -3.019985044e-03
    endloop
  endfacet
  facet normal 3.764323294e-01 -7.246806622e-01 5.771799088e-01
    outer loop
      vertex -2.004483482e-03 3.444087226e-03 -3.019985044e-03
      vertex -1.644053496e-03 3.705239156e-03 -2.927164314e-03
      vertex -1.995685510e-03 3.720270470e-03 -2.678960096e-03
    endloop
  endfacet
  facet normal 9.533602595e-01 -2.461189330e-01 1.747273654e-01
    outer loop
      vertex -2.004483482e-03 3.444087226e-03 -3.019985044e-03
      vertex -1.995685510e-03 3.720270470e-03 -2.678960096e-03
      vertex -2.004095353e-03 3.981841262e-03 -2.264628652e-03
    endloop
  endfacet
  facet normal 9.530870914e-01 -2.657398582e-01 -1.449389458e-01
    outer loop
      vertex -1.999698346e-03 3.787781578e-03 2.579519060e-03
      vertex -2.000652719e-03 4.229119979e-03 1.764066983e-03
      vertex -1.991510158e-03 4.020183813e-03 2.207262907e-03
    endloop
  endfacet
  facet normal 3.540998399e-01 -8.430799842e-01 -4.047585428e-01
    outer loop
      vertex -1.991510158e-03 4.020183813e-03 2.207262907e-03
      vertex -2.000652719e-03 4.229119979e-03 1.764066983e-03
      vertex -1.640262199e-03 4.386674147e-03 1.751179108e-03
    endloop
  endfacet
  facet normal 3.331468105e-01 -8.435354829e-01 -4.212613106e-01
    outer loop
      vertex -1.991510158e-03 4.020183813e-03 2.207262907e-03
      vertex -1.640262199e-03 4.386674147e-03 1.751179108e-03
      vertex -1.639454276e-03 4.035583697e-03 2.454843139e-03
    endloop
  endfacet
  facet normal 3.331467807e-01 -8.435354829e-01 -4.212613106e-01
    outer loop
      vertex -1.639454276e-03 4.035583697e-03 2.454843139e-03
      vertex -1.640262199e-03 4.386674147e-03 1.751179108e-03
      vertex -1.350409468e-03 4.399353173e-03 1.955015585e-03
    endloop
  endfacet
  facet normal 2.657573521e-01 -8.460801244e-01 -4.620838463e-01
    outer loop
      vertex -1.639454276e-03 4.035583697e-03 2.454843139e-03
      vertex -1.350409468e-03 4.399353173e-03 1.955015585e-03
      vertex -1.256900257e-03 4.047922790e-03 2.652267925e-03
    endloop
  endfacet
  facet normal 2.657574117e-01 -8.460800648e-01 -4.620838463e-01
    outer loop
      vertex -1.256900257e-03 4.047922790e-03 2.652267925e-03
      vertex -1.350409468e-03 4.399353173e-03 1.955015585e-03
      vertex -1.035447116e-03 4.409512039e-03 2.117558382e-03
    endloop
  endfacet
  facet normal 1.934262067e-01 -8.480420709e-01 -4.933669865e-01
    outer loop
      vertex -1.256900257e-03 4.047922790e-03 2.652267925e-03
      vertex -1.035447116e-03 4.409512039e-03 2.117558382e-03
      vertex -8.509742329e-04 4.056971055e-03 2.795859473e-03
    endloop
  endfacet
  facet normal 1.934259683e-01 -8.480421305e-01 -4.933669567e-01
    outer loop
      vertex -8.509742329e-04 4.056971055e-03 2.795859473e-03
      vertex -1.035447116e-03 4.409512039e-03 2.117558382e-03
      vertex -7.012423011e-04 4.416961223e-03 2.235779306e-03
    endloop
  endfacet
  facet normal 1.175006032e-01 -8.493848443e-01 -5.145279169e-01
    outer loop
      vertex -8.509742329e-04 4.056971055e-03 2.795859473e-03
      vertex -7.012423011e-04 4.416961223e-03 2.235779306e-03
      vertex -4.292379308e-04 4.062559921e-03 2.882943256e-03
    endloop
  endfacet
  facet normal 1.175005585e-01 -8.493849039e-01 -5.145279169e-01
    outer loop
      vertex -4.292379308e-04 4.062559921e-03 2.882943256e-03
      vertex -7.012423011e-04 4.416961223e-03 2.235779306e-03
      vertex -3.540206235e-04 4.421562888e-03 2.307476709e-03
    endloop
  endfacet
  facet normal 3.939479962e-02 -8.500834107e-01 -5.251725912e-01
    outer loop
      vertex -4.292379308e-04 4.062559921e-03 2.882943256e-03
      vertex -3.540206235e-04 4.421562888e-03 2.307476709e-03
      vertex 4.525399788e-07 4.064585548e-03 2.911896911e-03
    endloop
  endfacet
  facet normal 3.939504921e-02 -8.500833511e-01 -5.251727104e-01
    outer loop
      vertex 4.525399788e-07 4.064585548e-03 2.911896911e-03
      vertex -3.540206235e-04 4.421562888e-03 2.307476709e-03
      vertex -2.501664085e-07 4.423230421e-03 2.331314608e-03
    endloop
  endfacet
  facet normal -9.527904987e-01 -2.471175790e-01 1.764175743e-01
    outer loop
      vertex 1.995514613e-03 3.446182935e-03 -3.023531986e-03
      vertex 1.995902741e-03 3.983936738e-03 -2.268175595e-03
      vertex 1.987032359e-03 3.722356865e-03 -2.682491671e-03
    endloop
  endfacet
  facet normal -3.531567156e-01 -7.876580954e-01 5.048514605e-01
    outer loop
      vertex 1.987032359e-03 3.722356865e-03 -2.682491671e-03
      vertex 1.995902741e-03 3.983936738e-03 -2.268175595e-03
      vertex 1.635330031e-03 4.141469020e-03 -2.274627332e-03
    endloop
  endfacet
  facet normal -3.322043419e-01 -7.860678434e-01 5.212845802e-01
    outer loop
      vertex 1.987032359e-03 3.722356865e-03 -2.682491671e-03
      vertex 1.635330031e-03 4.141469020e-03 -2.274627332e-03
      vertex 1.634976477e-03 3.706957214e-03 -2.930071903e-03
    endloop
  endfacet
  facet normal -3.322043121e-01 -7.860678434e-01 5.212845802e-01
    outer loop
      vertex 1.634976477e-03 3.706957214e-03 -2.930071903e-03
      vertex 1.635330031e-03 4.141469020e-03 -2.274627332e-03
      vertex 1.345477300e-03 4.128789995e-03 -2.478463808e-03
    endloop
  endfacet
  facet normal -2.648149133e-01 -7.835232019e-01 5.621071458e-01
    outer loop
      vertex 1.634976477e-03 3.706957214e-03 -2.930071903e-03
      vertex 1.345477300e-03 4.128789995e-03 -2.478463808e-03
      vertex 1.252422458e-03 3.694618121e-03 -3.127496457e-03
    endloop
  endfacet
  facet normal -2.648149431e-01 -7.835232019e-01 5.621071458e-01
    outer loop
      vertex 1.252422458e-03 3.694618121e-03 -3.127496457e-03
      vertex 1.345477300e-03 4.128789995e-03 -2.478463808e-03
      vertex 1.030514948e-03 4.118631128e-03 -2.641006373e-03
    endloop
  endfacet
  facet normal -1.924837530e-01 -7.815612555e-01 5.933902860e-01
    outer loop
      vertex 1.252422458e-03 3.694618121e-03 -3.127496457e-03
      vertex 1.030514948e-03 4.118631128e-03 -2.641006373e-03
      vertex 8.464964922e-04 3.685569856e-03 -3.271088237e-03
    endloop
  endfacet
  facet normal -1.924835145e-01 -7.815613151e-01 5.933902264e-01
    outer loop
      vertex 8.464964922e-04 3.685569856e-03 -3.271088237e-03
      vertex 1.030514948e-03 4.118631128e-03 -2.641006373e-03
      vertex 6.963101914e-04 4.111181479e-03 -2.759227529e-03
    endloop
  endfacet
  facet normal -1.165581495e-01 -7.802186012e-01 6.145511866e-01
    outer loop
      vertex 8.464964922e-04 3.685569856e-03 -3.271088237e-03
      vertex 6.963101914e-04 4.111181479e-03 -2.759227529e-03
      vertex 4.247601610e-04 3.679980990e-03 -3.358172020e-03
    endloop
  endfacet
  facet normal -1.165581048e-01 -7.802186012e-01 6.145511866e-01
    outer loop
      vertex 4.247601610e-04 3.679980990e-03 -3.358172020e-03
      vertex 6.963101914e-04 4.111181479e-03 -2.759227529e-03
      vertex 3.490885138e-04 4.106579814e-03 -2.830924699e-03
    endloop
  endfacet
  facet normal -3.845234588e-02 -7.795200348e-01 6.251958609e-01
    outer loop
      vertex 4.247601610e-04 3.679980990e-03 -3.358172020e-03
      vertex 3.490885138e-04 4.106579814e-03 -2.830924699e-03
      vertex -4.930317118e-06 3.677955363e-03 -3.387125675e-03
    endloop
  endfacet
  facet normal -3.845259175e-02 -7.795199752e-01 6.251959801e-01
    outer loop
      vertex -4.930317118e-06 3.677955363e-03 -3.387125675e-03
      vertex 3.490885138e-04 4.106579814e-03 -2.830924699e-03
      vertex -4.681951850e-06 4.104912281e-03 -2.854762832e-03
    endloop
  endfacet
  facet normal 4.037779942e-02 -7.794786692e-01 6.251260638e-01
    outer loop
      vertex -4.930317118e-06 3.677955363e-03 -3.387125675e-03
      vertex -4.681951850e-06 4.104912281e-03 -2.854762832e-03
      vertex -4.345706548e-04 3.679530695e-03 -3.357410198e-03
    endloop
  endfacet
  facet normal 4.037803411e-02 -7.794787884e-01 6.251259446e-01
    outer loop
      vertex -4.345706548e-04 3.679530695e-03 -3.357410198e-03
      vertex -4.681951850e-06 4.104912281e-03 -2.854762832e-03
      vertex -3.584111400e-04 4.106209148e-03 -2.830297453e-03
    endloop
  endfacet
  facet normal 1.184652820e-01 -7.800954580e-01 6.143427491e-01
    outer loop
      vertex -4.345706548e-04 3.679530695e-03 -3.357410198e-03
      vertex -3.584111400e-04 4.106209148e-03 -2.830297453e-03
      vertex -8.561575087e-04 3.684677882e-03 -3.269578563e-03
    endloop
  endfacet
  facet normal 1.184652448e-01 -7.800954580e-01 6.143428087e-01
    outer loop
      vertex -8.561575087e-04 3.684677882e-03 -3.269578563e-03
      vertex -3.584111400e-04 4.106209148e-03 -2.830297453e-03
      vertex -7.055097376e-04 4.110447131e-03 -2.757984446e-03
    endloop
  endfacet
  facet normal 1.943545789e-01 -7.813586593e-01 5.930471420e-01
    outer loop
      vertex -8.561575087e-04 3.684677882e-03 -3.269578563e-03
      vertex -7.055097376e-04 4.110447131e-03 -2.757984446e-03
      vertex -1.261837431e-03 3.693300998e-03 -3.125267103e-03
    endloop
  endfacet
  facet normal 1.943544149e-01 -7.813585997e-01 5.930473208e-01
    outer loop
      vertex -1.261837431e-03 3.693300998e-03 -3.125267103e-03
      vertex -7.055097376e-04 4.110447131e-03 -2.757984446e-03
      vertex -1.039511990e-03 4.117546603e-03 -2.639170969e-03
    endloop
  endfacet
  facet normal 2.666321993e-01 -7.832447886e-01 5.616359115e-01
    outer loop
      vertex -1.261837431e-03 3.693300998e-03 -3.125267103e-03
      vertex -1.039511990e-03 4.117546603e-03 -2.639170969e-03
      vertex -1.644053496e-03 3.705239156e-03 -2.927164314e-03
    endloop
  endfacet
  facet normal 2.666322291e-01 -7.832447886e-01 5.616358519e-01
    outer loop
      vertex -1.644053496e-03 3.705239156e-03 -2.927164314e-03
      vertex -1.039511990e-03 4.117546603e-03 -2.639170969e-03
      vertex -1.354195992e-03 4.127375782e-03 -2.476069843e-03
    endloop
  endfacet
  facet normal 3.339517415e-01 -7.857188582e-01 5.206938982e-01
    outer loop
      vertex -1.644053496e-03 3.705239156e-03 -2.927164314e-03
      vertex -1.354195992e-03 4.127375782e-03 -2.476069843e-03
      vertex -1.995685510e-03 3.720270470e-03 -2.678960096e-03
    endloop
  endfacet
  facet normal 3.339517415e-01 -7.857187986e-01 5.206938982e-01
    outer loop
      vertex -1.995685510e-03 3.720270470e-03 -2.678960096e-03
      vertex -1.354195992e-03 4.127375782e-03 -2.476069843e-03
      vertex -1.643699943e-03 4.139750730e-03 -2.271719743e-03
    endloop
  endfacet
  facet normal 3.548766077e-01 -7.872871757e-01 5.042236447e-01
    outer loop
      vertex -1.995685510e-03 3.720270470e-03 -2.678960096e-03
      vertex -1.643699943e-03 4.139750730e-03 -2.271719743e-03
      vertex -2.004095353e-03 3.981841262e-03 -2.264628652e-03
    endloop
  endfacet
  facet normal 3.662387133e-01 -8.157583475e-01 4.476689696e-01
    outer loop
      vertex -2.004095353e-03 3.981841262e-03 -2.264628652e-03
      vertex -1.643699943e-03 4.139750730e-03 -2.271719743e-03
      vertex -2.004022012e-03 4.049026407e-03 -2.142261481e-03
    endloop
  endfacet
  facet normal 4.093225598e-01 -8.627270460e-01 -2.969126105e-01
    outer loop
      vertex -2.000794746e-03 4.280835390e-03 1.634401735e-03
      vertex -2.001102082e-03 4.379898310e-03 1.346134581e-03
      vertex -1.899605850e-03 4.371711519e-03 1.509846305e-03
    endloop
  endfacet
  facet normal 3.397122324e-01 -9.050549865e-01 -2.558731139e-01
    outer loop
      vertex -1.899605850e-03 4.371711519e-03 1.509846305e-03
      vertex -2.001102082e-03 4.379898310e-03 1.346134581e-03
      vertex -1.457316102e-03 4.659976345e-03 1.077427645e-03
    endloop
  endfacet
  facet normal 3.148216605e-01 -9.062508345e-01 -2.821290493e-01
    outer loop
      vertex -1.899605850e-03 4.371711519e-03 1.509846305e-03
      vertex -1.457316102e-03 4.659976345e-03 1.077427645e-03
      vertex -1.640262199e-03 4.386674147e-03 1.751179108e-03
    endloop
  endfacet
  facet normal 3.148216605e-01 -9.062507749e-01 -2.821290493e-01
    outer loop
      vertex -1.640262199e-03 4.386674147e-03 1.751179108e-03
      vertex -1.457316102e-03 4.659976345e-03 1.077427645e-03
      vertex -1.258459291e-03 4.671449307e-03 1.262474339e-03
    endloop
  endfacet
  facet normal 2.659898996e-01 -9.087085724e-01 -3.217112720e-01
    outer loop
      vertex -1.640262199e-03 4.386674147e-03 1.751179108e-03
      vertex -1.258459291e-03 4.671449307e-03 1.262474339e-03
      vertex -1.350409468e-03 4.399353173e-03 1.955015585e-03
    endloop
  endfacet
  facet normal 2.659897804e-01 -9.087085724e-01 -3.217113018e-01
    outer loop
      vertex -1.350409468e-03 4.399353173e-03 1.955015585e-03
      vertex -1.258459291e-03 4.671449307e-03 1.262474339e-03
      vertex -1.036209054e-03 4.681170918e-03 1.418769825e-03
    endloop
  endfacet
  facet normal 2.122126222e-01 -9.107391834e-01 -3.542878926e-01
    outer loop
      vertex -1.350409468e-03 4.399353173e-03 1.955015585e-03
      vertex -1.036209054e-03 4.681170918e-03 1.418769825e-03
      vertex -1.035447116e-03 4.409512039e-03 2.117558382e-03
    endloop
  endfacet
  facet normal 2.122126818e-01 -9.107391834e-01 -3.542878926e-01
    outer loop
      vertex -1.035447116e-03 4.409512039e-03 2.117558382e-03
      vertex -1.036209054e-03 4.681170918e-03 1.418769825e-03
      vertex -7.947056438e-04 4.688960500e-03 1.543402555e-03
    endloop
  endfacet
  facet normal 1.544916332e-01 -9.123048782e-01 -3.792521358e-01
    outer loop
      vertex -1.035447116e-03 4.409512039e-03 2.117558382e-03
      vertex -7.947056438e-04 4.688960500e-03 1.543402555e-03
      vertex -7.012423011e-04 4.416961223e-03 2.235779306e-03
    endloop
  endfacet
  facet normal 1.544917524e-01 -9.123048186e-01 -3.792521656e-01
    outer loop
      vertex -7.012423011e-04 4.416961223e-03 2.235779306e-03
      vertex -7.947056438e-04 4.688960500e-03 1.543402555e-03
      vertex -5.384475808e-04 4.694672767e-03 1.634050976e-03
    endloop
  endfacet
  facet normal 9.390259534e-02 -9.133763313e-01 -3.961387873e-01
    outer loop
      vertex -7.012423011e-04 4.416961223e-03 2.235779306e-03
      vertex -5.384475808e-04 4.694672767e-03 1.634050976e-03
      vertex -3.540206235e-04 4.421562888e-03 2.307476709e-03
    endloop
  endfacet
  facet normal 9.390264004e-02 -9.133763313e-01 -3.961388171e-01
    outer loop
      vertex -3.540206235e-04 4.421562888e-03 2.307476709e-03
      vertex -5.384475808e-04 4.694672767e-03 1.634050976e-03
      vertex -2.722085919e-04 4.698200617e-03 1.689026249e-03
    endloop
  endfacet
  facet normal 3.157378361e-02 -9.139337540e-01 -4.046333432e-01
    outer loop
      vertex -3.540206235e-04 4.421562888e-03 2.307476709e-03
      vertex -2.722085919e-04 4.698200617e-03 1.689026249e-03
      vertex -2.501664085e-07 4.423230421e-03 2.331314608e-03
    endloop
  endfacet
  facet normal 3.157366812e-02 -9.139338136e-01 -4.046333134e-01
    outer loop
      vertex -2.501664085e-07 4.423230421e-03 2.331314608e-03
      vertex -2.722085919e-04 4.698200617e-03 1.689026249e-03
      vertex -9.482128007e-07 4.699479789e-03 1.707304502e-03
    endloop
  endfacet
  facet normal -4.083491266e-01 -8.204106092e-01 4.002217650e-01
    outer loop
      vertex 1.995976083e-03 4.051121883e-03 -2.145808190e-03
      vertex 1.996149076e-03 4.184695892e-03 -1.871820074e-03
      vertex 1.894673682e-03 4.156431649e-03 -2.033294411e-03
    endloop
  endfacet
  facet normal -3.386871815e-01 -8.673595786e-01 3.646619916e-01
    outer loop
      vertex 1.894673682e-03 4.156431649e-03 -2.033294411e-03
      vertex 1.996149076e-03 4.184695892e-03 -1.871820074e-03
      vertex 1.452021417e-03 4.494906403e-03 -1.639344380e-03
    endloop
  endfacet
  facet normal -3.137971163e-01 -8.653066754e-01 3.908653259e-01
    outer loop
      vertex 1.894673682e-03 4.156431649e-03 -2.033294411e-03
      vertex 1.452021417e-03 4.494906403e-03 -1.639344380e-03
      vertex 1.635330031e-03 4.141469020e-03 -2.274627332e-03
    endloop
  endfacet
  facet normal -3.137971163e-01 -8.653066754e-01 3.908653259e-01
    outer loop
      vertex 1.635330031e-03 4.141469020e-03 -2.274627332e-03
      vertex 1.452021417e-03 4.494906403e-03 -1.639344380e-03
      vertex 1.253164723e-03 4.483433440e-03 -1.824391074e-03
    endloop
  endfacet
  facet normal -2.649653554e-01 -8.628489375e-01 4.304475486e-01
    outer loop
      vertex 1.635330031e-03 4.141469020e-03 -2.274627332e-03
      vertex 1.253164723e-03 4.483433440e-03 -1.824391074e-03
      vertex 1.345477300e-03 4.128789995e-03 -2.478463808e-03
    endloop
  endfacet
  facet normal -2.649652362e-01 -8.628489375e-01 4.304475486e-01
    outer loop
      vertex 1.345477300e-03 4.128789995e-03 -2.478463808e-03
      vertex 1.253164723e-03 4.483433440e-03 -1.824391074e-03
      vertex 1.030914485e-03 4.473711364e-03 -1.980686560e-03
    endloop
  endfacet
  facet normal -2.111880779e-01 -8.608183265e-01 4.630241692e-01
    outer loop
      vertex 1.345477300e-03 4.128789995e-03 -2.478463808e-03
      vertex 1.030914485e-03 4.473711364e-03 -1.980686560e-03
      vertex 1.030514948e-03 4.118631128e-03 -2.641006373e-03
    endloop
  endfacet
  facet normal -2.111881226e-01 -8.608183265e-01 4.630241692e-01
    outer loop
      vertex 1.030514948e-03 4.118631128e-03 -2.641006373e-03
      vertex 1.030914485e-03 4.473711364e-03 -1.980686560e-03
      vertex 7.894110167e-04 4.465921782e-03 -2.105319407e-03
    endloop
  endfacet
  facet normal -1.534670889e-01 -8.592526913e-01 4.879884124e-01
    outer loop
      vertex 1.030514948e-03 4.118631128e-03 -2.641006373e-03
      vertex 7.894110167e-04 4.465921782e-03 -2.105319407e-03
      vertex 6.963101914e-04 4.111181479e-03 -2.759227529e-03
    endloop
  endfacet
  facet normal -1.534672081e-01 -8.592526317e-01 4.879884124e-01
    outer loop
      vertex 6.963101914e-04 4.111181479e-03 -2.759227529e-03
      vertex 7.894110167e-04 4.465921782e-03 -2.105319407e-03
      vertex 5.331529537e-04 4.460209981e-03 -2.195967594e-03
    endloop
  endfacet
  facet normal -9.287803620e-02 -8.581811190e-01 5.048750639e-01
    outer loop
      vertex 6.963101914e-04 4.111181479e-03 -2.759227529e-03
      vertex 5.331529537e-04 4.460209981e-03 -2.195967594e-03
      vertex 3.490885138e-04 4.106579814e-03 -2.830924699e-03
    endloop
  endfacet
  facet normal -9.287808836e-02 -8.581811190e-01 5.048750639e-01
    outer loop
      vertex 3.490885138e-04 4.106579814e-03 -2.830924699e-03
      vertex 5.331529537e-04 4.460209981e-03 -2.195967594e-03
      vertex 2.669140231e-04 4.456681665e-03 -2.250943100e-03
    endloop
  endfacet
  facet normal -3.054923005e-02 -8.576236963e-01 5.133696198e-01
    outer loop
      vertex 3.490885138e-04 4.106579814e-03 -2.830924699e-03
      vertex 2.669140231e-04 4.456681665e-03 -2.250943100e-03
      vertex -4.681951850e-06 4.104912281e-03 -2.854762832e-03
    endloop
  endfacet
  facet normal -3.054911643e-02 -8.576236963e-01 5.133695602e-01
    outer loop
      vertex -4.681951850e-06 4.104912281e-03 -2.854762832e-03
      vertex 2.669140231e-04 4.456681665e-03 -2.250943100e-03
      vertex -4.346370133e-06 4.455402959e-03 -2.269221237e-03
    endloop
  endfacet
  facet normal 3.235821426e-02 -8.575907350e-01 5.133138299e-01
    outer loop
      vertex -4.681951850e-06 4.104912281e-03 -2.854762832e-03
      vertex -4.346370133e-06 4.455402959e-03 -2.269221237e-03
      vertex -3.584111400e-04 4.106209148e-03 -2.830297453e-03
    endloop
  endfacet
  facet normal 3.235810623e-02 -8.575907350e-01 5.133138299e-01
    outer loop
      vertex -3.584111400e-04 4.106209148e-03 -2.830297453e-03
      vertex -4.346370133e-06 4.455402959e-03 -2.269221237e-03
      vertex -2.755750902e-04 4.456397612e-03 -2.250462072e-03
    endloop
  endfacet
  facet normal 9.467241913e-02 -8.580828309e-01 5.047087669e-01
    outer loop
      vertex -3.584111400e-04 4.106209148e-03 -2.830297453e-03
      vertex -2.755750902e-04 4.456397612e-03 -2.250462072e-03
      vertex -7.055097376e-04 4.110447131e-03 -2.757984446e-03
    endloop
  endfacet
  facet normal 9.467246383e-02 -8.580828905e-01 5.047087669e-01
    outer loop
      vertex -7.055097376e-04 4.110447131e-03 -2.757984446e-03
      vertex -2.755750902e-04 4.456397612e-03 -2.250462072e-03
      vertex -5.417197244e-04 4.459646996e-03 -2.195014618e-03
    endloop
  endfacet
  facet normal 1.552325189e-01 -8.590909243e-01 4.877147377e-01
    outer loop
      vertex -7.055097376e-04 4.110447131e-03 -2.757984446e-03
      vertex -5.417197244e-04 4.459646996e-03 -2.195014618e-03
      vertex -1.039511990e-03 4.117546603e-03 -2.639170969e-03
    endloop
  endfacet
  facet normal 1.552326083e-01 -8.590909243e-01 4.877146482e-01
    outer loop
      vertex -1.039511990e-03 4.117546603e-03 -2.639170969e-03
      vertex -5.417197244e-04 4.459646996e-03 -2.195014618e-03
      vertex -7.978224312e-04 4.465090577e-03 -2.103911946e-03
    endloop
  endfacet
  facet normal 2.129107565e-01 -8.605961204e-01 4.626481235e-01
    outer loop
      vertex -1.039511990e-03 4.117546603e-03 -2.639170969e-03
      vertex -7.978224312e-04 4.465090577e-03 -2.103911946e-03
      vertex -1.354195992e-03 4.127375782e-03 -2.476069843e-03
    endloop
  endfacet
  facet normal 2.129107863e-01 -8.605961800e-01 4.626480937e-01
    outer loop
      vertex -1.354195992e-03 4.127375782e-03 -2.476069843e-03
      vertex -7.978224312e-04 4.465090577e-03 -2.103911946e-03
      vertex -1.039112569e-03 4.472626839e-03 -1.978850923e-03
    endloop
  endfacet
  facet normal 2.666322291e-01 -8.625704646e-01 4.299761355e-01
    outer loop
      vertex -1.354195992e-03 4.127375782e-03 -2.476069843e-03
      vertex -1.039112569e-03 4.472626839e-03 -1.978850923e-03
      vertex -1.643699943e-03 4.139750730e-03 -2.271719743e-03
    endloop
  endfacet
  facet normal 2.666321695e-01 -8.625704050e-01 4.299762249e-01
    outer loop
      vertex -1.643699943e-03 4.139750730e-03 -2.271719743e-03
      vertex -1.039112569e-03 4.472626839e-03 -1.978850923e-03
      vertex -1.261095284e-03 4.482116085e-03 -1.822161605e-03
    endloop
  endfacet
  facet normal 3.153963089e-01 -8.649770617e-01 3.903074265e-01
    outer loop
      vertex -1.643699943e-03 4.139750730e-03 -2.271719743e-03
      vertex -1.261095284e-03 4.482116085e-03 -1.822161605e-03
      vertex -1.902630785e-03 4.154442344e-03 -2.029927215e-03
    endloop
  endfacet
  facet normal 3.153963089e-01 -8.649770617e-01 3.903073967e-01
    outer loop
      vertex -1.902630785e-03 4.154442344e-03 -2.029927215e-03
      vertex -1.261095284e-03 4.482116085e-03 -1.822161605e-03
      vertex -1.459635445e-03 4.493380897e-03 -1.636762521e-03
    endloop
  endfacet
  facet normal 3.402419984e-01 -8.670038581e-01 3.640599549e-01
    outer loop
      vertex -1.902630785e-03 4.154442344e-03 -2.029927215e-03
      vertex -1.459635445e-03 4.493380897e-03 -1.636762521e-03
      vertex -2.003849018e-03 4.182599951e-03 -1.868273248e-03
    endloop
  endfacet
  facet normal 3.384193182e-01 -8.663051724e-01 3.674066961e-01
    outer loop
      vertex -2.003849018e-03 4.182599951e-03 -1.868273248e-03
      vertex -1.459635445e-03 4.493380897e-03 -1.636762521e-03
      vertex -2.003742615e-03 4.250673577e-03 -1.707861200e-03
    endloop
  endfacet
  facet normal -3.143717349e-01 -9.065804482e-01 -2.815711498e-01
    outer loop
      vertex 1.638767775e-03 4.388391972e-03 1.748271636e-03
      vertex 1.255800715e-03 4.672766197e-03 1.260244870e-03
      vertex 1.897698618e-03 4.373700824e-03 1.506479224e-03
    endloop
  endfacet
  facet normal -3.143717349e-01 -9.065804482e-01 -2.815711200e-01
    outer loop
      vertex 1.897698618e-03 4.373700824e-03 1.506479224e-03
      vertex 1.255800715e-03 4.672766197e-03 1.260244870e-03
      vertex 1.454340876e-03 4.661501851e-03 1.074845903e-03
    endloop
  endfacet
  facet normal -3.392169476e-01 -9.054107070e-01 -2.552710772e-01
    outer loop
      vertex 1.897698618e-03 4.373700824e-03 1.506479224e-03
      vertex 1.454340876e-03 4.661501851e-03 1.074845903e-03
      vertex 1.998895779e-03 4.381994251e-03 1.342587755e-03
    endloop
  endfacet
  facet normal -3.373948336e-01 -9.051244259e-01 -2.586782873e-01
    outer loop
      vertex 1.998895779e-03 4.381994251e-03 1.342587755e-03
      vertex 1.454340876e-03 4.661501851e-03 1.074845903e-03
      vertex 1.998722320e-03 4.429938737e-03 1.175054582e-03
    endloop
  endfacet
  facet normal -5.433961153e-01 -6.430917978e-01 -5.395865440e-01
    outer loop
      vertex 2.001241781e-03 3.193423618e-03 3.285890911e-03
      vertex 1.899345312e-03 3.598628333e-03 2.905574394e-03
      vertex 2.000299748e-03 3.789877053e-03 2.575972117e-03
    endloop
  endfacet
  facet normal -3.370145261e-01 -7.658619881e-01 -5.476099253e-01
    outer loop
      vertex 2.000299748e-03 3.789877053e-03 2.575972117e-03
      vertex 1.899345312e-03 3.598628333e-03 2.905574394e-03
      vertex 1.639575697e-03 4.037301522e-03 2.451935550e-03
    endloop
  endfacet
  facet normal -3.755561709e-01 -7.902615666e-01 -4.841943681e-01
    outer loop
      vertex 2.000299748e-03 3.789877053e-03 2.575972117e-03
      vertex 1.639575697e-03 4.037301522e-03 2.451935550e-03
      vertex 1.991207711e-03 4.022270441e-03 2.203731332e-03
    endloop
  endfacet
  facet normal -3.330093026e-01 -8.438844681e-01 -4.206706285e-01
    outer loop
      vertex 1.991207711e-03 4.022270441e-03 2.203731332e-03
      vertex 1.639575697e-03 4.037301522e-03 2.451935550e-03
      vertex 1.349263941e-03 4.400767386e-03 1.952621737e-03
    endloop
  endfacet
  facet normal -3.330092728e-01 -8.438844681e-01 -4.206706583e-01
    outer loop
      vertex 1.991207711e-03 4.022270441e-03 2.203731332e-03
      vertex 1.349263941e-03 4.400767386e-03 1.952621737e-03
      vertex 1.638767775e-03 4.388391972e-03 1.748271636e-03
    endloop
  endfacet
  facet normal -2.656076849e-01 -9.089871049e-01 -3.212398589e-01
    outer loop
      vertex 1.638767775e-03 4.388391972e-03 1.748271636e-03
      vertex 1.349263941e-03 4.400767386e-03 1.952621737e-03
      vertex 1.033817884e-03 4.682255443e-03 1.416934305e-03
    endloop
  endfacet
  facet normal -2.656076252e-01 -9.089870453e-01 -3.212399483e-01
    outer loop
      vertex 1.638767775e-03 4.388391972e-03 1.748271636e-03
      vertex 1.033817884e-03 4.682255443e-03 1.416934305e-03
      vertex 1.255800715e-03 4.672766197e-03 1.260244870e-03
    endloop
  endfacet
  facet normal -3.563409150e-01 -6.415955424e-01 -6.792469025e-01
    outer loop
      vertex 2.001370303e-03 3.098979127e-03 3.375032684e-03
      vertex 1.628938830e-03 3.108374076e-03 3.561540507e-03
      vertex 2.001241781e-03 3.193423618e-03 3.285890911e-03
    endloop
  endfacet
  facet normal -3.348324597e-01 -6.727194190e-01 -6.597998142e-01
    outer loop
      vertex 2.001241781e-03 3.193423618e-03 3.285890911e-03
      vertex 1.628938830e-03 3.108374076e-03 3.561540507e-03
      vertex 1.456717262e-03 3.612453351e-03 3.134988947e-03
    endloop
  endfacet
  facet normal -3.515267074e-01 -6.861590743e-01 -6.368788481e-01
    outer loop
      vertex 2.001241781e-03 3.193423618e-03 3.285890911e-03
      vertex 1.456717262e-03 3.612453351e-03 3.134988947e-03
      vertex 1.899345312e-03 3.598628333e-03 2.905574394e-03
    endloop
  endfacet
  facet normal -3.145061731e-01 -7.660080791e-01 -5.606402159e-01
    outer loop
      vertex 1.899345312e-03 3.598628333e-03 2.905574394e-03
      vertex 1.456717262e-03 3.612453351e-03 3.134988947e-03
      vertex 1.257359749e-03 4.049239680e-03 2.650038339e-03
    endloop
  endfacet
  facet normal -3.145061433e-01 -7.660080791e-01 -5.606402755e-01
    outer loop
      vertex 1.899345312e-03 3.598628333e-03 2.905574394e-03
      vertex 1.257359749e-03 4.049239680e-03 2.650038339e-03
      vertex 1.639575697e-03 4.037301522e-03 2.451935550e-03
    endloop
  endfacet
  facet normal -2.656897306e-01 -8.463585377e-01 -4.616126120e-01
    outer loop
      vertex 1.639575697e-03 4.037301522e-03 2.451935550e-03
      vertex 1.257359749e-03 4.049239680e-03 2.650038339e-03
      vertex 1.034579938e-03 4.410596099e-03 2.115722746e-03
    endloop
  endfacet
  facet normal -2.656897604e-01 -8.463585377e-01 -4.616125822e-01
    outer loop
      vertex 1.639575697e-03 4.037301522e-03 2.451935550e-03
      vertex 1.034579938e-03 4.410596099e-03 2.115722746e-03
      vertex 1.349263941e-03 4.400767386e-03 1.952621737e-03
    endloop
  endfacet
  facet normal -2.118861973e-01 -9.109613895e-01 -3.539118469e-01
    outer loop
      vertex 1.349263941e-03 4.400767386e-03 1.952621737e-03
      vertex 1.034579938e-03 4.410596099e-03 2.115722746e-03
      vertex 7.925278624e-04 4.689792171e-03 1.541995211e-03
    endloop
  endfacet
  facet normal -2.118862271e-01 -9.109613895e-01 -3.539118171e-01
    outer loop
      vertex 1.349263941e-03 4.400767386e-03 1.952621737e-03
      vertex 7.925278624e-04 4.689792171e-03 1.541995211e-03
      vertex 1.033817884e-03 4.682255443e-03 1.416934305e-03
    endloop
  endfacet
  facet normal -2.353699692e-02 9.918231964e-01 -1.254305094e-01
    outer loop
      vertex 2.886239599e-06 -4.990607034e-03 3.063180193e-04
      vertex 1.871050481e-04 -4.903864115e-03 9.576564771e-04
      vertex 2.746365499e-04 -4.905724898e-03 9.265191620e-04
    endloop
  endfacet
  facet normal -6.901458651e-02 9.653434157e-01 -2.516925037e-01
    outer loop
      vertex 2.746365499e-04 -4.905724898e-03 9.265191620e-04
      vertex 1.871050481e-04 -4.903864115e-03 9.576564771e-04
      vertex 3.678384528e-04 -4.725771956e-03 1.591155655e-03
    endloop
  endfacet
  facet normal -6.901462376e-02 9.653434157e-01 -2.516924739e-01
    outer loop
      vertex 2.746365499e-04 -4.905724898e-03 9.265191620e-04
      vertex 3.678384528e-04 -4.725771956e-03 1.591155655e-03
      vertex 5.412708852e-04 -4.729458131e-03 1.529461006e-03
    endloop
  endfacet
  facet normal -1.131903902e-01 9.208135605e-01 -3.732162118e-01
    outer loop
      vertex 5.412708852e-04 -4.729458131e-03 1.529461006e-03
      vertex 3.678384528e-04 -4.725771956e-03 1.591155655e-03
      vertex 5.417197244e-04 -4.459646996e-03 2.195014618e-03
    endloop
  endfacet
  facet normal -1.131904572e-01 9.208135605e-01 -3.732162118e-01
    outer loop
      vertex 5.412708852e-04 -4.729458131e-03 1.529461006e-03
      vertex 5.417197244e-04 -4.459646996e-03 2.195014618e-03
      vertex 7.978224312e-04 -4.465090577e-03 2.103911946e-03
    endloop
  endfacet
  facet normal -1.552326232e-01 8.590909243e-01 -4.877147079e-01
    outer loop
      vertex 7.978224312e-04 -4.465090577e-03 2.103911946e-03
      vertex 5.417197244e-04 -4.459646996e-03 2.195014618e-03
      vertex 7.055097376e-04 -4.110447131e-03 2.757984446e-03
    endloop
  endfacet
  facet normal -1.552325040e-01 8.590909243e-01 -4.877146780e-01
    outer loop
      vertex 7.978224312e-04 -4.465090577e-03 2.103911946e-03
      vertex 7.055097376e-04 -4.110447131e-03 2.757984446e-03
      vertex 1.039511990e-03 -4.117546603e-03 2.639170969e-03
    endloop
  endfacet
  facet normal -1.943543702e-01 7.813586593e-01 -5.930472016e-01
    outer loop
      vertex 1.039511990e-03 -4.117546603e-03 2.639170969e-03
      vertex 7.055097376e-04 -4.110447131e-03 2.757984446e-03
      vertex 8.561575087e-04 -3.684677882e-03 3.269578563e-03
    endloop
  endfacet
  facet normal -1.943546087e-01 7.813585997e-01 -5.930472612e-01
    outer loop
      vertex 1.039511990e-03 -4.117546603e-03 2.639170969e-03
      vertex 8.561575087e-04 -3.684677882e-03 3.269578563e-03
      vertex 1.261837431e-03 -3.693300998e-03 3.125267103e-03
    endloop
  endfacet
  facet normal -2.298285514e-01 6.890986562e-01 -6.872567534e-01
    outer loop
      vertex 1.261837431e-03 -3.693300998e-03 3.125267103e-03
      vertex 8.561575087e-04 -3.684677882e-03 3.269578563e-03
      vertex 9.908566717e-04 -3.190269927e-03 3.720266279e-03
    endloop
  endfacet
  facet normal -2.298284024e-01 6.890987158e-01 -6.872567534e-01
    outer loop
      vertex 1.261837431e-03 -3.693300998e-03 3.125267103e-03
      vertex 9.908566717e-04 -3.190269927e-03 3.720266279e-03
      vertex 1.460657222e-03 -3.200255800e-03 3.553145565e-03
    endloop
  endfacet
  facet normal -2.609987259e-01 5.840604305e-01 -7.686046362e-01
    outer loop
      vertex 1.460657222e-03 -3.200255800e-03 3.553145565e-03
      vertex 9.908566717e-04 -3.190269927e-03 3.720266279e-03
      vertex 1.107097953e-03 -2.636433346e-03 4.101652652e-03
    endloop
  endfacet
  facet normal -2.609983981e-01 5.840605497e-01 -7.686046362e-01
    outer loop
      vertex 1.460657222e-03 -3.200255800e-03 3.553145565e-03
      vertex 1.107097953e-03 -2.636433346e-03 4.101652652e-03
      vertex 1.632267726e-03 -2.647596179e-03 3.914835397e-03
    endloop
  endfacet
  facet normal -2.872936726e-01 4.682204723e-01 -8.356027603e-01
    outer loop
      vertex 1.632267726e-03 -2.647596179e-03 3.914835397e-03
      vertex 1.107097953e-03 -2.636433346e-03 4.101652652e-03
      vertex 1.202716259e-03 -2.033484634e-03 4.406632856e-03
    endloop
  endfacet
  facet normal -2.872939706e-01 4.682202935e-01 -8.356027603e-01
    outer loop
      vertex 1.632267726e-03 -2.647596179e-03 3.914835397e-03
      vertex 1.202716259e-03 -2.033484634e-03 4.406632856e-03
      vertex 1.773472177e-03 -2.045616508e-03 4.203599412e-03
    endloop
  endfacet
  facet normal -3.082355559e-01 3.437443674e-01 -8.870347738e-01
    outer loop
      vertex 1.773472177e-03 -2.045616508e-03 4.203599412e-03
      vertex 1.202716259e-03 -2.033484634e-03 4.406632856e-03
      vertex 1.275930088e-03 -1.392656239e-03 4.629525822e-03
    endloop
  endfacet
  facet normal -3.082357347e-01 3.437442183e-01 -8.870347738e-01
    outer loop
      vertex 1.773472177e-03 -2.045616508e-03 4.203599412e-03
      vertex 1.275930088e-03 -1.392656239e-03 4.629525822e-03
      vertex 1.881640288e-03 -1.405531075e-03 4.414058290e-03
    endloop
  endfacet
  facet normal -3.234452605e-01 2.129433602e-01 -9.219751954e-01
    outer loop
      vertex 1.881640288e-03 -1.405531075e-03 4.414058290e-03
      vertex 1.275930088e-03 -1.392656239e-03 4.629525822e-03
      vertex 1.325375866e-03 -7.258852129e-04 4.766179714e-03
    endloop
  endfacet
  facet normal -3.234456182e-01 2.129430473e-01 -9.219751358e-01
    outer loop
      vertex 1.881640288e-03 -1.405531075e-03 4.414058290e-03
      vertex 1.325375866e-03 -7.258852129e-04 4.766179714e-03
      vertex 1.954756910e-03 -7.392632542e-04 4.542291630e-03
    endloop
  endfacet
  facet normal -3.326496780e-01 7.823416591e-02 -9.397997856e-01
    outer loop
      vertex 1.954756910e-03 -7.392632542e-04 4.542291630e-03
      vertex 1.325375866e-03 -7.258852129e-04 4.766179714e-03
      vertex 1.350132399e-03 -4.559237277e-05 4.814048298e-03
    endloop
  endfacet
  facet normal -3.326492608e-01 7.823456079e-02 -9.397999048e-01
    outer loop
      vertex 1.954756910e-03 -7.392632542e-04 4.542291630e-03
      vertex 1.350132399e-03 -4.559237277e-05 4.814048298e-03
      vertex 1.991460100e-03 -5.922430501e-05 4.585910589e-03
    endloop
  endfacet
  facet normal -3.356830478e-01 -5.790220201e-02 -9.401937127e-01
    outer loop
      vertex 1.991460100e-03 -5.922430501e-05 4.585910589e-03
      vertex 1.350132399e-03 -4.559237277e-05 4.814048298e-03
      vertex 1.349738450e-03 6.355497753e-04 4.772240762e-03
    endloop
  endfacet
  facet normal -3.356830478e-01 -5.790220201e-02 -9.401937127e-01
    outer loop
      vertex 1.991460100e-03 -5.922430501e-05 4.585910589e-03
      vertex 1.349738450e-03 6.355497753e-04 4.772240762e-03
      vertex 1.991066150e-03 6.219178322e-04 4.544103052e-03
    endloop
  endfacet
  facet normal -3.324924409e-01 -1.929649115e-01 -9.231539965e-01
    outer loop
      vertex 1.991066150e-03 6.219178322e-04 4.544103052e-03
      vertex 1.349738450e-03 6.355497753e-04 4.772240762e-03
      vertex 1.324201352e-03 1.304852893e-03 4.641535226e-03
    endloop
  endfacet
  facet normal -3.324927986e-01 -1.929652989e-01 -9.231538177e-01
    outer loop
      vertex 1.991066150e-03 6.219178322e-04 4.544103052e-03
      vertex 1.324201352e-03 1.304852893e-03 4.641535226e-03
      vertex 1.953582512e-03 1.291474793e-03 4.417647142e-03
    endloop
  endfacet
  facet normal -3.231347799e-01 -3.244723082e-01 -8.889890909e-01
    outer loop
      vertex 1.953582512e-03 1.291474793e-03 4.417647142e-03
      vertex 1.324201352e-03 1.304852893e-03 4.641535226e-03
      vertex 1.273997012e-03 1.949849073e-03 4.424366634e-03
    endloop
  endfacet
  facet normal -3.231344819e-01 -3.244720101e-01 -8.889893293e-01
    outer loop
      vertex 1.953582512e-03 1.291474793e-03 4.417647142e-03
      vertex 1.273997012e-03 1.949849073e-03 4.424366634e-03
      vertex 1.879707212e-03 1.936974120e-03 4.208899103e-03
    endloop
  endfacet
  facet normal -3.077766597e-01 -4.500007331e-01 -8.383154869e-01
    outer loop
      vertex 1.879707212e-03 1.936974120e-03 4.208899103e-03
      vertex 1.273997012e-03 1.949849073e-03 4.424366634e-03
      vertex 1.200060593e-03 2.558523091e-03 4.124780186e-03
    endloop
  endfacet
  facet normal -3.077765107e-01 -4.500005841e-01 -8.383156061e-01
    outer loop
      vertex 1.879707212e-03 1.936974120e-03 4.208899103e-03
      vertex 1.200060593e-03 2.558523091e-03 4.124780186e-03
      vertex 1.770816511e-03 2.546391217e-03 3.921747208e-03
    endloop
  endfacet
  facet normal -2.866950929e-01 -5.672282577e-01 -7.720479369e-01
    outer loop
      vertex 1.770816511e-03 2.546391217e-03 3.921747208e-03
      vertex 1.200060593e-03 2.558523091e-03 4.124780186e-03
      vertex 1.103769056e-03 3.119536908e-03 3.748357296e-03
    endloop
  endfacet
  facet normal -2.866948843e-01 -5.672280788e-01 -7.720481157e-01
    outer loop
      vertex 1.770816511e-03 2.546391217e-03 3.921747208e-03
      vertex 1.103769056e-03 3.119536908e-03 3.748357296e-03
      vertex 1.628938830e-03 3.108374076e-03 3.561540507e-03
    endloop
  endfacet
  facet normal -2.602708936e-01 -6.739746332e-01 -6.913878918e-01
    outer loop
      vertex 1.628938830e-03 3.108374076e-03 3.561540507e-03
      vertex 1.103769056e-03 3.119536908e-03 3.748357296e-03
      vertex 9.869167116e-04 3.622439457e-03 3.302109661e-03
    endloop
  endfacet
  facet normal -2.602711022e-01 -6.739748120e-01 -6.913877130e-01
    outer loop
      vertex 1.628938830e-03 3.108374076e-03 3.561540507e-03
      vertex 9.869167116e-04 3.622439457e-03 3.302109661e-03
      vertex 1.456717262e-03 3.612453351e-03 3.134988947e-03
    endloop
  endfacet
  facet normal -2.289855927e-01 -7.682398558e-01 -5.978069305e-01
    outer loop
      vertex 1.456717262e-03 3.612453351e-03 3.134988947e-03
      vertex 9.869167116e-04 3.622439457e-03 3.302109661e-03
      vertex 8.516797097e-04 4.057862796e-03 2.794349799e-03
    endloop
  endfacet
  facet normal -2.289856970e-01 -7.682399154e-01 -5.978068113e-01
    outer loop
      vertex 1.456717262e-03 3.612453351e-03 3.134988947e-03
      vertex 8.516797097e-04 4.057862796e-03 2.794349799e-03
      vertex 1.257359749e-03 4.049239680e-03 2.650038339e-03
    endloop
  endfacet
  facet normal -1.934121251e-01 -8.482447863e-01 -4.930238724e-01
    outer loop
      vertex 1.257359749e-03 4.049239680e-03 2.650038339e-03
      vertex 8.516797097e-04 4.057862796e-03 2.794349799e-03
      vertex 7.005776279e-04 4.417695571e-03 2.234536223e-03
    endloop
  endfacet
  facet normal -1.934119463e-01 -8.482447267e-01 -4.930240512e-01
    outer loop
      vertex 1.257359749e-03 4.049239680e-03 2.650038339e-03
      vertex 7.005776279e-04 4.417695571e-03 2.234536223e-03
      vertex 1.034579938e-03 4.410596099e-03 2.115722746e-03
    endloop
  endfacet
  facet normal -1.542079747e-01 -9.124665856e-01 -3.789784610e-01
    outer loop
      vertex 1.034579938e-03 4.410596099e-03 2.115722746e-03
      vertex 7.005776279e-04 4.417695571e-03 2.234536223e-03
      vertex 5.364250974e-04 4.695235752e-03 1.633097883e-03
    endloop
  endfacet
  facet normal -1.542080641e-01 -9.124665856e-01 -3.789783716e-01
    outer loop
      vertex 1.034579938e-03 4.410596099e-03 2.115722746e-03
      vertex 5.364250974e-04 4.695235752e-03 1.633097883e-03
      vertex 7.925278624e-04 4.689792171e-03 1.541995211e-03
    endloop
  endfacet
  facet normal -1.454966236e-02 9.916735888e-01 -1.279524863e-01
    outer loop
      vertex 2.886239599e-06 -4.990607034e-03 3.063180193e-04
      vertex 9.614139708e-05 -4.902753513e-03 9.766074363e-04
      vertex 1.871050481e-04 -4.903864115e-03 9.576564771e-04
    endloop
  endfacet
  facet normal -4.222239181e-02 9.648974538e-01 -2.592107654e-01
    outer loop
      vertex 1.871050481e-04 -4.903864115e-03 9.576564771e-04
      vertex 9.614139708e-05 -4.902753513e-03 9.766074363e-04
      vertex 1.876056194e-04 -4.723571241e-03 1.628704602e-03
    endloop
  endfacet
  facet normal -4.222242162e-02 9.648974538e-01 -2.592107654e-01
    outer loop
      vertex 1.871050481e-04 -4.903864115e-03 9.576564771e-04
      vertex 1.876056194e-04 -4.723571241e-03 1.628704602e-03
      vertex 3.678384528e-04 -4.725771956e-03 1.591155655e-03
    endloop
  endfacet
  facet normal -6.909875572e-02 9.200795889e-01 -3.855890036e-01
    outer loop
      vertex 3.678384528e-04 -4.725771956e-03 1.591155655e-03
      vertex 1.876056194e-04 -4.723571241e-03 1.628704602e-03
      vertex 2.755750902e-04 -4.456397612e-03 2.250462072e-03
    endloop
  endfacet
  facet normal -6.909863651e-02 9.200796485e-01 -3.855890036e-01
    outer loop
      vertex 3.678384528e-04 -4.725771956e-03 1.591155655e-03
      vertex 2.755750902e-04 -4.456397612e-03 2.250462072e-03
      vertex 5.417197244e-04 -4.459646996e-03 2.195014618e-03
    endloop
  endfacet
  facet normal -9.467246383e-02 8.580828309e-01 -5.047087669e-01
    outer loop
      vertex 5.417197244e-04 -4.459646996e-03 2.195014618e-03
      vertex 2.755750902e-04 -4.456397612e-03 2.250462072e-03
      vertex 3.584111400e-04 -4.106209148e-03 2.830297453e-03
    endloop
  endfacet
  facet normal -9.467241168e-02 8.580828905e-01 -5.047087669e-01
    outer loop
      vertex 5.417197244e-04 -4.459646996e-03 2.195014618e-03
      vertex 3.584111400e-04 -4.106209148e-03 2.830297453e-03
      vertex 7.055097376e-04 -4.110447131e-03 2.757984446e-03
    endloop
  endfacet
  facet normal -1.184652448e-01 7.800954580e-01 -6.143427491e-01
    outer loop
      vertex 7.055097376e-04 -4.110447131e-03 2.757984446e-03
      vertex 3.584111400e-04 -4.106209148e-03 2.830297453e-03
      vertex 4.345706548e-04 -3.679530695e-03 3.357410198e-03
    endloop
  endfacet
  facet normal -1.184652895e-01 7.800954580e-01 -6.143428087e-01
    outer loop
      vertex 7.055097376e-04 -4.110447131e-03 2.757984446e-03
      vertex 4.345706548e-04 -3.679530695e-03 3.357410198e-03
      vertex 8.561575087e-04 -3.684677882e-03 3.269578563e-03
    endloop
  endfacet
  facet normal -1.400346160e-01 6.876040697e-01 -7.124541402e-01
    outer loop
      vertex 8.561575087e-04 -3.684677882e-03 3.269578563e-03
      vertex 4.345706548e-04 -3.679530695e-03 3.357410198e-03
      vertex 5.026349681e-04 -3.184308996e-03 3.821980441e-03
    endloop
  endfacet
  facet normal -1.400347799e-01 6.876040101e-01 -7.124541998e-01
    outer loop
      vertex 8.561575087e-04 -3.684677882e-03 3.269578563e-03
      vertex 5.026349681e-04 -3.184308996e-03 3.821980441e-03
      vertex 9.908566717e-04 -3.190269927e-03 3.720266279e-03
    endloop
  endfacet
  facet normal -1.589819640e-01 5.823622942e-01 -7.972320318e-01
    outer loop
      vertex 9.908566717e-04 -3.190269927e-03 3.720266279e-03
      vertex 5.026349681e-04 -3.184308996e-03 3.821980441e-03
      vertex 5.613361136e-04 -2.629769966e-03 4.215354100e-03
    endloop
  endfacet
  facet normal -1.589819491e-01 5.823622942e-01 -7.972320318e-01
    outer loop
      vertex 9.908566717e-04 -3.190269927e-03 3.720266279e-03
      vertex 5.613361136e-04 -2.629769966e-03 4.215354100e-03
      vertex 1.107097953e-03 -2.636433346e-03 4.101652652e-03
    endloop
  endfacet
  facet normal -1.749595851e-01 4.663508832e-01 -8.671251535e-01
    outer loop
      vertex 1.107097953e-03 -2.636433346e-03 4.101652652e-03
      vertex 5.613361136e-04 -2.629769966e-03 4.215354100e-03
      vertex 6.095806020e-04 -2.026242903e-03 4.530204460e-03
    endloop
  endfacet
  facet normal -1.749599874e-01 4.663506150e-01 -8.671252131e-01
    outer loop
      vertex 1.107097953e-03 -2.636433346e-03 4.101652652e-03
      vertex 6.095806020e-04 -2.026242903e-03 4.530204460e-03
      vertex 1.202716259e-03 -2.033484634e-03 4.406632856e-03
    endloop
  endfacet
  facet normal -1.876774281e-01 3.417371213e-01 -9.208652973e-01
    outer loop
      vertex 1.202716259e-03 -2.033484634e-03 4.406632856e-03
      vertex 6.095806020e-04 -2.026242903e-03 4.530204460e-03
      vertex 6.464698818e-04 -1.384971081e-03 4.760664888e-03
    endloop
  endfacet
  facet normal -1.876768321e-01 3.417375982e-01 -9.208652377e-01
    outer loop
      vertex 1.202716259e-03 -2.033484634e-03 4.406632856e-03
      vertex 6.464698818e-04 -1.384971081e-03 4.760664888e-03
      vertex 1.275930088e-03 -1.392656239e-03 4.629525822e-03
    endloop
  endfacet
  facet normal -1.969041079e-01 2.108368129e-01 -9.574845433e-01
    outer loop
      vertex 1.275930088e-03 -1.392656239e-03 4.629525822e-03
      vertex 6.464698818e-04 -1.384971081e-03 4.760664888e-03
      vertex 6.713164621e-04 -7.178997621e-04 4.902443383e-03
    endloop
  endfacet
  facet normal -1.969038695e-01 2.108370215e-01 -9.574845433e-01
    outer loop
      vertex 1.275930088e-03 -1.392656239e-03 4.629525822e-03
      vertex 6.713164621e-04 -7.178997621e-04 4.902443383e-03
      vertex 1.325375866e-03 -7.258852129e-04 4.766179714e-03
    endloop
  endfacet
  facet normal -2.024751604e-01 7.606779784e-02 -9.763285518e-01
    outer loop
      vertex 1.325375866e-03 -7.258852129e-04 4.766179714e-03
      vertex 6.713164621e-04 -7.178997621e-04 4.902443383e-03
      vertex 6.836578832e-04 -3.745531649e-05 4.952899180e-03
    endloop
  endfacet
  facet normal -2.024756521e-01 7.606732845e-02 -9.763284922e-01
    outer loop
      vertex 1.325375866e-03 -7.258852129e-04 4.766179714e-03
      vertex 6.836578832e-04 -3.745531649e-05 4.952899180e-03
      vertex 1.350132399e-03 -4.559237277e-05 4.814048298e-03
    endloop
  endfacet
  facet normal -2.042912543e-01 -6.008928269e-02 -9.770641327e-01
    outer loop
      vertex 1.350132399e-03 -4.559237277e-05 4.814048298e-03
      vertex 6.836578832e-04 -3.745531649e-05 4.952899180e-03
      vertex 6.832639338e-04 6.436868571e-04 4.911091179e-03
    endloop
  endfacet
  facet normal -2.042912543e-01 -6.008928269e-02 -9.770641327e-01
    outer loop
      vertex 1.350132399e-03 -4.559237277e-05 4.814048298e-03
      vertex 6.832639338e-04 6.436868571e-04 4.911091179e-03
      vertex 1.349738450e-03 6.355497753e-04 4.772240762e-03
    endloop
  endfacet
  facet normal -2.023187876e-01 -1.951321512e-01 -9.596825242e-01
    outer loop
      vertex 1.349738450e-03 6.355497753e-04 4.772240762e-03
      vertex 6.832639338e-04 6.436868571e-04 4.911091179e-03
      vertex 6.701420643e-04 1.312838285e-03 4.777798895e-03
    endloop
  endfacet
  facet normal -2.023183405e-01 -1.951316893e-01 -9.596827030e-01
    outer loop
      vertex 1.349738450e-03 6.355497753e-04 4.772240762e-03
      vertex 6.701420643e-04 1.312838285e-03 4.777798895e-03
      vertex 1.324201352e-03 1.304852893e-03 4.641535226e-03
    endloop
  endfacet
  facet normal -1.965930760e-01 -3.265784681e-01 -9.244986176e-01
    outer loop
      vertex 1.324201352e-03 1.304852893e-03 4.641535226e-03
      vertex 6.701420643e-04 1.312838285e-03 4.777798895e-03
      vertex 6.445367471e-04 1.957534114e-03 4.555505700e-03
    endloop
  endfacet
  facet normal -1.965932846e-01 -3.265786767e-01 -9.244984984e-01
    outer loop
      vertex 1.324201352e-03 1.304852893e-03 4.641535226e-03
      vertex 6.445367471e-04 1.957534114e-03 4.555505700e-03
      vertex 1.273997012e-03 1.949849073e-03 4.424366634e-03
    endloop
  endfacet
  facet normal -1.872178167e-01 -4.520070553e-01 -8.721462488e-01
    outer loop
      vertex 1.273997012e-03 1.949849073e-03 4.424366634e-03
      vertex 6.445367471e-04 1.957534114e-03 4.555505700e-03
      vertex 6.069249357e-04 2.565764822e-03 4.248352256e-03
    endloop
  endfacet
  facet normal -1.872183233e-01 -4.520075023e-01 -8.721459508e-01
    outer loop
      vertex 1.273997012e-03 1.949849073e-03 4.424366634e-03
      vertex 6.069249357e-04 2.565764822e-03 4.248352256e-03
      vertex 1.200060593e-03 2.558523091e-03 4.124780186e-03
    endloop
  endfacet
  facet normal -1.743611097e-01 -5.690983534e-01 -8.035703301e-01
    outer loop
      vertex 1.200060593e-03 2.558523091e-03 4.124780186e-03
      vertex 6.069249357e-04 2.565764822e-03 4.248352256e-03
      vertex 5.580072175e-04 3.126200289e-03 3.862058977e-03
    endloop
  endfacet
  facet normal -1.743607819e-01 -5.690981150e-01 -8.035705686e-01
    outer loop
      vertex 1.200060593e-03 2.558523091e-03 4.124780186e-03
      vertex 5.580072175e-04 3.126200289e-03 3.862058977e-03
      vertex 1.103769056e-03 3.119536908e-03 3.748357296e-03
    endloop
  endfacet
  facet normal -1.582543850e-01 -6.756727099e-01 -7.200152278e-01
    outer loop
      vertex 1.103769056e-03 3.119536908e-03 3.748357296e-03
      vertex 5.580072175e-04 3.126200289e-03 3.862058977e-03
      vertex 4.986949498e-04 3.628400154e-03 3.403823590e-03
    endloop
  endfacet
  facet normal -1.582543999e-01 -6.756727695e-01 -7.200152278e-01
    outer loop
      vertex 1.103769056e-03 3.119536908e-03 3.748357296e-03
      vertex 4.986949498e-04 3.628400154e-03 3.403823590e-03
      vertex 9.869167116e-04 3.622439457e-03 3.302109661e-03
    endloop
  endfacet
  facet normal -1.391919404e-01 -7.697345614e-01 -6.230042577e-01
    outer loop
      vertex 9.869167116e-04 3.622439457e-03 3.302109661e-03
      vertex 4.986949498e-04 3.628400154e-03 3.403823590e-03
      vertex 4.300928849e-04 4.063010216e-03 2.882181434e-03
    endloop
  endfacet
  facet normal -1.391918063e-01 -7.697345018e-01 -6.230043769e-01
    outer loop
      vertex 9.869167116e-04 3.622439457e-03 3.302109661e-03
      vertex 4.300928849e-04 4.063010216e-03 2.882181434e-03
      vertex 8.516797097e-04 4.057862796e-03 2.794349799e-03
    endloop
  endfacet
  facet normal -1.175228283e-01 -8.495079875e-01 -5.143194795e-01
    outer loop
      vertex 8.516797097e-04 4.057862796e-03 2.794349799e-03
      vertex 4.300928849e-04 4.063010216e-03 2.882181434e-03
      vertex 3.534790303e-04 4.421933554e-03 2.306849230e-03
    endloop
  endfacet
  facet normal -1.175227910e-01 -8.495079875e-01 -5.143195391e-01
    outer loop
      vertex 8.516797097e-04 4.057862796e-03 2.794349799e-03
      vertex 3.534790303e-04 4.421933554e-03 2.306849230e-03
      vertex 7.005776279e-04 4.417695571e-03 2.234536223e-03
    endloop
  endfacet
  facet normal -9.364786744e-02 -9.134746194e-01 -3.959725201e-01
    outer loop
      vertex 7.005776279e-04 4.417695571e-03 2.234536223e-03
      vertex 3.534790303e-04 4.421933554e-03 2.306849230e-03
      vertex 2.702805214e-04 4.698485136e-03 1.688545221e-03
    endloop
  endfacet
  facet normal -9.364791214e-02 -9.134746194e-01 -3.959724903e-01
    outer loop
      vertex 7.005776279e-04 4.417695571e-03 2.234536223e-03
      vertex 2.702805214e-04 4.698485136e-03 1.688545221e-03
      vertex 5.364250974e-04 4.695235752e-03 1.633097883e-03
    endloop
  endfacet
  facet normal -5.301963072e-03 9.916005135e-01 -1.292295158e-01
    outer loop
      vertex 2.886239599e-06 -4.990607034e-03 3.063180193e-04
      vertex 3.440072987e-06 -4.902413581e-03 9.830191266e-04
      vertex 9.614139708e-05 -4.902753513e-03 9.766074363e-04
    endloop
  endfacet
  facet normal -1.465402544e-02 9.646797180e-01 -2.630177140e-01
    outer loop
      vertex 9.614139708e-05 -4.902753513e-03 9.766074363e-04
      vertex 3.440072987e-06 -4.902413581e-03 9.830191266e-04
      vertex 3.929824288e-06 -4.722897895e-03 1.641408307e-03
    endloop
  endfacet
  facet normal -1.465398632e-02 9.646797180e-01 -2.630177140e-01
    outer loop
      vertex 9.614139708e-05 -4.902753513e-03 9.766074363e-04
      vertex 3.929824288e-06 -4.722897895e-03 1.641408307e-03
      vertex 1.876056194e-04 -4.723571241e-03 1.628704602e-03
    endloop
  endfacet
  facet normal -2.372967638e-02 9.197213054e-01 -3.918541074e-01
    outer loop
      vertex 1.876056194e-04 -4.723571241e-03 1.628704602e-03
      vertex 3.929824288e-06 -4.722897895e-03 1.641408307e-03
      vertex 4.346370133e-06 -4.455402959e-03 2.269221237e-03
    endloop
  endfacet
  facet normal -2.372965403e-02 9.197213054e-01 -3.918540776e-01
    outer loop
      vertex 1.876056194e-04 -4.723571241e-03 1.628704602e-03
      vertex 4.346370133e-06 -4.455402959e-03 2.269221237e-03
      vertex 2.755750902e-04 -4.456397612e-03 2.250462072e-03
    endloop
  endfacet
  facet normal -3.235810250e-02 8.575907350e-01 -5.133138299e-01
    outer loop
      vertex 2.755750902e-04 -4.456397612e-03 2.250462072e-03
      vertex 4.346370133e-06 -4.455402959e-03 2.269221237e-03
      vertex 4.681951850e-06 -4.104912281e-03 2.854762832e-03
    endloop
  endfacet
  facet normal -3.235821798e-02 8.575907350e-01 -5.133138299e-01
    outer loop
      vertex 2.755750902e-04 -4.456397612e-03 2.250462072e-03
      vertex 4.681951850e-06 -4.104912281e-03 2.854762832e-03
      vertex 3.584111400e-04 -4.106209148e-03 2.830297453e-03
    endloop
  endfacet
  facet normal -4.037804157e-02 7.794786692e-01 -6.251260638e-01
    outer loop
      vertex 3.584111400e-04 -4.106209148e-03 2.830297453e-03
      vertex 4.681951850e-06 -4.104912281e-03 2.854762832e-03
      vertex 4.930317118e-06 -3.677955363e-03 3.387125675e-03
    endloop
  endfacet
  facet normal -4.037779197e-02 7.794787288e-01 -6.251260042e-01
    outer loop
      vertex 3.584111400e-04 -4.106209148e-03 2.830297453e-03
      vertex 4.930317118e-06 -3.677955363e-03 3.387125675e-03
      vertex 4.345706548e-04 -3.679530695e-03 3.357410198e-03
    endloop
  endfacet
  facet normal -4.763974622e-02 6.868745089e-01 -7.252129912e-01
    outer loop
      vertex 4.345706548e-04 -3.679530695e-03 3.357410198e-03
      vertex 4.930317118e-06 -3.677955363e-03 3.387125675e-03
      vertex 5.086840247e-06 -3.182484768e-03 3.856392810e-03
    endloop
  endfacet
  facet normal -4.763999209e-02 6.868743896e-01 -7.252130508e-01
    outer loop
      vertex 4.345706548e-04 -3.679530695e-03 3.357410198e-03
      vertex 5.086840247e-06 -3.182484768e-03 3.856392810e-03
      vertex 5.026349681e-04 -3.184308996e-03 3.821980441e-03
    endloop
  endfacet
  facet normal -5.400997773e-02 5.815331936e-01 -8.117278218e-01
    outer loop
      vertex 5.026349681e-04 -3.184308996e-03 3.821980441e-03
      vertex 5.086840247e-06 -3.182484768e-03 3.856392810e-03
      vertex 5.148605396e-06 -2.627730602e-03 4.253822379e-03
    endloop
  endfacet
  facet normal -5.400988087e-02 5.815332532e-01 -8.117277622e-01
    outer loop
      vertex 5.026349681e-04 -3.184308996e-03 3.821980441e-03
      vertex 5.148605396e-06 -2.627730602e-03 4.253822379e-03
      vertex 5.613361136e-04 -2.629769966e-03 4.215354100e-03
    endloop
  endfacet
  facet normal -5.937106907e-02 4.654379487e-01 -8.830869794e-01
    outer loop
      vertex 5.613361136e-04 -2.629769966e-03 4.215354100e-03
      vertex 5.148605396e-06 -2.627730602e-03 4.253822379e-03
      vertex 5.114461146e-06 -2.024026355e-03 4.572011530e-03
    endloop
  endfacet
  facet normal -5.937097222e-02 4.654380083e-01 -8.830869198e-01
    outer loop
      vertex 5.613361136e-04 -2.629769966e-03 4.215354100e-03
      vertex 5.114461146e-06 -2.024026355e-03 4.572011530e-03
      vertex 6.095806020e-04 -2.026242903e-03 4.530204460e-03
    endloop
  endfacet
  facet normal -6.362584978e-02 3.407579660e-01 -9.379956126e-01
    outer loop
      vertex 6.095806020e-04 -2.026242903e-03 4.530204460e-03
      vertex 5.114461146e-06 -2.024026355e-03 4.572011530e-03
      vertex 4.985045052e-06 -1.382618910e-03 4.805033095e-03
    endloop
  endfacet
  facet normal -6.362650543e-02 3.407574296e-01 -9.379957318e-01
    outer loop
      vertex 6.095806020e-04 -2.026242903e-03 4.530204460e-03
      vertex 4.985045052e-06 -1.382618910e-03 4.805033095e-03
      vertex 6.464698818e-04 -1.384971081e-03 4.760664888e-03
    endloop
  endfacet
  facet normal -6.669822335e-02 2.098080963e-01 -9.754649997e-01
    outer loop
      vertex 6.464698818e-04 -1.384971081e-03 4.760664888e-03
      vertex 4.985045052e-06 -1.382618910e-03 4.805033095e-03
      vertex 4.762765911e-06 -7.154555642e-04 4.948545247e-03
    endloop
  endfacet
  facet normal -6.669777632e-02 2.098084986e-01 -9.754649401e-01
    outer loop
      vertex 6.464698818e-04 -1.384971081e-03 4.760664888e-03
      vertex 4.762765911e-06 -7.154555642e-04 4.948545247e-03
      vertex 6.713164621e-04 -7.178997621e-04 4.902443383e-03
    endloop
  endfacet
  facet normal -6.853109598e-02 7.501019537e-02 -9.948250651e-01
    outer loop
      vertex 6.713164621e-04 -7.178997621e-04 4.902443383e-03
      vertex 4.762765911e-06 -7.154555642e-04 4.948545247e-03
      vertex 4.451766017e-06 -3.496474164e-05 4.999876022e-03
    endloop
  endfacet
  facet normal -6.853134185e-02 7.500995696e-02 -9.948250651e-01
    outer loop
      vertex 6.713164621e-04 -7.178997621e-04 4.902443383e-03
      vertex 4.451766017e-06 -3.496474164e-05 4.999876022e-03
      vertex 6.836578832e-04 -3.745531649e-05 4.952899180e-03
    endloop
  endfacet
  facet normal -6.909350306e-02 -6.115701795e-02 -9.957338572e-01
    outer loop
      vertex 6.836578832e-04 -3.745531649e-05 4.952899180e-03
      vertex 4.451766017e-06 -3.496474164e-05 4.999876022e-03
      vertex 4.057838396e-06 6.461773883e-04 4.958068021e-03
    endloop
  endfacet
  facet normal -6.909350306e-02 -6.115701795e-02 -9.957338572e-01
    outer loop
      vertex 6.836578832e-04 -3.745531649e-05 4.952899180e-03
      vertex 4.057838396e-06 6.461773883e-04 4.958068021e-03
      vertex 6.832639338e-04 6.436868571e-04 4.911091179e-03
    endloop
  endfacet
  facet normal -6.837449223e-02 -1.961902231e-01 -9.781790972e-01
    outer loop
      vertex 6.832639338e-04 6.436868571e-04 4.911091179e-03
      vertex 4.057838396e-06 6.461773883e-04 4.958068021e-03
      vertex 3.588320396e-06 1.315282541e-03 4.823900759e-03
    endloop
  endfacet
  facet normal -6.837425381e-02 -1.961899847e-01 -9.781791568e-01
    outer loop
      vertex 6.832639338e-04 6.436868571e-04 4.911091179e-03
      vertex 3.588320396e-06 1.315282541e-03 4.823900759e-03
      vertex 6.701420643e-04 1.312838285e-03 4.777798895e-03
    endloop
  endfacet
  facet normal -6.638698280e-02 -3.276063800e-01 -9.424790740e-01
    outer loop
      vertex 6.701420643e-04 1.312838285e-03 4.777798895e-03
      vertex 3.588320396e-06 1.315282541e-03 4.823900759e-03
      vertex 3.051959311e-06 1.959886402e-03 4.599873442e-03
    endloop
  endfacet
  facet normal -6.638741493e-02 -3.276067674e-01 -9.424788952e-01
    outer loop
      vertex 6.701420643e-04 1.312838285e-03 4.777798895e-03
      vertex 3.051959311e-06 1.959886402e-03 4.599873442e-03
      vertex 6.445367471e-04 1.957534114e-03 4.555505700e-03
    endloop
  endfacet
  facet normal -6.316743791e-02 -4.529872537e-01 -8.892763257e-01
    outer loop
      vertex 6.445367471e-04 1.957534114e-03 4.555505700e-03
      vertex 3.051959311e-06 1.959886402e-03 4.599873442e-03
      vertex 2.458745485e-06 2.567981137e-03 4.290159326e-03
    endloop
  endfacet
  facet normal -6.316681951e-02 -4.529867470e-01 -8.892766833e-01
    outer loop
      vertex 6.445367471e-04 1.957534114e-03 4.555505700e-03
      vertex 2.458745485e-06 2.567981137e-03 4.290159326e-03
      vertex 6.069249357e-04 2.565764822e-03 4.248352256e-03
    endloop
  endfacet
  facet normal -5.877213925e-02 -5.700111985e-01 -8.195322156e-01
    outer loop
      vertex 6.069249357e-04 2.565764822e-03 4.248352256e-03
      vertex 2.458745485e-06 2.567981137e-03 4.290159326e-03
      vertex 1.819729846e-06 3.128239652e-03 3.900527256e-03
    endloop
  endfacet
  facet normal -5.877222866e-02 -5.700112581e-01 -8.195321560e-01
    outer loop
      vertex 6.069249357e-04 2.565764822e-03 4.248352256e-03
      vertex 1.819729846e-06 3.128239652e-03 3.900527256e-03
      vertex 5.580072175e-04 3.126200289e-03 3.862058977e-03
    endloop
  endfacet
  facet normal -5.328231677e-02 -6.765016913e-01 -7.345110178e-01
    outer loop
      vertex 5.580072175e-04 3.126200289e-03 3.862058977e-03
      vertex 1.819729846e-06 3.128239652e-03 3.900527256e-03
      vertex 1.146816658e-06 3.630224615e-03 3.438236192e-03
    endloop
  endfacet
  facet normal -5.328240618e-02 -6.765017509e-01 -7.345109582e-01
    outer loop
      vertex 5.580072175e-04 3.126200289e-03 3.862058977e-03
      vertex 1.146816658e-06 3.630224615e-03 3.438236192e-03
      vertex 4.986949498e-04 3.628400154e-03 3.403823590e-03
    endloop
  endfacet
  facet normal -4.679715633e-02 -7.704643607e-01 -6.357631087e-01
    outer loop
      vertex 4.986949498e-04 3.628400154e-03 3.403823590e-03
      vertex 1.146816658e-06 3.630224615e-03 3.438236192e-03
      vertex 4.525399788e-07 4.064585548e-03 2.911896911e-03
    endloop
  endfacet
  facet normal -4.679692537e-02 -7.704642415e-01 -6.357632279e-01
    outer loop
      vertex 4.986949498e-04 3.628400154e-03 3.403823590e-03
      vertex 4.525399788e-07 4.064585548e-03 2.911896911e-03
      vertex 4.300928849e-04 4.063010216e-03 2.882181434e-03
    endloop
  endfacet
  facet normal -3.943534568e-02 -8.501246572e-01 -5.251027942e-01
    outer loop
      vertex 4.300928849e-04 4.063010216e-03 2.882181434e-03
      vertex 4.525399788e-07 4.064585548e-03 2.911896911e-03
      vertex -2.501664085e-07 4.423230421e-03 2.331314608e-03
    endloop
  endfacet
  facet normal -3.943557665e-02 -8.501247168e-01 -5.251026750e-01
    outer loop
      vertex 4.300928849e-04 4.063010216e-03 2.882181434e-03
      vertex -2.501664085e-07 4.423230421e-03 2.331314608e-03
      vertex 3.534790303e-04 4.421933554e-03 2.306849230e-03
    endloop
  endfacet
  facet normal -3.133366257e-02 -9.139667749e-01 -4.045775235e-01
    outer loop
      vertex 3.534790303e-04 4.421933554e-03 2.306849230e-03
      vertex -2.501664085e-07 4.423230421e-03 2.331314608e-03
      vertex -9.482128007e-07 4.699479789e-03 1.707304502e-03
    endloop
  endfacet
  facet normal -3.133355454e-02 -9.139667153e-01 -4.045775831e-01
    outer loop
      vertex 3.534790303e-04 4.421933554e-03 2.306849230e-03
      vertex -9.482128007e-07 4.699479789e-03 1.707304502e-03
      vertex 2.702805214e-04 4.698485136e-03 1.688545221e-03
    endloop
  endfacet
  facet normal 3.531567156e-01 7.876580954e-01 -5.048514605e-01
    outer loop
      vertex -1.995902741e-03 -3.983936738e-03 2.268175595e-03
      vertex -1.987032359e-03 -3.722356865e-03 2.682491671e-03
      vertex -1.635330031e-03 -4.141469020e-03 2.274627332e-03
    endloop
  endfacet
  facet normal 3.322043419e-01 7.860678434e-01 -5.212846398e-01
    outer loop
      vertex -1.635330031e-03 -4.141469020e-03 2.274627332e-03
      vertex -1.987032359e-03 -3.722356865e-03 2.682491671e-03
      vertex -1.345477300e-03 -4.128789995e-03 2.478463808e-03
    endloop
  endfacet
  facet normal 2.649653256e-01 8.628489375e-01 -4.304475188e-01
    outer loop
      vertex -1.635330031e-03 -4.141469020e-03 2.274627332e-03
      vertex -1.345477300e-03 -4.128789995e-03 2.478463808e-03
      vertex -1.030914485e-03 -4.473711364e-03 1.980686560e-03
    endloop
  endfacet
  facet normal 2.111881226e-01 8.608183265e-01 -4.630241394e-01
    outer loop
      vertex -1.030914485e-03 -4.473711364e-03 1.980686560e-03
      vertex -1.345477300e-03 -4.128789995e-03 2.478463808e-03
      vertex -7.894110167e-04 -4.465921782e-03 2.105319407e-03
    endloop
  endfacet
  facet normal 1.535881758e-01 9.220712185e-01 -3.552398980e-01
    outer loop
      vertex -1.030914485e-03 -4.473711364e-03 1.980686560e-03
      vertex -7.894110167e-04 -4.465921782e-03 2.105319407e-03
      vertex -5.336017930e-04 -4.730021581e-03 1.530414098e-03
    endloop
  endfacet
  facet normal 1.115634441e-01 9.209312797e-01 -3.734155297e-01
    outer loop
      vertex -5.336017930e-04 -4.730021581e-03 1.530414098e-03
      vertex -7.894110167e-04 -4.465921782e-03 2.105319407e-03
      vertex -3.600641503e-04 -4.726153333e-03 1.591801061e-03
    endloop
  endfacet
  facet normal 6.755661964e-02 9.654149413e-01 -2.518135905e-01
    outer loop
      vertex -5.336017930e-04 -4.730021581e-03 1.530414098e-03
      vertex -3.600641503e-04 -4.726153333e-03 1.591801061e-03
      vertex -1.802679762e-04 -4.904056899e-03 9.579822072e-04
    endloop
  endfacet
  facet normal 4.075158015e-02 9.649409056e-01 -2.592843473e-01
    outer loop
      vertex -1.802679762e-04 -4.904056899e-03 9.579822072e-04
      vertex -3.600641503e-04 -4.726153333e-03 1.591801061e-03
      vertex -8.927207091e-05 -4.902850837e-03 9.767718147e-04
    endloop
  endfacet
  facet normal 1.328362525e-02 9.916881323e-01 -1.279771626e-01
    outer loop
      vertex -1.802679762e-04 -4.904056899e-03 9.579822072e-04
      vertex -8.927207091e-05 -4.902850837e-03 9.767718147e-04
      vertex 2.886239599e-06 -4.990607034e-03 3.063180193e-04
    endloop
  endfacet
  facet normal -6.801109016e-02 -9.604084492e-01 -2.701666951e-01
    outer loop
      vertex 2.702805214e-04 4.698485136e-03 1.688545221e-03
      vertex 1.820472098e-04 4.887512885e-03 1.038786722e-03
      vertex 5.364250974e-04 4.695235752e-03 1.633097883e-03
    endloop
  endfacet
  facet normal -6.801119447e-02 -9.604085088e-01 -2.701666355e-01
    outer loop
      vertex 5.364250974e-04 4.695235752e-03 1.633097883e-03
      vertex 1.820472098e-04 4.887512885e-03 1.038786722e-03
      vertex 3.622800286e-04 4.885312635e-03 1.001237659e-03
    endloop
  endfacet
  facet normal -1.121029034e-01 -9.596745372e-01 -2.577938735e-01
    outer loop
      vertex 5.364250974e-04 4.695235752e-03 1.633097883e-03
      vertex 3.622800286e-04 4.885312635e-03 1.001237659e-03
      vertex 7.925278624e-04 4.689792171e-03 1.541995211e-03
    endloop
  endfacet
  facet normal -1.121028513e-01 -9.596745372e-01 -2.577939332e-01
    outer loop
      vertex 7.925278624e-04 4.689792171e-03 1.541995211e-03
      vertex 3.622800286e-04 4.885312635e-03 1.001237659e-03
      vertex 5.357125192e-04 4.881625995e-03 9.395431262e-04
    endloop
  endfacet
  facet normal -1.540964544e-01 -9.585786462e-01 -2.395437807e-01
    outer loop
      vertex 7.925278624e-04 4.689792171e-03 1.541995211e-03
      vertex 5.357125192e-04 4.881625995e-03 9.395431262e-04
      vertex 1.033817884e-03 4.682255443e-03 1.416934305e-03
    endloop
  endfacet
  facet normal -1.540964544e-01 -9.585786462e-01 -2.395437807e-01
    outer loop
      vertex 1.033817884e-03 4.682255443e-03 1.416934305e-03
      vertex 5.357125192e-04 4.881625995e-03 9.395431262e-04
      vertex 6.991138798e-04 4.876522347e-03 8.548520273e-04
    endloop
  endfacet
  facet normal -1.932091713e-01 -9.571412206e-01 -2.157564759e-01
    outer loop
      vertex 1.033817884e-03 4.682255443e-03 1.416934305e-03
      vertex 6.991138798e-04 4.876522347e-03 8.548520273e-04
      vertex 1.255800715e-03 4.672766197e-03 1.260244870e-03
    endloop
  endfacet
  facet normal -1.932090968e-01 -9.571412206e-01 -2.157565504e-01
    outer loop
      vertex 1.255800715e-03 4.672766197e-03 1.260244870e-03
      vertex 6.991138798e-04 4.876522347e-03 8.548520273e-04
      vertex 8.494403446e-04 4.870096222e-03 7.487422554e-04
    endloop
  endfacet
  facet normal -2.287127227e-01 -9.553890824e-01 -1.868749559e-01
    outer loop
      vertex 1.255800715e-03 4.672766197e-03 1.260244870e-03
      vertex 8.494403446e-04 4.870096222e-03 7.487422554e-04
      vertex 1.454340876e-03 4.661501851e-03 1.074845903e-03
    endloop
  endfacet
  facet normal -2.287127227e-01 -9.553890824e-01 -1.868749261e-01
    outer loop
      vertex 1.454340876e-03 4.661501851e-03 1.074845903e-03
      vertex 8.494403446e-04 4.870096222e-03 7.487422554e-04
      vertex 9.838915430e-04 4.862467758e-03 6.231901352e-04
    endloop
  endfacet
  facet normal -2.599457502e-01 -9.533547163e-01 -1.534371227e-01
    outer loop
      vertex 1.454340876e-03 4.661501851e-03 1.074845903e-03
      vertex 9.838915430e-04 4.862467758e-03 6.231901352e-04
      vertex 1.625740086e-03 4.648671020e-03 8.641906898e-04
    endloop
  endfacet
  facet normal -2.599457502e-01 -9.533547163e-01 -1.534371227e-01
    outer loop
      vertex 1.625740086e-03 4.648671020e-03 8.641906898e-04
      vertex 9.838915430e-04 4.862467758e-03 6.231901352e-04
      vertex 1.099962858e-03 4.853778984e-03 4.805347417e-04
    endloop
  endfacet
  facet normal -2.863261700e-01 -9.510762095e-01 -1.160662025e-01
    outer loop
      vertex 1.625740086e-03 4.648671020e-03 8.641906898e-04
      vertex 1.099962858e-03 4.853778984e-03 4.805347417e-04
      vertex 1.766805653e-03 4.634513520e-03 6.322036497e-04
    endloop
  endfacet
  facet normal -2.863261700e-01 -9.510762095e-01 -1.160662919e-01
    outer loop
      vertex 1.766805653e-03 4.634513520e-03 6.322036497e-04
      vertex 1.099962858e-03 4.853778984e-03 4.805347417e-04
      vertex 1.195492339e-03 4.844191484e-03 3.234333126e-04
    endloop
  endfacet
  facet normal -3.073628545e-01 -9.485958815e-01 -7.545808703e-02
    outer loop
      vertex 1.766805653e-03 4.634513520e-03 6.322036497e-04
      vertex 1.195492339e-03 4.844191484e-03 3.234333126e-04
      vertex 1.874909620e-03 4.619292915e-03 3.832060320e-04
    endloop
  endfacet
  facet normal -3.073628545e-01 -9.485958815e-01 -7.545790076e-02
    outer loop
      vertex 1.874909620e-03 4.619292915e-03 3.832060320e-04
      vertex 1.195492339e-03 4.844191484e-03 3.234333126e-04
      vertex 1.268700231e-03 4.833884072e-03 1.548124128e-04
    endloop
  endfacet
  facet normal -3.226638138e-01 -9.459599853e-01 -3.236908093e-02
    outer loop
      vertex 1.874909620e-03 4.619292915e-03 3.832060320e-04
      vertex 1.268700231e-03 4.833884072e-03 1.548124128e-04
      vertex 1.948038116e-03 4.603292327e-03 1.218362886e-04
    endloop
  endfacet
  facet normal -3.226638138e-01 -9.459599853e-01 -3.236911446e-02
    outer loop
      vertex 1.948038116e-03 4.603292327e-03 1.218362886e-04
      vertex 1.268700231e-03 4.833884072e-03 1.548124128e-04
      vertex 1.318222843e-03 4.823048599e-03 -2.218686132e-05
    endloop
  endfacet
  facet normal -3.319439888e-01 -9.432176352e-01 1.239774749e-02
    outer loop
      vertex 1.948038116e-03 4.603292327e-03 1.218362886e-04
      vertex 1.318222843e-03 4.823048599e-03 -2.218686132e-05
      vertex 1.984829083e-03 4.586810712e-03 -1.470367133e-04
    endloop
  endfacet
  facet normal -3.319440186e-01 -9.432176352e-01 1.239759754e-02
    outer loop
      vertex 1.984829083e-03 4.586810712e-03 -1.470367133e-04
      vertex 1.318222843e-03 4.823048599e-03 -2.218686132e-05
      vertex 1.343137701e-03 4.811887164e-03 -2.042673586e-04
    endloop
  endfacet
  facet normal -3.350306153e-01 -9.404198527e-01 5.800871179e-02
    outer loop
      vertex 1.984829083e-03 4.586810712e-03 -1.470367133e-04
      vertex 1.343137701e-03 4.811887164e-03 -2.042673586e-04
      vertex 1.984597184e-03 4.570154008e-03 -4.184044374e-04
    endloop
  endfacet
  facet normal -3.350306153e-01 -9.404198527e-01 5.800871179e-02
    outer loop
      vertex 1.984597184e-03 4.570154008e-03 -4.184044374e-04
      vertex 1.343137701e-03 4.811887164e-03 -2.042673586e-04
      vertex 1.342980657e-03 4.800607450e-03 -3.880372678e-04
    endloop
  endfacet
  facet normal -3.318660855e-01 -9.376187921e-01 1.036141366e-01
    outer loop
      vertex 1.984597184e-03 4.570154008e-03 -4.184044374e-04
      vertex 1.342980657e-03 4.800607450e-03 -3.880372678e-04
      vertex 1.947346842e-03 4.553633742e-03 -6.872118101e-04
    endloop
  endfacet
  facet normal -3.318660259e-01 -9.376187921e-01 1.036142781e-01
    outer loop
      vertex 1.947346842e-03 4.553633742e-03 -6.872118101e-04
      vertex 1.342980657e-03 4.800607450e-03 -3.880372678e-04
      vertex 1.317754621e-03 4.789419472e-03 -5.700733163e-04
    endloop
  endfacet
  facet normal -3.225093484e-01 -9.348666668e-01 1.483644396e-01
    outer loop
      vertex 1.947346842e-03 4.553633742e-03 -6.872118101e-04
      vertex 1.317754621e-03 4.789419472e-03 -5.700733163e-04
      vertex 1.873771660e-03 4.537556320e-03 -9.484514594e-04
    endloop
  endfacet
  facet normal -3.225093484e-01 -9.348666668e-01 1.483644694e-01
    outer loop
      vertex 1.873771660e-03 4.537556320e-03 -9.484514594e-04
      vertex 1.317754621e-03 4.789419472e-03 -5.700733163e-04
      vertex 1.267929561e-03 4.778532311e-03 -7.469845004e-04
    endloop
  endfacet
  facet normal -3.071347475e-01 -9.322146773e-01 1.914262325e-01
    outer loop
      vertex 1.873771660e-03 4.537556320e-03 -9.484514594e-04
      vertex 1.267929561e-03 4.778532311e-03 -7.469845004e-04
      vertex 1.765242196e-03 4.522222094e-03 -1.197256963e-03
    endloop
  endfacet
  facet normal -3.071348667e-01 -9.322146773e-01 1.914260834e-01
    outer loop
      vertex 1.765242196e-03 4.522222094e-03 -1.197256963e-03
      vertex 1.267929561e-03 4.778532311e-03 -7.469845004e-04
      vertex 1.194433658e-03 4.768148065e-03 -9.154753061e-04
    endloop
  endfacet
  facet normal -2.860287726e-01 -9.297122955e-01 2.319969982e-01
    outer loop
      vertex 1.765242196e-03 4.522222094e-03 -1.197256963e-03
      vertex 1.194433658e-03 4.768148065e-03 -9.154753061e-04
      vertex 1.623780467e-03 4.507916514e-03 -1.428993419e-03
    endloop
  endfacet
  facet normal -2.860286832e-01 -9.297122955e-01 2.319970578e-01
    outer loop
      vertex 1.623780467e-03 4.507916514e-03 -1.428993419e-03
      vertex 1.194433658e-03 4.768148065e-03 -9.154753061e-04
      vertex 1.098635839e-03 4.758460447e-03 -1.072407118e-03
    endloop
  endfacet
  facet normal -2.595844865e-01 -9.274060726e-01 2.693210542e-01
    outer loop
      vertex 1.623780467e-03 4.507916514e-03 -1.428993419e-03
      vertex 1.098635839e-03 4.758460447e-03 -1.072407118e-03
      vertex 1.452021417e-03 4.494906403e-03 -1.639344380e-03
    endloop
  endfacet
  facet normal -2.595844567e-01 -9.274060726e-01 2.693210840e-01
    outer loop
      vertex 1.452021417e-03 4.494906403e-03 -1.639344380e-03
      vertex 1.098635839e-03 4.758460447e-03 -1.072407118e-03
      vertex 9.823208675e-04 4.749649670e-03 -1.214856398e-03
    endloop
  endfacet
  facet normal -2.282943428e-01 -9.253390431e-01 3.027034402e-01
    outer loop
      vertex 1.452021417e-03 4.494906403e-03 -1.639344380e-03
      vertex 9.823208675e-04 4.749649670e-03 -1.214856398e-03
      vertex 1.253164723e-03 4.483433440e-03 -1.824391074e-03
    endloop
  endfacet
  facet normal -2.282943577e-01 -9.253390431e-01 3.027034402e-01
    outer loop
      vertex 1.253164723e-03 4.483433440e-03 -1.824391074e-03
      vertex 9.823208675e-04 4.749649670e-03 -1.214856398e-03
      vertex 8.476552321e-04 4.741880111e-03 -1.340169925e-03
    endloop
  endfacet
  facet normal -1.927414984e-01 -9.235495925e-01 3.315219879e-01
    outer loop
      vertex 1.253164723e-03 4.483433440e-03 -1.824391074e-03
      vertex 8.476552321e-04 4.741880111e-03 -1.340169925e-03
      vertex 1.030914485e-03 4.473711364e-03 -1.980686560e-03
    endloop
  endfacet
  facet normal -1.927414089e-01 -9.235495925e-01 3.315220177e-01
    outer loop
      vertex 1.030914485e-03 4.473711364e-03 -1.980686560e-03
      vertex 8.476552321e-04 4.741880111e-03 -1.340169925e-03
      vertex 6.971476250e-04 4.735296592e-03 -1.446012873e-03
    endloop
  endfacet
  facet normal -1.535881758e-01 -9.220712185e-01 3.552398980e-01
    outer loop
      vertex 1.030914485e-03 4.473711364e-03 -1.980686560e-03
      vertex 6.971476250e-04 4.735296592e-03 -1.446012873e-03
      vertex 7.894110167e-04 4.465921782e-03 -2.105319407e-03
    endloop
  endfacet
  facet normal -1.535881758e-01 -9.220712185e-01 3.552398980e-01
    outer loop
      vertex 7.894110167e-04 4.465921782e-03 -2.105319407e-03
      vertex 6.971476250e-04 4.735296592e-03 -1.446012873e-03
      vertex 5.336017930e-04 4.730021581e-03 -1.530414098e-03
    endloop
  endfacet
  facet normal -1.115635037e-01 -9.209312797e-01 3.734154999e-01
    outer loop
      vertex 7.894110167e-04 4.465921782e-03 -2.105319407e-03
      vertex 5.336017930e-04 4.730021581e-03 -1.530414098e-03
      vertex 5.331529537e-04 4.460209981e-03 -2.195967594e-03
    endloop
  endfacet
  facet normal -1.115634367e-01 -9.209312797e-01 3.734154999e-01
    outer loop
      vertex 5.331529537e-04 4.460209981e-03 -2.195967594e-03
      vertex 5.336017930e-04 4.730021581e-03 -1.530414098e-03
      vertex 3.600641503e-04 4.726153333e-03 -1.591801061e-03
    endloop
  endfacet
  facet normal -6.745060533e-02 -9.201511741e-01 3.857100606e-01
    outer loop
      vertex 5.331529537e-04 4.460209981e-03 -2.195967594e-03
      vertex 3.600641503e-04 4.726153333e-03 -1.591801061e-03
      vertex 2.669140231e-04 4.456681665e-03 -2.250943100e-03
    endloop
  endfacet
  facet normal -6.745072454e-02 -9.201511741e-01 3.857100904e-01
    outer loop
      vertex 2.669140231e-04 4.456681665e-03 -2.250943100e-03
      vertex 3.600641503e-04 4.726153333e-03 -1.591801061e-03
      vertex 1.797674049e-04 4.723764025e-03 -1.629030332e-03
    endloop
  endfacet
  facet normal -2.207098156e-02 -9.197453260e-01 3.918946981e-01
    outer loop
      vertex 2.669140231e-04 4.456681665e-03 -2.250943100e-03
      vertex 1.797674049e-04 4.723764025e-03 -1.629030332e-03
      vertex -4.346370133e-06 4.455402959e-03 -2.269221237e-03
    endloop
  endfacet
  facet normal -2.207100391e-02 -9.197452664e-01 3.918946981e-01
    outer loop
      vertex -4.346370133e-06 4.455402959e-03 -2.269221237e-03
      vertex 1.797674049e-04 4.723764025e-03 -1.629030332e-03
      vertex -3.929824288e-06 4.722897895e-03 -1.641408307e-03
    endloop
  endfacet
  facet normal 2.372965403e-02 -9.197213054e-01 3.918541074e-01
    outer loop
      vertex -4.346370133e-06 4.455402959e-03 -2.269221237e-03
      vertex -3.929824288e-06 4.722897895e-03 -1.641408307e-03
      vertex -2.755750902e-04 4.456397612e-03 -2.250462072e-03
    endloop
  endfacet
  facet normal 2.372967452e-02 -9.197213054e-01 3.918540776e-01
    outer loop
      vertex -2.755750902e-04 4.456397612e-03 -2.250462072e-03
      vertex -3.929824288e-06 4.722897895e-03 -1.641408307e-03
      vertex -1.876056194e-04 4.723571241e-03 -1.628704602e-03
    endloop
  endfacet
  facet normal 6.909864396e-02 -9.200795889e-01 3.855890036e-01
    outer loop
      vertex -2.755750902e-04 4.456397612e-03 -2.250462072e-03
      vertex -1.876056194e-04 4.723571241e-03 -1.628704602e-03
      vertex -5.417197244e-04 4.459646996e-03 -2.195014618e-03
    endloop
  endfacet
  facet normal 6.909874827e-02 -9.200796485e-01 3.855889440e-01
    outer loop
      vertex -5.417197244e-04 4.459646996e-03 -2.195014618e-03
      vertex -1.876056194e-04 4.723571241e-03 -1.628704602e-03
      vertex -3.678384528e-04 4.725771956e-03 -1.591155655e-03
    endloop
  endfacet
  facet normal 1.131904498e-01 -9.208135605e-01 3.732161820e-01
    outer loop
      vertex -5.417197244e-04 4.459646996e-03 -2.195014618e-03
      vertex -3.678384528e-04 4.725771956e-03 -1.591155655e-03
      vertex -7.978224312e-04 4.465090577e-03 -2.103911946e-03
    endloop
  endfacet
  facet normal 1.131903976e-01 -9.208135605e-01 3.732162416e-01
    outer loop
      vertex -7.978224312e-04 4.465090577e-03 -2.103911946e-03
      vertex -3.678384528e-04 4.725771956e-03 -1.591155655e-03
      vertex -5.412708852e-04 4.729458131e-03 -1.529461006e-03
    endloop
  endfacet
  facet normal 1.551840007e-01 -9.219094515e-01 3.549661040e-01
    outer loop
      vertex -7.978224312e-04 4.465090577e-03 -2.103911946e-03
      vertex -5.412708852e-04 4.729458131e-03 -1.529461006e-03
      vertex -1.039112569e-03 4.472626839e-03 -1.978850923e-03
    endloop
  endfacet
  facet normal 1.551840156e-01 -9.219094515e-01 3.549661040e-01
    outer loop
      vertex -1.039112569e-03 4.472626839e-03 -1.978850923e-03
      vertex -5.412708852e-04 4.729458131e-03 -1.529461006e-03
      vertex -7.046723040e-04 4.734562244e-03 -1.444769907e-03
    endloop
  endfacet
  facet normal 1.942967176e-01 -9.233468175e-01 3.311787844e-01
    outer loop
      vertex -1.039112569e-03 4.472626839e-03 -1.978850923e-03
      vertex -7.046723040e-04 4.734562244e-03 -1.444769907e-03
      vertex -1.261095284e-03 4.482116085e-03 -1.822161605e-03
    endloop
  endfacet
  facet normal 1.942966580e-01 -9.233468175e-01 3.311788738e-01
    outer loop
      vertex -1.261095284e-03 4.482116085e-03 -1.822161605e-03
      vertex -7.046723040e-04 4.734562244e-03 -1.444769907e-03
      vertex -8.549987688e-04 4.740987904e-03 -1.338660135e-03
    endloop
  endfacet
  facet normal 2.298002690e-01 -9.250990152e-01 3.022972643e-01
    outer loop
      vertex -1.261095284e-03 4.482116085e-03 -1.822161605e-03
      vertex -8.549987688e-04 4.740987904e-03 -1.338660135e-03
      vertex -1.459635445e-03 4.493380897e-03 -1.636762521e-03
    endloop
  endfacet
  facet normal 2.298002839e-01 -9.250990152e-01 3.022972345e-01
    outer loop
      vertex -1.459635445e-03 4.493380897e-03 -1.636762521e-03
      vertex -8.549987688e-04 4.740987904e-03 -1.338660135e-03
      vertex -9.894500254e-04 4.748616368e-03 -1.213108073e-03
    endloop
  endfacet
  facet normal 2.610332966e-01 -9.271333218e-01 2.688594162e-01
    outer loop
      vertex -1.459635445e-03 4.493380897e-03 -1.636762521e-03
      vertex -9.894500254e-04 4.748616368e-03 -1.213108073e-03
      vertex -1.631034655e-03 4.506211262e-03 -1.426107367e-03
    endloop
  endfacet
  facet normal 2.610332966e-01 -9.271333218e-01 2.688594460e-01
    outer loop
      vertex -1.631034655e-03 4.506211262e-03 -1.426107367e-03
      vertex -9.894500254e-04 4.748616368e-03 -1.213108073e-03
      vertex -1.105521340e-03 4.757305607e-03 -1.070452621e-03
    endloop
  endfacet
  facet normal 2.874137163e-01 -9.294118881e-01 2.314885110e-01
    outer loop
      vertex -1.631034655e-03 4.506211262e-03 -1.426107367e-03
      vertex -1.105521340e-03 4.757305607e-03 -1.070452621e-03
      vertex -1.772100222e-03 4.520369228e-03 -1.194120385e-03
    endloop
  endfacet
  facet normal 2.874137163e-01 -9.294118285e-01 2.314886004e-01
    outer loop
      vertex -1.772100222e-03 4.520369228e-03 -1.194120385e-03
      vertex -1.105521340e-03 4.757305607e-03 -1.070452621e-03
      vertex -1.201050822e-03 4.766893107e-03 -9.133511921e-04
    endloop
  endfacet
  facet normal 3.084504008e-01 -9.318921566e-01 1.908804029e-01
    outer loop
      vertex -1.772100222e-03 4.520369228e-03 -1.194120385e-03
      vertex -1.201050822e-03 4.766893107e-03 -9.133511921e-04
      vertex -1.880204189e-03 4.535589833e-03 -9.451227379e-04
    endloop
  endfacet
  facet normal 3.084504008e-01 -9.318922162e-01 1.908802092e-01
    outer loop
      vertex -1.880204189e-03 4.535589833e-03 -9.451227379e-04
      vertex -1.201050822e-03 4.766893107e-03 -9.133511921e-04
      vertex -1.274258597e-03 4.777200520e-03 -7.447302924e-04
    endloop
  endfacet
  facet normal 3.237513602e-01 -9.345281124e-01 1.477913857e-01
    outer loop
      vertex -1.880204189e-03 4.535589833e-03 -9.451227379e-04
      vertex -1.274258597e-03 4.777200520e-03 -7.447302924e-04
      vertex -1.953332685e-03 4.551589955e-03 -6.837529945e-04
    endloop
  endfacet
  facet normal 3.237513602e-01 -9.345281124e-01 1.477914304e-01
    outer loop
      vertex -1.953332685e-03 4.551589955e-03 -6.837529945e-04
      vertex -1.274258597e-03 4.777200520e-03 -7.447302924e-04
      vertex -1.323781209e-03 4.788035527e-03 -5.677310401e-04
    endloop
  endfacet
  facet normal 3.330315351e-01 -9.372704625e-01 1.030245647e-01
    outer loop
      vertex -1.953332685e-03 4.551589955e-03 -6.837529945e-04
      vertex -1.323781209e-03 4.788035527e-03 -5.677310401e-04
      vertex -1.990123885e-03 4.568072036e-03 -4.148799926e-04
    endloop
  endfacet
  facet normal 3.330315650e-01 -9.372704625e-01 1.030247137e-01
    outer loop
      vertex -1.990123885e-03 4.568072036e-03 -4.148799926e-04
      vertex -1.323781209e-03 4.788035527e-03 -5.677310401e-04
      vertex -1.348696183e-03 4.799197428e-03 -3.856505209e-04
    endloop
  endfacet
  facet normal 3.361181617e-01 -9.400682449e-01 5.741359666e-02
    outer loop
      vertex -1.990123885e-03 4.568072036e-03 -4.148799926e-04
      vertex -1.348696183e-03 4.799197428e-03 -3.856505209e-04
      vertex -1.989891985e-03 4.584728274e-03 -1.435122831e-04
    endloop
  endfacet
  facet normal 3.361181617e-01 -9.400682449e-01 5.741359666e-02
    outer loop
      vertex -1.989891985e-03 4.584728274e-03 -1.435122831e-04
      vertex -1.348696183e-03 4.799197428e-03 -3.856505209e-04
      vertex -1.348539139e-03 4.810477141e-03 -2.018806263e-04
    endloop
  endfacet
  facet normal 3.329536319e-01 -9.428692460e-01 1.180817001e-02
    outer loop
      vertex -1.989891985e-03 4.584728274e-03 -1.435122831e-04
      vertex -1.348539139e-03 4.810477141e-03 -2.018806263e-04
      vertex -1.952641411e-03 4.601249006e-03 1.252950751e-04
    endloop
  endfacet
  facet normal 3.329535723e-01 -9.428693056e-01 1.180803403e-02
    outer loop
      vertex -1.952641411e-03 4.601249006e-03 1.252950751e-04
      vertex -1.348539139e-03 4.810477141e-03 -2.018806263e-04
      vertex -1.323312987e-03 4.821664654e-03 -1.984458140e-05
    endloop
  endfacet
  facet normal 3.235969245e-01 -9.456214309e-01 -3.294213116e-02
    outer loop
      vertex -1.952641411e-03 4.601249006e-03 1.252950751e-04
      vertex -1.323312987e-03 4.821664654e-03 -1.984458140e-05
      vertex -1.879066229e-03 4.617325962e-03 3.865347244e-04
    endloop
  endfacet
  facet normal 3.235968947e-01 -9.456214309e-01 -3.294215724e-02
    outer loop
      vertex -1.879066229e-03 4.617325962e-03 3.865347244e-04
      vertex -1.323312987e-03 4.821664654e-03 -1.984458140e-05
      vertex -1.273488044e-03 4.832552280e-03 1.570666063e-04
    endloop
  endfacet
  facet normal 3.082222939e-01 -9.482734203e-01 -7.600391656e-02
    outer loop
      vertex -1.879066229e-03 4.617325962e-03 3.865347244e-04
      vertex -1.273488044e-03 4.832552280e-03 1.570666063e-04
      vertex -1.770536765e-03 4.632660188e-03 6.353402277e-04
    endloop
  endfacet
  facet normal 3.082224131e-01 -9.482733607e-01 -7.600377500e-02
    outer loop
      vertex -1.770536765e-03 4.632660188e-03 6.353402277e-04
      vertex -1.273488044e-03 4.832552280e-03 1.570666063e-04
      vertex -1.199992141e-03 4.842936527e-03 3.255574265e-04
    endloop
  endfacet
  facet normal 2.871163189e-01 -9.507757425e-01 -1.165746897e-01
    outer loop
      vertex -1.770536765e-03 4.632660188e-03 6.353402277e-04
      vertex -1.199992141e-03 4.842936527e-03 3.255574265e-04
      vertex -1.629075035e-03 4.646965768e-03 8.670767420e-04
    endloop
  endfacet
  facet normal 2.871162295e-01 -9.507758021e-01 -1.165747494e-01
    outer loop
      vertex -1.629075035e-03 4.646965768e-03 8.670767420e-04
      vertex -1.199992141e-03 4.842936527e-03 3.255574265e-04
      vertex -1.104194205e-03 4.852624144e-03 4.824891803e-04
    endloop
  endfacet
  facet normal 2.606720328e-01 -9.530819654e-01 -1.538987607e-01
    outer loop
      vertex -1.629075035e-03 4.646965768e-03 8.670767420e-04
      vertex -1.104194205e-03 4.852624144e-03 4.824891803e-04
      vertex -1.457316102e-03 4.659976345e-03 1.077427645e-03
    endloop
  endfacet
  facet normal 2.606720030e-01 -9.530819654e-01 -1.538987607e-01
    outer loop
      vertex -1.457316102e-03 4.659976345e-03 1.077427645e-03
      vertex -1.104194205e-03 4.852624144e-03 4.824891803e-04
      vertex -9.878793499e-04 4.861434922e-03 6.249385187e-04
    endloop
  endfacet
  facet normal 2.293818891e-01 -9.551490545e-01 -1.872811466e-01
    outer loop
      vertex -1.457316102e-03 4.659976345e-03 1.077427645e-03
      vertex -9.878793499e-04 4.861434922e-03 6.249385187e-04
      vertex -1.258459291e-03 4.671449307e-03 1.262474339e-03
    endloop
  endfacet
  facet normal 2.293819189e-01 -9.551490545e-01 -1.872811317e-01
    outer loop
      vertex -1.258459291e-03 4.671449307e-03 1.262474339e-03
      vertex -9.878793499e-04 4.861434922e-03 6.249385187e-04
      vertex -8.532136562e-04 4.869204480e-03 7.502519875e-04
    endloop
  endfacet
  facet normal 1.938290596e-01 -9.569384456e-01 -2.160996795e-01
    outer loop
      vertex -1.258459291e-03 4.671449307e-03 1.262474339e-03
      vertex -8.532136562e-04 4.869204480e-03 7.502519875e-04
      vertex -1.036209054e-03 4.681170918e-03 1.418769825e-03
    endloop
  endfacet
  facet normal 1.938289553e-01 -9.569385052e-01 -2.160997093e-01
    outer loop
      vertex -1.036209054e-03 4.681170918e-03 1.418769825e-03
      vertex -8.532136562e-04 4.869204480e-03 7.502519875e-04
      vertex -7.027060492e-04 4.875787999e-03 8.560950519e-04
    endloop
  endfacet
  facet normal 1.546757370e-01 -9.584168792e-01 -2.398175746e-01
    outer loop
      vertex -1.036209054e-03 4.681170918e-03 1.418769825e-03
      vertex -7.027060492e-04 4.875787999e-03 8.560950519e-04
      vertex -7.947056438e-04 4.688960500e-03 1.543402555e-03
    endloop
  endfacet
  facet normal 1.546757370e-01 -9.584168792e-01 -2.398175746e-01
    outer loop
      vertex -7.947056438e-04 4.688960500e-03 1.543402555e-03
      vertex -7.027060492e-04 4.875787999e-03 8.560950519e-04
      vertex -5.391602172e-04 4.881063011e-03 9.404962184e-04
    endloop
  endfacet
  facet normal 1.126510575e-01 -9.595568180e-01 -2.579931915e-01
    outer loop
      vertex -7.947056438e-04 4.688960500e-03 1.543402555e-03
      vertex -5.391602172e-04 4.881063011e-03 9.404962184e-04
      vertex -5.384475808e-04 4.694672767e-03 1.634050976e-03
    endloop
  endfacet
  facet normal 1.126509905e-01 -9.595568180e-01 -2.579931915e-01
    outer loop
      vertex -5.384475808e-04 4.694672767e-03 1.634050976e-03
      vertex -5.391602172e-04 4.881063011e-03 9.404962184e-04
      vertex -3.656225745e-04 4.884931259e-03 1.001883182e-03
    endloop
  endfacet
  facet normal 6.853815168e-02 -9.603369236e-01 -2.702877522e-01
    outer loop
      vertex -5.384475808e-04 4.694672767e-03 1.634050976e-03
      vertex -3.656225745e-04 4.884931259e-03 1.001883182e-03
      vertex -2.722085919e-04 4.698200617e-03 1.689026249e-03
    endloop
  endfacet
  facet normal 6.853827834e-02 -9.603369236e-01 -2.702877820e-01
    outer loop
      vertex -2.722085919e-04 4.698200617e-03 1.689026249e-03
      vertex -3.656225745e-04 4.884931259e-03 1.001883182e-03
      vertex -1.853258291e-04 4.887320567e-03 1.039112452e-03
    endloop
  endfacet
  facet normal 2.315853164e-02 -9.607427716e-01 -2.764723897e-01
    outer loop
      vertex -2.722085919e-04 4.698200617e-03 1.689026249e-03
      vertex -1.853258291e-04 4.887320567e-03 1.039112452e-03
      vertex -9.482128007e-07 4.699479789e-03 1.707304502e-03
    endloop
  endfacet
  facet normal 2.315855399e-02 -9.607427716e-01 -2.764723897e-01
    outer loop
      vertex -9.482128007e-07 4.699479789e-03 1.707304502e-03
      vertex -1.853258291e-04 4.887320567e-03 1.039112452e-03
      vertex -1.628595896e-06 4.888186231e-03 1.051490428e-03
    endloop
  endfacet
  facet normal -2.264210396e-02 -9.607667923e-01 -2.764317989e-01
    outer loop
      vertex -9.482128007e-07 4.699479789e-03 1.707304502e-03
      vertex -1.628595896e-06 4.888186231e-03 1.051490428e-03
      vertex 2.702805214e-04 4.698485136e-03 1.688545221e-03
    endloop
  endfacet
  facet normal -2.264212444e-02 -9.607667923e-01 -2.764317691e-01
    outer loop
      vertex 2.702805214e-04 4.698485136e-03 1.688545221e-03
      vertex -1.628595896e-06 4.888186231e-03 1.051490428e-03
      vertex 1.820472098e-04 4.887512885e-03 1.038786722e-03
    endloop
  endfacet
  facet normal -4.109217972e-02 -9.894031882e-01 -1.392579079e-01
    outer loop
      vertex 1.820472098e-04 4.887512885e-03 1.038786722e-03
      vertex 9.042268357e-05 4.985495005e-03 3.696775238e-04
      vertex 3.622800286e-04 4.885312635e-03 1.001237659e-03
    endloop
  endfacet
  facet normal -4.109215736e-02 -9.894031882e-01 -1.392579228e-01
    outer loop
      vertex 3.622800286e-04 4.885312635e-03 1.001237659e-03
      vertex 9.042268357e-05 4.985495005e-03 3.696775238e-04
      vertex 1.813863346e-04 4.984384403e-03 3.507265355e-04
    endloop
  endfacet
  facet normal -6.788438559e-02 -9.889572263e-01 -1.317396313e-01
    outer loop
      vertex 3.622800286e-04 4.885312635e-03 1.001237659e-03
      vertex 1.813863346e-04 4.984384403e-03 3.507265355e-04
      vertex 5.357125192e-04 4.881625995e-03 9.395431262e-04
    endloop
  endfacet
  facet normal -6.788434833e-02 -9.889572263e-01 -1.317396611e-01
    outer loop
      vertex 5.357125192e-04 4.881625995e-03 9.395431262e-04
      vertex 1.813863346e-04 4.984384403e-03 3.507265355e-04
      vertex 2.689178509e-04 4.982524086e-03 3.195892496e-04
    endloop
  endfacet
  facet normal -9.340173006e-02 -9.882913232e-01 -1.206499785e-01
    outer loop
      vertex 5.357125192e-04 4.881625995e-03 9.395431262e-04
      vertex 2.689178509e-04 4.982524086e-03 3.195892496e-04
      vertex 6.991138798e-04 4.876522347e-03 8.548520273e-04
    endloop
  endfacet
  facet normal -9.340175241e-02 -9.882913232e-01 -1.206499636e-01
    outer loop
      vertex 6.991138798e-04 4.876522347e-03 8.548520273e-04
      vertex 2.689178509e-04 4.982524086e-03 3.195892496e-04
      vertex 3.513866395e-04 4.979948048e-03 2.768455597e-04
    endloop
  endfacet
  facet normal -1.171684340e-01 -9.874178767e-01 -1.061956957e-01
    outer loop
      vertex 6.991138798e-04 4.876522347e-03 8.548520273e-04
      vertex 3.513866395e-04 4.979948048e-03 2.768455597e-04
      vertex 8.494403446e-04 4.870096222e-03 7.487422554e-04
    endloop
  endfacet
  facet normal -1.171684638e-01 -9.874178767e-01 -1.061956659e-01
    outer loop
      vertex 8.494403446e-04 4.870096222e-03 7.487422554e-04
      vertex 3.513866395e-04 4.979948048e-03 2.768455597e-04
      vertex 4.272565129e-04 4.976704717e-03 2.232918487e-04
    endloop
  endfacet
  facet normal -1.387421489e-01 -9.863531590e-01 -8.864583075e-02
    outer loop
      vertex 8.494403446e-04 4.870096222e-03 7.487422554e-04
      vertex 4.272565129e-04 4.976704717e-03 2.232918487e-04
      vertex 9.838915430e-04 4.862467758e-03 6.231901352e-04
    endloop
  endfacet
  facet normal -1.387421340e-01 -9.863531590e-01 -8.864583820e-02
    outer loop
      vertex 9.838915430e-04 4.862467758e-03 6.231901352e-04
      vertex 4.272565129e-04 4.976704717e-03 2.232918487e-04
      vertex 4.951141891e-04 4.972854629e-03 1.599256211e-04
    endloop
  endfacet
  facet normal -1.577208191e-01 -9.851170182e-01 -6.832741946e-02
    outer loop
      vertex 9.838915430e-04 4.862467758e-03 6.231901352e-04
      vertex 4.951141891e-04 4.972854629e-03 1.599256211e-04
      vertex 1.099962858e-03 4.853778984e-03 4.805347417e-04
    endloop
  endfacet
  facet normal -1.577208191e-01 -9.851170182e-01 -6.832741946e-02
    outer loop
      vertex 1.099962858e-03 4.853778984e-03 4.805347417e-04
      vertex 4.951141891e-04 4.972854629e-03 1.599256211e-04
      vertex 5.536954850e-04 4.968469497e-03 8.792730659e-05
    endloop
  endfacet
  facet normal -1.737508178e-01 -9.837324619e-01 -4.561908916e-02
    outer loop
      vertex 1.099962858e-03 4.853778984e-03 4.805347417e-04
      vertex 5.536954850e-04 4.968469497e-03 8.792730659e-05
      vertex 1.195492339e-03 4.844191484e-03 3.234333126e-04
    endloop
  endfacet
  facet normal -1.737508476e-01 -9.837324619e-01 -4.561900720e-02
    outer loop
      vertex 1.195492339e-03 4.844191484e-03 3.234333126e-04
      vertex 5.536954850e-04 4.968469497e-03 8.792730659e-05
      vertex 6.019092398e-04 4.963630810e-03 8.638090549e-06
    endloop
  endfacet
  facet normal -1.865337491e-01 -9.822252989e-01 -2.094349638e-02
    outer loop
      vertex 1.195492339e-03 4.844191484e-03 3.234333126e-04
      vertex 6.019092398e-04 4.963630810e-03 8.638090549e-06
      vertex 1.268700231e-03 4.833884072e-03 1.548124128e-04
    endloop
  endfacet
  facet normal -1.865337193e-01 -9.822252989e-01 -2.094364725e-02
    outer loop
      vertex 1.268700231e-03 4.833884072e-03 1.548124128e-04
      vertex 6.019092398e-04 4.963630810e-03 8.638090549e-06
      vertex 6.388573674e-04 4.958428442e-03 -7.646500308e-05
    endloop
  endfacet
  facet normal -1.958313435e-01 -9.806236029e-01 5.239316728e-03
    outer loop
      vertex 1.268700231e-03 4.833884072e-03 1.548124128e-04
      vertex 6.388573674e-04 4.958428442e-03 -7.646500308e-05
      vertex 1.318222843e-03 4.823048599e-03 -2.218686132e-05
    endloop
  endfacet
  facet normal -1.958313584e-01 -9.806236029e-01 5.239388905e-03
    outer loop
      vertex 1.318222843e-03 4.823048599e-03 -2.218686132e-05
      vertex 6.388573674e-04 4.958428442e-03 -7.646500308e-05
      vertex 6.638513878e-04 4.952959716e-03 -1.657966641e-04
    endloop
  endfacet
  facet normal -2.014704198e-01 -9.789571762e-01 3.244173154e-02
    outer loop
      vertex 1.318222843e-03 4.823048599e-03 -2.218686132e-05
      vertex 6.638513878e-04 4.952959716e-03 -1.657966641e-04
      vertex 1.343137701e-03 4.811887164e-03 -2.042673586e-04
    endloop
  endfacet
  facet normal -2.014704198e-01 -9.789571762e-01 3.244169056e-02
    outer loop
      vertex 1.343137701e-03 4.811887164e-03 -2.042673586e-04
      vertex 6.638513878e-04 4.952959716e-03 -1.657966641e-04
      vertex 6.764259888e-04 4.947326612e-03 -2.576928528e-04
    endloop
  endfacet
  facet normal -2.033459842e-01 -9.772571325e-01 6.015723199e-02
    outer loop
      vertex 1.343137701e-03 4.811887164e-03 -2.042673586e-04
      vertex 6.764259888e-04 4.947326612e-03 -2.576928528e-04
      vertex 1.342980657e-03 4.800607450e-03 -3.880372678e-04
    endloop
  endfacet
  facet normal -2.033459842e-01 -9.772571325e-01 6.015723199e-02
    outer loop
      vertex 1.342980657e-03 4.800607450e-03 -3.880372678e-04
      vertex 6.764259888e-04 4.947326612e-03 -2.576928528e-04
      vertex 6.763467682e-04 4.941633902e-03 -3.504416673e-04
    endloop
  endfacet
  facet normal -2.014230490e-01 -9.755550623e-01 8.786936849e-02
    outer loop
      vertex 1.342980657e-03 4.800607450e-03 -3.880372678e-04
      vertex 6.763467682e-04 4.941633902e-03 -3.504416673e-04
      vertex 1.317754621e-03 4.789419472e-03 -5.700733163e-04
    endloop
  endfacet
  facet normal -2.014230490e-01 -9.755550623e-01 8.786940575e-02
    outer loop
      vertex 1.317754621e-03 4.789419472e-03 -5.700733163e-04
      vertex 6.763467682e-04 4.941633902e-03 -3.504416673e-04
      vertex 6.636151229e-04 4.935987294e-03 -4.423154169e-04
    endloop
  endfacet
  facet normal -1.957374960e-01 -9.738827348e-01 1.150617376e-01
    outer loop
      vertex 1.317754621e-03 4.789419472e-03 -5.700733163e-04
      vertex 6.636151229e-04 4.935987294e-03 -4.423154169e-04
      vertex 1.267929561e-03 4.778532311e-03 -7.469845004e-04
    endloop
  endfacet
  facet normal -1.957375258e-01 -9.738827348e-01 1.150616705e-01
    outer loop
      vertex 1.267929561e-03 4.778532311e-03 -7.469845004e-04
      vertex 6.636151229e-04 4.935987294e-03 -4.423154169e-04
      vertex 6.384684239e-04 4.930492491e-03 -5.316026509e-04
    endloop
  endfacet
  facet normal -1.863951832e-01 -9.722713232e-01 1.412280351e-01
    outer loop
      vertex 1.267929561e-03 4.778532311e-03 -7.469845004e-04
      vertex 6.384684239e-04 4.930492491e-03 -5.316026509e-04
      vertex 1.194433658e-03 4.768148065e-03 -9.154753061e-04
    endloop
  endfacet
  facet normal -1.863950938e-01 -9.722713232e-01 1.412281543e-01
    outer loop
      vertex 1.194433658e-03 4.768148065e-03 -9.154753061e-04
      vertex 6.384684239e-04 4.930492491e-03 -5.316026509e-04
      vertex 6.013748934e-04 4.925251473e-03 -6.166400854e-04
    endloop
  endfacet
  facet normal -1.735700667e-01 -9.707506895e-01 1.658809036e-01
    outer loop
      vertex 1.194433658e-03 4.768148065e-03 -9.154753061e-04
      vertex 6.013748934e-04 4.925251473e-03 -6.166400854e-04
      vertex 1.098635839e-03 4.758460447e-03 -1.072407118e-03
    endloop
  endfacet
  facet normal -1.735701263e-01 -9.707506895e-01 1.658808440e-01
    outer loop
      vertex 1.098635839e-03 4.758460447e-03 -1.072407118e-03
      vertex 6.013748934e-04 4.925251473e-03 -6.166400854e-04
      vertex 5.530256894e-04 4.920362029e-03 -6.958436570e-04
    endloop
  endfacet
  facet normal -1.575012952e-01 -9.693493843e-01 1.885607690e-01
    outer loop
      vertex 1.098635839e-03 4.758460447e-03 -1.072407118e-03
      vertex 5.530256894e-04 4.920362029e-03 -6.958436570e-04
      vertex 9.823208675e-04 4.749649670e-03 -1.214856398e-03
    endloop
  endfacet
  facet normal -1.575012952e-01 -9.693493843e-01 1.885607690e-01
    outer loop
      vertex 9.823208675e-04 4.749649670e-03 -1.214856398e-03
      vertex 5.530256894e-04 4.920362029e-03 -6.958436570e-04
      vertex 4.943214590e-04 4.915915430e-03 -7.677379763e-04
    endloop
  endfacet
  facet normal -1.384879202e-01 -9.680933356e-01 2.088454962e-01
    outer loop
      vertex 9.823208675e-04 4.749649670e-03 -1.214856398e-03
      vertex 4.943214590e-04 4.915915430e-03 -7.677379763e-04
      vertex 8.476552321e-04 4.741880111e-03 -1.340169925e-03
    endloop
  endfacet
  facet normal -1.384879202e-01 -9.680933356e-01 2.088455111e-01
    outer loop
      vertex 8.476552321e-04 4.741880111e-03 -1.340169925e-03
      vertex 4.943214590e-04 4.915915430e-03 -7.677379763e-04
      vertex 4.263555747e-04 4.911994096e-03 -8.309837431e-04
    endloop
  endfacet
  facet normal -1.168842465e-01 -9.670059681e-01 2.263570726e-01
    outer loop
      vertex 8.476552321e-04 4.741880111e-03 -1.340169925e-03
      vertex 4.263555747e-04 4.911994096e-03 -8.309837431e-04
      vertex 6.971476250e-04 4.735296592e-03 -1.446012873e-03
    endloop
  endfacet
  facet normal -1.168842837e-01 -9.670059681e-01 2.263570577e-01
    outer loop
      vertex 6.971476250e-04 4.735296592e-03 -1.446012873e-03
      vertex 4.263555747e-04 4.911994096e-03 -8.309837431e-04
      vertex 3.503942862e-04 4.908671137e-03 -8.844028343e-04
    endloop
  endfacet
  facet normal -9.309287369e-02 -9.661076069e-01 2.407691926e-01
    outer loop
      vertex 6.971476250e-04 4.735296592e-03 -1.446012873e-03
      vertex 3.503942862e-04 4.908671137e-03 -8.844028343e-04
      vertex 5.336017930e-04 4.730021581e-03 -1.530414098e-03
    endloop
  endfacet
  facet normal -9.309290349e-02 -9.661076069e-01 2.407691777e-01
    outer loop
      vertex 5.336017930e-04 4.730021581e-03 -1.530414098e-03
      vertex 3.503942862e-04 4.908671137e-03 -8.844028343e-04
      vertex 2.678525634e-04 4.906008951e-03 -9.270001901e-04
    endloop
  endfacet
  facet normal -6.755661964e-02 -9.654149413e-01 2.518135905e-01
    outer loop
      vertex 5.336017930e-04 4.730021581e-03 -1.530414098e-03
      vertex 2.678525634e-04 4.906008951e-03 -9.270001901e-04
      vertex 3.600641503e-04 4.726153333e-03 -1.591801061e-03
    endloop
  endfacet
  facet normal -6.755658239e-02 -9.654149413e-01 2.518135905e-01
    outer loop
      vertex 3.600641503e-04 4.726153333e-03 -1.591801061e-03
      vertex 2.678525634e-04 4.906008951e-03 -9.270001901e-04
      vertex 1.802679762e-04 4.904056899e-03 -9.579822072e-04
    endloop
  endfacet
  facet normal -4.075160623e-02 -9.649409056e-01 2.592843175e-01
    outer loop
      vertex 3.600641503e-04 4.726153333e-03 -1.591801061e-03
      vertex 1.802679762e-04 4.904056899e-03 -9.579822072e-04
      vertex 1.797674049e-04 4.723764025e-03 -1.629030332e-03
    endloop
  endfacet
  facet normal -4.075157642e-02 -9.649409056e-01 2.592843473e-01
    outer loop
      vertex 1.797674049e-04 4.723764025e-03 -1.629030332e-03
      vertex 1.802679762e-04 4.904056899e-03 -9.579822072e-04
      vertex 8.927207091e-05 4.902850837e-03 -9.767719312e-04
    endloop
  endfacet
  facet normal -1.317670662e-02 -9.646942616e-01 2.630423903e-01
    outer loop
      vertex 1.797674049e-04 4.723764025e-03 -1.629030332e-03
      vertex 8.927207091e-05 4.902850837e-03 -9.767719312e-04
      vertex -3.929824288e-06 4.722897895e-03 -1.641408307e-03
    endloop
  endfacet
  facet normal -1.317674574e-02 -9.646942616e-01 2.630424201e-01
    outer loop
      vertex -3.929824288e-06 4.722897895e-03 -1.641408307e-03
      vertex 8.927207091e-05 4.902850837e-03 -9.767719312e-04
      vertex -3.440072987e-06 4.902413581e-03 -9.830191266e-04
    endloop
  endfacet
  facet normal 1.465398632e-02 -9.646797180e-01 2.630177140e-01
    outer loop
      vertex -3.929824288e-06 4.722897895e-03 -1.641408307e-03
      vertex -3.440072987e-06 4.902413581e-03 -9.830191266e-04
      vertex -1.876056194e-04 4.723571241e-03 -1.628704602e-03
    endloop
  endfacet
  facet normal 1.465402450e-02 -9.646797180e-01 2.630177140e-01
    outer loop
      vertex -1.876056194e-04 4.723571241e-03 -1.628704602e-03
      vertex -3.440072987e-06 4.902413581e-03 -9.830191266e-04
      vertex -9.614139708e-05 4.902753513e-03 -9.766074363e-04
    endloop
  endfacet
  facet normal 4.222242162e-02 -9.648974538e-01 2.592107654e-01
    outer loop
      vertex -1.876056194e-04 4.723571241e-03 -1.628704602e-03
      vertex -9.614139708e-05 4.902753513e-03 -9.766074363e-04
      vertex -3.678384528e-04 4.725771956e-03 -1.591155655e-03
    endloop
  endfacet
  facet normal 4.222239554e-02 -9.648974538e-01 2.592107654e-01
    outer loop
      vertex -3.678384528e-04 4.725771956e-03 -1.591155655e-03
      vertex -9.614139708e-05 4.902753513e-03 -9.766074363e-04
      vertex -1.871050481e-04 4.903864115e-03 -9.576564771e-04
    endloop
  endfacet
  facet normal 6.901462376e-02 -9.653434157e-01 2.516924739e-01
    outer loop
      vertex -3.678384528e-04 4.725771956e-03 -1.591155655e-03
      vertex -1.871050481e-04 4.903864115e-03 -9.576564771e-04
      vertex -5.412708852e-04 4.729458131e-03 -1.529461006e-03
    endloop
  endfacet
  facet normal 6.901459396e-02 -9.653434157e-01 2.516925037e-01
    outer loop
      vertex -5.412708852e-04 4.729458131e-03 -1.529461006e-03
      vertex -1.871050481e-04 4.903864115e-03 -9.576564771e-04
      vertex -2.746365499e-04 4.905724898e-03 -9.265191620e-04
    endloop
  endfacet
  facet normal 9.453196824e-02 -9.660093188e-01 2.406028211e-01
    outer loop
      vertex -5.412708852e-04 4.729458131e-03 -1.529461006e-03
      vertex -2.746365499e-04 4.905724898e-03 -9.265191620e-04
      vertex -7.046723040e-04 4.734562244e-03 -1.444769907e-03
    endloop
  endfacet
  facet normal 9.453199059e-02 -9.660093188e-01 2.406028062e-01
    outer loop
      vertex -7.046723040e-04 4.734562244e-03 -1.444769907e-03
      vertex -2.746365499e-04 4.905724898e-03 -9.265191620e-04
      vertex -3.571053676e-04 4.908300471e-03 -8.837754722e-04
    endloop
  endfacet
  facet normal 1.182986721e-01 -9.668827653e-01 2.261485308e-01
    outer loop
      vertex -7.046723040e-04 4.734562244e-03 -1.444769907e-03
      vertex -3.571053676e-04 4.908300471e-03 -8.837754722e-04
      vertex -8.549987688e-04 4.740987904e-03 -1.338660135e-03
    endloop
  endfacet
  facet normal 1.182987019e-01 -9.668827653e-01 2.261485159e-01
    outer loop
      vertex -8.549987688e-04 4.740987904e-03 -1.338660135e-03
      vertex -3.571053676e-04 4.908300471e-03 -8.837754722e-04
      vertex -4.329752410e-04 4.911543801e-03 -8.302218048e-04
    endloop
  endfacet
  facet normal 1.398723871e-01 -9.679474831e-01 2.085986733e-01
    outer loop
      vertex -8.549987688e-04 4.740987904e-03 -1.338660135e-03
      vertex -4.329752410e-04 4.911543801e-03 -8.302218048e-04
      vertex -9.894500254e-04 4.748616368e-03 -1.213108073e-03
    endloop
  endfacet
  facet normal 1.398723871e-01 -9.679474831e-01 2.085986882e-01
    outer loop
      vertex -9.894500254e-04 4.748616368e-03 -1.213108073e-03
      vertex -4.329752410e-04 4.911543801e-03 -8.302218048e-04
      vertex -5.008328590e-04 4.915393889e-03 -7.668555481e-04
    endloop
  endfacet
  facet normal 1.588510573e-01 -9.691836238e-01 1.882802546e-01
    outer loop
      vertex -9.894500254e-04 4.748616368e-03 -1.213108073e-03
      vertex -5.008328590e-04 4.915393889e-03 -7.668555481e-04
      vertex -1.105521340e-03 4.757305607e-03 -1.070452621e-03
    endloop
  endfacet
  facet normal 1.588510573e-01 -9.691836238e-01 1.882802546e-01
    outer loop
      vertex -1.105521340e-03 4.757305607e-03 -1.070452621e-03
      vertex -5.008328590e-04 4.915393889e-03 -7.668555481e-04
      vertex -5.594142131e-04 4.919779021e-03 -6.948572118e-04
    endloop
  endfacet
  facet normal 1.748810560e-01 -9.705681801e-01 1.655719280e-01
    outer loop
      vertex -1.105521340e-03 4.757305607e-03 -1.070452621e-03
      vertex -5.594142131e-04 4.919779021e-03 -6.948572118e-04
      vertex -1.201050822e-03 4.766893107e-03 -9.133511921e-04
    endloop
  endfacet
  facet normal 1.748810858e-01 -9.705681801e-01 1.655718535e-01
    outer loop
      vertex -1.201050822e-03 4.766893107e-03 -9.133511921e-04
      vertex -5.594142131e-04 4.919779021e-03 -6.948572118e-04
      vertex -6.076279678e-04 4.924618173e-03 -6.155680167e-04
    endloop
  endfacet
  facet normal 1.876639873e-01 -9.720753431e-01 1.408963352e-01
    outer loop
      vertex -1.201050822e-03 4.766893107e-03 -9.133511921e-04
      vertex -6.076279678e-04 4.924618173e-03 -6.155680167e-04
      vertex -1.274258597e-03 4.777200520e-03 -7.447302924e-04
    endloop
  endfacet
  facet normal 1.876639575e-01 -9.720753431e-01 1.408964843e-01
    outer loop
      vertex -1.274258597e-03 4.777200520e-03 -7.447302924e-04
      vertex -6.076279678e-04 4.924618173e-03 -6.155680167e-04
      vertex -6.445760955e-04 4.929820076e-03 -5.304649239e-04
    endloop
  endfacet
  facet normal 1.969615817e-01 -9.736770391e-01 1.147135273e-01
    outer loop
      vertex -1.274258597e-03 4.777200520e-03 -7.447302924e-04
      vertex -6.445760955e-04 4.929820076e-03 -5.304649239e-04
      vertex -1.323781209e-03 4.788035527e-03 -5.677310401e-04
    endloop
  endfacet
  facet normal 1.969615966e-01 -9.736770391e-01 1.147134528e-01
    outer loop
      vertex -1.323781209e-03 4.788035527e-03 -5.677310401e-04
      vertex -6.445760955e-04 4.929820076e-03 -5.304649239e-04
      vertex -6.695701159e-04 4.935288802e-03 -4.411332775e-04
    endloop
  endfacet
  facet normal 2.026006579e-01 -9.753434062e-01 8.751111478e-02
    outer loop
      vertex -1.323781209e-03 4.788035527e-03 -5.677310401e-04
      vertex -6.695701159e-04 4.935288802e-03 -4.411332775e-04
      vertex -1.348696183e-03 4.799197428e-03 -3.856505209e-04
    endloop
  endfacet
  facet normal 2.026006579e-01 -9.753434062e-01 8.751115203e-02
    outer loop
      vertex -1.348696183e-03 4.799197428e-03 -3.856505209e-04
      vertex -6.695701159e-04 4.935288802e-03 -4.411332775e-04
      vertex -6.821447168e-04 4.940921906e-03 -3.492370888e-04
    endloop
  endfacet
  facet normal 2.044762224e-01 -9.770434499e-01 5.979561061e-02
    outer loop
      vertex -1.348696183e-03 4.799197428e-03 -3.856505209e-04
      vertex -6.821447168e-04 4.940921906e-03 -3.492370888e-04
      vertex -1.348539139e-03 4.810477141e-03 -2.018806263e-04
    endloop
  endfacet
  facet normal 2.044762224e-01 -9.770434499e-01 5.979561061e-02
    outer loop
      vertex -1.348539139e-03 4.810477141e-03 -2.018806263e-04
      vertex -6.821447168e-04 4.940921906e-03 -3.492370888e-04
      vertex -6.820654380e-04 4.946615081e-03 -2.564882452e-04
    endloop
  endfacet
  facet normal 2.025532871e-01 -9.787455201e-01 3.208347782e-02
    outer loop
      vertex -1.348539139e-03 4.810477141e-03 -2.018806263e-04
      vertex -6.820654380e-04 4.946615081e-03 -2.564882452e-04
      vertex -1.323312987e-03 4.821664654e-03 -1.984458140e-05
    endloop
  endfacet
  facet normal 2.025532871e-01 -9.787455201e-01 3.208344057e-02
    outer loop
      vertex -1.323312987e-03 4.821664654e-03 -1.984458140e-05
      vertex -6.820654380e-04 4.946615081e-03 -2.564882452e-04
      vertex -6.693338510e-04 4.952261224e-03 -1.646145101e-04
    endloop
  endfacet
  facet normal 1.968677342e-01 -9.804178476e-01 4.891108721e-03
    outer loop
      vertex -1.323312987e-03 4.821664654e-03 -1.984458140e-05
      vertex -6.693338510e-04 4.952261224e-03 -1.646145101e-04
      vertex -1.273488044e-03 4.832552280e-03 1.570666063e-04
    endloop
  endfacet
  facet normal 1.968677640e-01 -9.804178476e-01 4.891172517e-03
    outer loop
      vertex -1.273488044e-03 4.832552280e-03 1.570666063e-04
      vertex -6.693338510e-04 4.952261224e-03 -1.646145101e-04
      vertex -6.441871519e-04 4.957756493e-03 -7.532731252e-05
    endloop
  endfacet
  facet normal 1.875254214e-01 -9.820293188e-01 -2.127518691e-02
    outer loop
      vertex -1.273488044e-03 4.832552280e-03 1.570666063e-04
      vertex -6.441871519e-04 4.957756493e-03 -7.532731252e-05
      vertex -1.199992141e-03 4.842936527e-03 3.255574265e-04
    endloop
  endfacet
  facet normal 1.875253320e-01 -9.820293188e-01 -2.127531357e-02
    outer loop
      vertex -1.199992141e-03 4.842936527e-03 3.255574265e-04
      vertex -6.441871519e-04 4.957756493e-03 -7.532731252e-05
      vertex -6.070936215e-04 4.962997045e-03 9.710127415e-06
    endloop
  endfacet
  facet normal 1.747003049e-01 -9.835498929e-01 -4.592806101e-02
    outer loop
      vertex -1.199992141e-03 4.842936527e-03 3.255574265e-04
      vertex -6.070936215e-04 4.962997045e-03 9.710127415e-06
      vertex -1.104194205e-03 4.852624144e-03 4.824891803e-04
    endloop
  endfacet
  facet normal 1.747003645e-01 -9.835498929e-01 -4.592799768e-02
    outer loop
      vertex -1.104194205e-03 4.852624144e-03 4.824891803e-04
      vertex -6.070936215e-04 4.962997045e-03 9.710127415e-06
      vertex -5.587444175e-04 4.967886489e-03 8.891372272e-05
    endloop
  endfacet
  facet normal 1.586315334e-01 -9.849512577e-01 -6.860793382e-02
    outer loop
      vertex -1.104194205e-03 4.852624144e-03 4.824891803e-04
      vertex -5.587444175e-04 4.967886489e-03 8.891372272e-05
      vertex -9.878793499e-04 4.861434922e-03 6.249385187e-04
    endloop
  endfacet
  facet normal 1.586315334e-01 -9.849512577e-01 -6.860793382e-02
    outer loop
      vertex -9.878793499e-04 4.861434922e-03 6.249385187e-04
      vertex -5.587444175e-04 4.967886489e-03 8.891372272e-05
      vertex -5.000401288e-04 4.972333554e-03 1.608080493e-04
    endloop
  endfacet
  facet normal 1.396181583e-01 -9.862073064e-01 -8.889266104e-02
    outer loop
      vertex -9.878793499e-04 4.861434922e-03 6.249385187e-04
      vertex -5.000401288e-04 4.972333554e-03 1.608080493e-04
      vertex -8.532136562e-04 4.869204480e-03 7.502519875e-04
    endloop
  endfacet
  facet normal 1.396181583e-01 -9.862073064e-01 -8.889266104e-02
    outer loop
      vertex -8.532136562e-04 4.869204480e-03 7.502519875e-04
      vertex -5.000401288e-04 4.972333554e-03 1.608080493e-04
      vertex -4.320743028e-04 4.976254422e-03 2.240538306e-04
    endloop
  endfacet
  facet normal 1.180144846e-01 -9.872946739e-01 -1.064042300e-01
    outer loop
      vertex -8.532136562e-04 4.869204480e-03 7.502519875e-04
      vertex -4.320743028e-04 4.976254422e-03 2.240538306e-04
      vertex -7.027060492e-04 4.875787999e-03 8.560950519e-04
    endloop
  endfacet
  facet normal 1.180145219e-01 -9.872946739e-01 -1.064042151e-01
    outer loop
      vertex -7.027060492e-04 4.875787999e-03 8.560950519e-04
      vertex -4.320743028e-04 4.976254422e-03 2.240538306e-04
      vertex -3.561130143e-04 4.979577381e-03 2.774729219e-04
    endloop
  endfacet
  facet normal 9.422311187e-02 -9.881929755e-01 -1.208163500e-01
    outer loop
      vertex -7.027060492e-04 4.875787999e-03 8.560950519e-04
      vertex -3.561130143e-04 4.979577381e-03 2.774729219e-04
      vertex -5.391602172e-04 4.881063011e-03 9.404962184e-04
    endloop
  endfacet
  facet normal 9.422314167e-02 -9.881929755e-01 -1.208163351e-01
    outer loop
      vertex -5.391602172e-04 4.881063011e-03 9.404962184e-04
      vertex -3.561130143e-04 4.979577381e-03 2.774729219e-04
      vertex -2.735712624e-04 4.982239567e-03 3.200702777e-04
    endloop
  endfacet
  facet normal 6.868685782e-02 -9.888856411e-01 -1.318607479e-01
    outer loop
      vertex -5.391602172e-04 4.881063011e-03 9.404962184e-04
      vertex -2.735712624e-04 4.982239567e-03 3.200702777e-04
      vertex -3.656225745e-04 4.884931259e-03 1.001883182e-03
    endloop
  endfacet
  facet normal 6.868682057e-02 -9.888856411e-01 -1.318607479e-01
    outer loop
      vertex -3.656225745e-04 4.884931259e-03 1.001883182e-03
      vertex -2.735712624e-04 4.982239567e-03 3.200702777e-04
      vertex -1.859866898e-04 4.984192085e-03 3.510522947e-04
    endloop
  endfacet
  facet normal 4.188184440e-02 -9.893597364e-01 -1.393314898e-01
    outer loop
      vertex -3.656225745e-04 4.884931259e-03 1.001883182e-03
      vertex -1.859866898e-04 4.984192085e-03 3.510522947e-04
      vertex -1.853258291e-04 4.887320567e-03 1.039112452e-03
    endloop
  endfacet
  facet normal 4.188181832e-02 -9.893597364e-01 -1.393314898e-01
    outer loop
      vertex -1.853258291e-04 4.887320567e-03 1.039112452e-03
      vertex -1.859866898e-04 4.984192085e-03 3.510522947e-04
      vertex -9.499078442e-05 4.985397682e-03 3.698419314e-04
    endloop
  endfacet
  facet normal 1.430694573e-02 -9.896063209e-01 -1.430895627e-01
    outer loop
      vertex -1.853258291e-04 4.887320567e-03 1.039112452e-03
      vertex -9.499078442e-05 4.985397682e-03 3.698419314e-04
      vertex -1.628595896e-06 4.888186231e-03 1.051490428e-03
    endloop
  endfacet
  facet normal 1.430698484e-02 -9.896063209e-01 -1.430895627e-01
    outer loop
      vertex -1.628595896e-06 4.888186231e-03 1.051490428e-03
      vertex -9.499078442e-05 4.985397682e-03 3.698419314e-04
      vertex -2.278640977e-06 4.985834938e-03 3.760891559e-04
    endloop
  endfacet
  facet normal -1.352374721e-02 -9.896209240e-01 -1.430648863e-01
    outer loop
      vertex -1.628595896e-06 4.888186231e-03 1.051490428e-03
      vertex -2.278640977e-06 4.985834938e-03 3.760891559e-04
      vertex 1.820472098e-04 4.887512885e-03 1.038786722e-03
    endloop
  endfacet
  facet normal -1.352378540e-02 -9.896209240e-01 -1.430648714e-01
    outer loop
      vertex 1.820472098e-04 4.887512885e-03 1.038786722e-03
      vertex -2.278640977e-06 4.985834938e-03 3.760891559e-04
      vertex 9.042268357e-05 4.985495005e-03 3.696775238e-04
    endloop
  endfacet
endsolid waist_constraint_R
