solid waist_roll_link
  facet normal 9.999344945e-01 -1.144328620e-02 -1.479646198e-05
    outer loop
      vertex -4.942685366e-03 -6.201315671e-03 1.974516548e-02
      vertex -4.997627810e-03 -1.100131217e-02 1.899986342e-02
      vertex -4.942706786e-03 -6.201287732e-03 1.825474389e-02
    endloop
  endfacet
  facet normal 9.972048402e-01 1.885387319e-04 7.471555471e-02
    outer loop
      vertex -4.942706786e-03 -6.201287732e-03 1.825474389e-02
      vertex -4.997627810e-03 -1.100131217e-02 1.899986342e-02
      vertex -4.941792693e-03 -1.100128703e-02 1.825465262e-02
    endloop
  endfacet
  facet normal 9.555770755e-01 1.764414628e-04 2.947413623e-01
    outer loop
      vertex -4.942706786e-03 -6.201287732e-03 1.825474389e-02
      vertex -4.941792693e-03 -1.100128703e-02 1.825465262e-02
      vertex -4.503417760e-03 -6.201176904e-03 1.683053002e-02
    endloop
  endfacet
  facet normal 9.555770755e-01 1.764414628e-04 2.947413623e-01
    outer loop
      vertex -4.503417760e-03 -6.201176904e-03 1.683053002e-02
      vertex -4.941792693e-03 -1.100128703e-02 1.825465262e-02
      vertex -4.502503667e-03 -1.100117620e-02 1.683043875e-02
    endloop
  endfacet
  facet normal 8.262469769e-01 1.467186376e-04 5.633080006e-01
    outer loop
      vertex -4.503417760e-03 -6.201176904e-03 1.683053002e-02
      vertex -4.502503667e-03 -1.100117620e-02 1.683043875e-02
      vertex -3.663850715e-03 -6.200993899e-03 1.559907291e-02
    endloop
  endfacet
  facet normal 8.262469769e-01 1.467186376e-04 5.633080006e-01
    outer loop
      vertex -3.663850715e-03 -6.200993899e-03 1.559907291e-02
      vertex -4.502503667e-03 -1.100117620e-02 1.683043875e-02
      vertex -3.662936389e-03 -1.100099366e-02 1.559898164e-02
    endloop
  endfacet
  facet normal 6.235013008e-01 1.039592244e-04 7.818223238e-01
    outer loop
      vertex -3.663850715e-03 -6.200993899e-03 1.559907291e-02
      vertex -3.662936389e-03 -1.100099366e-02 1.559898164e-02
      vertex -2.498605289e-03 -6.200754084e-03 1.466979180e-02
    endloop
  endfacet
  facet normal 6.235013008e-01 1.039592244e-04 7.818223238e-01
    outer loop
      vertex -2.498605289e-03 -6.200754084e-03 1.466979180e-02
      vertex -3.662936389e-03 -1.100099366e-02 1.559898164e-02
      vertex -2.497690963e-03 -1.100075338e-02 1.466970146e-02
    endloop
  endfacet
  facet normal 3.653546274e-01 5.196254642e-05 9.308683872e-01
    outer loop
      vertex -2.498605289e-03 -6.200754084e-03 1.466979180e-02
      vertex -2.497690963e-03 -1.100075338e-02 1.466970146e-02
      vertex -1.111217774e-03 -6.200479344e-03 1.412525959e-02
    endloop
  endfacet
  facet normal 3.653546274e-01 5.196254642e-05 9.308683872e-01
    outer loop
      vertex -1.111217774e-03 -6.200479344e-03 1.412525959e-02
      vertex -2.497690963e-03 -1.100075338e-02 1.466970146e-02
      vertex -1.110303449e-03 -1.100047957e-02 1.412516832e-02
    endloop
  endfacet
  facet normal 1.119791865e-01 2.507602630e-06 9.937105775e-01
    outer loop
      vertex -1.111217774e-03 -6.200479344e-03 1.412525959e-02
      vertex -1.110303449e-03 -1.100047957e-02 1.412516832e-02
      vertex 1.384922030e-06 -6.200265139e-03 1.399988215e-02
    endloop
  endfacet
  facet normal 7.474029809e-02 8.716873825e-03 9.971649051e-01
    outer loop
      vertex 1.384922030e-06 -6.200265139e-03 1.399988215e-02
      vertex -1.110303449e-03 -1.100047957e-02 1.412516832e-02
      vertex 3.759498068e-04 -1.100019366e-02 1.401376724e-02
    endloop
  endfacet
  facet normal -3.737663850e-02 -2.604855581e-05 9.993012547e-01
    outer loop
      vertex 1.384922030e-06 -6.200265139e-03 1.399988215e-02
      vertex 3.759498068e-04 -1.100019366e-02 1.401376724e-02
      vertex 3.750354517e-04 -6.200194359e-03 1.401385758e-02
    endloop
  endfacet
  facet normal -2.225068063e-01 -6.085172208e-05 9.749311209e-01
    outer loop
      vertex 3.750354517e-04 -6.200194359e-03 1.401385758e-02
      vertex 3.759498068e-04 -1.100019366e-02 1.401376724e-02
      vertex 1.828095294e-03 -6.199923810e-03 1.434548758e-02
    endloop
  endfacet
  facet normal -2.225068063e-01 -6.085172208e-05 9.749311209e-01
    outer loop
      vertex 1.828095294e-03 -6.199923810e-03 1.434548758e-02
      vertex 3.759498068e-04 -1.100019366e-02 1.401376724e-02
      vertex 1.829009620e-03 -1.099992357e-02 1.434539631e-02
    endloop
  endfacet
  facet normal -4.999874830e-01 -1.116452622e-04 8.660326004e-01
    outer loop
      vertex 1.828095294e-03 -6.199923810e-03 1.434548758e-02
      vertex 1.829009620e-03 -1.099992357e-02 1.434539631e-02
      vertex 3.118850291e-03 -6.199691910e-03 1.509067975e-02
    endloop
  endfacet
  facet normal -4.999874830e-01 -1.116452622e-04 8.660326004e-01
    outer loop
      vertex 3.118850291e-03 -6.199691910e-03 1.509067975e-02
      vertex 1.829009620e-03 -1.099992357e-02 1.434539631e-02
      vertex 3.119764617e-03 -1.099969167e-02 1.509058941e-02
    endloop
  endfacet
  facet normal -7.330419421e-01 -1.525186090e-04 6.801834106e-01
    outer loop
      vertex 3.118850291e-03 -6.199691910e-03 1.509067975e-02
      vertex 3.119764617e-03 -1.099969167e-02 1.509058941e-02
      vertex 4.132610746e-03 -6.199519616e-03 1.618322171e-02
    endloop
  endfacet
  facet normal -7.330419421e-01 -1.525186090e-04 6.801834106e-01
    outer loop
      vertex 4.132610746e-03 -6.199519616e-03 1.618322171e-02
      vertex 3.119764617e-03 -1.099969167e-02 1.509058941e-02
      vertex 4.133525304e-03 -1.099951938e-02 1.618313044e-02
    endloop
  endfacet
  facet normal -9.009625316e-01 -1.798400335e-04 4.338968992e-01
    outer loop
      vertex 4.132610746e-03 -6.199519616e-03 1.618322171e-02
      vertex 4.133525304e-03 -1.099951938e-02 1.618313044e-02
      vertex 4.779300652e-03 -6.199421827e-03 1.752603799e-02
    endloop
  endfacet
  facet normal -9.009625316e-01 -1.798400335e-04 4.338968992e-01
    outer loop
      vertex 4.779300652e-03 -6.199421827e-03 1.752603799e-02
      vertex 4.133525304e-03 -1.099951938e-02 1.618313044e-02
      vertex 4.780215211e-03 -1.099942159e-02 1.752594672e-02
    endloop
  endfacet
  facet normal -9.888286591e-01 -1.911818836e-04 1.490563303e-01
    outer loop
      vertex 4.779300652e-03 -6.199421827e-03 1.752603799e-02
      vertex 4.780215211e-03 -1.099942159e-02 1.752594672e-02
      vertex 5.001457408e-03 -6.199407391e-03 1.899980940e-02
    endloop
  endfacet
  facet normal -9.888286591e-01 -1.911818836e-04 1.490563303e-01
    outer loop
      vertex 5.001457408e-03 -6.199407391e-03 1.899980940e-02
      vertex 4.780215211e-03 -1.099942159e-02 1.752594672e-02
      vertex 5.002371967e-03 -1.099940669e-02 1.899971813e-02
    endloop
  endfacet
  facet normal -9.888330698e-01 -1.855363953e-04 -1.490274221e-01
    outer loop
      vertex 5.001457408e-03 -6.199407391e-03 1.899980940e-02
      vertex 5.002371967e-03 -1.099940669e-02 1.899971813e-02
      vertex 4.779343959e-03 -6.199477706e-03 2.047358826e-02
    endloop
  endfacet
  facet normal -9.888330698e-01 -1.855363953e-04 -1.490274221e-01
    outer loop
      vertex 4.779343959e-03 -6.199477706e-03 2.047358826e-02
      vertex 5.002371967e-03 -1.099940669e-02 1.899971813e-02
      vertex 4.780258052e-03 -1.099947747e-02 2.047349699e-02
    endloop
  endfacet
  facet normal -9.009750485e-01 -1.634051150e-04 -4.338708818e-01
    outer loop
      vertex 4.779343959e-03 -6.199477706e-03 2.047358826e-02
      vertex 4.780258052e-03 -1.099947747e-02 2.047349699e-02
      vertex 4.132693168e-03 -6.199626252e-03 2.181642130e-02
    endloop
  endfacet
  facet normal -9.009750485e-01 -1.634051150e-04 -4.338708818e-01
    outer loop
      vertex 4.132693168e-03 -6.199626252e-03 2.181642130e-02
      vertex 4.780258052e-03 -1.099947747e-02 2.047349699e-02
      vertex 4.133607261e-03 -1.099962555e-02 2.181633003e-02
    endloop
  endfacet
  facet normal -7.330623269e-01 -1.267547777e-04 -6.801614165e-01
    outer loop
      vertex 4.132693168e-03 -6.199626252e-03 2.181642130e-02
      vertex 4.133607261e-03 -1.099962555e-02 2.181633003e-02
      vertex 3.118964378e-03 -6.199839991e-03 2.290899493e-02
    endloop
  endfacet
  facet normal -7.330623269e-01 -1.267547777e-04 -6.801614165e-01
    outer loop
      vertex 3.118964378e-03 -6.199839991e-03 2.290899493e-02
      vertex 4.133607261e-03 -1.099962555e-02 2.181633003e-02
      vertex 3.119878704e-03 -1.099983975e-02 2.290890366e-02
    endloop
  endfacet
  facet normal -5.000122786e-01 -7.884139632e-05 -8.660182953e-01
    outer loop
      vertex 3.118964378e-03 -6.199839991e-03 2.290899493e-02
      vertex 3.119878704e-03 -1.099983975e-02 2.290890366e-02
      vertex 1.828231034e-03 -6.200100295e-03 2.365422435e-02
    endloop
  endfacet
  facet normal -5.000122786e-01 -7.884139632e-05 -8.660182953e-01
    outer loop
      vertex 1.828231034e-03 -6.200100295e-03 2.365422435e-02
      vertex 3.119878704e-03 -1.099983975e-02 2.290890366e-02
      vertex 1.829145360e-03 -1.100009959e-02 2.365413308e-02
    endloop
  endfacet
  facet normal -2.225346416e-01 -2.392275928e-05 -9.749248028e-01
    outer loop
      vertex 1.828231034e-03 -6.200100295e-03 2.365422435e-02
      vertex 1.829145360e-03 -1.100009959e-02 2.365413308e-02
      vertex 3.751808545e-04 -6.200382952e-03 2.398589626e-02
    endloop
  endfacet
  facet normal -2.225346416e-01 -2.392275928e-05 -9.749248028e-01
    outer loop
      vertex 3.751808545e-04 -6.200382952e-03 2.398589626e-02
      vertex 1.829145360e-03 -1.100009959e-02 2.365413308e-02
      vertex 3.760952095e-04 -1.100038271e-02 2.398580499e-02
    endloop
  endfacet
  facet normal 7.471510023e-02 3.312131594e-05 -9.972048998e-01
    outer loop
      vertex 3.751808545e-04 -6.200382952e-03 2.398589626e-02
      vertex 3.760952095e-04 -1.100038271e-02 2.398580499e-02
      vertex -1.111075631e-03 -6.200664211e-03 2.387453802e-02
    endloop
  endfacet
  facet normal 7.471510023e-02 3.312131594e-05 -9.972048998e-01
    outer loop
      vertex -1.111075631e-03 -6.200664211e-03 2.387453802e-02
      vertex 3.760952095e-04 -1.100038271e-02 2.398580499e-02
      vertex -1.110161305e-03 -1.100066397e-02 2.387444675e-02
    endloop
  endfacet
  facet normal 3.653274775e-01 8.722268831e-05 -9.308790565e-01
    outer loop
      vertex -1.111075631e-03 -6.200664211e-03 2.387453802e-02
      vertex -1.110161305e-03 -1.100066397e-02 2.387444675e-02
      vertex -2.498478862e-03 -6.200917996e-03 2.333004586e-02
    endloop
  endfacet
  facet normal 3.653274775e-01 8.722268831e-05 -9.308790565e-01
    outer loop
      vertex -2.498478862e-03 -6.200917996e-03 2.333004586e-02
      vertex -1.110161305e-03 -1.100066397e-02 2.387444675e-02
      vertex -2.497564536e-03 -1.100091822e-02 2.332995459e-02
    endloop
  endfacet
  facet normal 6.234788895e-01 1.335739216e-04 -7.818402052e-01
    outer loop
      vertex -2.498478862e-03 -6.200917996e-03 2.333004586e-02
      vertex -2.497564536e-03 -1.100091822e-02 2.332995459e-02
      vertex -3.663751530e-03 -6.201122422e-03 2.240079828e-02
    endloop
  endfacet
  facet normal 6.234788895e-01 1.335739216e-04 -7.818402052e-01
    outer loop
      vertex -3.663751530e-03 -6.201122422e-03 2.240079828e-02
      vertex -2.497564536e-03 -1.100091822e-02 2.332995459e-02
      vertex -3.662837204e-03 -1.100112218e-02 2.240070701e-02
    endloop
  endfacet
  facet normal 8.262305260e-01 1.680563728e-04 -5.633320808e-01
    outer loop
      vertex -3.663751530e-03 -6.201122422e-03 2.240079828e-02
      vertex -3.662837204e-03 -1.100112218e-02 2.240070701e-02
      vertex -4.503354430e-03 -6.201259326e-03 2.116936632e-02
    endloop
  endfacet
  facet normal 8.262305260e-01 1.680563728e-04 -5.633320808e-01
    outer loop
      vertex -4.503354430e-03 -6.201259326e-03 2.116936632e-02
      vertex -3.662837204e-03 -1.100112218e-02 2.240070701e-02
      vertex -4.502440337e-03 -1.100125909e-02 2.116927505e-02
    endloop
  endfacet
  facet normal 9.555683732e-01 1.876063616e-04 -2.947694063e-01
    outer loop
      vertex -4.503354430e-03 -6.201259326e-03 2.116936632e-02
      vertex -4.502440337e-03 -1.100125909e-02 2.116927505e-02
      vertex -4.942685366e-03 -6.201315671e-03 1.974516548e-02
    endloop
  endfacet
  facet normal 9.555683732e-01 1.876063616e-04 -2.947694063e-01
    outer loop
      vertex -4.942685366e-03 -6.201315671e-03 1.974516548e-02
      vertex -4.502440337e-03 -1.100125909e-02 2.116927505e-02
      vertex -4.941770807e-03 -1.100131590e-02 1.974507421e-02
    endloop
  endfacet
  facet normal 9.972026944e-01 1.913693995e-04 -7.474453747e-02
    outer loop
      vertex -4.942685366e-03 -6.201315671e-03 1.974516548e-02
      vertex -4.941770807e-03 -1.100131590e-02 1.974507421e-02
      vertex -4.997627810e-03 -1.100131217e-02 1.899986342e-02
    endloop
  endfacet
  facet normal 1.000000000e+00 1.904867095e-04 -1.457708095e-05
    outer loop
      vertex 9.998180903e-03 1.100154500e-02 1.900006272e-02
      vertex 9.999095462e-03 6.201545242e-03 1.899997145e-02
      vertex 9.997918271e-03 1.100188587e-02 1.000062563e-03
    endloop
  endfacet
  facet normal 1.000000000e+00 1.904867095e-04 -1.457708095e-05
    outer loop
      vertex 9.997918271e-03 1.100188587e-02 1.000062563e-03
      vertex 9.999095462e-03 6.201545242e-03 1.899997145e-02
      vertex 9.998942725e-03 6.201744080e-03 8.499971591e-03
    endloop
  endfacet
  facet normal 1.000000000e+00 1.904867095e-04 -1.457708095e-05
    outer loop
      vertex 1.000145730e-02 -6.198455114e-03 1.899973676e-02
      vertex 1.000237186e-02 -1.099845488e-02 1.899964549e-02
      vertex 1.000130456e-02 -6.198256277e-03 8.499736898e-03
    endloop
  endfacet
  facet normal 1.000000000e+00 1.904867095e-04 -1.457708095e-05
    outer loop
      vertex 1.000130456e-02 -6.198256277e-03 8.499736898e-03
      vertex 1.000237186e-02 -1.099845488e-02 1.899964549e-02
      vertex 1.000210922e-02 -1.099811401e-02 9.996457957e-04
    endloop
  endfacet
  facet normal 1.000000000e+00 1.904867095e-04 -1.457708095e-05
    outer loop
      vertex 9.999698959e-03 2.011075383e-03 5.653457716e-03
      vertex 9.999412112e-03 3.461893881e-03 4.901739303e-03
      vertex 9.998942725e-03 6.201744080e-03 8.499971591e-03
    endloop
  endfacet
  facet normal 1.000000000e+00 1.904867095e-04 -1.457708095e-05
    outer loop
      vertex 9.998942725e-03 6.201744080e-03 8.499971591e-03
      vertex 9.999412112e-03 3.461893881e-03 4.901739303e-03
      vertex 9.999168105e-03 4.656100646e-03 3.786470043e-03
    endloop
  endfacet
  facet normal 1.000000000e+00 1.904867095e-04 -1.457708095e-05
    outer loop
      vertex 9.998942725e-03 6.201744080e-03 8.499971591e-03
      vertex 9.999168105e-03 4.656100646e-03 3.786470043e-03
      vertex 9.997918271e-03 1.100188587e-02 1.000062563e-03
    endloop
  endfacet
  facet normal 1.000000000e+00 1.904867095e-04 -1.457708095e-05
    outer loop
      vertex 9.997918271e-03 1.100188587e-02 1.000062563e-03
      vertex 9.999168105e-03 4.656100646e-03 3.786470043e-03
      vertex 9.998985566e-03 5.505127367e-03 2.390364883e-03
    endloop
  endfacet
  facet normal 1.000000000e+00 1.904867095e-04 -1.457708095e-05
    outer loop
      vertex 9.998985566e-03 5.505127367e-03 2.390364883e-03
      vertex 9.998879395e-03 5.946004763e-03 8.169668145e-04
      vertex 9.997918271e-03 1.100188587e-02 1.000062563e-03
    endloop
  endfacet
  facet normal 1.000000000e+00 1.904867095e-04 -1.457708095e-05
    outer loop
      vertex 9.997918271e-03 1.100188587e-02 1.000062563e-03
      vertex 9.998879395e-03 5.946004763e-03 8.169668145e-04
      vertex 9.998856112e-03 6.001904607e-03 -3.230850609e-08
    endloop
  endfacet
  facet normal 1.000000000e+00 1.904867095e-04 -1.457708095e-05
    outer loop
      vertex 9.997918271e-03 1.100188587e-02 1.000062563e-03
      vertex 9.998856112e-03 6.001904607e-03 -3.230850609e-08
      vertex 9.997927584e-03 1.079056412e-02 -1.145934919e-03
    endloop
  endfacet
  facet normal 1.000000000e+00 1.904867095e-04 -1.457708095e-05
    outer loop
      vertex 9.997927584e-03 1.079056412e-02 -1.145934919e-03
      vertex 9.998856112e-03 6.001904607e-03 -3.230850609e-08
      vertex 9.998855181e-03 5.946035963e-03 -8.170332876e-04
    endloop
  endfacet
  facet normal 1.000000000e+00 1.904867095e-04 -1.457708095e-05
    outer loop
      vertex 9.997927584e-03 1.079056412e-02 -1.145934919e-03
      vertex 9.998855181e-03 5.946035963e-03 -8.170332876e-04
      vertex 9.998016991e-03 1.016463991e-02 -3.209470771e-03
    endloop
  endfacet
  facet normal 1.000000000e+00 1.904867095e-04 -1.457708095e-05
    outer loop
      vertex 9.998016991e-03 1.016463991e-02 -3.209470771e-03
      vertex 9.998855181e-03 5.946035963e-03 -8.170332876e-04
      vertex 9.998916648e-03 5.505218171e-03 -2.390448237e-03
    endloop
  endfacet
  facet normal 1.000000000e+00 1.904867095e-04 -1.457708095e-05
    outer loop
      vertex 9.998016991e-03 1.016463991e-02 -3.209470771e-03
      vertex 9.998916648e-03 5.505218171e-03 -2.390448237e-03
      vertex 9.998182766e-03 9.148167446e-03 -5.111244507e-03
    endloop
  endfacet
  facet normal 1.000000000e+00 1.904867095e-04 -1.457708095e-05
    outer loop
      vertex 9.998182766e-03 9.148167446e-03 -5.111244507e-03
      vertex 9.998916648e-03 5.505218171e-03 -2.390448237e-03
      vertex 9.998419322e-03 7.780207787e-03 -6.778173149e-03
    endloop
  endfacet
  facet normal 1.000000000e+00 1.904867095e-04 -1.457708095e-05
    outer loop
      vertex 9.998419322e-03 7.780207787e-03 -6.778173149e-03
      vertex 9.998916648e-03 5.505218171e-03 -2.390448237e-03
      vertex 9.999057278e-03 4.656244069e-03 -3.786585294e-03
    endloop
  endfacet
  facet normal 1.000000000e+00 1.904867095e-04 -1.457708095e-05
    outer loop
      vertex 9.998419322e-03 7.780207787e-03 -6.778173149e-03
      vertex 9.999057278e-03 4.656244069e-03 -3.786585294e-03
      vertex 9.998716414e-03 6.113331765e-03 -8.146195672e-03
    endloop
  endfacet
  facet normal 1.000000000e+00 1.904867095e-04 -1.457708095e-05
    outer loop
      vertex 9.998716414e-03 6.113331765e-03 -8.146195672e-03
      vertex 9.999057278e-03 4.656244069e-03 -3.786585294e-03
      vertex 9.999268688e-03 3.462079680e-03 -4.901899956e-03
    endloop
  endfacet
  facet normal 1.000000000e+00 1.904867095e-04 -1.457708095e-05
    outer loop
      vertex 9.998716414e-03 6.113331765e-03 -8.146195672e-03
      vertex 9.999268688e-03 3.462079680e-03 -4.901899956e-03
      vertex 9.999063797e-03 4.211596213e-03 -9.162741713e-03
    endloop
  endfacet
  facet normal 1.000000000e+00 1.904867095e-04 -1.457708095e-05
    outer loop
      vertex 9.999063797e-03 4.211596213e-03 -9.162741713e-03
      vertex 9.999268688e-03 3.462079680e-03 -4.901899956e-03
      vertex 9.999534115e-03 2.011289587e-03 -5.653673317e-03
    endloop
  endfacet
  facet normal 1.000000000e+00 1.904867095e-04 -1.457708095e-05
    outer loop
      vertex 9.999063797e-03 4.211596213e-03 -9.162741713e-03
      vertex 9.999534115e-03 2.011289587e-03 -5.653673317e-03
      vertex 9.999447502e-03 2.148083644e-03 -9.788743220e-03
    endloop
  endfacet
  facet normal 1.000000000e+00 1.904867095e-04 -1.457708095e-05
    outer loop
      vertex 9.999447502e-03 2.148083644e-03 -9.788743220e-03
      vertex 9.999534115e-03 2.011289587e-03 -5.653673317e-03
      vertex 9.999834001e-03 4.114727199e-04 -5.986150354e-03
    endloop
  endfacet
  facet normal 1.000000000e+00 1.904867095e-04 -1.457708095e-05
    outer loop
      vertex 9.999447502e-03 2.148083644e-03 -9.788743220e-03
      vertex 9.999834001e-03 4.114727199e-04 -5.986150354e-03
      vertex 9.999853559e-03 2.094259798e-06 -1.000014599e-02
    endloop
  endfacet
  facet normal 1.000000000e+00 1.904867095e-04 -1.457708095e-05
    outer loop
      vertex 9.999853559e-03 2.094259798e-06 -1.000014599e-02
      vertex 9.999834001e-03 4.114727199e-04 -5.986150354e-03
      vertex 1.000026520e-02 -2.143903170e-03 -9.788824245e-03
    endloop
  endfacet
  facet normal 1.000000000e+00 1.904867095e-04 -1.457708095e-05
    outer loop
      vertex 1.000026520e-02 -2.143903170e-03 -9.788824245e-03
      vertex 9.999834001e-03 4.114727199e-04 -5.986150354e-03
      vertex 1.000014599e-02 -1.218719874e-03 -5.874673836e-03
    endloop
  endfacet
  facet normal 1.000000000e+00 1.904867095e-04 -1.457708095e-05
    outer loop
      vertex 1.000026520e-02 -2.143903170e-03 -9.788824245e-03
      vertex 1.000014599e-02 -1.218719874e-03 -5.874673836e-03
      vertex 1.000066753e-02 -4.207439721e-03 -9.162900969e-03
    endloop
  endfacet
  facet normal 1.000000000e+00 1.904867095e-04 -1.457708095e-05
    outer loop
      vertex 1.000066753e-02 -4.207439721e-03 -9.162900969e-03
      vertex 1.000014599e-02 -1.218719874e-03 -5.874673836e-03
      vertex 1.000044774e-02 -2.758384449e-03 -5.327509250e-03
    endloop
  endfacet
  facet normal 1.000000000e+00 1.904867095e-04 -1.457708095e-05
    outer loop
      vertex 1.000066753e-02 -4.207439721e-03 -9.162900969e-03
      vertex 1.000044774e-02 -2.758384449e-03 -5.327509250e-03
      vertex 1.000104472e-02 -6.109213457e-03 -8.146427572e-03
    endloop
  endfacet
  facet normal 1.000000000e+00 1.904867095e-04 -1.457708095e-05
    outer loop
      vertex 1.000104472e-02 -6.109213457e-03 -8.146427572e-03
      vertex 1.000044774e-02 -2.758384449e-03 -5.327509250e-03
      vertex 1.000071596e-02 -4.093330819e-03 -4.385238979e-03
    endloop
  endfacet
  facet normal 1.000000000e+00 1.904867095e-04 -1.457708095e-05
    outer loop
      vertex 1.000104472e-02 -6.109213457e-03 -8.146427572e-03
      vertex 1.000071596e-02 -4.093330819e-03 -4.385238979e-03
      vertex 1.000138186e-02 -7.776141167e-03 -6.778467912e-03
    endloop
  endfacet
  facet normal 1.000000000e+00 1.904867095e-04 -1.457708095e-05
    outer loop
      vertex 1.000084355e-02 -4.093497060e-03 4.384792410e-03
      vertex 1.000060327e-02 -2.758586314e-03 5.327113438e-03
      vertex 1.000130456e-02 -6.198256277e-03 8.499736898e-03
    endloop
  endfacet
  facet normal 1.000000000e+00 1.904867095e-04 -1.457708095e-05
    outer loop
      vertex 1.000130456e-02 -6.198256277e-03 8.499736898e-03
      vertex 1.000060327e-02 -2.758586314e-03 5.327113438e-03
      vertex 1.000031736e-02 -1.218942460e-03 5.874335766e-03
    endloop
  endfacet
  facet normal 1.000000000e+00 1.904867095e-04 -1.457708095e-05
    outer loop
      vertex 1.000130456e-02 -6.198256277e-03 8.499736898e-03
      vertex 1.000031736e-02 -1.218942460e-03 5.874335766e-03
      vertex 9.998942725e-03 6.201744080e-03 8.499971591e-03
    endloop
  endfacet
  facet normal 1.000000000e+00 1.904867095e-04 -1.457708095e-05
    outer loop
      vertex 9.998942725e-03 6.201744080e-03 8.499971591e-03
      vertex 1.000031736e-02 -1.218942460e-03 5.874335766e-03
      vertex 1.000000909e-02 4.112459719e-04 5.985874683e-03
    endloop
  endfacet
  facet normal 1.000000000e+00 1.904867095e-04 -1.457708095e-05
    outer loop
      vertex 9.998942725e-03 6.201744080e-03 8.499971591e-03
      vertex 1.000000909e-02 4.112459719e-04 5.985874683e-03
      vertex 9.999698959e-03 2.011075383e-03 5.653457716e-03
    endloop
  endfacet
  facet normal 1.000000000e+00 1.904867095e-04 -1.457708095e-05
    outer loop
      vertex 1.000138186e-02 -7.776141167e-03 -6.778467912e-03
      vertex 1.000071596e-02 -4.093330819e-03 -4.385238979e-03
      vertex 1.000166684e-02 -9.144164622e-03 -5.111590959e-03
    endloop
  endfacet
  facet normal 1.000000000e+00 1.904867095e-04 -1.457708095e-05
    outer loop
      vertex 1.000166684e-02 -9.144164622e-03 -5.111590959e-03
      vertex 1.000071596e-02 -4.093330819e-03 -4.385238979e-03
      vertex 1.000093017e-02 -5.124552175e-03 -3.117746674e-03
    endloop
  endfacet
  facet normal 1.000000000e+00 1.904867095e-04 -1.457708095e-05
    outer loop
      vertex 1.000166684e-02 -9.144164622e-03 -5.111590959e-03
      vertex 1.000093017e-02 -5.124552175e-03 -3.117746674e-03
      vertex 1.000188850e-02 -1.016070880e-02 -3.209855873e-03
    endloop
  endfacet
  facet normal 1.000000000e+00 1.904867095e-04 -1.457708095e-05
    outer loop
      vertex 1.000188850e-02 -1.016070880e-02 -3.209855873e-03
      vertex 1.000093017e-02 -5.124552175e-03 -3.117746674e-03
      vertex 1.000107639e-02 -5.775568075e-03 -1.619036077e-03
    endloop
  endfacet
  facet normal 1.000000000e+00 1.904867095e-04 -1.457708095e-05
    outer loop
      vertex 1.000188850e-02 -1.016070880e-02 -3.209855873e-03
      vertex 1.000107639e-02 -5.775568075e-03 -1.619036077e-03
      vertex 1.000203751e-02 -1.078671124e-02 -1.146343653e-03
    endloop
  endfacet
  facet normal 1.000000000e+00 1.904867095e-04 -1.457708095e-05
    outer loop
      vertex 1.000203751e-02 -1.078671124e-02 -1.146343653e-03
      vertex 1.000107639e-02 -5.775568075e-03 -1.619036077e-03
      vertex 1.000114251e-02 -5.998095032e-03 -2.596130741e-07
    endloop
  endfacet
  facet normal 1.000000000e+00 1.904867095e-04 -1.457708095e-05
    outer loop
      vertex 1.000203751e-02 -1.078671124e-02 -1.146343653e-03
      vertex 1.000114251e-02 -5.998095032e-03 -2.596130741e-07
      vertex 1.000210922e-02 -1.099811401e-02 9.996457957e-04
    endloop
  endfacet
  facet normal 1.000000000e+00 1.904867095e-04 -1.457708095e-05
    outer loop
      vertex 1.000210922e-02 -1.099811401e-02 9.996457957e-04
      vertex 1.000114251e-02 -5.998095032e-03 -2.596130741e-07
      vertex 1.000112388e-02 -5.775629543e-03 1.618525479e-03
    endloop
  endfacet
  facet normal 1.000000000e+00 1.904867095e-04 -1.457708095e-05
    outer loop
      vertex 1.000210922e-02 -1.099811401e-02 9.996457957e-04
      vertex 1.000112388e-02 -5.775629543e-03 1.618525479e-03
      vertex 1.000130456e-02 -6.198256277e-03 8.499736898e-03
    endloop
  endfacet
  facet normal 1.000000000e+00 1.904867095e-04 -1.457708095e-05
    outer loop
      vertex 1.000130456e-02 -6.198256277e-03 8.499736898e-03
      vertex 1.000112388e-02 -5.775629543e-03 1.618525479e-03
      vertex 1.000102144e-02 -5.124670453e-03 3.117260756e-03
    endloop
  endfacet
  facet normal 1.000000000e+00 1.904867095e-04 -1.457708095e-05
    outer loop
      vertex 1.000130456e-02 -6.198256277e-03 8.499736898e-03
      vertex 1.000102144e-02 -5.124670453e-03 3.117260756e-03
      vertex 1.000084355e-02 -4.093497060e-03 4.384792410e-03
    endloop
  endfacet
  facet normal -1.000000000e+00 -1.904867095e-04 1.457708095e-05
    outer loop
      vertex -9.997627698e-03 -1.100226492e-02 1.899993792e-02
      vertex -9.998541325e-03 -6.202264689e-03 1.900002733e-02
      vertex -9.997890331e-03 -1.100192312e-02 9.999374161e-04
    endloop
  endfacet
  facet normal -1.000000000e+00 -1.904867095e-04 1.457708095e-05
    outer loop
      vertex -9.997890331e-03 -1.100192312e-02 9.999374161e-04
      vertex -9.998541325e-03 -6.202264689e-03 1.900002733e-02
      vertex -9.998694994e-03 -6.202065852e-03 8.500028402e-03
    endloop
  endfacet
  facet normal -1.000000000e+00 -1.904867095e-04 1.457708095e-05
    outer loop
      vertex -1.000090409e-02 6.197735202e-03 1.900026202e-02
      vertex -1.000181772e-02 1.099773496e-02 1.900035329e-02
      vertex -1.000105683e-02 6.197934039e-03 8.500263095e-03
    endloop
  endfacet
  facet normal -1.000000000e+00 -1.904867095e-04 1.457708095e-05
    outer loop
      vertex -1.000105683e-02 6.197934039e-03 8.500263095e-03
      vertex -1.000181772e-02 1.099773496e-02 1.900035329e-02
      vertex -1.000208035e-02 1.099807583e-02 1.000354066e-03
    endloop
  endfacet
  facet normal -1.000000000e+00 -1.904867095e-04 1.457708095e-05
    outer loop
      vertex -9.999681264e-03 -1.222752151e-03 5.874627270e-03
      vertex -9.999396279e-03 -2.762395889e-03 5.327404942e-03
      vertex -9.998694994e-03 -6.202065852e-03 8.500028402e-03
    endloop
  endfacet
  facet normal -1.000000000e+00 -1.904867095e-04 1.457708095e-05
    outer loop
      vertex -9.997890331e-03 -1.100192312e-02 9.999374161e-04
      vertex -9.998857044e-03 -6.001904607e-03 3.192853271e-08
      vertex -9.997961111e-03 -1.079052128e-02 -1.146052149e-03
    endloop
  endfacet
  facet normal -1.000000000e+00 -1.904867095e-04 1.457708095e-05
    outer loop
      vertex -9.997961111e-03 -1.079052128e-02 -1.146052149e-03
      vertex -9.998857044e-03 -6.001904607e-03 3.192853271e-08
      vertex -9.998923168e-03 -5.779378116e-03 -1.618744573e-03
    endloop
  endfacet
  facet normal -1.000000000e+00 -1.904867095e-04 1.457708095e-05
    outer loop
      vertex -9.999396279e-03 -2.762395889e-03 5.327404942e-03
      vertex -9.999155998e-03 -4.097306635e-03 4.385083914e-03
      vertex -9.998694994e-03 -6.202065852e-03 8.500028402e-03
    endloop
  endfacet
  facet normal -1.000000000e+00 -1.904867095e-04 1.457708095e-05
    outer loop
      vertex -9.998694994e-03 -6.202065852e-03 8.500028402e-03
      vertex -9.999155998e-03 -4.097306635e-03 4.385083914e-03
      vertex -9.998978116e-03 -5.128480028e-03 3.117552260e-03
    endloop
  endfacet
  facet normal -1.000000000e+00 -1.904867095e-04 1.457708095e-05
    outer loop
      vertex -9.998694994e-03 -6.202065852e-03 8.500028402e-03
      vertex -9.998978116e-03 -5.128480028e-03 3.117552260e-03
      vertex -9.997890331e-03 -1.100192312e-02 9.999374161e-04
    endloop
  endfacet
  facet normal -1.000000000e+00 -1.904867095e-04 1.457708095e-05
    outer loop
      vertex -9.997890331e-03 -1.100192312e-02 9.999374161e-04
      vertex -9.998978116e-03 -5.128480028e-03 3.117552260e-03
      vertex -9.998875670e-03 -5.779439118e-03 1.618816983e-03
    endloop
  endfacet
  facet normal -1.000000000e+00 -1.904867095e-04 1.457708095e-05
    outer loop
      vertex -9.997890331e-03 -1.100192312e-02 9.999374161e-04
      vertex -9.998875670e-03 -5.779439118e-03 1.618816983e-03
      vertex -9.998857044e-03 -6.001904607e-03 3.192853271e-08
    endloop
  endfacet
  facet normal -1.000000000e+00 -1.904867095e-04 1.457708095e-05
    outer loop
      vertex -9.999551810e-03 -2.762194257e-03 -5.327217747e-03
      vertex -9.999332018e-03 -4.211249296e-03 -9.162609465e-03
      vertex -9.998954833e-03 -6.113023032e-03 -8.146135136e-03
    endloop
  endfacet
  facet normal -1.000000000e+00 -1.904867095e-04 1.457708095e-05
    outer loop
      vertex -9.999551810e-03 -2.762194257e-03 -5.327217747e-03
      vertex -9.998954833e-03 -6.113023032e-03 -8.146135136e-03
      vertex -9.999283589e-03 -4.097140394e-03 -4.384947475e-03
    endloop
  endfacet
  facet normal -1.000000000e+00 -1.904867095e-04 1.457708095e-05
    outer loop
      vertex -9.999283589e-03 -4.097140394e-03 -4.384947475e-03
      vertex -9.998954833e-03 -6.113023032e-03 -8.146135136e-03
      vertex -9.998616762e-03 -7.779951207e-03 -6.778176408e-03
    endloop
  endfacet
  facet normal -1.000000000e+00 -1.904867095e-04 1.457708095e-05
    outer loop
      vertex -9.999283589e-03 -4.097140394e-03 -4.384947475e-03
      vertex -9.998616762e-03 -7.779951207e-03 -6.778176408e-03
      vertex -9.999068454e-03 -5.128362216e-03 -3.117455170e-03
    endloop
  endfacet
  facet normal -1.000000000e+00 -1.904867095e-04 1.457708095e-05
    outer loop
      vertex -9.999068454e-03 -5.128362216e-03 -3.117455170e-03
      vertex -9.998616762e-03 -7.779951207e-03 -6.778176408e-03
      vertex -9.998331778e-03 -9.147973731e-03 -5.111299455e-03
    endloop
  endfacet
  facet normal -1.000000000e+00 -1.904867095e-04 1.457708095e-05
    outer loop
      vertex -9.999068454e-03 -5.128362216e-03 -3.117455170e-03
      vertex -9.998331778e-03 -9.147973731e-03 -5.111299455e-03
      vertex -9.998923168e-03 -5.779378116e-03 -1.618744573e-03
    endloop
  endfacet
  facet normal -1.000000000e+00 -1.904867095e-04 1.457708095e-05
    outer loop
      vertex -9.998923168e-03 -5.779378116e-03 -1.618744573e-03
      vertex -9.998331778e-03 -9.147973731e-03 -5.111299455e-03
      vertex -9.998111054e-03 -1.016451884e-02 -3.209564369e-03
    endloop
  endfacet
  facet normal -1.000000000e+00 -1.904867095e-04 1.457708095e-05
    outer loop
      vertex -9.998923168e-03 -5.779378116e-03 -1.618744573e-03
      vertex -9.998111054e-03 -1.016451884e-02 -3.209564369e-03
      vertex -9.997961111e-03 -1.079052128e-02 -1.146052149e-03
    endloop
  endfacet
  facet normal -1.000000000e+00 -1.904867095e-04 1.457708095e-05
    outer loop
      vertex -1.000083145e-02 4.652291071e-03 3.786761547e-03
      vertex -1.000058744e-02 3.458084306e-03 4.902030807e-03
      vertex -1.000105683e-02 6.197934039e-03 8.500263095e-03
    endloop
  endfacet
  facet normal -1.000000000e+00 -1.904867095e-04 1.457708095e-05
    outer loop
      vertex -1.000105683e-02 6.197934039e-03 8.500263095e-03
      vertex -1.000058744e-02 3.458084306e-03 4.902030807e-03
      vertex -1.000029966e-02 2.007265808e-03 5.653749220e-03
    endloop
  endfacet
  facet normal -1.000000000e+00 -1.904867095e-04 1.457708095e-05
    outer loop
      vertex -1.000105683e-02 6.197934039e-03 8.500263095e-03
      vertex -1.000029966e-02 2.007265808e-03 5.653749220e-03
      vertex -9.998694994e-03 -6.202065852e-03 8.500028402e-03
    endloop
  endfacet
  facet normal -1.000000000e+00 -1.904867095e-04 1.457708095e-05
    outer loop
      vertex -9.998694994e-03 -6.202065852e-03 8.500028402e-03
      vertex -1.000029966e-02 2.007265808e-03 5.653749220e-03
      vertex -9.999990463e-03 4.074362514e-04 5.986166187e-03
    endloop
  endfacet
  facet normal -1.000000000e+00 -1.904867095e-04 1.457708095e-05
    outer loop
      vertex -9.998694994e-03 -6.202065852e-03 8.500028402e-03
      vertex -9.999990463e-03 4.074362514e-04 5.986166187e-03
      vertex -9.999681264e-03 -1.222752151e-03 5.874627270e-03
    endloop
  endfacet
  facet normal -1.000000000e+00 -1.904867095e-04 1.457708095e-05
    outer loop
      vertex -9.999332018e-03 -4.211249296e-03 -9.162609465e-03
      vertex -9.999551810e-03 -2.762194257e-03 -5.327217747e-03
      vertex -9.999733418e-03 -2.147712978e-03 -9.788532741e-03
    endloop
  endfacet
  facet normal -1.000000000e+00 -1.904867095e-04 1.457708095e-05
    outer loop
      vertex -9.999733418e-03 -2.147712978e-03 -9.788532741e-03
      vertex -9.999551810e-03 -2.762194257e-03 -5.327217747e-03
      vertex -9.999852628e-03 -1.222529681e-03 -5.874382332e-03
    endloop
  endfacet
  facet normal -1.000000000e+00 -1.904867095e-04 1.457708095e-05
    outer loop
      vertex -9.999733418e-03 -2.147712978e-03 -9.788532741e-03
      vertex -9.999852628e-03 -1.222529681e-03 -5.874382332e-03
      vertex -1.000014599e-02 -1.715474355e-06 -9.999854490e-03
    endloop
  endfacet
  facet normal -1.000000000e+00 -1.904867095e-04 1.457708095e-05
    outer loop
      vertex -1.000014599e-02 -1.715474355e-06 -9.999854490e-03
      vertex -9.999852628e-03 -1.222529681e-03 -5.874382332e-03
      vertex -1.000016555e-02 4.076629702e-04 -5.985858850e-03
    endloop
  endfacet
  facet normal -1.000000000e+00 -1.904867095e-04 1.457708095e-05
    outer loop
      vertex -1.000014599e-02 -1.715474355e-06 -9.999854490e-03
      vertex -1.000016555e-02 4.076629702e-04 -5.985858850e-03
      vertex -1.000055112e-02 2.144274069e-03 -9.788451716e-03
    endloop
  endfacet
  facet normal -1.000000000e+00 -1.904867095e-04 1.457708095e-05
    outer loop
      vertex -1.000055112e-02 2.144274069e-03 -9.788451716e-03
      vertex -1.000016555e-02 4.076629702e-04 -5.985858850e-03
      vertex -1.000046544e-02 2.007479779e-03 -5.653381813e-03
    endloop
  endfacet
  facet normal -1.000000000e+00 -1.904867095e-04 1.457708095e-05
    outer loop
      vertex -1.000055112e-02 2.144274069e-03 -9.788451716e-03
      vertex -1.000046544e-02 2.007479779e-03 -5.653381813e-03
      vertex -1.000093482e-02 4.207786638e-03 -9.162450209e-03
    endloop
  endfacet
  facet normal -1.000000000e+00 -1.904867095e-04 1.457708095e-05
    outer loop
      vertex -1.000083145e-02 4.652291071e-03 3.786761547e-03
      vertex -1.000105683e-02 6.197934039e-03 8.500263095e-03
      vertex -1.000101306e-02 5.501317792e-03 2.390656387e-03
    endloop
  endfacet
  facet normal -1.000000000e+00 -1.904867095e-04 1.457708095e-05
    outer loop
      vertex -1.000101306e-02 5.501317792e-03 2.390656387e-03
      vertex -1.000105683e-02 6.197934039e-03 8.500263095e-03
      vertex -1.000208035e-02 1.099807583e-02 1.000354066e-03
    endloop
  endfacet
  facet normal -1.000000000e+00 -1.904867095e-04 1.457708095e-05
    outer loop
      vertex -1.000101306e-02 5.501317792e-03 2.390656387e-03
      vertex -1.000208035e-02 1.099807583e-02 1.000354066e-03
      vertex -1.000112016e-02 5.942195188e-03 8.172583184e-04
    endloop
  endfacet
  facet normal -1.000000000e+00 -1.904867095e-04 1.457708095e-05
    outer loop
      vertex -1.000093482e-02 4.207786638e-03 -9.162450209e-03
      vertex -1.000046544e-02 2.007479779e-03 -5.653381813e-03
      vertex -1.000128314e-02 6.109521724e-03 -8.145904168e-03
    endloop
  endfacet
  facet normal -1.000000000e+00 -1.904867095e-04 1.457708095e-05
    outer loop
      vertex -1.000128314e-02 6.109521724e-03 -8.145904168e-03
      vertex -1.000046544e-02 2.007479779e-03 -5.653381813e-03
      vertex -1.000072993e-02 3.458269872e-03 -4.901608452e-03
    endloop
  endfacet
  facet normal -1.000000000e+00 -1.904867095e-04 1.457708095e-05
    outer loop
      vertex -1.000128314e-02 6.109521724e-03 -8.145904168e-03
      vertex -1.000072993e-02 3.458269872e-03 -4.901608452e-03
      vertex -1.000158023e-02 7.776398212e-03 -6.777881645e-03
    endloop
  endfacet
  facet normal -1.000000000e+00 -1.904867095e-04 1.457708095e-05
    outer loop
      vertex -1.000158023e-02 7.776398212e-03 -6.777881645e-03
      vertex -1.000072993e-02 3.458269872e-03 -4.901608452e-03
      vertex -1.000094134e-02 4.652434494e-03 -3.786293790e-03
    endloop
  endfacet
  facet normal -1.000000000e+00 -1.904867095e-04 1.457708095e-05
    outer loop
      vertex -1.000158023e-02 7.776398212e-03 -6.777881645e-03
      vertex -1.000094134e-02 4.652434494e-03 -3.786293790e-03
      vertex -1.000181679e-02 9.144357406e-03 -5.110953003e-03
    endloop
  endfacet
  facet normal -1.000000000e+00 -1.904867095e-04 1.457708095e-05
    outer loop
      vertex -1.000181679e-02 9.144357406e-03 -5.110953003e-03
      vertex -1.000094134e-02 4.652434494e-03 -3.786293790e-03
      vertex -1.000108290e-02 5.501408130e-03 -2.390156733e-03
    endloop
  endfacet
  facet normal -1.000000000e+00 -1.904867095e-04 1.457708095e-05
    outer loop
      vertex -1.000181679e-02 9.144357406e-03 -5.110953003e-03
      vertex -1.000108290e-02 5.501408130e-03 -2.390156733e-03
      vertex -1.000198256e-02 1.016083080e-02 -3.209179267e-03
    endloop
  endfacet
  facet normal -1.000000000e+00 -1.904867095e-04 1.457708095e-05
    outer loop
      vertex -1.000198256e-02 1.016083080e-02 -3.209179267e-03
      vertex -1.000108290e-02 5.501408130e-03 -2.390156733e-03
      vertex -1.000114437e-02 5.942225922e-03 -8.167417836e-04
    endloop
  endfacet
  facet normal -1.000000000e+00 -1.904867095e-04 1.457708095e-05
    outer loop
      vertex -1.000198256e-02 1.016083080e-02 -3.209179267e-03
      vertex -1.000114437e-02 5.942225922e-03 -8.167417836e-04
      vertex -1.000207197e-02 1.078675501e-02 -1.145643415e-03
    endloop
  endfacet
  facet normal -1.000000000e+00 -1.904867095e-04 1.457708095e-05
    outer loop
      vertex -1.000207197e-02 1.078675501e-02 -1.145643415e-03
      vertex -1.000114437e-02 5.942225922e-03 -8.167417836e-04
      vertex -1.000208035e-02 1.099807583e-02 1.000354066e-03
    endloop
  endfacet
  facet normal -1.000000000e+00 -1.904867095e-04 1.457708095e-05
    outer loop
      vertex -1.000208035e-02 1.099807583e-02 1.000354066e-03
      vertex -1.000114437e-02 5.942225922e-03 -8.167417836e-04
      vertex -1.000114251e-02 5.998095032e-03 2.592331043e-07
    endloop
  endfacet
  facet normal -1.000000000e+00 -1.904867095e-04 1.457708095e-05
    outer loop
      vertex -1.000208035e-02 1.099807583e-02 1.000354066e-03
      vertex -1.000114251e-02 5.998095032e-03 2.592331043e-07
      vertex -1.000112016e-02 5.942195188e-03 8.172583184e-04
    endloop
  endfacet
  facet normal 1.904864330e-04 -1.000000000e+00 -1.894204797e-05
    outer loop
      vertex 4.780258052e-03 -1.099947747e-02 2.047349699e-02
      vertex 5.002371967e-03 -1.099940669e-02 1.899971813e-02
      vertex 1.000237186e-02 -1.099845488e-02 1.899964549e-02
    endloop
  endfacet
  facet normal 1.904864330e-04 -1.000000000e+00 -1.894204797e-05
    outer loop
      vertex 1.000237186e-02 -1.099845488e-02 1.899964549e-02
      vertex 5.002371967e-03 -1.099940669e-02 1.899971813e-02
      vertex 4.780215211e-03 -1.099942159e-02 1.752594672e-02
    endloop
  endfacet
  facet normal 1.904864330e-04 -1.000000000e+00 -1.894204797e-05
    outer loop
      vertex 1.000237186e-02 -1.099845488e-02 1.899964549e-02
      vertex 4.780215211e-03 -1.099942159e-02 1.752594672e-02
      vertex 1.000210922e-02 -1.099811401e-02 9.996457957e-04
    endloop
  endfacet
  facet normal 1.904864330e-04 -1.000000000e+00 -1.894204797e-05
    outer loop
      vertex 1.000210922e-02 -1.099811401e-02 9.996457957e-04
      vertex 4.780215211e-03 -1.099942159e-02 1.752594672e-02
      vertex 4.133525304e-03 -1.099951938e-02 1.618313044e-02
    endloop
  endfacet
  facet normal 1.904864330e-04 -1.000000000e+00 -1.894204797e-05
    outer loop
      vertex 1.000210922e-02 -1.099811401e-02 9.996457957e-04
      vertex 4.133525304e-03 -1.099951938e-02 1.618313044e-02
      vertex 3.119764617e-03 -1.099969167e-02 1.509058941e-02
    endloop
  endfacet
  facet normal 1.904864330e-04 -1.000000000e+00 -1.894204797e-05
    outer loop
      vertex 3.760952095e-04 -1.100038271e-02 2.398580499e-02
      vertex -1.042767661e-03 -1.100074686e-02 2.894502506e-02
      vertex -1.110161305e-03 -1.100066397e-02 2.387444675e-02
    endloop
  endfacet
  facet normal 1.904864330e-04 -1.000000000e+00 -1.894204797e-05
    outer loop
      vertex -1.110161305e-03 -1.100066397e-02 2.387444675e-02
      vertex -1.042767661e-03 -1.100074686e-02 2.894502506e-02
      vertex -3.087658901e-03 -1.100112870e-02 2.851040103e-02
    endloop
  endfacet
  facet normal 1.904864330e-04 -1.000000000e+00 -1.894204797e-05
    outer loop
      vertex -1.110161305e-03 -1.100066397e-02 2.387444675e-02
      vertex -3.087658901e-03 -1.100112870e-02 2.851040103e-02
      vertex -2.497564536e-03 -1.100091822e-02 2.332995459e-02
    endloop
  endfacet
  facet normal 1.904864330e-04 -1.000000000e+00 -1.894204797e-05
    outer loop
      vertex -2.497564536e-03 -1.100091822e-02 2.332995459e-02
      vertex -3.087658901e-03 -1.100112870e-02 2.851040103e-02
      vertex -4.997501150e-03 -1.100147609e-02 2.766011842e-02
    endloop
  endfacet
  facet normal 1.904864330e-04 -1.000000000e+00 -1.894204797e-05
    outer loop
      vertex -2.497564536e-03 -1.100091822e-02 2.332995459e-02
      vertex -4.997501150e-03 -1.100147609e-02 2.766011842e-02
      vertex -3.662837204e-03 -1.100112218e-02 2.240070701e-02
    endloop
  endfacet
  facet normal 1.904864330e-04 -1.000000000e+00 -1.894204797e-05
    outer loop
      vertex 3.119764617e-03 -1.099969167e-02 1.509058941e-02
      vertex 1.829009620e-03 -1.099992357e-02 1.434539631e-02
      vertex 1.000210922e-02 -1.099811401e-02 9.996457957e-04
    endloop
  endfacet
  facet normal 1.904864330e-04 -1.000000000e+00 -1.894204797e-05
    outer loop
      vertex 1.000210922e-02 -1.099811401e-02 9.996457957e-04
      vertex 1.829009620e-03 -1.099992357e-02 1.434539631e-02
      vertex 3.759498068e-04 -1.100019366e-02 1.401376724e-02
    endloop
  endfacet
  facet normal 1.904864330e-04 -1.000000000e+00 -1.894204797e-05
    outer loop
      vertex 1.000210922e-02 -1.099811401e-02 9.996457957e-04
      vertex 3.759498068e-04 -1.100019366e-02 1.401376724e-02
      vertex -9.997890331e-03 -1.100192312e-02 9.999374161e-04
    endloop
  endfacet
  facet normal 1.904864330e-04 -1.000000000e+00 -1.894204797e-05
    outer loop
      vertex -9.997890331e-03 -1.100192312e-02 9.999374161e-04
      vertex 3.759498068e-04 -1.100019366e-02 1.401376724e-02
      vertex -1.110303449e-03 -1.100047957e-02 1.412516832e-02
    endloop
  endfacet
  facet normal 1.904864330e-04 -1.000000000e+00 -1.894204797e-05
    outer loop
      vertex -9.997890331e-03 -1.100192312e-02 9.999374161e-04
      vertex -1.110303449e-03 -1.100047957e-02 1.412516832e-02
      vertex -2.497690963e-03 -1.100075338e-02 1.466970146e-02
    endloop
  endfacet
  facet normal 1.904864330e-04 -1.000000000e+00 -1.894204797e-05
    outer loop
      vertex -2.497690963e-03 -1.100075338e-02 1.466970146e-02
      vertex -3.662936389e-03 -1.100099366e-02 1.559898164e-02
      vertex -9.997890331e-03 -1.100192312e-02 9.999374161e-04
    endloop
  endfacet
  facet normal 1.904864330e-04 -1.000000000e+00 -1.894204797e-05
    outer loop
      vertex -9.997890331e-03 -1.100192312e-02 9.999374161e-04
      vertex -3.662936389e-03 -1.100099366e-02 1.559898164e-02
      vertex -4.502503667e-03 -1.100117620e-02 1.683043875e-02
    endloop
  endfacet
  facet normal 1.904864330e-04 -1.000000000e+00 -1.894204797e-05
    outer loop
      vertex -9.997890331e-03 -1.100192312e-02 9.999374161e-04
      vertex -4.502503667e-03 -1.100117620e-02 1.683043875e-02
      vertex -9.997627698e-03 -1.100226492e-02 1.899993792e-02
    endloop
  endfacet
  facet normal 1.904864330e-04 -1.000000000e+00 -1.894204797e-05
    outer loop
      vertex 1.000237186e-02 -1.099845488e-02 1.899964549e-02
      vertex 9.783877991e-03 -1.099853590e-02 2.107876539e-02
      vertex 4.780258052e-03 -1.099947747e-02 2.047349699e-02
    endloop
  endfacet
  facet normal 1.904864330e-04 -1.000000000e+00 -1.894204797e-05
    outer loop
      vertex 4.780258052e-03 -1.099947747e-02 2.047349699e-02
      vertex 9.783877991e-03 -1.099853590e-02 2.107876539e-02
      vertex 9.137886576e-03 -1.099869609e-02 2.306702361e-02
    endloop
  endfacet
  facet normal 1.904864330e-04 -1.000000000e+00 -1.894204797e-05
    outer loop
      vertex 4.780258052e-03 -1.099947747e-02 2.047349699e-02
      vertex 9.137886576e-03 -1.099869609e-02 2.306702361e-02
      vertex 4.133607261e-03 -1.099962555e-02 2.181633003e-02
    endloop
  endfacet
  facet normal 1.904864330e-04 -1.000000000e+00 -1.894204797e-05
    outer loop
      vertex 4.133607261e-03 -1.099962555e-02 2.181633003e-02
      vertex 9.137886576e-03 -1.099869609e-02 2.306702361e-02
      vertex 8.092627861e-03 -1.099892985e-02 2.487752587e-02
    endloop
  endfacet
  facet normal 1.904864330e-04 -1.000000000e+00 -1.894204797e-05
    outer loop
      vertex 4.133607261e-03 -1.099962555e-02 2.181633003e-02
      vertex 8.092627861e-03 -1.099892985e-02 2.487752587e-02
      vertex 3.119878704e-03 -1.099983975e-02 2.290890366e-02
    endloop
  endfacet
  facet normal 1.904864330e-04 -1.000000000e+00 -1.894204797e-05
    outer loop
      vertex -4.997501150e-03 -1.100147609e-02 2.766011842e-02
      vertex -6.688825320e-03 -1.100177504e-02 2.643133700e-02
      vertex -3.662837204e-03 -1.100112218e-02 2.240070701e-02
    endloop
  endfacet
  facet normal 1.904864330e-04 -1.000000000e+00 -1.894204797e-05
    outer loop
      vertex -3.662837204e-03 -1.100112218e-02 2.240070701e-02
      vertex -6.688825320e-03 -1.100177504e-02 2.643133700e-02
      vertex -8.087711409e-03 -1.100201160e-02 2.487776242e-02
    endloop
  endfacet
  facet normal 1.904864330e-04 -1.000000000e+00 -1.894204797e-05
    outer loop
      vertex -3.662837204e-03 -1.100112218e-02 2.240070701e-02
      vertex -8.087711409e-03 -1.100201160e-02 2.487776242e-02
      vertex -4.502440337e-03 -1.100125909e-02 2.116927505e-02
    endloop
  endfacet
  facet normal 1.904864330e-04 -1.000000000e+00 -1.894204797e-05
    outer loop
      vertex -4.502440337e-03 -1.100125909e-02 2.116927505e-02
      vertex -8.087711409e-03 -1.100201160e-02 2.487776242e-02
      vertex -9.133022279e-03 -1.100217644e-02 2.306728996e-02
    endloop
  endfacet
  facet normal 1.904864330e-04 -1.000000000e+00 -1.894204797e-05
    outer loop
      vertex -4.502440337e-03 -1.100125909e-02 2.116927505e-02
      vertex -9.133022279e-03 -1.100217644e-02 2.306728996e-02
      vertex -4.941770807e-03 -1.100131590e-02 1.974507421e-02
    endloop
  endfacet
  facet normal 1.904864330e-04 -1.000000000e+00 -1.894204797e-05
    outer loop
      vertex -4.941770807e-03 -1.100131590e-02 1.974507421e-02
      vertex -9.133022279e-03 -1.100217644e-02 2.306728996e-02
      vertex -9.779073298e-03 -1.100226212e-02 2.107905038e-02
    endloop
  endfacet
  facet normal 1.904864330e-04 -1.000000000e+00 -1.894204797e-05
    outer loop
      vertex -4.941770807e-03 -1.100131590e-02 1.974507421e-02
      vertex -9.779073298e-03 -1.100226212e-02 2.107905038e-02
      vertex -4.997627810e-03 -1.100131217e-02 1.899986342e-02
    endloop
  endfacet
  facet normal 1.904864330e-04 -1.000000000e+00 -1.894204797e-05
    outer loop
      vertex -4.997627810e-03 -1.100131217e-02 1.899986342e-02
      vertex -9.779073298e-03 -1.100226212e-02 2.107905038e-02
      vertex -9.997627698e-03 -1.100226492e-02 1.899993792e-02
    endloop
  endfacet
  facet normal 1.904864330e-04 -1.000000000e+00 -1.894204797e-05
    outer loop
      vertex -4.997627810e-03 -1.100131217e-02 1.899986342e-02
      vertex -9.997627698e-03 -1.100226492e-02 1.899993792e-02
      vertex -4.941792693e-03 -1.100128703e-02 1.825465262e-02
    endloop
  endfacet
  facet normal 1.904864330e-04 -1.000000000e+00 -1.894204797e-05
    outer loop
      vertex -4.941792693e-03 -1.100128703e-02 1.825465262e-02
      vertex -9.997627698e-03 -1.100226492e-02 1.899993792e-02
      vertex -4.502503667e-03 -1.100117620e-02 1.683043875e-02
    endloop
  endfacet
  facet normal 1.904864330e-04 -1.000000000e+00 -1.894204797e-05
    outer loop
      vertex 8.092627861e-03 -1.099892985e-02 2.487752587e-02
      vertex 6.693787407e-03 -1.099922601e-02 2.643114142e-02
      vertex 3.119878704e-03 -1.099983975e-02 2.290890366e-02
    endloop
  endfacet
  facet normal 1.904864330e-04 -1.000000000e+00 -1.894204797e-05
    outer loop
      vertex 3.119878704e-03 -1.099983975e-02 2.290890366e-02
      vertex 6.693787407e-03 -1.099922601e-02 2.643114142e-02
      vertex 5.002498161e-03 -1.099957153e-02 2.765997313e-02
    endloop
  endfacet
  facet normal 1.904864330e-04 -1.000000000e+00 -1.894204797e-05
    outer loop
      vertex 3.119878704e-03 -1.099983975e-02 2.290890366e-02
      vertex 5.002498161e-03 -1.099957153e-02 2.765997313e-02
      vertex 1.829145360e-03 -1.100009959e-02 2.365413308e-02
    endloop
  endfacet
  facet normal 1.904864330e-04 -1.000000000e+00 -1.894204797e-05
    outer loop
      vertex 1.829145360e-03 -1.100009959e-02 2.365413308e-02
      vertex 5.002498161e-03 -1.099957153e-02 2.765997313e-02
      vertex 3.092681058e-03 -1.099995151e-02 2.851031162e-02
    endloop
  endfacet
  facet normal 1.904864330e-04 -1.000000000e+00 -1.894204797e-05
    outer loop
      vertex 1.829145360e-03 -1.100009959e-02 2.365413308e-02
      vertex 3.092681058e-03 -1.099995151e-02 2.851031162e-02
      vertex 3.760952095e-04 -1.100038271e-02 2.398580499e-02
    endloop
  endfacet
  facet normal 1.904864330e-04 -1.000000000e+00 -1.894204797e-05
    outer loop
      vertex 3.760952095e-04 -1.100038271e-02 2.398580499e-02
      vertex 3.092681058e-03 -1.099995151e-02 2.851031162e-02
      vertex 1.047801925e-03 -1.100034919e-02 2.894499525e-02
    endloop
  endfacet
  facet normal 1.904864330e-04 -1.000000000e+00 -1.894204797e-05
    outer loop
      vertex 3.760952095e-04 -1.100038271e-02 2.398580499e-02
      vertex 1.047801925e-03 -1.100034919e-02 2.894499525e-02
      vertex -1.042767661e-03 -1.100074686e-02 2.894502506e-02
    endloop
  endfacet
  facet normal -1.904864330e-04 1.000000000e+00 1.894204797e-05
    outer loop
      vertex -4.506630823e-03 1.099874079e-02 2.116969228e-02
      vertex -4.945961758e-03 1.099868398e-02 1.974549145e-02
      vertex -9.783264250e-03 1.099773683e-02 2.107946761e-02
    endloop
  endfacet
  facet normal -1.904864330e-04 1.000000000e+00 1.894204797e-05
    outer loop
      vertex -9.783264250e-03 1.099773683e-02 2.107946761e-02
      vertex -4.945961758e-03 1.099868398e-02 1.974549145e-02
      vertex -1.000181772e-02 1.099773496e-02 1.900035329e-02
    endloop
  endfacet
  facet normal -1.904864330e-04 1.000000000e+00 1.894204797e-05
    outer loop
      vertex -1.000181772e-02 1.099773496e-02 1.900035329e-02
      vertex -4.945961758e-03 1.099868398e-02 1.974549145e-02
      vertex -4.945983179e-03 1.099871192e-02 1.825506985e-02
    endloop
  endfacet
  facet normal -1.904864330e-04 1.000000000e+00 1.894204797e-05
    outer loop
      vertex -1.000181772e-02 1.099773496e-02 1.900035329e-02
      vertex -4.945983179e-03 1.099871192e-02 1.825506985e-02
      vertex -1.000208035e-02 1.099807583e-02 1.000354066e-03
    endloop
  endfacet
  facet normal -1.904864330e-04 1.000000000e+00 1.894204797e-05
    outer loop
      vertex -1.000208035e-02 1.099807583e-02 1.000354066e-03
      vertex -4.945983179e-03 1.099871192e-02 1.825506985e-02
      vertex -4.506694153e-03 1.099882275e-02 1.683085598e-02
    endloop
  endfacet
  facet normal -1.904864330e-04 1.000000000e+00 1.894204797e-05
    outer loop
      vertex -1.000208035e-02 1.099807583e-02 1.000354066e-03
      vertex -4.506694153e-03 1.099882275e-02 1.683085598e-02
      vertex -3.667127108e-03 1.099900622e-02 1.559939794e-02
    endloop
  endfacet
  facet normal -1.904864330e-04 1.000000000e+00 1.894204797e-05
    outer loop
      vertex -3.667127108e-03 1.099900622e-02 1.559939794e-02
      vertex -2.501881681e-03 1.099924557e-02 1.467011776e-02
      vertex -1.000208035e-02 1.099807583e-02 1.000354066e-03
    endloop
  endfacet
  facet normal -1.904864330e-04 1.000000000e+00 1.894204797e-05
    outer loop
      vertex -1.000208035e-02 1.099807583e-02 1.000354066e-03
      vertex -2.501881681e-03 1.099924557e-02 1.467011776e-02
      vertex -1.114494167e-03 1.099952031e-02 1.412558462e-02
    endloop
  endfacet
  facet normal -1.904864330e-04 1.000000000e+00 1.894204797e-05
    outer loop
      vertex -1.000208035e-02 1.099807583e-02 1.000354066e-03
      vertex -1.114494167e-03 1.099952031e-02 1.412558462e-02
      vertex 9.997918271e-03 1.100188587e-02 1.000062563e-03
    endloop
  endfacet
  facet normal -1.904864330e-04 1.000000000e+00 1.894204797e-05
    outer loop
      vertex 9.997918271e-03 1.100188587e-02 1.000062563e-03
      vertex -1.114494167e-03 1.099952031e-02 1.412558462e-02
      vertex 3.717590880e-04 1.099980529e-02 1.401418354e-02
    endloop
  endfacet
  facet normal -1.904864330e-04 1.000000000e+00 1.894204797e-05
    outer loop
      vertex 9.997918271e-03 1.100188587e-02 1.000062563e-03
      vertex 3.717590880e-04 1.099980529e-02 1.401418354e-02
      vertex 1.824819017e-03 1.100007631e-02 1.434581261e-02
    endloop
  endfacet
  facet normal -1.904864330e-04 1.000000000e+00 1.894204797e-05
    outer loop
      vertex -9.783264250e-03 1.099773683e-02 2.107946761e-02
      vertex -9.137213230e-03 1.099782251e-02 2.306770720e-02
      vertex -4.506630823e-03 1.099874079e-02 2.116969228e-02
    endloop
  endfacet
  facet normal -1.904864330e-04 1.000000000e+00 1.894204797e-05
    outer loop
      vertex -4.506630823e-03 1.099874079e-02 2.116969228e-02
      vertex -9.137213230e-03 1.099782251e-02 2.306770720e-02
      vertex -8.091902360e-03 1.099798735e-02 2.487817965e-02
    endloop
  endfacet
  facet normal -1.904864330e-04 1.000000000e+00 1.894204797e-05
    outer loop
      vertex -4.506630823e-03 1.099874079e-02 2.116969228e-02
      vertex -8.091902360e-03 1.099798735e-02 2.487817965e-02
      vertex -3.667027922e-03 1.099887770e-02 2.240112424e-02
    endloop
  endfacet
  facet normal -1.904864330e-04 1.000000000e+00 1.894204797e-05
    outer loop
      vertex -3.667027922e-03 1.099887770e-02 2.240112424e-02
      vertex -8.091902360e-03 1.099798735e-02 2.487817965e-02
      vertex -6.693015806e-03 1.099822484e-02 2.643175423e-02
    endloop
  endfacet
  facet normal -1.904864330e-04 1.000000000e+00 1.894204797e-05
    outer loop
      vertex -3.667027922e-03 1.099887770e-02 2.240112424e-02
      vertex -6.693015806e-03 1.099822484e-02 2.643175423e-02
      vertex -2.501755254e-03 1.099908166e-02 2.333037183e-02
    endloop
  endfacet
  facet normal -1.904864330e-04 1.000000000e+00 1.894204797e-05
    outer loop
      vertex -2.501755254e-03 1.099908166e-02 2.333037183e-02
      vertex -6.693015806e-03 1.099822484e-02 2.643175423e-02
      vertex -5.001692101e-03 1.099852379e-02 2.766053565e-02
    endloop
  endfacet
  facet normal -1.904864330e-04 1.000000000e+00 1.894204797e-05
    outer loop
      vertex -2.501755254e-03 1.099908166e-02 2.333037183e-02
      vertex -5.001692101e-03 1.099852379e-02 2.766053565e-02
      vertex -1.114351908e-03 1.099933591e-02 2.387486398e-02
    endloop
  endfacet
  facet normal -1.904864330e-04 1.000000000e+00 1.894204797e-05
    outer loop
      vertex 1.824819017e-03 1.100007631e-02 1.434581261e-02
      vertex 3.115573898e-03 1.100030821e-02 1.509100571e-02
      vertex 9.997918271e-03 1.100188587e-02 1.000062563e-03
    endloop
  endfacet
  facet normal -1.904864330e-04 1.000000000e+00 1.894204797e-05
    outer loop
      vertex 9.997918271e-03 1.100188587e-02 1.000062563e-03
      vertex 3.115573898e-03 1.100030821e-02 1.509100571e-02
      vertex 4.129334353e-03 1.100048050e-02 1.618354768e-02
    endloop
  endfacet
  facet normal -1.904864330e-04 1.000000000e+00 1.894204797e-05
    outer loop
      vertex 9.997918271e-03 1.100188587e-02 1.000062563e-03
      vertex 4.129334353e-03 1.100048050e-02 1.618354768e-02
      vertex 9.998180903e-03 1.100154500e-02 1.900006272e-02
    endloop
  endfacet
  facet normal -1.904864330e-04 1.000000000e+00 1.894204797e-05
    outer loop
      vertex -5.001692101e-03 1.099852379e-02 2.766053565e-02
      vertex -3.091849620e-03 1.099887118e-02 2.851081826e-02
      vertex -1.114351908e-03 1.099933591e-02 2.387486398e-02
    endloop
  endfacet
  facet normal -1.904864330e-04 1.000000000e+00 1.894204797e-05
    outer loop
      vertex -1.114351908e-03 1.099933591e-02 2.387486398e-02
      vertex -3.091849620e-03 1.099887118e-02 2.851081826e-02
      vertex -1.046958263e-03 1.099925209e-02 2.894544229e-02
    endloop
  endfacet
  facet normal -1.904864330e-04 1.000000000e+00 1.894204797e-05
    outer loop
      vertex -1.114351908e-03 1.099933591e-02 2.387486398e-02
      vertex -1.046958263e-03 1.099925209e-02 2.894544229e-02
      vertex 3.719044907e-04 1.099961624e-02 2.398622222e-02
    endloop
  endfacet
  facet normal -1.904864330e-04 1.000000000e+00 1.894204797e-05
    outer loop
      vertex 3.719044907e-04 1.099961624e-02 2.398622222e-02
      vertex -1.046958263e-03 1.099925209e-02 2.894544229e-02
      vertex 1.043611206e-03 1.099965069e-02 2.894541062e-02
    endloop
  endfacet
  facet normal -1.904864330e-04 1.000000000e+00 1.894204797e-05
    outer loop
      vertex 3.719044907e-04 1.099961624e-02 2.398622222e-02
      vertex 1.043611206e-03 1.099965069e-02 2.894541062e-02
      vertex 1.824954757e-03 1.099989936e-02 2.365455031e-02
    endloop
  endfacet
  facet normal -1.904864330e-04 1.000000000e+00 1.894204797e-05
    outer loop
      vertex 4.129416775e-03 1.100037340e-02 2.181674726e-02
      vertex 9.133695625e-03 1.100130286e-02 2.306744084e-02
      vertex 4.776067566e-03 1.100052241e-02 2.047391422e-02
    endloop
  endfacet
  facet normal -1.904864330e-04 1.000000000e+00 1.894204797e-05
    outer loop
      vertex 4.776067566e-03 1.100052241e-02 2.047391422e-02
      vertex 9.133695625e-03 1.100130286e-02 2.306744084e-02
      vertex 9.779687971e-03 1.100146398e-02 2.107918262e-02
    endloop
  endfacet
  facet normal -1.904864330e-04 1.000000000e+00 1.894204797e-05
    outer loop
      vertex 4.776067566e-03 1.100052241e-02 2.047391422e-02
      vertex 9.779687971e-03 1.100146398e-02 2.107918262e-02
      vertex 4.998181481e-03 1.100059226e-02 1.900013536e-02
    endloop
  endfacet
  facet normal -1.904864330e-04 1.000000000e+00 1.894204797e-05
    outer loop
      vertex 4.998181481e-03 1.100059226e-02 1.900013536e-02
      vertex 9.779687971e-03 1.100146398e-02 2.107918262e-02
      vertex 9.998180903e-03 1.100154500e-02 1.900006272e-02
    endloop
  endfacet
  facet normal -1.904864330e-04 1.000000000e+00 1.894204797e-05
    outer loop
      vertex 4.998181481e-03 1.100059226e-02 1.900013536e-02
      vertex 9.998180903e-03 1.100154500e-02 1.900006272e-02
      vertex 4.776024260e-03 1.100057829e-02 1.752636395e-02
    endloop
  endfacet
  facet normal -1.904864330e-04 1.000000000e+00 1.894204797e-05
    outer loop
      vertex 4.776024260e-03 1.100057829e-02 1.752636395e-02
      vertex 9.998180903e-03 1.100154500e-02 1.900006272e-02
      vertex 4.129334353e-03 1.100048050e-02 1.618354768e-02
    endloop
  endfacet
  facet normal -1.904864330e-04 1.000000000e+00 1.894204797e-05
    outer loop
      vertex 1.043611206e-03 1.099965069e-02 2.894541062e-02
      vertex 3.088490339e-03 1.100004837e-02 2.851072699e-02
      vertex 1.824954757e-03 1.099989936e-02 2.365455031e-02
    endloop
  endfacet
  facet normal -1.904864330e-04 1.000000000e+00 1.894204797e-05
    outer loop
      vertex 1.824954757e-03 1.099989936e-02 2.365455031e-02
      vertex 3.088490339e-03 1.100004837e-02 2.851072699e-02
      vertex 4.998307675e-03 1.100042835e-02 2.766038850e-02
    endloop
  endfacet
  facet normal -1.904864330e-04 1.000000000e+00 1.894204797e-05
    outer loop
      vertex 1.824954757e-03 1.099989936e-02 2.365455031e-02
      vertex 4.998307675e-03 1.100042835e-02 2.766038850e-02
      vertex 3.115687985e-03 1.100016013e-02 2.290932089e-02
    endloop
  endfacet
  facet normal -1.904864330e-04 1.000000000e+00 1.894204797e-05
    outer loop
      vertex 3.115687985e-03 1.100016013e-02 2.290932089e-02
      vertex 4.998307675e-03 1.100042835e-02 2.766038850e-02
      vertex 6.689596456e-03 1.100077387e-02 2.643155865e-02
    endloop
  endfacet
  facet normal -1.904864330e-04 1.000000000e+00 1.894204797e-05
    outer loop
      vertex 3.115687985e-03 1.100016013e-02 2.290932089e-02
      vertex 6.689596456e-03 1.100077387e-02 2.643155865e-02
      vertex 4.129416775e-03 1.100037340e-02 2.181674726e-02
    endloop
  endfacet
  facet normal -1.904864330e-04 1.000000000e+00 1.894204797e-05
    outer loop
      vertex 4.129416775e-03 1.100037340e-02 2.181674726e-02
      vertex 6.689596456e-03 1.100077387e-02 2.643155865e-02
      vertex 8.088436909e-03 1.100107003e-02 2.487794310e-02
    endloop
  endfacet
  facet normal -1.904864330e-04 1.000000000e+00 1.894204797e-05
    outer loop
      vertex 4.129416775e-03 1.100037340e-02 2.181674726e-02
      vertex 8.088436909e-03 1.100107003e-02 2.487794310e-02
      vertex 9.133695625e-03 1.100130286e-02 2.306744084e-02
    endloop
  endfacet
  facet normal -1.906976395e-04 9.906885028e-01 -1.361478269e-01
    outer loop
      vertex 1.000114251e-02 -5.998095032e-03 -2.596130741e-07
      vertex -9.998857044e-03 -6.001904607e-03 3.192853271e-08
      vertex 1.000112388e-02 -5.775629543e-03 1.618525479e-03
    endloop
  endfacet
  facet normal -1.906976395e-04 9.906885028e-01 -1.361478269e-01
    outer loop
      vertex 1.000112388e-02 -5.775629543e-03 1.618525479e-03
      vertex -9.998857044e-03 -6.001904607e-03 3.192853271e-08
      vertex -9.998875670e-03 -5.779439118e-03 1.618816983e-03
    endloop
  endfacet
  facet normal -1.805252687e-04 9.172188044e-01 -3.983838260e-01
    outer loop
      vertex 1.000112388e-02 -5.775629543e-03 1.618525479e-03
      vertex -9.998875670e-03 -5.779439118e-03 1.618816983e-03
      vertex 1.000102144e-02 -5.124670453e-03 3.117260756e-03
    endloop
  endfacet
  facet normal -1.805252687e-04 9.172188044e-01 -3.983838260e-01
    outer loop
      vertex 1.000102144e-02 -5.124670453e-03 3.117260756e-03
      vertex -9.998875670e-03 -5.779439118e-03 1.618816983e-03
      vertex -9.998978116e-03 -5.128480028e-03 3.117552260e-03
    endloop
  endfacet
  facet normal -1.569641754e-04 7.757232189e-01 -6.310732365e-01
    outer loop
      vertex 1.000102144e-02 -5.124670453e-03 3.117260756e-03
      vertex -9.998978116e-03 -5.128480028e-03 3.117552260e-03
      vertex 1.000084355e-02 -4.093497060e-03 4.384792410e-03
    endloop
  endfacet
  facet normal -1.569641754e-04 7.757232189e-01 -6.310732365e-01
    outer loop
      vertex 1.000084355e-02 -4.093497060e-03 4.384792410e-03
      vertex -9.998978116e-03 -5.128480028e-03 3.117552260e-03
      vertex -9.999155998e-03 -4.097306635e-03 4.385083914e-03
    endloop
  endfacet
  facet normal -1.217617682e-04 5.766957998e-01 -8.169589639e-01
    outer loop
      vertex 1.000084355e-02 -4.093497060e-03 4.384792410e-03
      vertex -9.999155998e-03 -4.097306635e-03 4.385083914e-03
      vertex 1.000060327e-02 -2.758586314e-03 5.327113438e-03
    endloop
  endfacet
  facet normal -1.217617682e-04 5.766957998e-01 -8.169589639e-01
    outer loop
      vertex 1.000060327e-02 -2.758586314e-03 5.327113438e-03
      vertex -9.999155998e-03 -4.097306635e-03 4.385083914e-03
      vertex -9.999396279e-03 -2.762395889e-03 5.327404942e-03
    endloop
  endfacet
  facet normal -7.752883539e-05 3.348974288e-01 -9.422546029e-01
    outer loop
      vertex 1.000060327e-02 -2.758586314e-03 5.327113438e-03
      vertex -9.999396279e-03 -2.762395889e-03 5.327404942e-03
      vertex 1.000031736e-02 -1.218942460e-03 5.874335766e-03
    endloop
  endfacet
  facet normal -7.752883539e-05 3.348974288e-01 -9.422546029e-01
    outer loop
      vertex 1.000031736e-02 -1.218942460e-03 5.874335766e-03
      vertex -9.999396279e-03 -2.762395889e-03 5.327404942e-03
      vertex -9.999681264e-03 -1.222752151e-03 5.874627270e-03
    endloop
  endfacet
  facet normal -2.754594971e-05 6.826129556e-02 -9.976674914e-01
    outer loop
      vertex 1.000031736e-02 -1.218942460e-03 5.874335766e-03
      vertex -9.999681264e-03 -1.222752151e-03 5.874627270e-03
      vertex 1.000000909e-02 4.112459719e-04 5.985874683e-03
    endloop
  endfacet
  facet normal -2.754594971e-05 6.826129556e-02 -9.976674914e-01
    outer loop
      vertex 1.000000909e-02 4.112459719e-04 5.985874683e-03
      vertex -9.999681264e-03 -1.222752151e-03 5.874627270e-03
      vertex -9.999990463e-03 4.074362514e-04 5.986166187e-03
    endloop
  endfacet
  facet normal 2.447987936e-05 -2.034374177e-01 -9.790879488e-01
    outer loop
      vertex 1.000000909e-02 4.112459719e-04 5.985874683e-03
      vertex -9.999990463e-03 4.074362514e-04 5.986166187e-03
      vertex 9.999698959e-03 2.011075383e-03 5.653457716e-03
    endloop
  endfacet
  facet normal 2.447987936e-05 -2.034374177e-01 -9.790879488e-01
    outer loop
      vertex 9.999698959e-03 2.011075383e-03 5.653457716e-03
      vertex -9.999990463e-03 4.074362514e-04 5.986166187e-03
      vertex -1.000029966e-02 2.007265808e-03 5.653749220e-03
    endloop
  endfacet
  facet normal 7.469017146e-05 -4.600481987e-01 -8.878939152e-01
    outer loop
      vertex 9.999698959e-03 2.011075383e-03 5.653457716e-03
      vertex -1.000029966e-02 2.007265808e-03 5.653749220e-03
      vertex 9.999412112e-03 3.461893881e-03 4.901739303e-03
    endloop
  endfacet
  facet normal 7.469017146e-05 -4.600481987e-01 -8.878939152e-01
    outer loop
      vertex 9.999412112e-03 3.461893881e-03 4.901739303e-03
      vertex -1.000029966e-02 2.007265808e-03 5.653749220e-03
      vertex -1.000058744e-02 3.458084306e-03 4.902030807e-03
    endloop
  endfacet
  facet normal 1.193610224e-04 -6.825392842e-01 -7.308489084e-01
    outer loop
      vertex 9.999412112e-03 3.461893881e-03 4.901739303e-03
      vertex -1.000058744e-02 3.458084306e-03 4.902030807e-03
      vertex 9.999168105e-03 4.656100646e-03 3.786470043e-03
    endloop
  endfacet
  facet normal 1.193610224e-04 -6.825392842e-01 -7.308489084e-01
    outer loop
      vertex 9.999168105e-03 4.656100646e-03 3.786470043e-03
      vertex -1.000058744e-02 3.458084306e-03 4.902030807e-03
      vertex -1.000083145e-02 4.652291071e-03 3.786761547e-03
    endloop
  endfacet
  facet normal 1.551794121e-04 -8.544095159e-01 -5.196001530e-01
    outer loop
      vertex 9.999168105e-03 4.656100646e-03 3.786470043e-03
      vertex -1.000083145e-02 4.652291071e-03 3.786761547e-03
      vertex 9.998985566e-03 5.505127367e-03 2.390364883e-03
    endloop
  endfacet
  facet normal 1.551794121e-04 -8.544095159e-01 -5.196001530e-01
    outer loop
      vertex 9.998985566e-03 5.505127367e-03 2.390364883e-03
      vertex -1.000083145e-02 4.652291071e-03 3.786761547e-03
      vertex -1.000101306e-02 5.501317792e-03 2.390656387e-03
    endloop
  endfacet
  facet normal 1.794888667e-04 -9.629122019e-01 -2.698148787e-01
    outer loop
      vertex 9.998985566e-03 5.505127367e-03 2.390364883e-03
      vertex -1.000101306e-02 5.501317792e-03 2.390656387e-03
      vertex 9.998879395e-03 5.946004763e-03 8.169668145e-04
    endloop
  endfacet
  facet normal 1.794888667e-04 -9.629122019e-01 -2.698148787e-01
    outer loop
      vertex 9.998879395e-03 5.946004763e-03 8.169668145e-04
      vertex -1.000101306e-02 5.501317792e-03 2.390656387e-03
      vertex -1.000112016e-02 5.942195188e-03 8.172583184e-04
    endloop
  endfacet
  facet normal 1.890473359e-04 -9.976674318e-01 -6.826147437e-02
    outer loop
      vertex 9.998879395e-03 5.946004763e-03 8.169668145e-04
      vertex -1.000112016e-02 5.942195188e-03 8.172583184e-04
      vertex 9.998856112e-03 6.001904607e-03 -3.230850609e-08
    endloop
  endfacet
  facet normal 1.890473359e-04 -9.976674318e-01 -6.826147437e-02
    outer loop
      vertex 9.998856112e-03 6.001904607e-03 -3.230850609e-08
      vertex -1.000112016e-02 5.942195188e-03 8.172583184e-04
      vertex -1.000114251e-02 5.998095032e-03 2.592331043e-07
    endloop
  endfacet
  facet normal 1.910373830e-04 -9.976700544e-01 6.822369993e-02
    outer loop
      vertex 9.998856112e-03 6.001904607e-03 -3.230850609e-08
      vertex -1.000114251e-02 5.998095032e-03 2.592331043e-07
      vertex 9.998855181e-03 5.946035963e-03 -8.170332876e-04
    endloop
  endfacet
  facet normal 1.910373830e-04 -9.976700544e-01 6.822369993e-02
    outer loop
      vertex 9.998855181e-03 5.946035963e-03 -8.170332876e-04
      vertex -1.000114251e-02 5.998095032e-03 2.592331043e-07
      vertex -1.000114437e-02 5.942225922e-03 -8.167417836e-04
    endloop
  endfacet
  facet normal 1.873565052e-04 -9.629223943e-01 2.697783709e-01
    outer loop
      vertex 9.998855181e-03 5.946035963e-03 -8.170332876e-04
      vertex -1.000114437e-02 5.942225922e-03 -8.167417836e-04
      vertex 9.998916648e-03 5.505218171e-03 -2.390448237e-03
    endloop
  endfacet
  facet normal 1.873565052e-04 -9.629223943e-01 2.697783709e-01
    outer loop
      vertex 9.998916648e-03 5.505218171e-03 -2.390448237e-03
      vertex -1.000114437e-02 5.942225922e-03 -8.167417836e-04
      vertex -1.000108290e-02 5.501408130e-03 -2.390156733e-03
    endloop
  endfacet
  facet normal 1.703311864e-04 -8.544291854e-01 5.195678473e-01
    outer loop
      vertex 9.998916648e-03 5.505218171e-03 -2.390448237e-03
      vertex -1.000108290e-02 5.501408130e-03 -2.390156733e-03
      vertex 9.999057278e-03 4.656244069e-03 -3.786585294e-03
    endloop
  endfacet
  facet normal 1.703311864e-04 -8.544291854e-01 5.195678473e-01
    outer loop
      vertex 9.999057278e-03 4.656244069e-03 -3.786585294e-03
      vertex -1.000108290e-02 5.501408130e-03 -2.390156733e-03
      vertex -1.000094134e-02 4.652434494e-03 -3.786293790e-03
    endloop
  endfacet
  facet normal 1.406732190e-04 -6.825670004e-01 7.308229804e-01
    outer loop
      vertex 9.999057278e-03 4.656244069e-03 -3.786585294e-03
      vertex -1.000094134e-02 4.652434494e-03 -3.786293790e-03
      vertex 9.999268688e-03 3.462079680e-03 -4.901899956e-03
    endloop
  endfacet
  facet normal 1.406732190e-04 -6.825670004e-01 7.308229804e-01
    outer loop
      vertex 9.999268688e-03 3.462079680e-03 -4.901899956e-03
      vertex -1.000094134e-02 4.652434494e-03 -3.786293790e-03
      vertex -1.000072993e-02 3.458269872e-03 -4.901608452e-03
    endloop
  endfacet
  facet normal 1.005820959e-04 -4.600816965e-01 8.878765702e-01
    outer loop
      vertex 9.999268688e-03 3.462079680e-03 -4.901899956e-03
      vertex -1.000072993e-02 3.458269872e-03 -4.901608452e-03
      vertex 9.999534115e-03 2.011289587e-03 -5.653673317e-03
    endloop
  endfacet
  facet normal 1.005820959e-04 -4.600816965e-01 8.878765702e-01
    outer loop
      vertex 9.999534115e-03 2.011289587e-03 -5.653673317e-03
      vertex -1.000072993e-02 3.458269872e-03 -4.901608452e-03
      vertex -1.000046544e-02 2.007479779e-03 -5.653381813e-03
    endloop
  endfacet
  facet normal 5.303129728e-05 -2.034743726e-01 9.790802598e-01
    outer loop
      vertex 9.999534115e-03 2.011289587e-03 -5.653673317e-03
      vertex -1.000046544e-02 2.007479779e-03 -5.653381813e-03
      vertex 9.999834001e-03 4.114727199e-04 -5.986150354e-03
    endloop
  endfacet
  facet normal 5.303129728e-05 -2.034743726e-01 9.790802598e-01
    outer loop
      vertex 9.999834001e-03 4.114727199e-04 -5.986150354e-03
      vertex -1.000046544e-02 2.007479779e-03 -5.653381813e-03
      vertex -1.000016555e-02 4.076629702e-04 -5.985858850e-03
    endloop
  endfacet
  facet normal 1.547541956e-06 6.822300702e-02 9.976701140e-01
    outer loop
      vertex 9.999834001e-03 4.114727199e-04 -5.986150354e-03
      vertex -1.000016555e-02 4.076629702e-04 -5.985858850e-03
      vertex 1.000014599e-02 -1.218719874e-03 -5.874673836e-03
    endloop
  endfacet
  facet normal 1.547541956e-06 6.822300702e-02 9.976701140e-01
    outer loop
      vertex 1.000014599e-02 -1.218719874e-03 -5.874673836e-03
      vertex -1.000016555e-02 4.076629702e-04 -5.985858850e-03
      vertex -9.999852628e-03 -1.222529681e-03 -5.874382332e-03
    endloop
  endfacet
  facet normal -5.005128332e-05 3.348621428e-01 9.422671199e-01
    outer loop
      vertex 1.000014599e-02 -1.218719874e-03 -5.874673836e-03
      vertex -9.999852628e-03 -1.222529681e-03 -5.874382332e-03
      vertex 1.000044774e-02 -2.758384449e-03 -5.327509250e-03
    endloop
  endfacet
  facet normal -5.005128332e-05 3.348621428e-01 9.422671199e-01
    outer loop
      vertex 1.000044774e-02 -2.758384449e-03 -5.327509250e-03
      vertex -9.999852628e-03 -1.222529681e-03 -5.874382332e-03
      vertex -9.999551810e-03 -2.762194257e-03 -5.327217747e-03
    endloop
  endfacet
  facet normal -9.793779464e-05 5.766648650e-01 8.169807792e-01
    outer loop
      vertex 1.000044774e-02 -2.758384449e-03 -5.327509250e-03
      vertex -9.999551810e-03 -2.762194257e-03 -5.327217747e-03
      vertex 1.000071596e-02 -4.093330819e-03 -4.385238979e-03
    endloop
  endfacet
  facet normal -9.793779464e-05 5.766648650e-01 8.169807792e-01
    outer loop
      vertex 1.000071596e-02 -4.093330819e-03 -4.385238979e-03
      vertex -9.999551810e-03 -2.762194257e-03 -5.327217747e-03
      vertex -9.999283589e-03 -4.097140394e-03 -4.384947475e-03
    endloop
  endfacet
  facet normal -1.385607611e-04 7.756992579e-01 6.311027408e-01
    outer loop
      vertex 1.000071596e-02 -4.093330819e-03 -4.385238979e-03
      vertex -9.999283589e-03 -4.097140394e-03 -4.384947475e-03
      vertex 1.000093017e-02 -5.124552175e-03 -3.117746674e-03
    endloop
  endfacet
  facet normal -1.385607611e-04 7.756992579e-01 6.311027408e-01
    outer loop
      vertex 1.000093017e-02 -5.124552175e-03 -3.117746674e-03
      vertex -9.999283589e-03 -4.097140394e-03 -4.384947475e-03
      vertex -9.999068454e-03 -5.128362216e-03 -3.117455170e-03
    endloop
  endfacet
  facet normal -1.689073397e-04 9.172036648e-01 3.984186053e-01
    outer loop
      vertex 1.000093017e-02 -5.124552175e-03 -3.117746674e-03
      vertex -9.999068454e-03 -5.128362216e-03 -3.117455170e-03
      vertex 1.000107639e-02 -5.775568075e-03 -1.619036077e-03
    endloop
  endfacet
  facet normal -1.689073397e-04 9.172036648e-01 3.984186053e-01
    outer loop
      vertex 1.000107639e-02 -5.775568075e-03 -1.619036077e-03
      vertex -9.999068454e-03 -5.128362216e-03 -3.117455170e-03
      vertex -9.998923168e-03 -5.779378116e-03 -1.618744573e-03
    endloop
  endfacet
  facet normal -1.867268293e-04 9.906833768e-01 1.361853778e-01
    outer loop
      vertex 1.000107639e-02 -5.775568075e-03 -1.619036077e-03
      vertex -9.998923168e-03 -5.779378116e-03 -1.618744573e-03
      vertex 1.000114251e-02 -5.998095032e-03 -2.596130741e-07
    endloop
  endfacet
  facet normal -1.867268293e-04 9.906833768e-01 1.361853778e-01
    outer loop
      vertex 1.000114251e-02 -5.998095032e-03 -2.596130741e-07
      vertex -9.998923168e-03 -5.779378116e-03 -1.618744573e-03
      vertex -9.998857044e-03 -6.001904607e-03 3.192853271e-08
    endloop
  endfacet
  facet normal -2.225346416e-01 -2.392275928e-05 -9.749248028e-01
    outer loop
      vertex 1.825869083e-03 6.199900061e-03 2.365445904e-02
      vertex 3.728188167e-04 6.199616939e-03 2.398613095e-02
      vertex 3.719044907e-04 1.099961624e-02 2.398622222e-02
    endloop
  endfacet
  facet normal -3.740577772e-02 1.180349864e-05 -9.993001819e-01
    outer loop
      vertex 3.719044907e-04 1.099961624e-02 2.398622222e-02
      vertex 3.728188167e-04 6.199616939e-03 2.398613095e-02
      vertex -8.313028843e-07 6.199545693e-03 2.400011756e-02
    endloop
  endfacet
  facet normal 7.471392304e-02 -8.688356727e-03 -9.971671700e-01
    outer loop
      vertex 3.719044907e-04 1.099961624e-02 2.398622222e-02
      vertex -8.313028843e-07 6.199545693e-03 2.400011756e-02
      vertex -1.114351908e-03 1.099933591e-02 2.387486398e-02
    endloop
  endfacet
  facet normal 1.119493842e-01 4.014781734e-05 -9.937139153e-01
    outer loop
      vertex -1.114351908e-03 1.099933591e-02 2.387486398e-02
      vertex -8.313028843e-07 6.199545693e-03 2.400011756e-02
      vertex -1.113437582e-03 6.199336145e-03 2.387477271e-02
    endloop
  endfacet
  facet normal 3.653274775e-01 8.722268831e-05 -9.308790565e-01
    outer loop
      vertex -1.114351908e-03 1.099933591e-02 2.387486398e-02
      vertex -1.113437582e-03 6.199336145e-03 2.387477271e-02
      vertex -2.501755254e-03 1.099908166e-02 2.333037183e-02
    endloop
  endfacet
  facet normal 3.653274775e-01 8.722268831e-05 -9.308790565e-01
    outer loop
      vertex -2.501755254e-03 1.099908166e-02 2.333037183e-02
      vertex -1.113437582e-03 6.199336145e-03 2.387477271e-02
      vertex -2.500840928e-03 6.199081894e-03 2.333028056e-02
    endloop
  endfacet
  facet normal 6.234788895e-01 1.335739216e-04 -7.818402052e-01
    outer loop
      vertex -2.501755254e-03 1.099908166e-02 2.333037183e-02
      vertex -2.500840928e-03 6.199081894e-03 2.333028056e-02
      vertex -3.667027922e-03 1.099887770e-02 2.240112424e-02
    endloop
  endfacet
  facet normal 6.234788895e-01 1.335739216e-04 -7.818402052e-01
    outer loop
      vertex -3.667027922e-03 1.099887770e-02 2.240112424e-02
      vertex -2.500840928e-03 6.199081894e-03 2.333028056e-02
      vertex -3.666113596e-03 6.198877469e-03 2.240103297e-02
    endloop
  endfacet
  facet normal 8.262305260e-01 1.680563728e-04 -5.633320808e-01
    outer loop
      vertex -3.667027922e-03 1.099887770e-02 2.240112424e-02
      vertex -3.666113596e-03 6.198877469e-03 2.240103297e-02
      vertex -4.506630823e-03 1.099874079e-02 2.116969228e-02
    endloop
  endfacet
  facet normal 8.262305260e-01 1.680563728e-04 -5.633320808e-01
    outer loop
      vertex -4.506630823e-03 1.099874079e-02 2.116969228e-02
      vertex -3.666113596e-03 6.198877469e-03 2.240103297e-02
      vertex -4.505716730e-03 6.198741030e-03 2.116960101e-02
    endloop
  endfacet
  facet normal 9.555683732e-01 1.876063616e-04 -2.947694063e-01
    outer loop
      vertex -4.506630823e-03 1.099874079e-02 2.116969228e-02
      vertex -4.505716730e-03 6.198741030e-03 2.116960101e-02
      vertex -4.945961758e-03 1.099868398e-02 1.974549145e-02
    endloop
  endfacet
  facet normal 9.555683732e-01 1.876063616e-04 -2.947694063e-01
    outer loop
      vertex -4.945961758e-03 1.099868398e-02 1.974549145e-02
      vertex -4.505716730e-03 6.198741030e-03 2.116960101e-02
      vertex -4.945047200e-03 6.198684219e-03 1.974540018e-02
    endloop
  endfacet
  facet normal 1.000000000e+00 1.904867095e-04 -1.457708095e-05
    outer loop
      vertex -4.945961758e-03 1.099868398e-02 1.974549145e-02
      vertex -4.945047200e-03 6.198684219e-03 1.974540018e-02
      vertex -4.945983179e-03 1.099871192e-02 1.825506985e-02
    endloop
  endfacet
  facet normal 1.000000000e+00 1.904867095e-04 -1.457708095e-05
    outer loop
      vertex -4.945983179e-03 1.099871192e-02 1.825506985e-02
      vertex -4.945047200e-03 6.198684219e-03 1.974540018e-02
      vertex -4.945069086e-03 6.198712625e-03 1.825497858e-02
    endloop
  endfacet
  facet normal 9.555770755e-01 1.764414628e-04 2.947413623e-01
    outer loop
      vertex -4.945983179e-03 1.099871192e-02 1.825506985e-02
      vertex -4.945069086e-03 6.198712625e-03 1.825497858e-02
      vertex -4.506694153e-03 1.099882275e-02 1.683085598e-02
    endloop
  endfacet
  facet normal 9.555770755e-01 1.764414628e-04 2.947413623e-01
    outer loop
      vertex -4.506694153e-03 1.099882275e-02 1.683085598e-02
      vertex -4.945069086e-03 6.198712625e-03 1.825497858e-02
      vertex -4.505780060e-03 6.198822986e-03 1.683076471e-02
    endloop
  endfacet
  facet normal 8.262469769e-01 1.467186376e-04 5.633080006e-01
    outer loop
      vertex -4.506694153e-03 1.099882275e-02 1.683085598e-02
      vertex -4.505780060e-03 6.198822986e-03 1.683076471e-02
      vertex -3.667127108e-03 1.099900622e-02 1.559939794e-02
    endloop
  endfacet
  facet normal 8.262469769e-01 1.467186376e-04 5.633080006e-01
    outer loop
      vertex -3.667127108e-03 1.099900622e-02 1.559939794e-02
      vertex -4.505780060e-03 6.198822986e-03 1.683076471e-02
      vertex -3.666212782e-03 6.199006457e-03 1.559930760e-02
    endloop
  endfacet
  facet normal 6.235013008e-01 1.039592244e-04 7.818223238e-01
    outer loop
      vertex -3.667127108e-03 1.099900622e-02 1.559939794e-02
      vertex -3.666212782e-03 6.199006457e-03 1.559930760e-02
      vertex -2.501881681e-03 1.099924557e-02 1.467011776e-02
    endloop
  endfacet
  facet normal 6.235013008e-01 1.039592244e-04 7.818223238e-01
    outer loop
      vertex -2.501881681e-03 1.099924557e-02 1.467011776e-02
      vertex -3.666212782e-03 6.199006457e-03 1.559930760e-02
      vertex -2.500967355e-03 6.199245807e-03 1.467002742e-02
    endloop
  endfacet
  facet normal 3.653546274e-01 5.196254642e-05 9.308683872e-01
    outer loop
      vertex -2.501881681e-03 1.099924557e-02 1.467011776e-02
      vertex -2.500967355e-03 6.199245807e-03 1.467002742e-02
      vertex -1.114494167e-03 1.099952031e-02 1.412558462e-02
    endloop
  endfacet
  facet normal 3.653546274e-01 5.196254642e-05 9.308683872e-01
    outer loop
      vertex -1.114494167e-03 1.099952031e-02 1.412558462e-02
      vertex -2.500967355e-03 6.199245807e-03 1.467002742e-02
      vertex -1.113579725e-03 6.199520547e-03 1.412549429e-02
    endloop
  endfacet
  facet normal 7.474480569e-02 -4.651190466e-06 9.972026944e-01
    outer loop
      vertex -1.114494167e-03 1.099952031e-02 1.412558462e-02
      vertex -1.113579725e-03 6.199520547e-03 1.412549429e-02
      vertex 3.717590880e-04 1.099980529e-02 1.401418354e-02
    endloop
  endfacet
  facet normal 7.474480569e-02 -4.651190466e-06 9.972026944e-01
    outer loop
      vertex 3.717590880e-04 1.099980529e-02 1.401418354e-02
      vertex -1.113579725e-03 6.199520547e-03 1.412549429e-02
      vertex 3.726734431e-04 6.199805997e-03 1.401409321e-02
    endloop
  endfacet
  facet normal -2.225068063e-01 -6.085172208e-05 9.749311209e-01
    outer loop
      vertex 3.717590880e-04 1.099980529e-02 1.401418354e-02
      vertex 3.726734431e-04 6.199805997e-03 1.401409321e-02
      vertex 1.824819017e-03 1.100007631e-02 1.434581261e-02
    endloop
  endfacet
  facet normal -2.225068063e-01 -6.085172208e-05 9.749311209e-01
    outer loop
      vertex 1.824819017e-03 1.100007631e-02 1.434581261e-02
      vertex 3.726734431e-04 6.199805997e-03 1.401409321e-02
      vertex 1.825733343e-03 6.200076547e-03 1.434572227e-02
    endloop
  endfacet
  facet normal -4.999874830e-01 -1.116452622e-04 8.660326004e-01
    outer loop
      vertex 1.824819017e-03 1.100007631e-02 1.434581261e-02
      vertex 1.825733343e-03 6.200076547e-03 1.434572227e-02
      vertex 3.115573898e-03 1.100030821e-02 1.509100571e-02
    endloop
  endfacet
  facet normal -4.999874830e-01 -1.116452622e-04 8.660326004e-01
    outer loop
      vertex 3.115573898e-03 1.100030821e-02 1.509100571e-02
      vertex 1.825733343e-03 6.200076547e-03 1.434572227e-02
      vertex 3.116488224e-03 6.200307980e-03 1.509091537e-02
    endloop
  endfacet
  facet normal -7.330419421e-01 -1.525186090e-04 6.801834106e-01
    outer loop
      vertex 3.115573898e-03 1.100030821e-02 1.509100571e-02
      vertex 3.116488224e-03 6.200307980e-03 1.509091537e-02
      vertex 4.129334353e-03 1.100048050e-02 1.618354768e-02
    endloop
  endfacet
  facet normal -7.330419421e-01 -1.525186090e-04 6.801834106e-01
    outer loop
      vertex 4.129334353e-03 1.100048050e-02 1.618354768e-02
      vertex 3.116488224e-03 6.200307980e-03 1.509091537e-02
      vertex 4.130248912e-03 6.200480275e-03 1.618345641e-02
    endloop
  endfacet
  facet normal -9.009625316e-01 -1.798400335e-04 4.338968992e-01
    outer loop
      vertex 4.129334353e-03 1.100048050e-02 1.618354768e-02
      vertex 4.130248912e-03 6.200480275e-03 1.618345641e-02
      vertex 4.776024260e-03 1.100057829e-02 1.752636395e-02
    endloop
  endfacet
  facet normal -9.009625316e-01 -1.798400335e-04 4.338968992e-01
    outer loop
      vertex 4.776024260e-03 1.100057829e-02 1.752636395e-02
      vertex 4.130248912e-03 6.200480275e-03 1.618345641e-02
      vertex 4.776938818e-03 6.200578064e-03 1.752627268e-02
    endloop
  endfacet
  facet normal -9.888286591e-01 -1.911818836e-04 1.490563303e-01
    outer loop
      vertex 4.776024260e-03 1.100057829e-02 1.752636395e-02
      vertex 4.776938818e-03 6.200578064e-03 1.752627268e-02
      vertex 4.998181481e-03 1.100059226e-02 1.900013536e-02
    endloop
  endfacet
  facet normal -9.888286591e-01 -1.911818836e-04 1.490563303e-01
    outer loop
      vertex 4.998181481e-03 1.100059226e-02 1.900013536e-02
      vertex 4.776938818e-03 6.200578064e-03 1.752627268e-02
      vertex 4.999095574e-03 6.200592499e-03 1.900004409e-02
    endloop
  endfacet
  facet normal -9.888330698e-01 -1.855363953e-04 -1.490274221e-01
    outer loop
      vertex 4.998181481e-03 1.100059226e-02 1.900013536e-02
      vertex 4.999095574e-03 6.200592499e-03 1.900004409e-02
      vertex 4.776067566e-03 1.100052241e-02 2.047391422e-02
    endloop
  endfacet
  facet normal -9.888330698e-01 -1.855363953e-04 -1.490274221e-01
    outer loop
      vertex 4.776067566e-03 1.100052241e-02 2.047391422e-02
      vertex 4.999095574e-03 6.200592499e-03 1.900004409e-02
      vertex 4.776981659e-03 6.200522650e-03 2.047382295e-02
    endloop
  endfacet
  facet normal -9.009750485e-01 -1.634051150e-04 -4.338708818e-01
    outer loop
      vertex 4.776067566e-03 1.100052241e-02 2.047391422e-02
      vertex 4.776981659e-03 6.200522650e-03 2.047382295e-02
      vertex 4.129416775e-03 1.100037340e-02 2.181674726e-02
    endloop
  endfacet
  facet normal -9.009750485e-01 -1.634051150e-04 -4.338708818e-01
    outer loop
      vertex 4.129416775e-03 1.100037340e-02 2.181674726e-02
      vertex 4.776981659e-03 6.200522650e-03 2.047382295e-02
      vertex 4.130330868e-03 6.200373638e-03 2.181665599e-02
    endloop
  endfacet
  facet normal -7.330623269e-01 -1.267547777e-04 -6.801614165e-01
    outer loop
      vertex 4.129416775e-03 1.100037340e-02 2.181674726e-02
      vertex 4.130330868e-03 6.200373638e-03 2.181665599e-02
      vertex 3.115687985e-03 1.100016013e-02 2.290932089e-02
    endloop
  endfacet
  facet normal -7.330623269e-01 -1.267547777e-04 -6.801614165e-01
    outer loop
      vertex 3.115687985e-03 1.100016013e-02 2.290932089e-02
      vertex 4.130330868e-03 6.200373638e-03 2.181665599e-02
      vertex 3.116602311e-03 6.200159900e-03 2.290922962e-02
    endloop
  endfacet
  facet normal -5.000122786e-01 -7.884139632e-05 -8.660182953e-01
    outer loop
      vertex 3.115687985e-03 1.100016013e-02 2.290932089e-02
      vertex 3.116602311e-03 6.200159900e-03 2.290922962e-02
      vertex 1.824954757e-03 1.099989936e-02 2.365455031e-02
    endloop
  endfacet
  facet normal -5.000122786e-01 -7.884139632e-05 -8.660182953e-01
    outer loop
      vertex 1.824954757e-03 1.099989936e-02 2.365455031e-02
      vertex 3.116602311e-03 6.200159900e-03 2.290922962e-02
      vertex 1.825869083e-03 6.199900061e-03 2.365445904e-02
    endloop
  endfacet
  facet normal -2.225346416e-01 -2.392275928e-05 -9.749248028e-01
    outer loop
      vertex 1.824954757e-03 1.099989936e-02 2.365455031e-02
      vertex 1.825869083e-03 6.199900061e-03 2.365445904e-02
      vertex 3.719044907e-04 1.099961624e-02 2.398622222e-02
    endloop
  endfacet
  facet normal -1.904864330e-04 1.000000000e+00 1.894204797e-05
    outer loop
      vertex -3.663850715e-03 -6.200993899e-03 1.559907291e-02
      vertex -2.498605289e-03 -6.200754084e-03 1.466979180e-02
      vertex -9.998694994e-03 -6.202065852e-03 8.500028402e-03
    endloop
  endfacet
  facet normal -1.904864330e-04 1.000000000e+00 1.894204797e-05
    outer loop
      vertex -1.111075631e-03 -6.200664211e-03 2.387453802e-02
      vertex -1.043681987e-03 -6.200747564e-03 2.894511633e-02
      vertex 3.751808545e-04 -6.200382952e-03 2.398589626e-02
    endloop
  endfacet
  facet normal -1.904864330e-04 1.000000000e+00 1.894204797e-05
    outer loop
      vertex 3.751808545e-04 -6.200382952e-03 2.398589626e-02
      vertex -1.043681987e-03 -6.200747564e-03 2.894511633e-02
      vertex 1.046887599e-03 -6.200348958e-03 2.894508466e-02
    endloop
  endfacet
  facet normal -1.904864330e-04 1.000000000e+00 1.894204797e-05
    outer loop
      vertex 3.751808545e-04 -6.200382952e-03 2.398589626e-02
      vertex 1.046887599e-03 -6.200348958e-03 2.894508466e-02
      vertex 1.828231034e-03 -6.200100295e-03 2.365422435e-02
    endloop
  endfacet
  facet normal -1.904864330e-04 1.000000000e+00 1.894204797e-05
    outer loop
      vertex -4.503354430e-03 -6.201259326e-03 2.116936632e-02
      vertex -4.942685366e-03 -6.201315671e-03 1.974516548e-02
      vertex -9.779987857e-03 -6.202262361e-03 2.107914165e-02
    endloop
  endfacet
  facet normal -1.904864330e-04 1.000000000e+00 1.894204797e-05
    outer loop
      vertex -9.779987857e-03 -6.202262361e-03 2.107914165e-02
      vertex -4.942685366e-03 -6.201315671e-03 1.974516548e-02
      vertex -9.998541325e-03 -6.202264689e-03 1.900002733e-02
    endloop
  endfacet
  facet normal -1.904864330e-04 1.000000000e+00 1.894204797e-05
    outer loop
      vertex -9.998541325e-03 -6.202264689e-03 1.900002733e-02
      vertex -4.942685366e-03 -6.201315671e-03 1.974516548e-02
      vertex -4.942706786e-03 -6.201287732e-03 1.825474389e-02
    endloop
  endfacet
  facet normal -1.904864330e-04 1.000000000e+00 1.894204797e-05
    outer loop
      vertex -9.998541325e-03 -6.202264689e-03 1.900002733e-02
      vertex -4.942706786e-03 -6.201287732e-03 1.825474389e-02
      vertex -9.998694994e-03 -6.202065852e-03 8.500028402e-03
    endloop
  endfacet
  facet normal -1.904864330e-04 1.000000000e+00 1.894204797e-05
    outer loop
      vertex -9.998694994e-03 -6.202065852e-03 8.500028402e-03
      vertex -4.942706786e-03 -6.201287732e-03 1.825474389e-02
      vertex -4.503417760e-03 -6.201176904e-03 1.683053002e-02
    endloop
  endfacet
  facet normal -1.904864330e-04 1.000000000e+00 1.894204797e-05
    outer loop
      vertex -9.998694994e-03 -6.202065852e-03 8.500028402e-03
      vertex -4.503417760e-03 -6.201176904e-03 1.683053002e-02
      vertex -3.663850715e-03 -6.200993899e-03 1.559907291e-02
    endloop
  endfacet
  facet normal -1.904864330e-04 1.000000000e+00 1.894204797e-05
    outer loop
      vertex -2.498605289e-03 -6.200754084e-03 1.466979180e-02
      vertex -1.111217774e-03 -6.200479344e-03 1.412525959e-02
      vertex -9.998694994e-03 -6.202065852e-03 8.500028402e-03
    endloop
  endfacet
  facet normal -1.904864330e-04 1.000000000e+00 1.894204797e-05
    outer loop
      vertex -9.998694994e-03 -6.202065852e-03 8.500028402e-03
      vertex -1.111217774e-03 -6.200479344e-03 1.412525959e-02
      vertex 1.384922030e-06 -6.200265139e-03 1.399988215e-02
    endloop
  endfacet
  facet normal -1.904864330e-04 1.000000000e+00 1.894204797e-05
    outer loop
      vertex -9.998694994e-03 -6.202065852e-03 8.500028402e-03
      vertex 1.384922030e-06 -6.200265139e-03 1.399988215e-02
      vertex 1.000130456e-02 -6.198256277e-03 8.499736898e-03
    endloop
  endfacet
  facet normal -1.904864330e-04 1.000000000e+00 1.894204797e-05
    outer loop
      vertex 1.000130456e-02 -6.198256277e-03 8.499736898e-03
      vertex 1.384922030e-06 -6.200265139e-03 1.399988215e-02
      vertex 3.750354517e-04 -6.200194359e-03 1.401385758e-02
    endloop
  endfacet
  facet normal -1.904864330e-04 1.000000000e+00 1.894204797e-05
    outer loop
      vertex 1.000130456e-02 -6.198256277e-03 8.499736898e-03
      vertex 3.750354517e-04 -6.200194359e-03 1.401385758e-02
      vertex 1.828095294e-03 -6.199923810e-03 1.434548758e-02
    endloop
  endfacet
  facet normal -1.904864330e-04 1.000000000e+00 1.894204797e-05
    outer loop
      vertex 1.828095294e-03 -6.199923810e-03 1.434548758e-02
      vertex 3.118850291e-03 -6.199691910e-03 1.509067975e-02
      vertex 1.000130456e-02 -6.198256277e-03 8.499736898e-03
    endloop
  endfacet
  facet normal -1.904864330e-04 1.000000000e+00 1.894204797e-05
    outer loop
      vertex 1.000130456e-02 -6.198256277e-03 8.499736898e-03
      vertex 3.118850291e-03 -6.199691910e-03 1.509067975e-02
      vertex 4.132610746e-03 -6.199519616e-03 1.618322171e-02
    endloop
  endfacet
  facet normal -1.904864330e-04 1.000000000e+00 1.894204797e-05
    outer loop
      vertex 1.000130456e-02 -6.198256277e-03 8.499736898e-03
      vertex 4.132610746e-03 -6.199519616e-03 1.618322171e-02
      vertex 1.000145730e-02 -6.198455114e-03 1.899973676e-02
    endloop
  endfacet
  facet normal -1.904864330e-04 1.000000000e+00 1.894204797e-05
    outer loop
      vertex -9.779987857e-03 -6.202262361e-03 2.107914165e-02
      vertex -9.133936837e-03 -6.202177145e-03 2.306738123e-02
      vertex -4.503354430e-03 -6.201259326e-03 2.116936632e-02
    endloop
  endfacet
  facet normal -1.904864330e-04 1.000000000e+00 1.894204797e-05
    outer loop
      vertex -4.503354430e-03 -6.201259326e-03 2.116936632e-02
      vertex -9.133936837e-03 -6.202177145e-03 2.306738123e-02
      vertex -8.088625968e-03 -6.202012300e-03 2.487785369e-02
    endloop
  endfacet
  facet normal -1.904864330e-04 1.000000000e+00 1.894204797e-05
    outer loop
      vertex -4.503354430e-03 -6.201259326e-03 2.116936632e-02
      vertex -8.088625968e-03 -6.202012300e-03 2.487785369e-02
      vertex -3.663751530e-03 -6.201122422e-03 2.240079828e-02
    endloop
  endfacet
  facet normal -1.904864330e-04 1.000000000e+00 1.894204797e-05
    outer loop
      vertex -3.663751530e-03 -6.201122422e-03 2.240079828e-02
      vertex -8.088625968e-03 -6.202012300e-03 2.487785369e-02
      vertex -6.689739414e-03 -6.201775279e-03 2.643142827e-02
    endloop
  endfacet
  facet normal -1.904864330e-04 1.000000000e+00 1.894204797e-05
    outer loop
      vertex -3.663751530e-03 -6.201122422e-03 2.240079828e-02
      vertex -6.689739414e-03 -6.201775279e-03 2.643142827e-02
      vertex -2.498478862e-03 -6.200917996e-03 2.333004586e-02
    endloop
  endfacet
  facet normal -1.904864330e-04 1.000000000e+00 1.894204797e-05
    outer loop
      vertex -2.498478862e-03 -6.200917996e-03 2.333004586e-02
      vertex -6.689739414e-03 -6.201775279e-03 2.643142827e-02
      vertex -4.998415709e-03 -6.201476324e-03 2.766020969e-02
    endloop
  endfacet
  facet normal -1.904864330e-04 1.000000000e+00 1.894204797e-05
    outer loop
      vertex -2.498478862e-03 -6.200917996e-03 2.333004586e-02
      vertex -4.998415709e-03 -6.201476324e-03 2.766020969e-02
      vertex -1.111075631e-03 -6.200664211e-03 2.387453802e-02
    endloop
  endfacet
  facet normal -1.904864330e-04 1.000000000e+00 1.894204797e-05
    outer loop
      vertex -1.111075631e-03 -6.200664211e-03 2.387453802e-02
      vertex -4.998415709e-03 -6.201476324e-03 2.766020969e-02
      vertex -3.088573227e-03 -6.201128475e-03 2.851049230e-02
    endloop
  endfacet
  facet normal -1.904864330e-04 1.000000000e+00 1.894204797e-05
    outer loop
      vertex -1.111075631e-03 -6.200664211e-03 2.387453802e-02
      vertex -3.088573227e-03 -6.201128475e-03 2.851049230e-02
      vertex -1.043681987e-03 -6.200747564e-03 2.894511633e-02
    endloop
  endfacet
  facet normal -1.904864330e-04 1.000000000e+00 1.894204797e-05
    outer loop
      vertex 4.132693168e-03 -6.199626252e-03 2.181642130e-02
      vertex 9.136972018e-03 -6.198696792e-03 2.306711487e-02
      vertex 4.779343959e-03 -6.199477706e-03 2.047358826e-02
    endloop
  endfacet
  facet normal -1.904864330e-04 1.000000000e+00 1.894204797e-05
    outer loop
      vertex 4.779343959e-03 -6.199477706e-03 2.047358826e-02
      vertex 9.136972018e-03 -6.198696792e-03 2.306711487e-02
      vertex 9.782964364e-03 -6.198536139e-03 2.107885666e-02
    endloop
  endfacet
  facet normal -1.904864330e-04 1.000000000e+00 1.894204797e-05
    outer loop
      vertex 4.779343959e-03 -6.199477706e-03 2.047358826e-02
      vertex 9.782964364e-03 -6.198536139e-03 2.107885666e-02
      vertex 5.001457408e-03 -6.199407391e-03 1.899980940e-02
    endloop
  endfacet
  facet normal -1.904864330e-04 1.000000000e+00 1.894204797e-05
    outer loop
      vertex 5.001457408e-03 -6.199407391e-03 1.899980940e-02
      vertex 9.782964364e-03 -6.198536139e-03 2.107885666e-02
      vertex 1.000145730e-02 -6.198455114e-03 1.899973676e-02
    endloop
  endfacet
  facet normal -1.904864330e-04 1.000000000e+00 1.894204797e-05
    outer loop
      vertex 5.001457408e-03 -6.199407391e-03 1.899980940e-02
      vertex 1.000145730e-02 -6.198455114e-03 1.899973676e-02
      vertex 4.779300652e-03 -6.199421827e-03 1.752603799e-02
    endloop
  endfacet
  facet normal -1.904864330e-04 1.000000000e+00 1.894204797e-05
    outer loop
      vertex 4.779300652e-03 -6.199421827e-03 1.752603799e-02
      vertex 1.000145730e-02 -6.198455114e-03 1.899973676e-02
      vertex 4.132610746e-03 -6.199519616e-03 1.618322171e-02
    endloop
  endfacet
  facet normal -1.904864330e-04 1.000000000e+00 1.894204797e-05
    outer loop
      vertex 1.046887599e-03 -6.200348958e-03 2.894508466e-02
      vertex 3.091766732e-03 -6.199951284e-03 2.851040103e-02
      vertex 1.828231034e-03 -6.200100295e-03 2.365422435e-02
    endloop
  endfacet
  facet normal -1.904864330e-04 1.000000000e+00 1.894204797e-05
    outer loop
      vertex 1.828231034e-03 -6.200100295e-03 2.365422435e-02
      vertex 3.091766732e-03 -6.199951284e-03 2.851040103e-02
      vertex 5.001584068e-03 -6.199571304e-03 2.766006254e-02
    endloop
  endfacet
  facet normal -1.904864330e-04 1.000000000e+00 1.894204797e-05
    outer loop
      vertex 1.828231034e-03 -6.200100295e-03 2.365422435e-02
      vertex 5.001584068e-03 -6.199571304e-03 2.766006254e-02
      vertex 3.118964378e-03 -6.199839991e-03 2.290899493e-02
    endloop
  endfacet
  facet normal -1.904864330e-04 1.000000000e+00 1.894204797e-05
    outer loop
      vertex 3.118964378e-03 -6.199839991e-03 2.290899493e-02
      vertex 5.001584068e-03 -6.199571304e-03 2.766006254e-02
      vertex 6.692872848e-03 -6.199226249e-03 2.643123269e-02
    endloop
  endfacet
  facet normal -1.904864330e-04 1.000000000e+00 1.894204797e-05
    outer loop
      vertex 3.118964378e-03 -6.199839991e-03 2.290899493e-02
      vertex 6.692872848e-03 -6.199226249e-03 2.643123269e-02
      vertex 4.132693168e-03 -6.199626252e-03 2.181642130e-02
    endloop
  endfacet
  facet normal -1.904864330e-04 1.000000000e+00 1.894204797e-05
    outer loop
      vertex 4.132693168e-03 -6.199626252e-03 2.181642130e-02
      vertex 6.692872848e-03 -6.199226249e-03 2.643123269e-02
      vertex 8.091713302e-03 -6.198930088e-03 2.487761714e-02
    endloop
  endfacet
  facet normal -1.904864330e-04 1.000000000e+00 1.894204797e-05
    outer loop
      vertex 4.132693168e-03 -6.199626252e-03 2.181642130e-02
      vertex 8.091713302e-03 -6.198930088e-03 2.487761714e-02
      vertex 9.136972018e-03 -6.198696792e-03 2.306711487e-02
    endloop
  endfacet
  facet normal 1.904864330e-04 -1.000000000e+00 -1.894204797e-05
    outer loop
      vertex 3.116488224e-03 6.200307980e-03 1.509091537e-02
      vertex 1.825733343e-03 6.200076547e-03 1.434572227e-02
      vertex 9.998942725e-03 6.201744080e-03 8.499971591e-03
    endloop
  endfacet
  facet normal 1.904864330e-04 -1.000000000e+00 -1.894204797e-05
    outer loop
      vertex 9.998942725e-03 6.201744080e-03 8.499971591e-03
      vertex 1.825733343e-03 6.200076547e-03 1.434572227e-02
      vertex 3.726734431e-04 6.199805997e-03 1.401409321e-02
    endloop
  endfacet
  facet normal 1.904864330e-04 -1.000000000e+00 -1.894204797e-05
    outer loop
      vertex 9.998942725e-03 6.201744080e-03 8.499971591e-03
      vertex 3.726734431e-04 6.199805997e-03 1.401409321e-02
      vertex -1.000105683e-02 6.197934039e-03 8.500263095e-03
    endloop
  endfacet
  facet normal 1.904864330e-04 -1.000000000e+00 -1.894204797e-05
    outer loop
      vertex -1.000105683e-02 6.197934039e-03 8.500263095e-03
      vertex 3.726734431e-04 6.199805997e-03 1.401409321e-02
      vertex -1.113579725e-03 6.199520547e-03 1.412549429e-02
    endloop
  endfacet
  facet normal 1.904864330e-04 -1.000000000e+00 -1.894204797e-05
    outer loop
      vertex -1.000105683e-02 6.197934039e-03 8.500263095e-03
      vertex -1.113579725e-03 6.199520547e-03 1.412549429e-02
      vertex -2.500967355e-03 6.199245807e-03 1.467002742e-02
    endloop
  endfacet
  facet normal 1.904864330e-04 -1.000000000e+00 -1.894204797e-05
    outer loop
      vertex 9.999095462e-03 6.201545242e-03 1.899997145e-02
      vertex 9.780601598e-03 6.201464217e-03 2.107909136e-02
      vertex 4.776981659e-03 6.200522650e-03 2.047382295e-02
    endloop
  endfacet
  facet normal 1.904864330e-04 -1.000000000e+00 -1.894204797e-05
    outer loop
      vertex 4.776981659e-03 6.200522650e-03 2.047382295e-02
      vertex 9.780601598e-03 6.201464217e-03 2.107909136e-02
      vertex 9.134610184e-03 6.201303564e-03 2.306734957e-02
    endloop
  endfacet
  facet normal 1.904864330e-04 -1.000000000e+00 -1.894204797e-05
    outer loop
      vertex 4.776981659e-03 6.200522650e-03 2.047382295e-02
      vertex 9.134610184e-03 6.201303564e-03 2.306734957e-02
      vertex 4.130330868e-03 6.200373638e-03 2.181665599e-02
    endloop
  endfacet
  facet normal 1.904864330e-04 -1.000000000e+00 -1.894204797e-05
    outer loop
      vertex 4.130330868e-03 6.200373638e-03 2.181665599e-02
      vertex 9.134610184e-03 6.201303564e-03 2.306734957e-02
      vertex 8.089351468e-03 6.201069802e-03 2.487785183e-02
    endloop
  endfacet
  facet normal 1.904864330e-04 -1.000000000e+00 -1.894204797e-05
    outer loop
      vertex 4.130330868e-03 6.200373638e-03 2.181665599e-02
      vertex 8.089351468e-03 6.201069802e-03 2.487785183e-02
      vertex 3.116602311e-03 6.200159900e-03 2.290922962e-02
    endloop
  endfacet
  facet normal 1.904864330e-04 -1.000000000e+00 -1.894204797e-05
    outer loop
      vertex 4.776981659e-03 6.200522650e-03 2.047382295e-02
      vertex 4.999095574e-03 6.200592499e-03 1.900004409e-02
      vertex 9.999095462e-03 6.201545242e-03 1.899997145e-02
    endloop
  endfacet
  facet normal 1.904864330e-04 -1.000000000e+00 -1.894204797e-05
    outer loop
      vertex 9.999095462e-03 6.201545242e-03 1.899997145e-02
      vertex 4.999095574e-03 6.200592499e-03 1.900004409e-02
      vertex 4.776938818e-03 6.200578064e-03 1.752627268e-02
    endloop
  endfacet
  facet normal 1.904864330e-04 -1.000000000e+00 -1.894204797e-05
    outer loop
      vertex 9.999095462e-03 6.201545242e-03 1.899997145e-02
      vertex 4.776938818e-03 6.200578064e-03 1.752627268e-02
      vertex 9.998942725e-03 6.201744080e-03 8.499971591e-03
    endloop
  endfacet
  facet normal 1.904864330e-04 -1.000000000e+00 -1.894204797e-05
    outer loop
      vertex 9.998942725e-03 6.201744080e-03 8.499971591e-03
      vertex 4.776938818e-03 6.200578064e-03 1.752627268e-02
      vertex 4.130248912e-03 6.200480275e-03 1.618345641e-02
    endloop
  endfacet
  facet normal 1.904864330e-04 -1.000000000e+00 -1.894204797e-05
    outer loop
      vertex 9.998942725e-03 6.201744080e-03 8.499971591e-03
      vertex 4.130248912e-03 6.200480275e-03 1.618345641e-02
      vertex 3.116488224e-03 6.200307980e-03 1.509091537e-02
    endloop
  endfacet
  facet normal 1.904864330e-04 -1.000000000e+00 -1.894204797e-05
    outer loop
      vertex -2.500967355e-03 6.199245807e-03 1.467002742e-02
      vertex -3.666212782e-03 6.199006457e-03 1.559930760e-02
      vertex -1.000105683e-02 6.197934039e-03 8.500263095e-03
    endloop
  endfacet
  facet normal 1.904864330e-04 -1.000000000e+00 -1.894204797e-05
    outer loop
      vertex -1.000105683e-02 6.197934039e-03 8.500263095e-03
      vertex -3.666212782e-03 6.199006457e-03 1.559930760e-02
      vertex -4.505780060e-03 6.198822986e-03 1.683076471e-02
    endloop
  endfacet
  facet normal 1.904864330e-04 -1.000000000e+00 -1.894204797e-05
    outer loop
      vertex -1.000105683e-02 6.197934039e-03 8.500263095e-03
      vertex -4.505780060e-03 6.198822986e-03 1.683076471e-02
      vertex -1.000090409e-02 6.197735202e-03 1.900026202e-02
    endloop
  endfacet
  facet normal 1.904864330e-04 -1.000000000e+00 -1.894204797e-05
    outer loop
      vertex -1.000090409e-02 6.197735202e-03 1.900026202e-02
      vertex -4.505780060e-03 6.198822986e-03 1.683076471e-02
      vertex -4.945069086e-03 6.198712625e-03 1.825497858e-02
    endloop
  endfacet
  facet normal 1.904864330e-04 -1.000000000e+00 -1.894204797e-05
    outer loop
      vertex -1.000090409e-02 6.197735202e-03 1.900026202e-02
      vertex -4.945069086e-03 6.198712625e-03 1.825497858e-02
      vertex -9.782349691e-03 6.197737530e-03 2.107937634e-02
    endloop
  endfacet
  facet normal 1.904864330e-04 -1.000000000e+00 -1.894204797e-05
    outer loop
      vertex -9.782349691e-03 6.197737530e-03 2.107937634e-02
      vertex -4.945069086e-03 6.198712625e-03 1.825497858e-02
      vertex -4.945047200e-03 6.198684219e-03 1.974540018e-02
    endloop
  endfacet
  facet normal 1.904864330e-04 -1.000000000e+00 -1.894204797e-05
    outer loop
      vertex -9.782349691e-03 6.197737530e-03 2.107937634e-02
      vertex -4.945047200e-03 6.198684219e-03 1.974540018e-02
      vertex -9.136298671e-03 6.197823212e-03 2.306761593e-02
    endloop
  endfacet
  facet normal 1.904864330e-04 -1.000000000e+00 -1.894204797e-05
    outer loop
      vertex -9.136298671e-03 6.197823212e-03 2.306761593e-02
      vertex -4.945047200e-03 6.198684219e-03 1.974540018e-02
      vertex -4.505716730e-03 6.198741030e-03 2.116960101e-02
    endloop
  endfacet
  facet normal 1.904864330e-04 -1.000000000e+00 -1.894204797e-05
    outer loop
      vertex -9.136298671e-03 6.197823212e-03 2.306761593e-02
      vertex -4.505716730e-03 6.198741030e-03 2.116960101e-02
      vertex -8.090987802e-03 6.197988056e-03 2.487808838e-02
    endloop
  endfacet
  facet normal 1.904864330e-04 -1.000000000e+00 -1.894204797e-05
    outer loop
      vertex -8.090987802e-03 6.197988056e-03 2.487808838e-02
      vertex -4.505716730e-03 6.198741030e-03 2.116960101e-02
      vertex -3.666113596e-03 6.198877469e-03 2.240103297e-02
    endloop
  endfacet
  facet normal 1.904864330e-04 -1.000000000e+00 -1.894204797e-05
    outer loop
      vertex 8.089351468e-03 6.201069802e-03 2.487785183e-02
      vertex 6.690511014e-03 6.200774107e-03 2.643146738e-02
      vertex 3.116602311e-03 6.200159900e-03 2.290922962e-02
    endloop
  endfacet
  facet normal 1.904864330e-04 -1.000000000e+00 -1.894204797e-05
    outer loop
      vertex 3.116602311e-03 6.200159900e-03 2.290922962e-02
      vertex 6.690511014e-03 6.200774107e-03 2.643146738e-02
      vertex 4.999221768e-03 6.200428586e-03 2.766029909e-02
    endloop
  endfacet
  facet normal 1.904864330e-04 -1.000000000e+00 -1.894204797e-05
    outer loop
      vertex 3.116602311e-03 6.200159900e-03 2.290922962e-02
      vertex 4.999221768e-03 6.200428586e-03 2.766029909e-02
      vertex 1.825869083e-03 6.199900061e-03 2.365445904e-02
    endloop
  endfacet
  facet normal 1.904864330e-04 -1.000000000e+00 -1.894204797e-05
    outer loop
      vertex 1.825869083e-03 6.199900061e-03 2.365445904e-02
      vertex 4.999221768e-03 6.200428586e-03 2.766029909e-02
      vertex 3.089404665e-03 6.200048607e-03 2.851063758e-02
    endloop
  endfacet
  facet normal 1.904864330e-04 -1.000000000e+00 -1.894204797e-05
    outer loop
      vertex 1.825869083e-03 6.199900061e-03 2.365445904e-02
      vertex 3.089404665e-03 6.200048607e-03 2.851063758e-02
      vertex 3.728188167e-04 6.199616939e-03 2.398613095e-02
    endloop
  endfacet
  facet normal 1.904864330e-04 -1.000000000e+00 -1.894204797e-05
    outer loop
      vertex 3.728188167e-04 6.199616939e-03 2.398613095e-02
      vertex 3.089404665e-03 6.200048607e-03 2.851063758e-02
      vertex 1.044525532e-03 6.199650932e-03 2.894532122e-02
    endloop
  endfacet
  facet normal 1.904864330e-04 -1.000000000e+00 -1.894204797e-05
    outer loop
      vertex 3.728188167e-04 6.199616939e-03 2.398613095e-02
      vertex 1.044525532e-03 6.199650932e-03 2.894532122e-02
      vertex -8.313028843e-07 6.199545693e-03 2.400011756e-02
    endloop
  endfacet
  facet normal 1.904864330e-04 -1.000000000e+00 -1.894204797e-05
    outer loop
      vertex -8.313028843e-07 6.199545693e-03 2.400011756e-02
      vertex 1.044525532e-03 6.199650932e-03 2.894532122e-02
      vertex -1.046043937e-03 6.199252792e-03 2.894535102e-02
    endloop
  endfacet
  facet normal 1.904864330e-04 -1.000000000e+00 -1.894204797e-05
    outer loop
      vertex -8.313028843e-07 6.199545693e-03 2.400011756e-02
      vertex -1.046043937e-03 6.199252792e-03 2.894535102e-02
      vertex -1.113437582e-03 6.199336145e-03 2.387477271e-02
    endloop
  endfacet
  facet normal 1.904864330e-04 -1.000000000e+00 -1.894204797e-05
    outer loop
      vertex -1.113437582e-03 6.199336145e-03 2.387477271e-02
      vertex -1.046043937e-03 6.199252792e-03 2.894535102e-02
      vertex -3.090935294e-03 6.198871415e-03 2.851072699e-02
    endloop
  endfacet
  facet normal 1.904864330e-04 -1.000000000e+00 -1.894204797e-05
    outer loop
      vertex -1.113437582e-03 6.199336145e-03 2.387477271e-02
      vertex -3.090935294e-03 6.198871415e-03 2.851072699e-02
      vertex -2.500840928e-03 6.199081894e-03 2.333028056e-02
    endloop
  endfacet
  facet normal 1.904864330e-04 -1.000000000e+00 -1.894204797e-05
    outer loop
      vertex -2.500840928e-03 6.199081894e-03 2.333028056e-02
      vertex -3.090935294e-03 6.198871415e-03 2.851072699e-02
      vertex -5.000777543e-03 6.198523566e-03 2.766044438e-02
    endloop
  endfacet
  facet normal 1.904864330e-04 -1.000000000e+00 -1.894204797e-05
    outer loop
      vertex -2.500840928e-03 6.199081894e-03 2.333028056e-02
      vertex -5.000777543e-03 6.198523566e-03 2.766044438e-02
      vertex -3.666113596e-03 6.198877469e-03 2.240103297e-02
    endloop
  endfacet
  facet normal 1.904864330e-04 -1.000000000e+00 -1.894204797e-05
    outer loop
      vertex -3.666113596e-03 6.198877469e-03 2.240103297e-02
      vertex -5.000777543e-03 6.198523566e-03 2.766044438e-02
      vertex -6.692101713e-03 6.198225077e-03 2.643166296e-02
    endloop
  endfacet
  facet normal 1.904864330e-04 -1.000000000e+00 -1.894204797e-05
    outer loop
      vertex -3.666113596e-03 6.198877469e-03 2.240103297e-02
      vertex -6.692101713e-03 6.198225077e-03 2.643166296e-02
      vertex -8.090987802e-03 6.197988056e-03 2.487808838e-02
    endloop
  endfacet
  facet normal 1.458068891e-05 -1.893927038e-05 1.000000000e+00
    outer loop
      vertex -1.000105683e-02 6.197934039e-03 8.500263095e-03
      vertex -9.998694994e-03 -6.202065852e-03 8.500028402e-03
      vertex 9.998942725e-03 6.201744080e-03 8.499971591e-03
    endloop
  endfacet
  facet normal 1.458068891e-05 -1.893927038e-05 1.000000000e+00
    outer loop
      vertex 9.998942725e-03 6.201744080e-03 8.499971591e-03
      vertex -9.998694994e-03 -6.202065852e-03 8.500028402e-03
      vertex 1.000130456e-02 -6.198256277e-03 8.499736898e-03
    endloop
  endfacet
  facet normal -3.318148447e-05 9.803636372e-02 -9.951828122e-01
    outer loop
      vertex 9.999853559e-03 2.094259798e-06 -1.000014599e-02
      vertex -1.000014599e-02 -1.715474355e-06 -9.999854490e-03
      vertex -1.000055112e-02 2.144274069e-03 -9.788451716e-03
    endloop
  endfacet
  facet normal -3.318148447e-05 9.803636372e-02 -9.951828122e-01
    outer loop
      vertex 9.999853559e-03 2.094259798e-06 -1.000014599e-02
      vertex -1.000055112e-02 2.144274069e-03 -9.788451716e-03
      vertex 9.999447502e-03 2.148083644e-03 -9.788743220e-03
    endloop
  endfacet
  facet normal -6.924806803e-05 2.903024256e-01 -9.569349289e-01
    outer loop
      vertex 9.999447502e-03 2.148083644e-03 -9.788743220e-03
      vertex -1.000055112e-02 2.144274069e-03 -9.788451716e-03
      vertex -1.000093482e-02 4.207786638e-03 -9.162450209e-03
    endloop
  endfacet
  facet normal -6.924806803e-05 2.903024256e-01 -9.569349289e-01
    outer loop
      vertex 9.999447502e-03 2.148083644e-03 -9.788743220e-03
      vertex -1.000093482e-02 4.207786638e-03 -9.162450209e-03
      vertex 9.999063797e-03 4.211596213e-03 -9.162741713e-03
    endloop
  endfacet
  facet normal -1.026537502e-04 4.714136720e-01 -8.819122314e-01
    outer loop
      vertex 9.999063797e-03 4.211596213e-03 -9.162741713e-03
      vertex -1.000093482e-02 4.207786638e-03 -9.162450209e-03
      vertex -1.000128314e-02 6.109521724e-03 -8.145904168e-03
    endloop
  endfacet
  facet normal -1.026537502e-04 4.714136720e-01 -8.819122314e-01
    outer loop
      vertex 9.999063797e-03 4.211596213e-03 -9.162741713e-03
      vertex -1.000128314e-02 6.109521724e-03 -8.145904168e-03
      vertex 9.998716414e-03 6.113331765e-03 -8.146195672e-03
    endloop
  endfacet
  facet normal -1.321143209e-04 6.344078183e-01 -7.729985118e-01
    outer loop
      vertex 9.998716414e-03 6.113331765e-03 -8.146195672e-03
      vertex -1.000128314e-02 6.109521724e-03 -8.145904168e-03
      vertex -1.000158023e-02 7.776398212e-03 -6.777881645e-03
    endloop
  endfacet
  facet normal -1.321143209e-04 6.344078183e-01 -7.729985118e-01
    outer loop
      vertex 9.998716414e-03 6.113331765e-03 -8.146195672e-03
      vertex -1.000158023e-02 7.776398212e-03 -6.777881645e-03
      vertex 9.998419322e-03 7.780207787e-03 -6.778173149e-03
    endloop
  endfacet
  facet normal -1.564979029e-04 7.730225325e-01 -6.343785524e-01
    outer loop
      vertex 9.998419322e-03 7.780207787e-03 -6.778173149e-03
      vertex -1.000158023e-02 7.776398212e-03 -6.777881645e-03
      vertex -1.000181679e-02 9.144357406e-03 -5.110953003e-03
    endloop
  endfacet
  facet normal -1.564979029e-04 7.730225325e-01 -6.343785524e-01
    outer loop
      vertex 9.998419322e-03 7.780207787e-03 -6.778173149e-03
      vertex -1.000181679e-02 9.144357406e-03 -5.110953003e-03
      vertex 9.998182766e-03 9.148167446e-03 -5.111244507e-03
    endloop
  endfacet
  facet normal -1.748673385e-04 8.819302320e-01 -4.713799357e-01
    outer loop
      vertex 9.998182766e-03 9.148167446e-03 -5.111244507e-03
      vertex -1.000181679e-02 9.144357406e-03 -5.110953003e-03
      vertex -1.000198256e-02 1.016083080e-02 -3.209179267e-03
    endloop
  endfacet
  facet normal -1.748673385e-04 8.819302320e-01 -4.713799357e-01
    outer loop
      vertex 9.998182766e-03 9.148167446e-03 -5.111244507e-03
      vertex -1.000198256e-02 1.016083080e-02 -3.209179267e-03
      vertex 9.998016991e-03 1.016463991e-02 -3.209470771e-03
    endloop
  endfacet
  facet normal -1.865166996e-04 9.569457769e-01 -2.902666330e-01
    outer loop
      vertex 9.998016991e-03 1.016463991e-02 -3.209470771e-03
      vertex -1.000198256e-02 1.016083080e-02 -3.209179267e-03
      vertex -1.000207197e-02 1.078675501e-02 -1.145643415e-03
    endloop
  endfacet
  facet normal -1.865166996e-04 9.569457769e-01 -2.902666330e-01
    outer loop
      vertex 9.998016991e-03 1.016463991e-02 -3.209470771e-03
      vertex -1.000207197e-02 1.078675501e-02 -1.145643415e-03
      vertex 9.997927584e-03 1.079056412e-02 -1.145934919e-03
    endloop
  endfacet
  facet normal -1.909983403e-04 9.951865673e-01 -9.799823165e-02
    outer loop
      vertex 9.997927584e-03 1.079056412e-02 -1.145934919e-03
      vertex -1.000207197e-02 1.078675501e-02 -1.145643415e-03
      vertex -1.000208035e-02 1.099807583e-02 1.000354066e-03
    endloop
  endfacet
  facet normal -1.909983403e-04 9.951865673e-01 -9.799823165e-02
    outer loop
      vertex 9.997927584e-03 1.079056412e-02 -1.145934919e-03
      vertex -1.000208035e-02 1.099807583e-02 1.000354066e-03
      vertex 9.997918271e-03 1.100188587e-02 1.000062563e-03
    endloop
  endfacet
  facet normal 1.881400385e-04 -9.951828718e-01 -9.803593904e-02
    outer loop
      vertex 1.000210922e-02 -1.099811401e-02 9.996457957e-04
      vertex -9.997890331e-03 -1.100192312e-02 9.999374161e-04
      vertex -9.997961111e-03 -1.079052128e-02 -1.146052149e-03
    endloop
  endfacet
  facet normal 1.881400385e-04 -9.951828718e-01 -9.803593904e-02
    outer loop
      vertex 1.000210922e-02 -1.099811401e-02 9.996457957e-04
      vertex -9.997961111e-03 -1.079052128e-02 -1.146052149e-03
      vertex 1.000203751e-02 -1.078671124e-02 -1.146343653e-03
    endloop
  endfacet
  facet normal 1.780515886e-04 -9.569348097e-01 -2.903028727e-01
    outer loop
      vertex 1.000203751e-02 -1.078671124e-02 -1.146343653e-03
      vertex -9.997961111e-03 -1.079052128e-02 -1.146052149e-03
      vertex -9.998111054e-03 -1.016451884e-02 -3.209564369e-03
    endloop
  endfacet
  facet normal 1.780515886e-04 -9.569348097e-01 -2.903028727e-01
    outer loop
      vertex 1.000203751e-02 -1.078671124e-02 -1.146343653e-03
      vertex -9.998111054e-03 -1.016451884e-02 -3.209564369e-03
      vertex 1.000188850e-02 -1.016070880e-02 -3.209855873e-03
    endloop
  endfacet
  facet normal 1.611207554e-04 -8.819123507e-01 -4.714133441e-01
    outer loop
      vertex 1.000188850e-02 -1.016070880e-02 -3.209855873e-03
      vertex -9.998111054e-03 -1.016451884e-02 -3.209564369e-03
      vertex -9.998331778e-03 -9.147973731e-03 -5.111299455e-03
    endloop
  endfacet
  facet normal 1.611207554e-04 -8.819123507e-01 -4.714133441e-01
    outer loop
      vertex 1.000188850e-02 -1.016070880e-02 -3.209855873e-03
      vertex -9.998331778e-03 -9.147973731e-03 -5.111299455e-03
      vertex 1.000166684e-02 -9.144164622e-03 -5.111590959e-03
    endloop
  endfacet
  facet normal 1.379981259e-04 -7.729985118e-01 -6.344078779e-01
    outer loop
      vertex 1.000166684e-02 -9.144164622e-03 -5.111590959e-03
      vertex -9.998331778e-03 -9.147973731e-03 -5.111299455e-03
      vertex -9.998616762e-03 -7.779951207e-03 -6.778176408e-03
    endloop
  endfacet
  facet normal 1.379981259e-04 -7.729985118e-01 -6.344078779e-01
    outer loop
      vertex 1.000166684e-02 -9.144164622e-03 -5.111590959e-03
      vertex -9.998616762e-03 -7.779951207e-03 -6.778176408e-03
      vertex 1.000138186e-02 -7.776141167e-03 -6.778467912e-03
    endloop
  endfacet
  facet normal 1.095722691e-04 -6.343785524e-01 -7.730225325e-01
    outer loop
      vertex 1.000138186e-02 -7.776141167e-03 -6.778467912e-03
      vertex -9.998616762e-03 -7.779951207e-03 -6.778176408e-03
      vertex -9.998954833e-03 -6.113023032e-03 -8.146135136e-03
    endloop
  endfacet
  facet normal 1.095722691e-04 -6.343785524e-01 -7.730225325e-01
    outer loop
      vertex 1.000138186e-02 -7.776141167e-03 -6.778467912e-03
      vertex -9.998954833e-03 -6.113023032e-03 -8.146135136e-03
      vertex 1.000104472e-02 -6.109213457e-03 -8.146427572e-03
    endloop
  endfacet
  facet normal 7.693571388e-05 -4.713802636e-01 -8.819300532e-01
    outer loop
      vertex 1.000104472e-02 -6.109213457e-03 -8.146427572e-03
      vertex -9.998954833e-03 -6.113023032e-03 -8.146135136e-03
      vertex -9.999332018e-03 -4.211249296e-03 -9.162609465e-03
    endloop
  endfacet
  facet normal 7.693571388e-05 -4.713802636e-01 -8.819300532e-01
    outer loop
      vertex 1.000104472e-02 -6.109213457e-03 -8.146427572e-03
      vertex -9.999332018e-03 -4.211249296e-03 -9.162609465e-03
      vertex 1.000066753e-02 -4.207439721e-03 -9.162900969e-03
    endloop
  endfacet
  facet normal 4.134236951e-05 -2.902661562e-01 -9.569459558e-01
    outer loop
      vertex 1.000066753e-02 -4.207439721e-03 -9.162900969e-03
      vertex -9.999332018e-03 -4.211249296e-03 -9.162609465e-03
      vertex -9.999733418e-03 -2.147712978e-03 -9.788532741e-03
    endloop
  endfacet
  facet normal 4.134236951e-05 -2.902661562e-01 -9.569459558e-01
    outer loop
      vertex 1.000066753e-02 -4.207439721e-03 -9.162900969e-03
      vertex -9.999733418e-03 -2.147712978e-03 -9.788532741e-03
      vertex 1.000026520e-02 -2.143903170e-03 -9.788824245e-03
    endloop
  endfacet
  facet normal 4.160528079e-06 -9.799866378e-02 -9.951865673e-01
    outer loop
      vertex 1.000026520e-02 -2.143903170e-03 -9.788824245e-03
      vertex -9.999733418e-03 -2.147712978e-03 -9.788532741e-03
      vertex -1.000014599e-02 -1.715474355e-06 -9.999854490e-03
    endloop
  endfacet
  facet normal 4.160528079e-06 -9.799866378e-02 -9.951865673e-01
    outer loop
      vertex 1.000026520e-02 -2.143903170e-03 -9.788824245e-03
      vertex -1.000014599e-02 -1.715474355e-06 -9.999854490e-03
      vertex 9.999853559e-03 2.094259798e-06 -1.000014599e-02
    endloop
  endfacet
  facet normal -9.945203662e-01 -1.914228924e-04 1.045429483e-01
    outer loop
      vertex -9.998541325e-03 -6.202264689e-03 1.900002733e-02
      vertex -9.997627698e-03 -1.100226492e-02 1.899993792e-02
      vertex -9.779073298e-03 -1.100226212e-02 2.107905038e-02
    endloop
  endfacet
  facet normal -9.945203662e-01 -1.914228924e-04 1.045429483e-01
    outer loop
      vertex -9.998541325e-03 -6.202264689e-03 1.900002733e-02
      vertex -9.779073298e-03 -1.100226212e-02 2.107905038e-02
      vertex -9.779987857e-03 -6.202262361e-03 2.107914165e-02
    endloop
  endfacet
  facet normal -9.510519505e-01 -1.870161796e-04 3.090309501e-01
    outer loop
      vertex -9.779987857e-03 -6.202262361e-03 2.107914165e-02
      vertex -9.779073298e-03 -1.100226212e-02 2.107905038e-02
      vertex -9.133022279e-03 -1.100217644e-02 2.306728996e-02
    endloop
  endfacet
  facet normal -9.510519505e-01 -1.870161796e-04 3.090309501e-01
    outer loop
      vertex -9.779987857e-03 -6.202262361e-03 2.107914165e-02
      vertex -9.133022279e-03 -1.100217644e-02 2.306728996e-02
      vertex -9.133936837e-03 -6.202177145e-03 2.306738123e-02
    endloop
  endfacet
  facet normal -8.660182357e-01 -1.744359906e-04 5.000123382e-01
    outer loop
      vertex -9.133936837e-03 -6.202177145e-03 2.306738123e-02
      vertex -9.133022279e-03 -1.100217644e-02 2.306728996e-02
      vertex -8.087711409e-03 -1.100201160e-02 2.487776242e-02
    endloop
  endfacet
  facet normal -8.660182357e-01 -1.744359906e-04 5.000123382e-01
    outer loop
      vertex -9.133936837e-03 -6.202177145e-03 2.306738123e-02
      vertex -8.087711409e-03 -1.100201160e-02 2.487776242e-02
      vertex -8.088625968e-03 -6.202012300e-03 2.487785369e-02
    endloop
  endfacet
  facet normal -7.431349158e-01 -1.542320388e-04 6.691415906e-01
    outer loop
      vertex -8.088625968e-03 -6.202012300e-03 2.487785369e-02
      vertex -8.087711409e-03 -1.100201160e-02 2.487776242e-02
      vertex -6.688825320e-03 -1.100177504e-02 2.643133700e-02
    endloop
  endfacet
  facet normal -7.431349158e-01 -1.542320388e-04 6.691415906e-01
    outer loop
      vertex -8.088625968e-03 -6.202012300e-03 2.487785369e-02
      vertex -6.688825320e-03 -1.100177504e-02 2.643133700e-02
      vertex -6.689739414e-03 -6.201775279e-03 2.643142827e-02
    endloop
  endfacet
  facet normal -5.877733827e-01 -1.272874651e-04 8.090255857e-01
    outer loop
      vertex -6.689739414e-03 -6.201775279e-03 2.643142827e-02
      vertex -6.688825320e-03 -1.100177504e-02 2.643133700e-02
      vertex -4.997501150e-03 -1.100147609e-02 2.766011842e-02
    endloop
  endfacet
  facet normal -5.877733827e-01 -1.272874651e-04 8.090255857e-01
    outer loop
      vertex -6.689739414e-03 -6.201775279e-03 2.643142827e-02
      vertex -4.997501150e-03 -1.100147609e-02 2.766011842e-02
      vertex -4.998415709e-03 -6.201476324e-03 2.766020969e-02
    endloop
  endfacet
  facet normal -4.067230821e-01 -9.477976710e-05 9.135515094e-01
    outer loop
      vertex -4.998415709e-03 -6.201476324e-03 2.766020969e-02
      vertex -4.997501150e-03 -1.100147609e-02 2.766011842e-02
      vertex -3.087658901e-03 -1.100112870e-02 2.851040103e-02
    endloop
  endfacet
  facet normal -4.067230821e-01 -9.477976710e-05 9.135515094e-01
    outer loop
      vertex -4.998415709e-03 -6.201476324e-03 2.766020969e-02
      vertex -3.087658901e-03 -1.100112870e-02 2.851040103e-02
      vertex -3.088573227e-03 -6.201128475e-03 2.851049230e-02
    endloop
  endfacet
  facet normal -2.078974843e-01 -5.812982636e-05 9.781506062e-01
    outer loop
      vertex -3.088573227e-03 -6.201128475e-03 2.851049230e-02
      vertex -3.087658901e-03 -1.100112870e-02 2.851040103e-02
      vertex -1.042767661e-03 -1.100074686e-02 2.894502506e-02
    endloop
  endfacet
  facet normal -2.078974843e-01 -5.812982636e-05 9.781506062e-01
    outer loop
      vertex -3.088573227e-03 -6.201128475e-03 2.851049230e-02
      vertex -1.042767661e-03 -1.100074686e-02 2.894502506e-02
      vertex -1.043681987e-03 -6.200747564e-03 2.894511633e-02
    endloop
  endfacet
  facet normal 1.458068891e-05 -1.893927038e-05 1.000000000e+00
    outer loop
      vertex -1.043681987e-03 -6.200747564e-03 2.894511633e-02
      vertex -1.042767661e-03 -1.100074686e-02 2.894502506e-02
      vertex 1.047801925e-03 -1.100034919e-02 2.894499525e-02
    endloop
  endfacet
  facet normal 1.458068891e-05 -1.893927038e-05 1.000000000e+00
    outer loop
      vertex -1.043681987e-03 -6.200747564e-03 2.894511633e-02
      vertex 1.047801925e-03 -1.100034919e-02 2.894499525e-02
      vertex 1.046887599e-03 -6.200348958e-03 2.894508466e-02
    endloop
  endfacet
  facet normal 2.079259604e-01 2.107901310e-05 9.781445861e-01
    outer loop
      vertex 1.046887599e-03 -6.200348958e-03 2.894508466e-02
      vertex 1.047801925e-03 -1.100034919e-02 2.894499525e-02
      vertex 3.092681058e-03 -1.099995151e-02 2.851031162e-02
    endloop
  endfacet
  facet normal 2.079259604e-01 2.107901310e-05 9.781445861e-01
    outer loop
      vertex 1.046887599e-03 -6.200348958e-03 2.894508466e-02
      vertex 3.092681058e-03 -1.099995151e-02 2.851031162e-02
      vertex 3.091766732e-03 -6.199951284e-03 2.851040103e-02
    endloop
  endfacet
  facet normal 4.067497849e-01 6.017600754e-05 9.135395885e-01
    outer loop
      vertex 3.091766732e-03 -6.199951284e-03 2.851040103e-02
      vertex 3.092681058e-03 -1.099995151e-02 2.851031162e-02
      vertex 5.002498161e-03 -1.099957153e-02 2.765997313e-02
    endloop
  endfacet
  facet normal 4.067497849e-01 6.017600754e-05 9.135395885e-01
    outer loop
      vertex 3.091766732e-03 -6.199951284e-03 2.851040103e-02
      vertex 5.002498161e-03 -1.099957153e-02 2.765997313e-02
      vertex 5.001584068e-03 -6.199571304e-03 2.766006254e-02
    endloop
  endfacet
  facet normal 5.877968073e-01 9.664303798e-05 8.090085983e-01
    outer loop
      vertex 5.001584068e-03 -6.199571304e-03 2.766006254e-02
      vertex 5.002498161e-03 -1.099957153e-02 2.765997313e-02
      vertex 6.693787407e-03 -1.099922601e-02 2.643114142e-02
    endloop
  endfacet
  facet normal 5.877968073e-01 9.664303798e-05 8.090085983e-01
    outer loop
      vertex 5.001584068e-03 -6.199571304e-03 2.766006254e-02
      vertex 6.693787407e-03 -1.099922601e-02 2.643114142e-02
      vertex 6.692872848e-03 -6.199226249e-03 2.643123269e-02
    endloop
  endfacet
  facet normal 7.431545854e-01 1.288863714e-04 6.691197753e-01
    outer loop
      vertex 6.692872848e-03 -6.199226249e-03 2.643123269e-02
      vertex 6.693787407e-03 -1.099922601e-02 2.643114142e-02
      vertex 8.092627861e-03 -1.099892985e-02 2.487752587e-02
    endloop
  endfacet
  facet normal 7.431545854e-01 1.288863714e-04 6.691197753e-01
    outer loop
      vertex 6.692872848e-03 -6.199226249e-03 2.643123269e-02
      vertex 8.092627861e-03 -1.099892985e-02 2.487752587e-02
      vertex 8.091713302e-03 -6.198930088e-03 2.487761714e-02
    endloop
  endfacet
  facet normal 8.660327792e-01 1.554967166e-04 4.999871850e-01
    outer loop
      vertex 8.091713302e-03 -6.198930088e-03 2.487761714e-02
      vertex 8.092627861e-03 -1.099892985e-02 2.487752587e-02
      vertex 9.137886576e-03 -1.099869609e-02 2.306702361e-02
    endloop
  endfacet
  facet normal 8.660327792e-01 1.554967166e-04 4.999871850e-01
    outer loop
      vertex 8.091713302e-03 -6.198930088e-03 2.487761714e-02
      vertex 9.137886576e-03 -1.099869609e-02 2.306702361e-02
      vertex 9.136972018e-03 -6.198696792e-03 2.306711487e-02
    endloop
  endfacet
  facet normal 9.510610104e-01 1.753110701e-04 3.090031147e-01
    outer loop
      vertex 9.136972018e-03 -6.198696792e-03 2.306711487e-02
      vertex 9.137886576e-03 -1.099869609e-02 2.306702361e-02
      vertex 9.783877991e-03 -1.099853590e-02 2.107876539e-02
    endloop
  endfacet
  facet normal 9.510610104e-01 1.753110701e-04 3.090031147e-01
    outer loop
      vertex 9.136972018e-03 -6.198696792e-03 2.306711487e-02
      vertex 9.783877991e-03 -1.099853590e-02 2.107876539e-02
      vertex 9.782964364e-03 -6.198536139e-03 2.107885666e-02
    endloop
  endfacet
  facet normal 9.945234060e-01 1.874635200e-04 1.045138016e-01
    outer loop
      vertex 9.782964364e-03 -6.198536139e-03 2.107885666e-02
      vertex 9.783877991e-03 -1.099853590e-02 2.107876539e-02
      vertex 1.000237186e-02 -1.099845488e-02 1.899964549e-02
    endloop
  endfacet
  facet normal 9.945234060e-01 1.874635200e-04 1.045138016e-01
    outer loop
      vertex 9.782964364e-03 -6.198536139e-03 2.107885666e-02
      vertex 1.000237186e-02 -1.099845488e-02 1.899964549e-02
      vertex 1.000145730e-02 -6.198455114e-03 1.899973676e-02
    endloop
  endfacet
  facet normal -9.945203662e-01 -1.914228924e-04 1.045429483e-01
    outer loop
      vertex -1.000181772e-02 1.099773496e-02 1.900035329e-02
      vertex -1.000090409e-02 6.197735202e-03 1.900026202e-02
      vertex -9.782349691e-03 6.197737530e-03 2.107937634e-02
    endloop
  endfacet
  facet normal -9.945203662e-01 -1.914228924e-04 1.045429483e-01
    outer loop
      vertex -1.000181772e-02 1.099773496e-02 1.900035329e-02
      vertex -9.782349691e-03 6.197737530e-03 2.107937634e-02
      vertex -9.783264250e-03 1.099773683e-02 2.107946761e-02
    endloop
  endfacet
  facet normal -9.510519505e-01 -1.870161796e-04 3.090309501e-01
    outer loop
      vertex -9.783264250e-03 1.099773683e-02 2.107946761e-02
      vertex -9.782349691e-03 6.197737530e-03 2.107937634e-02
      vertex -9.136298671e-03 6.197823212e-03 2.306761593e-02
    endloop
  endfacet
  facet normal -9.510519505e-01 -1.870161796e-04 3.090309501e-01
    outer loop
      vertex -9.783264250e-03 1.099773683e-02 2.107946761e-02
      vertex -9.136298671e-03 6.197823212e-03 2.306761593e-02
      vertex -9.137213230e-03 1.099782251e-02 2.306770720e-02
    endloop
  endfacet
  facet normal -8.660182357e-01 -1.744359906e-04 5.000123382e-01
    outer loop
      vertex -9.137213230e-03 1.099782251e-02 2.306770720e-02
      vertex -9.136298671e-03 6.197823212e-03 2.306761593e-02
      vertex -8.090987802e-03 6.197988056e-03 2.487808838e-02
    endloop
  endfacet
  facet normal -8.660182357e-01 -1.744359906e-04 5.000123382e-01
    outer loop
      vertex -9.137213230e-03 1.099782251e-02 2.306770720e-02
      vertex -8.090987802e-03 6.197988056e-03 2.487808838e-02
      vertex -8.091902360e-03 1.099798735e-02 2.487817965e-02
    endloop
  endfacet
  facet normal -7.431349158e-01 -1.542320388e-04 6.691415906e-01
    outer loop
      vertex -8.091902360e-03 1.099798735e-02 2.487817965e-02
      vertex -8.090987802e-03 6.197988056e-03 2.487808838e-02
      vertex -6.692101713e-03 6.198225077e-03 2.643166296e-02
    endloop
  endfacet
  facet normal -7.431349158e-01 -1.542320388e-04 6.691415906e-01
    outer loop
      vertex -8.091902360e-03 1.099798735e-02 2.487817965e-02
      vertex -6.692101713e-03 6.198225077e-03 2.643166296e-02
      vertex -6.693015806e-03 1.099822484e-02 2.643175423e-02
    endloop
  endfacet
  facet normal -5.877733827e-01 -1.272874651e-04 8.090255857e-01
    outer loop
      vertex -6.693015806e-03 1.099822484e-02 2.643175423e-02
      vertex -6.692101713e-03 6.198225077e-03 2.643166296e-02
      vertex -5.000777543e-03 6.198523566e-03 2.766044438e-02
    endloop
  endfacet
  facet normal -5.877733827e-01 -1.272874651e-04 8.090255857e-01
    outer loop
      vertex -6.693015806e-03 1.099822484e-02 2.643175423e-02
      vertex -5.000777543e-03 6.198523566e-03 2.766044438e-02
      vertex -5.001692101e-03 1.099852379e-02 2.766053565e-02
    endloop
  endfacet
  facet normal -4.067230821e-01 -9.477976710e-05 9.135515094e-01
    outer loop
      vertex -5.001692101e-03 1.099852379e-02 2.766053565e-02
      vertex -5.000777543e-03 6.198523566e-03 2.766044438e-02
      vertex -3.090935294e-03 6.198871415e-03 2.851072699e-02
    endloop
  endfacet
  facet normal -4.067230821e-01 -9.477976710e-05 9.135515094e-01
    outer loop
      vertex -5.001692101e-03 1.099852379e-02 2.766053565e-02
      vertex -3.090935294e-03 6.198871415e-03 2.851072699e-02
      vertex -3.091849620e-03 1.099887118e-02 2.851081826e-02
    endloop
  endfacet
  facet normal -2.078974843e-01 -5.812982636e-05 9.781506062e-01
    outer loop
      vertex -3.091849620e-03 1.099887118e-02 2.851081826e-02
      vertex -3.090935294e-03 6.198871415e-03 2.851072699e-02
      vertex -1.046043937e-03 6.199252792e-03 2.894535102e-02
    endloop
  endfacet
  facet normal -2.078974843e-01 -5.812982636e-05 9.781506062e-01
    outer loop
      vertex -3.091849620e-03 1.099887118e-02 2.851081826e-02
      vertex -1.046043937e-03 6.199252792e-03 2.894535102e-02
      vertex -1.046958263e-03 1.099925209e-02 2.894544229e-02
    endloop
  endfacet
  facet normal 1.458068891e-05 -1.893927038e-05 1.000000000e+00
    outer loop
      vertex -1.046958263e-03 1.099925209e-02 2.894544229e-02
      vertex -1.046043937e-03 6.199252792e-03 2.894535102e-02
      vertex 1.044525532e-03 6.199650932e-03 2.894532122e-02
    endloop
  endfacet
  facet normal 1.458068891e-05 -1.893927038e-05 1.000000000e+00
    outer loop
      vertex -1.046958263e-03 1.099925209e-02 2.894544229e-02
      vertex 1.044525532e-03 6.199650932e-03 2.894532122e-02
      vertex 1.043611206e-03 1.099965069e-02 2.894541062e-02
    endloop
  endfacet
  facet normal 2.079259604e-01 2.107901310e-05 9.781445861e-01
    outer loop
      vertex 1.043611206e-03 1.099965069e-02 2.894541062e-02
      vertex 1.044525532e-03 6.199650932e-03 2.894532122e-02
      vertex 3.089404665e-03 6.200048607e-03 2.851063758e-02
    endloop
  endfacet
  facet normal 2.079259604e-01 2.107901310e-05 9.781445861e-01
    outer loop
      vertex 1.043611206e-03 1.099965069e-02 2.894541062e-02
      vertex 3.089404665e-03 6.200048607e-03 2.851063758e-02
      vertex 3.088490339e-03 1.100004837e-02 2.851072699e-02
    endloop
  endfacet
  facet normal 4.067497849e-01 6.017600754e-05 9.135395885e-01
    outer loop
      vertex 3.088490339e-03 1.100004837e-02 2.851072699e-02
      vertex 3.089404665e-03 6.200048607e-03 2.851063758e-02
      vertex 4.999221768e-03 6.200428586e-03 2.766029909e-02
    endloop
  endfacet
  facet normal 4.067497849e-01 6.017600754e-05 9.135395885e-01
    outer loop
      vertex 3.088490339e-03 1.100004837e-02 2.851072699e-02
      vertex 4.999221768e-03 6.200428586e-03 2.766029909e-02
      vertex 4.998307675e-03 1.100042835e-02 2.766038850e-02
    endloop
  endfacet
  facet normal 5.877968073e-01 9.664303798e-05 8.090085983e-01
    outer loop
      vertex 4.998307675e-03 1.100042835e-02 2.766038850e-02
      vertex 4.999221768e-03 6.200428586e-03 2.766029909e-02
      vertex 6.690511014e-03 6.200774107e-03 2.643146738e-02
    endloop
  endfacet
  facet normal 5.877968073e-01 9.664303798e-05 8.090085983e-01
    outer loop
      vertex 4.998307675e-03 1.100042835e-02 2.766038850e-02
      vertex 6.690511014e-03 6.200774107e-03 2.643146738e-02
      vertex 6.689596456e-03 1.100077387e-02 2.643155865e-02
    endloop
  endfacet
  facet normal 7.431545854e-01 1.288863714e-04 6.691197753e-01
    outer loop
      vertex 6.689596456e-03 1.100077387e-02 2.643155865e-02
      vertex 6.690511014e-03 6.200774107e-03 2.643146738e-02
      vertex 8.089351468e-03 6.201069802e-03 2.487785183e-02
    endloop
  endfacet
  facet normal 7.431545854e-01 1.288863714e-04 6.691197753e-01
    outer loop
      vertex 6.689596456e-03 1.100077387e-02 2.643155865e-02
      vertex 8.089351468e-03 6.201069802e-03 2.487785183e-02
      vertex 8.088436909e-03 1.100107003e-02 2.487794310e-02
    endloop
  endfacet
  facet normal 8.660327792e-01 1.554967166e-04 4.999871850e-01
    outer loop
      vertex 8.088436909e-03 1.100107003e-02 2.487794310e-02
      vertex 8.089351468e-03 6.201069802e-03 2.487785183e-02
      vertex 9.134610184e-03 6.201303564e-03 2.306734957e-02
    endloop
  endfacet
  facet normal 8.660327792e-01 1.554967166e-04 4.999871850e-01
    outer loop
      vertex 8.088436909e-03 1.100107003e-02 2.487794310e-02
      vertex 9.134610184e-03 6.201303564e-03 2.306734957e-02
      vertex 9.133695625e-03 1.100130286e-02 2.306744084e-02
    endloop
  endfacet
  facet normal 9.510610104e-01 1.753110701e-04 3.090031147e-01
    outer loop
      vertex 9.133695625e-03 1.100130286e-02 2.306744084e-02
      vertex 9.134610184e-03 6.201303564e-03 2.306734957e-02
      vertex 9.780601598e-03 6.201464217e-03 2.107909136e-02
    endloop
  endfacet
  facet normal 9.510610104e-01 1.753110701e-04 3.090031147e-01
    outer loop
      vertex 9.133695625e-03 1.100130286e-02 2.306744084e-02
      vertex 9.780601598e-03 6.201464217e-03 2.107909136e-02
      vertex 9.779687971e-03 1.100146398e-02 2.107918262e-02
    endloop
  endfacet
  facet normal 9.945234060e-01 1.874635200e-04 1.045138016e-01
    outer loop
      vertex 9.779687971e-03 1.100146398e-02 2.107918262e-02
      vertex 9.780601598e-03 6.201464217e-03 2.107909136e-02
      vertex 9.999095462e-03 6.201545242e-03 1.899997145e-02
    endloop
  endfacet
  facet normal 9.945234060e-01 1.874635200e-04 1.045138016e-01
    outer loop
      vertex 9.779687971e-03 1.100146398e-02 2.107918262e-02
      vertex 9.999095462e-03 6.201545242e-03 1.899997145e-02
      vertex 9.998180903e-03 1.100154500e-02 1.900006272e-02
    endloop
  endfacet
endsolid waist_roll_link
