solid waist_support_link
  facet normal 2.724230580e-04 4.403556138e-02 9.990299344e-01
    outer loop
      vertex 3.543378413e-02 -2.638128586e-02 1.258387323e-02
      vertex 3.547701240e-02 -2.662483044e-02 1.259459648e-02
      vertex 3.565782681e-02 -2.607038803e-02 1.257010829e-02
    endloop
  endfacet
  facet normal 7.945138350e-06 9.567096829e-01 2.910439074e-01
    outer loop
      vertex -2.105051419e-03 -6.307852268e-02 4.317446053e-02
      vertex 3.208108619e-02 -6.307837367e-02 4.317303747e-02
      vertex 3.208465129e-02 -6.136820093e-02 3.755140305e-02
    endloop
  endfacet
  facet normal 3.648434067e-03 8.475559205e-02 9.963951111e-01
    outer loop
      vertex 3.286354989e-02 -3.540128842e-02 1.323096547e-02
      vertex 3.436052799e-02 -2.998840995e-02 1.276505273e-02
      vertex 3.272105753e-02 -2.975759096e-02 1.275142189e-02
    endloop
  endfacet
  facet normal -3.399634967e-03 4.338478670e-02 9.990526438e-01
    outer loop
      vertex 3.547701240e-02 -2.662483044e-02 1.259459648e-02
      vertex 3.543378413e-02 -2.638128586e-02 1.258387323e-02
      vertex 3.526847437e-02 -2.723995037e-02 1.262059901e-02
    endloop
  endfacet
  facet normal 4.250649828e-03 4.191450030e-02 9.991121888e-01
    outer loop
      vertex 3.526847437e-02 -2.723995037e-02 1.262059901e-02
      vertex 3.543378413e-02 -2.638128586e-02 1.258387323e-02
      vertex 3.454599902e-02 -2.756104060e-02 1.263714302e-02
    endloop
  endfacet
  facet normal -5.376444315e-04 5.266273394e-02 9.986122251e-01
    outer loop
      vertex 3.526847437e-02 -2.723995037e-02 1.262059901e-02
      vertex 3.454599902e-02 -2.756104060e-02 1.263714302e-02
      vertex 3.436052799e-02 -2.998840995e-02 1.276505273e-02
    endloop
  endfacet
  facet normal -4.651925992e-03 5.297566578e-02 9.985849857e-01
    outer loop
      vertex 3.436052799e-02 -2.998840995e-02 1.276505273e-02
      vertex 3.454599902e-02 -2.756104060e-02 1.263714302e-02
      vertex 3.362231329e-02 -2.870825119e-02 1.269370038e-02
    endloop
  endfacet
  facet normal -5.074992660e-04 5.535897613e-02 9.984663725e-01
    outer loop
      vertex 3.436052799e-02 -2.998840995e-02 1.276505273e-02
      vertex 3.362231329e-02 -2.870825119e-02 1.269370038e-02
      vertex 3.272105753e-02 -2.975759096e-02 1.275142189e-02
    endloop
  endfacet
  facet normal 2.752457804e-04 2.336013913e-01 9.723324180e-01
    outer loop
      vertex 3.208510205e-02 -4.246530309e-02 1.459723990e-02
      vertex 3.219598904e-02 -3.930563107e-02 1.383810211e-02
      vertex 2.092871815e-02 -3.923368827e-02 1.382400747e-02
    endloop
  endfacet
  facet normal -2.382067218e-02 8.404354751e-02 9.961773157e-01
    outer loop
      vertex 3.272105753e-02 -2.975759096e-02 1.275142189e-02
      vertex 3.166816384e-02 -3.090542741e-02 1.282308344e-02
      vertex 3.286354989e-02 -3.540128842e-02 1.323096547e-02
    endloop
  endfacet
  facet normal -2.310418757e-03 8.974330872e-02 9.959622622e-01
    outer loop
      vertex 3.286354989e-02 -3.540128842e-02 1.323096547e-02
      vertex 3.166816384e-02 -3.090542741e-02 1.282308344e-02
      vertex 2.733246051e-02 -3.490886465e-02 1.317376364e-02
    endloop
  endfacet
  facet normal 3.409098368e-03 1.530861706e-01 9.882069826e-01
    outer loop
      vertex 3.286354989e-02 -3.540128842e-02 1.323096547e-02
      vertex 2.733246051e-02 -3.490886465e-02 1.317376364e-02
      vertex 3.219598904e-02 -3.930563107e-02 1.383810211e-02
    endloop
  endfacet
  facet normal -9.047245607e-03 1.396034956e-01 9.901661277e-01
    outer loop
      vertex 3.219598904e-02 -3.930563107e-02 1.383810211e-02
      vertex 2.733246051e-02 -3.490886465e-02 1.317376364e-02
      vertex 2.459944412e-02 -3.695238009e-02 1.343690697e-02
    endloop
  endfacet
  facet normal -1.634404471e-04 1.675478816e-01 9.858639240e-01
    outer loop
      vertex 3.219598904e-02 -3.930563107e-02 1.383810211e-02
      vertex 2.459944412e-02 -3.695238009e-02 1.343690697e-02
      vertex 2.092871815e-02 -3.923368827e-02 1.382400747e-02
    endloop
  endfacet
  facet normal 7.866187021e-03 4.619922340e-01 8.868491054e-01
    outer loop
      vertex 3.208292276e-02 -4.837796465e-02 1.709142886e-02
      vertex 3.208495677e-02 -4.625201598e-02 1.598392613e-02
      vertex 6.560467184e-03 -4.428381100e-02 1.518501248e-02
    endloop
  endfacet
  facet normal 2.188391052e-03 4.003405571e-01 9.163638353e-01
    outer loop
      vertex 6.560467184e-03 -4.428381100e-02 1.518501248e-02
      vertex 3.208495677e-02 -4.625201598e-02 1.598392613e-02
      vertex 3.208505735e-02 -4.553720728e-02 1.567164063e-02
    endloop
  endfacet
  facet normal -2.598602092e-03 3.154975474e-01 9.489228129e-01
    outer loop
      vertex 6.560467184e-03 -4.428381100e-02 1.518501248e-02
      vertex 3.208505735e-02 -4.553720728e-02 1.567164063e-02
      vertex 1.389957592e-02 -4.239213839e-02 1.457616780e-02
    endloop
  endfacet
  facet normal 2.344724926e-04 3.301405311e-01 9.439317584e-01
    outer loop
      vertex 1.389957592e-02 -4.239213839e-02 1.457616780e-02
      vertex 3.208505735e-02 -4.553720728e-02 1.567164063e-02
      vertex 3.208510205e-02 -4.246530309e-02 1.459723990e-02
    endloop
  endfacet
  facet normal -3.118046152e-05 2.695951760e-01 9.629737735e-01
    outer loop
      vertex 1.389957592e-02 -4.239213839e-02 1.457616780e-02
      vertex 3.208510205e-02 -4.246530309e-02 1.459723990e-02
      vertex 1.499555446e-02 -4.199263826e-02 1.446435880e-02
    endloop
  endfacet
  facet normal -1.246098778e-03 2.286316007e-01 9.735122323e-01
    outer loop
      vertex 1.499555446e-02 -4.199263826e-02 1.446435880e-02
      vertex 3.208510205e-02 -4.246530309e-02 1.459723990e-02
      vertex 2.092871815e-02 -3.923368827e-02 1.382400747e-02
    endloop
  endfacet
  facet normal 7.874956354e-03 3.836694956e-01 9.234368801e-01
    outer loop
      vertex -6.387707312e-03 -4.458865896e-02 1.529672090e-02
      vertex -9.649738669e-03 -4.407036677e-02 1.510919910e-02
      vertex -3.629406169e-02 -4.854810610e-02 1.719683036e-02
    endloop
  endfacet
  facet normal -6.980981212e-03 3.860205412e-01 9.224637747e-01
    outer loop
      vertex 6.560467184e-03 -4.428381100e-02 1.518501248e-02
      vertex 4.463434685e-03 -4.458874837e-02 1.529674884e-02
      vertex 3.208292276e-02 -4.837796465e-02 1.709142886e-02
    endloop
  endfacet
  facet normal -4.402552266e-03 4.016502202e-01 9.157825708e-01
    outer loop
      vertex 3.208292276e-02 -4.837796465e-02 1.709142886e-02
      vertex 4.463434685e-03 -4.458874837e-02 1.529674884e-02
      vertex 9.305296117e-04 -4.487717524e-02 1.540626492e-02
    endloop
  endfacet
  facet normal 3.026236955e-04 4.359166026e-01 8.999869823e-01
    outer loop
      vertex 3.208292276e-02 -4.837796465e-02 1.709142886e-02
      vertex 9.305296117e-04 -4.487717524e-02 1.540626492e-02
      vertex -3.629406169e-02 -4.854810610e-02 1.719683036e-02
    endloop
  endfacet
  facet normal 4.344651243e-04 4.348348379e-01 9.005101323e-01
    outer loop
      vertex -3.629406169e-02 -4.854810610e-02 1.719683036e-02
      vertex 9.305296117e-04 -4.487717524e-02 1.540626492e-02
      vertex -3.301914316e-03 -4.485610500e-02 1.539813261e-02
    endloop
  endfacet
  facet normal 4.828180186e-03 4.027715921e-01 9.152877927e-01
    outer loop
      vertex -3.629406169e-02 -4.854810610e-02 1.719683036e-02
      vertex -3.301914316e-03 -4.485610500e-02 1.539813261e-02
      vertex -6.387707312e-03 -4.458865896e-02 1.529672090e-02
    endloop
  endfacet
  facet normal -1.017764327e-03 8.197013140e-01 5.727903247e-01
    outer loop
      vertex -3.629160672e-02 -5.612627044e-02 2.504266798e-02
      vertex 3.208388016e-02 -5.655542389e-02 2.577830851e-02
      vertex -3.629111499e-02 -5.392790213e-02 2.189665660e-02
    endloop
  endfacet
  facet normal 9.142552735e-04 8.355170488e-01 5.494637489e-01
    outer loop
      vertex -3.629111499e-02 -5.392790213e-02 2.189665660e-02
      vertex 3.208388016e-02 -5.655542389e-02 2.577830851e-02
      vertex 3.208279982e-02 -5.437922850e-02 2.246917784e-02
    endloop
  endfacet
  facet normal -4.699158308e-04 7.572778463e-01 6.530926824e-01
    outer loop
      vertex -3.629111499e-02 -5.392790213e-02 2.189665660e-02
      vertex 3.208279982e-02 -5.437922850e-02 2.246917784e-02
      vertex -3.629106283e-02 -5.313894525e-02 2.098184079e-02
    endloop
  endfacet
  facet normal -4.367201200e-06 7.679102421e-01 6.405574679e-01
    outer loop
      vertex -3.629106283e-02 -5.313894525e-02 2.098184079e-02
      vertex 3.208279982e-02 -5.437922850e-02 2.246917784e-02
      vertex 3.208209574e-02 -5.313873664e-02 2.098205686e-02
    endloop
  endfacet
  facet normal -4.392355549e-06 7.030351162e-01 7.111551166e-01
    outer loop
      vertex -3.629106283e-02 -5.313894525e-02 2.098184079e-02
      vertex 3.208209574e-02 -5.313873664e-02 2.098205686e-02
      vertex -3.629210964e-02 -5.153993145e-02 1.940108463e-02
    endloop
  endfacet
  facet normal 5.485548172e-04 7.148934007e-01 6.992332339e-01
    outer loop
      vertex -3.629210964e-02 -5.153993145e-02 1.940108463e-02
      vertex 3.208209574e-02 -5.313873664e-02 2.098205686e-02
      vertex 3.208142892e-02 -5.202725902e-02 1.984568685e-02
    endloop
  endfacet
  facet normal -1.007451327e-03 5.931549668e-01 8.050876856e-01
    outer loop
      vertex -3.629210964e-02 -5.153993145e-02 1.940108463e-02
      vertex 3.208142892e-02 -5.202725902e-02 1.984568685e-02
      vertex -3.629406169e-02 -4.854810610e-02 1.719683036e-02
    endloop
  endfacet
  facet normal 1.213948592e-03 6.207578778e-01 7.840014100e-01
    outer loop
      vertex -3.629406169e-02 -4.854810610e-02 1.719683036e-02
      vertex 3.208142892e-02 -5.202725902e-02 1.984568685e-02
      vertex 3.208190203e-02 -4.918063059e-02 1.759177819e-02
    endloop
  endfacet
  facet normal -8.163529856e-06 5.289973617e-01 8.486234546e-01
    outer loop
      vertex -3.629406169e-02 -4.854810610e-02 1.719683036e-02
      vertex 3.208190203e-02 -4.918063059e-02 1.759177819e-02
      vertex 3.208292276e-02 -4.837796465e-02 1.709142886e-02
    endloop
  endfacet
  facet normal 1.107029748e-04 8.682080507e-01 4.962003529e-01
    outer loop
      vertex -3.629160672e-02 -5.612627044e-02 2.504266798e-02
      vertex -3.629260138e-02 -5.685291067e-02 2.631407976e-02
      vertex 3.208388016e-02 -5.655542389e-02 2.577830851e-02
    endloop
  endfacet
  facet normal -4.071490839e-04 8.954207897e-01 4.452206492e-01
    outer loop
      vertex 3.208388016e-02 -5.655542389e-02 2.577830851e-02
      vertex -3.629260138e-02 -5.685291067e-02 2.631407976e-02
      vertex -3.629437834e-02 -5.813941732e-02 2.890148014e-02
    endloop
  endfacet
  facet normal -8.955909871e-04 8.996263146e-01 4.366597235e-01
    outer loop
      vertex 3.208388016e-02 -5.655542389e-02 2.577830851e-02
      vertex -3.629437834e-02 -5.813941732e-02 2.890148014e-02
      vertex 3.208466247e-02 -5.877966061e-02 3.036078438e-02
    endloop
  endfacet
  facet normal 7.357714931e-04 9.279701710e-01 3.726538122e-01
    outer loop
      vertex -3.629437834e-02 -5.813941732e-02 2.890148014e-02
      vertex -3.629511595e-02 -6.013417616e-02 3.386876360e-02
      vertex 3.208466247e-02 -5.877966061e-02 3.036078438e-02
    endloop
  endfacet
  facet normal -2.033245750e-03 9.455512762e-01 3.254668713e-01
    outer loop
      vertex 3.208466247e-02 -5.877966061e-02 3.036078438e-02
      vertex -3.629511595e-02 -6.013417616e-02 3.386876360e-02
      vertex -3.629419580e-02 -6.083268300e-02 3.589808196e-02
    endloop
  endfacet
  facet normal -8.209017105e-04 9.408905506e-01 3.387098014e-01
    outer loop
      vertex 3.208466247e-02 -5.877966061e-02 3.036078438e-02
      vertex -3.629419580e-02 -6.083268300e-02 3.589808196e-02
      vertex 3.208465129e-02 -6.136820093e-02 3.755140305e-02
    endloop
  endfacet
  facet normal -1.358859299e-04 9.496788979e-01 3.132251799e-01
    outer loop
      vertex 3.208465129e-02 -6.136820093e-02 3.755140305e-02
      vertex -3.629419580e-02 -6.083268300e-02 3.589808196e-02
      vertex -3.629396856e-02 -6.099260226e-02 3.638294712e-02
    endloop
  endfacet
  facet normal 2.558830893e-04 9.562888741e-01 2.924234569e-01
    outer loop
      vertex 3.208465129e-02 -6.136820093e-02 3.755140305e-02
      vertex -3.629396856e-02 -6.099260226e-02 3.638294712e-02
      vertex -2.105051419e-03 -6.307852268e-02 4.317446053e-02
    endloop
  endfacet
  facet normal -1.291418012e-04 9.557454586e-01 2.941947877e-01
    outer loop
      vertex -2.105051419e-03 -6.307852268e-02 4.317446053e-02
      vertex -3.629396856e-02 -6.099260226e-02 3.638294712e-02
      vertex -3.629322723e-02 -6.294125319e-02 4.271350801e-02
    endloop
  endfacet
  facet normal -1.496685218e-05 9.581016898e-01 2.864282727e-01
    outer loop
      vertex -2.105051419e-03 -6.307852268e-02 4.317446053e-02
      vertex -3.629322723e-02 -6.294125319e-02 4.271350801e-02
      vertex -3.629127517e-02 -6.307858229e-02 4.317287356e-02
    endloop
  endfacet
  facet normal -1.524815016e-04 2.691279054e-01 9.631044269e-01
    outer loop
      vertex -1.691923104e-02 -4.199263826e-02 1.446435880e-02
      vertex -3.629493341e-02 -4.239309207e-02 1.457319316e-02
      vertex -1.582325250e-02 -4.239213839e-02 1.457616780e-02
    endloop
  endfacet
  facet normal -1.525547996e-04 3.257583380e-01 9.454530478e-01
    outer loop
      vertex -1.582325250e-02 -4.239213839e-02 1.457616780e-02
      vertex -3.629493341e-02 -4.239309207e-02 1.457319316e-02
      vertex -3.629500419e-02 -4.533687606e-02 1.558748167e-02
    endloop
  endfacet
  facet normal 2.308444586e-03 3.104164004e-01 9.505978823e-01
    outer loop
      vertex -1.582325250e-02 -4.239213839e-02 1.457616780e-02
      vertex -3.629500419e-02 -4.533687606e-02 1.558748167e-02
      vertex -9.649738669e-03 -4.407036677e-02 1.510919910e-02
    endloop
  endfacet
  facet normal -3.207391826e-03 4.116362333e-01 9.113426208e-01
    outer loop
      vertex -9.649738669e-03 -4.407036677e-02 1.510919910e-02
      vertex -3.629500419e-02 -4.533687606e-02 1.558748167e-02
      vertex -3.629467636e-02 -4.692373052e-02 1.630423591e-02
    endloop
  endfacet
  facet normal -1.226356532e-02 4.815425277e-01 8.763369322e-01
    outer loop
      vertex -9.649738669e-03 -4.407036677e-02 1.510919910e-02
      vertex -3.629467636e-02 -4.692373052e-02 1.630423591e-02
      vertex -3.629406169e-02 -4.854810610e-02 1.719683036e-02
    endloop
  endfacet
  facet normal 7.659469848e-04 2.275856435e-01 9.737577438e-01
    outer loop
      vertex -1.691923104e-02 -4.199263826e-02 1.446435880e-02
      vertex -2.286203206e-02 -3.922832385e-02 1.382296067e-02
      vertex -3.629493341e-02 -4.239309207e-02 1.457319316e-02
    endloop
  endfacet
  facet normal 1.132164709e-02 1.848997921e-01 9.826921821e-01
    outer loop
      vertex -3.629493341e-02 -4.239309207e-02 1.457319316e-02
      vertex -2.286203206e-02 -3.922832385e-02 1.382296067e-02
      vertex -2.652312443e-02 -3.695238009e-02 1.343690697e-02
    endloop
  endfacet
  facet normal -3.212283179e-02 2.592888772e-01 9.652654529e-01
    outer loop
      vertex -3.629493341e-02 -4.239309207e-02 1.457319316e-02
      vertex -2.652312443e-02 -3.695238009e-02 1.343690697e-02
      vertex -3.629447892e-02 -4.134077206e-02 1.429053489e-02
    endloop
  endfacet
  facet normal -2.986469481e-04 1.915813535e-01 9.814766645e-01
    outer loop
      vertex -3.629447892e-02 -4.134077206e-02 1.429053489e-02
      vertex -2.652312443e-02 -3.695238009e-02 1.343690697e-02
      vertex -3.631172329e-02 -3.702983633e-02 1.344904769e-02
    endloop
  endfacet
  facet normal 2.172283566e-04 1.280011833e-01 9.917739630e-01
    outer loop
      vertex -2.652312443e-02 -3.695238009e-02 1.343690697e-02
      vertex -2.925613709e-02 -3.490886465e-02 1.317376364e-02
      vertex -3.631172329e-02 -3.702983633e-02 1.344904769e-02
    endloop
  endfacet
  facet normal 9.498922154e-03 9.756740183e-02 9.951835871e-01
    outer loop
      vertex -3.631172329e-02 -3.702983633e-02 1.344904769e-02
      vertex -2.925613709e-02 -3.490886465e-02 1.317376364e-02
      vertex -3.357313946e-02 -3.092509694e-02 1.282440219e-02
    endloop
  endfacet
  facet normal -1.217404287e-02 1.071856096e-01 9.941644669e-01
    outer loop
      vertex -3.631172329e-02 -3.702983633e-02 1.344904769e-02
      vertex -3.357313946e-02 -3.092509694e-02 1.282440219e-02
      vertex -3.681463003e-02 -3.206116334e-02 1.290719304e-02
    endloop
  endfacet
  facet normal 2.742874669e-03 6.489510089e-02 9.978883266e-01
    outer loop
      vertex -3.681463003e-02 -3.206116334e-02 1.290719304e-02
      vertex -3.357313946e-02 -3.092509694e-02 1.282440219e-02
      vertex -3.464472666e-02 -2.975759096e-02 1.275142189e-02
    endloop
  endfacet
  facet normal 8.635582635e-04 6.665773690e-02 9.977755547e-01
    outer loop
      vertex -3.681463003e-02 -3.206116334e-02 1.290719304e-02
      vertex -3.464472666e-02 -2.975759096e-02 1.275142189e-02
      vertex -3.724788129e-02 -2.945760079e-02 1.273363363e-02
    endloop
  endfacet
  facet normal -5.420995294e-04 5.450394750e-02 9.985134006e-01
    outer loop
      vertex -3.724788129e-02 -2.945760079e-02 1.273363363e-02
      vertex -3.464472666e-02 -2.975759096e-02 1.275142189e-02
      vertex -3.553324565e-02 -2.872353978e-02 1.269449573e-02
    endloop
  endfacet
  facet normal 2.264065202e-03 4.796699807e-02 9.988463521e-01
    outer loop
      vertex -3.724788129e-02 -2.945760079e-02 1.273363363e-02
      vertex -3.553324565e-02 -2.872353978e-02 1.269449573e-02
      vertex -3.785433248e-02 -2.568409033e-02 1.255379524e-02
    endloop
  endfacet
  facet normal 4.303606227e-03 -8.487978578e-02 9.963818789e-01
    outer loop
      vertex -3.464449570e-02 2.992389910e-02 1.275137719e-02
      vertex -3.639097884e-02 3.580821678e-02 1.326019410e-02
      vertex -3.724811599e-02 2.950799279e-02 1.272719260e-02
    endloop
  endfacet
  facet normal -1.393444370e-03 -4.935507476e-02 9.987803102e-01
    outer loop
      vertex -3.464449570e-02 2.992389910e-02 1.275137719e-02
      vertex -3.724811599e-02 2.950799279e-02 1.272719260e-02
      vertex -3.698845953e-02 2.704748325e-02 1.260596793e-02
    endloop
  endfacet
  facet normal 1.277613174e-02 -2.169222832e-01 9.761052728e-01
    outer loop
      vertex -2.518558875e-02 3.800674900e-02 1.357442793e-02
      vertex -1.974375360e-02 4.097604379e-02 1.416307408e-02
      vertex -3.629487753e-02 4.422241077e-02 1.510115806e-02
    endloop
  endfacet
  facet normal 2.700415254e-02 -1.926682740e-01 9.808923006e-01
    outer loop
      vertex -2.518558875e-02 3.800674900e-02 1.357442793e-02
      vertex -3.629487753e-02 4.422241077e-02 1.510115806e-02
      vertex -2.652428672e-02 3.711761162e-02 1.343663689e-02
    endloop
  endfacet
  facet normal 1.768493280e-02 -8.092386276e-02 9.965633750e-01
    outer loop
      vertex -3.464449570e-02 2.992389910e-02 1.275137719e-02
      vertex -3.305995092e-02 3.162206337e-02 1.286115404e-02
      vertex -3.639097884e-02 3.580821678e-02 1.326019410e-02
    endloop
  endfacet
  facet normal 7.050926797e-04 -9.433759749e-02 9.955400229e-01
    outer loop
      vertex -3.639097884e-02 3.580821678e-02 1.326019410e-02
      vertex -3.305995092e-02 3.162206337e-02 1.286115404e-02
      vertex -2.858578041e-02 3.560649976e-02 1.323555131e-02
    endloop
  endfacet
  facet normal -1.080084010e-03 -1.623371989e-01 9.867347479e-01
    outer loop
      vertex -3.639097884e-02 3.580821678e-02 1.326019410e-02
      vertex -2.858578041e-02 3.560649976e-02 1.323555131e-02
      vertex -3.628835082e-02 4.010128602e-02 1.396660041e-02
    endloop
  endfacet
  facet normal 9.506579489e-03 -1.446350515e-01 9.894394279e-01
    outer loop
      vertex -3.628835082e-02 4.010128602e-02 1.396660041e-02
      vertex -2.858578041e-02 3.560649976e-02 1.323555131e-02
      vertex -2.652428672e-02 3.711761162e-02 1.343663689e-02
    endloop
  endfacet
  facet normal -1.607064903e-02 -2.256092578e-01 9.740853310e-01
    outer loop
      vertex -3.628835082e-02 4.010128602e-02 1.396660041e-02
      vertex -2.652428672e-02 3.711761162e-02 1.343663689e-02
      vertex -3.629387170e-02 4.158514366e-02 1.431018766e-02
    endloop
  endfacet
  facet normal -4.568306729e-02 -2.869940698e-01 9.568424225e-01
    outer loop
      vertex -3.629387170e-02 4.158514366e-02 1.431018766e-02
      vertex -2.652428672e-02 3.711761162e-02 1.343663689e-02
      vertex -3.629487753e-02 4.422241077e-02 1.510115806e-02
    endloop
  endfacet
  facet normal 5.298022181e-03 -3.402339816e-01 9.403258562e-01
    outer loop
      vertex -7.513356861e-03 4.460355267e-02 1.524044108e-02
      vertex -3.629451245e-02 4.707847163e-02 1.629809104e-02
      vertex -1.395404339e-02 4.316669330e-02 1.475683693e-02
    endloop
  endfacet
  facet normal -4.050329793e-03 -3.865113556e-01 9.222757816e-01
    outer loop
      vertex -1.395404339e-02 4.316669330e-02 1.475683693e-02
      vertex -3.629451245e-02 4.707847163e-02 1.629809104e-02
      vertex -3.629487753e-02 4.422241077e-02 1.510115806e-02
    endloop
  endfacet
  facet normal 1.421256806e-03 -2.827621698e-01 9.591889977e-01
    outer loop
      vertex -1.395404339e-02 4.316669330e-02 1.475683693e-02
      vertex -3.629487753e-02 4.422241077e-02 1.510115806e-02
      vertex -1.691972092e-02 4.215849563e-02 1.446402166e-02
    endloop
  endfacet
  facet normal 4.447758663e-03 -2.566091418e-01 9.665050507e-01
    outer loop
      vertex -1.691972092e-02 4.215849563e-02 1.446402166e-02
      vertex -3.629487753e-02 4.422241077e-02 1.510115806e-02
      vertex -1.974375360e-02 4.097604379e-02 1.416307408e-02
    endloop
  endfacet
  facet normal 8.858689107e-03 -4.041805863e-01 9.146363139e-01
    outer loop
      vertex -6.386567838e-03 4.475484416e-02 1.529638376e-02
      vertex -3.629380837e-02 4.943857715e-02 1.765580662e-02
      vertex -7.513356861e-03 4.460355267e-02 1.524044108e-02
    endloop
  endfacet
  facet normal -1.460287813e-02 -5.150582790e-01 8.570307493e-01
    outer loop
      vertex -7.513356861e-03 4.460355267e-02 1.524044108e-02
      vertex -3.629380837e-02 4.943857715e-02 1.765580662e-02
      vertex -3.629419580e-02 4.781815037e-02 1.668195613e-02
    endloop
  endfacet
  facet normal -6.992095616e-03 -4.606136680e-01 8.875731826e-01
    outer loop
      vertex -7.513356861e-03 4.460355267e-02 1.524044108e-02
      vertex -3.629419580e-02 4.781815037e-02 1.668195613e-02
      vertex -3.629451245e-02 4.707847163e-02 1.629809104e-02
    endloop
  endfacet
  facet normal 1.475247409e-04 -3.210771680e-01 9.470530152e-01
    outer loop
      vertex 3.208511695e-02 4.316751286e-02 1.475399081e-02
      vertex 3.208520263e-02 4.467808828e-02 1.526611764e-02
      vertex 1.203036681e-02 4.316669330e-02 1.475683693e-02
    endloop
  endfacet
  facet normal 1.010924170e-04 -3.205241561e-01 9.472403526e-01
    outer loop
      vertex 1.203036681e-02 4.316669330e-02 1.475683693e-02
      vertex 3.208520263e-02 4.467808828e-02 1.526611764e-02
      vertex 4.788172897e-03 4.471414909e-02 1.528123301e-02
    endloop
  endfacet
  facet normal -3.798798192e-03 -4.319543540e-01 9.018874764e-01
    outer loop
      vertex -2.572853584e-03 4.505416378e-02 1.541009825e-02
      vertex 4.462476820e-03 4.475490376e-02 1.529640239e-02
      vertex 3.208395094e-02 4.943844303e-02 1.765590347e-02
    endloop
  endfacet
  facet normal -8.645122871e-03 -4.087682962e-01 9.125972390e-01
    outer loop
      vertex 3.208395094e-02 4.943844303e-02 1.765590347e-02
      vertex 4.462476820e-03 4.475490376e-02 1.529640239e-02
      vertex 4.788172897e-03 4.471414909e-02 1.528123301e-02
    endloop
  endfacet
  facet normal 1.539055817e-02 -5.186214447e-01 8.548654318e-01
    outer loop
      vertex 3.208395094e-02 4.943844303e-02 1.765590347e-02
      vertex 4.788172897e-03 4.471414909e-02 1.528123301e-02
      vertex 3.208463266e-02 4.798401520e-02 1.677353308e-02
    endloop
  endfacet
  facet normal -4.424555664e-05 -4.148793817e-01 9.098764062e-01
    outer loop
      vertex 3.208463266e-02 4.798401520e-02 1.677353308e-02
      vertex 4.788172897e-03 4.471414909e-02 1.528123301e-02
      vertex 3.208520263e-02 4.467808828e-02 1.526611764e-02
    endloop
  endfacet
  facet normal 1.355004497e-04 -7.584234476e-01 6.517621279e-01
    outer loop
      vertex 3.208083659e-02 5.373496935e-02 2.146647125e-02
      vertex -3.629123420e-02 5.414010212e-02 2.195211872e-02
      vertex -3.629115224e-02 5.331129953e-02 2.098768204e-02
    endloop
  endfacet
  facet normal -6.773236673e-04 -6.989296079e-01 7.151901722e-01
    outer loop
      vertex 3.208083659e-02 5.373496935e-02 2.146647125e-02
      vertex -3.629115224e-02 5.331129953e-02 2.098768204e-02
      vertex 3.208209574e-02 5.104542896e-02 1.883808151e-02
    endloop
  endfacet
  facet normal 5.876683164e-03 -4.196994305e-01 9.076441526e-01
    outer loop
      vertex -6.386567838e-03 4.475484416e-02 1.529638376e-02
      vertex -2.572853584e-03 4.505416378e-02 1.541009825e-02
      vertex -3.629380837e-02 4.943857715e-02 1.765580662e-02
    endloop
  endfacet
  facet normal -2.154891718e-06 -4.558942020e-01 8.900339603e-01
    outer loop
      vertex -3.629380837e-02 4.943857715e-02 1.765580662e-02
      vertex -2.572853584e-03 4.505416378e-02 1.541009825e-02
      vertex 3.208395094e-02 4.943844303e-02 1.765590347e-02
    endloop
  endfacet
  facet normal -2.294701744e-06 -5.833988786e-01 8.121857643e-01
    outer loop
      vertex -3.629380837e-02 4.943857715e-02 1.765580662e-02
      vertex 3.208395094e-02 4.943844303e-02 1.765590347e-02
      vertex -3.629315645e-02 5.067425594e-02 1.854340360e-02
    endloop
  endfacet
  facet normal -2.547549375e-04 -5.925763249e-01 8.055142760e-01
    outer loop
      vertex -3.629315645e-02 5.067425594e-02 1.854340360e-02
      vertex 3.208395094e-02 4.943844303e-02 1.765590347e-02
      vertex 3.208209574e-02 5.104542896e-02 1.883808151e-02
    endloop
  endfacet
  facet normal 1.787716465e-04 -6.417756677e-01 7.668924332e-01
    outer loop
      vertex -3.629315645e-02 5.067425594e-02 1.854340360e-02
      vertex 3.208209574e-02 5.104542896e-02 1.883808151e-02
      vertex -3.629204631e-02 5.182154104e-02 1.950351149e-02
    endloop
  endfacet
  facet normal -1.116622589e-03 -7.057760954e-01 7.084340453e-01
    outer loop
      vertex -3.629204631e-02 5.182154104e-02 1.950351149e-02
      vertex 3.208209574e-02 5.104542896e-02 1.883808151e-02
      vertex -3.629115224e-02 5.331129953e-02 2.098768204e-02
    endloop
  endfacet
  facet normal -5.632520188e-04 -8.054707050e-01 5.926353335e-01
    outer loop
      vertex -3.629123420e-02 5.414010212e-02 2.195211872e-02
      vertex 3.208083659e-02 5.373496935e-02 2.146647125e-02
      vertex -3.629136458e-02 5.554438755e-02 2.386073023e-02
    endloop
  endfacet
  facet normal -6.336831138e-04 -8.064206243e-01 5.913419724e-01
    outer loop
      vertex -3.629136458e-02 5.554438755e-02 2.386073023e-02
      vertex 3.208083659e-02 5.373496935e-02 2.146647125e-02
      vertex 3.208133578e-02 5.595242605e-02 2.449044585e-02
    endloop
  endfacet
  facet normal 5.368504208e-04 -8.648164868e-01 5.020877719e-01
    outer loop
      vertex -3.629136458e-02 5.554438755e-02 2.386073023e-02
      vertex 3.208133578e-02 5.595242605e-02 2.449044585e-02
      vertex -3.629336506e-02 5.750895664e-02 2.724458650e-02
    endloop
  endfacet
  facet normal 2.357829771e-06 -9.552060366e-01 2.959415913e-01
    outer loop
      vertex 3.208120912e-02 6.323382258e-02 4.313585907e-02
      vertex 3.208108619e-02 6.324534118e-02 4.317303747e-02
      vertex -3.201807290e-02 6.324535608e-02 4.317359626e-02
    endloop
  endfacet
  facet normal 1.518825229e-06 -9.556084871e-01 2.946394980e-01
    outer loop
      vertex 3.208120912e-02 6.323382258e-02 4.313585907e-02
      vertex -3.201807290e-02 6.324535608e-02 4.317359626e-02
      vertex 3.207993507e-02 6.103953347e-02 3.601910174e-02
    endloop
  endfacet
  facet normal -2.860912646e-04 -8.736098409e-01 4.866269529e-01
    outer loop
      vertex 3.208133578e-02 5.595242605e-02 2.449044585e-02
      vertex 3.208433092e-02 5.770553276e-02 2.763768658e-02
      vertex -3.629336506e-02 5.750895664e-02 2.724458650e-02
    endloop
  endfacet
  facet normal 1.214165532e-04 -9.026924372e-01 4.302863181e-01
    outer loop
      vertex -3.629336506e-02 5.750895664e-02 2.724458650e-02
      vertex 3.208433092e-02 5.770553276e-02 2.763768658e-02
      vertex 3.208464012e-02 5.826846883e-02 2.881866321e-02
    endloop
  endfacet
  facet normal 7.643986610e-04 -9.132314920e-01 4.074403644e-01
    outer loop
      vertex -3.629336506e-02 5.750895664e-02 2.724458650e-02
      vertex 3.208464012e-02 5.826846883e-02 2.881866321e-02
      vertex -3.629483655e-02 5.943439528e-02 3.156024218e-02
    endloop
  endfacet
  facet normal -9.024816100e-04 -9.281483293e-01 3.722093999e-01
    outer loop
      vertex -3.629483655e-02 5.943439528e-02 3.156024218e-02
      vertex 3.208464012e-02 5.826846883e-02 2.881866321e-02
      vertex 3.207807615e-02 6.036233529e-02 3.403995186e-02
    endloop
  endfacet
  facet normal 5.371043808e-04 -9.413421750e-01 3.374530971e-01
    outer loop
      vertex -3.629483655e-02 5.943439528e-02 3.156024218e-02
      vertex 3.207807615e-02 6.036233529e-02 3.403995186e-02
      vertex -3.629406914e-02 6.112235412e-02 3.626888618e-02
    endloop
  endfacet
  facet normal 3.653794993e-04 -9.430131912e-01 3.327552378e-01
    outer loop
      vertex -3.629406914e-02 6.112235412e-02 3.626888618e-02
      vertex 3.207807615e-02 6.036233529e-02 3.403995186e-02
      vertex 3.207781166e-02 6.045582518e-02 3.430489823e-02
    endloop
  endfacet
  facet normal -3.088133235e-04 -9.501754642e-01 3.117153943e-01
    outer loop
      vertex -3.629406914e-02 6.112235412e-02 3.626888618e-02
      vertex 3.207781166e-02 6.045582518e-02 3.430489823e-02
      vertex -3.629402816e-02 6.115743145e-02 3.637580946e-02
    endloop
  endfacet
  facet normal 4.936428013e-05 -9.466246963e-01 3.223378062e-01
    outer loop
      vertex -3.629402816e-02 6.115743145e-02 3.637580946e-02
      vertex 3.207781166e-02 6.045582518e-02 3.430489823e-02
      vertex 3.207993507e-02 6.103953347e-02 3.601910174e-02
    endloop
  endfacet
  facet normal -5.982360017e-05 -9.528429508e-01 3.034638166e-01
    outer loop
      vertex -3.629402816e-02 6.115743145e-02 3.637580946e-02
      vertex 3.207993507e-02 6.103953347e-02 3.601910174e-02
      vertex -3.629216179e-02 6.184568629e-02 3.853685409e-02
    endloop
  endfacet
  facet normal -6.246455014e-04 -9.571740627e-01 2.895123065e-01
    outer loop
      vertex -3.629216179e-02 6.184568629e-02 3.853685409e-02
      vertex 3.207993507e-02 6.103953347e-02 3.601910174e-02
      vertex -3.201807290e-02 6.324535608e-02 4.317359626e-02
    endloop
  endfacet
  facet normal -7.351359091e-05 -9.573149681e-01 2.890467942e-01
    outer loop
      vertex -3.629216179e-02 6.184568629e-02 3.853685409e-02
      vertex -3.201807290e-02 6.324535608e-02 4.317359626e-02
      vertex -3.629123792e-02 6.324546039e-02 4.317285493e-02
    endloop
  endfacet
  facet normal 1.476840844e-04 -2.785105705e-01 9.604331255e-01
    outer loop
      vertex 1.203036681e-02 4.316669330e-02 1.475683693e-02
      vertex 1.499565877e-02 4.215864465e-02 1.446406264e-02
      vertex 3.208511695e-02 4.316751286e-02 1.475399081e-02
    endloop
  endfacet
  facet normal -1.007104293e-03 -2.604051232e-01 9.654989243e-01
    outer loop
      vertex 3.208511695e-02 4.316751286e-02 1.475399081e-02
      vertex 1.499565877e-02 4.215864465e-02 1.446406264e-02
      vertex 1.595352218e-02 4.178277776e-02 1.436368655e-02
    endloop
  endfacet
  facet normal -1.048410428e-03 -2.599578798e-01 9.656193852e-01
    outer loop
      vertex 3.208511695e-02 4.316751286e-02 1.475399081e-02
      vertex 1.595352218e-02 4.178277776e-02 1.436368655e-02
      vertex 3.209585696e-02 4.087262973e-02 1.413618866e-02
    endloop
  endfacet
  facet normal 1.732770004e-03 -2.134630978e-01 9.769495726e-01
    outer loop
      vertex 1.595352218e-02 4.178277776e-02 1.436368655e-02
      vertex 2.152527869e-02 3.906160221e-02 1.375922840e-02
      vertex 3.209585696e-02 4.087262973e-02 1.413618866e-02
    endloop
  endfacet
  facet normal -5.603021011e-03 -1.723263413e-01 9.850239754e-01
    outer loop
      vertex 3.209585696e-02 4.087262973e-02 1.413618866e-02
      vertex 2.152527869e-02 3.906160221e-02 1.375922840e-02
      vertex 2.460003830e-02 3.711801395e-02 1.343669463e-02
    endloop
  endfacet
  facet normal 1.337277121e-03 -1.857305020e-01 9.825997949e-01
    outer loop
      vertex 3.209585696e-02 4.087262973e-02 1.413618866e-02
      vertex 2.460003830e-02 3.711801395e-02 1.343669463e-02
      vertex 3.248658031e-02 3.742186353e-02 1.348339487e-02
    endloop
  endfacet
  facet normal -7.481148932e-04 -1.329139322e-01 9.911273122e-01
    outer loop
      vertex 3.248658031e-02 3.742186353e-02 1.348339487e-02
      vertex 2.460003830e-02 3.711801395e-02 1.343669463e-02
      vertex 2.666210383e-02 3.560649976e-02 1.323555131e-02
    endloop
  endfacet
  facet normal -5.264263600e-03 -1.186689138e-01 9.929199219e-01
    outer loop
      vertex 3.248658031e-02 3.742186353e-02 1.348339487e-02
      vertex 2.666210383e-02 3.560649976e-02 1.323555131e-02
      vertex 3.342418373e-02 3.332152590e-02 1.299831364e-02
    endloop
  endfacet
  facet normal 5.434314255e-03 -8.734463155e-02 9.961633086e-01
    outer loop
      vertex 2.666210383e-02 3.560649976e-02 1.323555131e-02
      vertex 3.116502799e-02 3.159276769e-02 1.285905857e-02
      vertex 3.342418373e-02 3.332152590e-02 1.299831364e-02
    endloop
  endfacet
  facet normal -7.139879279e-03 -7.101619989e-02 9.974496365e-01
    outer loop
      vertex 3.342418373e-02 3.332152590e-02 1.299831364e-02
      vertex 3.116502799e-02 3.159276769e-02 1.285905857e-02
      vertex 3.272083029e-02 2.992389910e-02 1.275137533e-02
    endloop
  endfacet
  facet normal -1.695091650e-02 -6.898692250e-02 9.974735379e-01
    outer loop
      vertex 3.342418373e-02 3.332152590e-02 1.299831364e-02
      vertex 3.272083029e-02 2.992389910e-02 1.275137533e-02
      vertex 3.526850790e-02 2.740680985e-02 1.262058411e-02
    endloop
  endfacet
  facet normal 1.880433119e-04 -4.406503960e-02 9.990286231e-01
    outer loop
      vertex 3.565831855e-02 2.623572759e-02 1.257005055e-02
      vertex 3.554258496e-02 2.659278922e-02 1.258582156e-02
      vertex 3.537824750e-02 2.661877684e-02 1.258699875e-02
    endloop
  endfacet
  facet normal 4.327838833e-04 -4.252040759e-02 9.990954995e-01
    outer loop
      vertex 3.537824750e-02 2.661877684e-02 1.258699875e-02
      vertex 3.554258496e-02 2.659278922e-02 1.258582156e-02
      vertex 3.526850790e-02 2.740680985e-02 1.262058411e-02
    endloop
  endfacet
  facet normal 2.748341765e-03 -4.219837114e-02 9.991054535e-01
    outer loop
      vertex 3.537824750e-02 2.661877684e-02 1.258699875e-02
      vertex 3.526850790e-02 2.740680985e-02 1.262058411e-02
      vertex 3.506478667e-02 2.704748325e-02 1.260596793e-02
    endloop
  endfacet
  facet normal 7.138954010e-03 -4.468236491e-02 9.989757538e-01
    outer loop
      vertex 3.506478667e-02 2.704748325e-02 1.260596793e-02
      vertex 3.526850790e-02 2.740680985e-02 1.262058411e-02
      vertex 3.272083029e-02 2.992389910e-02 1.275137533e-02
    endloop
  endfacet
  facet normal -1.258605243e-05 -4.300049320e-02 9.990750551e-01
    outer loop
      vertex -3.782422841e-02 2.589317970e-02 1.255552191e-02
      vertex -3.757968172e-02 2.623897605e-02 1.257040817e-02
      vertex -3.777789325e-02 2.622180991e-02 1.256966684e-02
    endloop
  endfacet
  facet normal 3.877329073e-05 -4.359241202e-02 9.990494251e-01
    outer loop
      vertex -3.777789325e-02 2.622180991e-02 1.256966684e-02
      vertex -3.757968172e-02 2.623897605e-02 1.257040817e-02
      vertex -3.729211167e-02 2.663695626e-02 1.258776244e-02
    endloop
  endfacet
  facet normal -3.369640399e-05 -4.350777343e-02 9.990530610e-01
    outer loop
      vertex -3.777789325e-02 2.622180991e-02 1.256966684e-02
      vertex -3.729211167e-02 2.663695626e-02 1.258776244e-02
      vertex -3.772079572e-02 2.660208754e-02 1.258622948e-02
    endloop
  endfacet
  facet normal 3.311167166e-05 -4.432754219e-02 9.990170598e-01
    outer loop
      vertex -3.772079572e-02 2.660208754e-02 1.258622948e-02
      vertex -3.729211167e-02 2.663695626e-02 1.258776244e-02
      vertex -3.698845953e-02 2.704748325e-02 1.260596793e-02
    endloop
  endfacet
  facet normal 4.218471440e-05 -4.434243217e-02 9.990164042e-01
    outer loop
      vertex -3.772079572e-02 2.660208754e-02 1.258622948e-02
      vertex -3.698845953e-02 2.704748325e-02 1.260596793e-02
      vertex -3.764666989e-02 2.710598521e-02 1.260859240e-02
    endloop
  endfacet
  facet normal -3.949186357e-04 -4.924999923e-02 9.987863898e-01
    outer loop
      vertex -3.764666989e-02 2.710598521e-02 1.260859240e-02
      vertex -3.698845953e-02 2.704748325e-02 1.260596793e-02
      vertex -3.724811599e-02 2.950799279e-02 1.272719260e-02
    endloop
  endfacet
  facet normal 3.320587054e-02 5.290166661e-02 9.980474710e-01
    outer loop
      vertex -3.917201608e-02 -2.922320552e-02 1.278522704e-02
      vertex -3.724788129e-02 -2.945760079e-02 1.273363363e-02
      vertex -3.785433248e-02 -2.568409033e-02 1.255379524e-02
    endloop
  endfacet
  facet normal 1.352806985e-01 1.441684645e-02 9.907024503e-01
    outer loop
      vertex -3.917201608e-02 -2.922320552e-02 1.278522704e-02
      vertex -3.785433248e-02 -2.568409033e-02 1.255379524e-02
      vertex -4.216686636e-02 -2.871209569e-02 1.318673696e-02
    endloop
  endfacet
  facet normal 9.058732539e-02 7.850610465e-02 9.927893877e-01
    outer loop
      vertex -3.785433248e-02 -2.568409033e-02 1.255379524e-02
      vertex -4.045042768e-02 -2.149594016e-02 1.245949324e-02
      vertex -4.216686636e-02 -2.871209569e-02 1.318673696e-02
    endloop
  endfacet
  facet normal 1.293610036e-01 6.892158091e-02 9.891994596e-01
    outer loop
      vertex -4.216686636e-02 -2.871209569e-02 1.318673696e-02
      vertex -4.045042768e-02 -2.149594016e-02 1.245949324e-02
      vertex -4.080742598e-02 -2.082938142e-02 1.245973725e-02
    endloop
  endfacet
  facet normal 2.696922123e-01 4.221368581e-02 9.620208740e-01
    outer loop
      vertex -4.216686636e-02 -2.871209569e-02 1.318673696e-02
      vertex -4.080742598e-02 -2.082938142e-02 1.245973725e-02
      vertex -4.342524335e-02 -2.843642421e-02 1.352741290e-02
    endloop
  endfacet
  facet normal 1.914375722e-01 7.151202112e-02 9.788961411e-01
    outer loop
      vertex -4.342524335e-02 -2.843642421e-02 1.352741290e-02
      vertex -4.080742598e-02 -2.082938142e-02 1.245973725e-02
      vertex -4.256376997e-02 -1.707154699e-02 1.252869237e-02
    endloop
  endfacet
  facet normal 3.452497721e-01 5.615609884e-02 9.368292689e-01
    outer loop
      vertex -4.342524335e-02 -2.843642421e-02 1.352741290e-02
      vertex -4.256376997e-02 -1.707154699e-02 1.252869237e-02
      vertex -4.416800663e-02 -2.825433202e-02 1.379022840e-02
    endloop
  endfacet
  facet normal 2.745503187e-01 6.881156564e-02 9.591074586e-01
    outer loop
      vertex -4.416800663e-02 -2.825433202e-02 1.379022840e-02
      vertex -4.256376997e-02 -1.707154699e-02 1.252869237e-02
      vertex -4.423215613e-02 -1.469588559e-02 1.283583511e-02
    endloop
  endfacet
  facet normal 4.034492373e-01 6.614827365e-02 9.126078486e-01
    outer loop
      vertex -4.416800663e-02 -2.825433202e-02 1.379022840e-02
      vertex -4.423215613e-02 -1.469588559e-02 1.283583511e-02
      vertex -4.487347230e-02 -2.806669660e-02 1.408850309e-02
    endloop
  endfacet
  facet normal 4.568139911e-01 6.123195216e-02 8.874523044e-01
    outer loop
      vertex -4.487347230e-02 -2.806669660e-02 1.408850309e-02
      vertex -4.423215613e-02 -1.469588559e-02 1.283583511e-02
      vertex -4.707255214e-02 -1.468727272e-02 1.429732796e-02
    endloop
  endfacet
  facet normal 7.993158102e-01 5.085097998e-02 5.987557173e-01
    outer loop
      vertex -4.996443167e-02 -2.614334412e-02 1.832925342e-02
      vertex -4.955252260e-02 -2.635055967e-02 1.779696904e-02
      vertex -4.950283468e-02 -1.469996851e-02 1.674117893e-02
    endloop
  endfacet
  facet normal 7.689347863e-01 5.444670841e-02 6.370046139e-01
    outer loop
      vertex -4.950283468e-02 -1.469996851e-02 1.674117893e-02
      vertex -4.955252260e-02 -2.635055967e-02 1.779696904e-02
      vertex -4.896719009e-02 -2.662387677e-02 1.711376943e-02
    endloop
  endfacet
  facet normal 7.079053521e-01 5.380654335e-02 7.042548060e-01
    outer loop
      vertex -4.950283468e-02 -1.469996851e-02 1.674117893e-02
      vertex -4.896719009e-02 -2.662387677e-02 1.711376943e-02
      vertex -4.707255214e-02 -1.468727272e-02 1.429732796e-02
    endloop
  endfacet
  facet normal 6.875033975e-01 6.160077453e-02 7.235636711e-01
    outer loop
      vertex -4.707255214e-02 -1.468727272e-02 1.429732796e-02
      vertex -4.896719009e-02 -2.662387677e-02 1.711376943e-02
      vertex -4.714501277e-02 -2.735161968e-02 1.544435974e-02
    endloop
  endfacet
  facet normal 5.281209946e-01 7.359957695e-02 8.459735513e-01
    outer loop
      vertex -4.707255214e-02 -1.468727272e-02 1.429732796e-02
      vertex -4.714501277e-02 -2.735161968e-02 1.544435974e-02
      vertex -4.487347230e-02 -2.806669660e-02 1.408850309e-02
    endloop
  endfacet
  facet normal 8.328643441e-01 4.298213869e-02 5.518056750e-01
    outer loop
      vertex -4.996443167e-02 -2.614334412e-02 1.832925342e-02
      vertex -4.950283468e-02 -1.469996851e-02 1.674117893e-02
      vertex -5.071143806e-02 -2.572876401e-02 1.942444965e-02
    endloop
  endfacet
  facet normal 8.560853601e-01 3.169242665e-02 5.158618689e-01
    outer loop
      vertex -5.071143806e-02 -2.572876401e-02 1.942444965e-02
      vertex -4.950283468e-02 -1.469996851e-02 1.674117893e-02
      vertex -5.142323300e-02 -1.472041290e-02 1.992938295e-02
    endloop
  endfacet
  facet normal 8.980156183e-01 3.796018660e-02 4.383229613e-01
    outer loop
      vertex -5.071143806e-02 -2.572876401e-02 1.942444965e-02
      vertex -5.142323300e-02 -1.472041290e-02 1.992938295e-02
      vertex -5.225386471e-02 -2.461621352e-02 2.248815075e-02
    endloop
  endfacet
  facet normal 9.355486035e-01 1.273945346e-02 3.529681265e-01
    outer loop
      vertex -5.225386471e-02 -2.461621352e-02 2.248815075e-02
      vertex -5.142323300e-02 -1.472041290e-02 1.992938295e-02
      vertex -5.278445780e-02 -1.474505942e-02 2.353822440e-02
    endloop
  endfacet
  facet normal 9.571862221e-01 2.073613368e-02 2.887291014e-01
    outer loop
      vertex -5.225386471e-02 -2.461621352e-02 2.248815075e-02
      vertex -5.278445780e-02 -1.474505942e-02 2.353822440e-02
      vertex -5.334634334e-02 -2.336716838e-02 2.602019906e-02
    endloop
  endfacet
  facet normal 9.861010909e-01 -1.667661034e-02 1.653072387e-01
    outer loop
      vertex -5.334634334e-02 -2.336716838e-02 2.602019906e-02
      vertex -5.278445780e-02 -1.474505942e-02 2.353822440e-02
      vertex -5.415730551e-02 -1.986268349e-02 3.121134266e-02
    endloop
  endfacet
  facet normal 9.875778556e-01 -4.141808487e-03 1.570758373e-01
    outer loop
      vertex -5.334634334e-02 -2.336716838e-02 2.602019906e-02
      vertex -5.415730551e-02 -1.986268349e-02 3.121134266e-02
      vertex -5.417312682e-02 -2.152908035e-02 3.126687557e-02
    endloop
  endfacet
  facet normal 9.885145426e-01 4.321268294e-03 1.510639787e-01
    outer loop
      vertex -5.417061597e-02 2.143570594e-02 3.125764430e-02
      vertex -5.415087938e-02 1.929962449e-02 3.118959814e-02
      vertex -5.347095057e-02 2.307927422e-02 2.663224190e-02
    endloop
  endfacet
  facet normal 9.858965278e-01 2.258984931e-02 1.658244729e-01
    outer loop
      vertex -5.347095057e-02 2.307927422e-02 2.663224190e-02
      vertex -5.415087938e-02 1.929962449e-02 3.118959814e-02
      vertex -5.275341496e-02 1.489084680e-02 2.348167822e-02
    endloop
  endfacet
  facet normal 9.622590542e-01 -2.009937353e-02 2.713918686e-01
    outer loop
      vertex -5.347095057e-02 2.307927422e-02 2.663224190e-02
      vertex -5.275341496e-02 1.489084680e-02 2.348167822e-02
      vertex -5.244465917e-02 2.434480004e-02 2.308710292e-02
    endloop
  endfacet
  facet normal 9.335896969e-01 -1.554807182e-02 3.580064178e-01
    outer loop
      vertex -5.244465917e-02 2.434480004e-02 2.308710292e-02
      vertex -5.275341496e-02 1.489084680e-02 2.348167822e-02
      vertex -5.138831958e-02 1.486763079e-02 1.992084831e-02
    endloop
  endfacet
  facet normal 9.162076712e-01 -3.134026006e-02 3.994762003e-01
    outer loop
      vertex -5.244465917e-02 2.434480004e-02 2.308710292e-02
      vertex -5.138831958e-02 1.486763079e-02 1.992084831e-02
      vertex -5.138114095e-02 2.520647459e-02 2.071550116e-02
    endloop
  endfacet
  facet normal 8.795018792e-01 -3.707723692e-02 4.744488299e-01
    outer loop
      vertex -5.138114095e-02 2.520647459e-02 2.071550116e-02
      vertex -5.138831958e-02 1.486763079e-02 1.992084831e-02
      vertex -5.104027689e-02 2.543398552e-02 2.010140941e-02
    endloop
  endfacet
  facet normal 8.544247746e-01 -3.699981794e-02 5.182560086e-01
    outer loop
      vertex -5.104027689e-02 2.543398552e-02 2.010140941e-02
      vertex -5.138831958e-02 1.486763079e-02 1.992084831e-02
      vertex -4.948107526e-02 1.484757382e-02 1.677503064e-02
    endloop
  endfacet
  facet normal 8.421288729e-01 -4.482916743e-02 5.374098420e-01
    outer loop
      vertex -5.104027689e-02 2.543398552e-02 2.010140941e-02
      vertex -4.948107526e-02 1.484757382e-02 1.677503064e-02
      vertex -4.992904514e-02 2.607619576e-02 1.841366477e-02
    endloop
  endfacet
  facet normal 7.862250209e-01 -5.840784684e-02 6.151737571e-01
    outer loop
      vertex -4.992904514e-02 2.607619576e-02 1.841366477e-02
      vertex -4.948107526e-02 1.484757382e-02 1.677503064e-02
      vertex -4.908696935e-02 2.648937516e-02 1.737667620e-02
    endloop
  endfacet
  facet normal 7.098703980e-01 -6.029710174e-02 7.017465830e-01
    outer loop
      vertex -4.908696935e-02 2.648937516e-02 1.737667620e-02
      vertex -4.948107526e-02 1.484757382e-02 1.677503064e-02
      vertex -4.708299413e-02 1.482891757e-02 1.434758399e-02
    endloop
  endfacet
  facet normal 6.902432442e-01 -6.849721819e-02 7.203279734e-01
    outer loop
      vertex -4.908696935e-02 2.648937516e-02 1.737667620e-02
      vertex -4.708299413e-02 1.482891757e-02 1.434758399e-02
      vertex -4.692492262e-02 2.736368589e-02 1.538806688e-02
    endloop
  endfacet
  facet normal 5.321778655e-01 -7.669919729e-02 8.431512117e-01
    outer loop
      vertex -4.692492262e-02 2.736368589e-02 1.538806688e-02
      vertex -4.708299413e-02 1.482891757e-02 1.434758399e-02
      vertex -4.490774125e-02 2.801194601e-02 1.417383831e-02
    endloop
  endfacet
  facet normal 4.660881162e-01 -6.527779996e-02 8.823268414e-01
    outer loop
      vertex -4.490774125e-02 2.801194601e-02 1.417383831e-02
      vertex -4.708299413e-02 1.482891757e-02 1.434758399e-02
      vertex -4.428862408e-02 1.482101995e-02 1.287087705e-02
    endloop
  endfacet
  facet normal 4.172625542e-01 -6.991693377e-02 9.060924649e-01
    outer loop
      vertex -4.490774125e-02 2.801194601e-02 1.417383831e-02
      vertex -4.428862408e-02 1.482101995e-02 1.287087705e-02
      vertex -4.412087426e-02 2.823051624e-02 1.382834557e-02
    endloop
  endfacet
  facet normal 1.569686830e-01 -7.044358552e-02 9.850881100e-01
    outer loop
      vertex -4.135492817e-02 1.991727762e-02 1.247676555e-02
      vertex -4.080732539e-02 2.099561505e-02 1.246661972e-02
      vertex -4.236351326e-02 2.865853719e-02 1.326256525e-02
    endloop
  endfacet
  facet normal 1.190493926e-01 -7.863053679e-02 9.897699356e-01
    outer loop
      vertex -4.080732539e-02 2.099561505e-02 1.246661972e-02
      vertex -3.896478936e-02 2.418231778e-02 1.249816176e-02
      vertex -4.236351326e-02 2.865853719e-02 1.326256525e-02
    endloop
  endfacet
  facet normal 9.535457194e-02 -9.678511322e-02 9.907270670e-01
    outer loop
      vertex -4.236351326e-02 2.865853719e-02 1.326256525e-02
      vertex -3.896478936e-02 2.418231778e-02 1.249816176e-02
      vertex -3.782422841e-02 2.589317970e-02 1.255552191e-02
    endloop
  endfacet
  facet normal 1.182442755e-01 -5.933557823e-02 9.912101626e-01
    outer loop
      vertex -4.236351326e-02 2.865853719e-02 1.326256525e-02
      vertex -3.782422841e-02 2.589317970e-02 1.255552191e-02
      vertex -3.777789325e-02 2.622180991e-02 1.256966684e-02
    endloop
  endfacet
  facet normal 1.174624041e-01 -6.080802530e-02 9.912138581e-01
    outer loop
      vertex -3.777789325e-02 2.622180991e-02 1.256966684e-02
      vertex -3.772079572e-02 2.660208754e-02 1.258622948e-02
      vertex -4.236351326e-02 2.865853719e-02 1.326256525e-02
    endloop
  endfacet
  facet normal 1.172701493e-01 -6.124079600e-02 9.912099838e-01
    outer loop
      vertex -4.236351326e-02 2.865853719e-02 1.326256525e-02
      vertex -3.772079572e-02 2.660208754e-02 1.258622948e-02
      vertex -3.764666989e-02 2.710598521e-02 1.260859240e-02
    endloop
  endfacet
  facet normal 1.503210962e-01 4.060718790e-02 9.878029227e-01
    outer loop
      vertex -4.236351326e-02 2.865853719e-02 1.326256525e-02
      vertex -3.764666989e-02 2.710598521e-02 1.260859240e-02
      vertex -3.952136636e-02 2.919600718e-02 1.280796062e-02
    endloop
  endfacet
  facet normal 4.318258539e-02 -5.641576648e-02 9.974730611e-01
    outer loop
      vertex -3.952136636e-02 2.919600718e-02 1.280796062e-02
      vertex -3.764666989e-02 2.710598521e-02 1.260859240e-02
      vertex -3.724811599e-02 2.950799279e-02 1.272719260e-02
    endloop
  endfacet
  facet normal 5.251885056e-01 9.781745262e-03 8.509296775e-01
    outer loop
      vertex -4.577717930e-02 -3.989430610e-03 1.311397646e-02
      vertex -4.596183822e-02 8.287785022e-05 1.318113413e-02
      vertex -4.699220508e-02 5.331394277e-05 1.381740998e-02
    endloop
  endfacet
  facet normal 5.254600048e-01 -2.136938507e-03 8.508155942e-01
    outer loop
      vertex -4.699220508e-02 5.331394277e-05 1.381740998e-02
      vertex -4.596183822e-02 8.287785022e-05 1.318113413e-02
      vertex -4.595705122e-02 7.393634296e-04 1.317982655e-02
    endloop
  endfacet
  facet normal 2.867507041e-01 -5.290302262e-02 9.565433860e-01
    outer loop
      vertex -4.236351326e-02 2.865853719e-02 1.326256525e-02
      vertex -4.329310730e-02 2.844202332e-02 1.352926251e-02
      vertex -4.135492817e-02 1.991727762e-02 1.247676555e-02
    endloop
  endfacet
  facet normal 3.478396833e-01 -3.658123314e-02 9.368401170e-01
    outer loop
      vertex -4.135492817e-02 1.991727762e-02 1.247676555e-02
      vertex -4.329310730e-02 2.844202332e-02 1.352926251e-02
      vertex -4.412087426e-02 2.823051624e-02 1.382834557e-02
    endloop
  endfacet
  facet normal 2.446075529e-01 -7.577583194e-02 9.666566849e-01
    outer loop
      vertex -4.135492817e-02 1.991727762e-02 1.247676555e-02
      vertex -4.412087426e-02 2.823051624e-02 1.382834557e-02
      vertex -4.327962920e-02 1.538675744e-02 1.260865573e-02
    endloop
  endfacet
  facet normal 2.883905172e-01 -7.178390026e-02 9.548183084e-01
    outer loop
      vertex -4.327962920e-02 1.538675744e-02 1.260865573e-02
      vertex -4.412087426e-02 2.823051624e-02 1.382834557e-02
      vertex -4.428862408e-02 1.482101995e-02 1.287087705e-02
    endloop
  endfacet
  facet normal 2.696503401e-01 -3.488071263e-02 9.623263478e-01
    outer loop
      vertex -4.327962920e-02 1.538675744e-02 1.260865573e-02
      vertex -4.428862408e-02 1.482101995e-02 1.287087705e-02
      vertex -4.470992088e-02 1.062366087e-02 1.283678878e-02
    endloop
  endfacet
  facet normal 4.664282203e-01 -5.398670584e-02 8.829100728e-01
    outer loop
      vertex -4.470992088e-02 1.062366087e-02 1.283678878e-02
      vertex -4.428862408e-02 1.482101995e-02 1.287087705e-02
      vertex -4.708299413e-02 1.482891757e-02 1.434758399e-02
    endloop
  endfacet
  facet normal 4.768727422e-01 -4.624079913e-02 8.777552247e-01
    outer loop
      vertex -4.470992088e-02 1.062366087e-02 1.283678878e-02
      vertex -4.708299413e-02 1.482891757e-02 1.434758399e-02
      vertex -4.560805857e-02 5.714622792e-03 1.306612324e-02
    endloop
  endfacet
  facet normal 4.534356296e-01 5.601151288e-02 8.895273209e-01
    outer loop
      vertex -4.507216811e-02 -8.820834570e-03 1.290823799e-02
      vertex -4.707255214e-02 -1.468727272e-02 1.429732796e-02
      vertex -4.465424642e-02 -1.068607252e-02 1.281265263e-02
    endloop
  endfacet
  facet normal 4.570044577e-01 5.323943123e-02 8.878696561e-01
    outer loop
      vertex -4.465424642e-02 -1.068607252e-02 1.281265263e-02
      vertex -4.707255214e-02 -1.468727272e-02 1.429732796e-02
      vertex -4.423215613e-02 -1.469588559e-02 1.283583511e-02
    endloop
  endfacet
  facet normal 2.986487448e-01 3.695051372e-02 9.536474943e-01
    outer loop
      vertex -4.465424642e-02 -1.068607252e-02 1.281265263e-02
      vertex -4.423215613e-02 -1.469588559e-02 1.283583511e-02
      vertex -4.382529110e-02 -1.361823361e-02 1.266666409e-02
    endloop
  endfacet
  facet normal 2.558664382e-01 5.490878597e-02 9.651514888e-01
    outer loop
      vertex -4.382529110e-02 -1.361823361e-02 1.266666409e-02
      vertex -4.423215613e-02 -1.469588559e-02 1.283583511e-02
      vertex -4.256376997e-02 -1.707154699e-02 1.252869237e-02
    endloop
  endfacet
  facet normal 9.860202074e-01 -2.879291540e-03 1.666010171e-01
    outer loop
      vertex -5.404676124e-02 8.302686183e-05 3.090180457e-02
      vertex -5.415730551e-02 -1.986268349e-02 3.121134266e-02
      vertex -5.274404958e-02 7.208940951e-05 2.319157869e-02
    endloop
  endfacet
  facet normal 9.841986299e-01 1.458315412e-03 1.770620346e-01
    outer loop
      vertex -5.274404958e-02 7.208940951e-05 2.319157869e-02
      vertex -5.415730551e-02 -1.986268349e-02 3.121134266e-02
      vertex -5.278445780e-02 -1.474505942e-02 2.353822440e-02
    endloop
  endfacet
  facet normal 9.376230240e-01 5.575262476e-03 3.476090133e-01
    outer loop
      vertex -5.274404958e-02 7.208940951e-05 2.319157869e-02
      vertex -5.278445780e-02 -1.474505942e-02 2.353822440e-02
      vertex -5.135018006e-02 6.556270091e-05 1.943193004e-02
    endloop
  endfacet
  facet normal 9.356123209e-01 7.252081297e-03 3.529546559e-01
    outer loop
      vertex -5.135018006e-02 6.556270091e-05 1.943193004e-02
      vertex -5.278445780e-02 -1.474505942e-02 2.353822440e-02
      vertex -5.142323300e-02 -1.472041290e-02 1.992938295e-02
    endloop
  endfacet
  facet normal 8.561378121e-01 1.314968895e-02 5.165802836e-01
    outer loop
      vertex -5.135018006e-02 6.556270091e-05 1.943193004e-02
      vertex -5.142323300e-02 -1.472041290e-02 1.992938295e-02
      vertex -4.939117655e-02 5.975124441e-05 1.618538611e-02
    endloop
  endfacet
  facet normal 8.564969301e-01 1.295068394e-02 5.159896016e-01
    outer loop
      vertex -4.939117655e-02 5.975124441e-05 1.618538611e-02
      vertex -5.142323300e-02 -1.472041290e-02 1.992938295e-02
      vertex -4.950283468e-02 -1.469996851e-02 1.674117893e-02
    endloop
  endfacet
  facet normal 7.023612261e-01 2.147875167e-02 7.114965916e-01
    outer loop
      vertex -4.939117655e-02 5.975124441e-05 1.618538611e-02
      vertex -4.950283468e-02 -1.469996851e-02 1.674117893e-02
      vertex -4.699220508e-02 5.331394277e-05 1.381740998e-02
    endloop
  endfacet
  facet normal 7.088934779e-01 1.909096912e-02 7.050571442e-01
    outer loop
      vertex -4.699220508e-02 5.331394277e-05 1.381740998e-02
      vertex -4.950283468e-02 -1.469996851e-02 1.674117893e-02
      vertex -4.707255214e-02 -1.468727272e-02 1.429732796e-02
    endloop
  endfacet
  facet normal 5.593305826e-01 2.392843179e-02 8.285992742e-01
    outer loop
      vertex -4.699220508e-02 5.331394277e-05 1.381740998e-02
      vertex -4.707255214e-02 -1.468727272e-02 1.429732796e-02
      vertex -4.577717930e-02 -3.989430610e-03 1.311397646e-02
    endloop
  endfacet
  facet normal 4.973457158e-01 3.566173837e-02 8.668191433e-01
    outer loop
      vertex -4.577717930e-02 -3.989430610e-03 1.311397646e-02
      vertex -4.707255214e-02 -1.468727272e-02 1.429732796e-02
      vertex -4.507216811e-02 -8.820834570e-03 1.290823799e-02
    endloop
  endfacet
  facet normal 9.842238426e-01 2.683239989e-03 1.769073904e-01
    outer loop
      vertex -5.415087938e-02 1.929962449e-02 3.118959814e-02
      vertex -5.404676124e-02 8.302686183e-05 3.090180457e-02
      vertex -5.275341496e-02 1.489084680e-02 2.348167822e-02
    endloop
  endfacet
  facet normal 9.860209227e-01 -2.638301579e-03 1.666007936e-01
    outer loop
      vertex -5.275341496e-02 1.489084680e-02 2.348167822e-02
      vertex -5.404676124e-02 8.302686183e-05 3.090180457e-02
      vertex -5.274404958e-02 7.208940951e-05 2.319157869e-02
    endloop
  endfacet
  facet normal 9.337031841e-01 -6.418106146e-03 3.579904139e-01
    outer loop
      vertex -5.275341496e-02 1.489084680e-02 2.348167822e-02
      vertex -5.274404958e-02 7.208940951e-05 2.319157869e-02
      vertex -5.138831958e-02 1.486763079e-02 1.992084831e-02
    endloop
  endfacet
  facet normal 9.375907779e-01 -9.066280909e-03 3.476224542e-01
    outer loop
      vertex -5.138831958e-02 1.486763079e-02 1.992084831e-02
      vertex -5.274404958e-02 7.208940951e-05 2.319157869e-02
      vertex -5.135018006e-02 6.556270091e-05 1.943193004e-02
    endloop
  endfacet
  facet normal 8.549775481e-01 -1.492165960e-02 5.184503794e-01
    outer loop
      vertex -5.138831958e-02 1.486763079e-02 1.992084831e-02
      vertex -5.135018006e-02 6.556270091e-05 1.943193004e-02
      vertex -4.948107526e-02 1.484757382e-02 1.677503064e-02
    endloop
  endfacet
  facet normal 8.560877442e-01 -1.539441478e-02 5.166011453e-01
    outer loop
      vertex -4.948107526e-02 1.484757382e-02 1.677503064e-02
      vertex -5.135018006e-02 6.556270091e-05 1.943193004e-02
      vertex -4.939117655e-02 5.975124441e-05 1.618538611e-02
    endloop
  endfacet
  facet normal 7.111057639e-01 -2.369566448e-02 7.026856542e-01
    outer loop
      vertex -4.948107526e-02 1.484757382e-02 1.677503064e-02
      vertex -4.939117655e-02 5.975124441e-05 1.618538611e-02
      vertex -4.708299413e-02 1.482891757e-02 1.434758399e-02
    endloop
  endfacet
  facet normal 7.023071051e-01 -2.121657319e-02 7.115578651e-01
    outer loop
      vertex -4.708299413e-02 1.482891757e-02 1.434758399e-02
      vertex -4.939117655e-02 5.975124441e-05 1.618538611e-02
      vertex -4.699220508e-02 5.331394277e-05 1.381740998e-02
    endloop
  endfacet
  facet normal 5.579306483e-01 -2.633457445e-02 8.294696808e-01
    outer loop
      vertex -4.708299413e-02 1.482891757e-02 1.434758399e-02
      vertex -4.699220508e-02 5.331394277e-05 1.381740998e-02
      vertex -4.560805857e-02 5.714622792e-03 1.306612324e-02
    endloop
  endfacet
  facet normal 5.329970121e-01 -1.805486530e-02 8.459244370e-01
    outer loop
      vertex -4.560805857e-02 5.714622792e-03 1.306612324e-02
      vertex -4.699220508e-02 5.331394277e-05 1.381740998e-02
      vertex -4.595705122e-02 7.393634296e-04 1.317982655e-02
    endloop
  endfacet
  facet normal -4.114097059e-01 -7.307001203e-02 9.085168242e-01
    outer loop
      vertex 4.260208458e-02 2.069943957e-02 1.307748538e-02
      vertex 4.279892892e-02 1.384412963e-02 1.261526626e-02
      vertex 4.556233808e-02 1.388561446e-02 1.386997569e-02
    endloop
  endfacet
  facet normal -5.978964567e-01 1.393578798e-01 7.893663049e-01
    outer loop
      vertex 4.438405111e-02 -2.707180567e-02 1.492408570e-02
      vertex 4.520609975e-02 -2.706796117e-02 1.554605830e-02
      vertex 4.544114321e-02 -2.059251256e-02 1.458088774e-02
    endloop
  endfacet
  facet normal -8.648027778e-01 9.668104351e-02 4.927158952e-01
    outer loop
      vertex 4.790633172e-02 -2.063700743e-02 1.702693850e-02
      vertex 4.834772646e-02 -2.708754130e-02 1.906739175e-02
      vertex 5.014269054e-02 -2.711931057e-02 2.222410217e-02
    endloop
  endfacet
  facet normal -8.065218329e-01 -1.066760942e-01 5.815004110e-01
    outer loop
      vertex 4.838476703e-02 2.725490741e-02 1.912209019e-02
      vertex 4.765419289e-02 2.724584751e-02 1.810714602e-02
      vertex 4.802014306e-02 1.392015535e-02 1.617011242e-02
    endloop
  endfacet
  facet normal -6.495811790e-02 -6.439682841e-02 9.958079457e-01
    outer loop
      vertex 3.526850790e-02 2.740680985e-02 1.262058411e-02
      vertex 3.554258496e-02 2.659278922e-02 1.258582156e-02
      vertex 3.893327340e-02 2.733850293e-02 1.285522524e-02
    endloop
  endfacet
  facet normal -6.482443213e-02 -6.499380618e-02 9.957779050e-01
    outer loop
      vertex 3.893327340e-02 2.733850293e-02 1.285522524e-02
      vertex 3.554258496e-02 2.659278922e-02 1.258582156e-02
      vertex 3.565831855e-02 2.623572759e-02 1.257005055e-02
    endloop
  endfacet
  facet normal -6.265448779e-02 -7.136114687e-02 9.954807758e-01
    outer loop
      vertex 3.893327340e-02 2.733850293e-02 1.285522524e-02
      vertex 3.565831855e-02 2.623572759e-02 1.257005055e-02
      vertex 3.833610192e-02 2.200725488e-02 1.243546885e-02
    endloop
  endfacet
  facet normal -2.106260806e-01 -7.178243250e-02 9.749276638e-01
    outer loop
      vertex 4.279892892e-02 1.384412963e-02 1.261526626e-02
      vertex 4.260208458e-02 2.069943957e-02 1.307748538e-02
      vertex 4.051244259e-02 1.754396968e-02 1.239370089e-02
    endloop
  endfacet
  facet normal -9.277342260e-02 -6.782159209e-02 9.933747053e-01
    outer loop
      vertex 3.833610192e-02 2.200725488e-02 1.243546885e-02
      vertex 3.888365254e-02 2.099561505e-02 1.241753716e-02
      vertex 3.893327340e-02 2.733850293e-02 1.285522524e-02
    endloop
  endfacet
  facet normal -1.280883253e-01 -6.727645546e-02 9.894782901e-01
    outer loop
      vertex 3.893327340e-02 2.733850293e-02 1.285522524e-02
      vertex 3.888365254e-02 2.099561505e-02 1.241753716e-02
      vertex 4.051244259e-02 1.754396968e-02 1.239370089e-02
    endloop
  endfacet
  facet normal -2.026984394e-01 -7.867427915e-02 9.760756493e-01
    outer loop
      vertex 3.893327340e-02 2.733850293e-02 1.285522524e-02
      vertex 4.051244259e-02 1.754396968e-02 1.239370089e-02
      vertex 4.069137201e-02 2.729880624e-02 1.321712416e-02
    endloop
  endfacet
  facet normal -2.006216645e-01 -7.874807715e-02 9.764986634e-01
    outer loop
      vertex 4.069137201e-02 2.729880624e-02 1.321712416e-02
      vertex 4.051244259e-02 1.754396968e-02 1.239370089e-02
      vertex 4.260208458e-02 2.069943957e-02 1.307748538e-02
    endloop
  endfacet
  facet normal -3.078400195e-01 -1.091278419e-01 9.451590776e-01
    outer loop
      vertex 4.069137201e-02 2.729880624e-02 1.321712416e-02
      vertex 4.260208458e-02 2.069943957e-02 1.307748538e-02
      vertex 4.186485708e-02 2.727389149e-02 1.359645370e-02
    endloop
  endfacet
  facet normal -4.582483768e-01 -1.208949611e-01 8.805639148e-01
    outer loop
      vertex 4.186485708e-02 2.727389149e-02 1.359645370e-02
      vertex 4.260208458e-02 2.069943957e-02 1.307748538e-02
      vertex 4.425389692e-02 2.723958902e-02 1.483500842e-02
    endloop
  endfacet
  facet normal -5.932617784e-01 -1.404827535e-01 7.926569581e-01
    outer loop
      vertex 4.425389692e-02 2.723958902e-02 1.483500842e-02
      vertex 4.547781125e-02 2.074679546e-02 1.460032444e-02
      vertex 4.521678016e-02 2.723473124e-02 1.555481460e-02
    endloop
  endfacet
  facet normal -7.443378568e-01 -1.264164597e-01 6.557286382e-01
    outer loop
      vertex 4.521678016e-02 2.723473124e-02 1.555481460e-02
      vertex 4.547781125e-02 2.074679546e-02 1.460032444e-02
      vertex 4.802014306e-02 1.392015535e-02 1.617011242e-02
    endloop
  endfacet
  facet normal -6.764662862e-01 -1.087680086e-01 7.283974886e-01
    outer loop
      vertex 4.521678016e-02 2.723473124e-02 1.555481460e-02
      vertex 4.802014306e-02 1.392015535e-02 1.617011242e-02
      vertex 4.643728957e-02 2.723645978e-02 1.668856665e-02
    endloop
  endfacet
  facet normal -7.536064386e-01 -1.147770807e-01 6.472275853e-01
    outer loop
      vertex 4.643728957e-02 2.723645978e-02 1.668856665e-02
      vertex 4.802014306e-02 1.392015535e-02 1.617011242e-02
      vertex 4.765419289e-02 2.724584751e-02 1.810714602e-02
    endloop
  endfacet
  facet normal -9.224296212e-01 -9.039429575e-02 3.754364252e-01
    outer loop
      vertex 5.177334324e-02 1.389845926e-02 2.304380015e-02
      vertex 5.153116956e-02 2.731549554e-02 2.567922696e-02
      vertex 5.004670843e-02 2.728423290e-02 2.202444896e-02
    endloop
  endfacet
  facet normal -9.661663771e-01 5.477180704e-02 2.520368397e-01
    outer loop
      vertex 5.346790329e-02 -2.237421460e-02 3.145442531e-02
      vertex 5.405158177e-02 -1.063645165e-02 3.114110604e-02
      vertex 5.175788328e-02 -1.376351994e-02 2.302793041e-02
    endloop
  endfacet
  facet normal -9.637640119e-01 1.607823931e-02 2.662713528e-01
    outer loop
      vertex 5.175788328e-02 -1.376351994e-02 2.302793041e-02
      vertex 5.405158177e-02 -1.063645165e-02 3.114110604e-02
      vertex 5.422298983e-02 1.101074158e-03 3.105276823e-02
    endloop
  endfacet
  facet normal -9.663896561e-01 2.198319882e-02 2.561400235e-01
    outer loop
      vertex 5.175788328e-02 -1.376351994e-02 2.302793041e-02
      vertex 5.422298983e-02 1.101074158e-03 3.105276823e-02
      vertex 5.192627385e-02 7.670876221e-05 2.247541398e-02
    endloop
  endfacet
  facet normal -9.649570584e-01 -2.428302355e-02 2.612818480e-01
    outer loop
      vertex 5.192627385e-02 7.670876221e-05 2.247541398e-02
      vertex 5.422298983e-02 1.101074158e-03 3.105276823e-02
      vertex 5.394355953e-02 1.375424583e-02 3.119674698e-02
    endloop
  endfacet
  facet normal -9.662251472e-01 -2.125195600e-02 2.568215728e-01
    outer loop
      vertex 5.192627385e-02 7.670876221e-05 2.247541398e-02
      vertex 5.394355953e-02 1.375424583e-02 3.119674698e-02
      vertex 5.177334324e-02 1.389845926e-02 2.304380015e-02
    endloop
  endfacet
  facet normal -9.654125571e-01 -4.880850390e-02 2.561178505e-01
    outer loop
      vertex 5.177334324e-02 1.389845926e-02 2.304380015e-02
      vertex 5.394355953e-02 1.375424583e-02 3.119674698e-02
      vertex 5.384473130e-02 1.597949676e-02 3.124829009e-02
    endloop
  endfacet
  facet normal -9.630299807e-01 -6.855578721e-02 2.605251372e-01
    outer loop
      vertex 5.177334324e-02 1.389845926e-02 2.304380015e-02
      vertex 5.384473130e-02 1.597949676e-02 3.124829009e-02
      vertex 5.153116956e-02 2.731549554e-02 2.567922696e-02
    endloop
  endfacet
  facet normal -9.602804184e-01 -6.236851215e-02 2.719773054e-01
    outer loop
      vertex 5.153116956e-02 2.731549554e-02 2.567922696e-02
      vertex 5.384473130e-02 1.597949676e-02 3.124829009e-02
      vertex 5.351502076e-02 2.182879858e-02 3.142550215e-02
    endloop
  endfacet
  facet normal -9.623155594e-01 -7.385243475e-02 2.617147267e-01
    outer loop
      vertex 5.153116956e-02 2.731549554e-02 2.567922696e-02
      vertex 5.351502076e-02 2.182879858e-02 3.142550215e-02
      vertex 5.295587704e-02 2.734219842e-02 3.092535958e-02
    endloop
  endfacet
  facet normal -9.750455618e-01 -8.010229468e-02 2.070501894e-01
    outer loop
      vertex 5.295587704e-02 2.734219842e-02 3.092535958e-02
      vertex 5.351502076e-02 2.182879858e-02 3.142550215e-02
      vertex 5.315321684e-02 2.734386735e-02 3.185532242e-02
    endloop
  endfacet
  facet normal -6.971467137e-01 1.303815544e-01 7.049731016e-01
    outer loop
      vertex 4.544114321e-02 -2.059251256e-02 1.458088774e-02
      vertex 4.520609975e-02 -2.706796117e-02 1.554605830e-02
      vertex 4.790633172e-02 -2.063700743e-02 1.702693850e-02
    endloop
  endfacet
  facet normal -6.765832305e-01 1.166598499e-01 7.270664573e-01
    outer loop
      vertex 4.790633172e-02 -2.063700743e-02 1.702693850e-02
      vertex 4.520609975e-02 -2.706796117e-02 1.554605830e-02
      vertex 4.646803066e-02 -2.706980892e-02 1.672066562e-02
    endloop
  endfacet
  facet normal -7.719319463e-01 1.431054026e-01 6.193883419e-01
    outer loop
      vertex 4.790633172e-02 -2.063700743e-02 1.702693850e-02
      vertex 4.646803066e-02 -2.706980892e-02 1.672066562e-02
      vertex 4.834772646e-02 -2.708754130e-02 1.906739175e-02
    endloop
  endfacet
  facet normal -4.815942645e-01 1.245220229e-01 8.675028682e-01
    outer loop
      vertex 4.438405111e-02 -2.707180567e-02 1.492408570e-02
      vertex 4.544114321e-02 -2.059251256e-02 1.458088774e-02
      vertex 4.230367020e-02 -2.709871717e-02 1.377302501e-02
    endloop
  endfacet
  facet normal -4.606990516e-01 1.128502041e-01 8.803529143e-01
    outer loop
      vertex 4.230367020e-02 -2.709871717e-02 1.377302501e-02
      vertex 4.544114321e-02 -2.059251256e-02 1.458088774e-02
      vertex 4.255950451e-02 -2.054396458e-02 1.306666899e-02
    endloop
  endfacet
  facet normal -3.259308338e-01 1.138575673e-01 9.385123849e-01
    outer loop
      vertex 4.230367020e-02 -2.709871717e-02 1.377302501e-02
      vertex 4.255950451e-02 -2.054396458e-02 1.306666899e-02
      vertex 4.069140181e-02 -2.713182755e-02 1.321712602e-02
    endloop
  endfacet
  facet normal -1.882724464e-01 7.575118542e-02 9.791911244e-01
    outer loop
      vertex 4.069140181e-02 -2.713182755e-02 1.321712602e-02
      vertex 4.255950451e-02 -2.054396458e-02 1.306666899e-02
      vertex 3.925629333e-02 -2.049073763e-02 1.242743153e-02
    endloop
  endfacet
  facet normal -2.264493108e-01 6.661560386e-02 9.717422724e-01
    outer loop
      vertex 4.069140181e-02 -2.713182755e-02 1.321712602e-02
      vertex 3.925629333e-02 -2.049073763e-02 1.242743153e-02
      vertex 3.967371956e-02 -2.715477534e-02 1.298154425e-02
    endloop
  endfacet
  facet normal -1.266101934e-02 4.651547968e-02 9.988373518e-01
    outer loop
      vertex 3.526847437e-02 -2.723995037e-02 1.262059901e-02
      vertex 3.617442027e-02 -2.722582407e-02 1.263142470e-02
      vertex 3.547701240e-02 -2.662483044e-02 1.259459648e-02
    endloop
  endfacet
  facet normal -9.834588319e-02 -5.322847143e-02 9.937277436e-01
    outer loop
      vertex 3.547701240e-02 -2.662483044e-02 1.259459648e-02
      vertex 3.617442027e-02 -2.722582407e-02 1.263142470e-02
      vertex 3.967371956e-02 -2.715477534e-02 1.298154425e-02
    endloop
  endfacet
  facet normal -8.270420134e-02 7.087592781e-02 9.940506220e-01
    outer loop
      vertex 3.547701240e-02 -2.662483044e-02 1.259459648e-02
      vertex 3.967371956e-02 -2.715477534e-02 1.298154425e-02
      vertex 3.565782681e-02 -2.607038803e-02 1.257010829e-02
    endloop
  endfacet
  facet normal -4.311746657e-01 6.585779600e-03 9.022444487e-01
    outer loop
      vertex 4.558937997e-02 9.855386452e-05 1.332938392e-02
      vertex 4.403816536e-02 8.305665688e-05 1.258818526e-02
      vertex 4.401070997e-02 -1.488628448e-03 1.258653682e-02
    endloop
  endfacet
  facet normal -4.552215934e-01 3.640599549e-02 8.896335959e-01
    outer loop
      vertex 4.558937997e-02 9.855386452e-05 1.332938392e-02
      vertex 4.401070997e-02 -1.488628448e-03 1.258653682e-02
      vertex 4.549578577e-02 -1.373055857e-02 1.384741347e-02
    endloop
  endfacet
  facet normal -4.710466862e-01 3.364505246e-02 8.814663887e-01
    outer loop
      vertex 4.401070997e-02 -1.488628448e-03 1.258653682e-02
      vertex 4.355390370e-02 -6.500961725e-03 1.253374200e-02
      vertex 4.549578577e-02 -1.373055857e-02 1.384741347e-02
    endloop
  endfacet
  facet normal -3.920488954e-01 6.148199365e-02 9.178875685e-01
    outer loop
      vertex 4.549578577e-02 -1.373055857e-02 1.384741347e-02
      vertex 4.355390370e-02 -6.500961725e-03 1.253374200e-02
      vertex 4.273054749e-02 -1.068616193e-02 1.246240269e-02
    endloop
  endfacet
  facet normal -4.078431129e-01 4.444376379e-02 9.119697213e-01
    outer loop
      vertex 4.549578577e-02 -1.373055857e-02 1.384741347e-02
      vertex 4.273054749e-02 -1.068616193e-02 1.246240269e-02
      vertex 4.271601513e-02 -1.368546765e-02 1.260207128e-02
    endloop
  endfacet
  facet normal -2.424782664e-01 4.630065337e-02 9.690513611e-01
    outer loop
      vertex 4.271601513e-02 -1.368546765e-02 1.260207128e-02
      vertex 4.273054749e-02 -1.068616193e-02 1.246240269e-02
      vertex 4.255164042e-02 -1.138767879e-02 1.245115418e-02
    endloop
  endfacet
  facet normal -1.888403744e-01 5.090196058e-02 9.806876779e-01
    outer loop
      vertex 4.271601513e-02 -1.368546765e-02 1.260207128e-02
      vertex 4.255164042e-02 -1.138767879e-02 1.245115418e-02
      vertex 4.096553475e-02 -1.626002975e-02 1.239863131e-02
    endloop
  endfacet
  facet normal -2.061406076e-01 -6.894077361e-02 9.760907888e-01
    outer loop
      vertex 4.051244259e-02 1.754396968e-02 1.239370089e-02
      vertex 4.203507677e-02 1.335951407e-02 1.241972018e-02
      vertex 4.279892892e-02 1.384412963e-02 1.261526626e-02
    endloop
  endfacet
  facet normal -2.192278355e-01 -4.767410830e-02 9.745082259e-01
    outer loop
      vertex 4.279892892e-02 1.384412963e-02 1.261526626e-02
      vertex 4.203507677e-02 1.335951407e-02 1.241972018e-02
      vertex 4.273055866e-02 1.085218508e-02 1.245351601e-02
    endloop
  endfacet
  facet normal -4.126023948e-01 -3.977008536e-02 9.100426435e-01
    outer loop
      vertex 4.279892892e-02 1.384412963e-02 1.261526626e-02
      vertex 4.273055866e-02 1.085218508e-02 1.245351601e-02
      vertex 4.556233808e-02 1.388561446e-02 1.386997569e-02
    endloop
  endfacet
  facet normal -3.860076368e-01 -6.919823587e-02 9.198966026e-01
    outer loop
      vertex 4.556233808e-02 1.388561446e-02 1.386997569e-02
      vertex 4.273055866e-02 1.085218508e-02 1.245351601e-02
      vertex 4.324744642e-02 8.481767960e-03 1.249210071e-02
    endloop
  endfacet
  facet normal -4.479219913e-01 -3.590692952e-02 8.933513165e-01
    outer loop
      vertex 4.556233808e-02 1.388561446e-02 1.386997569e-02
      vertex 4.324744642e-02 8.481767960e-03 1.249210071e-02
      vertex 4.558937997e-02 9.855386452e-05 1.332938392e-02
    endloop
  endfacet
  facet normal -5.014659166e-01 -5.384636670e-02 8.635001779e-01
    outer loop
      vertex 4.558937997e-02 9.855386452e-05 1.332938392e-02
      vertex 4.324744642e-02 8.481767960e-03 1.249210071e-02
      vertex 4.390476272e-02 3.545460757e-03 1.256600861e-02
    endloop
  endfacet
  facet normal -4.310171008e-01 -1.082753483e-02 9.022787809e-01
    outer loop
      vertex 4.558937997e-02 9.855386452e-05 1.332938392e-02
      vertex 4.390476272e-02 3.545460757e-03 1.256600861e-02
      vertex 4.403816536e-02 8.305665688e-05 1.258818526e-02
    endloop
  endfacet
  facet normal -8.294454813e-01 -9.901861101e-02 5.497413278e-01
    outer loop
      vertex 4.838476703e-02 2.725490741e-02 1.912209019e-02
      vertex 4.802014306e-02 1.392015535e-02 1.617011242e-02
      vertex 5.011968687e-02 1.392531116e-02 1.933881640e-02
    endloop
  endfacet
  facet normal -8.332828283e-01 -2.740162052e-02 5.521674156e-01
    outer loop
      vertex 5.011968687e-02 1.392531116e-02 1.933881640e-02
      vertex 4.802014306e-02 1.392015535e-02 1.617011242e-02
      vertex 4.801212624e-02 9.181853966e-05 1.547177415e-02
    endloop
  endfacet
  facet normal -8.254166842e-01 -3.180359304e-02 5.636274219e-01
    outer loop
      vertex 5.011968687e-02 1.392531116e-02 1.933881640e-02
      vertex 4.801212624e-02 9.181853966e-05 1.547177415e-02
      vertex 5.017840117e-02 8.409973816e-05 1.864378899e-02
    endloop
  endfacet
  facet normal -8.253985643e-01 2.977224812e-02 5.637648702e-01
    outer loop
      vertex 5.017840117e-02 8.409973816e-05 1.864378899e-02
      vertex 4.801212624e-02 9.181853966e-05 1.547177415e-02
      vertex 4.797194153e-02 -1.377144735e-02 1.614505611e-02
    endloop
  endfacet
  facet normal -8.312185407e-01 3.227829561e-02 5.550079942e-01
    outer loop
      vertex 5.017840117e-02 8.409973816e-05 1.864378899e-02
      vertex 4.797194153e-02 -1.377144735e-02 1.614505611e-02
      vertex 5.008964613e-02 -1.378360670e-02 1.931738481e-02
    endloop
  endfacet
  facet normal -9.647479057e-01 8.411010355e-02 2.493732125e-01
    outer loop
      vertex 5.315276608e-02 -2.717706747e-02 3.185519204e-02
      vertex 5.346790329e-02 -2.237421460e-02 3.145442531e-02
      vertex 5.165442824e-02 -2.715152688e-02 2.604997158e-02
    endloop
  endfacet
  facet normal -9.622769356e-01 6.696099043e-02 2.637031674e-01
    outer loop
      vertex 5.165442824e-02 -2.715152688e-02 2.604997158e-02
      vertex 5.346790329e-02 -2.237421460e-02 3.145442531e-02
      vertex 5.175788328e-02 -1.376351994e-02 2.302793041e-02
    endloop
  endfacet
  facet normal -9.077782035e-01 9.902022034e-02 4.075951278e-01
    outer loop
      vertex 5.165442824e-02 -2.715152688e-02 2.604997158e-02
      vertex 5.175788328e-02 -1.376351994e-02 2.302793041e-02
      vertex 5.008964613e-02 -1.378360670e-02 1.931738481e-02
    endloop
  endfacet
  facet normal -9.117720127e-01 2.745207399e-02 4.097781479e-01
    outer loop
      vertex 5.008964613e-02 -1.378360670e-02 1.931738481e-02
      vertex 5.175788328e-02 -1.376351994e-02 2.302793041e-02
      vertex 5.192627385e-02 7.670876221e-05 2.247541398e-02
    endloop
  endfacet
  facet normal -9.094829559e-01 2.597514167e-02 4.149290025e-01
    outer loop
      vertex 5.008964613e-02 -1.378360670e-02 1.931738481e-02
      vertex 5.192627385e-02 7.670876221e-05 2.247541398e-02
      vertex 5.017840117e-02 8.409973816e-05 1.864378899e-02
    endloop
  endfacet
  facet normal -9.094939232e-01 -2.712203376e-02 4.148315787e-01
    outer loop
      vertex 5.017840117e-02 8.409973816e-05 1.864378899e-02
      vertex 5.192627385e-02 7.670876221e-05 2.247541398e-02
      vertex 5.177334324e-02 1.389845926e-02 2.304380015e-02
    endloop
  endfacet
  facet normal -9.129657745e-01 -2.432561852e-02 4.073104262e-01
    outer loop
      vertex 5.017840117e-02 8.409973816e-05 1.864378899e-02
      vertex 5.177334324e-02 1.389845926e-02 2.304380015e-02
      vertex 5.011968687e-02 1.392531116e-02 1.933881640e-02
    endloop
  endfacet
  facet normal -9.099810719e-01 -8.649705350e-02 4.055276513e-01
    outer loop
      vertex 5.011968687e-02 1.392531116e-02 1.933881640e-02
      vertex 5.177334324e-02 1.389845926e-02 2.304380015e-02
      vertex 5.004670843e-02 2.728423290e-02 2.202444896e-02
    endloop
  endfacet
  facet normal -8.626174927e-01 -1.042261273e-01 4.950029850e-01
    outer loop
      vertex 5.011968687e-02 1.392531116e-02 1.933881640e-02
      vertex 5.004670843e-02 2.728423290e-02 2.202444896e-02
      vertex 4.838476703e-02 2.725490741e-02 1.912209019e-02
    endloop
  endfacet
  facet normal -7.012752891e-01 8.128820360e-02 7.082409263e-01
    outer loop
      vertex 4.790633172e-02 -2.063700743e-02 1.702693850e-02
      vertex 4.549578577e-02 -1.373055857e-02 1.384741347e-02
      vertex 4.544114321e-02 -2.059251256e-02 1.458088774e-02
    endloop
  endfacet
  facet normal -4.054277539e-01 1.003489718e-01 9.086024761e-01
    outer loop
      vertex 4.544114321e-02 -2.059251256e-02 1.458088774e-02
      vertex 4.549578577e-02 -1.373055857e-02 1.384741347e-02
      vertex 4.271601513e-02 -1.368546765e-02 1.260207128e-02
    endloop
  endfacet
  facet normal -4.630763829e-01 7.041719556e-02 8.835166693e-01
    outer loop
      vertex 4.544114321e-02 -2.059251256e-02 1.458088774e-02
      vertex 4.271601513e-02 -1.368546765e-02 1.260207128e-02
      vertex 4.255950451e-02 -2.054396458e-02 1.306666899e-02
    endloop
  endfacet
  facet normal -2.174274325e-01 7.090684772e-02 9.734975696e-01
    outer loop
      vertex 4.255950451e-02 -2.054396458e-02 1.306666899e-02
      vertex 4.271601513e-02 -1.368546765e-02 1.260207128e-02
      vertex 4.096553475e-02 -1.626002975e-02 1.239863131e-02
    endloop
  endfacet
  facet normal -1.880614161e-01 8.264064044e-02 9.786742926e-01
    outer loop
      vertex 4.255950451e-02 -2.054396458e-02 1.306666899e-02
      vertex 4.096553475e-02 -1.626002975e-02 1.239863131e-02
      vertex 3.925629333e-02 -2.049073763e-02 1.242743153e-02
    endloop
  endfacet
  facet normal -5.164375901e-02 2.766024135e-02 9.982824326e-01
    outer loop
      vertex 3.925629333e-02 -2.049073763e-02 1.242743153e-02
      vertex 4.096553475e-02 -1.626002975e-02 1.239863131e-02
      vertex 3.889862075e-02 -2.080103941e-02 1.241752598e-02
    endloop
  endfacet
  facet normal -9.398722649e-02 7.664868981e-02 9.926184416e-01
    outer loop
      vertex 3.925629333e-02 -2.049073763e-02 1.242743153e-02
      vertex 3.889862075e-02 -2.080103941e-02 1.241752598e-02
      vertex 3.967371956e-02 -2.715477534e-02 1.298154425e-02
    endloop
  endfacet
  facet normal -8.603067696e-02 7.767625898e-02 9.932598472e-01
    outer loop
      vertex 3.967371956e-02 -2.715477534e-02 1.298154425e-02
      vertex 3.889862075e-02 -2.080103941e-02 1.241752598e-02
      vertex 3.635459021e-02 -2.506622858e-02 1.253072824e-02
    endloop
  endfacet
  facet normal -7.680744678e-02 9.222836792e-02 9.927711487e-01
    outer loop
      vertex 3.967371956e-02 -2.715477534e-02 1.298154425e-02
      vertex 3.635459021e-02 -2.506622858e-02 1.253072824e-02
      vertex 3.565782681e-02 -2.607038803e-02 1.257010829e-02
    endloop
  endfacet
  facet normal -4.631229937e-01 -1.190453768e-01 8.782626390e-01
    outer loop
      vertex 4.425389692e-02 2.723958902e-02 1.483500842e-02
      vertex 4.260208458e-02 2.069943957e-02 1.307748538e-02
      vertex 4.547781125e-02 2.074679546e-02 1.460032444e-02
    endloop
  endfacet
  facet normal -4.643862545e-01 -9.939794242e-02 8.800371885e-01
    outer loop
      vertex 4.547781125e-02 2.074679546e-02 1.460032444e-02
      vertex 4.260208458e-02 2.069943957e-02 1.307748538e-02
      vertex 4.556233808e-02 1.388561446e-02 1.386997569e-02
    endloop
  endfacet
  facet normal -6.801316142e-01 -8.587654680e-02 7.280427217e-01
    outer loop
      vertex 4.547781125e-02 2.074679546e-02 1.460032444e-02
      vertex 4.556233808e-02 1.388561446e-02 1.386997569e-02
      vertex 4.802014306e-02 1.392015535e-02 1.617011242e-02
    endloop
  endfacet
  facet normal -6.827682257e-01 -2.996333688e-02 7.300204039e-01
    outer loop
      vertex 4.802014306e-02 1.392015535e-02 1.617011242e-02
      vertex 4.556233808e-02 1.388561446e-02 1.386997569e-02
      vertex 4.558937997e-02 9.855386452e-05 1.332938392e-02
    endloop
  endfacet
  facet normal -6.620281339e-01 -3.741802648e-02 7.485443354e-01
    outer loop
      vertex 4.802014306e-02 1.392015535e-02 1.617011242e-02
      vertex 4.558937997e-02 9.855386452e-05 1.332938392e-02
      vertex 4.801212624e-02 9.181853966e-05 1.547177415e-02
    endloop
  endfacet
  facet normal -6.620323062e-01 3.252897784e-02 7.487690449e-01
    outer loop
      vertex 4.801212624e-02 9.181853966e-05 1.547177415e-02
      vertex 4.558937997e-02 9.855386452e-05 1.332938392e-02
      vertex 4.549578577e-02 -1.373055857e-02 1.384741347e-02
    endloop
  endfacet
  facet normal -6.793761253e-01 3.755968809e-02 7.328283191e-01
    outer loop
      vertex 4.801212624e-02 9.181853966e-05 1.547177415e-02
      vertex 4.549578577e-02 -1.373055857e-02 1.384741347e-02
      vertex 4.797194153e-02 -1.377144735e-02 1.614505611e-02
    endloop
  endfacet
  facet normal -6.758728623e-01 1.002491415e-01 7.301684618e-01
    outer loop
      vertex 4.797194153e-02 -1.377144735e-02 1.614505611e-02
      vertex 4.549578577e-02 -1.373055857e-02 1.384741347e-02
      vertex 4.790633172e-02 -2.063700743e-02 1.702693850e-02
    endloop
  endfacet
  facet normal -8.289669156e-01 7.904272527e-02 5.536841750e-01
    outer loop
      vertex 4.797194153e-02 -1.377144735e-02 1.614505611e-02
      vertex 4.790633172e-02 -2.063700743e-02 1.702693850e-02
      vertex 5.008964613e-02 -1.378360670e-02 1.931738481e-02
    endloop
  endfacet
  facet normal -8.586150408e-01 1.059075892e-01 5.015613437e-01
    outer loop
      vertex 5.008964613e-02 -1.378360670e-02 1.931738481e-02
      vertex 4.790633172e-02 -2.063700743e-02 1.702693850e-02
      vertex 5.014269054e-02 -2.711931057e-02 2.222410217e-02
    endloop
  endfacet
  facet normal -9.270976186e-01 7.629939914e-02 3.669718802e-01
    outer loop
      vertex 5.008964613e-02 -1.378360670e-02 1.931738481e-02
      vertex 5.014269054e-02 -2.711931057e-02 2.222410217e-02
      vertex 5.165442824e-02 -2.715152688e-02 2.604997158e-02
    endloop
  endfacet
  facet normal -1.949559897e-01 -6.544397026e-02 -9.786261916e-01
    outer loop
      vertex -4.312572628e-02 -1.563978381e-02 1.104604546e-02
      vertex -4.114905745e-02 -2.016511746e-02 1.095488947e-02
      vertex -4.352539405e-02 -2.865255065e-02 1.199587155e-02
    endloop
  endfacet
  facet normal -4.973059520e-02 5.498840287e-02 -9.972477555e-01
    outer loop
      vertex -3.725264966e-02 2.959199063e-02 1.122915652e-02
      vertex -3.784010559e-02 2.587047033e-02 1.105324645e-02
      vertex -3.997517750e-02 2.925428562e-02 1.134630200e-02
    endloop
  endfacet
  facet normal -5.121570826e-02 5.404928327e-02 -9.972239733e-01
    outer loop
      vertex -3.997517750e-02 2.925428562e-02 1.134630200e-02
      vertex -3.784010559e-02 2.587047033e-02 1.105324645e-02
      vertex -4.044708237e-02 2.166810445e-02 1.095936913e-02
    endloop
  endfacet
  facet normal -1.305429637e-01 5.860061944e-02 -9.897093177e-01
    outer loop
      vertex -3.997517750e-02 2.925428562e-02 1.134630200e-02
      vertex -4.044708237e-02 2.166810445e-02 1.095936913e-02
      vertex -4.106424004e-02 2.908827178e-02 1.148012001e-02
    endloop
  endfacet
  facet normal -2.556615472e-01 6.092564762e-02 -9.648446441e-01
    outer loop
      vertex -4.257039353e-02 1.722150855e-02 1.101522055e-02
      vertex -4.388156906e-02 1.360693295e-02 1.113440748e-02
      vertex -4.475889727e-02 1.490735728e-02 1.144899521e-02
    endloop
  endfacet
  facet normal -1.111774668e-01 6.036962941e-02 -9.919652343e-01
    outer loop
      vertex -4.044708237e-02 2.166810445e-02 1.095936913e-02
      vertex -4.080740735e-02 2.099546604e-02 1.095881779e-02
      vertex -4.106424004e-02 2.908827178e-02 1.148012001e-02
    endloop
  endfacet
  facet normal -1.568328142e-01 5.852933228e-02 -9.858893156e-01
    outer loop
      vertex -4.106424004e-02 2.908827178e-02 1.148012001e-02
      vertex -4.080740735e-02 2.099546604e-02 1.095881779e-02
      vertex -4.257039353e-02 1.722150855e-02 1.101522055e-02
    endloop
  endfacet
  facet normal -2.165580392e-01 6.564635038e-02 -9.740601778e-01
    outer loop
      vertex -4.106424004e-02 2.908827178e-02 1.148012001e-02
      vertex -4.257039353e-02 1.722150855e-02 1.101522055e-02
      vertex -4.304840043e-02 2.873353474e-02 1.189734135e-02
    endloop
  endfacet
  facet normal -2.578863502e-01 6.316771358e-02 -9.641081095e-01
    outer loop
      vertex -4.304840043e-02 2.873353474e-02 1.189734135e-02
      vertex -4.257039353e-02 1.722150855e-02 1.101522055e-02
      vertex -4.475889727e-02 1.490735728e-02 1.144899521e-02
    endloop
  endfacet
  facet normal -7.091926932e-01 6.174405664e-02 -7.023057342e-01
    outer loop
      vertex -5.067294091e-02 1.492130477e-02 1.586799324e-02
      vertex -4.828277975e-02 2.736180834e-02 1.454811450e-02
      vertex -4.797944799e-02 1.492103655e-02 1.314806286e-02
    endloop
  endfacet
  facet normal -5.567506552e-01 7.947889715e-02 -8.268687129e-01
    outer loop
      vertex -4.797944799e-02 1.492103655e-02 1.314806286e-02
      vertex -4.828277975e-02 2.736180834e-02 1.454811450e-02
      vertex -4.582259804e-02 2.810007147e-02 1.296257693e-02
    endloop
  endfacet
  facet normal -4.654542506e-01 6.375072896e-02 -8.827729821e-01
    outer loop
      vertex -4.797944799e-02 1.492103655e-02 1.314806286e-02
      vertex -4.582259804e-02 2.810007147e-02 1.296257693e-02
      vertex -4.475889727e-02 1.490735728e-02 1.144899521e-02
    endloop
  endfacet
  facet normal -4.261791110e-01 6.912261248e-02 -9.019941688e-01
    outer loop
      vertex -4.475889727e-02 1.490735728e-02 1.144899521e-02
      vertex -4.582259804e-02 2.810007147e-02 1.296257693e-02
      vertex -4.469823837e-02 2.837884240e-02 1.245269645e-02
    endloop
  endfacet
  facet normal -3.319917619e-01 7.157211006e-02 -9.405630827e-01
    outer loop
      vertex -4.475889727e-02 1.490735728e-02 1.144899521e-02
      vertex -4.469823837e-02 2.837884240e-02 1.245269645e-02
      vertex -4.304840043e-02 2.873353474e-02 1.189734135e-02
    endloop
  endfacet
  facet normal -8.492724895e-01 4.050903022e-02 -5.263984203e-01
    outer loop
      vertex -5.243613198e-02 2.545946650e-02 1.952362806e-02
      vertex -5.137643963e-02 2.606394701e-02 1.786047593e-02
      vertex -5.067294091e-02 1.492130477e-02 1.586799324e-02
    endloop
  endfacet
  facet normal -7.970771790e-01 5.717384815e-02 -6.011648178e-01
    outer loop
      vertex -5.067294091e-02 1.492130477e-02 1.586799324e-02
      vertex -5.137643963e-02 2.606394701e-02 1.786047593e-02
      vertex -5.039308220e-02 2.653679065e-02 1.660162397e-02
    endloop
  endfacet
  facet normal -7.083197236e-01 6.148046255e-02 -7.032093406e-01
    outer loop
      vertex -5.067294091e-02 1.492130477e-02 1.586799324e-02
      vertex -5.039308220e-02 2.653679065e-02 1.660162397e-02
      vertex -4.828277975e-02 2.736180834e-02 1.454811450e-02
    endloop
  endfacet
  facet normal -8.794380426e-01 1.786719263e-02 -4.756779075e-01
    outer loop
      vertex -5.243613198e-02 2.545946650e-02 1.952362806e-02
      vertex -5.067294091e-02 1.492130477e-02 1.586799324e-02
      vertex -5.271838233e-02 2.527549677e-02 2.003854513e-02
    endloop
  endfacet
  facet normal -8.541362882e-01 4.011368379e-02 -5.184998512e-01
    outer loop
      vertex -5.271838233e-02 2.527549677e-02 2.003854513e-02
      vertex -5.067294091e-02 1.492130477e-02 1.586799324e-02
      vertex -5.274160579e-02 1.491981465e-02 1.927563548e-02
    endloop
  endfacet
  facet normal -9.170097709e-01 3.135018051e-02 -3.976307511e-01
    outer loop
      vertex -5.271838233e-02 2.527549677e-02 2.003854513e-02
      vertex -5.274160579e-02 1.491981465e-02 1.927563548e-02
      vertex -5.387889221e-02 2.435898595e-02 2.264263481e-02
    endloop
  endfacet
  facet normal -9.336453080e-01 1.516568940e-02 -3.578776121e-01
    outer loop
      vertex -5.387889221e-02 2.435898595e-02 2.264263481e-02
      vertex -5.274160579e-02 1.491981465e-02 1.927563548e-02
      vertex -5.419442430e-02 1.492410619e-02 2.306598797e-02
    endloop
  endfacet
  facet normal -9.626095295e-01 2.007085644e-02 -2.701482177e-01
    outer loop
      vertex -5.387889221e-02 2.435898595e-02 2.264263481e-02
      vertex -5.419442430e-02 1.492410619e-02 2.306598797e-02
      vertex -5.494167283e-02 2.307879739e-02 2.633449063e-02
    endloop
  endfacet
  facet normal -9.859089255e-01 -2.398675680e-02 -1.655542254e-01
    outer loop
      vertex -5.494167283e-02 2.307879739e-02 2.633449063e-02
      vertex -5.419442430e-02 1.492410619e-02 2.306598797e-02
      vertex -5.564441159e-02 1.947563700e-02 3.104149550e-02
    endloop
  endfacet
  facet normal -9.885171652e-01 -4.518599249e-03 -1.510409713e-01
    outer loop
      vertex -5.494167283e-02 2.307879739e-02 2.633449063e-02
      vertex -5.564441159e-02 1.947563700e-02 3.104149550e-02
      vertex -5.566304550e-02 2.142661624e-02 3.110508248e-02
    endloop
  endfacet
  facet normal -9.887809157e-01 4.466106184e-03 -1.493064165e-01
    outer loop
      vertex -5.566561222e-02 -2.152002044e-02 3.111447394e-02
      vertex -5.564658344e-02 -1.953351684e-02 3.104787692e-02
      vertex -5.494830012e-02 -2.315914817e-02 2.631504834e-02
    endloop
  endfacet
  facet normal -9.863581657e-01 2.283642627e-02 -1.630217284e-01
    outer loop
      vertex -5.494830012e-02 -2.315914817e-02 2.631504834e-02
      vertex -5.564658344e-02 -1.953351684e-02 3.104787692e-02
      vertex -5.422795191e-02 -1.477536839e-02 2.313102037e-02
    endloop
  endfacet
  facet normal -9.640040994e-01 -1.792137139e-02 -2.652826905e-01
    outer loop
      vertex -5.494830012e-02 -2.315914817e-02 2.631504834e-02
      vertex -5.422795191e-02 -1.477536839e-02 2.313102037e-02
      vertex -5.390779302e-02 -2.442392893e-02 2.261941880e-02
    endloop
  endfacet
  facet normal -9.356030226e-01 -1.233645901e-02 -3.528381586e-01
    outer loop
      vertex -5.390779302e-02 -2.442392893e-02 2.261941880e-02
      vertex -5.422795191e-02 -1.477536839e-02 2.313102037e-02
      vertex -5.277968198e-02 -1.476756018e-02 1.929044351e-02
    endloop
  endfacet
  facet normal -7.997280359e-01 -5.174887180e-02 -5.981280208e-01
    outer loop
      vertex -5.050110444e-02 -2.656611986e-02 1.659576781e-02
      vertex -5.140878260e-02 -2.613040991e-02 1.777168363e-02
      vertex -5.069539323e-02 -1.476705354e-02 1.583470963e-02
    endloop
  endfacet
  facet normal -8.517742157e-01 -3.562353179e-02 -5.226965547e-01
    outer loop
      vertex -5.069539323e-02 -1.476705354e-02 1.583470963e-02
      vertex -5.140878260e-02 -2.613040991e-02 1.777168363e-02
      vertex -5.249328166e-02 -2.551153488e-02 1.949677989e-02
    endloop
  endfacet
  facet normal -8.558438420e-01 -3.272758052e-02 -5.161978006e-01
    outer loop
      vertex -5.069539323e-02 -1.476705354e-02 1.583470963e-02
      vertex -5.249328166e-02 -2.551153488e-02 1.949677989e-02
      vertex -5.277968198e-02 -1.476756018e-02 1.929044351e-02
    endloop
  endfacet
  facet normal -8.861525655e-01 -3.249950334e-02 -4.622524977e-01
    outer loop
      vertex -5.277968198e-02 -1.476756018e-02 1.929044351e-02
      vertex -5.249328166e-02 -2.551153488e-02 1.949677989e-02
      vertex -5.281359330e-02 -2.530032583e-02 2.009597793e-02
    endloop
  endfacet
  facet normal -9.205006957e-01 -2.684915811e-02 -3.898173571e-01
    outer loop
      vertex -5.277968198e-02 -1.476756018e-02 1.929044351e-02
      vertex -5.281359330e-02 -2.530032583e-02 2.009597793e-02
      vertex -5.390779302e-02 -2.442392893e-02 2.261941880e-02
    endloop
  endfacet
  facet normal -7.190386653e-01 -5.651818588e-02 -6.926680803e-01
    outer loop
      vertex -5.050110444e-02 -2.656611986e-02 1.659576781e-02
      vertex -5.069539323e-02 -1.476705354e-02 1.583470963e-02
      vertex -4.866773263e-02 -2.729144879e-02 1.475177985e-02
    endloop
  endfacet
  facet normal -7.072779536e-01 -5.355617777e-02 -7.049039602e-01
    outer loop
      vertex -4.866773263e-02 -2.729144879e-02 1.475177985e-02
      vertex -5.069539323e-02 -1.476705354e-02 1.583470963e-02
      vertex -4.796013236e-02 -1.477349084e-02 1.309072506e-02
    endloop
  endfacet
  facet normal -6.355149150e-01 -6.615097076e-02 -7.692495584e-01
    outer loop
      vertex -4.866773263e-02 -2.729144879e-02 1.475177985e-02
      vertex -4.796013236e-02 -1.477349084e-02 1.309072506e-02
      vertex -4.801538587e-02 -2.751121111e-02 1.423174236e-02
    endloop
  endfacet
  facet normal -5.508645773e-01 -7.209219784e-02 -8.314751387e-01
    outer loop
      vertex -4.801538587e-02 -2.751121111e-02 1.423174236e-02
      vertex -4.796013236e-02 -1.477349084e-02 1.309072506e-02
      vertex -4.623507336e-02 -2.803230472e-02 1.309743989e-02
    endloop
  endfacet
  facet normal -4.562241137e-01 -5.980740488e-02 -8.878527880e-01
    outer loop
      vertex -4.623507336e-02 -2.803230472e-02 1.309743989e-02
      vertex -4.796013236e-02 -1.477349084e-02 1.309072506e-02
      vertex -4.468474910e-02 -1.477867644e-02 1.140801515e-02
    endloop
  endfacet
  facet normal -4.294177890e-01 -6.459251791e-02 -9.007930756e-01
    outer loop
      vertex -4.623507336e-02 -2.803230472e-02 1.309743989e-02
      vertex -4.468474910e-02 -1.477867644e-02 1.140801515e-02
      vertex -4.472905770e-02 -2.839929052e-02 1.240582112e-02
    endloop
  endfacet
  facet normal -2.075414360e-01 -6.163283065e-02 -9.762827158e-01
    outer loop
      vertex -4.352539405e-02 -2.865255065e-02 1.199587155e-02
      vertex -4.114905745e-02 -2.016511746e-02 1.095488947e-02
      vertex -4.065404460e-02 -2.913898416e-02 1.141617913e-02
    endloop
  endfacet
  facet normal -1.179934070e-01 -5.746773630e-02 -9.913501143e-01
    outer loop
      vertex -4.065404460e-02 -2.913898416e-02 1.141617913e-02
      vertex -4.114905745e-02 -2.016511746e-02 1.095488947e-02
      vertex -4.080731049e-02 -2.082961984e-02 1.095273439e-02
    endloop
  endfacet
  facet normal -7.176356018e-02 -5.686318502e-02 -9.957994819e-01
    outer loop
      vertex -4.065404460e-02 -2.913898416e-02 1.141617913e-02
      vertex -4.080731049e-02 -2.082961984e-02 1.095273439e-02
      vertex -3.870637342e-02 -2.441901155e-02 1.100629289e-02
    endloop
  endfacet
  facet normal -4.629665986e-02 -6.744567305e-02 -9.966482520e-01
    outer loop
      vertex -3.870637342e-02 -2.441901155e-02 1.100629289e-02
      vertex -3.786677867e-02 -2.566626854e-02 1.105169673e-02
      vertex -4.065404460e-02 -2.913898416e-02 1.141617913e-02
    endloop
  endfacet
  facet normal -6.529790908e-02 -5.217942223e-02 -9.965006113e-01
    outer loop
      vertex -4.065404460e-02 -2.913898416e-02 1.141617913e-02
      vertex -3.786677867e-02 -2.566626854e-02 1.105169673e-02
      vertex -3.783677146e-02 -2.587616630e-02 1.106072124e-02
    endloop
  endfacet
  facet normal -5.965784937e-02 -5.705871060e-02 -9.965867996e-01
    outer loop
      vertex -4.065404460e-02 -2.913898416e-02 1.141617913e-02
      vertex -3.783677146e-02 -2.587616630e-02 1.106072124e-02
      vertex -3.725265339e-02 -2.954241820e-02 1.123566274e-02
    endloop
  endfacet
  facet normal -5.140075684e-01 -2.288525552e-02 -8.574802876e-01
    outer loop
      vertex -4.594982788e-02 -9.565377259e-04 1.151690912e-02
      vertex -4.555539787e-02 -5.951406900e-03 1.141378004e-02
      vertex -4.796013236e-02 -1.477349084e-02 1.309072506e-02
    endloop
  endfacet
  facet normal -4.414510131e-01 -4.996451363e-02 -8.958931565e-01
    outer loop
      vertex -4.555539787e-02 -5.951406900e-03 1.141378004e-02
      vertex -4.465421289e-02 -1.068619173e-02 1.123378333e-02
      vertex -4.796013236e-02 -1.477349084e-02 1.309072506e-02
    endloop
  endfacet
  facet normal -4.232365787e-01 -6.813181192e-02 -9.034538269e-01
    outer loop
      vertex -4.796013236e-02 -1.477349084e-02 1.309072506e-02
      vertex -4.465421289e-02 -1.068619173e-02 1.123378333e-02
      vertex -4.461274669e-02 -1.085308474e-02 1.122694369e-02
    endloop
  endfacet
  facet normal -4.567647874e-01 -3.262753040e-02 -8.889889717e-01
    outer loop
      vertex -4.796013236e-02 -1.477349084e-02 1.309072506e-02
      vertex -4.461274669e-02 -1.085308474e-02 1.122694369e-02
      vertex -4.468474910e-02 -1.477867644e-02 1.140801515e-02
    endloop
  endfacet
  facet normal -2.469577938e-01 -4.012921825e-02 -9.681949615e-01
    outer loop
      vertex -4.468474910e-02 -1.477867644e-02 1.140801515e-02
      vertex -4.461274669e-02 -1.085308474e-02 1.122694369e-02
      vertex -4.312572628e-02 -1.563978381e-02 1.104604546e-02
    endloop
  endfacet
  facet normal -2.619618475e-01 -6.966217607e-02 -9.625607133e-01
    outer loop
      vertex -4.468474910e-02 -1.477867644e-02 1.140801515e-02
      vertex -4.312572628e-02 -1.563978381e-02 1.104604546e-02
      vertex -4.472905770e-02 -2.839929052e-02 1.240582112e-02
    endloop
  endfacet
  facet normal -3.328499794e-01 -5.847439542e-02 -9.411650300e-01
    outer loop
      vertex -4.472905770e-02 -2.839929052e-02 1.240582112e-02
      vertex -4.312572628e-02 -1.563978381e-02 1.104604546e-02
      vertex -4.352539405e-02 -2.865255065e-02 1.199587155e-02
    endloop
  endfacet
  facet normal -5.464805961e-01 5.065990239e-02 -8.359380960e-01
    outer loop
      vertex -4.511370510e-02 8.778569289e-03 1.132655609e-02
      vertex -4.579945654e-02 3.902403172e-03 1.147934701e-02
      vertex -4.785968363e-02 5.426761709e-05 1.259297971e-02
    endloop
  endfacet
  facet normal -4.919543266e-01 1.145216916e-02 -8.705456853e-01
    outer loop
      vertex -4.785968363e-02 5.426761709e-05 1.259297971e-02
      vertex -4.579945654e-02 3.902403172e-03 1.147934701e-02
      vertex -4.596183822e-02 8.311626880e-05 1.152086724e-02
    endloop
  endfacet
  facet normal -9.846029282e-01 2.741997363e-03 -1.747842580e-01
    outer loop
      vertex -5.564658344e-02 -1.953351684e-02 3.104787692e-02
      vertex -5.553904548e-02 8.302686183e-05 3.074983135e-02
      vertex -5.422795191e-02 -1.477536839e-02 2.313102037e-02
    endloop
  endfacet
  facet normal -9.859402776e-01 -1.319815405e-03 -1.670929492e-01
    outer loop
      vertex -5.422795191e-02 -1.477536839e-02 2.313102037e-02
      vertex -5.553904548e-02 8.302686183e-05 3.074983135e-02
      vertex -5.419113114e-02 7.259604899e-05 2.279647812e-02
    endloop
  endfacet
  facet normal -9.356639385e-01 -5.629763473e-03 -3.528474867e-01
    outer loop
      vertex -5.422795191e-02 -1.477536839e-02 2.313102037e-02
      vertex -5.419113114e-02 7.259604899e-05 2.279647812e-02
      vertex -5.277968198e-02 -1.476756018e-02 1.929044351e-02
    endloop
  endfacet
  facet normal -9.376689792e-01 -7.093896624e-03 -3.474573493e-01
    outer loop
      vertex -5.277968198e-02 -1.476756018e-02 1.929044351e-02
      vertex -5.419113114e-02 7.259604899e-05 2.279647812e-02
      vertex -5.270834640e-02 6.663558452e-05 1.879506931e-02
    endloop
  endfacet
  facet normal -8.562300801e-01 -1.312813908e-02 -5.164278746e-01
    outer loop
      vertex -5.277968198e-02 -1.476756018e-02 1.929044351e-02
      vertex -5.270834640e-02 6.663558452e-05 1.879506931e-02
      vertex -5.069539323e-02 -1.476705354e-02 1.583470963e-02
    endloop
  endfacet
  facet normal -8.558123708e-01 -1.293238811e-02 -5.171247125e-01
    outer loop
      vertex -5.069539323e-02 -1.476705354e-02 1.583470963e-02
      vertex -5.270834640e-02 6.663558452e-05 1.879506931e-02
      vertex -5.057906359e-02 6.097313963e-05 1.527136657e-02
    endloop
  endfacet
  facet normal -7.080964446e-01 -2.125918865e-02 -7.057956457e-01
    outer loop
      vertex -5.069539323e-02 -1.476705354e-02 1.583470963e-02
      vertex -5.057906359e-02 6.097313963e-05 1.527136657e-02
      vertex -4.796013236e-02 -1.477349084e-02 1.309072506e-02
    endloop
  endfacet
  facet normal -7.016116381e-01 -1.915791817e-02 -7.123019695e-01
    outer loop
      vertex -4.796013236e-02 -1.477349084e-02 1.309072506e-02
      vertex -5.057906359e-02 6.097313963e-05 1.527136657e-02
      vertex -4.785968363e-02 5.426761709e-05 1.259297971e-02
    endloop
  endfacet
  facet normal -5.009835362e-01 -2.564546652e-02 -8.650767803e-01
    outer loop
      vertex -4.796013236e-02 -1.477349084e-02 1.309072506e-02
      vertex -4.785968363e-02 5.426761709e-05 1.259297971e-02
      vertex -4.594982788e-02 -9.565377259e-04 1.151690912e-02
    endloop
  endfacet
  facet normal -4.918259680e-01 -2.366842702e-03 -8.706902862e-01
    outer loop
      vertex -4.594982788e-02 -9.565377259e-04 1.151690912e-02
      vertex -4.785968363e-02 5.426761709e-05 1.259297971e-02
      vertex -4.596183822e-02 8.311626880e-05 1.152086724e-02
    endloop
  endfacet
  facet normal -9.859374762e-01 -2.843871713e-03 -1.670904756e-01
    outer loop
      vertex -5.553904548e-02 8.302686183e-05 3.074983135e-02
      vertex -5.564441159e-02 1.947563700e-02 3.104149550e-02
      vertex -5.419113114e-02 7.259604899e-05 2.279647812e-02
    endloop
  endfacet
  facet normal -9.835589528e-01 3.058549017e-03 -1.805614382e-01
    outer loop
      vertex -5.419113114e-02 7.259604899e-05 2.279647812e-02
      vertex -5.564441159e-02 1.947563700e-02 3.104149550e-02
      vertex -5.419442430e-02 1.492410619e-02 2.306598797e-02
    endloop
  endfacet
  facet normal -9.376686811e-01 6.097733974e-03 -3.474769294e-01
    outer loop
      vertex -5.419113114e-02 7.259604899e-05 2.279647812e-02
      vertex -5.419442430e-02 1.492410619e-02 2.306598797e-02
      vertex -5.270834640e-02 6.663558452e-05 1.879506931e-02
    endloop
  endfacet
  facet normal -9.337128401e-01 9.488776326e-03 -3.578970730e-01
    outer loop
      vertex -5.270834640e-02 6.663558452e-05 1.879506931e-02
      vertex -5.419442430e-02 1.492410619e-02 2.306598797e-02
      vertex -5.274160579e-02 1.491981465e-02 1.927563548e-02
    endloop
  endfacet
  facet normal -8.557702303e-01 1.481564622e-02 -5.171438456e-01
    outer loop
      vertex -5.270834640e-02 6.663558452e-05 1.879506931e-02
      vertex -5.274160579e-02 1.491981465e-02 1.927563548e-02
      vertex -5.057906359e-02 6.097313963e-05 1.527136657e-02
    endloop
  endfacet
  facet normal -8.547177315e-01 1.543227769e-02 -5.188636184e-01
    outer loop
      vertex -5.057906359e-02 6.097313963e-05 1.527136657e-02
      vertex -5.274160579e-02 1.491981465e-02 1.927563548e-02
      vertex -5.067294091e-02 1.492130477e-02 1.586799324e-02
    endloop
  endfacet
  facet normal -7.014812827e-01 2.416569367e-02 -7.122780681e-01
    outer loop
      vertex -5.057906359e-02 6.097313963e-05 1.527136657e-02
      vertex -5.067294091e-02 1.492130477e-02 1.586799324e-02
      vertex -4.785968363e-02 5.426761709e-05 1.259297971e-02
    endloop
  endfacet
  facet normal -7.104005218e-01 2.054374292e-02 -7.034977674e-01
    outer loop
      vertex -4.785968363e-02 5.426761709e-05 1.259297971e-02
      vertex -5.067294091e-02 1.492130477e-02 1.586799324e-02
      vertex -4.797944799e-02 1.492103655e-02 1.314806286e-02
    endloop
  endfacet
  facet normal -4.919425249e-01 2.852631174e-02 -8.701602221e-01
    outer loop
      vertex -4.785968363e-02 5.426761709e-05 1.259297971e-02
      vertex -4.797944799e-02 1.492103655e-02 1.314806286e-02
      vertex -4.511370510e-02 8.778569289e-03 1.132655609e-02
    endloop
  endfacet
  facet normal -4.660019875e-01 4.463123158e-02 -8.836572766e-01
    outer loop
      vertex -4.511370510e-02 8.778569289e-03 1.132655609e-02
      vertex -4.797944799e-02 1.492103655e-02 1.314806286e-02
      vertex -4.475889727e-02 1.490735728e-02 1.144899521e-02
    endloop
  endfacet
  facet normal -3.426329195e-01 3.858830780e-02 -9.386765361e-01
    outer loop
      vertex -4.511370510e-02 8.778569289e-03 1.132655609e-02
      vertex -4.475889727e-02 1.490735728e-02 1.144899521e-02
      vertex -4.465422407e-02 1.085221488e-02 1.124408375e-02
    endloop
  endfacet
  facet normal -2.826703489e-01 4.112945497e-02 -9.583349228e-01
    outer loop
      vertex -4.465422407e-02 1.085221488e-02 1.124408375e-02
      vertex -4.475889727e-02 1.490735728e-02 1.144899521e-02
      vertex -4.388156906e-02 1.360693295e-02 1.113440748e-02
    endloop
  endfacet
  facet normal -4.041956854e-04 -4.301280901e-02 -9.990744591e-01
    outer loop
      vertex -3.752402961e-02 -2.615067549e-02 1.107241306e-02
      vertex -3.783677146e-02 -2.587616630e-02 1.106072124e-02
      vertex -3.786677867e-02 -2.566626854e-02 1.105169673e-02
    endloop
  endfacet
  facet normal -5.223592278e-03 -4.849216342e-02 -9.988098741e-01
    outer loop
      vertex -3.783677146e-02 -2.587616630e-02 1.106072124e-02
      vertex -3.752402961e-02 -2.615067549e-02 1.107241306e-02
      vertex -3.725265339e-02 -2.954241820e-02 1.123566274e-02
    endloop
  endfacet
  facet normal -4.713007715e-03 -4.845153168e-02 -9.988144040e-01
    outer loop
      vertex -3.725265339e-02 -2.954241820e-02 1.123566274e-02
      vertex -3.752402961e-02 -2.615067549e-02 1.107241306e-02
      vertex -3.635961935e-02 -2.770182677e-02 1.114216354e-02
    endloop
  endfacet
  facet normal 4.068179056e-02 -7.036871463e-02 -9.966911674e-01
    outer loop
      vertex -3.725265339e-02 -2.954241820e-02 1.123566274e-02
      vertex -3.635961935e-02 -2.770182677e-02 1.114216354e-02
      vertex -3.653972223e-02 -3.432006016e-02 1.160207484e-02
    endloop
  endfacet
  facet normal -2.035085671e-02 -6.875886768e-02 -9.974257350e-01
    outer loop
      vertex -3.635961935e-02 -2.770182677e-02 1.114216354e-02
      vertex -3.464447334e-02 -2.975788899e-02 1.124890614e-02
      vertex -3.653972223e-02 -3.432006016e-02 1.160207484e-02
    endloop
  endfacet
  facet normal -8.157433011e-03 -7.380989194e-02 -9.972389936e-01
    outer loop
      vertex -3.653972223e-02 -3.432006016e-02 1.160207484e-02
      vertex -3.464447334e-02 -2.975788899e-02 1.124890614e-02
      vertex -3.249220550e-02 -3.202361241e-02 1.139899623e-02
    endloop
  endfacet
  facet normal 2.584871091e-02 -1.331727952e-01 -9.907556772e-01
    outer loop
      vertex -3.653972223e-02 -3.432006016e-02 1.160207484e-02
      vertex -3.249220550e-02 -3.202361241e-02 1.139899623e-02
      vertex -3.629523888e-02 -3.864691034e-02 1.219004858e-02
    endloop
  endfacet
  facet normal -1.601387747e-02 -1.095061302e-01 -9.938570857e-01
    outer loop
      vertex -3.629523888e-02 -3.864691034e-02 1.219004858e-02
      vertex -3.249220550e-02 -3.202361241e-02 1.139899623e-02
      vertex -2.924317308e-02 -3.491935506e-02 1.166570652e-02
    endloop
  endfacet
  facet normal 3.566058353e-02 -2.050514221e-01 -9.781013131e-01
    outer loop
      vertex -3.629523888e-02 -3.864691034e-02 1.219004858e-02
      vertex -2.924317308e-02 -3.491935506e-02 1.166570652e-02
      vertex -3.629479930e-02 -4.154560342e-02 1.279775333e-02
    endloop
  endfacet
  facet normal -1.853713021e-02 -1.491743922e-01 -9.886371493e-01
    outer loop
      vertex -3.629479930e-02 -4.154560342e-02 1.279775333e-02
      vertex -2.924317308e-02 -3.491935506e-02 1.166570652e-02
      vertex -2.652367391e-02 -3.695199266e-02 1.192141790e-02
    endloop
  endfacet
  facet normal -7.353431080e-03 -3.375651538e-01 -9.412734509e-01
    outer loop
      vertex -1.392884646e-02 -4.300824180e-02 1.319234166e-02
      vertex -6.434767973e-03 -4.458293691e-02 1.369852293e-02
      vertex -3.629475459e-02 -4.793537036e-02 1.513406541e-02
    endloop
  endfacet
  facet normal -1.492670178e-02 -3.072254062e-01 -9.515197277e-01
    outer loop
      vertex -1.392884646e-02 -4.300824180e-02 1.319234166e-02
      vertex -3.629475459e-02 -4.793537036e-02 1.513406541e-02
      vertex -1.691937633e-02 -4.199257866e-02 1.291131880e-02
    endloop
  endfacet
  facet normal -8.639334701e-03 -1.696241051e-01 -9.854709506e-01
    outer loop
      vertex -2.652367391e-02 -3.695199266e-02 1.192141790e-02
      vertex -2.388539538e-02 -3.864050284e-02 1.218892355e-02
      vertex -3.629479930e-02 -4.154560342e-02 1.279775333e-02
    endloop
  endfacet
  facet normal -2.322512668e-11 -2.051166743e-01 -9.787375331e-01
    outer loop
      vertex -3.629479930e-02 -4.154560342e-02 1.279775333e-02
      vertex -2.388539538e-02 -3.864050284e-02 1.218892355e-02
      vertex -1.805150695e-02 -4.154560342e-02 1.279775333e-02
    endloop
  endfacet
  facet normal -2.473569960e-11 -2.581817806e-01 -9.660963416e-01
    outer loop
      vertex -3.629479930e-02 -4.154560342e-02 1.279775333e-02
      vertex -1.805150695e-02 -4.154560342e-02 1.279775333e-02
      vertex -3.629479185e-02 -4.284906760e-02 1.314609405e-02
    endloop
  endfacet
  facet normal -7.716858527e-04 -2.480870634e-01 -9.687374234e-01
    outer loop
      vertex -3.629479185e-02 -4.284906760e-02 1.314609405e-02
      vertex -1.805150695e-02 -4.154560342e-02 1.279775333e-02
      vertex -1.691937633e-02 -4.199257866e-02 1.291131880e-02
    endloop
  endfacet
  facet normal 3.572462592e-03 -3.387236595e-01 -9.408791065e-01
    outer loop
      vertex -3.629479185e-02 -4.284906760e-02 1.314609405e-02
      vertex -1.691937633e-02 -4.199257866e-02 1.291131880e-02
      vertex -3.629476950e-02 -4.661092535e-02 1.450039167e-02
    endloop
  endfacet
  facet normal 2.887916006e-02 -4.314101934e-01 -9.016935229e-01
    outer loop
      vertex -3.629476950e-02 -4.661092535e-02 1.450039167e-02
      vertex -1.691937633e-02 -4.199257866e-02 1.291131880e-02
      vertex -3.629475459e-02 -4.793537036e-02 1.513406541e-02
    endloop
  endfacet
  facet normal 4.057538696e-03 -3.653317690e-01 -9.308685660e-01
    outer loop
      vertex 4.463199992e-03 -4.458877817e-02 1.370057557e-02
      vertex 3.208501637e-02 -4.793522134e-02 1.513433177e-02
      vertex 3.624967299e-03 -4.468259588e-02 1.373374183e-02
    endloop
  endfacet
  facet normal 2.397543984e-03 -3.777236044e-01 -9.259153008e-01
    outer loop
      vertex 3.624967299e-03 -4.468259588e-02 1.373374183e-02
      vertex 3.208501637e-02 -4.793522134e-02 1.513433177e-02
      vertex -6.857988774e-04 -4.491612688e-02 1.381784771e-02
    endloop
  endfacet
  facet normal 6.744258280e-05 -2.505474687e-01 -9.681043029e-01
    outer loop
      vertex 3.208855540e-02 -4.154402390e-02 1.279641595e-02
      vertex 3.208365664e-02 -4.237485304e-02 1.301143598e-02
      vertex 1.499599777e-02 -4.199248925e-02 1.291128900e-02
    endloop
  endfacet
  facet normal 6.650131196e-03 -3.469307721e-01 -9.378671646e-01
    outer loop
      vertex 4.463199992e-03 -4.458877817e-02 1.370057557e-02
      vertex 9.995486587e-03 -4.356256500e-02 1.336019207e-02
      vertex 3.208501637e-02 -4.793522134e-02 1.513433177e-02
    endloop
  endfacet
  facet normal 1.380426809e-02 -3.152673542e-01 -9.489024878e-01
    outer loop
      vertex 3.208501637e-02 -4.793522134e-02 1.513433177e-02
      vertex 9.995486587e-03 -4.356256500e-02 1.336019207e-02
      vertex 1.499599777e-02 -4.199248925e-02 1.291128900e-02
    endloop
  endfacet
  facet normal -3.057637252e-02 -4.261438549e-01 -9.041385651e-01
    outer loop
      vertex 3.208501637e-02 -4.793522134e-02 1.513433177e-02
      vertex 1.499599777e-02 -4.199248925e-02 1.291128900e-02
      vertex 3.208485991e-02 -4.629999772e-02 1.436361391e-02
    endloop
  endfacet
  facet normal -1.747018425e-03 -3.257064223e-01 -9.454693198e-01
    outer loop
      vertex 3.208485991e-02 -4.629999772e-02 1.436361391e-02
      vertex 1.499599777e-02 -4.199248925e-02 1.291128900e-02
      vertex 3.208365664e-02 -4.237485304e-02 1.301143598e-02
    endloop
  endfacet
  facet normal -2.483449643e-03 -3.748627901e-01 -9.270769954e-01
    outer loop
      vertex -6.434767973e-03 -4.458293691e-02 1.369852293e-02
      vertex -6.857988774e-04 -4.491612688e-02 1.381784771e-02
      vertex -3.629475459e-02 -4.793537036e-02 1.513406541e-02
    endloop
  endfacet
  facet normal 4.441562851e-06 -3.996644318e-01 -9.166615009e-01
    outer loop
      vertex -3.629475459e-02 -4.793537036e-02 1.513406541e-02
      vertex -6.857988774e-04 -4.491612688e-02 1.381784771e-02
      vertex 3.208501637e-02 -4.793522134e-02 1.513433177e-02
    endloop
  endfacet
  facet normal 4.462849120e-06 -5.015920401e-01 -8.651042581e-01
    outer loop
      vertex -3.629475459e-02 -4.793537036e-02 1.513406541e-02
      vertex 3.208501637e-02 -4.793522134e-02 1.513433177e-02
      vertex -3.629472852e-02 -4.991627112e-02 1.628260314e-02
    endloop
  endfacet
  facet normal -2.306154202e-04 -4.955065250e-01 -8.686041832e-01
    outer loop
      vertex -3.629472852e-02 -4.991627112e-02 1.628260314e-02
      vertex 3.208501637e-02 -4.793522134e-02 1.513433177e-02
      vertex 3.208549321e-02 -4.961800948e-02 1.609430090e-02
    endloop
  endfacet
  facet normal 4.990822636e-04 -6.131514907e-01 -7.899651527e-01
    outer loop
      vertex -3.629472852e-02 -4.991627112e-02 1.628260314e-02
      vertex 3.208549321e-02 -4.961800948e-02 1.609430090e-02
      vertex -3.629467264e-02 -5.282643810e-02 1.854140311e-02
    endloop
  endfacet
  facet normal -2.112013899e-04 -6.035988331e-01 -7.972881794e-01
    outer loop
      vertex 3.208549321e-02 -4.961800948e-02 1.609430090e-02
      vertex 3.208460659e-02 -5.269953981e-02 1.842721924e-02
      vertex -3.629467264e-02 -5.282643810e-02 1.854140311e-02
    endloop
  endfacet
  facet normal 2.065746085e-04 -7.281020284e-01 -6.854687333e-01
    outer loop
      vertex -3.629467264e-02 -5.282643810e-02 1.854140311e-02
      vertex 3.208460659e-02 -5.269953981e-02 1.842721924e-02
      vertex 3.208502010e-02 -5.519211665e-02 2.107482404e-02
    endloop
  endfacet
  facet normal -1.048364938e-04 -7.322993279e-01 -6.809828281e-01
    outer loop
      vertex -3.629467264e-02 -5.282643810e-02 1.854140311e-02
      vertex 3.208502010e-02 -5.519211665e-02 2.107482404e-02
      vertex -3.629460931e-02 -5.524635687e-02 2.114367858e-02
    endloop
  endfacet
  facet normal 8.023361443e-05 -8.227328062e-01 -5.684282780e-01
    outer loop
      vertex -3.629460931e-02 -5.524635687e-02 2.114367858e-02
      vertex 3.208502010e-02 -5.519211665e-02 2.107482404e-02
      vertex -3.629453108e-02 -5.744734779e-02 2.432935312e-02
    endloop
  endfacet
  facet normal -3.971080761e-03 -7.809426188e-01 -6.245901585e-01
    outer loop
      vertex 3.208502010e-02 -5.519211665e-02 2.107482404e-02
      vertex 3.208498657e-02 -5.532771721e-02 2.124436945e-02
      vertex -3.629453108e-02 -5.744734779e-02 2.432935312e-02
    endloop
  endfacet
  facet normal 2.026352449e-04 -8.262941837e-01 -5.632387400e-01
    outer loop
      vertex -3.629453108e-02 -5.744734779e-02 2.432935312e-02
      vertex 3.208498657e-02 -5.532771721e-02 2.124436945e-02
      vertex 3.208440170e-02 -5.756757036e-02 2.453032508e-02
    endloop
  endfacet
  facet normal -1.376121509e-04 -8.781057596e-01 -4.784665406e-01
    outer loop
      vertex -3.629453108e-02 -5.744734779e-02 2.432935312e-02
      vertex 3.208440170e-02 -5.756757036e-02 2.453032508e-02
      vertex -3.629446775e-02 -5.885967985e-02 2.692133561e-02
    endloop
  endfacet
  facet normal 5.357372629e-06 -8.798211813e-01 -4.753048718e-01
    outer loop
      vertex -3.629446775e-02 -5.885967985e-02 2.692133561e-02
      vertex 3.208440170e-02 -5.756757036e-02 2.453032508e-02
      vertex 3.208492696e-02 -5.885935202e-02 2.692149952e-02
    endloop
  endfacet
  facet normal 5.359236638e-06 -9.021243453e-01 -4.314761758e-01
    outer loop
      vertex -3.629446775e-02 -5.885967985e-02 2.692133561e-02
      vertex 3.208492696e-02 -5.885935202e-02 2.692149952e-02
      vertex -3.629444167e-02 -5.943185464e-02 2.811763063e-02
    endloop
  endfacet
  facet normal 1.547115535e-04 -9.054205418e-01 -4.245157838e-01
    outer loop
      vertex -3.629444167e-02 -5.943185464e-02 2.811763063e-02
      vertex 3.208492696e-02 -5.885935202e-02 2.692149952e-02
      vertex 3.208436444e-02 -5.972752348e-02 2.877316251e-02
    endloop
  endfacet
  facet normal -4.777047725e-04 -9.293022752e-01 -3.693197072e-01
    outer loop
      vertex -3.629444167e-02 -5.943185464e-02 2.811763063e-02
      vertex 3.208436444e-02 -5.972752348e-02 2.877316251e-02
      vertex -3.629428893e-02 -6.176638976e-02 3.399191424e-02
    endloop
  endfacet
  facet normal 2.871527613e-05 -9.315671921e-01 -3.635692000e-01
    outer loop
      vertex -3.629428893e-02 -6.176638976e-02 3.399191424e-02
      vertex 3.208436444e-02 -5.972752348e-02 2.877316251e-02
      vertex 3.208444640e-02 -6.178751960e-02 3.405145556e-02
    endloop
  endfacet
  facet normal -1.331485510e-05 -9.471380115e-01 -3.208264709e-01
    outer loop
      vertex -3.629428893e-02 -6.176638976e-02 3.399191424e-02
      vertex 3.208444640e-02 -6.178751960e-02 3.405145556e-02
      vertex -3.629423678e-02 -6.236064807e-02 3.574627265e-02
    endloop
  endfacet
  facet normal 2.188365906e-04 -9.499472976e-01 -3.124101460e-01
    outer loop
      vertex -3.629423678e-02 -6.236064807e-02 3.574627265e-02
      vertex 3.208444640e-02 -6.178751960e-02 3.405145556e-02
      vertex -3.629422933e-02 -6.241491809e-02 3.591129184e-02
    endloop
  endfacet
  facet normal 7.571476744e-04 -9.556392431e-01 -2.945387661e-01
    outer loop
      vertex -3.629422933e-02 -6.241491809e-02 3.591129184e-02
      vertex 3.208444640e-02 -6.178751960e-02 3.405145556e-02
      vertex -3.629390895e-02 -6.437030435e-02 4.225561023e-02
    endloop
  endfacet
  facet normal 1.114970655e-04 -9.541150928e-01 -2.994401753e-01
    outer loop
      vertex -3.629390895e-02 -6.437030435e-02 4.225561023e-02
      vertex 3.208444640e-02 -6.178751960e-02 3.405145556e-02
      vertex 3.208323196e-02 -6.451660395e-02 4.274722934e-02
    endloop
  endfacet
  facet normal -1.335637535e-06 -9.585111737e-01 -2.850549817e-01
    outer loop
      vertex -3.629390895e-02 -6.437030435e-02 4.225561023e-02
      vertex 3.208323196e-02 -6.451660395e-02 4.274722934e-02
      vertex -3.629380465e-02 -6.451660395e-02 4.274754971e-02
    endloop
  endfacet
  facet normal -5.685980796e-05 -2.461018115e-01 -9.692440033e-01
    outer loop
      vertex 1.499599777e-02 -4.199248925e-02 1.291128900e-02
      vertex 1.612783037e-02 -4.154560342e-02 1.279775333e-02
      vertex 3.208855540e-02 -4.154402390e-02 1.279641595e-02
    endloop
  endfacet
  facet normal -6.030537770e-05 -2.171268314e-01 -9.761434197e-01
    outer loop
      vertex 3.208855540e-02 -4.154402390e-02 1.279641595e-02
      vertex 1.612783037e-02 -4.154560342e-02 1.279775333e-02
      vertex 2.006440051e-02 -3.970262781e-02 1.238757093e-02
    endloop
  endfacet
  facet normal 1.151064062e-03 -2.095823586e-01 -9.777902961e-01
    outer loop
      vertex 3.208855540e-02 -4.154402390e-02 1.279641595e-02
      vertex 2.006440051e-02 -3.970262781e-02 1.238757093e-02
      vertex 3.224791214e-02 -3.911266103e-02 1.227545831e-02
    endloop
  endfacet
  facet normal 3.270987188e-03 -5.303707346e-02 -9.985871911e-01
    outer loop
      vertex 3.320851177e-02 -2.919817157e-02 1.121761929e-02
      vertex 3.443603218e-02 -2.770170756e-02 1.114215981e-02
      vertex 3.435887769e-02 -3.009617515e-02 1.126908232e-02
    endloop
  endfacet
  facet normal -9.650004213e-04 -5.290122330e-02 -9.985992908e-01
    outer loop
      vertex 3.435887769e-02 -3.009617515e-02 1.126908232e-02
      vertex 3.443603218e-02 -2.770170756e-02 1.114215981e-02
      vertex 3.527502343e-02 -2.730974741e-02 1.112058479e-02
    endloop
  endfacet
  facet normal -7.183468435e-03 -3.962303698e-02 -9.991889000e-01
    outer loop
      vertex 3.527502343e-02 -2.730974741e-02 1.112058479e-02
      vertex 3.443603218e-02 -2.770170756e-02 1.114215981e-02
      vertex 3.553718328e-02 -2.623847313e-02 1.107621845e-02
    endloop
  endfacet
  facet normal -5.010150839e-03 -4.015455768e-02 -9.991809130e-01
    outer loop
      vertex 3.527502343e-02 -2.730974741e-02 1.112058479e-02
      vertex 3.553718328e-02 -2.623847313e-02 1.107621845e-02
      vertex 3.570390493e-02 -2.600574680e-02 1.106602978e-02
    endloop
  endfacet
  facet normal -1.067240490e-03 -1.653755754e-01 -9.862300754e-01
    outer loop
      vertex 2.006440051e-02 -3.970262781e-02 1.238757093e-02
      vertex 2.460046113e-02 -3.695169464e-02 1.192137320e-02
      vertex 3.224791214e-02 -3.911266103e-02 1.227545831e-02
    endloop
  endfacet
  facet normal 5.484862719e-03 -1.427637041e-01 -9.897416234e-01
    outer loop
      vertex 3.224791214e-02 -3.911266103e-02 1.227545831e-02
      vertex 2.460046113e-02 -3.695169464e-02 1.192137320e-02
      vertex 2.559155971e-02 -3.624764457e-02 1.182531100e-02
    endloop
  endfacet
  facet normal 3.976019565e-03 -1.461917162e-01 -9.892482758e-01
    outer loop
      vertex 3.224791214e-02 -3.911266103e-02 1.227545831e-02
      vertex 2.559155971e-02 -3.624764457e-02 1.182531100e-02
      vertex 3.296294063e-02 -3.513548151e-02 1.169058215e-02
    endloop
  endfacet
  facet normal -3.692217404e-03 -9.610778093e-02 -9.953640699e-01
    outer loop
      vertex 3.296294063e-02 -3.513548151e-02 1.169058215e-02
      vertex 2.559155971e-02 -3.624764457e-02 1.182531100e-02
      vertex 3.056853078e-02 -3.202361241e-02 1.139899623e-02
    endloop
  endfacet
  facet normal 9.576193988e-03 -8.598156273e-02 -9.962506890e-01
    outer loop
      vertex 3.296294063e-02 -3.513548151e-02 1.169058215e-02
      vertex 3.056853078e-02 -3.202361241e-02 1.139899623e-02
      vertex 3.435887769e-02 -3.009617515e-02 1.126908232e-02
    endloop
  endfacet
  facet normal -1.138544059e-03 -6.502082944e-02 -9.978832603e-01
    outer loop
      vertex 3.435887769e-02 -3.009617515e-02 1.126908232e-02
      vertex 3.056853078e-02 -3.202361241e-02 1.139899623e-02
      vertex 3.272103891e-02 -2.975762077e-02 1.124889124e-02
    endloop
  endfacet
  facet normal 6.542879273e-04 -5.637893453e-02 -9.984092116e-01
    outer loop
      vertex 3.435887769e-02 -3.009617515e-02 1.126908232e-02
      vertex 3.272103891e-02 -2.975762077e-02 1.124889124e-02
      vertex 3.320851177e-02 -2.919817157e-02 1.121761929e-02
    endloop
  endfacet
  facet normal -2.248406410e-03 4.756962508e-02 -9.988653660e-01
    outer loop
      vertex -3.562648967e-02 2.877729945e-02 1.118669752e-02
      vertex -3.784010559e-02 2.587047033e-02 1.105324645e-02
      vertex -3.725264966e-02 2.959199063e-02 1.122915652e-02
    endloop
  endfacet
  facet normal -1.074587554e-02 3.826485574e-02 -9.992098808e-01
    outer loop
      vertex 3.570316732e-02 2.617281489e-02 1.106605399e-02
      vertex 3.358225897e-02 2.892231755e-02 1.119415555e-02
      vertex 3.527504206e-02 2.747654729e-02 1.112058479e-02
    endloop
  endfacet
  facet normal 1.610805653e-02 6.961696595e-02 -9.974437356e-01
    outer loop
      vertex 3.527504206e-02 2.747654729e-02 1.112058479e-02
      vertex 3.358225897e-02 2.892231755e-02 1.119415555e-02
      vertex 3.337922692e-02 3.364246711e-02 1.152032148e-02
    endloop
  endfacet
  facet normal 1.769712381e-02 6.968313456e-02 -9.974122047e-01
    outer loop
      vertex 3.358225897e-02 2.892231755e-02 1.119415555e-02
      vertex 3.272102773e-02 2.992367558e-02 1.124883350e-02
      vertex 3.337922692e-02 3.364246711e-02 1.152032148e-02
    endloop
  endfacet
  facet normal 8.721504360e-03 7.127223909e-02 -9.974187613e-01
    outer loop
      vertex 3.337922692e-02 3.364246711e-02 1.152032148e-02
      vertex 3.272102773e-02 2.992367558e-02 1.124883350e-02
      vertex 3.126524761e-02 3.149026260e-02 1.134804729e-02
    endloop
  endfacet
  facet normal -3.815675899e-02 1.169168428e-01 -9.924084544e-01
    outer loop
      vertex 3.337922692e-02 3.364246711e-02 1.152032148e-02
      vertex 3.126524761e-02 3.149026260e-02 1.134804729e-02
      vertex 3.236742690e-02 3.841012344e-02 1.212090719e-02
    endloop
  endfacet
  facet normal 1.427070145e-02 1.087404713e-01 -9.939677119e-01
    outer loop
      vertex 3.126524761e-02 3.149026260e-02 1.134804729e-02
      vertex 2.633733675e-02 3.585667536e-02 1.175498310e-02
      vertex 3.236742690e-02 3.841012344e-02 1.212090719e-02
    endloop
  endfacet
  facet normal 3.039263422e-03 1.348194778e-01 -9.908655286e-01
    outer loop
      vertex 3.236742690e-02 3.841012344e-02 1.212090719e-02
      vertex 2.633733675e-02 3.585667536e-02 1.175498310e-02
      vertex 2.460013703e-02 3.711793944e-02 1.192126516e-02
    endloop
  endfacet
  facet normal -6.293965038e-03 1.895291656e-01 -9.818549156e-01
    outer loop
      vertex 3.236742690e-02 3.841012344e-02 1.212090719e-02
      vertex 2.460013703e-02 3.711793944e-02 1.192126516e-02
      vertex 3.211615607e-02 4.081135616e-02 1.258603204e-02
    endloop
  endfacet
  facet normal 4.036998376e-03 1.691759229e-01 -9.855775833e-01
    outer loop
      vertex 3.211615607e-02 4.081135616e-02 1.258603204e-02
      vertex 2.460013703e-02 3.711793944e-02 1.192126516e-02
      vertex 2.083025128e-02 3.945438191e-02 1.230687741e-02
    endloop
  endfacet
  facet normal -5.692714825e-03 2.467025965e-01 -9.690745473e-01
    outer loop
      vertex 3.211615607e-02 4.081135616e-02 1.258603204e-02
      vertex 2.083025128e-02 3.945438191e-02 1.230687741e-02
      vertex 3.209402785e-02 4.305575415e-02 1.315753069e-02
    endloop
  endfacet
  facet normal 3.082481446e-03 2.207343429e-01 -9.753291011e-01
    outer loop
      vertex 3.209402785e-02 4.305575415e-02 1.315753069e-02
      vertex 2.083025128e-02 3.945438191e-02 1.230687741e-02
      vertex 1.570603624e-02 4.188231751e-02 1.284016762e-02
    endloop
  endfacet
  facet normal -5.149814766e-03 3.274618387e-01 -9.448503852e-01
    outer loop
      vertex 3.209402785e-02 4.305575415e-02 1.315753069e-02
      vertex 1.570603624e-02 4.188231751e-02 1.284016762e-02
      vertex 3.208524734e-02 4.611955211e-02 1.421941537e-02
    endloop
  endfacet
  facet normal -2.325814590e-02 3.895966113e-01 -9.206919074e-01
    outer loop
      vertex 3.208524734e-02 4.611955211e-02 1.421941537e-02
      vertex 1.570603624e-02 4.188231751e-02 1.284016762e-02
      vertex 3.208450973e-02 4.663359746e-02 1.443695556e-02
    endloop
  endfacet
  facet normal 1.268628705e-02 2.789728343e-01 -9.602152109e-01
    outer loop
      vertex 3.208450973e-02 4.663359746e-02 1.443695556e-02
      vertex 1.570603624e-02 4.188231751e-02 1.284016762e-02
      vertex 1.499568112e-02 4.215862975e-02 1.291105989e-02
    endloop
  endfacet
  facet normal 8.270056918e-03 2.942909598e-01 -9.556800723e-01
    outer loop
      vertex 3.208450973e-02 4.663359746e-02 1.443695556e-02
      vertex 1.499568112e-02 4.215862975e-02 1.291105989e-02
      vertex 1.099634729e-02 4.346505925e-02 1.327875163e-02
    endloop
  endfacet
  facet normal 3.847058397e-03 3.206275105e-01 -9.471975565e-01
    outer loop
      vertex 1.099634729e-02 4.346505925e-02 1.327875163e-02
      vertex 6.749166176e-03 4.441743717e-02 1.358388271e-02
      vertex 3.208450973e-02 4.663359746e-02 1.443695556e-02
    endloop
  endfacet
  facet normal 2.072887961e-03 3.385092616e-01 -9.409607649e-01
    outer loop
      vertex 3.208450973e-02 4.663359746e-02 1.443695556e-02
      vertex 6.749166176e-03 4.441743717e-02 1.358388271e-02
      vertex 4.463699181e-03 4.475475475e-02 1.370019745e-02
    endloop
  endfacet
  facet normal 1.027494669e-03 3.519407809e-01 -9.360216856e-01
    outer loop
      vertex 3.208450973e-02 4.663359746e-02 1.443695556e-02
      vertex 4.463699181e-03 4.475475475e-02 1.370019745e-02
      vertex -8.516352391e-04 4.508287832e-02 1.381773595e-02
    endloop
  endfacet
  facet normal -6.928753573e-04 3.468525708e-01 -9.379193783e-01
    outer loop
      vertex -8.516352391e-04 4.508287832e-02 1.381773595e-02
      vertex -6.566012278e-03 4.473268613e-02 1.369245257e-02
      vertex -3.629475832e-02 4.629391059e-02 1.429177169e-02
    endloop
  endfacet
  facet normal -1.814842457e-03 3.280721903e-01 -9.446508884e-01
    outer loop
      vertex -3.629475832e-02 4.629391059e-02 1.429177169e-02
      vertex -6.566012278e-03 4.473268613e-02 1.369245257e-02
      vertex -1.079033222e-02 4.399658367e-02 1.344492380e-02
    endloop
  endfacet
  facet normal -5.172887817e-03 2.948069274e-01 -9.555428624e-01
    outer loop
      vertex -3.629475832e-02 4.629391059e-02 1.429177169e-02
      vertex -1.079033222e-02 4.399658367e-02 1.344492380e-02
      vertex -1.691907085e-02 4.215874895e-02 1.291108783e-02
    endloop
  endfacet
  facet normal 4.446195089e-04 2.267117947e-01 -9.739617705e-01
    outer loop
      vertex -1.693681255e-02 4.215201363e-02 1.290933322e-02
      vertex -3.629481792e-02 4.062053189e-02 1.254400890e-02
      vertex -3.629477322e-02 4.174370691e-02 1.280545350e-02
    endloop
  endfacet
  facet normal -1.316692069e-04 2.524198294e-01 -9.676178098e-01
    outer loop
      vertex -1.693681255e-02 4.215201363e-02 1.290933322e-02
      vertex -3.629477322e-02 4.174370691e-02 1.280545350e-02
      vertex -1.691907085e-02 4.215874895e-02 1.291108783e-02
    endloop
  endfacet
  facet normal -9.222280351e-04 2.868703008e-01 -9.579690099e-01
    outer loop
      vertex -1.691907085e-02 4.215874895e-02 1.291108783e-02
      vertex -3.629477322e-02 4.174370691e-02 1.280545350e-02
      vertex -3.629476577e-02 4.488171265e-02 1.374515053e-02
    endloop
  endfacet
  facet normal 1.058433019e-02 3.609530926e-01 -9.325239062e-01
    outer loop
      vertex -1.691907085e-02 4.215874895e-02 1.291108783e-02
      vertex -3.629476577e-02 4.488171265e-02 1.374515053e-02
      vertex -3.629475832e-02 4.629391059e-02 1.429177169e-02
    endloop
  endfacet
  facet normal 1.450631244e-04 3.681803644e-01 -9.297543764e-01
    outer loop
      vertex -8.516352391e-04 4.508287832e-02 1.381773595e-02
      vertex -3.629475832e-02 4.629391059e-02 1.429177169e-02
      vertex 3.208450973e-02 4.663359746e-02 1.443695556e-02
    endloop
  endfacet
  facet normal -1.111380043e-04 4.118463993e-01 -9.112532735e-01
    outer loop
      vertex 3.208450973e-02 4.663359746e-02 1.443695556e-02
      vertex -3.629475832e-02 4.629391059e-02 1.429177169e-02
      vertex -3.629474714e-02 4.759412631e-02 1.487941202e-02
    endloop
  endfacet
  facet normal 8.656175924e-04 4.685639739e-01 -8.834291697e-01
    outer loop
      vertex 3.208450973e-02 4.663359746e-02 1.443695556e-02
      vertex -3.629474714e-02 4.759412631e-02 1.487941202e-02
      vertex 3.208274394e-02 4.994320497e-02 1.619234495e-02
    endloop
  endfacet
  facet normal 1.446025213e-03 4.554790258e-01 -8.902453184e-01
    outer loop
      vertex -3.629474714e-02 4.759412631e-02 1.487941202e-02
      vertex -3.629473969e-02 4.846243188e-02 1.532366592e-02
      vertex 3.208274394e-02 4.994320497e-02 1.619234495e-02
    endloop
  endfacet
  facet normal -9.702129173e-04 5.389490128e-01 -8.423378468e-01
    outer loop
      vertex 3.208274394e-02 4.994320497e-02 1.619234495e-02
      vertex -3.629473969e-02 4.846243188e-02 1.532366592e-02
      vertex -3.629469499e-02 5.136184022e-02 1.717878133e-02
    endloop
  endfacet
  facet normal 4.231671628e-04 5.845615268e-01 -8.113492727e-01
    outer loop
      vertex 3.208274394e-02 4.994320497e-02 1.619234495e-02
      vertex -3.629469499e-02 5.136184022e-02 1.717878133e-02
      vertex 3.208369017e-02 5.193854496e-02 1.762994938e-02
    endloop
  endfacet
  facet normal 2.146157740e-08 6.161659956e-01 -7.876163125e-01
    outer loop
      vertex 3.208369017e-02 5.193854496e-02 1.762994938e-02
      vertex -3.629469499e-02 5.136184022e-02 1.717878133e-02
      vertex -3.629468009e-02 5.193854496e-02 1.762994751e-02
    endloop
  endfacet
  facet normal 2.069014826e-08 6.508131623e-01 -7.592378855e-01
    outer loop
      vertex 3.208369017e-02 5.193854496e-02 1.762994938e-02
      vertex -3.629468009e-02 5.193854496e-02 1.762994751e-02
      vertex 3.208459169e-02 5.286739394e-02 1.842615195e-02
    endloop
  endfacet
  facet normal -4.920464125e-04 6.714482903e-01 -7.410512567e-01
    outer loop
      vertex 3.208459169e-02 5.286739394e-02 1.842615195e-02
      vertex -3.629468009e-02 5.193854496e-02 1.762994751e-02
      vertex -3.629463166e-02 5.374644324e-02 1.926803961e-02
    endloop
  endfacet
  facet normal 1.066217199e-03 7.336934805e-01 -6.794797778e-01
    outer loop
      vertex 3.208459169e-02 5.286739394e-02 1.842615195e-02
      vertex -3.629463166e-02 5.374644324e-02 1.926803961e-02
      vertex 3.208733350e-02 5.558605120e-02 2.136172727e-02
    endloop
  endfacet
  facet normal -8.625046466e-04 7.650177479e-01 -6.440086365e-01
    outer loop
      vertex 3.208733350e-02 5.558605120e-02 2.136172727e-02
      vertex -3.629463166e-02 5.374644324e-02 1.926803961e-02
      vertex -3.629454598e-02 5.622300133e-02 2.220994234e-02
    endloop
  endfacet
  facet normal 6.764365389e-05 8.022537827e-01 -5.969831347e-01
    outer loop
      vertex 3.208733350e-02 5.558605120e-02 2.136172727e-02
      vertex -3.629454598e-02 5.622300133e-02 2.220994234e-02
      vertex 3.208795935e-02 5.636027083e-02 2.240215987e-02
    endloop
  endfacet
  facet normal -1.720094297e-04 8.417221308e-01 -5.399109125e-01
    outer loop
      vertex 3.208795935e-02 5.636027083e-02 2.240215987e-02
      vertex -3.629454598e-02 5.622300133e-02 2.220994234e-02
      vertex 3.208888695e-02 5.782584473e-02 2.468699217e-02
    endloop
  endfacet
  facet normal -5.212788237e-04 8.460652828e-01 -5.330790281e-01
    outer loop
      vertex -3.629454598e-02 5.622300133e-02 2.220994234e-02
      vertex -3.629446030e-02 5.821136758e-02 2.536573634e-02
      vertex 3.208888695e-02 5.782584473e-02 2.468699217e-02
    endloop
  endfacet
  facet normal 3.043033648e-04 8.823837042e-01 -4.705304503e-01
    outer loop
      vertex 3.208888695e-02 5.782584473e-02 2.468699217e-02
      vertex -3.629446030e-02 5.821136758e-02 2.536573634e-02
      vertex -3.629443422e-02 5.877196416e-02 2.641702071e-02
    endloop
  endfacet
  facet normal 1.138905180e-03 8.956351876e-01 -4.447878897e-01
    outer loop
      vertex 3.208888695e-02 5.782584473e-02 2.468699217e-02
      vertex -3.629443422e-02 5.877196416e-02 2.641702071e-02
      vertex 3.208933771e-02 6.018073484e-02 2.942885458e-02
    endloop
  endfacet
  facet normal 1.053053929e-04 9.048886895e-01 -4.256482720e-01
    outer loop
      vertex -3.629443422e-02 5.877196416e-02 2.641702071e-02
      vertex -3.629435971e-02 6.009624526e-02 2.923231944e-02
      vertex 3.208933771e-02 6.018073484e-02 2.942885458e-02
    endloop
  endfacet
  facet normal -1.750995216e-05 9.209002256e-01 -3.897983730e-01
    outer loop
      vertex 3.208933771e-02 6.018073484e-02 2.942885458e-02
      vertex -3.629435971e-02 6.009624526e-02 2.923231944e-02
      vertex -3.629434109e-02 6.042581424e-02 3.001092747e-02
    endloop
  endfacet
  facet normal 3.510267125e-04 9.357206821e-01 -3.527416885e-01
    outer loop
      vertex 3.208933771e-02 6.018073484e-02 2.942885458e-02
      vertex -3.629434109e-02 6.042581424e-02 3.001092747e-02
      vertex 3.208801895e-02 6.226284429e-02 3.495208174e-02
    endloop
  endfacet
  facet normal -2.138222953e-06 9.586372375e-01 -2.846308053e-01
    outer loop
      vertex -3.629380465e-02 6.468352675e-02 4.274753481e-02
      vertex 3.208322823e-02 6.468358636e-02 4.274722189e-02
      vertex -3.629386425e-02 6.459967792e-02 4.246513173e-02
    endloop
  endfacet
  facet normal 5.158107160e-05 9.550101161e-01 -2.965731621e-01
    outer loop
      vertex -3.629386425e-02 6.459967792e-02 4.246513173e-02
      vertex 3.208322823e-02 6.468358636e-02 4.274722189e-02
      vertex 3.208801895e-02 6.226284429e-02 3.495208174e-02
    endloop
  endfacet
  facet normal 4.068151466e-04 9.559211135e-01 -2.936232686e-01
    outer loop
      vertex -3.629386425e-02 6.459967792e-02 4.246513173e-02
      vertex 3.208801895e-02 6.226284429e-02 3.495208174e-02
      vertex -3.629416600e-02 6.265738606e-02 3.614179790e-02
    endloop
  endfacet
  facet normal -5.291276611e-04 9.396868944e-01 -3.420354724e-01
    outer loop
      vertex -3.629416600e-02 6.265738606e-02 3.614179790e-02
      vertex 3.208801895e-02 6.226284429e-02 3.495208174e-02
      vertex -3.629434109e-02 6.042581424e-02 3.001092747e-02
    endloop
  endfacet
  facet normal 1.417382853e-03 2.150460333e-01 -9.766029119e-01
    outer loop
      vertex -1.693681255e-02 4.215201363e-02 1.290933322e-02
      vertex -2.275392786e-02 3.945438191e-02 1.230687741e-02
      vertex -3.629481792e-02 4.062053189e-02 1.254400890e-02
    endloop
  endfacet
  facet normal -2.855395898e-03 1.673222929e-01 -9.858981371e-01
    outer loop
      vertex -3.629481792e-02 4.062053189e-02 1.254400890e-02
      vertex -2.275392786e-02 3.945438191e-02 1.230687741e-02
      vertex -2.652381361e-02 3.711793944e-02 1.192126516e-02
    endloop
  endfacet
  facet normal -5.154916085e-03 1.610902250e-01 -9.869261980e-01
    outer loop
      vertex -3.629481792e-02 4.062053189e-02 1.254400890e-02
      vertex -2.652381361e-02 3.711793944e-02 1.192126516e-02
      vertex -3.642654419e-02 3.557881340e-02 1.172176655e-02
    endloop
  endfacet
  facet normal -4.374953860e-04 1.313106120e-01 -9.913411736e-01
    outer loop
      vertex -2.652381361e-02 3.711793944e-02 1.192126516e-02
      vertex -2.825918235e-02 3.585807607e-02 1.175515261e-02
      vertex -3.642654419e-02 3.557881340e-02 1.172176655e-02
    endloop
  endfacet
  facet normal 9.330060566e-04 9.175945073e-02 -9.957807660e-01
    outer loop
      vertex -3.642654419e-02 3.557881340e-02 1.172176655e-02
      vertex -2.825918235e-02 3.585807607e-02 1.175515261e-02
      vertex -3.318892047e-02 3.149026260e-02 1.134804729e-02
    endloop
  endfacet
  facet normal -9.777521715e-03 8.334133029e-02 -9.964730740e-01
    outer loop
      vertex -3.642654419e-02 3.557881340e-02 1.172176655e-02
      vertex -3.318892047e-02 3.149026260e-02 1.134804729e-02
      vertex -3.725264966e-02 2.959199063e-02 1.122915652e-02
    endloop
  endfacet
  facet normal -5.762315704e-04 6.373720616e-02 -9.979665279e-01
    outer loop
      vertex -3.725264966e-02 2.959199063e-02 1.122915652e-02
      vertex -3.318892047e-02 3.149026260e-02 1.134804729e-02
      vertex -3.464468569e-02 2.992369048e-02 1.124883536e-02
    endloop
  endfacet
  facet normal 7.303635939e-04 5.349986255e-02 -9.985675812e-01
    outer loop
      vertex -3.725264966e-02 2.959199063e-02 1.122915652e-02
      vertex -3.464468569e-02 2.992369048e-02 1.124883536e-02
      vertex -3.562648967e-02 2.877729945e-02 1.118669752e-02
    endloop
  endfacet
  facet normal 4.046054184e-01 -1.314331871e-02 -9.143968821e-01
    outer loop
      vertex 4.390377924e-02 -3.392132465e-03 1.100709569e-02
      vertex 4.403816536e-02 8.302685455e-05 1.101660822e-02
      vertex 4.637566954e-02 9.575244621e-05 1.205073204e-02
    endloop
  endfacet
  facet normal 9.657360911e-01 -8.304260671e-02 -2.458814234e-01
    outer loop
      vertex 5.496073142e-02 -2.206388302e-02 3.113573045e-02
      vertex 5.461652577e-02 -2.730998583e-02 3.155560046e-02
      vertex 5.319120735e-02 -2.731055208e-02 2.595764026e-02
    endloop
  endfacet
  facet normal 7.124315947e-02 -5.679279938e-02 -9.958408475e-01
    outer loop
      vertex 3.837566450e-02 -2.177015133e-02 1.093101595e-02
      vertex 3.888365254e-02 -2.082959004e-02 1.091371756e-02
      vertex 3.935441747e-02 -2.058482356e-02 1.093343738e-02
    endloop
  endfacet
  facet normal 2.305263095e-02 -4.935646057e-02 -9.985151291e-01
    outer loop
      vertex 3.527502343e-02 -2.730974741e-02 1.112058479e-02
      vertex 3.570390493e-02 -2.600574680e-02 1.106602978e-02
      vertex 3.666352108e-02 -2.730974741e-02 1.115264092e-02
    endloop
  endfacet
  facet normal 2.523846924e-02 -4.774957895e-02 -9.985404611e-01
    outer loop
      vertex 3.666352108e-02 -2.730974741e-02 1.115264092e-02
      vertex 3.570390493e-02 -2.600574680e-02 1.106602978e-02
      vertex 3.837566450e-02 -2.177015133e-02 1.093101595e-02
    endloop
  endfacet
  facet normal 8.680821955e-02 -6.659737974e-02 -9.939965606e-01
    outer loop
      vertex 3.666352108e-02 -2.730974741e-02 1.115264092e-02
      vertex 3.837566450e-02 -2.177015133e-02 1.093101595e-02
      vertex 3.907489777e-02 -2.731326409e-02 1.136346813e-02
    endloop
  endfacet
  facet normal 8.362287283e-02 -6.701828539e-02 -9.942412972e-01
    outer loop
      vertex 3.907489777e-02 -2.731326409e-02 1.136346813e-02
      vertex 3.837566450e-02 -2.177015133e-02 1.093101595e-02
      vertex 3.935441747e-02 -2.058482356e-02 1.093343738e-02
    endloop
  endfacet
  facet normal 2.296440899e-01 -7.157598436e-02 -9.706392288e-01
    outer loop
      vertex 3.907489777e-02 -2.731326409e-02 1.136346813e-02
      vertex 3.935441747e-02 -2.058482356e-02 1.093343738e-02
      vertex 4.190126434e-02 -2.731225081e-02 1.203208510e-02
    endloop
  endfacet
  facet normal 4.603824019e-01 -1.096156985e-01 -8.809270263e-01
    outer loop
      vertex 4.302721843e-02 -2.070096321e-02 1.164993923e-02
      vertex 4.632490128e-02 -2.078509517e-02 1.338381413e-02
      vertex 4.302371666e-02 -2.730956860e-02 1.247043256e-02
    endloop
  endfacet
  facet normal 4.974676669e-01 -1.316689104e-01 -8.574317694e-01
    outer loop
      vertex 4.302371666e-02 -2.730956860e-02 1.247043256e-02
      vertex 4.632490128e-02 -2.078509517e-02 1.338381413e-02
      vertex 4.555161297e-02 -2.731007524e-02 1.393715385e-02
    endloop
  endfacet
  facet normal 6.663782001e-01 -1.410623938e-01 -7.321485281e-01
    outer loop
      vertex 4.555161297e-02 -2.731007524e-02 1.393715385e-02
      vertex 4.632490128e-02 -2.078509517e-02 1.338381413e-02
      vertex 4.784476012e-02 -2.731016465e-02 1.602432132e-02
    endloop
  endfacet
  facet normal 6.971845031e-01 -1.233838424e-01 -7.061941624e-01
    outer loop
      vertex 4.784476012e-02 -2.731016465e-02 1.602432132e-02
      vertex 4.632490128e-02 -2.078509517e-02 1.338381413e-02
      vertex 4.907393083e-02 -2.082351036e-02 1.610448398e-02
    endloop
  endfacet
  facet normal 7.612873316e-01 -1.364242435e-01 -6.339006424e-01
    outer loop
      vertex 4.784476012e-02 -2.731016465e-02 1.602432132e-02
      vertex 4.907393083e-02 -2.082351036e-02 1.610448398e-02
      vertex 4.881630838e-02 -2.730980702e-02 1.719103195e-02
    endloop
  endfacet
  facet normal 8.731696606e-01 -1.024926230e-01 -4.765186012e-01
    outer loop
      vertex 4.988393560e-02 -2.731007524e-02 1.870362461e-02
      vertex 5.140736699e-02 -1.388547104e-02 1.860770211e-02
      vertex 5.167393386e-02 -2.731064148e-02 2.198372781e-02
    endloop
  endfacet
  facet normal 9.090392590e-01 -8.456027508e-02 -4.080407023e-01
    outer loop
      vertex 5.167393386e-02 -2.731064148e-02 2.198372781e-02
      vertex 5.140736699e-02 -1.388547104e-02 1.860770211e-02
      vertex 5.316685140e-02 -1.385453623e-02 2.252109721e-02
    endloop
  endfacet
  facet normal 9.305105805e-01 -8.904966712e-02 -3.552748263e-01
    outer loop
      vertex 5.167393386e-02 -2.731064148e-02 2.198372781e-02
      vertex 5.316685140e-02 -1.385453623e-02 2.252109721e-02
      vertex 5.319120735e-02 -2.731055208e-02 2.595764026e-02
    endloop
  endfacet
  facet normal 9.665938616e-01 -6.178037450e-02 -2.487558126e-01
    outer loop
      vertex 5.319120735e-02 -2.731055208e-02 2.595764026e-02
      vertex 5.316685140e-02 -1.385453623e-02 2.252109721e-02
      vertex 5.553129315e-02 -1.032880228e-02 3.083299845e-02
    endloop
  endfacet
  facet normal 9.603101611e-01 -5.375130102e-02 -2.737064362e-01
    outer loop
      vertex 5.319120735e-02 -2.731055208e-02 2.595764026e-02
      vertex 5.553129315e-02 -1.032880228e-02 3.083299845e-02
      vertex 5.496073142e-02 -2.206388302e-02 3.113573045e-02
    endloop
  endfacet
  facet normal 9.720639586e-01 8.428662270e-02 -2.190604359e-01
    outer loop
      vertex 5.461679399e-02 2.747681551e-02 3.155557811e-02
      vertex 5.485509709e-02 2.383991890e-02 3.121368214e-02
      vertex 5.402676016e-02 2.747902088e-02 2.893819660e-02
    endloop
  endfacet
  facet normal 9.568138123e-01 3.754125908e-02 -2.882671654e-01
    outer loop
      vertex 5.402676016e-02 2.747902088e-02 2.893819660e-02
      vertex 5.485509709e-02 2.383991890e-02 3.121368214e-02
      vertex 5.264882743e-02 2.748355083e-02 2.436516434e-02
    endloop
  endfacet
  facet normal 8.532294631e-01 1.026523560e-01 -5.113335252e-01
    outer loop
      vertex 4.910438508e-02 2.097520046e-02 1.613135636e-02
      vertex 5.093308538e-02 2.748107724e-02 2.048887312e-02
      vertex 5.143959448e-02 1.402872521e-02 1.863343641e-02
    endloop
  endfacet
  facet normal 9.107044935e-01 8.989607543e-02 -4.031576216e-01
    outer loop
      vertex 5.143959448e-02 1.402872521e-02 1.863343641e-02
      vertex 5.093308538e-02 2.748107724e-02 2.048887312e-02
      vertex 5.264882743e-02 2.748355083e-02 2.436516434e-02
    endloop
  endfacet
  facet normal 9.097188115e-01 9.084033221e-02 -4.051662385e-01
    outer loop
      vertex 5.143959448e-02 1.402872521e-02 1.863343641e-02
      vertex 5.264882743e-02 2.748355083e-02 2.436516434e-02
      vertex 5.318344757e-02 1.399013121e-02 2.254025266e-02
    endloop
  endfacet
  facet normal 9.600717425e-01 7.450745255e-02 -2.696495056e-01
    outer loop
      vertex 5.318344757e-02 1.399013121e-02 2.254025266e-02
      vertex 5.264882743e-02 2.748355083e-02 2.436516434e-02
      vertex 5.485509709e-02 2.383991890e-02 3.121368214e-02
    endloop
  endfacet
  facet normal 9.631353021e-01 6.615630537e-02 -2.607561648e-01
    outer loop
      vertex 5.318344757e-02 1.399013121e-02 2.254025266e-02
      vertex 5.485509709e-02 2.383991890e-02 3.121368214e-02
      vertex 5.529303104e-02 1.645213179e-02 3.095689416e-02
    endloop
  endfacet
  facet normal 6.992361546e-01 1.221216694e-01 -7.043827772e-01
    outer loop
      vertex 4.636497796e-02 2.094182186e-02 1.340617705e-02
      vertex 4.675028101e-02 2.747738175e-02 1.492176112e-02
      vertex 4.910438508e-02 2.097520046e-02 1.613135636e-02
    endloop
  endfacet
  facet normal 7.334737778e-01 1.418915242e-01 -6.647428274e-01
    outer loop
      vertex 4.910438508e-02 2.097520046e-02 1.613135636e-02
      vertex 4.675028101e-02 2.747738175e-02 1.492176112e-02
      vertex 4.886765778e-02 2.747660689e-02 1.725789905e-02
    endloop
  endfacet
  facet normal 8.360711932e-01 1.230827644e-01 -5.346359015e-01
    outer loop
      vertex 4.910438508e-02 2.097520046e-02 1.613135636e-02
      vertex 4.886765778e-02 2.747660689e-02 1.725789905e-02
      vertex 5.093308538e-02 2.748107724e-02 2.048887312e-02
    endloop
  endfacet
  facet normal 4.316817522e-01 9.992882609e-02 -8.964737058e-01
    outer loop
      vertex 4.227644950e-02 2.747729234e-02 1.216591615e-02
      vertex 4.449760914e-02 2.747669630e-02 1.323541161e-02
      vertex 4.636497796e-02 2.094182186e-02 1.340617705e-02
    endloop
  endfacet
  facet normal 5.385901928e-01 1.321595460e-01 -8.321384788e-01
    outer loop
      vertex 4.636497796e-02 2.094182186e-02 1.340617705e-02
      vertex 4.449760914e-02 2.747669630e-02 1.323541161e-02
      vertex 4.526306689e-02 2.747702412e-02 1.373089571e-02
    endloop
  endfacet
  facet normal 6.186277866e-01 1.426973343e-01 -7.726171017e-01
    outer loop
      vertex 4.636497796e-02 2.094182186e-02 1.340617705e-02
      vertex 4.526306689e-02 2.747702412e-02 1.373089571e-02
      vertex 4.675028101e-02 2.747738175e-02 1.492176112e-02
    endloop
  endfacet
  facet normal 4.622564912e-01 1.225159988e-01 -8.782418966e-01
    outer loop
      vertex 4.636497796e-02 2.094182186e-02 1.340617705e-02
      vertex 4.307407141e-02 2.085828595e-02 1.166237798e-02
      vertex 4.227644950e-02 2.747729234e-02 1.216591615e-02
    endloop
  endfacet
  facet normal 1.901134998e-01 9.722956270e-02 -9.769356251e-01
    outer loop
      vertex 4.227644950e-02 2.747729234e-02 1.216591615e-02
      vertex 4.307407141e-02 2.085828595e-02 1.166237798e-02
      vertex 3.940290958e-02 2.073752694e-02 1.093594451e-02
    endloop
  endfacet
  facet normal 2.539508045e-01 6.780430675e-02 -9.648376107e-01
    outer loop
      vertex 4.227644950e-02 2.747729234e-02 1.216591615e-02
      vertex 3.940290958e-02 2.073752694e-02 1.093594451e-02
      vertex 3.944634274e-02 2.747976594e-02 1.142118964e-02
    endloop
  endfacet
  facet normal 7.864956558e-02 7.105881721e-02 -9.943665862e-01
    outer loop
      vertex 3.940290958e-02 2.073752694e-02 1.093594451e-02
      vertex 3.888368234e-02 2.099555545e-02 1.091331523e-02
      vertex 3.944634274e-02 2.747976594e-02 1.142118964e-02
    endloop
  endfacet
  facet normal 7.410322875e-02 7.147831470e-02 -9.946856499e-01
    outer loop
      vertex 3.944634274e-02 2.747976594e-02 1.142118964e-02
      vertex 3.888368234e-02 2.099555545e-02 1.091331523e-02
      vertex 3.635130823e-02 2.523714118e-02 1.102945674e-02
    endloop
  endfacet
  facet normal 9.593719989e-02 4.131808877e-02 -9.945294857e-01
    outer loop
      vertex 3.944634274e-02 2.747976594e-02 1.142118964e-02
      vertex 3.635130823e-02 2.523714118e-02 1.102945674e-02
      vertex 3.666360304e-02 2.747648768e-02 1.115261670e-02
    endloop
  endfacet
  facet normal 1.905926690e-02 5.225506052e-02 -9.984518886e-01
    outer loop
      vertex 3.666360304e-02 2.747648768e-02 1.115261670e-02
      vertex 3.635130823e-02 2.523714118e-02 1.102945674e-02
      vertex 3.570316732e-02 2.617281489e-02 1.106605399e-02
    endloop
  endfacet
  facet normal 2.303632535e-02 4.932941496e-02 -9.985168576e-01
    outer loop
      vertex 3.666360304e-02 2.747648768e-02 1.115261670e-02
      vertex 3.570316732e-02 2.617281489e-02 1.106605399e-02
      vertex 3.527504206e-02 2.747654729e-02 1.112058479e-02
    endloop
  endfacet
  facet normal 2.214065045e-01 4.619060084e-02 -9.740870595e-01
    outer loop
      vertex 4.273054749e-02 1.085221488e-02 1.091876160e-02
      vertex 4.255440086e-02 1.154327113e-02 1.091149356e-02
      vertex 4.317413643e-02 1.393973548e-02 1.116599608e-02
    endloop
  endfacet
  facet normal 1.884606034e-01 5.539343134e-02 -9.805172682e-01
    outer loop
      vertex 4.317413643e-02 1.393973548e-02 1.116599608e-02
      vertex 4.255440086e-02 1.154327113e-02 1.091149356e-02
      vertex 4.096727818e-02 1.642161421e-02 1.088203769e-02
    endloop
  endfacet
  facet normal 2.606540024e-01 3.979311883e-02 -9.646118283e-01
    outer loop
      vertex 4.273054749e-02 1.085221488e-02 1.091876160e-02
      vertex 4.317413643e-02 1.393973548e-02 1.116599608e-02
      vertex 4.355582595e-02 6.653991994e-03 1.096857619e-02
    endloop
  endfacet
  facet normal 4.120248854e-01 4.624337330e-02 -9.099983573e-01
    outer loop
      vertex 4.355582595e-02 6.653991994e-03 1.096857619e-02
      vertex 4.317413643e-02 1.393973548e-02 1.116599608e-02
      vertex 4.639637843e-02 1.400747616e-02 1.262839045e-02
    endloop
  endfacet
  facet normal 4.407514334e-01 3.222415224e-02 -8.970506191e-01
    outer loop
      vertex 4.355582595e-02 6.653991994e-03 1.096857619e-02
      vertex 4.639637843e-02 1.400747616e-02 1.262839045e-02
      vertex 4.401119426e-02 1.640764414e-03 1.101222727e-02
    endloop
  endfacet
  facet normal 4.481603205e-01 -5.055620521e-02 -8.925225139e-01
    outer loop
      vertex 4.390377924e-02 -3.392132465e-03 1.100709569e-02
      vertex 4.637566954e-02 9.575244621e-05 1.205073204e-02
      vertex 4.324381053e-02 -8.334877901e-03 1.095568482e-02
    endloop
  endfacet
  facet normal 6.100325286e-02 -3.696829826e-02 -9.974527359e-01
    outer loop
      vertex 3.888365254e-02 -2.082959004e-02 1.091371756e-02
      vertex 4.054539278e-02 -1.729944535e-02 1.088451128e-02
      vertex 3.935441747e-02 -2.058482356e-02 1.093343738e-02
    endloop
  endfacet
  facet normal 1.882919222e-01 -8.283088356e-02 -9.786139131e-01
    outer loop
      vertex 3.935441747e-02 -2.058482356e-02 1.093343738e-02
      vertex 4.054539278e-02 -1.729944535e-02 1.088451128e-02
      vertex 4.302721843e-02 -2.070096321e-02 1.164993923e-02
    endloop
  endfacet
  facet normal 1.880228668e-01 -8.856161684e-02 -9.781637192e-01
    outer loop
      vertex 3.935441747e-02 -2.058482356e-02 1.093343738e-02
      vertex 4.302721843e-02 -2.070096321e-02 1.164993923e-02
      vertex 4.190126434e-02 -2.731225081e-02 1.203208510e-02
    endloop
  endfacet
  facet normal 3.615935147e-01 -1.150611490e-01 -9.252086282e-01
    outer loop
      vertex 4.190126434e-02 -2.731225081e-02 1.203208510e-02
      vertex 4.302721843e-02 -2.070096321e-02 1.164993923e-02
      vertex 4.302371666e-02 -2.730956860e-02 1.247043256e-02
    endloop
  endfacet
  facet normal 8.305315375e-01 8.070041984e-02 -5.510941744e-01
    outer loop
      vertex 5.143959448e-02 1.402872521e-02 1.863343641e-02
      vertex 4.917523637e-02 1.403608639e-02 1.522199158e-02
      vertex 4.910438508e-02 2.097520046e-02 1.613135636e-02
    endloop
  endfacet
  facet normal 6.781758666e-01 1.022947654e-01 -7.277453542e-01
    outer loop
      vertex 4.910438508e-02 2.097520046e-02 1.613135636e-02
      vertex 4.917523637e-02 1.403608639e-02 1.522199158e-02
      vertex 4.639637843e-02 1.400747616e-02 1.262839045e-02
    endloop
  endfacet
  facet normal 7.023546100e-01 8.248426020e-02 -7.070320845e-01
    outer loop
      vertex 4.910438508e-02 2.097520046e-02 1.613135636e-02
      vertex 4.639637843e-02 1.400747616e-02 1.262839045e-02
      vertex 4.636497796e-02 2.094182186e-02 1.340617705e-02
    endloop
  endfacet
  facet normal 4.092467129e-01 1.035336405e-01 -9.065306783e-01
    outer loop
      vertex 4.636497796e-02 2.094182186e-02 1.340617705e-02
      vertex 4.639637843e-02 1.400747616e-02 1.262839045e-02
      vertex 4.317413643e-02 1.393973548e-02 1.116599608e-02
    endloop
  endfacet
  facet normal 4.656757414e-01 7.002858073e-02 -8.821803331e-01
    outer loop
      vertex 4.636497796e-02 2.094182186e-02 1.340617705e-02
      vertex 4.317413643e-02 1.393973548e-02 1.116599608e-02
      vertex 4.307407141e-02 2.085828595e-02 1.166237798e-02
    endloop
  endfacet
  facet normal 2.076031268e-01 7.299037278e-02 -9.754862189e-01
    outer loop
      vertex 4.307407141e-02 2.085828595e-02 1.166237798e-02
      vertex 4.317413643e-02 1.393973548e-02 1.116599608e-02
      vertex 4.096727818e-02 1.642161421e-02 1.088203769e-02
    endloop
  endfacet
  facet normal 1.908899695e-01 8.140932024e-02 -9.782298207e-01
    outer loop
      vertex 4.307407141e-02 2.085828595e-02 1.166237798e-02
      vertex 4.096727818e-02 1.642161421e-02 1.088203769e-02
      vertex 3.940290958e-02 2.073752694e-02 1.093594451e-02
    endloop
  endfacet
  facet normal 6.144808978e-02 3.473189473e-02 -9.975057840e-01
    outer loop
      vertex 3.940290958e-02 2.073752694e-02 1.093594451e-02
      vertex 4.096727818e-02 1.642161421e-02 1.088203769e-02
      vertex 3.889796138e-02 2.096834593e-02 1.091287564e-02
    endloop
  endfacet
  facet normal 6.955309957e-02 5.259413272e-02 -9.961908460e-01
    outer loop
      vertex 3.940290958e-02 2.073752694e-02 1.093594451e-02
      vertex 3.889796138e-02 2.096834593e-02 1.091287564e-02
      vertex 3.888368234e-02 2.099555545e-02 1.091331523e-02
    endloop
  endfacet
  facet normal 9.672957063e-01 3.156322241e-02 -2.516799271e-01
    outer loop
      vertex 5.529303104e-02 1.645213179e-02 3.095689416e-02
      vertex 5.568159372e-02 2.942559775e-03 3.075604141e-02
      vertex 5.318344757e-02 1.399013121e-02 2.254025266e-02
    endloop
  endfacet
  facet normal 9.642167687e-01 2.152667381e-02 -2.642396390e-01
    outer loop
      vertex 5.318344757e-02 1.399013121e-02 2.254025266e-02
      vertex 5.568159372e-02 2.942559775e-03 3.075604141e-02
      vertex 5.333535746e-02 7.536765770e-05 2.196098864e-02
    endloop
  endfacet
  facet normal 9.129286408e-01 2.691938169e-02 -4.072304368e-01
    outer loop
      vertex 5.318344757e-02 1.399013121e-02 2.254025266e-02
      vertex 5.333535746e-02 7.536765770e-05 2.196098864e-02
      vertex 5.143959448e-02 1.402872521e-02 1.863343641e-02
    endloop
  endfacet
  facet normal 9.095875621e-01 2.466514893e-02 -4.147796035e-01
    outer loop
      vertex 5.143959448e-02 1.402872521e-02 1.863343641e-02
      vertex 5.333535746e-02 7.536765770e-05 2.196098864e-02
      vertex 5.149304494e-02 8.165594772e-05 1.792127825e-02
    endloop
  endfacet
  facet normal 8.327888250e-01 3.141318634e-02 -5.526987910e-01
    outer loop
      vertex 5.143959448e-02 1.402872521e-02 1.863343641e-02
      vertex 5.149304494e-02 8.165594772e-05 1.792127825e-02
      vertex 4.917523637e-02 1.403608639e-02 1.522199158e-02
    endloop
  endfacet
  facet normal 8.249664903e-01 2.783191390e-02 -5.644959211e-01
    outer loop
      vertex 4.917523637e-02 1.403608639e-02 1.522199158e-02
      vertex 5.149304494e-02 8.165594772e-05 1.792127825e-02
      vertex 4.915019497e-02 8.862969116e-05 1.449772995e-02
    endloop
  endfacet
  facet normal 6.816560030e-01 3.672247007e-02 -7.307506800e-01
    outer loop
      vertex 4.917523637e-02 1.403608639e-02 1.522199158e-02
      vertex 4.915019497e-02 8.862969116e-05 1.449772995e-02
      vertex 4.639637843e-02 1.400747616e-02 1.262839045e-02
    endloop
  endfacet
  facet normal 6.611954570e-01 3.014182113e-02 -7.496079206e-01
    outer loop
      vertex 4.639637843e-02 1.400747616e-02 1.262839045e-02
      vertex 4.915019497e-02 8.862969116e-05 1.449772995e-02
      vertex 4.637566954e-02 9.575244621e-05 1.205073204e-02
    endloop
  endfacet
  facet normal 4.220188558e-01 3.698478639e-02 -9.058323503e-01
    outer loop
      vertex 4.639637843e-02 1.400747616e-02 1.262839045e-02
      vertex 4.637566954e-02 9.575244621e-05 1.205073204e-02
      vertex 4.401119426e-02 1.640764414e-03 1.101222727e-02
    endloop
  endfacet
  facet normal 4.045563638e-01 4.432678688e-03 -9.145023227e-01
    outer loop
      vertex 4.401119426e-02 1.640764414e-03 1.101222727e-02
      vertex 4.637566954e-02 9.575244621e-05 1.205073204e-02
      vertex 4.403816536e-02 8.302685455e-05 1.101660822e-02
    endloop
  endfacet
  facet normal 8.131780028e-01 -9.638112038e-02 -5.739792585e-01
    outer loop
      vertex 4.988393560e-02 -2.731007524e-02 1.870362461e-02
      vertex 4.881630838e-02 -2.730980702e-02 1.719103195e-02
      vertex 5.140736699e-02 -1.388547104e-02 1.860770211e-02
    endloop
  endfacet
  facet normal 8.661038876e-01 -1.158542186e-01 -4.862528443e-01
    outer loop
      vertex 5.140736699e-02 -1.388547104e-02 1.860770211e-02
      vertex 4.881630838e-02 -2.730980702e-02 1.719103195e-02
      vertex 4.907393083e-02 -2.082351036e-02 1.610448398e-02
    endloop
  endfacet
  facet normal 8.286756873e-01 -7.876578718e-02 -5.541592836e-01
    outer loop
      vertex 5.140736699e-02 -1.388547104e-02 1.860770211e-02
      vertex 4.907393083e-02 -2.082351036e-02 1.610448398e-02
      vertex 4.912347719e-02 -1.388508361e-02 1.519237552e-02
    endloop
  endfacet
  facet normal 6.993474960e-01 -9.806869924e-02 -7.080222964e-01
    outer loop
      vertex 4.912347719e-02 -1.388508361e-02 1.519237552e-02
      vertex 4.907393083e-02 -2.082351036e-02 1.610448398e-02
      vertex 4.632490128e-02 -2.078509517e-02 1.338381413e-02
    endloop
  endfacet
  facet normal 6.763334870e-01 -8.245870471e-02 -7.319655418e-01
    outer loop
      vertex 4.912347719e-02 -1.388508361e-02 1.519237552e-02
      vertex 4.632490128e-02 -2.078509517e-02 1.338381413e-02
      vertex 4.632386565e-02 -1.384988707e-02 1.260157954e-02
    endloop
  endfacet
  facet normal 4.610872269e-01 -9.938770533e-02 -8.817713261e-01
    outer loop
      vertex 4.632386565e-02 -1.384988707e-02 1.260157954e-02
      vertex 4.632490128e-02 -2.078509517e-02 1.338381413e-02
      vertex 4.302721843e-02 -2.070096321e-02 1.164993923e-02
    endloop
  endfacet
  facet normal 4.064593017e-01 -6.903354824e-02 -9.110571742e-01
    outer loop
      vertex 4.632386565e-02 -1.384988707e-02 1.260157954e-02
      vertex 4.302721843e-02 -2.070096321e-02 1.164993923e-02
      vertex 4.308421165e-02 -1.377916615e-02 1.115088072e-02
    endloop
  endfacet
  facet normal 2.024159580e-01 -7.208219916e-02 -9.766432047e-01
    outer loop
      vertex 4.308421165e-02 -1.377916615e-02 1.115088072e-02
      vertex 4.302721843e-02 -2.070096321e-02 1.164993923e-02
      vertex 4.054539278e-02 -1.729944535e-02 1.088451128e-02
    endloop
  endfacet
  facet normal 1.961242855e-01 -6.742244959e-02 -9.782583714e-01
    outer loop
      vertex 4.308421165e-02 -1.377916615e-02 1.115088072e-02
      vertex 4.054539278e-02 -1.729944535e-02 1.088451128e-02
      vertex 4.202833027e-02 -1.321530621e-02 1.090033259e-02
    endloop
  endfacet
  facet normal 9.671374559e-01 -1.242559496e-02 -2.539502978e-01
    outer loop
      vertex 5.568159372e-02 2.942559775e-03 3.075604141e-02
      vertex 5.553129315e-02 -1.032880228e-02 3.083299845e-02
      vertex 5.333535746e-02 7.536765770e-05 2.196098864e-02
    endloop
  endfacet
  facet normal 9.640519023e-01 -2.230825648e-02 -2.647759616e-01
    outer loop
      vertex 5.333535746e-02 7.536765770e-05 2.196098864e-02
      vertex 5.553129315e-02 -1.032880228e-02 3.083299845e-02
      vertex 5.316685140e-02 -1.385453623e-02 2.252109721e-02
    endloop
  endfacet
  facet normal 9.094849229e-01 -2.768107876e-02 -4.148142934e-01
    outer loop
      vertex 5.333535746e-02 7.536765770e-05 2.196098864e-02
      vertex 5.316685140e-02 -1.385453623e-02 2.252109721e-02
      vertex 5.149304494e-02 8.165594772e-05 1.792127825e-02
    endloop
  endfacet
  facet normal 9.118301272e-01 -2.573135868e-02 -4.097605348e-01
    outer loop
      vertex 5.149304494e-02 8.165594772e-05 1.792127825e-02
      vertex 5.316685140e-02 -1.385453623e-02 2.252109721e-02
      vertex 5.140736699e-02 -1.388547104e-02 1.860770211e-02
    endloop
  endfacet
  facet normal 8.247845173e-01 -3.280192614e-02 -5.644949079e-01
    outer loop
      vertex 5.149304494e-02 8.165594772e-05 1.792127825e-02
      vertex 5.140736699e-02 -1.388547104e-02 1.860770211e-02
      vertex 4.915019497e-02 8.862969116e-05 1.449772995e-02
    endloop
  endfacet
  facet normal 8.309062123e-01 -2.921031043e-02 -5.556452274e-01
    outer loop
      vertex 4.915019497e-02 8.862969116e-05 1.449772995e-02
      vertex 5.140736699e-02 -1.388547104e-02 1.860770211e-02
      vertex 4.912347719e-02 -1.388508361e-02 1.519237552e-02
    endloop
  endfacet
  facet normal 6.609059572e-01 -3.852093965e-02 -7.494794726e-01
    outer loop
      vertex 4.915019497e-02 8.862969116e-05 1.449772995e-02
      vertex 4.912347719e-02 -1.388508361e-02 1.519237552e-02
      vertex 4.637566954e-02 9.575244621e-05 1.205073204e-02
    endloop
  endfacet
  facet normal 6.786546111e-01 -3.150509298e-02 -7.337815166e-01
    outer loop
      vertex 4.637566954e-02 9.575244621e-05 1.205073204e-02
      vertex 4.912347719e-02 -1.388508361e-02 1.519237552e-02
      vertex 4.632386565e-02 -1.384988707e-02 1.260157954e-02
    endloop
  endfacet
  facet normal 4.180491567e-01 -3.740492091e-02 -9.076539874e-01
    outer loop
      vertex 4.637566954e-02 9.575244621e-05 1.205073204e-02
      vertex 4.632386565e-02 -1.384988707e-02 1.260157954e-02
      vertex 4.324381053e-02 -8.334877901e-03 1.095568482e-02
    endloop
  endfacet
  facet normal 4.074703753e-01 -4.464773461e-02 -9.121263623e-01
    outer loop
      vertex 4.324381053e-02 -8.334877901e-03 1.095568482e-02
      vertex 4.632386565e-02 -1.384988707e-02 1.260157954e-02
      vertex 4.308421165e-02 -1.377916615e-02 1.115088072e-02
    endloop
  endfacet
  facet normal 2.473554909e-01 -4.195780680e-02 -9.680159092e-01
    outer loop
      vertex 4.324381053e-02 -8.334877901e-03 1.095568482e-02
      vertex 4.308421165e-02 -1.377916615e-02 1.115088072e-02
      vertex 4.273055121e-02 -1.068616193e-02 1.092644688e-02
    endloop
  endfacet
  facet normal 2.066444755e-01 -4.728448763e-02 -9.772728682e-01
    outer loop
      vertex 4.273055121e-02 -1.068616193e-02 1.092644688e-02
      vertex 4.308421165e-02 -1.377916615e-02 1.115088072e-02
      vertex 4.202833027e-02 -1.321530621e-02 1.090033259e-02
    endloop
  endfacet
  facet normal -9.753073454e-01 -1.816444099e-01 1.256219894e-01
    outer loop
      vertex 5.223469436e-02 4.624022171e-02 4.709087685e-02
      vertex 5.248278752e-02 4.521159455e-02 4.752967507e-02
      vertex 5.202061310e-02 4.745082185e-02 4.717926681e-02
    endloop
  endfacet
  facet normal -9.683563113e-01 -1.714942455e-01 1.813168377e-01
    outer loop
      vertex 5.202061310e-02 4.745082185e-02 4.717926681e-02
      vertex 5.248278752e-02 4.521159455e-02 4.752967507e-02
      vertex 5.279976502e-02 4.612351581e-02 5.008507147e-02
    endloop
  endfacet
  facet normal -9.560728073e-01 -2.584510446e-01 1.383032948e-01
    outer loop
      vertex 5.202061310e-02 4.745082185e-02 4.717926681e-02
      vertex 5.279976502e-02 4.612351581e-02 5.008507147e-02
      vertex 5.103280768e-02 5.126569793e-02 4.747965559e-02
    endloop
  endfacet
  facet normal -9.469980001e-01 -1.967397481e-01 2.539454103e-01
    outer loop
      vertex 5.279976502e-02 4.612351581e-02 5.008507147e-02
      vertex 5.212282762e-02 4.973485693e-02 5.035850033e-02
      vertex 5.103280768e-02 5.126569793e-02 4.747965559e-02
    endloop
  endfacet
  facet normal -9.311390519e-01 -3.138642311e-01 1.856591552e-01
    outer loop
      vertex 5.103280768e-02 5.126569793e-02 4.747965559e-02
      vertex 5.212282762e-02 4.973485693e-02 5.035850033e-02
      vertex 5.105943978e-02 5.305513367e-02 5.063833669e-02
    endloop
  endfacet
  facet normal -8.989266753e-01 -3.778873086e-01 2.216574997e-01
    outer loop
      vertex 5.103280768e-02 5.126569793e-02 4.747965559e-02
      vertex 5.105943978e-02 5.305513367e-02 5.063833669e-02
      vertex 5.019054562e-02 5.337547883e-02 4.766068980e-02
    endloop
  endfacet
  facet normal -8.869861960e-01 -4.087722600e-01 2.148505002e-01
    outer loop
      vertex 5.105943978e-02 5.305513367e-02 5.063833669e-02
      vertex 5.058892071e-02 5.412655696e-02 5.073432997e-02
      vertex 5.019054562e-02 5.337547883e-02 4.766068980e-02
    endloop
  endfacet
  facet normal -8.331739306e-01 -5.025500059e-01 2.307915092e-01
    outer loop
      vertex 5.019054562e-02 5.337547883e-02 4.766068980e-02
      vertex 5.058892071e-02 5.412655696e-02 5.073432997e-02
      vertex 4.906513914e-02 5.676713213e-02 5.098323897e-02
    endloop
  endfacet
  facet normal -8.342074752e-01 -5.014899969e-01 2.293593138e-01
    outer loop
      vertex 5.019054562e-02 5.337547883e-02 4.766068980e-02
      vertex 4.906513914e-02 5.676713213e-02 5.098323897e-02
      vertex 4.860398918e-02 5.613052472e-02 4.791405052e-02
    endloop
  endfacet
  facet normal -7.335708141e-01 -6.350862980e-01 2.419489026e-01
    outer loop
      vertex 4.860398918e-02 5.613052472e-02 4.791405052e-02
      vertex 4.906513914e-02 5.676713213e-02 5.098323897e-02
      vertex 4.690508172e-02 5.816927180e-02 4.811455309e-02
    endloop
  endfacet
  facet normal -7.354929447e-01 -6.316560507e-01 2.450728416e-01
    outer loop
      vertex 4.690508172e-02 5.816927180e-02 4.811455309e-02
      vertex 4.906513914e-02 5.676713213e-02 5.098323897e-02
      vertex 4.737512022e-02 5.881474540e-02 5.118885264e-02
    endloop
  endfacet
  facet normal -6.510413885e-01 -7.166857123e-01 2.500134408e-01
    outer loop
      vertex 4.690508172e-02 5.816927180e-02 4.811455309e-02
      vertex 4.737512022e-02 5.881474540e-02 5.118885264e-02
      vertex 4.600523412e-02 5.901696905e-02 4.820132628e-02
    endloop
  endfacet
  facet normal -6.492377520e-01 -7.186535001e-01 2.490532249e-01
    outer loop
      vertex 4.600523412e-02 5.901696905e-02 4.820132628e-02
      vertex 4.737512022e-02 5.881474540e-02 5.118885264e-02
      vertex 4.632826149e-02 5.979604647e-02 5.129146203e-02
    endloop
  endfacet
  facet normal -5.812047720e-01 -7.725930810e-01 2.555405200e-01
    outer loop
      vertex 4.600523412e-02 5.901696905e-02 4.820132628e-02
      vertex 4.632826149e-02 5.979604647e-02 5.129146203e-02
      vertex 4.460344091e-02 6.010950729e-02 4.831621423e-02
    endloop
  endfacet
  facet normal -5.794207454e-01 -7.743328810e-01 2.543229461e-01
    outer loop
      vertex 4.460344091e-02 6.010950729e-02 4.831621423e-02
      vertex 4.632826149e-02 5.979604647e-02 5.129146203e-02
      vertex 4.506970569e-02 6.077222154e-02 5.139625445e-02
    endloop
  endfacet
  facet normal -4.770938754e-01 -8.415592909e-01 2.532971501e-01
    outer loop
      vertex 4.460344091e-02 6.010950729e-02 4.831621423e-02
      vertex 4.506970569e-02 6.077222154e-02 5.139625445e-02
      vertex 4.237199947e-02 6.141735241e-02 4.845842719e-02
    endloop
  endfacet
  facet normal -4.780136943e-01 -8.407270312e-01 2.543245554e-01
    outer loop
      vertex 4.237199947e-02 6.141735241e-02 4.845842719e-02
      vertex 4.506970569e-02 6.077222154e-02 5.139625445e-02
      vertex 4.273891822e-02 6.214338169e-02 5.154811963e-02
    endloop
  endfacet
  facet normal -3.362038136e-01 -9.071449637e-01 2.530909777e-01
    outer loop
      vertex 4.237199947e-02 6.141735241e-02 4.845842719e-02
      vertex 4.273891822e-02 6.214338169e-02 5.154811963e-02
      vertex 3.969740495e-02 6.330782175e-02 5.168144777e-02
    endloop
  endfacet
  facet normal -1.481839120e-01 -9.605653286e-01 2.352779806e-01
    outer loop
      vertex 3.560134768e-02 6.320047379e-02 4.866338149e-02
      vertex 3.884216771e-02 6.268545985e-02 4.860189185e-02
      vertex 3.969740495e-02 6.330782175e-02 5.168144777e-02
    endloop
  endfacet
  facet normal -2.392306626e-01 -9.366791844e-01 2.557356954e-01
    outer loop
      vertex 3.969740495e-02 6.330782175e-02 5.168144777e-02
      vertex 3.884216771e-02 6.268545985e-02 4.860189185e-02
      vertex 3.950076550e-02 6.251177192e-02 4.858181998e-02
    endloop
  endfacet
  facet normal -3.349042237e-01 -9.072988033e-01 2.542597055e-01
    outer loop
      vertex 3.969740495e-02 6.330782175e-02 5.168144777e-02
      vertex 3.950076550e-02 6.251177192e-02 4.858181998e-02
      vertex 4.237199947e-02 6.141735241e-02 4.845842719e-02
    endloop
  endfacet
  facet normal -1.818229258e-02 -9.584521055e-01 2.846733332e-01
    outer loop
      vertex 3.207255155e-02 6.424093246e-02 5.179102346e-02
      vertex 3.208456188e-02 6.331701577e-02 4.868110269e-02
      vertex 3.350144252e-02 6.421285868e-02 5.178776756e-02
    endloop
  endfacet
  facet normal -3.024273552e-02 -9.566531777e-01 2.896550894e-01
    outer loop
      vertex 3.350144252e-02 6.421285868e-02 5.178776756e-02
      vertex 3.208456188e-02 6.331701577e-02 4.868110269e-02
      vertex 3.560134768e-02 6.320047379e-02 4.866338149e-02
    endloop
  endfacet
  facet normal -9.116858244e-02 -9.636878371e-01 2.509861588e-01
    outer loop
      vertex 3.350144252e-02 6.421285868e-02 5.178776756e-02
      vertex 3.560134768e-02 6.320047379e-02 4.866338149e-02
      vertex 3.742146865e-02 6.383022666e-02 5.174252763e-02
    endloop
  endfacet
  facet normal -2.047024667e-01 -9.281599522e-01 3.108311892e-01
    outer loop
      vertex 3.742146865e-02 6.383022666e-02 5.174252763e-02
      vertex 3.560134768e-02 6.320047379e-02 4.866338149e-02
      vertex 3.969740495e-02 6.330782175e-02 5.168144777e-02
    endloop
  endfacet
  facet normal 6.332189059e-06 -9.585914016e-01 2.847849727e-01
    outer loop
      vertex 3.208456188e-02 6.331701577e-02 4.868110269e-02
      vertex 3.207255155e-02 6.424093246e-02 5.179102346e-02
      vertex -7.457536180e-03 6.332552433e-02 4.871062189e-02
    endloop
  endfacet
  facet normal 1.829214739e-06 -9.585756660e-01 2.848380804e-01
    outer loop
      vertex -7.457536180e-03 6.332552433e-02 4.871062189e-02
      vertex 3.207255155e-02 6.424093246e-02 5.179102346e-02
      vertex -3.629301488e-02 6.424164772e-02 5.179386958e-02
    endloop
  endfacet
  facet normal -8.508427527e-06 -9.586020708e-01 2.847492397e-01
    outer loop
      vertex -7.457536180e-03 6.332552433e-02 4.871062189e-02
      vertex -3.629301488e-02 6.424164772e-02 5.179386958e-02
      vertex -3.629375994e-02 6.331709027e-02 4.868136719e-02
    endloop
  endfacet
  facet normal 5.759144202e-03 -9.585865140e-01 2.847432494e-01
    outer loop
      vertex -3.721614555e-02 6.331092119e-02 4.867925495e-02
      vertex -3.629375994e-02 6.331709027e-02 4.868136719e-02
      vertex -3.629301488e-02 6.424164772e-02 5.179386958e-02
    endloop
  endfacet
  facet normal 7.014963776e-02 -9.612881541e-01 2.664660513e-01
    outer loop
      vertex -3.721614555e-02 6.331092119e-02 4.867925495e-02
      vertex -3.629301488e-02 6.424164772e-02 5.179386958e-02
      vertex -4.091152921e-02 6.303107738e-02 4.864254966e-02
    endloop
  endfacet
  facet normal 3.533327579e-02 -9.491516948e-01 3.128300607e-01
    outer loop
      vertex -3.629301488e-02 6.424164772e-02 5.179386958e-02
      vertex -3.970211744e-02 6.410865486e-02 5.177540705e-02
      vertex -4.091152921e-02 6.303107738e-02 4.864254966e-02
    endloop
  endfacet
  facet normal 1.548254192e-01 -9.510762691e-01 2.673631608e-01
    outer loop
      vertex -4.091152921e-02 6.303107738e-02 4.864254966e-02
      vertex -3.970211744e-02 6.410865486e-02 5.177540705e-02
      vertex -4.285084456e-02 6.357853115e-02 5.171300098e-02
    endloop
  endfacet
  facet normal 1.947126538e-01 -9.369955063e-01 2.900456190e-01
    outer loop
      vertex -4.091152921e-02 6.303107738e-02 4.864254966e-02
      vertex -4.285084456e-02 6.357853115e-02 5.171300098e-02
      vertex -4.290404916e-02 6.260134280e-02 4.859190062e-02
    endloop
  endfacet
  facet normal 2.517645955e-01 -9.247947335e-01 2.852531075e-01
    outer loop
      vertex -4.290404916e-02 6.260134280e-02 4.859190062e-02
      vertex -4.285084456e-02 6.357853115e-02 5.171300098e-02
      vertex -4.372619465e-02 6.333133578e-02 5.168417469e-02
    endloop
  endfacet
  facet normal 3.319185376e-01 -8.945270777e-01 2.994184196e-01
    outer loop
      vertex -4.290404916e-02 6.260134280e-02 4.859190062e-02
      vertex -4.372619465e-02 6.333133578e-02 5.168417469e-02
      vertex -4.563007876e-02 6.154988334e-02 4.847254977e-02
    endloop
  endfacet
  facet normal 3.549929857e-01 -8.907930255e-01 2.836684287e-01
    outer loop
      vertex -4.563007876e-02 6.154988334e-02 4.847254977e-02
      vertex -4.372619465e-02 6.333133578e-02 5.168417469e-02
      vertex -4.636181891e-02 6.224119291e-02 5.155916885e-02
    endloop
  endfacet
  facet normal 4.515170455e-01 -8.418763280e-01 2.955953777e-01
    outer loop
      vertex -4.563007876e-02 6.154988334e-02 4.847254977e-02
      vertex -4.636181891e-02 6.224119291e-02 5.155916885e-02
      vertex -4.672839865e-02 6.093705818e-02 4.840484634e-02
    endloop
  endfacet
  facet normal 7.348226905e-01 -6.259906888e-01 2.610961795e-01
    outer loop
      vertex -4.970916733e-02 5.851116404e-02 4.814813286e-02
      vertex -5.153111368e-02 5.758881196e-02 5.106439069e-02
      vertex -5.109398067e-02 5.681494996e-02 4.797876254e-02
    endloop
  endfacet
  facet normal 8.123670816e-01 -5.280139446e-01 2.475095391e-01
    outer loop
      vertex -5.109398067e-02 5.681494996e-02 4.797876254e-02
      vertex -5.153111368e-02 5.758881196e-02 5.106439069e-02
      vertex -5.214035138e-02 5.660608038e-02 5.096754059e-02
    endloop
  endfacet
  facet normal 8.058619499e-01 -5.392899513e-01 2.444440722e-01
    outer loop
      vertex -5.109398067e-02 5.681494996e-02 4.797876254e-02
      vertex -5.214035138e-02 5.660608038e-02 5.096754059e-02
      vertex -5.177860707e-02 5.574535951e-02 4.787606001e-02
    endloop
  endfacet
  facet normal 5.177310109e-01 -8.102072477e-01 2.748069167e-01
    outer loop
      vertex -4.672839865e-02 6.093705818e-02 4.840484634e-02
      vertex -4.636181891e-02 6.224119291e-02 5.155916885e-02
      vertex -4.755303264e-02 6.038994715e-02 4.834540561e-02
    endloop
  endfacet
  facet normal 4.926639199e-01 -8.204727173e-01 2.900116146e-01
    outer loop
      vertex -4.755303264e-02 6.038994715e-02 4.834540561e-02
      vertex -4.636181891e-02 6.224119291e-02 5.155916885e-02
      vertex -4.812579975e-02 6.113855168e-02 5.143628642e-02
    endloop
  endfacet
  facet normal 6.079243422e-01 -7.385393977e-01 2.915262878e-01
    outer loop
      vertex -4.755303264e-02 6.038994715e-02 4.834540561e-02
      vertex -4.812579975e-02 6.113855168e-02 5.143628642e-02
      vertex -4.956166819e-02 5.866489932e-02 4.816388711e-02
    endloop
  endfacet
  facet normal 6.149266958e-01 -7.349846959e-01 2.857667506e-01
    outer loop
      vertex -4.956166819e-02 5.866489932e-02 4.816388711e-02
      vertex -4.812579975e-02 6.113855168e-02 5.143628642e-02
      vertex -4.995086417e-02 5.954499170e-02 5.126495287e-02
    endloop
  endfacet
  facet normal 6.787335277e-01 -6.796984076e-01 2.780843079e-01
    outer loop
      vertex -4.956166819e-02 5.866489932e-02 4.816388711e-02
      vertex -4.995086417e-02 5.954499170e-02 5.126495287e-02
      vertex -4.970916733e-02 5.851116404e-02 4.814813286e-02
    endloop
  endfacet
  facet normal 6.864164472e-01 -6.726561785e-01 2.763442397e-01
    outer loop
      vertex -4.970916733e-02 5.851116404e-02 4.814813286e-02
      vertex -4.995086417e-02 5.954499170e-02 5.126495287e-02
      vertex -5.021977052e-02 5.925823376e-02 5.123488978e-02
    endloop
  endfacet
  facet normal 7.433378100e-01 -6.115723252e-01 2.709762454e-01
    outer loop
      vertex -4.970916733e-02 5.851116404e-02 4.814813286e-02
      vertex -5.021977052e-02 5.925823376e-02 5.123488978e-02
      vertex -5.153111368e-02 5.758881196e-02 5.106439069e-02
    endloop
  endfacet
  facet normal 8.571079969e-01 -4.615401328e-01 2.287936658e-01
    outer loop
      vertex -5.177860707e-02 5.574535951e-02 4.787606001e-02
      vertex -5.214035138e-02 5.660608038e-02 5.096754059e-02
      vertex -5.252593756e-02 5.429070815e-02 4.774127901e-02
    endloop
  endfacet
  facet normal 8.658200502e-01 -4.497433901e-01 2.192863375e-01
    outer loop
      vertex -5.252593756e-02 5.429070815e-02 4.774127901e-02
      vertex -5.214035138e-02 5.660608038e-02 5.096754059e-02
      vertex -5.294692144e-02 5.497778580e-02 5.081262812e-02
    endloop
  endfacet
  facet normal 8.944721818e-01 -3.943067193e-01 2.108121514e-01
    outer loop
      vertex -5.252593756e-02 5.429070815e-02 4.774127901e-02
      vertex -5.294692144e-02 5.497778580e-02 5.081262812e-02
      vertex -5.284580588e-02 5.352851376e-02 4.767285287e-02
    endloop
  endfacet
  facet normal 9.158644080e-01 -3.524930179e-01 1.922005117e-01
    outer loop
      vertex -5.284580588e-02 5.352851376e-02 4.767285287e-02
      vertex -5.294692144e-02 5.497778580e-02 5.081262812e-02
      vertex -5.357589200e-02 5.325834081e-02 5.065632984e-02
    endloop
  endfacet
  facet normal 9.207220078e-01 -3.381845653e-01 1.946849376e-01
    outer loop
      vertex -5.284580588e-02 5.352851376e-02 4.767285287e-02
      vertex -5.357589200e-02 5.325834081e-02 5.065632984e-02
      vertex -5.326348171e-02 5.233119056e-02 4.756831005e-02
    endloop
  endfacet
  facet normal 9.500470161e-01 -2.591547072e-01 1.739237010e-01
    outer loop
      vertex -5.326348171e-02 5.233119056e-02 4.756831005e-02
      vertex -5.357589200e-02 5.325834081e-02 5.065632984e-02
      vertex -5.372198299e-02 5.055035278e-02 4.741930962e-02
    endloop
  endfacet
  facet normal 9.666270614e-01 -2.162825316e-01 1.373099238e-01
    outer loop
      vertex -5.372198299e-02 5.055035278e-02 4.741930962e-02
      vertex -5.357589200e-02 5.325834081e-02 5.065632984e-02
      vertex -5.431379750e-02 4.977331683e-02 5.036159232e-02
    endloop
  endfacet
  facet normal 9.764012694e-01 -1.479550451e-01 1.573207378e-01
    outer loop
      vertex -5.372198299e-02 5.055035278e-02 4.741930962e-02
      vertex -5.431379750e-02 4.977331683e-02 5.036159232e-02
      vertex -5.416899174e-02 4.733439907e-02 4.716914147e-02
    endloop
  endfacet
  facet normal 9.932889342e-01 -6.565889716e-02 9.521543980e-02
    outer loop
      vertex -5.416899174e-02 4.733439907e-02 4.716914147e-02
      vertex -5.431379750e-02 4.977331683e-02 5.036159232e-02
      vertex -5.455920845e-02 4.560453817e-02 5.004700646e-02
    endloop
  endfacet
  facet normal 9.931773543e-01 -4.520302638e-02 1.074961647e-01
    outer loop
      vertex -5.416899174e-02 4.733439907e-02 4.716914147e-02
      vertex -5.455920845e-02 4.560453817e-02 5.004700646e-02
      vertex -5.439143255e-02 4.495095834e-02 4.822205752e-02
    endloop
  endfacet
  facet normal 9.957615137e-01 -1.174142701e-03 9.196540713e-02
    outer loop
      vertex -5.439143255e-02 4.495095834e-02 4.822205752e-02
      vertex -5.455920845e-02 4.560453817e-02 5.004700646e-02
      vertex -5.449550226e-02 2.948607318e-02 4.915143549e-02
    endloop
  endfacet
  facet normal 9.956681728e-01 -1.113057020e-03 9.297142923e-02
    outer loop
      vertex -5.439143255e-02 4.495095834e-02 4.822205752e-02
      vertex -5.449550226e-02 2.948607318e-02 4.915143549e-02
      vertex -5.427480862e-02 4.449399933e-02 4.696761444e-02
    endloop
  endfacet
  facet normal 9.958838224e-01 -1.457306207e-03 9.062742442e-02
    outer loop
      vertex -5.427480862e-02 4.449399933e-02 4.696761444e-02
      vertex -5.449550226e-02 2.948607318e-02 4.915143549e-02
      vertex -5.423128977e-02 3.257223591e-02 4.629769176e-02
    endloop
  endfacet
  facet normal 9.952553511e-01 4.661031999e-03 9.718587995e-02
    outer loop
      vertex -5.423128977e-02 3.257223591e-02 4.629769176e-02
      vertex -5.449550226e-02 2.948607318e-02 4.915143549e-02
      vertex -5.446761847e-02 2.617013268e-02 4.902491719e-02
    endloop
  endfacet
  facet normal 9.951920509e-01 4.932821728e-03 9.781841934e-02
    outer loop
      vertex -5.423128977e-02 3.257223591e-02 4.629769176e-02
      vertex -5.446761847e-02 2.617013268e-02 4.902491719e-02
      vertex -5.412008241e-02 1.926606707e-02 4.583729059e-02
    endloop
  endfacet
  facet normal 9.953224063e-01 3.042963566e-03 9.656117857e-02
    outer loop
      vertex -5.431212485e-02 8.299705951e-05 4.858790711e-02
      vertex -5.402339622e-02 8.296725719e-05 4.561178386e-02
      vertex -5.436202884e-02 1.313063223e-02 4.869112745e-02
    endloop
  endfacet
  facet normal 9.956719279e-01 3.926809411e-03 9.285462648e-02
    outer loop
      vertex -5.436202884e-02 1.313063223e-02 4.869112745e-02
      vertex -5.402339622e-02 8.296725719e-05 4.561178386e-02
      vertex -5.412008241e-02 1.926606707e-02 4.583729059e-02
    endloop
  endfacet
  facet normal 9.953150749e-01 5.645468831e-03 9.651929885e-02
    outer loop
      vertex -5.436202884e-02 1.313063223e-02 4.869112745e-02
      vertex -5.412008241e-02 1.926606707e-02 4.583729059e-02
      vertex -5.444926396e-02 2.403533272e-02 4.895288125e-02
    endloop
  endfacet
  facet normal 9.952634573e-01 5.281510763e-03 9.707097709e-02
    outer loop
      vertex -5.444926396e-02 2.403533272e-02 4.895288125e-02
      vertex -5.412008241e-02 1.926606707e-02 4.583729059e-02
      vertex -5.446761847e-02 2.617013268e-02 4.902491719e-02
    endloop
  endfacet
  facet normal 9.953223467e-01 -3.056480782e-03 9.656123817e-02
    outer loop
      vertex -5.407334119e-02 -1.296067517e-02 4.571372643e-02
      vertex -5.402339622e-02 8.296725719e-05 4.561178386e-02
      vertex -5.431212485e-02 8.299705951e-05 4.858790711e-02
    endloop
  endfacet
  facet normal 9.954637885e-01 8.604364470e-03 9.475104511e-02
    outer loop
      vertex -5.439488962e-02 -4.479515925e-02 4.825905338e-02
      vertex -5.456625298e-02 -4.228675738e-02 4.983162507e-02
      vertex -5.444797128e-02 -4.500189796e-02 4.883550853e-02
    endloop
  endfacet
  facet normal 9.954862595e-01 8.695124649e-03 9.450632334e-02
    outer loop
      vertex -5.444797128e-02 -4.500189796e-02 4.883550853e-02
      vertex -5.456625298e-02 -4.228675738e-02 4.983162507e-02
      vertex -5.455916747e-02 -4.543689266e-02 5.004682019e-02
    endloop
  endfacet
  facet normal 9.955236316e-01 -2.593661426e-03 9.447757900e-02
    outer loop
      vertex -5.431212485e-02 8.299705951e-05 4.858790711e-02
      vertex -5.434554815e-02 -1.036447566e-02 4.865328223e-02
      vertex -5.407334119e-02 -1.296067517e-02 4.571372643e-02
    endloop
  endfacet
  facet normal 9.952763319e-01 -5.399056710e-03 9.693238884e-02
    outer loop
      vertex -5.407334119e-02 -1.296067517e-02 4.571372643e-02
      vertex -5.434554815e-02 -1.036447566e-02 4.865328223e-02
      vertex -5.441106111e-02 -1.937455125e-02 4.882409796e-02
    endloop
  endfacet
  facet normal 9.953199625e-01 -5.625382531e-03 9.647042304e-02
    outer loop
      vertex -5.407334119e-02 -1.296067517e-02 4.571372643e-02
      vertex -5.441106111e-02 -1.937455125e-02 4.882409796e-02
      vertex -5.418124422e-02 -2.626976557e-02 4.605092108e-02
    endloop
  endfacet
  facet normal 9.954816699e-01 -4.957882687e-03 9.482415766e-02
    outer loop
      vertex -5.418124422e-02 -2.626976557e-02 4.605092108e-02
      vertex -5.441106111e-02 -1.937455125e-02 4.882409796e-02
      vertex -5.451997742e-02 -3.240999952e-02 4.928596318e-02
    endloop
  endfacet
  facet normal 9.945331216e-01 1.509811846e-04 1.044216529e-01
    outer loop
      vertex -5.418124422e-02 -2.626976557e-02 4.605092108e-02
      vertex -5.451997742e-02 -3.240999952e-02 4.928596318e-02
      vertex -5.427476764e-02 -4.433057085e-02 4.696777090e-02
    endloop
  endfacet
  facet normal 9.949241877e-01 8.976399549e-04 1.006235555e-01
    outer loop
      vertex -5.427476764e-02 -4.433057085e-02 4.696777090e-02
      vertex -5.451997742e-02 -3.240999952e-02 4.928596318e-02
      vertex -5.456625298e-02 -4.228675738e-02 4.983162507e-02
    endloop
  endfacet
  facet normal 9.953922629e-01 8.079403080e-03 9.554587305e-02
    outer loop
      vertex -5.427476764e-02 -4.433057085e-02 4.696777090e-02
      vertex -5.456625298e-02 -4.228675738e-02 4.983162507e-02
      vertex -5.439143628e-02 -4.478171840e-02 4.822136834e-02
    endloop
  endfacet
  facet normal 9.954972267e-01 8.840788156e-03 9.437756985e-02
    outer loop
      vertex -5.439143628e-02 -4.478171840e-02 4.822136834e-02
      vertex -5.456625298e-02 -4.228675738e-02 4.983162507e-02
      vertex -5.439488962e-02 -4.479515925e-02 4.825905338e-02
    endloop
  endfacet
  facet normal 9.921351075e-01 5.687899515e-02 1.115020290e-01
    outer loop
      vertex -5.444797128e-02 -4.500189796e-02 4.883550853e-02
      vertex -5.455916747e-02 -4.543689266e-02 5.004682019e-02
      vertex -5.438552052e-02 -4.898545519e-02 5.031190440e-02
    endloop
  endfacet
  facet normal 9.904033542e-01 7.297465205e-02 1.173706949e-01
    outer loop
      vertex -5.444797128e-02 -4.500189796e-02 4.883550853e-02
      vertex -5.397723988e-02 -4.892552271e-02 4.730285332e-02
      vertex -5.439488962e-02 -4.479515925e-02 4.825905338e-02
    endloop
  endfacet
  facet normal 9.939756393e-01 1.065003499e-01 -2.588523179e-02
    outer loop
      vertex -5.439488962e-02 -4.479515925e-02 4.825905338e-02
      vertex -5.397723988e-02 -4.892552271e-02 4.730285332e-02
      vertex -5.416887626e-02 -4.716945067e-02 4.716920108e-02
    endloop
  endfacet
  facet normal 9.932043552e-01 4.534393176e-02 1.071867719e-01
    outer loop
      vertex -5.439488962e-02 -4.479515925e-02 4.825905338e-02
      vertex -5.416887626e-02 -4.716945067e-02 4.716920108e-02
      vertex -5.439143628e-02 -4.478171840e-02 4.822136834e-02
    endloop
  endfacet
  facet normal 9.886040688e-01 6.569799036e-02 1.354464740e-01
    outer loop
      vertex -5.444797128e-02 -4.500189796e-02 4.883550853e-02
      vertex -5.438552052e-02 -4.898545519e-02 5.031190440e-02
      vertex -5.397723988e-02 -4.892552271e-02 4.730285332e-02
    endloop
  endfacet
  facet normal 9.738131762e-01 1.823629886e-01 1.357632428e-01
    outer loop
      vertex -5.397723988e-02 -4.892552271e-02 4.730285332e-02
      vertex -5.438552052e-02 -4.898545519e-02 5.031190440e-02
      vertex -5.380832404e-02 -5.227026716e-02 5.058404431e-02
    endloop
  endfacet
  facet normal 9.561105967e-01 2.283708602e-01 1.835735738e-01
    outer loop
      vertex -5.397723988e-02 -4.892552271e-02 4.730285332e-02
      vertex -5.380832404e-02 -5.227026716e-02 5.058404431e-02
      vertex -5.323263258e-02 -5.226308480e-02 4.757672176e-02
    endloop
  endfacet
  facet normal 9.142190814e-01 3.650608957e-01 1.758807451e-01
    outer loop
      vertex -5.323263258e-02 -5.226308480e-02 4.757672176e-02
      vertex -5.380832404e-02 -5.227026716e-02 5.058404431e-02
      vertex -5.249590427e-02 -5.419022217e-02 4.774724320e-02
    endloop
  endfacet
  facet normal 9.286882877e-01 2.860266566e-01 2.360653728e-01
    outer loop
      vertex -5.249590427e-02 -5.419022217e-02 4.774724320e-02
      vertex -5.380832404e-02 -5.227026716e-02 5.058404431e-02
      vertex -5.354961753e-02 -5.317592993e-02 5.066362396e-02
    endloop
  endfacet
  facet normal 8.720244169e-01 4.647972584e-01 1.534173638e-01
    outer loop
      vertex -5.249590427e-02 -5.419022217e-02 4.774724320e-02
      vertex -5.354961753e-02 -5.317592993e-02 5.066362396e-02
      vertex -5.177845061e-02 -5.557877198e-02 4.787602276e-02
    endloop
  endfacet
  facet normal 8.920246363e-01 3.873975277e-01 2.328415811e-01
    outer loop
      vertex -5.177845061e-02 -5.557877198e-02 4.787602276e-02
      vertex -5.354961753e-02 -5.317592993e-02 5.066362396e-02
      vertex -5.242891982e-02 -5.590820685e-02 5.091610178e-02
    endloop
  endfacet
  facet normal 8.070582747e-01 5.431802273e-01 2.315430194e-01
    outer loop
      vertex -5.177845061e-02 -5.557877198e-02 4.787602276e-02
      vertex -5.242891982e-02 -5.590820685e-02 5.091610178e-02
      vertex -5.102801695e-02 -5.674142018e-02 4.798781127e-02
    endloop
  endfacet
  facet normal 8.158254027e-01 5.258383751e-01 2.406716943e-01
    outer loop
      vertex -5.102801695e-02 -5.674142018e-02 4.798781127e-02
      vertex -5.242891982e-02 -5.590820685e-02 5.091610178e-02
      vertex -5.124688894e-02 -5.782860890e-02 5.110511556e-02
    endloop
  endfacet
  facet normal 7.291142344e-01 6.286872029e-01 2.704530060e-01
    outer loop
      vertex -5.102801695e-02 -5.674142018e-02 4.798781127e-02
      vertex -5.124688894e-02 -5.782860890e-02 5.110511556e-02
      vertex -4.968007281e-02 -5.837497488e-02 4.815120250e-02
    endloop
  endfacet
  facet normal 5.746657848e-01 7.691930532e-01 2.794660628e-01
    outer loop
      vertex -4.746439680e-02 -6.142750755e-02 5.148657784e-02
      vertex -4.750505835e-02 -6.025717035e-02 4.834899306e-02
      vertex -4.938279465e-02 -5.993518606e-02 5.132396147e-02
    endloop
  endfacet
  facet normal 6.074491739e-01 7.338954806e-01 3.039785326e-01
    outer loop
      vertex -4.938279465e-02 -5.993518606e-02 5.132396147e-02
      vertex -4.750505835e-02 -6.025717035e-02 4.834899306e-02
      vertex -4.968007281e-02 -5.837497488e-02 4.815120250e-02
    endloop
  endfacet
  facet normal 6.565268636e-01 6.994315386e-01 2.824323475e-01
    outer loop
      vertex -4.938279465e-02 -5.993518606e-02 5.132396147e-02
      vertex -4.968007281e-02 -5.837497488e-02 4.815120250e-02
      vertex -4.995167255e-02 -5.937731639e-02 5.126480386e-02
    endloop
  endfacet
  facet normal 7.253987193e-01 6.342434883e-01 2.674545050e-01
    outer loop
      vertex -4.995167255e-02 -5.937731639e-02 5.126480386e-02
      vertex -4.968007281e-02 -5.837497488e-02 4.815120250e-02
      vertex -5.124688894e-02 -5.782860890e-02 5.110511556e-02
    endloop
  endfacet
  facet normal 3.498718143e-02 9.580199718e-01 2.845587134e-01
    outer loop
      vertex -3.629365936e-02 -6.407469511e-02 5.179367587e-02
      vertex -3.629377484e-02 -6.315019727e-02 4.868119583e-02
      vertex -3.964535519e-02 -6.394699216e-02 5.177583918e-02
    endloop
  endfacet
  facet normal 3.484936431e-02 9.580658078e-01 2.844212651e-01
    outer loop
      vertex -3.964535519e-02 -6.394699216e-02 5.177583918e-02
      vertex -3.629377484e-02 -6.315019727e-02 4.868119583e-02
      vertex -3.963138908e-02 -6.302309036e-02 4.866198823e-02
    endloop
  endfacet
  facet normal 9.277667105e-02 9.544423223e-01 2.836059630e-01
    outer loop
      vertex -3.964535519e-02 -6.394699216e-02 5.177583918e-02
      vertex -3.963138908e-02 -6.302309036e-02 4.866198823e-02
      vertex -4.011006653e-02 -6.390017271e-02 5.177029595e-02
    endloop
  endfacet
  facet normal 8.933171630e-02 9.548907876e-01 2.832019925e-01
    outer loop
      vertex -4.011006653e-02 -6.390017271e-02 5.177029595e-02
      vertex -3.963138908e-02 -6.302309036e-02 4.866198823e-02
      vertex -3.977672011e-02 -6.300896406e-02 4.866020009e-02
    endloop
  endfacet
  facet normal 1.678800434e-01 9.427562952e-01 2.881437838e-01
    outer loop
      vertex -4.011006653e-02 -6.390017271e-02 5.177029595e-02
      vertex -3.977672011e-02 -6.300896406e-02 4.866020009e-02
      vertex -4.308159649e-02 -6.335130334e-02 5.170578137e-02
    endloop
  endfacet
  facet normal 1.696397960e-01 9.418854117e-01 2.899554670e-01
    outer loop
      vertex -4.308159649e-02 -6.335130334e-02 5.170578137e-02
      vertex -3.977672011e-02 -6.300896406e-02 4.866020009e-02
      vertex -4.300909862e-02 -6.240466610e-02 4.858831689e-02
    endloop
  endfacet
  facet normal 2.918424606e-01 9.132942557e-01 2.841154039e-01
    outer loop
      vertex -4.308159649e-02 -6.335130334e-02 5.170578137e-02
      vertex -4.300909862e-02 -6.240466610e-02 4.858831689e-02
      vertex -4.490642995e-02 -6.274637580e-02 5.163569376e-02
    endloop
  endfacet
  facet normal 3.351587057e-01 8.902235031e-01 3.084976077e-01
    outer loop
      vertex -4.490642995e-02 -6.274637580e-02 5.163569376e-02
      vertex -4.300909862e-02 -6.240466610e-02 4.858831689e-02
      vertex -4.567855969e-02 -6.135854498e-02 4.846971482e-02
    endloop
  endfacet
  facet normal 4.282095730e-01 8.614026904e-01 2.731702030e-01
    outer loop
      vertex -4.490642995e-02 -6.274637580e-02 5.163569376e-02
      vertex -4.567855969e-02 -6.135854498e-02 4.846971482e-02
      vertex -4.746439680e-02 -6.142750755e-02 5.148657784e-02
    endloop
  endfacet
  facet normal 4.544729292e-01 8.428179026e-01 2.882920206e-01
    outer loop
      vertex -4.746439680e-02 -6.142750755e-02 5.148657784e-02
      vertex -4.567855969e-02 -6.135854498e-02 4.846971482e-02
      vertex -4.672802985e-02 -6.077042595e-02 4.840477556e-02
    endloop
  endfacet
  facet normal 5.119268298e-01 8.070117831e-01 2.943857312e-01
    outer loop
      vertex -4.746439680e-02 -6.142750755e-02 5.148657784e-02
      vertex -4.672802985e-02 -6.077042595e-02 4.840477556e-02
      vertex -4.750505835e-02 -6.025717035e-02 4.834899306e-02
    endloop
  endfacet
  facet normal -6.334168120e-06 9.586064816e-01 2.847342491e-01
    outer loop
      vertex -3.629377484e-02 -6.315019727e-02 4.868119583e-02
      vertex -3.629365936e-02 -6.407469511e-02 5.179367587e-02
      vertex 3.247243818e-03 -6.315830350e-02 4.870936647e-02
    endloop
  endfacet
  facet normal 7.292647297e-06 9.585587978e-01 2.848947644e-01
    outer loop
      vertex 3.247243818e-03 -6.315830350e-02 4.870936647e-02
      vertex -3.629365936e-02 -6.407469511e-02 5.179367587e-02
      vertex 3.207023069e-02 -6.407442689e-02 5.179102346e-02
    endloop
  endfacet
  facet normal 7.534807537e-06 9.585593939e-01 2.848926783e-01
    outer loop
      vertex 3.247243818e-03 -6.315830350e-02 4.870936647e-02
      vertex 3.207023069e-02 -6.407442689e-02 5.179102346e-02
      vertex 3.208354488e-02 -6.315013766e-02 4.868112877e-02
    endloop
  endfacet
  facet normal -6.300501991e-03 9.585477710e-01 2.848622203e-01
    outer loop
      vertex 3.335137293e-02 -6.314098835e-02 4.867838323e-02
      vertex 3.208354488e-02 -6.315013766e-02 4.868112877e-02
      vertex 3.207023069e-02 -6.407442689e-02 5.179102346e-02
    endloop
  endfacet
  facet normal -7.209827006e-02 9.631403089e-01 2.591575086e-01
    outer loop
      vertex 3.335137293e-02 -6.314098835e-02 4.867838323e-02
      vertex 3.207023069e-02 -6.407442689e-02 5.179102346e-02
      vertex 3.721991926e-02 -6.284102798e-02 4.863984138e-02
    endloop
  endfacet
  facet normal -4.380582273e-02 9.525402188e-01 3.012443483e-01
    outer loop
      vertex 3.207023069e-02 -6.407442689e-02 5.179102346e-02
      vertex 3.568182141e-02 -6.390184164e-02 5.177048966e-02
      vertex 3.721991926e-02 -6.284102798e-02 4.863984138e-02
    endloop
  endfacet
  facet normal -1.613701731e-01 9.560801983e-01 2.446840852e-01
    outer loop
      vertex 3.721991926e-02 -6.284102798e-02 4.863984138e-02
      vertex 3.568182141e-02 -6.390184164e-02 5.177048966e-02
      vertex 3.905741498e-02 -6.331443787e-02 5.170148239e-02
    endloop
  endfacet
  facet normal -2.000662982e-01 9.430148602e-01 2.658879757e-01
    outer loop
      vertex 3.721991926e-02 -6.284102798e-02 4.863984138e-02
      vertex 3.905741498e-02 -6.331443787e-02 5.170148239e-02
      vertex 3.956368193e-02 -6.232685223e-02 4.857977480e-02
    endloop
  endfacet
  facet normal -2.611844540e-01 9.317068458e-01 2.523986101e-01
    outer loop
      vertex 3.956368193e-02 -6.232685223e-02 4.857977480e-02
      vertex 3.905741498e-02 -6.331443787e-02 5.170148239e-02
      vertex 4.034935683e-02 -6.294050813e-02 5.165806785e-02
    endloop
  endfacet
  facet normal -3.379727602e-01 9.027192593e-01 2.662186623e-01
    outer loop
      vertex 3.956368193e-02 -6.232685223e-02 4.857977480e-02
      vertex 4.034935683e-02 -6.294050813e-02 5.165806785e-02
      vertex 4.247823358e-02 -6.119817868e-02 4.845267534e-02
    endloop
  endfacet
  facet normal -3.657840490e-01 8.978465796e-01 2.450990677e-01
    outer loop
      vertex 4.247823358e-02 -6.119817868e-02 4.845267534e-02
      vertex 4.034935683e-02 -6.294050813e-02 5.165806785e-02
      vertex 4.321133718e-02 -6.173715368e-02 5.152112618e-02
    endloop
  endfacet
  facet normal -4.835479856e-01 8.351190090e-01 2.622166872e-01
    outer loop
      vertex 4.247823358e-02 -6.119817868e-02 4.845267534e-02
      vertex 4.321133718e-02 -6.173715368e-02 5.152112618e-02
      vertex 4.477706924e-02 -5.982017890e-02 4.830319434e-02
    endloop
  endfacet
  facet normal -5.039258599e-01 8.274569511e-01 2.477371395e-01
    outer loop
      vertex 4.477706924e-02 -5.982017890e-02 4.830319434e-02
      vertex 4.321133718e-02 -6.173715368e-02 5.152112618e-02
      vertex 4.547792301e-02 -6.030980125e-02 5.136417970e-02
    endloop
  endfacet
  facet normal -5.878477097e-01 7.669703960e-01 2.572770119e-01
    outer loop
      vertex 4.477706924e-02 -5.982017890e-02 4.830319434e-02
      vertex 4.547792301e-02 -6.030980125e-02 5.136417970e-02
      vertex 4.607201740e-02 -5.879146233e-02 4.819528386e-02
    endloop
  endfacet
  facet normal -5.929797888e-01 7.638359070e-01 2.548130155e-01
    outer loop
      vertex 4.607201740e-02 -5.879146233e-02 4.819528386e-02
      vertex 4.547792301e-02 -6.030980125e-02 5.136417970e-02
      vertex 4.639541358e-02 -5.957121029e-02 5.128526315e-02
    endloop
  endfacet
  facet normal -6.581136584e-01 7.108151913e-01 2.482502460e-01
    outer loop
      vertex 4.607201740e-02 -5.879146233e-02 4.819528386e-02
      vertex 4.639541358e-02 -5.957121029e-02 5.128526315e-02
      vertex 4.705519229e-02 -5.784753338e-02 4.809893668e-02
    endloop
  endfacet
  facet normal -6.627827287e-01 7.074389458e-01 2.454570383e-01
    outer loop
      vertex 4.705519229e-02 -5.784753338e-02 4.809893668e-02
      vertex 4.639541358e-02 -5.957121029e-02 5.128526315e-02
      vertex 4.771119356e-02 -5.829233304e-02 5.115224048e-02
    endloop
  endfacet
  facet normal -7.391811609e-01 6.254196763e-01 2.499228120e-01
    outer loop
      vertex 4.705519229e-02 -5.784753338e-02 4.809893668e-02
      vertex 4.771119356e-02 -5.829233304e-02 5.115224048e-02
      vertex 4.870679602e-02 -5.581599846e-02 4.789996520e-02
    endloop
  endfacet
  facet normal -7.599629164e-01 6.078439355e-01 2.301785350e-01
    outer loop
      vertex 4.771119356e-02 -5.829233304e-02 5.115224048e-02
      vertex 4.941250384e-02 -5.608216301e-02 5.093282089e-02
      vertex 4.870679602e-02 -5.581599846e-02 4.789996520e-02
    endloop
  endfacet
  facet normal -8.507805467e-01 4.680095017e-01 2.390387505e-01
    outer loop
      vertex 4.870679602e-02 -5.581599846e-02 4.789996520e-02
      vertex 4.941250384e-02 -5.608216301e-02 5.093282089e-02
      vertex 5.095845088e-02 -5.313235894e-02 5.065974966e-02
    endloop
  endfacet
  facet normal -8.432514668e-01 4.970231056e-01 2.046827823e-01
    outer loop
      vertex 4.870679602e-02 -5.581599846e-02 4.789996520e-02
      vertex 5.095845088e-02 -5.313235894e-02 5.065974966e-02
      vertex 5.021258071e-02 -5.316099897e-02 4.765646160e-02
    endloop
  endfacet
  facet normal -9.189197421e-01 3.238900304e-01 2.251261324e-01
    outer loop
      vertex 5.021258071e-02 -5.316099897e-02 4.765646160e-02
      vertex 5.095845088e-02 -5.313235894e-02 5.065974966e-02
      vertex 5.206830427e-02 -4.978627339e-02 5.037591979e-02
    endloop
  endfacet
  facet normal -9.173659682e-01 3.462980688e-01 1.962584555e-01
    outer loop
      vertex 5.021258071e-02 -5.316099897e-02 4.765646160e-02
      vertex 5.206830427e-02 -4.978627339e-02 5.037591979e-02
      vertex 5.147668347e-02 -4.964495078e-02 4.736115783e-02
    endloop
  endfacet
  facet normal -9.557487965e-01 2.177901268e-01 1.977667063e-01
    outer loop
      vertex 5.147668347e-02 -4.964495078e-02 4.736115783e-02
      vertex 5.206830427e-02 -4.978627339e-02 5.037591979e-02
      vertex 5.223484337e-02 -4.607236758e-02 4.709082469e-02
    endloop
  endfacet
  facet normal -9.647759199e-01 1.972414851e-01 1.740781814e-01
    outer loop
      vertex 5.223484337e-02 -4.607236758e-02 4.709082469e-02
      vertex 5.206830427e-02 -4.978627339e-02 5.037591979e-02
      vertex 5.279874057e-02 -4.595470801e-02 5.008273944e-02
    endloop
  endfacet
  facet normal -9.713583589e-01 1.587222815e-01 1.768335998e-01
    outer loop
      vertex 5.223484337e-02 -4.607236758e-02 4.709082469e-02
      vertex 5.279874057e-02 -4.595470801e-02 5.008273944e-02
      vertex 5.248270184e-02 -4.504558817e-02 4.753071070e-02
    endloop
  endfacet
  facet normal -9.817537069e-01 8.810621500e-02 1.685138196e-01
    outer loop
      vertex 5.391806737e-02 -3.215232864e-02 4.628581554e-02
      vertex 5.433545634e-02 -3.332156315e-02 4.932883009e-02
      vertex 5.539803207e-02 -2.057627030e-02 4.885556549e-02
    endloop
  endfacet
  facet normal -9.746485949e-01 1.433687955e-01 1.717716306e-01
    outer loop
      vertex 5.248270184e-02 -4.504558817e-02 4.753071070e-02
      vertex 5.279874057e-02 -4.595470801e-02 5.008273944e-02
      vertex 5.329323560e-02 -4.229262844e-02 4.983200505e-02
    endloop
  endfacet
  facet normal -9.756441712e-01 1.235140413e-01 1.812807620e-01
    outer loop
      vertex 5.433545634e-02 -3.332156315e-02 4.932883009e-02
      vertex 5.391806737e-02 -3.215232864e-02 4.628581554e-02
      vertex 5.329323560e-02 -4.229262844e-02 4.983200505e-02
    endloop
  endfacet
  facet normal -9.740678072e-01 1.257898211e-01 1.880660951e-01
    outer loop
      vertex 5.329323560e-02 -4.229262844e-02 4.983200505e-02
      vertex 5.391806737e-02 -3.215232864e-02 4.628581554e-02
      vertex 5.241735280e-02 -4.484811798e-02 4.700472951e-02
    endloop
  endfacet
  facet normal -9.745227098e-01 1.413488388e-01 1.741436869e-01
    outer loop
      vertex 5.329323560e-02 -4.229262844e-02 4.983200505e-02
      vertex 5.241735280e-02 -4.484811798e-02 4.700472951e-02
      vertex 5.248270184e-02 -4.504558817e-02 4.753071070e-02
    endloop
  endfacet
  facet normal -9.747872353e-01 5.132946745e-02 2.171524316e-01
    outer loop
      vertex 5.589058995e-02 -1.036656182e-02 4.865331203e-02
      vertex 5.547832325e-02 -5.392732564e-03 4.562697560e-02
      vertex 5.539803207e-02 -2.057627030e-02 4.885556549e-02
    endloop
  endfacet
  facet normal -9.849938154e-01 4.086417332e-02 1.676820070e-01
    outer loop
      vertex 5.539803207e-02 -2.057627030e-02 4.885556549e-02
      vertex 5.547832325e-02 -5.392732564e-03 4.562697560e-02
      vertex 5.493148416e-02 -1.946795173e-02 4.584488273e-02
    endloop
  endfacet
  facet normal -9.794774055e-01 8.461433649e-02 1.829328537e-01
    outer loop
      vertex 5.539803207e-02 -2.057627030e-02 4.885556549e-02
      vertex 5.493148416e-02 -1.946795173e-02 4.584488273e-02
      vertex 5.391806737e-02 -3.215232864e-02 4.628581554e-02
    endloop
  endfacet
  facet normal -9.829511046e-01 2.900005691e-02 1.815658361e-01
    outer loop
      vertex 5.589058995e-02 -1.036656182e-02 4.865331203e-02
      vertex 5.597909540e-02 -7.150384132e-03 4.861876369e-02
      vertex 5.547832325e-02 -5.392732564e-03 4.562697560e-02
    endloop
  endfacet
  facet normal -9.860264063e-01 2.596641658e-03 1.665688008e-01
    outer loop
      vertex 5.547832325e-02 -5.392732564e-03 4.562697560e-02
      vertex 5.597909540e-02 -7.150384132e-03 4.861876369e-02
      vertex 5.601097643e-02 5.735842045e-03 4.860660434e-02
    endloop
  endfacet
  facet normal -9.822610021e-01 -3.185589099e-03 1.874916553e-01
    outer loop
      vertex 5.547832325e-02 -5.392732564e-03 4.562697560e-02
      vertex 5.601097643e-02 5.735842045e-03 4.860660434e-02
      vertex 5.543934926e-02 7.509408053e-03 4.564200714e-02
    endloop
  endfacet
  facet normal -9.853546619e-01 -4.085956514e-02 1.655497551e-01
    outer loop
      vertex 5.543934926e-02 7.509408053e-03 4.564200714e-02
      vertex 5.601097643e-02 5.735842045e-03 4.860660434e-02
      vertex 5.547817051e-02 1.945760660e-02 4.882202297e-02
    endloop
  endfacet
  facet normal -9.831669331e-01 -4.400246218e-02 1.773318052e-01
    outer loop
      vertex 5.543934926e-02 7.509408053e-03 4.564200714e-02
      vertex 5.547817051e-02 1.945760660e-02 4.882202297e-02
      vertex 5.493581295e-02 1.957103424e-02 4.584321752e-02
    endloop
  endfacet
  facet normal -9.818281531e-01 -7.080804557e-02 1.760673374e-01
    outer loop
      vertex 5.493581295e-02 1.957103424e-02 4.584321752e-02
      vertex 5.547817051e-02 1.945760660e-02 4.882202297e-02
      vertex 5.517120287e-02 2.403977327e-02 4.895302281e-02
    endloop
  endfacet
  facet normal -9.769775271e-01 -8.477770537e-02 1.957743466e-01
    outer loop
      vertex 5.493581295e-02 1.957103424e-02 4.584321752e-02
      vertex 5.517120287e-02 2.403977327e-02 4.895302281e-02
      vertex 5.391601473e-02 3.234797344e-02 4.628699273e-02
    endloop
  endfacet
  facet normal -9.800230265e-01 -9.137432277e-02 1.766510308e-01
    outer loop
      vertex 5.391601473e-02 3.234797344e-02 4.628699273e-02
      vertex 5.517120287e-02 2.403977327e-02 4.895302281e-02
      vertex 5.447481945e-02 3.211132810e-02 4.926471785e-02
    endloop
  endfacet
  facet normal -9.768495560e-01 -1.253508925e-01 1.733553112e-01
    outer loop
      vertex 5.391601473e-02 3.234797344e-02 4.628699273e-02
      vertex 5.447481945e-02 3.211132810e-02 4.926471785e-02
      vertex 5.241790786e-02 4.501516744e-02 4.700470343e-02
    endloop
  endfacet
  facet normal -9.763147831e-01 -1.246563569e-01 1.768340468e-01
    outer loop
      vertex 5.241790786e-02 4.501516744e-02 4.700470343e-02
      vertex 5.447481945e-02 3.211132810e-02 4.926471785e-02
      vertex 5.300239474e-02 4.465704784e-02 4.997925088e-02
    endloop
  endfacet
  facet normal -9.741926789e-01 -1.436170638e-01 1.741342992e-01
    outer loop
      vertex 5.241790786e-02 4.501516744e-02 4.700470343e-02
      vertex 5.300239474e-02 4.465704784e-02 4.997925088e-02
      vertex 5.248278752e-02 4.521159455e-02 4.752967507e-02
    endloop
  endfacet
  facet normal -9.738312364e-01 -1.470632106e-01 1.732774824e-01
    outer loop
      vertex 5.248278752e-02 4.521159455e-02 4.752967507e-02
      vertex 5.300239474e-02 4.465704784e-02 4.997925088e-02
      vertex 5.279976502e-02 4.612351581e-02 5.008507147e-02
    endloop
  endfacet
  facet normal -8.970783674e-04 -1.106301099e-01 -9.938612580e-01
    outer loop
      vertex 3.208357841e-02 -6.476816535e-02 4.886065423e-02
      vertex 3.335137293e-02 -6.314098835e-02 4.867838323e-02
      vertex 3.558795527e-02 -6.465736032e-02 4.884515703e-02
    endloop
  endfacet
  facet normal -1.279791584e-03 -1.111877114e-01 -9.937986135e-01
    outer loop
      vertex 3.558795527e-02 -6.465736032e-02 4.884515703e-02
      vertex 3.335137293e-02 -6.314098835e-02 4.867838323e-02
      vertex 3.721991926e-02 -6.284102798e-02 4.863984138e-02
    endloop
  endfacet
  facet normal -1.621406293e-03 -1.069635376e-01 -9.942616224e-01
    outer loop
      vertex 4.678510129e-02 -6.027293578e-02 4.834611341e-02
      vertex 4.418466613e-02 -6.209725514e-02 4.854661599e-02
      vertex 4.247823358e-02 -6.119817868e-02 4.845267534e-02
    endloop
  endfacet
  facet normal -2.380091464e-03 -1.083872393e-01 -9.941058755e-01
    outer loop
      vertex 4.247823358e-02 -6.119817868e-02 4.845267534e-02
      vertex 4.418466613e-02 -6.209725514e-02 4.854661599e-02
      vertex 4.263359681e-02 -6.289848685e-02 4.863768816e-02
    endloop
  endfacet
  facet normal -1.412347658e-03 -1.083000451e-01 -9.941172600e-01
    outer loop
      vertex 4.247823358e-02 -6.119817868e-02 4.845267534e-02
      vertex 4.263359681e-02 -6.289848685e-02 4.863768816e-02
      vertex 3.956368193e-02 -6.232685223e-02 4.857977480e-02
    endloop
  endfacet
  facet normal -1.819869969e-03 -1.104644015e-01 -9.938784242e-01
    outer loop
      vertex 3.956368193e-02 -6.232685223e-02 4.857977480e-02
      vertex 4.263359681e-02 -6.289848685e-02 4.863768816e-02
      vertex 4.156563431e-02 -6.334856153e-02 4.868966714e-02
    endloop
  endfacet
  facet normal -1.412686659e-03 -1.096760258e-01 -9.939664006e-01
    outer loop
      vertex 3.956368193e-02 -6.232685223e-02 4.857977480e-02
      vertex 4.156563431e-02 -6.334856153e-02 4.868966714e-02
      vertex 3.721991926e-02 -6.284102798e-02 4.863984138e-02
    endloop
  endfacet
  facet normal -1.614804263e-03 -1.113879159e-01 -9.937756658e-01
    outer loop
      vertex 3.721991926e-02 -6.284102798e-02 4.863984138e-02
      vertex 4.156563431e-02 -6.334856153e-02 4.868966714e-02
      vertex 3.835158050e-02 -6.427824497e-02 4.879909381e-02
    endloop
  endfacet
  facet normal -1.316002570e-03 -1.111555770e-01 -9.938021302e-01
    outer loop
      vertex 3.721991926e-02 -6.284102798e-02 4.863984138e-02
      vertex 3.835158050e-02 -6.427824497e-02 4.879909381e-02
      vertex 3.558795527e-02 -6.465736032e-02 4.884515703e-02
    endloop
  endfacet
  facet normal -2.229487291e-03 -1.041670665e-01 -9.945573211e-01
    outer loop
      vertex 4.247823358e-02 -6.119817868e-02 4.845267534e-02
      vertex 4.477706924e-02 -5.982017890e-02 4.830319434e-02
      vertex 4.678510129e-02 -6.027293578e-02 4.834611341e-02
    endloop
  endfacet
  facet normal -1.765104826e-03 -1.021276116e-01 -9.947697520e-01
    outer loop
      vertex 4.678510129e-02 -6.027293578e-02 4.834611341e-02
      vertex 4.477706924e-02 -5.982017890e-02 4.830319434e-02
      vertex 4.607201740e-02 -5.879146233e-02 4.819528386e-02
    endloop
  endfacet
  facet normal -1.733936369e-03 -1.021127701e-01 -9.947713017e-01
    outer loop
      vertex 4.678510129e-02 -6.027293578e-02 4.834611341e-02
      vertex 4.607201740e-02 -5.879146233e-02 4.819528386e-02
      vertex 4.885395616e-02 -5.820832029e-02 4.813057557e-02
    endloop
  endfacet
  facet normal -2.373464871e-03 -9.909553826e-02 -9.950751066e-01
    outer loop
      vertex 4.885395616e-02 -5.820832029e-02 4.813057557e-02
      vertex 4.607201740e-02 -5.879146233e-02 4.819528386e-02
      vertex 4.705519229e-02 -5.784753338e-02 4.809893668e-02
    endloop
  endfacet
  facet normal -1.809320762e-03 -9.630701691e-02 -9.953500032e-01
    outer loop
      vertex 4.885395616e-02 -5.820832029e-02 4.813057557e-02
      vertex 4.705519229e-02 -5.784753338e-02 4.809893668e-02
      vertex 5.067272484e-02 -5.564067140e-02 4.787883162e-02
    endloop
  endfacet
  facet normal -2.162772231e-03 -9.573308378e-02 -9.954047203e-01
    outer loop
      vertex 5.067272484e-02 -5.564067140e-02 4.787883162e-02
      vertex 4.705519229e-02 -5.784753338e-02 4.809893668e-02
      vertex 4.870679602e-02 -5.581599846e-02 4.789996520e-02
    endloop
  endfacet
  facet normal -2.761631273e-03 -8.909223974e-02 -9.960195422e-01
    outer loop
      vertex 5.067272484e-02 -5.564067140e-02 4.787883162e-02
      vertex 4.870679602e-02 -5.581599846e-02 4.789996520e-02
      vertex 5.212591216e-02 -5.261934176e-02 4.760454968e-02
    endloop
  endfacet
  facet normal -1.385058626e-03 -9.055270255e-02 -9.958906770e-01
    outer loop
      vertex 5.212591216e-02 -5.261934176e-02 4.760454968e-02
      vertex 4.870679602e-02 -5.581599846e-02 4.789996520e-02
      vertex 5.021258071e-02 -5.316099897e-02 4.765646160e-02
    endloop
  endfacet
  facet normal -3.951418214e-03 -8.156115562e-02 -9.966605306e-01
    outer loop
      vertex 5.212591216e-02 -5.261934176e-02 4.760454968e-02
      vertex 5.021258071e-02 -5.316099897e-02 4.765646160e-02
      vertex 5.314797536e-02 -4.932192340e-02 4.733065516e-02
    endloop
  endfacet
  facet normal -2.161085140e-03 -8.292100579e-02 -9.965537786e-01
    outer loop
      vertex 5.021258071e-02 -5.316099897e-02 4.765646160e-02
      vertex 5.147668347e-02 -4.964495078e-02 4.736115783e-02
      vertex 5.314797536e-02 -4.932192340e-02 4.733065516e-02
    endloop
  endfacet
  facet normal -3.770183073e-03 -7.465701550e-02 -9.972021580e-01
    outer loop
      vertex 5.314797536e-02 -4.932192340e-02 4.733065516e-02
      vertex 5.147668347e-02 -4.964495078e-02 4.736115783e-02
      vertex 5.223484337e-02 -4.607236758e-02 4.709082469e-02
    endloop
  endfacet
  facet normal -2.907889197e-03 -7.441624999e-02 -9.972230196e-01
    outer loop
      vertex 5.314797536e-02 -4.932192340e-02 4.733065516e-02
      vertex 5.223484337e-02 -4.607236758e-02 4.709082469e-02
      vertex 5.383056402e-02 -4.574728385e-02 4.706191272e-02
    endloop
  endfacet
  facet normal -3.900968004e-03 -6.957237422e-02 -9.975692630e-01
    outer loop
      vertex 5.383056402e-02 -4.574728385e-02 4.706191272e-02
      vertex 5.223484337e-02 -4.607236758e-02 4.709082469e-02
      vertex 5.241735280e-02 -4.484811798e-02 4.700472951e-02
    endloop
  endfacet
  facet normal -4.090937320e-03 -6.986957788e-02 -9.975477457e-01
    outer loop
      vertex 5.383056402e-02 -4.574728385e-02 4.706191272e-02
      vertex 5.241735280e-02 -4.484811798e-02 4.700472951e-02
      vertex 5.391237885e-02 -4.517281428e-02 4.702134058e-02
    endloop
  endfacet
  facet normal -1.297692303e-03 -5.705049634e-02 -9.983704686e-01
    outer loop
      vertex 5.391237885e-02 -4.517281428e-02 4.702134058e-02
      vertex 5.241735280e-02 -4.484811798e-02 4.700472951e-02
      vertex 5.545195192e-02 -3.212294355e-02 4.627362266e-02
    endloop
  endfacet
  facet normal -6.868939381e-03 -5.572490022e-02 -9.984225035e-01
    outer loop
      vertex 5.545195192e-02 -3.212294355e-02 4.627362266e-02
      vertex 5.241735280e-02 -4.484811798e-02 4.700472951e-02
      vertex 5.391806737e-02 -3.215232864e-02 4.628581554e-02
    endloop
  endfacet
  facet normal -7.285111118e-03 -3.439893946e-02 -9.993816018e-01
    outer loop
      vertex 5.545195192e-02 -3.212294355e-02 4.627362266e-02
      vertex 5.391806737e-02 -3.215232864e-02 4.628581554e-02
      vertex 5.645962432e-02 -1.941707917e-02 4.582893848e-02
    endloop
  endfacet
  facet normal -9.295475669e-03 -3.399762884e-02 -9.993786812e-01
    outer loop
      vertex 5.645962432e-02 -1.941707917e-02 4.582893848e-02
      vertex 5.391806737e-02 -3.215232864e-02 4.628581554e-02
      vertex 5.493148416e-02 -1.946795173e-02 4.584488273e-02
    endloop
  endfacet
  facet normal -9.649178945e-03 -2.346670441e-02 -9.996780753e-01
    outer loop
      vertex 5.645962432e-02 -1.941707917e-02 4.582893848e-02
      vertex 5.493148416e-02 -1.946795173e-02 4.584488273e-02
      vertex 5.654758215e-02 -1.789325662e-02 4.579231888e-02
    endloop
  endfacet
  facet normal -1.812140271e-02 -1.477334462e-02 -9.997266531e-01
    outer loop
      vertex 5.654758215e-02 -1.789325662e-02 4.579231888e-02
      vertex 5.493148416e-02 -1.946795173e-02 4.584488273e-02
      vertex 5.547832325e-02 -5.392732564e-03 4.562697560e-02
    endloop
  endfacet
  facet normal -8.562238887e-03 -1.395752374e-02 -9.998659492e-01
    outer loop
      vertex 5.654758215e-02 -1.789325662e-02 4.579231888e-02
      vertex 5.547832325e-02 -5.392732564e-03 4.562697560e-02
      vertex 5.700676143e-02 -4.999490920e-03 4.560839757e-02
    endloop
  endfacet
  facet normal -1.256751735e-02 1.607513172e-03 -9.999197125e-01
    outer loop
      vertex 5.700676143e-02 -4.999490920e-03 4.560839757e-02
      vertex 5.547832325e-02 -5.392732564e-03 4.562697560e-02
      vertex 5.695172399e-02 7.926789112e-03 4.562987015e-02
    endloop
  endfacet
  facet normal -8.339402266e-03 1.139810425e-03 -9.999645948e-01
    outer loop
      vertex 5.695172399e-02 7.926789112e-03 4.562987015e-02
      vertex 5.547832325e-02 -5.392732564e-03 4.562697560e-02
      vertex 5.543934926e-02 7.509408053e-03 4.564200714e-02
    endloop
  endfacet
  facet normal -1.264033746e-02 1.672953740e-02 -9.997801185e-01
    outer loop
      vertex 5.695172399e-02 7.926789112e-03 4.562987015e-02
      vertex 5.543934926e-02 7.509408053e-03 4.564200714e-02
      vertex 5.644317344e-02 1.986414008e-02 4.583605006e-02
    endloop
  endfacet
  facet normal -7.933038287e-03 1.634792797e-02 -9.998348951e-01
    outer loop
      vertex 5.543934926e-02 7.509408053e-03 4.564200714e-02
      vertex 5.493581295e-02 1.957103424e-02 4.584321752e-02
      vertex 5.644317344e-02 1.986414008e-02 4.583605006e-02
    endloop
  endfacet
  facet normal -1.132560801e-02 3.380646557e-02 -9.993641973e-01
    outer loop
      vertex 5.644317344e-02 1.986414008e-02 4.583605006e-02
      vertex 5.493581295e-02 1.957103424e-02 4.584321752e-02
      vertex 5.391601473e-02 3.234797344e-02 4.628699273e-02
    endloop
  endfacet
  facet normal -4.946357105e-03 3.509811312e-02 -9.993716478e-01
    outer loop
      vertex 5.644317344e-02 1.986414008e-02 4.583605006e-02
      vertex 5.391601473e-02 3.234797344e-02 4.628699273e-02
      vertex 5.541648716e-02 3.265627846e-02 4.629039392e-02
    endloop
  endfacet
  facet normal -9.333637543e-03 5.643919110e-02 -9.983624220e-01
    outer loop
      vertex 5.541648716e-02 3.265627846e-02 4.629039392e-02
      vertex 5.391601473e-02 3.234797344e-02 4.628699273e-02
      vertex 5.391295254e-02 4.533990845e-02 4.702147841e-02
    endloop
  endfacet
  facet normal -1.057700603e-03 5.644356459e-02 -9.984052181e-01
    outer loop
      vertex 5.391295254e-02 4.533990845e-02 4.702147841e-02
      vertex 5.391601473e-02 3.234797344e-02 4.628699273e-02
      vertex 5.241790786e-02 4.501516744e-02 4.700470343e-02
    endloop
  endfacet
  facet normal -3.988618962e-03 6.989258528e-02 -9.975465536e-01
    outer loop
      vertex 5.391295254e-02 4.533990845e-02 4.702147841e-02
      vertex 5.241790786e-02 4.501516744e-02 4.700470343e-02
      vertex 5.383050814e-02 4.591475055e-02 4.706208408e-02
    endloop
  endfacet
  facet normal -3.803123720e-03 6.960264593e-02 -9.975675344e-01
    outer loop
      vertex 5.383050814e-02 4.591475055e-02 4.706208408e-02
      vertex 5.241790786e-02 4.501516744e-02 4.700470343e-02
      vertex 5.223469436e-02 4.624022171e-02 4.709087685e-02
    endloop
  endfacet
  facet normal -3.264591331e-03 7.222678512e-02 -9.973828793e-01
    outer loop
      vertex 5.383050814e-02 4.591475055e-02 4.706208408e-02
      vertex 5.223469436e-02 4.624022171e-02 4.709087685e-02
      vertex 5.357353762e-02 4.747537896e-02 4.717594013e-02
    endloop
  endfacet
  facet normal -3.278998425e-03 7.224231958e-02 -9.973817468e-01
    outer loop
      vertex 5.357353762e-02 4.747537896e-02 4.717594013e-02
      vertex 5.223469436e-02 4.624022171e-02 4.709087685e-02
      vertex 5.202061310e-02 4.745082185e-02 4.717926681e-02
    endloop
  endfacet
  facet normal -3.371522063e-03 7.815369964e-02 -9.969356060e-01
    outer loop
      vertex 5.357353762e-02 4.747537896e-02 4.717594013e-02
      vertex 5.202061310e-02 4.745082185e-02 4.717926681e-02
      vertex 5.258271471e-02 5.149788782e-02 4.749463126e-02
    endloop
  endfacet
  facet normal -2.047926188e-03 7.797125727e-02 -9.969534874e-01
    outer loop
      vertex 5.258271471e-02 5.149788782e-02 4.749463126e-02
      vertex 5.202061310e-02 4.745082185e-02 4.717926681e-02
      vertex 5.103280768e-02 5.126569793e-02 4.747965559e-02
    endloop
  endfacet
  facet normal -3.155680140e-03 8.532665670e-02 -9.963480234e-01
    outer loop
      vertex 5.258271471e-02 5.149788782e-02 4.749463126e-02
      vertex 5.103280768e-02 5.126569793e-02 4.747965559e-02
      vertex 5.163810775e-02 5.394669995e-02 4.770733789e-02
    endloop
  endfacet
  facet normal -1.407369971e-03 8.493511379e-02 -9.963855147e-01
    outer loop
      vertex 5.163810775e-02 5.394669995e-02 4.770733789e-02
      vertex 5.103280768e-02 5.126569793e-02 4.747965559e-02
      vertex 5.019054562e-02 5.337547883e-02 4.766068980e-02
    endloop
  endfacet
  facet normal -3.839012235e-03 9.105261415e-02 -9.958387017e-01
    outer loop
      vertex 5.163810775e-02 5.394669995e-02 4.770733789e-02
      vertex 5.019054562e-02 5.337547883e-02 4.766068980e-02
      vertex 5.000819638e-02 5.685725436e-02 4.797974229e-02
    endloop
  endfacet
  facet normal -6.228640559e-04 9.122030437e-02 -9.958305359e-01
    outer loop
      vertex 5.000819638e-02 5.685725436e-02 4.797974229e-02
      vertex 5.019054562e-02 5.337547883e-02 4.766068980e-02
      vertex 4.860398918e-02 5.613052472e-02 4.791405052e-02
    endloop
  endfacet
  facet normal -3.690065118e-03 9.709600359e-02 -9.952681661e-01
    outer loop
      vertex 5.000819638e-02 5.685725436e-02 4.797974229e-02
      vertex 4.860398918e-02 5.613052472e-02 4.791405052e-02
      vertex 4.810939729e-02 5.919944867e-02 4.821528122e-02
    endloop
  endfacet
  facet normal -2.825469128e-04 9.764060378e-02 -9.952216744e-01
    outer loop
      vertex 4.810939729e-02 5.919944867e-02 4.821528122e-02
      vertex 4.860398918e-02 5.613052472e-02 4.791405052e-02
      vertex 4.690508172e-02 5.816927180e-02 4.811455309e-02
    endloop
  endfacet
  facet normal -3.364114789e-03 1.012076661e-01 -9.948596358e-01
    outer loop
      vertex 4.810939729e-02 5.919944867e-02 4.821528122e-02
      vertex 4.690508172e-02 5.816927180e-02 4.811455309e-02
      vertex 4.699302092e-02 6.026164815e-02 4.832711443e-02
    endloop
  endfacet
  facet normal -6.986213266e-04 1.010973379e-01 -9.948762655e-01
    outer loop
      vertex 4.699302092e-02 6.026164815e-02 4.832711443e-02
      vertex 4.690508172e-02 5.816927180e-02 4.811455309e-02
      vertex 4.600523412e-02 5.901696905e-02 4.820132628e-02
    endloop
  endfacet
  facet normal -3.463025438e-03 1.032680720e-01 -9.946475029e-01
    outer loop
      vertex 4.699302092e-02 6.026164815e-02 4.832711443e-02
      vertex 4.600523412e-02 5.901696905e-02 4.820132628e-02
      vertex 4.573481530e-02 6.126032397e-02 4.843518138e-02
    endloop
  endfacet
  facet normal -7.815217250e-04 1.035884246e-01 -9.946199656e-01
    outer loop
      vertex 4.573481530e-02 6.126032397e-02 4.843518138e-02
      vertex 4.600523412e-02 5.901696905e-02 4.820132628e-02
      vertex 4.460344091e-02 6.010950729e-02 4.831621423e-02
    endloop
  endfacet
  facet normal -3.189750016e-03 1.059299707e-01 -9.943684936e-01
    outer loop
      vertex 4.573481530e-02 6.126032397e-02 4.843518138e-02
      vertex 4.460344091e-02 6.010950729e-02 4.831621423e-02
      vertex 4.321216047e-02 6.278809905e-02 4.860602692e-02
    endloop
  endfacet
  facet normal -4.543190007e-04 1.073350161e-01 -9.942228198e-01
    outer loop
      vertex 4.321216047e-02 6.278809905e-02 4.860602692e-02
      vertex 4.460344091e-02 6.010950729e-02 4.831621423e-02
      vertex 4.237199947e-02 6.141735241e-02 4.845842719e-02
    endloop
  endfacet
  facet normal -2.575297840e-03 1.086196452e-01 -9.940800667e-01
    outer loop
      vertex 4.321216047e-02 6.278809905e-02 4.860602692e-02
      vertex 4.237199947e-02 6.141735241e-02 4.845842719e-02
      vertex 4.023315758e-02 6.397354603e-02 4.874327406e-02
    endloop
  endfacet
  facet normal -7.306258194e-04 1.101447791e-01 -9.939152598e-01
    outer loop
      vertex 4.023315758e-02 6.397354603e-02 4.874327406e-02
      vertex 4.237199947e-02 6.141735241e-02 4.845842719e-02
      vertex 3.950076550e-02 6.251177192e-02 4.858181998e-02
    endloop
  endfacet
  facet normal -1.831263537e-03 1.106893867e-01 -9.938533902e-01
    outer loop
      vertex 4.023315758e-02 6.397354603e-02 4.874327406e-02
      vertex 3.950076550e-02 6.251177192e-02 4.858181998e-02
      vertex 3.903510049e-02 6.429603696e-02 4.878139868e-02
    endloop
  endfacet
  facet normal -1.043676515e-03 1.108925343e-01 -9.938318729e-01
    outer loop
      vertex 3.903510049e-02 6.429603696e-02 4.878139868e-02
      vertex 3.950076550e-02 6.251177192e-02 4.858181998e-02
      vertex 3.884216771e-02 6.268545985e-02 4.860189185e-02
    endloop
  endfacet
  facet normal -1.413578051e-03 1.109362468e-01 -9.938265085e-01
    outer loop
      vertex 3.903510049e-02 6.429603696e-02 4.878139868e-02
      vertex 3.884216771e-02 6.268545985e-02 4.860189185e-02
      vertex 3.568511829e-02 6.481635571e-02 4.884424433e-02
    endloop
  endfacet
  facet normal -1.169431838e-03 1.112934574e-01 -9.937868714e-01
    outer loop
      vertex 3.568511829e-02 6.481635571e-02 4.884424433e-02
      vertex 3.884216771e-02 6.268545985e-02 4.860189185e-02
      vertex 3.560134768e-02 6.320047379e-02 4.866338149e-02
    endloop
  endfacet
  facet normal -8.790507563e-04 1.112786233e-01 -9.937888384e-01
    outer loop
      vertex 3.568511829e-02 6.481635571e-02 4.884424433e-02
      vertex 3.560134768e-02 6.320047379e-02 4.866338149e-02
      vertex 3.208357841e-02 6.493508816e-02 4.886072502e-02
    endloop
  endfacet
  facet normal -1.352018095e-03 1.103314087e-01 -9.938939214e-01
    outer loop
      vertex 3.208357841e-02 6.493508816e-02 4.886072502e-02
      vertex 3.560134768e-02 6.320047379e-02 4.866338149e-02
      vertex 3.208456188e-02 6.331701577e-02 4.868110269e-02
    endloop
  endfacet
  facet normal -3.278157674e-04 1.103321165e-01 -9.938946962e-01
    outer loop
      vertex 3.208357841e-02 6.493508816e-02 4.886072502e-02
      vertex 3.208456188e-02 6.331701577e-02 4.868110269e-02
      vertex -7.457466796e-03 6.493891776e-02 4.887419194e-02
    endloop
  endfacet
  facet normal -7.210145122e-04 1.008655727e-01 -9.948998094e-01
    outer loop
      vertex -7.457466796e-03 6.493891776e-02 4.887419194e-02
      vertex 3.208456188e-02 6.331701577e-02 4.868110269e-02
      vertex -7.457536180e-03 6.332552433e-02 4.871062189e-02
    endloop
  endfacet
  facet normal 4.458770854e-04 1.008655429e-01 -9.948999882e-01
    outer loop
      vertex -7.457466796e-03 6.493891776e-02 4.887419194e-02
      vertex -7.457536180e-03 6.332552433e-02 4.871062189e-02
      vertex -3.629323468e-02 6.493520737e-02 4.886089265e-02
    endloop
  endfacet
  facet normal 9.760729736e-04 1.102701724e-01 -9.939011931e-01
    outer loop
      vertex -7.457536180e-03 6.332552433e-02 4.871062189e-02
      vertex -3.629375994e-02 6.331709027e-02 4.868136719e-02
      vertex -3.629323468e-02 6.493520737e-02 4.886089265e-02
    endloop
  endfacet
  facet normal 1.538501820e-03 1.102699190e-01 -9.939004779e-01
    outer loop
      vertex -3.629323468e-02 6.493520737e-02 4.886089265e-02
      vertex -3.629375994e-02 6.331709027e-02 4.868136719e-02
      vertex -3.721614555e-02 6.331092119e-02 4.867925495e-02
    endloop
  endfacet
  facet normal 8.993848460e-04 1.106286868e-01 -9.938613772e-01
    outer loop
      vertex -3.629323468e-02 6.493520737e-02 4.886089265e-02
      vertex -3.721614555e-02 6.331092119e-02 4.867925495e-02
      vertex -3.867425025e-02 6.488271058e-02 4.885289446e-02
    endloop
  endfacet
  facet normal 1.329699066e-03 1.110229716e-01 -9.938169718e-01
    outer loop
      vertex -3.867425025e-02 6.488271058e-02 4.885289446e-02
      vertex -3.721614555e-02 6.331092119e-02 4.867925495e-02
      vertex -4.226334020e-02 6.442762911e-02 4.879725352e-02
    endloop
  endfacet
  facet normal 1.429521479e-03 1.114688516e-01 -9.937669039e-01
    outer loop
      vertex -3.721614555e-02 6.331092119e-02 4.867925495e-02
      vertex -4.091152921e-02 6.303107738e-02 4.864254966e-02
      vertex -4.226334020e-02 6.442762911e-02 4.879725352e-02
    endloop
  endfacet
  facet normal 1.256397692e-03 1.113033518e-01 -9.937856793e-01
    outer loop
      vertex -4.226334020e-02 6.442762911e-02 4.879725352e-02
      vertex -4.091152921e-02 6.303107738e-02 4.864254966e-02
      vertex -4.290404916e-02 6.260134280e-02 4.859190062e-02
    endloop
  endfacet
  facet normal 1.842065481e-03 1.111003384e-01 -9.938074946e-01
    outer loop
      vertex -4.226334020e-02 6.442762911e-02 4.879725352e-02
      vertex -4.290404916e-02 6.260134280e-02 4.859190062e-02
      vertex -4.461719096e-02 6.374894083e-02 4.871701822e-02
    endloop
  endfacet
  facet normal 1.688115881e-03 1.108733118e-01 -9.938331246e-01
    outer loop
      vertex -4.461719096e-02 6.374894083e-02 4.871701822e-02
      vertex -4.290404916e-02 6.260134280e-02 4.859190062e-02
      vertex -4.734216258e-02 6.245009229e-02 4.856748879e-02
    endloop
  endfacet
  facet normal 1.779844286e-03 1.082286984e-01 -9.941244125e-01
    outer loop
      vertex -4.290404916e-02 6.260134280e-02 4.859190062e-02
      vertex -4.563007876e-02 6.154988334e-02 4.847254977e-02
      vertex -4.734216258e-02 6.245009229e-02 4.856748879e-02
    endloop
  endfacet
  facet normal 1.349509577e-03 1.074195877e-01 -9.942128658e-01
    outer loop
      vertex -4.734216258e-02 6.245009229e-02 4.856748879e-02
      vertex -4.563007876e-02 6.154988334e-02 4.847254977e-02
      vertex -4.672839865e-02 6.093705818e-02 4.840484634e-02
    endloop
  endfacet
  facet normal 1.889118226e-03 1.076358706e-01 -9.941886067e-01
    outer loop
      vertex -4.734216258e-02 6.245009229e-02 4.856748879e-02
      vertex -4.672839865e-02 6.093705818e-02 4.840484634e-02
      vertex -4.957421124e-02 6.084076688e-02 4.838901386e-02
    endloop
  endfacet
  facet normal 1.977728214e-03 1.050623059e-01 -9.944636822e-01
    outer loop
      vertex -4.672839865e-02 6.093705818e-02 4.840484634e-02
      vertex -4.755303264e-02 6.038994715e-02 4.834540561e-02
      vertex -4.957421124e-02 6.084076688e-02 4.838901386e-02
    endloop
  endfacet
  facet normal 1.496009296e-03 1.029243022e-01 -9.946880937e-01
    outer loop
      vertex -4.957421124e-02 6.084076688e-02 4.838901386e-02
      vertex -4.755303264e-02 6.038994715e-02 4.834540561e-02
      vertex -4.956166819e-02 5.866489932e-02 4.816388711e-02
    endloop
  endfacet
  facet normal 2.042686567e-03 1.029273197e-01 -9.946867824e-01
    outer loop
      vertex -4.957421124e-02 6.084076688e-02 4.838901386e-02
      vertex -4.956166819e-02 5.866489932e-02 4.816388711e-02
      vertex -5.165739357e-02 5.868406221e-02 4.816156626e-02
    endloop
  endfacet
  facet normal 2.016499871e-03 1.000276282e-01 -9.949826002e-01
    outer loop
      vertex -4.956166819e-02 5.866489932e-02 4.816388711e-02
      vertex -4.970916733e-02 5.851116404e-02 4.814813286e-02
      vertex -5.165739357e-02 5.868406221e-02 4.816156626e-02
    endloop
  endfacet
  facet normal 1.824665582e-03 9.788262844e-02 -9.951962829e-01
    outer loop
      vertex -5.165739357e-02 5.868406221e-02 4.816156626e-02
      vertex -4.970916733e-02 5.851116404e-02 4.814813286e-02
      vertex -5.109398067e-02 5.681494996e-02 4.797876254e-02
    endloop
  endfacet
  facet normal 1.571834669e-03 9.780718386e-02 -9.952041507e-01
    outer loop
      vertex -5.165739357e-02 5.868406221e-02 4.816156626e-02
      vertex -5.109398067e-02 5.681494996e-02 4.797876254e-02
      vertex -5.314951390e-02 5.648670718e-02 4.794325680e-02
    endloop
  endfacet
  facet normal 2.151250374e-03 9.421610087e-02 -9.955494404e-01
    outer loop
      vertex -5.314951390e-02 5.648670718e-02 4.794325680e-02
      vertex -5.109398067e-02 5.681494996e-02 4.797876254e-02
      vertex -5.177860707e-02 5.574535951e-02 4.787606001e-02
    endloop
  endfacet
  facet normal 9.069424705e-04 9.193462133e-02 -9.957646132e-01
    outer loop
      vertex -5.314951390e-02 5.648670718e-02 4.794325680e-02
      vertex -5.177860707e-02 5.574535951e-02 4.787606001e-02
      vertex -5.442678928e-02 5.369267985e-02 4.768413305e-02
    endloop
  endfacet
  facet normal 1.084460411e-03 9.170754254e-02 -9.957854152e-01
    outer loop
      vertex -5.442678928e-02 5.369267985e-02 4.768413305e-02
      vertex -5.177860707e-02 5.574535951e-02 4.787606001e-02
      vertex -5.252593756e-02 5.429070815e-02 4.774127901e-02
    endloop
  endfacet
  facet normal 2.087590052e-03 8.854624629e-02 -9.960699081e-01
    outer loop
      vertex -5.252593756e-02 5.429070815e-02 4.774127901e-02
      vertex -5.284580588e-02 5.352851376e-02 4.767285287e-02
      vertex -5.442678928e-02 5.369267985e-02 4.768413305e-02
    endloop
  endfacet
  facet normal 1.857086900e-03 8.633975685e-02 -9.962640405e-01
    outer loop
      vertex -5.442678928e-02 5.369267985e-02 4.768413305e-02
      vertex -5.284580588e-02 5.352851376e-02 4.767285287e-02
      vertex -5.326348171e-02 5.233119056e-02 4.756831005e-02
    endloop
  endfacet
  facet normal 3.430960060e-04 8.505567908e-02 -9.963761568e-01
    outer loop
      vertex -5.442678928e-02 5.369267985e-02 4.768413305e-02
      vertex -5.326348171e-02 5.233119056e-02 4.756831005e-02
      vertex -5.526803061e-02 5.057820305e-02 4.741797596e-02
    endloop
  endfacet
  facet normal 2.350775292e-03 8.277612180e-02 -9.965654016e-01
    outer loop
      vertex -5.526803061e-02 5.057820305e-02 4.741797596e-02
      vertex -5.326348171e-02 5.233119056e-02 4.756831005e-02
      vertex -5.372198299e-02 5.055035278e-02 4.741930962e-02
    endloop
  endfacet
  facet normal 2.253234386e-03 7.734042406e-02 -9.970021844e-01
    outer loop
      vertex -5.526803061e-02 5.057820305e-02 4.741797596e-02
      vertex -5.372198299e-02 5.055035278e-02 4.741930962e-02
      vertex -5.570008233e-02 4.710076377e-02 4.714724422e-02
    endloop
  endfacet
  facet normal 2.476755530e-03 7.721298933e-02 -9.970115423e-01
    outer loop
      vertex -5.570008233e-02 4.710076377e-02 4.714724422e-02
      vertex -5.372198299e-02 5.055035278e-02 4.741930962e-02
      vertex -5.416899174e-02 4.733439907e-02 4.716914147e-02
    endloop
  endfacet
  facet normal 3.442110494e-03 7.093016058e-02 -9.974753261e-01
    outer loop
      vertex -5.570008233e-02 4.710076377e-02 4.714724422e-02
      vertex -5.416899174e-02 4.733439907e-02 4.716914147e-02
      vertex -5.578106642e-02 4.456047341e-02 4.696632549e-02
    endloop
  endfacet
  facet normal 3.970387392e-03 7.062459737e-02 -9.974950552e-01
    outer loop
      vertex -5.578106642e-02 4.456047341e-02 4.696632549e-02
      vertex -5.416899174e-02 4.733439907e-02 4.716914147e-02
      vertex -5.427480862e-02 4.449399933e-02 4.696761444e-02
    endloop
  endfacet
  facet normal 3.558105789e-03 6.127056107e-02 -9.981148243e-01
    outer loop
      vertex -5.578106642e-02 4.456047341e-02 4.696632549e-02
      vertex -5.427480862e-02 4.449399933e-02 4.696761444e-02
      vertex -5.576970056e-02 3.743120655e-02 4.652872682e-02
    endloop
  endfacet
  facet normal 2.756934240e-02 5.618374050e-02 -9.980397224e-01
    outer loop
      vertex -5.576970056e-02 3.743120655e-02 4.652872682e-02
      vertex -5.427480862e-02 4.449399933e-02 4.696761444e-02
      vertex -5.423128977e-02 3.257223591e-02 4.629769176e-02
    endloop
  endfacet
  facet normal -2.759572119e-02 3.875715286e-02 -9.988675117e-01
    outer loop
      vertex -5.576970056e-02 3.743120655e-02 4.652872682e-02
      vertex -5.423128977e-02 3.257223591e-02 4.629769176e-02
      vertex -5.562509224e-02 1.921787672e-02 4.581803456e-02
    endloop
  endfacet
  facet normal 1.167575922e-02 3.467499092e-02 -9.993304610e-01
    outer loop
      vertex -5.423128977e-02 3.257223591e-02 4.629769176e-02
      vertex -5.412008241e-02 1.926606707e-02 4.583729059e-02
      vertex -5.562509224e-02 1.921787672e-02 4.581803456e-02
    endloop
  endfacet
  facet normal 1.241437998e-02 1.181633398e-02 -9.998531342e-01
    outer loop
      vertex -5.562509224e-02 1.921787672e-02 4.581803456e-02
      vertex -5.412008241e-02 1.926606707e-02 4.583729059e-02
      vertex -5.402339622e-02 8.296725719e-05 4.561178386e-02
    endloop
  endfacet
  facet normal 1.361035369e-02 1.191626210e-02 -9.998363853e-01
    outer loop
      vertex -5.562509224e-02 1.921787672e-02 4.581803456e-02
      vertex -5.402339622e-02 8.296725719e-05 4.561178386e-02
      vertex -5.552855507e-02 8.296725719e-05 4.559129477e-02
    endloop
  endfacet
  facet normal 1.361089852e-02 -7.866649888e-03 -9.998764396e-01
    outer loop
      vertex -5.552855507e-02 8.296725719e-05 4.559129477e-02
      vertex -5.402339622e-02 8.296725719e-05 4.561178386e-02
      vertex -5.407334119e-02 -1.296067517e-02 4.571372643e-02
    endloop
  endfacet
  facet normal -1.443863381e-02 -1.099560969e-02 -9.998353124e-01
    outer loop
      vertex -5.552855507e-02 8.296725719e-05 4.559129477e-02
      vertex -5.407334119e-02 -1.296067517e-02 4.571372643e-02
      vertex -5.561549589e-02 -1.787713356e-02 4.579006508e-02
    endloop
  endfacet
  facet normal 3.207261488e-02 -2.557436563e-02 -9.991583228e-01
    outer loop
      vertex -5.561549589e-02 -1.787713356e-02 4.579006508e-02
      vertex -5.407334119e-02 -1.296067517e-02 4.571372643e-02
      vertex -5.418124422e-02 -2.626976557e-02 4.605092108e-02
    endloop
  endfacet
  facet normal -3.359726071e-02 -3.678452969e-02 -9.987583160e-01
    outer loop
      vertex -5.561549589e-02 -1.787713356e-02 4.579006508e-02
      vertex -5.418124422e-02 -2.626976557e-02 4.605092108e-02
      vertex -5.576295033e-02 -3.608647361e-02 4.646568000e-02
    endloop
  endfacet
  facet normal 5.444602668e-02 -5.090534315e-02 -9.972182512e-01
    outer loop
      vertex -5.576295033e-02 -3.608647361e-02 4.646568000e-02
      vertex -5.418124422e-02 -2.626976557e-02 4.605092108e-02
      vertex -5.427476764e-02 -4.433057085e-02 4.696777090e-02
    endloop
  endfacet
  facet normal 1.442282926e-03 -7.573258877e-02 -9.971271157e-01
    outer loop
      vertex -5.397723988e-02 -4.892552271e-02 4.730285332e-02
      vertex -5.541881546e-02 -4.954195395e-02 4.734758660e-02
      vertex -5.416887626e-02 -4.716945067e-02 4.716920108e-02
    endloop
  endfacet
  facet normal 2.652897965e-03 -7.636657357e-02 -9.970762730e-01
    outer loop
      vertex -5.416887626e-02 -4.716945067e-02 4.716920108e-02
      vertex -5.541881546e-02 -4.954195395e-02 4.734758660e-02
      vertex -5.569996312e-02 -4.693600908e-02 4.714724794e-02
    endloop
  endfacet
  facet normal 3.531312803e-03 -7.064466178e-02 -9.974952936e-01
    outer loop
      vertex -5.416887626e-02 -4.716945067e-02 4.716920108e-02
      vertex -5.569996312e-02 -4.693600908e-02 4.714724794e-02
      vertex -5.427476764e-02 -4.433057085e-02 4.696777090e-02
    endloop
  endfacet
  facet normal 4.024660680e-03 -7.091309130e-02 -9.974743724e-01
    outer loop
      vertex -5.427476764e-02 -4.433057085e-02 4.696777090e-02
      vertex -5.569996312e-02 -4.693600908e-02 4.714724794e-02
      vertex -5.578101426e-02 -4.439729825e-02 4.696643725e-02
    endloop
  endfacet
  facet normal 3.548560198e-03 -6.015184522e-02 -9.981829524e-01
    outer loop
      vertex -5.427476764e-02 -4.433057085e-02 4.696777090e-02
      vertex -5.578101426e-02 -4.439729825e-02 4.696643725e-02
      vertex -5.576295033e-02 -3.608647361e-02 4.646568000e-02
    endloop
  endfacet
  facet normal 4.107017070e-03 -8.087070286e-02 -9.967161417e-01
    outer loop
      vertex -5.323263258e-02 -5.226308480e-02 4.757672176e-02
      vertex -5.515343696e-02 -5.097064748e-02 4.746394232e-02
      vertex -5.397723988e-02 -4.892552271e-02 4.730285332e-02
    endloop
  endfacet
  facet normal 3.759142244e-03 -8.067200333e-02 -9.967336059e-01
    outer loop
      vertex -5.397723988e-02 -4.892552271e-02 4.730285332e-02
      vertex -5.515343696e-02 -5.097064748e-02 4.746394232e-02
      vertex -5.539005622e-02 -4.972282425e-02 4.736205563e-02
    endloop
  endfacet
  facet normal 2.964910818e-03 -7.927316427e-02 -9.968485236e-01
    outer loop
      vertex -5.397723988e-02 -4.892552271e-02 4.730285332e-02
      vertex -5.539005622e-02 -4.972282425e-02 4.736205563e-02
      vertex -5.541881546e-02 -4.954195395e-02 4.734758660e-02
    endloop
  endfacet
  facet normal 1.531372312e-03 -1.110389382e-01 -9.938148856e-01
    outer loop
      vertex -3.976858780e-02 -6.463685632e-02 4.884271324e-02
      vertex -4.330264777e-02 -6.400498748e-02 4.876666889e-02
      vertex -4.300909862e-02 -6.240466610e-02 4.858831689e-02
    endloop
  endfacet
  facet normal 1.881059376e-03 -1.111022308e-01 -9.938071966e-01
    outer loop
      vertex -4.300909862e-02 -6.240466610e-02 4.858831689e-02
      vertex -4.330264777e-02 -6.400498748e-02 4.876666889e-02
      vertex -4.562755302e-02 -6.317242980e-02 4.866919294e-02
    endloop
  endfacet
  facet normal 1.339392387e-03 -1.092763022e-01 -9.940105081e-01
    outer loop
      vertex -4.300909862e-02 -6.240466610e-02 4.858831689e-02
      vertex -4.562755302e-02 -6.317242980e-02 4.866919294e-02
      vertex -4.567855969e-02 -6.135854498e-02 4.846971482e-02
    endloop
  endfacet
  facet normal 2.582023153e-03 -1.092415079e-01 -9.940118790e-01
    outer loop
      vertex -4.567855969e-02 -6.135854498e-02 4.846971482e-02
      vertex -4.562755302e-02 -6.317242980e-02 4.866919294e-02
      vertex -4.611233622e-02 -6.294718385e-02 4.864317924e-02
    endloop
  endfacet
  facet normal 5.934157525e-04 -1.087052897e-01 -9.940738678e-01
    outer loop
      vertex -4.567855969e-02 -6.135854498e-02 4.846971482e-02
      vertex -4.611233622e-02 -6.294718385e-02 4.864317924e-02
      vertex -4.672802985e-02 -6.077042595e-02 4.840477556e-02
    endloop
  endfacet
  facet normal 2.652390162e-03 -1.081294194e-01 -9.941332936e-01
    outer loop
      vertex -4.672802985e-02 -6.077042595e-02 4.840477556e-02
      vertex -4.611233622e-02 -6.294718385e-02 4.864317924e-02
      vertex -4.824904725e-02 -6.169888750e-02 4.850170389e-02
    endloop
  endfacet
  facet normal 1.352349645e-03 -1.060236245e-01 -9.943627119e-01
    outer loop
      vertex -4.672802985e-02 -6.077042595e-02 4.840477556e-02
      vertex -4.824904725e-02 -6.169888750e-02 4.850170389e-02
      vertex -4.750505835e-02 -6.025717035e-02 4.834899306e-02
    endloop
  endfacet
  facet normal 2.205166733e-03 -1.064586341e-01 -9.943146706e-01
    outer loop
      vertex -4.750505835e-02 -6.025717035e-02 4.834899306e-02
      vertex -4.824904725e-02 -6.169888750e-02 4.850170389e-02
      vertex -4.968080297e-02 -6.058138981e-02 4.837888107e-02
    endloop
  endfacet
  facet normal 1.631313935e-03 -1.026447341e-01 -9.947167635e-01
    outer loop
      vertex -4.750505835e-02 -6.025717035e-02 4.834899306e-02
      vertex -4.968080297e-02 -6.058138981e-02 4.837888107e-02
      vertex -4.968007281e-02 -5.837497488e-02 4.815120250e-02
    endloop
  endfacet
  facet normal 3.672021441e-03 -1.026448458e-01 -9.947112799e-01
    outer loop
      vertex -4.968007281e-02 -5.837497488e-02 4.815120250e-02
      vertex -4.968080297e-02 -6.058138981e-02 4.837888107e-02
      vertex -5.054925010e-02 -5.976242200e-02 4.829116538e-02
    endloop
  endfacet
  facet normal -5.867999280e-04 -1.000046656e-01 -9.949867725e-01
    outer loop
      vertex -4.968007281e-02 -5.837497488e-02 4.815120250e-02
      vertex -5.054925010e-02 -5.976242200e-02 4.829116538e-02
      vertex -5.102801695e-02 -5.674142018e-02 4.798781127e-02
    endloop
  endfacet
  facet normal 4.104585852e-03 -9.926775098e-02 -9.950522780e-01
    outer loop
      vertex -5.102801695e-02 -5.674142018e-02 4.798781127e-02
      vertex -5.054925010e-02 -5.976242200e-02 4.829116538e-02
      vertex -5.214254931e-02 -5.788222328e-02 4.809702188e-02
    endloop
  endfacet
  facet normal 2.568051277e-04 -9.554427862e-02 -9.954251647e-01
    outer loop
      vertex -5.102801695e-02 -5.674142018e-02 4.798781127e-02
      vertex -5.214254931e-02 -5.788222328e-02 4.809702188e-02
      vertex -5.177845061e-02 -5.557877198e-02 4.787602276e-02
    endloop
  endfacet
  facet normal 1.429081196e-03 -9.572778642e-02 -9.954065084e-01
    outer loop
      vertex -5.177845061e-02 -5.557877198e-02 4.787602276e-02
      vertex -5.214254931e-02 -5.788222328e-02 4.809702188e-02
      vertex -5.372010171e-02 -5.522662774e-02 4.783936962e-02
    endloop
  endfacet
  facet normal 2.260180423e-03 -9.118945897e-02 -9.958310127e-01
    outer loop
      vertex -5.177845061e-02 -5.557877198e-02 4.787602276e-02
      vertex -5.372010171e-02 -5.522662774e-02 4.783936962e-02
      vertex -5.249590427e-02 -5.419022217e-02 4.774724320e-02
    endloop
  endfacet
  facet normal 1.140112523e-03 -8.987721056e-02 -9.959521890e-01
    outer loop
      vertex -5.249590427e-02 -5.419022217e-02 4.774724320e-02
      vertex -5.372010171e-02 -5.522662774e-02 4.783936962e-02
      vertex -5.460406467e-02 -5.300698057e-02 4.763805121e-02
    endloop
  endfacet
  facet normal 2.703533042e-03 -8.711406589e-02 -9.961946607e-01
    outer loop
      vertex -5.249590427e-02 -5.419022217e-02 4.774724320e-02
      vertex -5.460406467e-02 -5.300698057e-02 4.763805121e-02
      vertex -5.323263258e-02 -5.226308480e-02 4.757672176e-02
    endloop
  endfacet
  facet normal 2.304931637e-03 -8.638453484e-02 -9.962592125e-01
    outer loop
      vertex -5.323263258e-02 -5.226308480e-02 4.757672176e-02
      vertex -5.460406467e-02 -5.300698057e-02 4.763805121e-02
      vertex -5.473595858e-02 -5.258641019e-02 4.760127887e-02
    endloop
  endfacet
  facet normal 1.836633659e-03 -8.422128856e-02 -9.964453578e-01
    outer loop
      vertex -5.323263258e-02 -5.226308480e-02 4.757672176e-02
      vertex -5.473595858e-02 -5.258641019e-02 4.760127887e-02
      vertex -5.515343696e-02 -5.097064748e-02 4.746394232e-02
    endloop
  endfacet
  facet normal 1.271289075e-03 -1.114117950e-01 -9.937735200e-01
    outer loop
      vertex -4.300909862e-02 -6.240466610e-02 4.858831689e-02
      vertex -3.977672011e-02 -6.300896406e-02 4.866020009e-02
      vertex -3.976858780e-02 -6.463685632e-02 4.884271324e-02
    endloop
  endfacet
  facet normal 1.398035674e-03 -1.114111468e-01 -9.937734008e-01
    outer loop
      vertex -3.976858780e-02 -6.463685632e-02 4.884271324e-02
      vertex -3.977672011e-02 -6.300896406e-02 4.866020009e-02
      vertex -3.963138908e-02 -6.302309036e-02 4.866198823e-02
    endloop
  endfacet
  facet normal 9.388910839e-04 -1.113726571e-01 -9.937782884e-01
    outer loop
      vertex -3.976858780e-02 -6.463685632e-02 4.884271324e-02
      vertex -3.963138908e-02 -6.302309036e-02 4.866198823e-02
      vertex -3.629324585e-02 -6.476834416e-02 4.886073247e-02
    endloop
  endfacet
  facet normal 1.520174090e-03 -1.102746949e-01 -9.939000010e-01
    outer loop
      vertex -3.629324585e-02 -6.476834416e-02 4.886073247e-02
      vertex -3.963138908e-02 -6.302309036e-02 4.866198823e-02
      vertex -3.629377484e-02 -6.315019727e-02 4.868119583e-02
    endloop
  endfacet
  facet normal 3.116712905e-04 -1.102752090e-01 -9.939010143e-01
    outer loop
      vertex -3.629324585e-02 -6.476834416e-02 4.886073247e-02
      vertex -3.629377484e-02 -6.315019727e-02 4.868119583e-02
      vertex 3.246923909e-03 -6.477189064e-02 4.887352511e-02
    endloop
  endfacet
  facet normal 6.880328292e-04 -1.012128964e-01 -9.948645234e-01
    outer loop
      vertex 3.246923909e-03 -6.477189064e-02 4.887352511e-02
      vertex -3.629377484e-02 -6.315019727e-02 4.868119583e-02
      vertex 3.247243818e-03 -6.315830350e-02 4.870936647e-02
    endloop
  endfacet
  facet normal -4.309701326e-04 -1.012126952e-01 -9.948647022e-01
    outer loop
      vertex 3.246923909e-03 -6.477189064e-02 4.887352511e-02
      vertex 3.247243818e-03 -6.315830350e-02 4.870936647e-02
      vertex 3.208357841e-02 -6.476816535e-02 4.886065423e-02
    endloop
  endfacet
  facet normal -9.420405841e-04 -1.102765277e-01 -9.939004779e-01
    outer loop
      vertex 3.208357841e-02 -6.476816535e-02 4.886065423e-02
      vertex 3.247243818e-03 -6.315830350e-02 4.870936647e-02
      vertex 3.208354488e-02 -6.315013766e-02 4.868112877e-02
    endloop
  endfacet
  facet normal -1.356522436e-03 -1.102764904e-01 -9.939000010e-01
    outer loop
      vertex 3.208357841e-02 -6.476816535e-02 4.886065423e-02
      vertex 3.208354488e-02 -6.315013766e-02 4.868112877e-02
      vertex 3.335137293e-02 -6.314098835e-02 4.867838323e-02
    endloop
  endfacet
  facet normal -9.710944891e-01 -1.578285992e-01 1.790688932e-01
    outer loop
      vertex 5.248278752e-02 4.521159455e-02 4.752967507e-02
      vertex 5.223469436e-02 4.624022171e-02 4.709087685e-02
      vertex 5.241790786e-02 4.501516744e-02 4.700470343e-02
    endloop
  endfacet
  facet normal -9.710402489e-01 1.574013531e-01 1.797376573e-01
    outer loop
      vertex 5.248270184e-02 -4.504558817e-02 4.753071070e-02
      vertex 5.241735280e-02 -4.484811798e-02 4.700472951e-02
      vertex 5.223484337e-02 -4.607236758e-02 4.709082469e-02
    endloop
  endfacet
  facet normal 9.930862188e-01 4.474287108e-02 1.085257903e-01
    outer loop
      vertex -5.439143628e-02 -4.478171840e-02 4.822136834e-02
      vertex -5.416887626e-02 -4.716945067e-02 4.716920108e-02
      vertex -5.427476764e-02 -4.433057085e-02 4.696777090e-02
    endloop
  endfacet
  facet normal 9.930789471e-01 -4.470221698e-02 1.086090356e-01
    outer loop
      vertex -5.439143255e-02 4.495095834e-02 4.822205752e-02
      vertex -5.427480862e-02 4.449399933e-02 4.696761444e-02
      vertex -5.416899174e-02 4.733439907e-02 4.716914147e-02
    endloop
  endfacet
  facet normal -9.584782720e-01 -1.742879003e-01 2.257059216e-01
    outer loop
      vertex 5.309432745e-02 4.855137691e-02 4.597181082e-02
      vertex 5.383050814e-02 4.591475055e-02 4.706208408e-02
      vertex 5.357353762e-02 4.747537896e-02 4.717594013e-02
    endloop
  endfacet
  facet normal -7.651540041e-01 -5.825728178e-01 2.741317749e-01
    outer loop
      vertex 4.799180478e-02 5.714964494e-02 4.294496030e-02
      vertex 4.973014444e-02 5.515065417e-02 4.354882985e-02
      vertex 5.011738092e-02 5.592199787e-02 4.626890644e-02
    endloop
  endfacet
  facet normal -8.184240460e-01 -5.116158128e-01 2.615938485e-01
    outer loop
      vertex 5.011738092e-02 5.592199787e-02 4.626890644e-02
      vertex 4.973014444e-02 5.515065417e-02 4.354882985e-02
      vertex 5.013548210e-02 5.459519848e-02 4.373063147e-02
    endloop
  endfacet
  facet normal -8.759795427e-01 -4.300075471e-01 2.185253799e-01
    outer loop
      vertex 5.011738092e-02 5.592199787e-02 4.626890644e-02
      vertex 5.013548210e-02 5.459519848e-02 4.373063147e-02
      vertex 5.249293149e-02 5.154469237e-02 4.717799649e-02
    endloop
  endfacet
  facet normal -8.748633862e-01 -4.347423613e-01 2.135723531e-01
    outer loop
      vertex 5.249293149e-02 5.154469237e-02 4.717799649e-02
      vertex 5.013548210e-02 5.459519848e-02 4.373063147e-02
      vertex 5.188787729e-02 5.159057304e-02 4.479288682e-02
    endloop
  endfacet
  facet normal -9.317215681e-01 -2.802656591e-01 2.309676856e-01
    outer loop
      vertex 5.249293149e-02 5.154469237e-02 4.717799649e-02
      vertex 5.188787729e-02 5.159057304e-02 4.479288682e-02
      vertex 5.309432745e-02 4.855137691e-02 4.597181082e-02
    endloop
  endfacet
  facet normal -5.265089869e-01 -8.039097190e-01 2.766179442e-01
    outer loop
      vertex 4.585792497e-02 5.899974331e-02 4.248939455e-02
      vertex 4.668322951e-02 5.955715105e-02 4.568020627e-02
      vertex 4.303379729e-02 6.075714156e-02 4.222137481e-02
    endloop
  endfacet
  facet normal -5.093939900e-01 -8.228074312e-01 2.520034909e-01
    outer loop
      vertex 4.303379729e-02 6.075714156e-02 4.222137481e-02
      vertex 4.668322951e-02 5.955715105e-02 4.568020627e-02
      vertex 4.229239002e-02 6.221066043e-02 4.546854272e-02
    endloop
  endfacet
  facet normal -4.138042331e-01 -8.624150753e-01 2.915584147e-01
    outer loop
      vertex 4.303379729e-02 6.075714156e-02 4.222137481e-02
      vertex 4.229239002e-02 6.221066043e-02 4.546854272e-02
      vertex 4.189706221e-02 6.129388139e-02 4.219567403e-02
    endloop
  endfacet
  facet normal -2.611750364e-01 -9.101959467e-01 3.214513659e-01
    outer loop
      vertex 3.756352514e-02 6.362482905e-02 4.563063756e-02
      vertex 3.655732423e-02 6.282080710e-02 4.253650829e-02
      vertex 4.229239002e-02 6.221066043e-02 4.546854272e-02
    endloop
  endfacet
  facet normal -2.048624307e-01 -9.578489065e-01 2.013873905e-01
    outer loop
      vertex 4.229239002e-02 6.221066043e-02 4.546854272e-02
      vertex 3.655732423e-02 6.282080710e-02 4.253650829e-02
      vertex 3.984990343e-02 6.205543503e-02 4.224561900e-02
    endloop
  endfacet
  facet normal -3.272861242e-01 -8.988952041e-01 2.913265824e-01
    outer loop
      vertex 4.229239002e-02 6.221066043e-02 4.546854272e-02
      vertex 3.984990343e-02 6.205543503e-02 4.224561900e-02
      vertex 4.189706221e-02 6.129388139e-02 4.219567403e-02
    endloop
  endfacet
  facet normal -5.034986138e-02 -9.573691487e-01 2.844454944e-01
    outer loop
      vertex 3.208108619e-02 6.324534118e-02 4.317303747e-02
      vertex 3.655732423e-02 6.282080710e-02 4.253650829e-02
      vertex 3.208357841e-02 6.493508816e-02 4.886072502e-02
    endloop
  endfacet
  facet normal -6.921362877e-02 -9.598267674e-01 2.719228864e-01
    outer loop
      vertex 3.208357841e-02 6.493508816e-02 4.886072502e-02
      vertex 3.655732423e-02 6.282080710e-02 4.253650829e-02
      vertex 3.756352514e-02 6.362482905e-02 4.563063756e-02
    endloop
  endfacet
  facet normal -2.955847792e-02 -9.427239895e-01 3.322615325e-01
    outer loop
      vertex 3.208357841e-02 6.493508816e-02 4.886072502e-02
      vertex 3.756352514e-02 6.362482905e-02 4.563063756e-02
      vertex 3.568511829e-02 6.481635571e-02 4.884424433e-02
    endloop
  endfacet
  facet normal -1.428564042e-01 -9.523186684e-01 2.695944607e-01
    outer loop
      vertex 3.568511829e-02 6.481635571e-02 4.884424433e-02
      vertex 3.756352514e-02 6.362482905e-02 4.563063756e-02
      vertex 3.903510049e-02 6.429603696e-02 4.878139868e-02
    endloop
  endfacet
  facet normal -6.504712701e-01 -7.116044164e-01 2.655300498e-01
    outer loop
      vertex 4.810939729e-02 5.919944867e-02 4.821528122e-02
      vertex 4.699302092e-02 6.026164815e-02 4.832711443e-02
      vertex 4.668322951e-02 5.955715105e-02 4.568020627e-02
    endloop
  endfacet
  facet normal -5.838302970e-01 -7.649788857e-01 2.719365358e-01
    outer loop
      vertex 4.668322951e-02 5.955715105e-02 4.568020627e-02
      vertex 4.699302092e-02 6.026164815e-02 4.832711443e-02
      vertex 4.573481530e-02 6.126032397e-02 4.843518138e-02
    endloop
  endfacet
  facet normal -5.007250309e-01 -8.027289510e-01 3.238836825e-01
    outer loop
      vertex 4.668322951e-02 5.955715105e-02 4.568020627e-02
      vertex 4.573481530e-02 6.126032397e-02 4.843518138e-02
      vertex 4.229239002e-02 6.221066043e-02 4.546854272e-02
    endloop
  endfacet
  facet normal -4.806896746e-01 -8.264824748e-01 2.930258512e-01
    outer loop
      vertex 4.229239002e-02 6.221066043e-02 4.546854272e-02
      vertex 4.573481530e-02 6.126032397e-02 4.843518138e-02
      vertex 4.321216047e-02 6.278809905e-02 4.860602692e-02
    endloop
  endfacet
  facet normal -2.695215046e-01 -9.299343824e-01 2.501604557e-01
    outer loop
      vertex 4.229239002e-02 6.221066043e-02 4.546854272e-02
      vertex 4.321216047e-02 6.278809905e-02 4.860602692e-02
      vertex 3.756352514e-02 6.362482905e-02 4.563063756e-02
    endloop
  endfacet
  facet normal -3.272685409e-01 -8.661508560e-01 3.777274191e-01
    outer loop
      vertex 3.756352514e-02 6.362482905e-02 4.563063756e-02
      vertex 4.321216047e-02 6.278809905e-02 4.860602692e-02
      vertex 4.023315758e-02 6.397354603e-02 4.874327406e-02
    endloop
  endfacet
  facet normal -2.381953895e-01 -9.212512374e-01 3.075046241e-01
    outer loop
      vertex 3.756352514e-02 6.362482905e-02 4.563063756e-02
      vertex 4.023315758e-02 6.397354603e-02 4.874327406e-02
      vertex 3.903510049e-02 6.429603696e-02 4.878139868e-02
    endloop
  endfacet
  facet normal -7.282702923e-01 -6.198026538e-01 2.923474908e-01
    outer loop
      vertex 5.000819638e-02 5.685725436e-02 4.797974229e-02
      vertex 4.810939729e-02 5.919944867e-02 4.821528122e-02
      vertex 5.011738092e-02 5.592199787e-02 4.626890644e-02
    endloop
  endfacet
  facet normal -7.149965167e-01 -6.245929599e-01 3.141077161e-01
    outer loop
      vertex 5.011738092e-02 5.592199787e-02 4.626890644e-02
      vertex 4.810939729e-02 5.919944867e-02 4.821528122e-02
      vertex 4.668322951e-02 5.955715105e-02 4.568020627e-02
    endloop
  endfacet
  facet normal -7.262562513e-01 -6.497503519e-01 2.244467288e-01
    outer loop
      vertex 5.011738092e-02 5.592199787e-02 4.626890644e-02
      vertex 4.668322951e-02 5.955715105e-02 4.568020627e-02
      vertex 4.799180478e-02 5.714964494e-02 4.294496030e-02
    endloop
  endfacet
  facet normal -6.613764167e-01 -6.909773350e-01 2.917731106e-01
    outer loop
      vertex 4.799180478e-02 5.714964494e-02 4.294496030e-02
      vertex 4.668322951e-02 5.955715105e-02 4.568020627e-02
      vertex 4.585792497e-02 5.899974331e-02 4.248939455e-02
    endloop
  endfacet
  facet normal -9.550464749e-01 -2.536900938e-01 1.533871442e-01
    outer loop
      vertex 5.309432745e-02 4.855137691e-02 4.597181082e-02
      vertex 5.357353762e-02 4.747537896e-02 4.717594013e-02
      vertex 5.249293149e-02 5.154469237e-02 4.717799649e-02
    endloop
  endfacet
  facet normal -9.406141043e-01 -2.498961687e-01 2.297760397e-01
    outer loop
      vertex 5.249293149e-02 5.154469237e-02 4.717799649e-02
      vertex 5.357353762e-02 4.747537896e-02 4.717594013e-02
      vertex 5.258271471e-02 5.149788782e-02 4.749463126e-02
    endloop
  endfacet
  facet normal -8.793825507e-01 -4.389267862e-01 1.844712943e-01
    outer loop
      vertex 5.249293149e-02 5.154469237e-02 4.717799649e-02
      vertex 5.258271471e-02 5.149788782e-02 4.749463126e-02
      vertex 5.011738092e-02 5.592199787e-02 4.626890644e-02
    endloop
  endfacet
  facet normal -8.439002633e-01 -3.600730896e-01 3.977180719e-01
    outer loop
      vertex 5.011738092e-02 5.592199787e-02 4.626890644e-02
      vertex 5.258271471e-02 5.149788782e-02 4.749463126e-02
      vertex 5.163810775e-02 5.394669995e-02 4.770733789e-02
    endloop
  endfacet
  facet normal -8.433009386e-01 -4.924049377e-01 2.153622806e-01
    outer loop
      vertex 5.011738092e-02 5.592199787e-02 4.626890644e-02
      vertex 5.163810775e-02 5.394669995e-02 4.770733789e-02
      vertex 5.000819638e-02 5.685725436e-02 4.797974229e-02
    endloop
  endfacet
  facet normal 9.888429046e-01 -1.286978722e-01 7.501073927e-02
    outer loop
      vertex -5.539929494e-02 4.895674810e-02 4.636641964e-02
      vertex -5.526803061e-02 5.057820305e-02 4.741797596e-02
      vertex -5.570008233e-02 4.710076377e-02 4.714724422e-02
    endloop
  endfacet
  facet normal 5.590555668e-01 -7.777292728e-01 2.873917818e-01
    outer loop
      vertex -4.662530497e-02 6.081097946e-02 4.251761362e-02
      vertex -4.741114378e-02 6.140088663e-02 4.564267024e-02
      vertex -4.937716573e-02 6.003997847e-02 4.578427970e-02
    endloop
  endfacet
  facet normal 1.975700632e-02 -9.455741048e-01 3.248065412e-01
    outer loop
      vertex -4.058237001e-02 6.379018724e-02 4.578841478e-02
      vertex -3.629323468e-02 6.493520737e-02 4.886089265e-02
      vertex -3.867425025e-02 6.488271058e-02 4.885289446e-02
    endloop
  endfacet
  facet normal 5.949570984e-02 -9.568919539e-01 2.842850685e-01
    outer loop
      vertex -4.065024853e-02 6.282038987e-02 4.265434667e-02
      vertex -3.629123792e-02 6.324546039e-02 4.317285493e-02
      vertex -3.629323468e-02 6.493520737e-02 4.886089265e-02
    endloop
  endfacet
  facet normal 4.392362386e-02 -9.546555281e-01 2.944546640e-01
    outer loop
      vertex -3.629323468e-02 6.493520737e-02 4.886089265e-02
      vertex -4.058237001e-02 6.379018724e-02 4.578841478e-02
      vertex -4.065024853e-02 6.282038987e-02 4.265434667e-02
    endloop
  endfacet
  facet normal 2.470255196e-01 -9.272012115e-01 2.815604508e-01
    outer loop
      vertex -4.065024853e-02 6.282038987e-02 4.265434667e-02
      vertex -4.058237001e-02 6.379018724e-02 4.578841478e-02
      vertex -4.527729750e-02 6.248114631e-02 4.559671879e-02
    endloop
  endfacet
  facet normal 2.187362611e-01 -9.471187592e-01 2.347775847e-01
    outer loop
      vertex -4.065024853e-02 6.282038987e-02 4.265434667e-02
      vertex -4.527729750e-02 6.248114631e-02 4.559671879e-02
      vertex -4.371537641e-02 6.206513569e-02 4.246328399e-02
    endloop
  endfacet
  facet normal 5.443863273e-01 -7.937679291e-01 2.712488770e-01
    outer loop
      vertex -4.662530497e-02 6.081097946e-02 4.251761362e-02
      vertex -4.937716573e-02 6.003997847e-02 4.578427970e-02
      vertex -4.902169481e-02 5.926379189e-02 4.279947281e-02
    endloop
  endfacet
  facet normal 6.717590094e-01 -6.935122609e-01 2.603470683e-01
    outer loop
      vertex -4.902169481e-02 5.926379189e-02 4.279947281e-02
      vertex -4.937716573e-02 6.003997847e-02 4.578427970e-02
      vertex -5.113139376e-02 5.842767283e-02 4.601575807e-02
    endloop
  endfacet
  facet normal 6.882245541e-01 -6.704797745e-01 2.771351337e-01
    outer loop
      vertex -4.902169481e-02 5.926379189e-02 4.279947281e-02
      vertex -5.113139376e-02 5.842767283e-02 4.601575807e-02
      vertex -5.139750987e-02 5.706701800e-02 4.338475317e-02
    endloop
  endfacet
  facet normal 7.718619108e-01 -5.932245851e-01 2.287221253e-01
    outer loop
      vertex -5.139750987e-02 5.706701800e-02 4.338475317e-02
      vertex -5.113139376e-02 5.842767283e-02 4.601575807e-02
      vertex -5.262992159e-02 5.659925565e-02 4.633052647e-02
    endloop
  endfacet
  facet normal 8.140068650e-01 -5.204573274e-01 2.579089403e-01
    outer loop
      vertex -5.139750987e-02 5.706701800e-02 4.338475317e-02
      vertex -5.262992159e-02 5.659925565e-02 4.633052647e-02
      vertex -5.322359875e-02 5.460925028e-02 4.418846965e-02
    endloop
  endfacet
  facet normal 8.897722363e-01 -4.300305247e-01 1.529023945e-01
    outer loop
      vertex -5.322359875e-02 5.460925028e-02 4.418846965e-02
      vertex -5.262992159e-02 5.659925565e-02 4.633052647e-02
      vertex -5.468515307e-02 5.263247713e-02 4.713399336e-02
    endloop
  endfacet
  facet normal 9.038542509e-01 -3.824182451e-01 1.918429583e-01
    outer loop
      vertex -5.322359875e-02 5.460925028e-02 4.418846965e-02
      vertex -5.468515307e-02 5.263247713e-02 4.713399336e-02
      vertex -5.443500727e-02 5.219162628e-02 4.507666081e-02
    endloop
  endfacet
  facet normal 9.580909014e-01 -2.063941061e-01 1.986537427e-01
    outer loop
      vertex -5.539929494e-02 4.895674810e-02 4.636641964e-02
      vertex -5.443500727e-02 5.219162628e-02 4.507666081e-02
      vertex -5.526803061e-02 5.057820305e-02 4.741797596e-02
    endloop
  endfacet
  facet normal 9.540743232e-01 -2.473447770e-01 1.690051705e-01
    outer loop
      vertex -5.526803061e-02 5.057820305e-02 4.741797596e-02
      vertex -5.443500727e-02 5.219162628e-02 4.507666081e-02
      vertex -5.468515307e-02 5.263247713e-02 4.713399336e-02
    endloop
  endfacet
  facet normal 9.624680281e-01 -2.649815083e-01 5.865278840e-02
    outer loop
      vertex -5.526803061e-02 5.057820305e-02 4.741797596e-02
      vertex -5.468515307e-02 5.263247713e-02 4.713399336e-02
      vertex -5.442678928e-02 5.369267985e-02 4.768413305e-02
    endloop
  endfacet
  facet normal 8.641192913e-01 -3.811347485e-01 3.286855519e-01
    outer loop
      vertex -5.442678928e-02 5.369267985e-02 4.768413305e-02
      vertex -5.468515307e-02 5.263247713e-02 4.713399336e-02
      vertex -5.262992159e-02 5.659925565e-02 4.633052647e-02
    endloop
  endfacet
  facet normal 8.712686300e-01 -4.216006398e-01 2.512843907e-01
    outer loop
      vertex -5.442678928e-02 5.369267985e-02 4.768413305e-02
      vertex -5.262992159e-02 5.659925565e-02 4.633052647e-02
      vertex -5.314951390e-02 5.648670718e-02 4.794325680e-02
    endloop
  endfacet
  facet normal 7.972887754e-01 -5.630180836e-01 2.175802737e-01
    outer loop
      vertex -5.314951390e-02 5.648670718e-02 4.794325680e-02
      vertex -5.262992159e-02 5.659925565e-02 4.633052647e-02
      vertex -5.165739357e-02 5.868406221e-02 4.816156626e-02
    endloop
  endfacet
  facet normal 7.685056329e-01 -5.853773952e-01 2.583261430e-01
    outer loop
      vertex -5.165739357e-02 5.868406221e-02 4.816156626e-02
      vertex -5.262992159e-02 5.659925565e-02 4.633052647e-02
      vertex -5.113139376e-02 5.842767283e-02 4.601575807e-02
    endloop
  endfacet
  facet normal 6.832375526e-01 -6.862559915e-01 2.494778335e-01
    outer loop
      vertex -5.165739357e-02 5.868406221e-02 4.816156626e-02
      vertex -5.113139376e-02 5.842767283e-02 4.601575807e-02
      vertex -4.957421124e-02 6.084076688e-02 4.838901386e-02
    endloop
  endfacet
  facet normal 6.713742614e-01 -6.926091909e-01 2.637216151e-01
    outer loop
      vertex -4.957421124e-02 6.084076688e-02 4.838901386e-02
      vertex -5.113139376e-02 5.842767283e-02 4.601575807e-02
      vertex -4.937716573e-02 6.003997847e-02 4.578427970e-02
    endloop
  endfacet
  facet normal 5.457887650e-01 -7.884405255e-01 2.836831808e-01
    outer loop
      vertex -4.957421124e-02 6.084076688e-02 4.838901386e-02
      vertex -4.937716573e-02 6.003997847e-02 4.578427970e-02
      vertex -4.734216258e-02 6.245009229e-02 4.856748879e-02
    endloop
  endfacet
  facet normal 5.613491535e-01 -7.830942273e-01 2.676762044e-01
    outer loop
      vertex -4.734216258e-02 6.245009229e-02 4.856748879e-02
      vertex -4.937716573e-02 6.003997847e-02 4.578427970e-02
      vertex -4.741114378e-02 6.140088663e-02 4.564267024e-02
    endloop
  endfacet
  facet normal 3.966871202e-01 -8.669755459e-01 3.016500473e-01
    outer loop
      vertex -4.734216258e-02 6.245009229e-02 4.856748879e-02
      vertex -4.741114378e-02 6.140088663e-02 4.564267024e-02
      vertex -4.461719096e-02 6.374894083e-02 4.871701822e-02
    endloop
  endfacet
  facet normal 1.170964539e-01 -9.562730193e-01 2.680117488e-01
    outer loop
      vertex -3.867425025e-02 6.488271058e-02 4.885289446e-02
      vertex -4.226334020e-02 6.442762911e-02 4.879725352e-02
      vertex -4.058237001e-02 6.379018724e-02 4.578841478e-02
    endloop
  endfacet
  facet normal 2.507751584e-01 -9.090790749e-01 3.326966763e-01
    outer loop
      vertex -4.058237001e-02 6.379018724e-02 4.578841478e-02
      vertex -4.226334020e-02 6.442762911e-02 4.879725352e-02
      vertex -4.461719096e-02 6.374894083e-02 4.871701822e-02
    endloop
  endfacet
  facet normal 2.422046065e-01 -9.156564474e-01 3.207961321e-01
    outer loop
      vertex -4.058237001e-02 6.379018724e-02 4.578841478e-02
      vertex -4.461719096e-02 6.374894083e-02 4.871701822e-02
      vertex -4.527729750e-02 6.248114631e-02 4.559671879e-02
    endloop
  endfacet
  facet normal 4.409797788e-01 -8.601729870e-01 2.562016249e-01
    outer loop
      vertex -4.527729750e-02 6.248114631e-02 4.559671879e-02
      vertex -4.461719096e-02 6.374894083e-02 4.871701822e-02
      vertex -4.741114378e-02 6.140088663e-02 4.564267024e-02
    endloop
  endfacet
  facet normal 4.324195683e-01 -8.402479887e-01 3.271034360e-01
    outer loop
      vertex -4.527729750e-02 6.248114631e-02 4.559671879e-02
      vertex -4.741114378e-02 6.140088663e-02 4.564267024e-02
      vertex -4.371537641e-02 6.206513569e-02 4.246328399e-02
    endloop
  endfacet
  facet normal 3.859156966e-01 -8.839799762e-01 2.639099956e-01
    outer loop
      vertex -4.371537641e-02 6.206513569e-02 4.246328399e-02
      vertex -4.741114378e-02 6.140088663e-02 4.564267024e-02
      vertex -4.662530497e-02 6.081097946e-02 4.251761362e-02
    endloop
  endfacet
  facet normal -7.280294813e-05 -9.585957527e-01 2.847702801e-01
    outer loop
      vertex -3.629323468e-02 6.493520737e-02 4.886089265e-02
      vertex -3.629123792e-02 6.324546039e-02 4.317285493e-02
      vertex -3.201807290e-02 6.324535608e-02 4.317359626e-02
    endloop
  endfacet
  facet normal -8.015169442e-06 -9.585824609e-01 2.848150432e-01
    outer loop
      vertex -3.629323468e-02 6.493520737e-02 4.886089265e-02
      vertex -3.201807290e-02 6.324535608e-02 4.317359626e-02
      vertex -7.457466796e-03 6.493891776e-02 4.887419194e-02
    endloop
  endfacet
  facet normal 2.259689836e-06 -9.585945606e-01 2.847743630e-01
    outer loop
      vertex -7.457466796e-03 6.493891776e-02 4.887419194e-02
      vertex -3.201807290e-02 6.324535608e-02 4.317359626e-02
      vertex 3.208108619e-02 6.324534118e-02 4.317303747e-02
    endloop
  endfacet
  facet normal 4.152083420e-06 -9.585909843e-01 2.847864330e-01
    outer loop
      vertex -7.457466796e-03 6.493891776e-02 4.887419194e-02
      vertex 3.208108619e-02 6.324534118e-02 4.317303747e-02
      vertex 3.208357841e-02 6.493508816e-02 4.886072502e-02
    endloop
  endfacet
  facet normal 9.950464964e-01 -9.908654029e-04 9.940563887e-02
    outer loop
      vertex -5.485331267e-02 3.928568587e-02 3.737420589e-02
      vertex -5.501254275e-02 4.056281969e-02 3.898082301e-02
      vertex -5.576970056e-02 3.743120655e-02 4.652872682e-02
    endloop
  endfacet
  facet normal 9.950938225e-01 -2.193223219e-03 9.891153127e-02
    outer loop
      vertex -5.501254275e-02 4.056281969e-02 3.898082301e-02
      vertex -5.531804264e-02 4.245662317e-02 4.209627956e-02
      vertex -5.576970056e-02 3.743120655e-02 4.652872682e-02
    endloop
  endfacet
  facet normal 9.953159690e-01 -4.268872086e-03 9.658084065e-02
    outer loop
      vertex -5.576970056e-02 3.743120655e-02 4.652872682e-02
      vertex -5.531804264e-02 4.245662317e-02 4.209627956e-02
      vertex -5.574955419e-02 4.443418607e-02 4.663063958e-02
    endloop
  endfacet
  facet normal 9.954637885e-01 -4.246962257e-03 9.504605830e-02
    outer loop
      vertex -5.576970056e-02 3.743120655e-02 4.652872682e-02
      vertex -5.574955419e-02 4.443418607e-02 4.663063958e-02
      vertex -5.578106642e-02 4.456047341e-02 4.696632549e-02
    endloop
  endfacet
  facet normal 9.949490428e-01 5.523566622e-03 1.002294570e-01
    outer loop
      vertex -5.417061597e-02 2.143570594e-02 3.125764430e-02
      vertex -5.418352410e-02 2.279937081e-02 3.131062910e-02
      vertex -5.562509224e-02 1.921787672e-02 4.581803456e-02
    endloop
  endfacet
  facet normal 9.949553013e-01 5.313519388e-03 1.001782343e-01
    outer loop
      vertex -5.562509224e-02 1.921787672e-02 4.581803456e-02
      vertex -5.418352410e-02 2.279937081e-02 3.131062910e-02
      vertex -5.426714942e-02 2.838879637e-02 3.184471652e-02
    endloop
  endfacet
  facet normal 9.950182438e-01 4.415440373e-03 9.959492832e-02
    outer loop
      vertex -5.426714942e-02 2.838879637e-02 3.184471652e-02
      vertex -5.436656997e-02 3.196329996e-02 3.267952055e-02
      vertex -5.562509224e-02 1.921787672e-02 4.581803456e-02
    endloop
  endfacet
  facet normal 9.950860739e-01 3.736717161e-03 9.894300252e-02
    outer loop
      vertex -5.562509224e-02 1.921787672e-02 4.581803456e-02
      vertex -5.436656997e-02 3.196329996e-02 3.267952055e-02
      vertex -5.448577553e-02 3.469141945e-02 3.377535939e-02
    endloop
  endfacet
  facet normal 9.950484037e-01 4.025254864e-03 9.931017458e-02
    outer loop
      vertex -5.562509224e-02 1.921787672e-02 4.581803456e-02
      vertex -5.448577553e-02 3.469141945e-02 3.377535939e-02
      vertex -5.576970056e-02 3.743120655e-02 4.652872682e-02
    endloop
  endfacet
  facet normal 9.950162172e-01 2.253627637e-03 9.968753904e-02
    outer loop
      vertex -5.576970056e-02 3.743120655e-02 4.652872682e-02
      vertex -5.448577553e-02 3.469141945e-02 3.377535939e-02
      vertex -5.464718491e-02 3.713254258e-02 3.533125669e-02
    endloop
  endfacet
  facet normal 9.950142503e-01 6.294956547e-04 9.973066300e-02
    outer loop
      vertex -5.576970056e-02 3.743120655e-02 4.652872682e-02
      vertex -5.464718491e-02 3.713254258e-02 3.533125669e-02
      vertex -5.485331267e-02 3.928568587e-02 3.737420589e-02
    endloop
  endfacet
  facet normal 9.950501919e-01 3.843462327e-03 9.929898381e-02
    outer loop
      vertex -5.562509224e-02 1.921787672e-02 4.581803456e-02
      vertex -5.552855507e-02 8.296725719e-05 4.559129477e-02
      vertex -5.486916006e-02 8.299705951e-05 3.898366168e-02
    endloop
  endfacet
  facet normal 9.949390888e-01 5.997723900e-03 1.003006920e-01
    outer loop
      vertex -5.417061597e-02 2.143570594e-02 3.125764430e-02
      vertex -5.562509224e-02 1.921787672e-02 4.581803456e-02
      vertex -5.415087938e-02 1.929962449e-02 3.118959814e-02
    endloop
  endfacet
  facet normal 9.949523211e-01 3.486353438e-03 1.002879962e-01
    outer loop
      vertex -5.415087938e-02 1.929962449e-02 3.118959814e-02
      vertex -5.562509224e-02 1.921787672e-02 4.581803456e-02
      vertex -5.486916006e-02 8.299705951e-05 3.898366168e-02
    endloop
  endfacet
  facet normal 9.948549867e-01 3.874132177e-03 1.012351066e-01
    outer loop
      vertex -5.415087938e-02 1.929962449e-02 3.118959814e-02
      vertex -5.486916006e-02 8.299705951e-05 3.898366168e-02
      vertex -5.404676124e-02 8.302686183e-05 3.090180457e-02
    endloop
  endfacet
  facet normal 9.950506687e-01 -3.717842977e-03 9.929899871e-02
    outer loop
      vertex -5.486916006e-02 8.299705951e-05 3.898366168e-02
      vertex -5.552855507e-02 8.296725719e-05 4.559129477e-02
      vertex -5.561549589e-02 -1.787713356e-02 4.579006508e-02
    endloop
  endfacet
  facet normal 9.948580265e-01 -2.975996351e-03 1.012353972e-01
    outer loop
      vertex -5.486916006e-02 8.299705951e-05 3.898366168e-02
      vertex -5.561549589e-02 -1.787713356e-02 4.579006508e-02
      vertex -5.404676124e-02 8.302686183e-05 3.090180457e-02
    endloop
  endfacet
  facet normal 9.949550033e-01 -5.415883381e-03 1.001757160e-01
    outer loop
      vertex -5.424123630e-02 -2.690470405e-02 3.165271878e-02
      vertex -5.417312682e-02 -2.152908035e-02 3.126687557e-02
      vertex -5.561549589e-02 -1.787713356e-02 4.579006508e-02
    endloop
  endfacet
  facet normal 9.949338436e-01 -6.102172192e-03 1.003461853e-01
    outer loop
      vertex -5.561549589e-02 -1.787713356e-02 4.579006508e-02
      vertex -5.417312682e-02 -2.152908035e-02 3.126687557e-02
      vertex -5.415730551e-02 -1.986268349e-02 3.121134266e-02
    endloop
  endfacet
  facet normal 9.949736595e-01 -3.961587325e-03 1.000586301e-01
    outer loop
      vertex -5.561549589e-02 -1.787713356e-02 4.579006508e-02
      vertex -5.415730551e-02 -1.986268349e-02 3.121134266e-02
      vertex -5.404676124e-02 8.302686183e-05 3.090180457e-02
    endloop
  endfacet
  facet normal 9.950200915e-01 -4.362757318e-03 9.957922250e-02
    outer loop
      vertex -5.576295033e-02 -3.608647361e-02 4.646568000e-02
      vertex -5.445316061e-02 -3.389996663e-02 3.347373381e-02
      vertex -5.561549589e-02 -1.787713356e-02 4.579006508e-02
    endloop
  endfacet
  facet normal 9.950333834e-01 -4.262784496e-03 9.945041686e-02
    outer loop
      vertex -5.561549589e-02 -1.787713356e-02 4.579006508e-02
      vertex -5.445316061e-02 -3.389996663e-02 3.347373381e-02
      vertex -5.433318764e-02 -3.084406443e-02 3.240435198e-02
    endloop
  endfacet
  facet normal 9.950343966e-01 -4.252456594e-03 9.944051504e-02
    outer loop
      vertex -5.561549589e-02 -1.787713356e-02 4.579006508e-02
      vertex -5.433318764e-02 -3.084406443e-02 3.240435198e-02
      vertex -5.424123630e-02 -2.690470405e-02 3.165271878e-02
    endloop
  endfacet
  facet normal 9.956995845e-01 3.413949162e-03 9.257775545e-02
    outer loop
      vertex -5.578101426e-02 -4.439729825e-02 4.696643725e-02
      vertex -5.576058477e-02 -4.431334510e-02 4.674361646e-02
      vertex -5.576295033e-02 -3.608647361e-02 4.646568000e-02
    endloop
  endfacet
  facet normal 9.953201413e-01 3.548609093e-03 9.656690061e-02
    outer loop
      vertex -5.576295033e-02 -3.608647361e-02 4.646568000e-02
      vertex -5.576058477e-02 -4.431334510e-02 4.674361646e-02
      vertex -5.531841516e-02 -4.229379073e-02 4.211193696e-02
    endloop
  endfacet
  facet normal 9.951323271e-01 2.162333811e-03 9.852419049e-02
    outer loop
      vertex -5.576295033e-02 -3.608647361e-02 4.646568000e-02
      vertex -5.531841516e-02 -4.229379073e-02 4.211193696e-02
      vertex -5.501254648e-02 -4.039445892e-02 3.898086026e-02
    endloop
  endfacet
  facet normal 9.950797558e-01 1.205107546e-03 9.906986356e-02
    outer loop
      vertex -5.501254648e-02 -4.039445892e-02 3.898086026e-02
      vertex -5.481201783e-02 -3.872767463e-02 3.694643080e-02
      vertex -5.576295033e-02 -3.608647361e-02 4.646568000e-02
    endloop
  endfacet
  facet normal 9.950343966e-01 -4.718474229e-04 9.953062236e-02
    outer loop
      vertex -5.576295033e-02 -3.608647361e-02 4.646568000e-02
      vertex -5.481201783e-02 -3.872767463e-02 3.694643080e-02
      vertex -5.461975932e-02 -3.657609597e-02 3.503457084e-02
    endloop
  endfacet
  facet normal 9.950131178e-01 -3.810334485e-03 9.967149049e-02
    outer loop
      vertex -5.576295033e-02 -3.608647361e-02 4.646568000e-02
      vertex -5.461975932e-02 -3.657609597e-02 3.503457084e-02
      vertex -5.445316061e-02 -3.389996663e-02 3.347373381e-02
    endloop
  endfacet
  facet normal 9.932532907e-01 -2.577336878e-02 1.130647957e-01
    outer loop
      vertex -5.501254275e-02 4.056281969e-02 3.898082301e-02
      vertex -5.519473180e-02 4.399011657e-02 4.136257991e-02
      vertex -5.531804264e-02 4.245662317e-02 4.209627956e-02
    endloop
  endfacet
  facet normal 8.453375697e-01 -7.128687948e-02 5.294549465e-01
    outer loop
      vertex -5.104027689e-02 2.543398552e-02 2.010140941e-02
      vertex -4.992904514e-02 2.607619576e-02 1.841366477e-02
      vertex -5.064092204e-02 3.231568262e-02 2.039035782e-02
    endloop
  endfacet
  facet normal -2.788606333e-03 -8.648141026e-01 5.020844340e-01
    outer loop
      vertex -3.629336506e-02 5.750895664e-02 2.724458650e-02
      vertex -3.748806939e-02 5.589617416e-02 2.446001768e-02
      vertex -3.629136458e-02 5.554438755e-02 2.386073023e-02
    endloop
  endfacet
  facet normal 6.129437312e-02 -9.555183649e-01 2.884921134e-01
    outer loop
      vertex -3.629216179e-02 6.184568629e-02 3.853685409e-02
      vertex -3.629123792e-02 6.324546039e-02 4.317285493e-02
      vertex -4.025490582e-02 6.157984957e-02 3.849831596e-02
    endloop
  endfacet
  facet normal 2.074411958e-01 -9.235078096e-01 3.226475418e-01
    outer loop
      vertex -4.065024853e-02 6.282038987e-02 4.265434667e-02
      vertex -4.371537641e-02 6.206513569e-02 4.246328399e-02
      vertex -4.402022809e-02 6.152996048e-02 4.112746194e-02
    endloop
  endfacet
  facet normal 3.857291341e-01 -8.834602237e-01 2.659155428e-01
    outer loop
      vertex -4.402022809e-02 6.152996048e-02 4.112746194e-02
      vertex -4.371537641e-02 6.206513569e-02 4.246328399e-02
      vertex -4.662530497e-02 6.081097946e-02 4.251761362e-02
    endloop
  endfacet
  facet normal 9.938359261e-01 -2.868049033e-02 1.070865914e-01
    outer loop
      vertex -5.531804264e-02 4.245662317e-02 4.209627956e-02
      vertex -5.519473180e-02 4.399011657e-02 4.136257991e-02
      vertex -5.574955419e-02 4.443418607e-02 4.663063958e-02
    endloop
  endfacet
  facet normal 9.933646917e-01 -3.936435282e-02 1.080604047e-01
    outer loop
      vertex -5.570008233e-02 4.710076377e-02 4.714724422e-02
      vertex -5.578106642e-02 4.456047341e-02 4.696632549e-02
      vertex -5.574955419e-02 4.443418607e-02 4.663063958e-02
    endloop
  endfacet
  facet normal 9.827411771e-01 -9.166943282e-02 1.606751680e-01
    outer loop
      vertex -5.500552803e-02 4.932953045e-02 4.417069629e-02
      vertex -5.539929494e-02 4.895674810e-02 4.636641964e-02
      vertex -5.570008233e-02 4.710076377e-02 4.714724422e-02
    endloop
  endfacet
  facet normal 9.630833864e-01 -2.340692133e-01 1.329737157e-01
    outer loop
      vertex -5.539929494e-02 4.895674810e-02 4.636641964e-02
      vertex -5.500552803e-02 4.932953045e-02 4.417069629e-02
      vertex -5.443500727e-02 5.219162628e-02 4.507666081e-02
    endloop
  endfacet
  facet normal 9.560216665e-01 -2.426983714e-01 1.646817029e-01
    outer loop
      vertex -5.443500727e-02 5.219162628e-02 4.507666081e-02
      vertex -5.500552803e-02 4.932953045e-02 4.417069629e-02
      vertex -5.437168851e-02 5.037094280e-02 4.202586040e-02
    endloop
  endfacet
  facet normal 9.007226229e-01 -3.645363748e-01 2.362455428e-01
    outer loop
      vertex -5.443500727e-02 5.219162628e-02 4.507666081e-02
      vertex -5.437168851e-02 5.037094280e-02 4.202586040e-02
      vertex -5.322359875e-02 5.460925028e-02 4.418846965e-02
    endloop
  endfacet
  facet normal 6.897616386e-01 -6.790218353e-01 2.513130307e-01
    outer loop
      vertex -4.969094694e-02 5.747265741e-02 3.979686275e-02
      vertex -4.902169481e-02 5.926379189e-02 4.279947281e-02
      vertex -5.139750987e-02 5.706701800e-02 4.338475317e-02
    endloop
  endfacet
  facet normal 5.429633856e-01 -7.882018089e-01 2.897045314e-01
    outer loop
      vertex -4.816700891e-02 5.810346827e-02 3.804071993e-02
      vertex -4.662530497e-02 6.081097946e-02 4.251761362e-02
      vertex -4.902169481e-02 5.926379189e-02 4.279947281e-02
    endloop
  endfacet
  facet normal 5.989657715e-02 -8.040226698e-01 5.915741324e-01
    outer loop
      vertex -3.629136458e-02 5.554438755e-02 2.386073023e-02
      vertex -3.748806939e-02 5.589617416e-02 2.446001768e-02
      vertex -3.629123420e-02 5.414010212e-02 2.195211872e-02
    endloop
  endfacet
  facet normal 4.458273202e-02 -8.082130551e-01 5.872001052e-01
    outer loop
      vertex -3.629123420e-02 5.414010212e-02 2.195211872e-02
      vertex -3.748806939e-02 5.589617416e-02 2.446001768e-02
      vertex -3.844060004e-02 5.421621725e-02 2.222007141e-02
    endloop
  endfacet
  facet normal 5.431472510e-02 -7.573016286e-01 6.508027315e-01
    outer loop
      vertex -3.629123420e-02 5.414010212e-02 2.195211872e-02
      vertex -3.844060004e-02 5.421621725e-02 2.222007141e-02
      vertex -3.629115224e-02 5.331129953e-02 2.098768204e-02
    endloop
  endfacet
  facet normal 8.087589592e-02 -7.308630347e-01 6.777155399e-01
    outer loop
      vertex -3.629115224e-02 5.331129953e-02 2.098768204e-02
      vertex -3.844060004e-02 5.421621725e-02 2.222007141e-02
      vertex -3.920531645e-02 5.225385353e-02 2.019507438e-02
    endloop
  endfacet
  facet normal 6.330294162e-02 -7.043804526e-01 7.069942951e-01
    outer loop
      vertex -3.629115224e-02 5.331129953e-02 2.098768204e-02
      vertex -3.920531645e-02 5.225385353e-02 2.019507438e-02
      vertex -3.629204631e-02 5.182154104e-02 1.950351149e-02
    endloop
  endfacet
  facet normal 8.377045393e-02 -5.813774467e-01 8.093100786e-01
    outer loop
      vertex -3.629380837e-02 4.943857715e-02 1.765580662e-02
      vertex -3.629315645e-02 5.067425594e-02 1.854340360e-02
      vertex -3.977579996e-02 4.999726638e-02 1.841756329e-02
    endloop
  endfacet
  facet normal 9.540602565e-02 -4.585582912e-01 8.835281730e-01
    outer loop
      vertex -3.629451245e-02 4.707847163e-02 1.629809104e-02
      vertex -3.629419580e-02 4.781815037e-02 1.668195613e-02
      vertex -4.015339538e-02 4.745243117e-02 1.690887287e-02
    endloop
  endfacet
  facet normal 9.872929752e-02 -5.126163960e-01 8.529226184e-01
    outer loop
      vertex -4.015339538e-02 4.745243117e-02 1.690887287e-02
      vertex -3.629419580e-02 4.781815037e-02 1.668195613e-02
      vertex -3.629380837e-02 4.943857715e-02 1.765580662e-02
    endloop
  endfacet
  facet normal 1.053993180e-01 -2.856409848e-01 9.525230527e-01
    outer loop
      vertex -3.629387170e-02 4.158514366e-02 1.431018766e-02
      vertex -3.629487753e-02 4.422241077e-02 1.510115806e-02
      vertex -4.034670815e-02 4.464906082e-02 1.567744836e-02
    endloop
  endfacet
  facet normal 7.555083930e-02 -1.636565924e-01 9.836201668e-01
    outer loop
      vertex -4.002698883e-02 3.542646393e-02 1.347595546e-02
      vertex -3.639097884e-02 3.580821678e-02 1.326019410e-02
      vertex -3.628835082e-02 4.010128602e-02 1.396660041e-02
    endloop
  endfacet
  facet normal 4.778451100e-02 -9.065598994e-02 9.947351813e-01
    outer loop
      vertex -3.724811599e-02 2.950799279e-02 1.272719260e-02
      vertex -3.639097884e-02 3.580821678e-02 1.326019410e-02
      vertex -3.952136636e-02 2.919600718e-02 1.280796062e-02
    endloop
  endfacet
  facet normal 6.947406381e-02 -1.007702053e-01 9.924811125e-01
    outer loop
      vertex -3.952136636e-02 2.919600718e-02 1.280796062e-02
      vertex -3.639097884e-02 3.580821678e-02 1.326019410e-02
      vertex -4.002698883e-02 3.542646393e-02 1.347595546e-02
    endloop
  endfacet
  facet normal 1.740450114e-01 -9.100193530e-02 9.805238247e-01
    outer loop
      vertex -3.952136636e-02 2.919600718e-02 1.280796062e-02
      vertex -4.002698883e-02 3.542646393e-02 1.347595546e-02
      vertex -4.236351326e-02 2.865853719e-02 1.326256525e-02
    endloop
  endfacet
  facet normal 2.903388739e-01 -1.301262677e-01 9.480350614e-01
    outer loop
      vertex -4.236351326e-02 2.865853719e-02 1.326256525e-02
      vertex -4.002698883e-02 3.542646393e-02 1.347595546e-02
      vertex -4.394694045e-02 3.479551896e-02 1.458985079e-02
    endloop
  endfacet
  facet normal 3.007280827e-01 -1.268406808e-01 9.452375770e-01
    outer loop
      vertex -4.236351326e-02 2.865853719e-02 1.326256525e-02
      vertex -4.394694045e-02 3.479551896e-02 1.458985079e-02
      vertex -4.329310730e-02 2.844202332e-02 1.352926251e-02
    endloop
  endfacet
  facet normal 6.946878433e-01 -9.663037211e-02 7.127912641e-01
    outer loop
      vertex -4.908696935e-02 2.648937516e-02 1.737667620e-02
      vertex -4.692492262e-02 2.736368589e-02 1.538806688e-02
      vertex -4.757045582e-02 3.375364468e-02 1.688346826e-02
    endloop
  endfacet
  facet normal 5.431092381e-01 -1.389257610e-01 8.280893564e-01
    outer loop
      vertex -4.757045582e-02 3.375364468e-02 1.688346826e-02
      vertex -4.692492262e-02 2.736368589e-02 1.538806688e-02
      vertex -4.490774125e-02 2.801194601e-02 1.417383831e-02
    endloop
  endfacet
  facet normal 5.566089153e-01 -1.291649640e-01 8.206722140e-01
    outer loop
      vertex -4.757045582e-02 3.375364468e-02 1.688346826e-02
      vertex -4.490774125e-02 2.801194601e-02 1.417383831e-02
      vertex -4.394694045e-02 3.479551896e-02 1.458985079e-02
    endloop
  endfacet
  facet normal 4.260366261e-01 -1.153716817e-01 8.973194361e-01
    outer loop
      vertex -4.394694045e-02 3.479551896e-02 1.458985079e-02
      vertex -4.490774125e-02 2.801194601e-02 1.417383831e-02
      vertex -4.412087426e-02 2.823051624e-02 1.382834557e-02
    endloop
  endfacet
  facet normal 3.637558222e-01 -1.168324649e-01 9.241384268e-01
    outer loop
      vertex -4.394694045e-02 3.479551896e-02 1.458985079e-02
      vertex -4.412087426e-02 2.823051624e-02 1.382834557e-02
      vertex -4.329310730e-02 2.844202332e-02 1.352926251e-02
    endloop
  endfacet
  facet normal 8.830362558e-01 -7.072396576e-02 4.639450908e-01
    outer loop
      vertex -5.104027689e-02 2.543398552e-02 2.010140941e-02
      vertex -5.064092204e-02 3.231568262e-02 2.039035782e-02
      vertex -5.138114095e-02 2.520647459e-02 2.071550116e-02
    endloop
  endfacet
  facet normal 9.640753865e-01 -5.225988850e-02 2.604371905e-01
    outer loop
      vertex -5.244465917e-02 2.434480004e-02 2.308710292e-02
      vertex -5.425458774e-02 3.461299464e-02 3.184745833e-02
      vertex -5.347095057e-02 2.307927422e-02 2.663224190e-02
    endloop
  endfacet
  facet normal 9.898094535e-01 2.875450766e-03 1.423693150e-01
    outer loop
      vertex -5.347095057e-02 2.307927422e-02 2.663224190e-02
      vertex -5.425458774e-02 3.461299464e-02 3.184745833e-02
      vertex -5.436656997e-02 3.196329996e-02 3.267952055e-02
    endloop
  endfacet
  facet normal 9.868835807e-01 -1.017789450e-02 1.611125916e-01
    outer loop
      vertex -5.436656997e-02 3.196329996e-02 3.267952055e-02
      vertex -5.426714942e-02 2.838879637e-02 3.184471652e-02
      vertex -5.347095057e-02 2.307927422e-02 2.663224190e-02
    endloop
  endfacet
  facet normal 9.885948896e-01 4.005298542e-04 1.505986303e-01
    outer loop
      vertex -5.347095057e-02 2.307927422e-02 2.663224190e-02
      vertex -5.426714942e-02 2.838879637e-02 3.184471652e-02
      vertex -5.418352410e-02 2.279937081e-02 3.131062910e-02
    endloop
  endfacet
  facet normal 9.885613322e-01 3.499018960e-03 1.507788897e-01
    outer loop
      vertex -5.347095057e-02 2.307927422e-02 2.663224190e-02
      vertex -5.418352410e-02 2.279937081e-02 3.131062910e-02
      vertex -5.417061597e-02 2.143570594e-02 3.125764430e-02
    endloop
  endfacet
  facet normal 9.909631014e-01 -2.720291354e-02 1.313475370e-01
    outer loop
      vertex -5.439874157e-02 4.051150009e-02 3.415665776e-02
      vertex -5.464718491e-02 3.713254258e-02 3.533125669e-02
      vertex -5.425458774e-02 3.461299464e-02 3.184745833e-02
    endloop
  endfacet
  facet normal 9.927811623e-01 -1.050840411e-02 1.194786429e-01
    outer loop
      vertex -5.425458774e-02 3.461299464e-02 3.184745833e-02
      vertex -5.464718491e-02 3.713254258e-02 3.533125669e-02
      vertex -5.448577553e-02 3.469141945e-02 3.377535939e-02
    endloop
  endfacet
  facet normal 9.928547740e-01 -4.515211564e-03 1.192436740e-01
    outer loop
      vertex -5.425458774e-02 3.461299464e-02 3.184745833e-02
      vertex -5.448577553e-02 3.469141945e-02 3.377535939e-02
      vertex -5.436656997e-02 3.196329996e-02 3.267952055e-02
    endloop
  endfacet
  facet normal 9.747867584e-01 -1.924391836e-01 1.129512414e-01
    outer loop
      vertex -5.356718600e-02 5.138429627e-02 3.991434351e-02
      vertex -5.519473180e-02 4.399011657e-02 4.136257991e-02
      vertex -5.423288047e-02 4.618440196e-02 3.680013865e-02
    endloop
  endfacet
  facet normal 9.823370576e-01 -6.872840226e-02 1.740411371e-01
    outer loop
      vertex -5.423288047e-02 4.618440196e-02 3.680013865e-02
      vertex -5.519473180e-02 4.399011657e-02 4.136257991e-02
      vertex -5.501254275e-02 4.056281969e-02 3.898082301e-02
    endloop
  endfacet
  facet normal 9.880450368e-01 -8.790417016e-02 1.266487241e-01
    outer loop
      vertex -5.423288047e-02 4.618440196e-02 3.680013865e-02
      vertex -5.501254275e-02 4.056281969e-02 3.898082301e-02
      vertex -5.439874157e-02 4.051150009e-02 3.415665776e-02
    endloop
  endfacet
  facet normal 9.913281202e-01 -3.555077687e-02 1.265095174e-01
    outer loop
      vertex -5.439874157e-02 4.051150009e-02 3.415665776e-02
      vertex -5.501254275e-02 4.056281969e-02 3.898082301e-02
      vertex -5.485331267e-02 3.928568587e-02 3.737420589e-02
    endloop
  endfacet
  facet normal 9.911989570e-01 -2.789442614e-02 1.294081807e-01
    outer loop
      vertex -5.439874157e-02 4.051150009e-02 3.415665776e-02
      vertex -5.485331267e-02 3.928568587e-02 3.737420589e-02
      vertex -5.464718491e-02 3.713254258e-02 3.533125669e-02
    endloop
  endfacet
  facet normal 6.309500933e-01 -7.200327516e-01 2.888855934e-01
    outer loop
      vertex -4.902169481e-02 5.926379189e-02 4.279947281e-02
      vertex -4.969094694e-02 5.747265741e-02 3.979686275e-02
      vertex -4.816700891e-02 5.810346827e-02 3.804071993e-02
    endloop
  endfacet
  facet normal 6.848384142e-01 -6.286730170e-01 3.684652150e-01
    outer loop
      vertex -4.816700891e-02 5.810346827e-02 3.804071993e-02
      vertex -4.969094694e-02 5.747265741e-02 3.979686275e-02
      vertex -5.140317231e-02 5.327802524e-02 3.582239151e-02
    endloop
  endfacet
  facet normal 7.461956143e-01 -6.162320375e-01 2.518931627e-01
    outer loop
      vertex -4.816700891e-02 5.810346827e-02 3.804071993e-02
      vertex -5.140317231e-02 5.327802524e-02 3.582239151e-02
      vertex -5.004441738e-02 5.412497744e-02 3.386927024e-02
    endloop
  endfacet
  facet normal 8.138198256e-01 -4.717759788e-01 3.393003643e-01
    outer loop
      vertex -4.996863380e-02 5.022805557e-02 2.819077671e-02
      vertex -4.931782559e-02 5.266616866e-02 3.001984209e-02
      vertex -5.135364458e-02 4.930567369e-02 3.023024276e-02
    endloop
  endfacet
  facet normal 8.155059218e-01 -4.731763899e-01 3.332479000e-01
    outer loop
      vertex -5.135364458e-02 4.930567369e-02 3.023024276e-02
      vertex -4.931782559e-02 5.266616866e-02 3.001984209e-02
      vertex -5.004441738e-02 5.412497744e-02 3.386927024e-02
    endloop
  endfacet
  facet normal 8.588109612e-01 -4.361838102e-01 2.686771750e-01
    outer loop
      vertex -5.135364458e-02 4.930567369e-02 3.023024276e-02
      vertex -5.004441738e-02 5.412497744e-02 3.386927024e-02
      vertex -5.252872035e-02 4.830637202e-02 3.236398846e-02
    endloop
  endfacet
  facet normal 8.141872883e-01 -4.443125725e-01 3.737450838e-01
    outer loop
      vertex -5.252872035e-02 4.830637202e-02 3.236398846e-02
      vertex -5.004441738e-02 5.412497744e-02 3.386927024e-02
      vertex -5.140317231e-02 5.327802524e-02 3.582239151e-02
    endloop
  endfacet
  facet normal 7.265657783e-01 -5.857711434e-01 3.591299355e-01
    outer loop
      vertex -4.931782559e-02 5.266616866e-02 3.001984209e-02
      vertex -4.851868376e-02 5.487553403e-02 3.200673684e-02
      vertex -5.004441738e-02 5.412497744e-02 3.386927024e-02
    endloop
  endfacet
  facet normal 6.924964190e-01 -6.544538736e-01 3.035437763e-01
    outer loop
      vertex -5.004441738e-02 5.412497744e-02 3.386927024e-02
      vertex -4.851868376e-02 5.487553403e-02 3.200673684e-02
      vertex -4.757982120e-02 5.685528740e-02 3.413327783e-02
    endloop
  endfacet
  facet normal 6.899658442e-01 -6.530143619e-01 3.122808933e-01
    outer loop
      vertex -5.004441738e-02 5.412497744e-02 3.386927024e-02
      vertex -4.757982120e-02 5.685528740e-02 3.413327783e-02
      vertex -4.816700891e-02 5.810346827e-02 3.804071993e-02
    endloop
  endfacet
  facet normal 5.622181296e-01 -7.595443726e-01 3.271133006e-01
    outer loop
      vertex -4.816700891e-02 5.810346827e-02 3.804071993e-02
      vertex -4.757982120e-02 5.685528740e-02 3.413327783e-02
      vertex -4.651024193e-02 5.861352012e-02 3.637751192e-02
    endloop
  endfacet
  facet normal 5.375865698e-01 -7.906513810e-01 2.930375934e-01
    outer loop
      vertex -4.816700891e-02 5.810346827e-02 3.804071993e-02
      vertex -4.651024193e-02 5.861352012e-02 3.637751192e-02
      vertex -4.662530497e-02 6.081097946e-02 4.251761362e-02
    endloop
  endfacet
  facet normal 4.773952365e-01 -8.244267106e-01 3.039973676e-01
    outer loop
      vertex -4.662530497e-02 6.081097946e-02 4.251761362e-02
      vertex -4.651024193e-02 5.861352012e-02 3.637751192e-02
      vertex -4.531984776e-02 6.016520783e-02 3.871623054e-02
    endloop
  endfacet
  facet normal 3.927368224e-01 -8.748655319e-01 2.834927142e-01
    outer loop
      vertex -4.662530497e-02 6.081097946e-02 4.251761362e-02
      vertex -4.531984776e-02 6.016520783e-02 3.871623054e-02
      vertex -4.402022809e-02 6.152996048e-02 4.112746194e-02
    endloop
  endfacet
  facet normal 2.673800886e-01 -7.198618054e-01 6.405520439e-01
    outer loop
      vertex -4.306397587e-02 5.234175548e-02 2.190454677e-02
      vertex -3.920531645e-02 5.225385353e-02 2.019507438e-02
      vertex -4.231928661e-02 5.444135889e-02 2.395326272e-02
    endloop
  endfacet
  facet normal 2.377005666e-01 -7.408653498e-01 6.281855106e-01
    outer loop
      vertex -4.231928661e-02 5.444135889e-02 2.395326272e-02
      vertex -3.920531645e-02 5.225385353e-02 2.019507438e-02
      vertex -3.844060004e-02 5.421621725e-02 2.222007141e-02
    endloop
  endfacet
  facet normal 2.049356103e-01 -8.008854985e-01 5.626578331e-01
    outer loop
      vertex -4.231928661e-02 5.444135889e-02 2.395326272e-02
      vertex -3.844060004e-02 5.421621725e-02 2.222007141e-02
      vertex -4.140167683e-02 5.625475571e-02 2.620022744e-02
    endloop
  endfacet
  facet normal 1.671076268e-01 -8.215488791e-01 5.450986028e-01
    outer loop
      vertex -4.140167683e-02 5.625475571e-02 2.620022744e-02
      vertex -3.844060004e-02 5.421621725e-02 2.222007141e-02
      vertex -3.748806939e-02 5.589617416e-02 2.446001768e-02
    endloop
  endfacet
  facet normal 1.393772662e-01 -8.601189256e-01 4.906826019e-01
    outer loop
      vertex -4.140167683e-02 5.625475571e-02 2.620022744e-02
      vertex -3.748806939e-02 5.589617416e-02 2.446001768e-02
      vertex -4.032124951e-02 5.780236050e-02 2.860613540e-02
    endloop
  endfacet
  facet normal 9.432231635e-02 -8.784969449e-01 4.683443904e-01
    outer loop
      vertex -4.032124951e-02 5.780236050e-02 2.860613540e-02
      vertex -3.748806939e-02 5.589617416e-02 2.446001768e-02
      vertex -3.629336506e-02 5.750895664e-02 2.724458650e-02
    endloop
  endfacet
  facet normal 7.933387905e-02 -8.999878168e-01 4.286350608e-01
    outer loop
      vertex -4.032124951e-02 5.780236050e-02 2.860613540e-02
      vertex -3.629336506e-02 5.750895664e-02 2.724458650e-02
      vertex -3.909321874e-02 5.911147222e-02 3.112753481e-02
    endloop
  endfacet
  facet normal 4.234157875e-02 -9.124075174e-01 4.070869088e-01
    outer loop
      vertex -3.909321874e-02 5.911147222e-02 3.112753481e-02
      vertex -3.629336506e-02 5.750895664e-02 2.724458650e-02
      vertex -3.629483655e-02 5.943439528e-02 3.156024218e-02
    endloop
  endfacet
  facet normal 5.635971949e-02 -9.398489594e-01 3.369086981e-01
    outer loop
      vertex -3.909321874e-02 5.911147222e-02 3.112753481e-02
      vertex -3.629483655e-02 5.943439528e-02 3.156024218e-02
      vertex -3.629406914e-02 6.112235412e-02 3.626888618e-02
    endloop
  endfacet
  facet normal 5.266457200e-01 -6.470240951e-01 5.513656735e-01
    outer loop
      vertex -4.671474174e-02 5.166443810e-02 2.459680662e-02
      vertex -4.306397587e-02 5.234175548e-02 2.190454677e-02
      vertex -4.598886520e-02 5.393536016e-02 2.656838670e-02
    endloop
  endfacet
  facet normal 4.787422121e-01 -6.942269206e-01 5.374522209e-01
    outer loop
      vertex -4.598886520e-02 5.393536016e-02 2.656838670e-02
      vertex -4.306397587e-02 5.234175548e-02 2.190454677e-02
      vertex -4.231928661e-02 5.444135889e-02 2.395326272e-02
    endloop
  endfacet
  facet normal 4.568227828e-01 -7.367837429e-01 4.984602630e-01
    outer loop
      vertex -4.598886520e-02 5.393536016e-02 2.656838670e-02
      vertex -4.231928661e-02 5.444135889e-02 2.395326272e-02
      vertex -4.510776326e-02 5.593721196e-02 2.871986106e-02
    endloop
  endfacet
  facet normal 3.911008239e-01 -7.877006531e-01 4.759914279e-01
    outer loop
      vertex -4.510776326e-02 5.593721196e-02 2.871986106e-02
      vertex -4.231928661e-02 5.444135889e-02 2.395326272e-02
      vertex -4.140167683e-02 5.625475571e-02 2.620022744e-02
    endloop
  endfacet
  facet normal 3.742141724e-01 -8.118904233e-01 4.481045604e-01
    outer loop
      vertex -4.510776326e-02 5.593721196e-02 2.871986106e-02
      vertex -4.140167683e-02 5.625475571e-02 2.620022744e-02
      vertex -4.408205301e-02 5.768037960e-02 3.102161363e-02
    endloop
  endfacet
  facet normal 2.968008220e-01 -8.582210541e-01 4.187671840e-01
    outer loop
      vertex -4.408205301e-02 5.768037960e-02 3.102161363e-02
      vertex -4.140167683e-02 5.625475571e-02 2.620022744e-02
      vertex -4.032124951e-02 5.780236050e-02 2.860613540e-02
    endloop
  endfacet
  facet normal 2.868759930e-01 -8.691868782e-01 4.027608633e-01
    outer loop
      vertex -4.408205301e-02 5.768037960e-02 3.102161363e-02
      vertex -4.032124951e-02 5.780236050e-02 2.860613540e-02
      vertex -4.292276129e-02 5.918381736e-02 3.344040737e-02
    endloop
  endfacet
  facet normal 2.062747478e-01 -9.058933854e-01 3.698755205e-01
    outer loop
      vertex -4.292276129e-02 5.918381736e-02 3.344040737e-02
      vertex -4.032124951e-02 5.780236050e-02 2.860613540e-02
      vertex -3.909321874e-02 5.911147222e-02 3.112753481e-02
    endloop
  endfacet
  facet normal 2.029478252e-01 -9.088354111e-01 3.644589782e-01
    outer loop
      vertex -4.292276129e-02 5.918381736e-02 3.344040737e-02
      vertex -3.909321874e-02 5.911147222e-02 3.112753481e-02
      vertex -4.164215177e-02 6.047327444e-02 3.594276682e-02
    endloop
  endfacet
  facet normal 9.517275542e-02 -9.435611963e-01 3.172293007e-01
    outer loop
      vertex -4.164215177e-02 6.047327444e-02 3.594276682e-02
      vertex -3.909321874e-02 5.911147222e-02 3.112753481e-02
      vertex -3.629406914e-02 6.112235412e-02 3.626888618e-02
    endloop
  endfacet
  facet normal 9.143304825e-02 -9.309622645e-01 3.534815907e-01
    outer loop
      vertex -4.164215177e-02 6.047327444e-02 3.594276682e-02
      vertex -3.629406914e-02 6.112235412e-02 3.626888618e-02
      vertex -4.025490582e-02 6.157984957e-02 3.849831596e-02
    endloop
  endfacet
  facet normal 6.554996967e-02 -9.481394291e-01 3.110222220e-01
    outer loop
      vertex -4.025490582e-02 6.157984957e-02 3.849831596e-02
      vertex -3.629406914e-02 6.112235412e-02 3.626888618e-02
      vertex -3.629402816e-02 6.115743145e-02 3.637580946e-02
    endloop
  endfacet
  facet normal 6.085777283e-02 -9.510920048e-01 3.028535843e-01
    outer loop
      vertex -4.025490582e-02 6.157984957e-02 3.849831596e-02
      vertex -3.629402816e-02 6.115743145e-02 3.637580946e-02
      vertex -3.629216179e-02 6.184568629e-02 3.853685409e-02
    endloop
  endfacet
  facet normal 5.855898559e-02 -9.550386667e-01 2.906405926e-01
    outer loop
      vertex -3.629123792e-02 6.324546039e-02 4.317285493e-02
      vertex -4.065024853e-02 6.282038987e-02 4.265434667e-02
      vertex -4.025490582e-02 6.157984957e-02 3.849831596e-02
    endloop
  endfacet
  facet normal 2.205104977e-01 -9.286889434e-01 2.981810868e-01
    outer loop
      vertex -4.025490582e-02 6.157984957e-02 3.849831596e-02
      vertex -4.065024853e-02 6.282038987e-02 4.265434667e-02
      vertex -4.402022809e-02 6.152996048e-02 4.112746194e-02
    endloop
  endfacet
  facet normal 2.136201113e-01 -9.334312677e-01 2.882230580e-01
    outer loop
      vertex -4.025490582e-02 6.157984957e-02 3.849831596e-02
      vertex -4.402022809e-02 6.152996048e-02 4.112746194e-02
      vertex -4.164215177e-02 6.047327444e-02 3.594276682e-02
    endloop
  endfacet
  facet normal 3.222803175e-01 -8.877276182e-01 3.287476897e-01
    outer loop
      vertex -4.164215177e-02 6.047327444e-02 3.594276682e-02
      vertex -4.402022809e-02 6.152996048e-02 4.112746194e-02
      vertex -4.531984776e-02 6.016520783e-02 3.871623054e-02
    endloop
  endfacet
  facet normal 3.070211411e-01 -9.008061290e-01 3.070608377e-01
    outer loop
      vertex -4.164215177e-02 6.047327444e-02 3.594276682e-02
      vertex -4.531984776e-02 6.016520783e-02 3.871623054e-02
      vertex -4.292276129e-02 5.918381736e-02 3.344040737e-02
    endloop
  endfacet
  facet normal 4.166940749e-01 -8.407407999e-01 3.457179666e-01
    outer loop
      vertex -4.292276129e-02 5.918381736e-02 3.344040737e-02
      vertex -4.531984776e-02 6.016520783e-02 3.871623054e-02
      vertex -4.651024193e-02 5.861352012e-02 3.637751192e-02
    endloop
  endfacet
  facet normal 4.077853858e-01 -8.501886129e-01 3.330021203e-01
    outer loop
      vertex -4.292276129e-02 5.918381736e-02 3.344040737e-02
      vertex -4.651024193e-02 5.861352012e-02 3.637751192e-02
      vertex -4.408205301e-02 5.768037960e-02 3.102161363e-02
    endloop
  endfacet
  facet normal 5.098090768e-01 -7.782120705e-01 3.667160571e-01
    outer loop
      vertex -4.408205301e-02 5.768037960e-02 3.102161363e-02
      vertex -4.651024193e-02 5.861352012e-02 3.637751192e-02
      vertex -4.757982120e-02 5.685528740e-02 3.413327783e-02
    endloop
  endfacet
  facet normal 5.082689524e-01 -7.802886963e-01 3.644341826e-01
    outer loop
      vertex -4.408205301e-02 5.768037960e-02 3.102161363e-02
      vertex -4.757982120e-02 5.685528740e-02 3.413327783e-02
      vertex -4.510776326e-02 5.593721196e-02 2.871986106e-02
    endloop
  endfacet
  facet normal 5.951951146e-01 -7.021128535e-01 3.908713162e-01
    outer loop
      vertex -4.510776326e-02 5.593721196e-02 2.871986106e-02
      vertex -4.757982120e-02 5.685528740e-02 3.413327783e-02
      vertex -4.851868376e-02 5.487553403e-02 3.200673684e-02
    endloop
  endfacet
  facet normal 6.002896428e-01 -6.931074858e-01 3.990668654e-01
    outer loop
      vertex -4.510776326e-02 5.593721196e-02 2.871986106e-02
      vertex -4.851868376e-02 5.487553403e-02 3.200673684e-02
      vertex -4.598886520e-02 5.393536016e-02 2.656838670e-02
    endloop
  endfacet
  facet normal 6.676208973e-01 -6.166456938e-01 4.171695113e-01
    outer loop
      vertex -4.598886520e-02 5.393536016e-02 2.656838670e-02
      vertex -4.851868376e-02 5.487553403e-02 3.200673684e-02
      vertex -4.931782559e-02 5.266616866e-02 3.001984209e-02
    endloop
  endfacet
  facet normal 6.770782471e-01 -5.938107371e-01 4.346882403e-01
    outer loop
      vertex -4.598886520e-02 5.393536016e-02 2.656838670e-02
      vertex -4.931782559e-02 5.266616866e-02 3.001984209e-02
      vertex -4.671474174e-02 5.166443810e-02 2.459680662e-02
    endloop
  endfacet
  facet normal 7.240682244e-01 -5.270475149e-01 4.449113309e-01
    outer loop
      vertex -4.671474174e-02 5.166443810e-02 2.459680662e-02
      vertex -4.931782559e-02 5.266616866e-02 3.001984209e-02
      vertex -4.996863380e-02 5.022805557e-02 2.819077671e-02
    endloop
  endfacet
  facet normal 7.915906906e-01 -1.006262228e-01 6.027093530e-01
    outer loop
      vertex -4.992904514e-02 2.607619576e-02 1.841366477e-02
      vertex -4.908696935e-02 2.648937516e-02 1.737667620e-02
      vertex -5.064092204e-02 3.231568262e-02 2.039035782e-02
    endloop
  endfacet
  facet normal 7.706305385e-01 -1.183639616e-01 6.261937022e-01
    outer loop
      vertex -5.064092204e-02 3.231568262e-02 2.039035782e-02
      vertex -4.908696935e-02 2.648937516e-02 1.737667620e-02
      vertex -4.757045582e-02 3.375364468e-02 1.688346826e-02
    endloop
  endfacet
  facet normal 7.745361328e-01 -1.640112102e-01 6.108961105e-01
    outer loop
      vertex -5.064092204e-02 3.231568262e-02 2.039035782e-02
      vertex -4.757045582e-02 3.375364468e-02 1.688346826e-02
      vertex -5.099410191e-02 3.860744461e-02 2.252733335e-02
    endloop
  endfacet
  facet normal 7.933955789e-01 -1.314594299e-01 5.943415165e-01
    outer loop
      vertex -5.099410191e-02 3.860744461e-02 2.252733335e-02
      vertex -4.757045582e-02 3.375364468e-02 1.688346826e-02
      vertex -4.792463407e-02 4.018266127e-02 1.877826825e-02
    endloop
  endfacet
  facet normal 5.648422837e-01 -2.045034766e-01 7.994570136e-01
    outer loop
      vertex -4.792463407e-02 4.018266127e-02 1.877826825e-02
      vertex -4.757045582e-02 3.375364468e-02 1.688346826e-02
      vertex -4.394694045e-02 3.479551896e-02 1.458985079e-02
    endloop
  endfacet
  facet normal 6.079644561e-01 -1.563116461e-01 7.784252763e-01
    outer loop
      vertex -4.792463407e-02 4.018266127e-02 1.877826825e-02
      vertex -4.394694045e-02 3.479551896e-02 1.458985079e-02
      vertex -4.427811131e-02 4.120960459e-02 1.613648236e-02
    endloop
  endfacet
  facet normal 2.982967794e-01 -2.091569602e-01 9.312745929e-01
    outer loop
      vertex -4.427811131e-02 4.120960459e-02 1.613648236e-02
      vertex -4.394694045e-02 3.479551896e-02 1.458985079e-02
      vertex -4.002698883e-02 3.542646393e-02 1.347595546e-02
    endloop
  endfacet
  facet normal 3.529749811e-01 -1.642815620e-01 9.210972786e-01
    outer loop
      vertex -4.427811131e-02 4.120960459e-02 1.613648236e-02
      vertex -4.002698883e-02 3.542646393e-02 1.347595546e-02
      vertex -4.037107155e-02 4.164655134e-02 1.471719053e-02
    endloop
  endfacet
  facet normal 1.079848558e-01 -1.888018698e-01 9.760599732e-01
    outer loop
      vertex -4.037107155e-02 4.164655134e-02 1.471719053e-02
      vertex -4.002698883e-02 3.542646393e-02 1.347595546e-02
      vertex -3.628835082e-02 4.010128602e-02 1.396660041e-02
    endloop
  endfacet
  facet normal 9.345537424e-02 -2.242643386e-01 9.700369239e-01
    outer loop
      vertex -4.037107155e-02 4.164655134e-02 1.471719053e-02
      vertex -3.628835082e-02 4.010128602e-02 1.396660041e-02
      vertex -3.629387170e-02 4.158514366e-02 1.431018766e-02
    endloop
  endfacet
  facet normal 6.194190979e-01 -3.577444553e-01 6.988124847e-01
    outer loop
      vertex -4.766518250e-02 4.633698985e-02 2.127274126e-02
      vertex -4.423260316e-02 4.433135316e-02 1.720339432e-02
      vertex -4.401910678e-02 4.726548120e-02 1.851622760e-02
    endloop
  endfacet
  facet normal 3.629300296e-01 -4.024454057e-01 8.404281735e-01
    outer loop
      vertex -4.401910678e-02 4.726548120e-02 1.851622760e-02
      vertex -4.423260316e-02 4.433135316e-02 1.720339432e-02
      vertex -4.034670815e-02 4.464906082e-02 1.567744836e-02
    endloop
  endfacet
  facet normal 3.689310849e-01 -3.950127661e-01 8.413410783e-01
    outer loop
      vertex -4.401910678e-02 4.726548120e-02 1.851622760e-02
      vertex -4.034670815e-02 4.464906082e-02 1.567744836e-02
      vertex -4.015339538e-02 4.745243117e-02 1.690887287e-02
    endloop
  endfacet
  facet normal 8.669862151e-02 -4.056664109e-01 9.099000692e-01
    outer loop
      vertex -4.015339538e-02 4.745243117e-02 1.690887287e-02
      vertex -4.034670815e-02 4.464906082e-02 1.567744836e-02
      vertex -3.629487753e-02 4.422241077e-02 1.510115806e-02
    endloop
  endfacet
  facet normal 1.078864411e-01 -3.842706978e-01 9.168950319e-01
    outer loop
      vertex -4.015339538e-02 4.745243117e-02 1.690887287e-02
      vertex -3.629487753e-02 4.422241077e-02 1.510115806e-02
      vertex -3.629451245e-02 4.707847163e-02 1.629809104e-02
    endloop
  endfacet
  facet normal 9.684363008e-01 -6.998950988e-02 2.392332703e-01
    outer loop
      vertex -5.425458774e-02 3.461299464e-02 3.184745833e-02
      vertex -5.308094993e-02 4.268966243e-02 2.945936471e-02
      vertex -5.439874157e-02 4.051150009e-02 3.415665776e-02
    endloop
  endfacet
  facet normal 9.681785703e-01 -1.433214992e-01 2.051564902e-01
    outer loop
      vertex -5.439874157e-02 4.051150009e-02 3.415665776e-02
      vertex -5.308094993e-02 4.268966243e-02 2.945936471e-02
      vertex -5.348544940e-02 4.725955054e-02 3.456079215e-02
    endloop
  endfacet
  facet normal 9.573588371e-01 -1.445510387e-01 2.501381040e-01
    outer loop
      vertex -5.439874157e-02 4.051150009e-02 3.415665776e-02
      vertex -5.348544940e-02 4.725955054e-02 3.456079215e-02
      vertex -5.423288047e-02 4.618440196e-02 3.680013865e-02
    endloop
  endfacet
  facet normal 9.424050450e-01 -2.826417983e-01 1.788472235e-01
    outer loop
      vertex -5.423288047e-02 4.618440196e-02 3.680013865e-02
      vertex -5.348544940e-02 4.725955054e-02 3.456079215e-02
      vertex -5.257914588e-02 5.235822126e-02 3.784288093e-02
    endloop
  endfacet
  facet normal 9.091070294e-01 -2.934508026e-01 2.956535220e-01
    outer loop
      vertex -5.423288047e-02 4.618440196e-02 3.680013865e-02
      vertex -5.257914588e-02 5.235822126e-02 3.784288093e-02
      vertex -5.356718600e-02 5.138429627e-02 3.991434351e-02
    endloop
  endfacet
  facet normal 8.636549711e-01 -4.656718969e-01 1.930019408e-01
    outer loop
      vertex -5.356718600e-02 5.138429627e-02 3.991434351e-02
      vertex -5.257914588e-02 5.235822126e-02 3.784288093e-02
      vertex -5.106267333e-02 5.674007162e-02 4.162934795e-02
    endloop
  endfacet
  facet normal 8.177477717e-01 -4.827625453e-01 3.134149611e-01
    outer loop
      vertex -5.356718600e-02 5.138429627e-02 3.991434351e-02
      vertex -5.106267333e-02 5.674007162e-02 4.162934795e-02
      vertex -5.227078497e-02 5.592476949e-02 4.352566227e-02
    endloop
  endfacet
  facet normal 9.009280056e-02 -3.040429354e-01 9.483887553e-01
    outer loop
      vertex -3.629387170e-02 4.158514366e-02 1.431018766e-02
      vertex -4.034670815e-02 4.464906082e-02 1.567744836e-02
      vertex -4.037107155e-02 4.164655134e-02 1.471719053e-02
    endloop
  endfacet
  facet normal 3.704299629e-01 -2.856736481e-01 8.838394880e-01
    outer loop
      vertex -4.037107155e-02 4.164655134e-02 1.471719053e-02
      vertex -4.034670815e-02 4.464906082e-02 1.567744836e-02
      vertex -4.423260316e-02 4.433135316e-02 1.720339432e-02
    endloop
  endfacet
  facet normal 3.550914824e-01 -3.069567978e-01 8.829991817e-01
    outer loop
      vertex -4.037107155e-02 4.164655134e-02 1.471719053e-02
      vertex -4.423260316e-02 4.433135316e-02 1.720339432e-02
      vertex -4.427811131e-02 4.120960459e-02 1.613648236e-02
    endloop
  endfacet
  facet normal 6.774029136e-01 -2.467210889e-01 6.930035949e-01
    outer loop
      vertex -4.427811131e-02 4.120960459e-02 1.613648236e-02
      vertex -4.423260316e-02 4.433135316e-02 1.720339432e-02
      vertex -4.766518250e-02 4.633698985e-02 2.127274126e-02
    endloop
  endfacet
  facet normal 6.133137345e-01 -3.187639713e-01 7.226588726e-01
    outer loop
      vertex -4.427811131e-02 4.120960459e-02 1.613648236e-02
      vertex -4.766518250e-02 4.633698985e-02 2.127274126e-02
      vertex -4.792463407e-02 4.018266127e-02 1.877826825e-02
    endloop
  endfacet
  facet normal 7.944806218e-01 -2.565897107e-01 5.504201055e-01
    outer loop
      vertex -4.792463407e-02 4.018266127e-02 1.877826825e-02
      vertex -4.766518250e-02 4.633698985e-02 2.127274126e-02
      vertex -5.079849809e-02 4.472374544e-02 2.504334599e-02
    endloop
  endfacet
  facet normal 7.980082631e-01 -2.509169579e-01 5.479265451e-01
    outer loop
      vertex -4.792463407e-02 4.018266127e-02 1.877826825e-02
      vertex -5.079849809e-02 4.472374544e-02 2.504334599e-02
      vertex -5.099410191e-02 3.860744461e-02 2.252733335e-02
    endloop
  endfacet
  facet normal 9.161573052e-01 -1.771941185e-01 3.595246971e-01
    outer loop
      vertex -5.099410191e-02 3.860744461e-02 2.252733335e-02
      vertex -5.079849809e-02 4.472374544e-02 2.504334599e-02
      vertex -5.312848091e-02 3.667874262e-02 2.701568231e-02
    endloop
  endfacet
  facet normal 9.134148359e-01 -8.399718255e-02 3.982684910e-01
    outer loop
      vertex -5.099410191e-02 3.860744461e-02 2.252733335e-02
      vertex -5.312848091e-02 3.667874262e-02 2.701568231e-02
      vertex -5.064092204e-02 3.231568262e-02 2.039035782e-02
    endloop
  endfacet
  facet normal 9.069739580e-01 -1.030373946e-01 4.083889723e-01
    outer loop
      vertex -5.064092204e-02 3.231568262e-02 2.039035782e-02
      vertex -5.312848091e-02 3.667874262e-02 2.701568231e-02
      vertex -5.280901864e-02 3.059051745e-02 2.477012947e-02
    endloop
  endfacet
  facet normal 9.051184058e-01 -7.510283589e-02 4.184736907e-01
    outer loop
      vertex -5.064092204e-02 3.231568262e-02 2.039035782e-02
      vertex -5.280901864e-02 3.059051745e-02 2.477012947e-02
      vertex -5.138114095e-02 2.520647459e-02 2.071550116e-02
    endloop
  endfacet
  facet normal 1.025259048e-01 -5.184875727e-01 8.489164114e-01
    outer loop
      vertex -3.629380837e-02 4.943857715e-02 1.765580662e-02
      vertex -3.977579996e-02 4.999726638e-02 1.841756329e-02
      vertex -4.015339538e-02 4.745243117e-02 1.690887287e-02
    endloop
  endfacet
  facet normal 3.458283544e-01 -5.159354210e-01 7.837176919e-01
    outer loop
      vertex -4.015339538e-02 4.745243117e-02 1.690887287e-02
      vertex -3.977579996e-02 4.999726638e-02 1.841756329e-02
      vertex -4.363073409e-02 4.994684085e-02 2.008542046e-02
    endloop
  endfacet
  facet normal 3.511064053e-01 -5.102924109e-01 7.850643396e-01
    outer loop
      vertex -4.015339538e-02 4.745243117e-02 1.690887287e-02
      vertex -4.363073409e-02 4.994684085e-02 2.008542046e-02
      vertex -4.401910678e-02 4.726548120e-02 1.851622760e-02
    endloop
  endfacet
  facet normal 5.961546302e-01 -4.680880010e-01 6.522985101e-01
    outer loop
      vertex -4.401910678e-02 4.726548120e-02 1.851622760e-02
      vertex -4.363073409e-02 4.994684085e-02 2.008542046e-02
      vertex -4.727581516e-02 4.912587628e-02 2.282764390e-02
    endloop
  endfacet
  facet normal 6.087273359e-01 -4.494858980e-01 6.537686586e-01
    outer loop
      vertex -4.401910678e-02 4.726548120e-02 1.851622760e-02
      vertex -4.727581516e-02 4.912587628e-02 2.282764390e-02
      vertex -4.766518250e-02 4.633698985e-02 2.127274126e-02
    endloop
  endfacet
  facet normal 7.726961970e-01 -3.879858851e-01 5.024018288e-01
    outer loop
      vertex -4.766518250e-02 4.633698985e-02 2.127274126e-02
      vertex -4.727581516e-02 4.912587628e-02 2.282764390e-02
      vertex -5.046369880e-02 4.757274315e-02 2.653119713e-02
    endloop
  endfacet
  facet normal 7.880137563e-01 -3.552107513e-01 5.028514862e-01
    outer loop
      vertex -4.766518250e-02 4.633698985e-02 2.127274126e-02
      vertex -5.046369880e-02 4.757274315e-02 2.653119713e-02
      vertex -5.079849809e-02 4.472374544e-02 2.504334599e-02
    endloop
  endfacet
  facet normal 8.992351890e-01 -2.808405161e-01 3.354170918e-01
    outer loop
      vertex -5.079849809e-02 4.472374544e-02 2.504334599e-02
      vertex -5.046369880e-02 4.757274315e-02 2.653119713e-02
      vertex -5.308094993e-02 4.268966243e-02 2.945936471e-02
    endloop
  endfacet
  facet normal 9.051419497e-01 -1.662223637e-01 3.912648261e-01
    outer loop
      vertex -5.079849809e-02 4.472374544e-02 2.504334599e-02
      vertex -5.308094993e-02 4.268966243e-02 2.945936471e-02
      vertex -5.312848091e-02 3.667874262e-02 2.701568231e-02
    endloop
  endfacet
  facet normal 9.777940512e-01 -8.551409096e-02 1.913271695e-01
    outer loop
      vertex -5.312848091e-02 3.667874262e-02 2.701568231e-02
      vertex -5.308094993e-02 4.268966243e-02 2.945936471e-02
      vertex -5.425458774e-02 3.461299464e-02 3.184745833e-02
    endloop
  endfacet
  facet normal 9.761124849e-01 -2.823695540e-02 2.154231668e-01
    outer loop
      vertex -5.312848091e-02 3.667874262e-02 2.701568231e-02
      vertex -5.425458774e-02 3.461299464e-02 3.184745833e-02
      vertex -5.280901864e-02 3.059051745e-02 2.477012947e-02
    endloop
  endfacet
  facet normal 9.801870584e-01 3.816751065e-03 1.980373263e-01
    outer loop
      vertex -5.280901864e-02 3.059051745e-02 2.477012947e-02
      vertex -5.425458774e-02 3.461299464e-02 3.184745833e-02
      vertex -5.244465917e-02 2.434480004e-02 2.308710292e-02
    endloop
  endfacet
  facet normal 9.181598425e-01 -5.227001756e-02 3.927472234e-01
    outer loop
      vertex -5.280901864e-02 3.059051745e-02 2.477012947e-02
      vertex -5.244465917e-02 2.434480004e-02 2.308710292e-02
      vertex -5.138114095e-02 2.520647459e-02 2.071550116e-02
    endloop
  endfacet
  facet normal 9.806608558e-01 -5.460457504e-02 1.879430115e-01
    outer loop
      vertex -5.570008233e-02 4.710076377e-02 4.714724422e-02
      vertex -5.574955419e-02 4.443418607e-02 4.663063958e-02
      vertex -5.500552803e-02 4.932953045e-02 4.417069629e-02
    endloop
  endfacet
  facet normal 9.892383814e-01 -9.401496500e-02 1.121097356e-01
    outer loop
      vertex -5.500552803e-02 4.932953045e-02 4.417069629e-02
      vertex -5.574955419e-02 4.443418607e-02 4.663063958e-02
      vertex -5.519473180e-02 4.399011657e-02 4.136257991e-02
    endloop
  endfacet
  facet normal 9.657149315e-01 -1.468200386e-01 2.140994072e-01
    outer loop
      vertex -5.500552803e-02 4.932953045e-02 4.417069629e-02
      vertex -5.519473180e-02 4.399011657e-02 4.136257991e-02
      vertex -5.437168851e-02 5.037094280e-02 4.202586040e-02
    endloop
  endfacet
  facet normal 9.456855059e-01 -1.518594325e-01 2.874327600e-01
    outer loop
      vertex -5.437168851e-02 5.037094280e-02 4.202586040e-02
      vertex -5.519473180e-02 4.399011657e-02 4.136257991e-02
      vertex -5.356718600e-02 5.138429627e-02 3.991434351e-02
    endloop
  endfacet
  facet normal 9.204357862e-01 -3.440279067e-01 1.855874509e-01
    outer loop
      vertex -5.437168851e-02 5.037094280e-02 4.202586040e-02
      vertex -5.356718600e-02 5.138429627e-02 3.991434351e-02
      vertex -5.322359875e-02 5.460925028e-02 4.418846965e-02
    endloop
  endfacet
  facet normal 8.388516903e-01 -4.648337960e-01 2.832974195e-01
    outer loop
      vertex -5.322359875e-02 5.460925028e-02 4.418846965e-02
      vertex -5.356718600e-02 5.138429627e-02 3.991434351e-02
      vertex -5.227078497e-02 5.592476949e-02 4.352566227e-02
    endloop
  endfacet
  facet normal 7.866956592e-01 -6.117097139e-01 -8.319368213e-02
    outer loop
      vertex -5.322359875e-02 5.460925028e-02 4.418846965e-02
      vertex -5.227078497e-02 5.592476949e-02 4.352566227e-02
      vertex -5.139750987e-02 5.706701800e-02 4.338475317e-02
    endloop
  endfacet
  facet normal 7.830840349e-01 -5.672264695e-01 2.550167739e-01
    outer loop
      vertex -5.139750987e-02 5.706701800e-02 4.338475317e-02
      vertex -5.227078497e-02 5.592476949e-02 4.352566227e-02
      vertex -5.106267333e-02 5.674007162e-02 4.162934795e-02
    endloop
  endfacet
  facet normal 6.998868585e-01 -6.661915183e-01 2.575796247e-01
    outer loop
      vertex -5.139750987e-02 5.706701800e-02 4.338475317e-02
      vertex -5.106267333e-02 5.674007162e-02 4.162934795e-02
      vertex -4.969094694e-02 5.747265741e-02 3.979686275e-02
    endloop
  endfacet
  facet normal 7.558609247e-01 -5.578157306e-01 3.428057730e-01
    outer loop
      vertex -4.969094694e-02 5.747265741e-02 3.979686275e-02
      vertex -5.106267333e-02 5.674007162e-02 4.162934795e-02
      vertex -5.257914588e-02 5.235822126e-02 3.784288093e-02
    endloop
  endfacet
  facet normal 8.094722033e-01 -5.427249670e-01 2.240632027e-01
    outer loop
      vertex -4.969094694e-02 5.747265741e-02 3.979686275e-02
      vertex -5.257914588e-02 5.235822126e-02 3.784288093e-02
      vertex -5.140317231e-02 5.327802524e-02 3.582239151e-02
    endloop
  endfacet
  facet normal 8.662309647e-01 -3.700686991e-01 3.356978893e-01
    outer loop
      vertex -5.140317231e-02 5.327802524e-02 3.582239151e-02
      vertex -5.257914588e-02 5.235822126e-02 3.784288093e-02
      vertex -5.348544940e-02 4.725955054e-02 3.456079215e-02
    endloop
  endfacet
  facet normal 9.058765769e-01 -3.601412177e-01 2.229033411e-01
    outer loop
      vertex -5.140317231e-02 5.327802524e-02 3.582239151e-02
      vertex -5.348544940e-02 4.725955054e-02 3.456079215e-02
      vertex -5.252872035e-02 4.830637202e-02 3.236398846e-02
    endloop
  endfacet
  facet normal 9.266378880e-01 -2.405297458e-01 2.889423668e-01
    outer loop
      vertex -5.252872035e-02 4.830637202e-02 3.236398846e-02
      vertex -5.348544940e-02 4.725955054e-02 3.456079215e-02
      vertex -5.308094993e-02 4.268966243e-02 2.945936471e-02
    endloop
  endfacet
  facet normal 8.908088207e-01 -2.747404277e-01 3.619078696e-01
    outer loop
      vertex -5.252872035e-02 4.830637202e-02 3.236398846e-02
      vertex -5.308094993e-02 4.268966243e-02 2.945936471e-02
      vertex -5.135364458e-02 4.930567369e-02 3.023024276e-02
    endloop
  endfacet
  facet normal 8.977158070e-01 -2.745257914e-01 3.445895612e-01
    outer loop
      vertex -5.135364458e-02 4.930567369e-02 3.023024276e-02
      vertex -5.308094993e-02 4.268966243e-02 2.945936471e-02
      vertex -5.046369880e-02 4.757274315e-02 2.653119713e-02
    endloop
  endfacet
  facet normal 8.327985406e-01 -3.966302574e-01 3.861748278e-01
    outer loop
      vertex -5.135364458e-02 4.930567369e-02 3.023024276e-02
      vertex -5.046369880e-02 4.757274315e-02 2.653119713e-02
      vertex -4.996863380e-02 5.022805557e-02 2.819077671e-02
    endloop
  endfacet
  facet normal 7.638429403e-01 -4.384314120e-01 4.736262560e-01
    outer loop
      vertex -4.996863380e-02 5.022805557e-02 2.819077671e-02
      vertex -5.046369880e-02 4.757274315e-02 2.653119713e-02
      vertex -4.727581516e-02 4.912587628e-02 2.282764390e-02
    endloop
  endfacet
  facet normal 7.347294092e-01 -4.896099865e-01 4.695261419e-01
    outer loop
      vertex -4.996863380e-02 5.022805557e-02 2.819077671e-02
      vertex -4.727581516e-02 4.912587628e-02 2.282764390e-02
      vertex -4.671474174e-02 5.166443810e-02 2.459680662e-02
    endloop
  endfacet
  facet normal 5.779949427e-01 -5.487031341e-01 6.040254235e-01
    outer loop
      vertex -4.671474174e-02 5.166443810e-02 2.459680662e-02
      vertex -4.727581516e-02 4.912587628e-02 2.282764390e-02
      vertex -4.363073409e-02 4.994684085e-02 2.008542046e-02
    endloop
  endfacet
  facet normal 5.491771102e-01 -5.840166211e-01 5.977700949e-01
    outer loop
      vertex -4.671474174e-02 5.166443810e-02 2.459680662e-02
      vertex -4.363073409e-02 4.994684085e-02 2.008542046e-02
      vertex -4.306397587e-02 5.234175548e-02 2.190454677e-02
    endloop
  endfacet
  facet normal 3.183620274e-01 -6.200250387e-01 7.170875072e-01
    outer loop
      vertex -4.306397587e-02 5.234175548e-02 2.190454677e-02
      vertex -4.363073409e-02 4.994684085e-02 2.008542046e-02
      vertex -3.977579996e-02 4.999726638e-02 1.841756329e-02
    endloop
  endfacet
  facet normal 3.004480302e-01 -6.359126568e-01 7.108770013e-01
    outer loop
      vertex -4.306397587e-02 5.234175548e-02 2.190454677e-02
      vertex -3.977579996e-02 4.999726638e-02 1.841756329e-02
      vertex -3.920531645e-02 5.225385353e-02 2.019507438e-02
    endloop
  endfacet
  facet normal 9.476501495e-02 -6.306743622e-01 7.702398300e-01
    outer loop
      vertex -3.920531645e-02 5.225385353e-02 2.019507438e-02
      vertex -3.977579996e-02 4.999726638e-02 1.841756329e-02
      vertex -3.629315645e-02 5.067425594e-02 1.854340360e-02
    endloop
  endfacet
  facet normal 8.646976203e-02 -6.394209862e-01 7.639788985e-01
    outer loop
      vertex -3.920531645e-02 5.225385353e-02 2.019507438e-02
      vertex -3.629315645e-02 5.067425594e-02 1.854340360e-02
      vertex -3.629204631e-02 5.182154104e-02 1.950351149e-02
    endloop
  endfacet
  facet normal 3.440278769e-02 9.512844682e-01 3.063890934e-01
    outer loop
      vertex -3.629324585e-02 -6.476834416e-02 4.886073247e-02
      vertex -4.058064148e-02 -6.362023950e-02 4.577747732e-02
      vertex -3.976858780e-02 -6.463685632e-02 4.884271324e-02
    endloop
  endfacet
  facet normal 9.599788785e-01 1.704208851e-01 2.222548723e-01
    outer loop
      vertex -5.539005622e-02 -4.972282425e-02 4.736205563e-02
      vertex -5.448734015e-02 -5.189320818e-02 4.512719065e-02
      vertex -5.541881546e-02 -4.954195395e-02 4.734758660e-02
    endloop
  endfacet
  facet normal 9.602973461e-01 2.260920405e-01 1.634363383e-01
    outer loop
      vertex -5.541881546e-02 -4.954195395e-02 4.734758660e-02
      vertex -5.448734015e-02 -5.189320818e-02 4.512719065e-02
      vertex -5.533020571e-02 -4.911288992e-02 4.623339325e-02
    endloop
  endfacet
  facet normal 9.856315255e-01 1.157909036e-01 1.229753196e-01
    outer loop
      vertex -5.541881546e-02 -4.954195395e-02 4.734758660e-02
      vertex -5.533020571e-02 -4.911288992e-02 4.623339325e-02
      vertex -5.569996312e-02 -4.693600908e-02 4.714724794e-02
    endloop
  endfacet
  facet normal 9.037542343e-01 4.059747458e-01 1.356937438e-01
    outer loop
      vertex -5.448734015e-02 -5.189320818e-02 4.512719065e-02
      vertex -5.262843147e-02 -5.642989650e-02 4.631946608e-02
      vertex -5.310552940e-02 -5.463365093e-02 4.412296787e-02
    endloop
  endfacet
  facet normal 7.620227933e-01 5.724769831e-01 3.026406765e-01
    outer loop
      vertex -5.310552940e-02 -5.463365093e-02 4.412296787e-02
      vertex -5.262843147e-02 -5.642989650e-02 4.631946608e-02
      vertex -5.112981796e-02 -5.825829878e-02 4.600470513e-02
    endloop
  endfacet
  facet normal 8.073155284e-01 5.504621863e-01 2.126805633e-01
    outer loop
      vertex -5.310552940e-02 -5.463365093e-02 4.412296787e-02
      vertex -5.112981796e-02 -5.825829878e-02 4.600470513e-02
      vertex -5.120560527e-02 -5.711070076e-02 4.332216084e-02
    endloop
  endfacet
  facet normal 6.698781252e-01 6.892849207e-01 2.759521306e-01
    outer loop
      vertex -5.120560527e-02 -5.711070076e-02 4.332216084e-02
      vertex -5.112981796e-02 -5.825829878e-02 4.600470513e-02
      vertex -4.937550798e-02 -5.987054482e-02 4.577322677e-02
    endloop
  endfacet
  facet normal 6.816306710e-01 6.836341023e-01 2.608143091e-01
    outer loop
      vertex -5.120560527e-02 -5.711070076e-02 4.332216084e-02
      vertex -4.937550798e-02 -5.987054482e-02 4.577322677e-02
      vertex -4.896691069e-02 -5.913976207e-02 4.278987646e-02
    endloop
  endfacet
  facet normal 5.612079501e-01 7.828690410e-01 2.686292827e-01
    outer loop
      vertex -4.896691069e-02 -5.913976207e-02 4.278987646e-02
      vertex -4.937550798e-02 -5.987054482e-02 4.577322677e-02
      vertex -4.740940779e-02 -6.123137847e-02 4.563163221e-02
    endloop
  endfacet
  facet normal 5.378840566e-01 7.921971679e-01 2.882783115e-01
    outer loop
      vertex -4.896691069e-02 -5.913976207e-02 4.278987646e-02
      vertex -4.740940779e-02 -6.123137847e-02 4.563163221e-02
      vertex -4.649475589e-02 -6.071576849e-02 4.250811785e-02
    endloop
  endfacet
  facet normal 3.704491258e-01 8.764172196e-01 3.076691926e-01
    outer loop
      vertex -4.527549073e-02 -6.231153384e-02 4.558571056e-02
      vertex -4.350164160e-02 -6.196743622e-02 4.246972129e-02
      vertex -4.649475589e-02 -6.071576849e-02 4.250811785e-02
    endloop
  endfacet
  facet normal 2.739619017e-01 9.264152050e-01 2.582628727e-01
    outer loop
      vertex -4.350164160e-02 -6.196743622e-02 4.246972129e-02
      vertex -4.527549073e-02 -6.231153384e-02 4.558571056e-02
      vertex -4.307280108e-02 -6.209880486e-02 4.248604551e-02
    endloop
  endfacet
  facet normal 2.512612343e-01 9.369574785e-01 2.428547889e-01
    outer loop
      vertex -4.307280108e-02 -6.209880486e-02 4.248604551e-02
      vertex -4.527549073e-02 -6.231153384e-02 4.558571056e-02
      vertex -4.058064148e-02 -6.362023950e-02 4.577747732e-02
    endloop
  endfacet
  facet normal 1.839281470e-01 9.378616214e-01 2.942550182e-01
    outer loop
      vertex -4.307280108e-02 -6.209880486e-02 4.248604551e-02
      vertex -4.058064148e-02 -6.362023950e-02 4.577747732e-02
      vertex -4.022211209e-02 -6.272348762e-02 4.269520938e-02
    endloop
  endfacet
  facet normal 5.172965303e-02 9.572719932e-01 2.845249176e-01
    outer loop
      vertex -4.022211209e-02 -6.272348762e-02 4.269520938e-02
      vertex -4.058064148e-02 -6.362023950e-02 4.577747732e-02
      vertex -3.629324585e-02 -6.476834416e-02 4.886073247e-02
    endloop
  endfacet
  facet normal 5.191675574e-02 9.572950006e-01 2.844133377e-01
    outer loop
      vertex -4.022211209e-02 -6.272348762e-02 4.269520938e-02
      vertex -3.629324585e-02 -6.476834416e-02 4.886073247e-02
      vertex -3.629127517e-02 -6.307858229e-02 4.317287356e-02
    endloop
  endfacet
  facet normal 1.637493819e-01 9.484928846e-01 2.711962461e-01
    outer loop
      vertex -3.976858780e-02 -6.463685632e-02 4.884271324e-02
      vertex -4.058064148e-02 -6.362023950e-02 4.577747732e-02
      vertex -4.330264777e-02 -6.400498748e-02 4.876666889e-02
    endloop
  endfacet
  facet normal 2.401572764e-01 9.107599854e-01 3.359178007e-01
    outer loop
      vertex -4.330264777e-02 -6.400498748e-02 4.876666889e-02
      vertex -4.058064148e-02 -6.362023950e-02 4.577747732e-02
      vertex -4.527549073e-02 -6.231153384e-02 4.558571056e-02
    endloop
  endfacet
  facet normal 3.120775819e-01 9.052346349e-01 2.883710265e-01
    outer loop
      vertex -4.330264777e-02 -6.400498748e-02 4.876666889e-02
      vertex -4.527549073e-02 -6.231153384e-02 4.558571056e-02
      vertex -4.562755302e-02 -6.317242980e-02 4.866919294e-02
    endloop
  endfacet
  facet normal 4.394569397e-01 8.566926122e-01 2.701026201e-01
    outer loop
      vertex -4.649475589e-02 -6.071576849e-02 4.250811785e-02
      vertex -4.740940779e-02 -6.123137847e-02 4.563163221e-02
      vertex -4.527549073e-02 -6.231153384e-02 4.558571056e-02
    endloop
  endfacet
  facet normal 4.364358783e-01 8.496193290e-01 2.960923612e-01
    outer loop
      vertex -4.527549073e-02 -6.231153384e-02 4.558571056e-02
      vertex -4.740940779e-02 -6.123137847e-02 4.563163221e-02
      vertex -4.611233622e-02 -6.294718385e-02 4.864317924e-02
    endloop
  endfacet
  facet normal 3.906512558e-01 8.741115928e-01 2.886528671e-01
    outer loop
      vertex -4.527549073e-02 -6.231153384e-02 4.558571056e-02
      vertex -4.611233622e-02 -6.294718385e-02 4.864317924e-02
      vertex -4.562755302e-02 -6.317242980e-02 4.866919294e-02
    endloop
  endfacet
  facet normal 9.504113197e-01 2.600619793e-01 1.705463380e-01
    outer loop
      vertex -5.515343696e-02 -5.097064748e-02 4.746394232e-02
      vertex -5.473595858e-02 -5.258641019e-02 4.760127887e-02
      vertex -5.468384176e-02 -5.246311799e-02 4.712283984e-02
    endloop
  endfacet
  facet normal 9.337373972e-01 3.086749315e-01 1.812574267e-01
    outer loop
      vertex -5.468384176e-02 -5.246311799e-02 4.712283984e-02
      vertex -5.473595858e-02 -5.258641019e-02 4.760127887e-02
      vertex -5.460406467e-02 -5.300698057e-02 4.763805121e-02
    endloop
  endfacet
  facet normal 9.604724646e-01 1.980991513e-01 1.955745369e-01
    outer loop
      vertex -5.539005622e-02 -4.972282425e-02 4.736205563e-02
      vertex -5.515343696e-02 -5.097064748e-02 4.746394232e-02
      vertex -5.448734015e-02 -5.189320818e-02 4.512719065e-02
    endloop
  endfacet
  facet normal 9.506755471e-01 2.607129812e-01 1.680616885e-01
    outer loop
      vertex -5.448734015e-02 -5.189320818e-02 4.512719065e-02
      vertex -5.515343696e-02 -5.097064748e-02 4.746394232e-02
      vertex -5.468384176e-02 -5.246311799e-02 4.712283984e-02
    endloop
  endfacet
  facet normal 8.852366805e-01 4.169242382e-01 2.062284499e-01
    outer loop
      vertex -5.448734015e-02 -5.189320818e-02 4.512719065e-02
      vertex -5.468384176e-02 -5.246311799e-02 4.712283984e-02
      vertex -5.262843147e-02 -5.642989650e-02 4.631946608e-02
    endloop
  endfacet
  facet normal 8.739272356e-01 3.956512809e-01 2.823318243e-01
    outer loop
      vertex -5.262843147e-02 -5.642989650e-02 4.631946608e-02
      vertex -5.468384176e-02 -5.246311799e-02 4.712283984e-02
      vertex -5.460406467e-02 -5.300698057e-02 4.763805121e-02
    endloop
  endfacet
  facet normal 8.676718473e-01 3.751335442e-01 3.262213767e-01
    outer loop
      vertex -5.460406467e-02 -5.300698057e-02 4.763805121e-02
      vertex -5.372010171e-02 -5.522662774e-02 4.783936962e-02
      vertex -5.262843147e-02 -5.642989650e-02 4.631946608e-02
    endloop
  endfacet
  facet normal 8.353777528e-01 5.149182677e-01 1.923621595e-01
    outer loop
      vertex -5.262843147e-02 -5.642989650e-02 4.631946608e-02
      vertex -5.372010171e-02 -5.522662774e-02 4.783936962e-02
      vertex -5.214254931e-02 -5.788222328e-02 4.809702188e-02
    endloop
  endfacet
  facet normal 7.674066424e-01 5.830875635e-01 2.666383088e-01
    outer loop
      vertex -5.262843147e-02 -5.642989650e-02 4.631946608e-02
      vertex -5.214254931e-02 -5.788222328e-02 4.809702188e-02
      vertex -5.112981796e-02 -5.825829878e-02 4.600470513e-02
    endloop
  endfacet
  facet normal 7.288822532e-01 6.421723962e-01 2.373716086e-01
    outer loop
      vertex -5.112981796e-02 -5.825829878e-02 4.600470513e-02
      vertex -5.214254931e-02 -5.788222328e-02 4.809702188e-02
      vertex -5.054925010e-02 -5.976242200e-02 4.829116538e-02
    endloop
  endfacet
  facet normal 6.690630317e-01 6.874774098e-01 2.823641002e-01
    outer loop
      vertex -5.112981796e-02 -5.825829878e-02 4.600470513e-02
      vertex -5.054925010e-02 -5.976242200e-02 4.829116538e-02
      vertex -4.937550798e-02 -5.987054482e-02 4.577322677e-02
    endloop
  endfacet
  facet normal 6.459140778e-01 7.139034271e-01 2.704384029e-01
    outer loop
      vertex -4.937550798e-02 -5.987054482e-02 4.577322677e-02
      vertex -5.054925010e-02 -5.976242200e-02 4.829116538e-02
      vertex -4.968080297e-02 -6.058138981e-02 4.837888107e-02
    endloop
  endfacet
  facet normal 5.600878000e-01 7.802261710e-01 2.784758806e-01
    outer loop
      vertex -4.937550798e-02 -5.987054482e-02 4.577322677e-02
      vertex -4.968080297e-02 -6.058138981e-02 4.837888107e-02
      vertex -4.740940779e-02 -6.123137847e-02 4.563163221e-02
    endloop
  endfacet
  facet normal 5.727019310e-01 7.658810019e-01 2.922991216e-01
    outer loop
      vertex -4.740940779e-02 -6.123137847e-02 4.563163221e-02
      vertex -4.968080297e-02 -6.058138981e-02 4.837888107e-02
      vertex -4.824904725e-02 -6.169888750e-02 4.850170389e-02
    endloop
  endfacet
  facet normal 4.714583755e-01 8.380976319e-01 2.744437456e-01
    outer loop
      vertex -4.740940779e-02 -6.123137847e-02 4.563163221e-02
      vertex -4.824904725e-02 -6.169888750e-02 4.850170389e-02
      vertex -4.611233622e-02 -6.294718385e-02 4.864317924e-02
    endloop
  endfacet
  facet normal 9.615607858e-01 2.349628955e-01 1.421031058e-01
    outer loop
      vertex -5.448734015e-02 -5.189320818e-02 4.512719065e-02
      vertex -5.498644337e-02 -4.930082336e-02 4.421801865e-02
      vertex -5.533020571e-02 -4.911288992e-02 4.623339325e-02
    endloop
  endfacet
  facet normal 6.767244935e-01 6.622670293e-01 3.216307461e-01
    outer loop
      vertex -4.896691069e-02 -5.913976207e-02 4.278987646e-02
      vertex -4.851114750e-02 -5.919301882e-02 4.194059223e-02
      vertex -5.120560527e-02 -5.711070076e-02 4.332216084e-02
    endloop
  endfacet
  facet normal 5.037925765e-02 9.542331696e-01 2.947896719e-01
    outer loop
      vertex -4.022211209e-02 -6.272348762e-02 4.269520938e-02
      vertex -3.629127517e-02 -6.307858229e-02 4.317287356e-02
      vertex -4.010467976e-02 -6.141418591e-02 3.843692318e-02
    endloop
  endfacet
  facet normal 8.664955199e-02 2.583992183e-01 9.621443152e-01
    outer loop
      vertex -3.629493341e-02 -4.239309207e-02 1.457319316e-02
      vertex -3.629447892e-02 -4.134077206e-02 1.429053489e-02
      vertex -4.052060097e-02 -4.154184833e-02 1.472513657e-02
    endloop
  endfacet
  facet normal 3.554129601e-02 7.235968113e-02 9.967451692e-01
    outer loop
      vertex -3.681463003e-02 -3.206116334e-02 1.290719304e-02
      vertex -3.724788129e-02 -2.945760079e-02 1.273363363e-02
      vertex -3.917201608e-02 -2.922320552e-02 1.278522704e-02
    endloop
  endfacet
  facet normal 9.874776006e-01 8.644793183e-02 1.319648474e-01
    outer loop
      vertex -5.576058477e-02 -4.431334510e-02 4.674361646e-02
      vertex -5.498644337e-02 -4.930082336e-02 4.421801865e-02
      vertex -5.531841516e-02 -4.229379073e-02 4.211193696e-02
    endloop
  endfacet
  facet normal 9.974436164e-01 5.925837532e-02 3.993303329e-02
    outer loop
      vertex -5.531841516e-02 -4.229379073e-02 4.211193696e-02
      vertex -5.498644337e-02 -4.930082336e-02 4.421801865e-02
      vertex -5.519017577e-02 -4.396325722e-02 4.138617963e-02
    endloop
  endfacet
  facet normal 9.931829572e-01 2.699448913e-02 1.133971140e-01
    outer loop
      vertex -5.531841516e-02 -4.229379073e-02 4.211193696e-02
      vertex -5.519017577e-02 -4.396325722e-02 4.138617963e-02
      vertex -5.501254648e-02 -4.039445892e-02 3.898086026e-02
    endloop
  endfacet
  facet normal 9.880915284e-01 9.026999027e-02 1.246053278e-01
    outer loop
      vertex -5.576058477e-02 -4.431334510e-02 4.674361646e-02
      vertex -5.578101426e-02 -4.439729825e-02 4.696643725e-02
      vertex -5.498644337e-02 -4.930082336e-02 4.421801865e-02
    endloop
  endfacet
  facet normal 9.784219265e-01 4.559006169e-02 2.015244514e-01
    outer loop
      vertex -5.498644337e-02 -4.930082336e-02 4.421801865e-02
      vertex -5.578101426e-02 -4.439729825e-02 4.696643725e-02
      vertex -5.569996312e-02 -4.693600908e-02 4.714724794e-02
    endloop
  endfacet
  facet normal 9.822878838e-01 1.004429907e-01 1.581825018e-01
    outer loop
      vertex -5.498644337e-02 -4.930082336e-02 4.421801865e-02
      vertex -5.569996312e-02 -4.693600908e-02 4.714724794e-02
      vertex -5.533020571e-02 -4.911288992e-02 4.623339325e-02
    endloop
  endfacet
  facet normal 9.932900667e-01 2.126646228e-02 1.136773527e-01
    outer loop
      vertex -5.423589796e-02 -3.462893143e-02 3.171170875e-02
      vertex -5.445316061e-02 -3.389996663e-02 3.347373381e-02
      vertex -5.438176170e-02 -4.050061479e-02 3.408469632e-02
    endloop
  endfacet
  facet normal 9.888004065e-01 2.432524413e-02 1.472481489e-01
    outer loop
      vertex -5.438176170e-02 -4.050061479e-02 3.408469632e-02
      vertex -5.445316061e-02 -3.389996663e-02 3.347373381e-02
      vertex -5.461975932e-02 -3.657609597e-02 3.503457084e-02
    endloop
  endfacet
  facet normal 9.868099689e-01 7.817511447e-03 1.616939008e-01
    outer loop
      vertex -5.433318764e-02 -3.084406443e-02 3.240435198e-02
      vertex -5.334634334e-02 -2.336716838e-02 2.602019906e-02
      vertex -5.424123630e-02 -2.690470405e-02 3.165271878e-02
    endloop
  endfacet
  facet normal 9.877389669e-01 -1.309758751e-03 1.561090499e-01
    outer loop
      vertex -5.424123630e-02 -2.690470405e-02 3.165271878e-02
      vertex -5.334634334e-02 -2.336716838e-02 2.602019906e-02
      vertex -5.417312682e-02 -2.152908035e-02 3.126687557e-02
    endloop
  endfacet
  facet normal 9.757586122e-01 3.231632710e-02 2.164503634e-01
    outer loop
      vertex -5.279171839e-02 -3.064301796e-02 2.460624278e-02
      vertex -5.334634334e-02 -2.336716838e-02 2.602019906e-02
      vertex -5.423589796e-02 -3.462893143e-02 3.171170875e-02
    endloop
  endfacet
  facet normal 9.886295795e-01 -2.103099134e-03 1.503564864e-01
    outer loop
      vertex -5.423589796e-02 -3.462893143e-02 3.171170875e-02
      vertex -5.334634334e-02 -2.336716838e-02 2.602019906e-02
      vertex -5.433318764e-02 -3.084406443e-02 3.240435198e-02
    endloop
  endfacet
  facet normal 9.926466346e-01 3.372319043e-03 1.210009754e-01
    outer loop
      vertex -5.423589796e-02 -3.462893143e-02 3.171170875e-02
      vertex -5.433318764e-02 -3.084406443e-02 3.240435198e-02
      vertex -5.445316061e-02 -3.389996663e-02 3.347373381e-02
    endloop
  endfacet
  facet normal 9.057314992e-01 5.914425477e-02 4.197051525e-01
    outer loop
      vertex -5.066704378e-02 -3.235066310e-02 2.026179433e-02
      vertex -5.071143806e-02 -2.572876401e-02 1.942444965e-02
      vertex -5.279171839e-02 -3.064301796e-02 2.460624278e-02
    endloop
  endfacet
  facet normal 9.009835720e-01 7.006707788e-02 4.281579256e-01
    outer loop
      vertex -5.279171839e-02 -3.064301796e-02 2.460624278e-02
      vertex -5.071143806e-02 -2.572876401e-02 1.942444965e-02
      vertex -5.225386471e-02 -2.461621352e-02 2.248815075e-02
    endloop
  endfacet
  facet normal 9.568524361e-01 1.656201668e-02 2.901019454e-01
    outer loop
      vertex -5.279171839e-02 -3.064301796e-02 2.460624278e-02
      vertex -5.225386471e-02 -2.461621352e-02 2.248815075e-02
      vertex -5.334634334e-02 -2.336716838e-02 2.602019906e-02
    endloop
  endfacet
  facet normal 7.761947513e-01 1.107959300e-01 6.206818819e-01
    outer loop
      vertex -4.896719009e-02 -2.662387677e-02 1.711376943e-02
      vertex -4.955252260e-02 -2.635055967e-02 1.779696904e-02
      vertex -5.066704378e-02 -3.235066310e-02 2.026179433e-02
    endloop
  endfacet
  facet normal 8.044788837e-01 9.165140986e-02 5.868677497e-01
    outer loop
      vertex -5.066704378e-02 -3.235066310e-02 2.026179433e-02
      vertex -4.955252260e-02 -2.635055967e-02 1.779696904e-02
      vertex -4.996443167e-02 -2.614334412e-02 1.832925342e-02
    endloop
  endfacet
  facet normal 8.367056251e-01 7.422167063e-02 5.426000953e-01
    outer loop
      vertex -5.066704378e-02 -3.235066310e-02 2.026179433e-02
      vertex -4.996443167e-02 -2.614334412e-02 1.832925342e-02
      vertex -5.071143806e-02 -2.572876401e-02 1.942444965e-02
    endloop
  endfacet
  facet normal 5.387074947e-01 1.342360526e-01 8.317300677e-01
    outer loop
      vertex -4.714501277e-02 -2.735161968e-02 1.544435974e-02
      vertex -4.767039418e-02 -3.375703469e-02 1.681844145e-02
      vertex -4.487347230e-02 -2.806669660e-02 1.408850309e-02
    endloop
  endfacet
  facet normal 5.529724956e-01 1.235130876e-01 8.239939213e-01
    outer loop
      vertex -4.487347230e-02 -2.806669660e-02 1.408850309e-02
      vertex -4.767039418e-02 -3.375703469e-02 1.681844145e-02
      vertex -4.410869628e-02 -3.475988284e-02 1.457855012e-02
    endloop
  endfacet
  facet normal 4.123336971e-01 1.132982448e-01 9.039604068e-01
    outer loop
      vertex -4.487347230e-02 -2.806669660e-02 1.408850309e-02
      vertex -4.410869628e-02 -3.475988284e-02 1.457855012e-02
      vertex -4.416800663e-02 -2.825433202e-02 1.379022840e-02
    endloop
  endfacet
  facet normal 3.563993871e-01 1.155989394e-01 9.271549582e-01
    outer loop
      vertex -4.416800663e-02 -2.825433202e-02 1.379022840e-02
      vertex -4.410869628e-02 -3.475988284e-02 1.457855012e-02
      vertex -4.342524335e-02 -2.843642421e-02 1.352741290e-02
    endloop
  endfacet
  facet normal 5.910784006e-02 1.141322926e-01 9.917056561e-01
    outer loop
      vertex -3.631172329e-02 -3.702983633e-02 1.344904769e-02
      vertex -3.681463003e-02 -3.206116334e-02 1.290719304e-02
      vertex -4.017832875e-02 -3.535423055e-02 1.348666567e-02
    endloop
  endfacet
  facet normal 7.124824077e-02 1.018268317e-01 9.922474623e-01
    outer loop
      vertex -4.017832875e-02 -3.535423055e-02 1.348666567e-02
      vertex -3.681463003e-02 -3.206116334e-02 1.290719304e-02
      vertex -3.917201608e-02 -2.922320552e-02 1.278522704e-02
    endloop
  endfacet
  facet normal 2.761420608e-01 6.438805908e-02 9.589576125e-01
    outer loop
      vertex -4.017832875e-02 -3.535423055e-02 1.348666567e-02
      vertex -3.917201608e-02 -2.922320552e-02 1.278522704e-02
      vertex -4.410869628e-02 -3.475988284e-02 1.457855012e-02
    endloop
  endfacet
  facet normal 1.597340703e-01 1.724020690e-01 9.719889760e-01
    outer loop
      vertex -4.410869628e-02 -3.475988284e-02 1.457855012e-02
      vertex -3.917201608e-02 -2.922320552e-02 1.278522704e-02
      vertex -4.216686636e-02 -2.871209569e-02 1.318673696e-02
    endloop
  endfacet
  facet normal 2.850498259e-01 1.271157563e-01 9.500464201e-01
    outer loop
      vertex -4.410869628e-02 -3.475988284e-02 1.457855012e-02
      vertex -4.216686636e-02 -2.871209569e-02 1.318673696e-02
      vertex -4.342524335e-02 -2.843642421e-02 1.352741290e-02
    endloop
  endfacet
  facet normal 9.966238588e-02 4.096065760e-01 9.068019986e-01
    outer loop
      vertex -3.629467636e-02 -4.692373052e-02 1.630423591e-02
      vertex -3.629500419e-02 -4.533687606e-02 1.558748167e-02
      vertex -4.047226906e-02 -4.452643171e-02 1.568050496e-02
    endloop
  endfacet
  facet normal 5.818566307e-02 5.921753645e-01 8.037056327e-01
    outer loop
      vertex -3.629406169e-02 -4.854810610e-02 1.719683036e-02
      vertex -3.982325643e-02 -4.984349385e-02 1.840678230e-02
      vertex -3.629210964e-02 -5.153993145e-02 1.940108463e-02
    endloop
  endfacet
  facet normal 8.628299087e-02 6.313197613e-01 7.707079053e-01
    outer loop
      vertex -3.629210964e-02 -5.153993145e-02 1.940108463e-02
      vertex -3.982325643e-02 -4.984349385e-02 1.840678230e-02
      vertex -3.920548409e-02 -5.208862200e-02 2.017670125e-02
    endloop
  endfacet
  facet normal 5.682150647e-02 7.019180655e-01 7.099875808e-01
    outer loop
      vertex -3.629210964e-02 -5.153993145e-02 1.940108463e-02
      vertex -3.920548409e-02 -5.208862200e-02 2.017670125e-02
      vertex -3.629106283e-02 -5.313894525e-02 2.098184079e-02
    endloop
  endfacet
  facet normal 7.645325363e-02 7.315109968e-01 6.775297523e-01
    outer loop
      vertex -3.629106283e-02 -5.313894525e-02 2.098184079e-02
      vertex -3.920548409e-02 -5.208862200e-02 2.017670125e-02
      vertex -3.839235380e-02 -5.404180661e-02 2.219374850e-02
    endloop
  endfacet
  facet normal 5.122236535e-02 7.562823296e-01 6.522371173e-01
    outer loop
      vertex -3.629106283e-02 -5.313894525e-02 2.098184079e-02
      vertex -3.839235380e-02 -5.404180661e-02 2.219374850e-02
      vertex -3.629111499e-02 -5.392790213e-02 2.189665660e-02
    endloop
  endfacet
  facet normal 3.931581229e-02 8.080085516e-01 5.878574848e-01
    outer loop
      vertex -3.629111499e-02 -5.392790213e-02 2.189665660e-02
      vertex -3.839235380e-02 -5.404180661e-02 2.219374850e-02
      vertex -3.739310801e-02 -5.571380630e-02 2.442507818e-02
    endloop
  endfacet
  facet normal -1.420719083e-02 8.196199536e-01 5.727314353e-01
    outer loop
      vertex -3.629111499e-02 -5.392790213e-02 2.189665660e-02
      vertex -3.739310801e-02 -5.571380630e-02 2.442507818e-02
      vertex -3.629160672e-02 -5.612627044e-02 2.504266798e-02
    endloop
  endfacet
  facet normal 4.682357609e-02 8.672400117e-01 4.956836700e-01
    outer loop
      vertex -3.629160672e-02 -5.612627044e-02 2.504266798e-02
      vertex -3.739310801e-02 -5.571380630e-02 2.442507818e-02
      vertex -3.629260138e-02 -5.685291067e-02 2.631407976e-02
    endloop
  endfacet
  facet normal 1.066541970e-01 9.442769885e-01 3.113934696e-01
    outer loop
      vertex -3.629396856e-02 -6.099260226e-02 3.638294712e-02
      vertex -3.629419580e-02 -6.083268300e-02 3.589808196e-02
      vertex -3.898594901e-02 -5.893901363e-02 3.107761592e-02
    endloop
  endfacet
  facet normal 8.213889599e-02 9.423698187e-01 3.243336380e-01
    outer loop
      vertex -3.898594901e-02 -5.893901363e-02 3.107761592e-02
      vertex -3.629419580e-02 -6.083268300e-02 3.589808196e-02
      vertex -3.629511595e-02 -6.013417616e-02 3.386876360e-02
    endloop
  endfacet
  facet normal 2.560927533e-02 9.276647568e-01 3.725349009e-01
    outer loop
      vertex -3.898594901e-02 -5.893901363e-02 3.107761592e-02
      vertex -3.629511595e-02 -6.013417616e-02 3.386876360e-02
      vertex -3.629437834e-02 -5.813941732e-02 2.890148014e-02
    endloop
  endfacet
  facet normal 1.076598987e-01 8.826740980e-01 4.574885368e-01
    outer loop
      vertex -3.629437834e-02 -5.813941732e-02 2.890148014e-02
      vertex -4.137682915e-02 -5.610019341e-02 2.616306394e-02
      vertex -3.898594901e-02 -5.893901363e-02 3.107761592e-02
    endloop
  endfacet
  facet normal 1.781022549e-01 8.871213198e-01 4.257878959e-01
    outer loop
      vertex -3.898594901e-02 -5.893901363e-02 3.107761592e-02
      vertex -4.137682915e-02 -5.610019341e-02 2.616306394e-02
      vertex -4.094094038e-02 -5.906564370e-02 3.215919808e-02
    endloop
  endfacet
  facet normal 1.101540476e-01 9.444386363e-01 3.096801639e-01
    outer loop
      vertex -3.898594901e-02 -5.893901363e-02 3.107761592e-02
      vertex -4.094094038e-02 -5.906564370e-02 3.215919808e-02
      vertex -3.629396856e-02 -6.099260226e-02 3.638294712e-02
    endloop
  endfacet
  facet normal 7.957174629e-02 9.370662570e-01 3.399634361e-01
    outer loop
      vertex -3.629396856e-02 -6.099260226e-02 3.638294712e-02
      vertex -4.094094038e-02 -5.906564370e-02 3.215919808e-02
      vertex -4.010467976e-02 -6.141418591e-02 3.843692318e-02
    endloop
  endfacet
  facet normal 5.275907367e-02 9.544161558e-01 2.937794030e-01
    outer loop
      vertex -3.629396856e-02 -6.099260226e-02 3.638294712e-02
      vertex -4.010467976e-02 -6.141418591e-02 3.843692318e-02
      vertex -3.629322723e-02 -6.294125319e-02 4.271350801e-02
    endloop
  endfacet
  facet normal 6.266475469e-02 9.562917352e-01 2.856208086e-01
    outer loop
      vertex -3.629322723e-02 -6.294125319e-02 4.271350801e-02
      vertex -4.010467976e-02 -6.141418591e-02 3.843692318e-02
      vertex -3.629127517e-02 -6.307858229e-02 4.317287356e-02
    endloop
  endfacet
  facet normal 2.686648965e-01 9.145881534e-01 3.022378683e-01
    outer loop
      vertex -4.307280108e-02 -6.209880486e-02 4.248604551e-02
      vertex -4.387612641e-02 -6.140000001e-02 4.108551517e-02
      vertex -4.350164160e-02 -6.196743622e-02 4.246972129e-02
    endloop
  endfacet
  facet normal 3.751019835e-01 8.889163733e-01 2.629184723e-01
    outer loop
      vertex -4.350164160e-02 -6.196743622e-02 4.246972129e-02
      vertex -4.387612641e-02 -6.140000001e-02 4.108551517e-02
      vertex -4.649475589e-02 -6.071576849e-02 4.250811785e-02
    endloop
  endfacet
  facet normal 2.647568285e-01 9.149277806e-01 3.046489656e-01
    outer loop
      vertex -4.307280108e-02 -6.209880486e-02 4.248604551e-02
      vertex -4.202653468e-02 -6.147465482e-02 3.970232233e-02
      vertex -4.387612641e-02 -6.140000001e-02 4.108551517e-02
    endloop
  endfacet
  facet normal 2.920705080e-01 8.930218220e-01 3.423548639e-01
    outer loop
      vertex -4.387612641e-02 -6.140000001e-02 4.108551517e-02
      vertex -4.202653468e-02 -6.147465482e-02 3.970232233e-02
      vertex -4.520266503e-02 -6.004664674e-02 3.868703544e-02
    endloop
  endfacet
  facet normal 3.837208152e-01 8.788081408e-01 2.836452425e-01
    outer loop
      vertex -4.387612641e-02 -6.140000001e-02 4.108551517e-02
      vertex -4.520266503e-02 -6.004664674e-02 3.868703544e-02
      vertex -4.649475589e-02 -6.071576849e-02 4.250811785e-02
    endloop
  endfacet
  facet normal 8.768236041e-01 3.709379435e-01 3.059174120e-01
    outer loop
      vertex -5.200463533e-02 -5.083385482e-02 3.400778770e-02
      vertex -5.133691803e-02 -4.925644770e-02 3.018129617e-02
      vertex -5.250345170e-02 -4.826718941e-02 3.232530877e-02
    endloop
  endfacet
  facet normal 8.883608580e-01 3.063614368e-01 3.419906497e-01
    outer loop
      vertex -5.250345170e-02 -4.826718941e-02 3.232530877e-02
      vertex -5.133691803e-02 -4.925644770e-02 3.018129617e-02
      vertex -5.205887929e-02 -4.371860996e-02 2.709577978e-02
    endloop
  endfacet
  facet normal 9.226018786e-01 2.487767041e-01 2.948150635e-01
    outer loop
      vertex -5.250345170e-02 -4.826718941e-02 3.232530877e-02
      vertex -5.205887929e-02 -4.371860996e-02 2.709577978e-02
      vertex -5.306316540e-02 -4.267686978e-02 2.935955673e-02
    endloop
  endfacet
  facet normal 9.809029847e-02 4.071940780e-01 9.080590606e-01
    outer loop
      vertex -3.629467636e-02 -4.692373052e-02 1.630423591e-02
      vertex -4.047226906e-02 -4.452643171e-02 1.568050496e-02
      vertex -4.024379700e-02 -4.731294885e-02 1.690536179e-02
    endloop
  endfacet
  facet normal 3.531339467e-01 4.005939662e-01 8.454707861e-01
    outer loop
      vertex -4.024379700e-02 -4.731294885e-02 1.690536179e-02
      vertex -4.047226906e-02 -4.452643171e-02 1.568050496e-02
      vertex -4.438017309e-02 -4.424524680e-02 1.717951894e-02
    endloop
  endfacet
  facet normal 3.572977185e-01 4.066229165e-01 8.408306241e-01
    outer loop
      vertex -4.024379700e-02 -4.731294885e-02 1.690536179e-02
      vertex -4.438017309e-02 -4.424524680e-02 1.717951894e-02
      vertex -4.414309561e-02 -4.716110602e-02 1.848887652e-02
    endloop
  endfacet
  facet normal 6.112707853e-01 2.671233118e-01 7.449786067e-01
    outer loop
      vertex -4.802337661e-02 -4.015502706e-02 1.870223507e-02
      vertex -4.438017309e-02 -4.424524680e-02 1.717951894e-02
      vertex -4.444097728e-02 -4.114193097e-02 1.611666940e-02
    endloop
  endfacet
  facet normal 3.599364758e-01 3.086000085e-01 8.804610968e-01
    outer loop
      vertex -4.444097728e-02 -4.114193097e-02 1.611666940e-02
      vertex -4.438017309e-02 -4.424524680e-02 1.717951894e-02
      vertex -4.047226906e-02 -4.452643171e-02 1.568050496e-02
    endloop
  endfacet
  facet normal 3.462511003e-01 2.910859287e-01 8.918403387e-01
    outer loop
      vertex -4.444097728e-02 -4.114193097e-02 1.611666940e-02
      vertex -4.047226906e-02 -4.452643171e-02 1.568050496e-02
      vertex -4.052060097e-02 -4.154184833e-02 1.472513657e-02
    endloop
  endfacet
  facet normal 8.031686395e-02 3.050574064e-01 9.489410520e-01
    outer loop
      vertex -4.052060097e-02 -4.154184833e-02 1.472513657e-02
      vertex -4.047226906e-02 -4.452643171e-02 1.568050496e-02
      vertex -3.629500419e-02 -4.533687606e-02 1.558748167e-02
    endloop
  endfacet
  facet normal 9.912755340e-02 3.241517544e-01 9.407972097e-01
    outer loop
      vertex -4.052060097e-02 -4.154184833e-02 1.472513657e-02
      vertex -3.629500419e-02 -4.533687606e-02 1.558748167e-02
      vertex -3.629493341e-02 -4.239309207e-02 1.457319316e-02
    endloop
  endfacet
  facet normal 6.164988875e-01 3.637031019e-01 6.983188391e-01
    outer loop
      vertex -4.414309561e-02 -4.716110602e-02 1.848887652e-02
      vertex -4.438017309e-02 -4.424524680e-02 1.717951894e-02
      vertex -4.774403200e-02 -4.627389088e-02 2.120581642e-02
    endloop
  endfacet
  facet normal 6.444626451e-01 3.145756721e-01 6.969289780e-01
    outer loop
      vertex -4.774403200e-02 -4.627389088e-02 2.120581642e-02
      vertex -4.438017309e-02 -4.424524680e-02 1.717951894e-02
      vertex -4.802337661e-02 -4.015502706e-02 1.870223507e-02
    endloop
  endfacet
  facet normal 7.971721292e-01 2.594507635e-01 5.451623201e-01
    outer loop
      vertex -4.774403200e-02 -4.627389088e-02 2.120581642e-02
      vertex -4.802337661e-02 -4.015502706e-02 1.870223507e-02
      vertex -5.081624538e-02 -4.469320551e-02 2.494593710e-02
    endloop
  endfacet
  facet normal 8.005522490e-01 2.540488243e-01 5.427479148e-01
    outer loop
      vertex -5.081624538e-02 -4.469320551e-02 2.494593710e-02
      vertex -4.802337661e-02 -4.015502706e-02 1.870223507e-02
      vertex -5.101677775e-02 -3.861067072e-02 2.239461616e-02
    endloop
  endfacet
  facet normal 8.847895861e-01 2.047512829e-01 4.185979962e-01
    outer loop
      vertex -5.081624538e-02 -4.469320551e-02 2.494593710e-02
      vertex -5.101677775e-02 -3.861067072e-02 2.239461616e-02
      vertex -5.205887929e-02 -4.371860996e-02 2.709577978e-02
    endloop
  endfacet
  facet normal 9.184294343e-01 1.496501118e-01 3.661860228e-01
    outer loop
      vertex -5.205887929e-02 -4.371860996e-02 2.709577978e-02
      vertex -5.101677775e-02 -3.861067072e-02 2.239461616e-02
      vertex -5.310863256e-02 -3.669608012e-02 2.685874701e-02
    endloop
  endfacet
  facet normal 9.274905324e-01 1.501999497e-01 3.423466980e-01
    outer loop
      vertex -5.205887929e-02 -4.371860996e-02 2.709577978e-02
      vertex -5.310863256e-02 -3.669608012e-02 2.685874701e-02
      vertex -5.306316540e-02 -4.267686978e-02 2.935955673e-02
    endloop
  endfacet
  facet normal 9.140848368e-02 1.911326647e-01 9.772987366e-01
    outer loop
      vertex -3.629447892e-02 -4.134077206e-02 1.429053489e-02
      vertex -3.631172329e-02 -3.702983633e-02 1.344904769e-02
      vertex -4.052060097e-02 -4.154184833e-02 1.472513657e-02
    endloop
  endfacet
  facet normal 9.207426757e-02 1.905273646e-01 9.773544073e-01
    outer loop
      vertex -4.052060097e-02 -4.154184833e-02 1.472513657e-02
      vertex -3.631172329e-02 -3.702983633e-02 1.344904769e-02
      vertex -4.017832875e-02 -3.535423055e-02 1.348666567e-02
    endloop
  endfacet
  facet normal 3.448512852e-01 1.658438444e-01 9.238903522e-01
    outer loop
      vertex -4.052060097e-02 -4.154184833e-02 1.472513657e-02
      vertex -4.017832875e-02 -3.535423055e-02 1.348666567e-02
      vertex -4.444097728e-02 -4.114193097e-02 1.611666940e-02
    endloop
  endfacet
  facet normal 2.910385132e-01 2.098083943e-01 9.334222078e-01
    outer loop
      vertex -4.444097728e-02 -4.114193097e-02 1.611666940e-02
      vertex -4.017832875e-02 -3.535423055e-02 1.348666567e-02
      vertex -4.410869628e-02 -3.475988284e-02 1.457855012e-02
    endloop
  endfacet
  facet normal 6.060011983e-01 1.564179808e-01 7.799333334e-01
    outer loop
      vertex -4.444097728e-02 -4.114193097e-02 1.611666940e-02
      vertex -4.410869628e-02 -3.475988284e-02 1.457855012e-02
      vertex -4.802337661e-02 -4.015502706e-02 1.870223507e-02
    endloop
  endfacet
  facet normal 5.617663264e-01 2.049953938e-01 8.014957905e-01
    outer loop
      vertex -4.802337661e-02 -4.015502706e-02 1.870223507e-02
      vertex -4.410869628e-02 -3.475988284e-02 1.457855012e-02
      vertex -4.767039418e-02 -3.375703469e-02 1.681844145e-02
    endloop
  endfacet
  facet normal 7.961148620e-01 1.300881654e-01 5.909976363e-01
    outer loop
      vertex -4.802337661e-02 -4.015502706e-02 1.870223507e-02
      vertex -4.767039418e-02 -3.375703469e-02 1.681844145e-02
      vertex -5.101677775e-02 -3.861067072e-02 2.239461616e-02
    endloop
  endfacet
  facet normal 5.551162958e-01 7.149785161e-01 4.250313342e-01
    outer loop
      vertex -4.600080848e-02 -5.382582918e-02 2.652619407e-02
      vertex -4.683252424e-02 -5.538931862e-02 3.024253249e-02
      vertex -4.508882761e-02 -5.581576005e-02 2.868251130e-02
    endloop
  endfacet
  facet normal 5.088505745e-01 7.845670581e-01 3.542959392e-01
    outer loop
      vertex -4.508882761e-02 -5.581576005e-02 2.868251130e-02
      vertex -4.683252424e-02 -5.538931862e-02 3.024253249e-02
      vertex -4.466600344e-02 -5.885395780e-02 3.480314463e-02
    endloop
  endfacet
  facet normal 1.857232302e-01 9.415889382e-01 2.809218764e-01
    outer loop
      vertex -4.307280108e-02 -6.209880486e-02 4.248604551e-02
      vertex -4.022211209e-02 -6.272348762e-02 4.269520938e-02
      vertex -4.202653468e-02 -6.147465482e-02 3.970232233e-02
    endloop
  endfacet
  facet normal 1.639794558e-01 9.416202307e-01 2.940443456e-01
    outer loop
      vertex -4.202653468e-02 -6.147465482e-02 3.970232233e-02
      vertex -4.022211209e-02 -6.272348762e-02 4.269520938e-02
      vertex -4.010467976e-02 -6.141418591e-02 3.843692318e-02
    endloop
  endfacet
  facet normal 1.897932738e-01 9.238444567e-01 3.324002624e-01
    outer loop
      vertex -4.202653468e-02 -6.147465482e-02 3.970232233e-02
      vertex -4.010467976e-02 -6.141418591e-02 3.843692318e-02
      vertex -4.283589497e-02 -5.904105678e-02 3.340071812e-02
    endloop
  endfacet
  facet normal 2.191018611e-01 9.230658412e-01 3.161388636e-01
    outer loop
      vertex -4.283589497e-02 -5.904105678e-02 3.340071812e-02
      vertex -4.010467976e-02 -6.141418591e-02 3.843692318e-02
      vertex -4.094094038e-02 -5.906564370e-02 3.215919808e-02
    endloop
  endfacet
  facet normal 2.784909606e-01 8.695428967e-01 4.078454971e-01
    outer loop
      vertex -4.283589497e-02 -5.904105678e-02 3.340071812e-02
      vertex -4.094094038e-02 -5.906564370e-02 3.215919808e-02
      vertex -4.326762632e-02 -5.605122820e-02 2.732108533e-02
    endloop
  endfacet
  facet normal 2.738154233e-01 8.698731065e-01 4.102997482e-01
    outer loop
      vertex -4.326762632e-02 -5.605122820e-02 2.732108533e-02
      vertex -4.094094038e-02 -5.906564370e-02 3.215919808e-02
      vertex -4.137682915e-02 -5.610019341e-02 2.616306394e-02
    endloop
  endfacet
  facet normal 3.284488320e-01 7.997794747e-01 5.024680495e-01
    outer loop
      vertex -4.326762632e-02 -5.605122820e-02 2.732108533e-02
      vertex -4.137682915e-02 -5.610019341e-02 2.616306394e-02
      vertex -4.233659059e-02 -5.429625884e-02 2.391910553e-02
    endloop
  endfacet
  facet normal 7.543591261e-01 4.856849909e-01 4.416473508e-01
    outer loop
      vertex -4.733721539e-02 -4.904556647e-02 2.276920527e-02
      vertex -5.047421530e-02 -4.752579704e-02 2.645607293e-02
      vertex -4.675371572e-02 -5.156857148e-02 2.454713359e-02
    endloop
  endfacet
  facet normal 7.445688844e-01 4.542358220e-01 4.891696572e-01
    outer loop
      vertex -4.675371572e-02 -5.156857148e-02 2.454713359e-02
      vertex -5.047421530e-02 -4.752579704e-02 2.645607293e-02
      vertex -4.996749014e-02 -5.016595498e-02 2.813639492e-02
    endloop
  endfacet
  facet normal 7.038066387e-01 5.863659382e-01 4.010377228e-01
    outer loop
      vertex -4.675371572e-02 -5.156857148e-02 2.454713359e-02
      vertex -4.996749014e-02 -5.016595498e-02 2.813639492e-02
      vertex -4.600080848e-02 -5.382582918e-02 2.652619407e-02
    endloop
  endfacet
  facet normal 6.944510937e-01 5.469964743e-01 4.674746990e-01
    outer loop
      vertex -4.600080848e-02 -5.382582918e-02 2.652619407e-02
      vertex -4.996749014e-02 -5.016595498e-02 2.813639492e-02
      vertex -4.930036888e-02 -5.259049311e-02 2.998233587e-02
    endloop
  endfacet
  facet normal 6.644006371e-01 6.240620613e-01 4.112399817e-01
    outer loop
      vertex -4.600080848e-02 -5.382582918e-02 2.652619407e-02
      vertex -4.930036888e-02 -5.259049311e-02 2.998233587e-02
      vertex -4.683252424e-02 -5.538931862e-02 3.024253249e-02
    endloop
  endfacet
  facet normal 6.635657549e-01 6.235262752e-01 4.133950174e-01
    outer loop
      vertex -4.683252424e-02 -5.538931862e-02 3.024253249e-02
      vertex -4.930036888e-02 -5.259049311e-02 2.998233587e-02
      vertex -4.848052189e-02 -5.478790775e-02 3.198072314e-02
    endloop
  endfacet
  facet normal 5.862629414e-01 7.545968294e-01 2.947531641e-01
    outer loop
      vertex -4.683252424e-02 -5.538931862e-02 3.024253249e-02
      vertex -4.848052189e-02 -5.478790775e-02 3.198072314e-02
      vertex -4.466600344e-02 -5.885395780e-02 3.480314463e-02
    endloop
  endfacet
  facet normal 4.317733943e-01 7.514093518e-01 4.989546835e-01
    outer loop
      vertex -4.466600344e-02 -5.885395780e-02 3.480314463e-02
      vertex -4.848052189e-02 -5.478790775e-02 3.198072314e-02
      vertex -4.751729965e-02 -5.675697699e-02 3.411254659e-02
    endloop
  endfacet
  facet normal 4.884972572e-01 7.877804041e-01 3.751965463e-01
    outer loop
      vertex -4.466600344e-02 -5.885395780e-02 3.480314463e-02
      vertex -4.751729965e-02 -5.675697699e-02 3.411254659e-02
      vertex -4.642086476e-02 -5.850518122e-02 3.635562584e-02
    endloop
  endfacet
  facet normal 3.014989793e-01 6.400700212e-01 7.066885829e-01
    outer loop
      vertex -3.982325643e-02 -4.984349385e-02 1.840678230e-02
      vertex -4.372416064e-02 -4.982623830e-02 2.005542070e-02
      vertex -3.920548409e-02 -5.208862200e-02 2.017670125e-02
    endloop
  endfacet
  facet normal 2.938892543e-01 6.257221699e-01 7.225654721e-01
    outer loop
      vertex -3.920548409e-02 -5.208862200e-02 2.017670125e-02
      vertex -4.372416064e-02 -4.982623830e-02 2.005542070e-02
      vertex -4.312130436e-02 -5.220768228e-02 2.187248692e-02
    endloop
  endfacet
  facet normal 2.463604510e-01 7.439886928e-01 6.211178303e-01
    outer loop
      vertex -3.920548409e-02 -5.208862200e-02 2.017670125e-02
      vertex -4.312130436e-02 -5.220768228e-02 2.187248692e-02
      vertex -3.839235380e-02 -5.404180661e-02 2.219374850e-02
    endloop
  endfacet
  facet normal 2.367518544e-01 7.239210010e-01 6.479868293e-01
    outer loop
      vertex -3.839235380e-02 -5.404180661e-02 2.219374850e-02
      vertex -4.312130436e-02 -5.220768228e-02 2.187248692e-02
      vertex -4.233659059e-02 -5.429625884e-02 2.391910553e-02
    endloop
  endfacet
  facet normal 1.814546734e-01 8.242453933e-01 5.363708735e-01
    outer loop
      vertex -3.839235380e-02 -5.404180661e-02 2.219374850e-02
      vertex -4.233659059e-02 -5.429625884e-02 2.391910553e-02
      vertex -3.739310801e-02 -5.571380630e-02 2.442507818e-02
    endloop
  endfacet
  facet normal 1.715697497e-01 8.023634553e-01 5.716438890e-01
    outer loop
      vertex -3.739310801e-02 -5.571380630e-02 2.442507818e-02
      vertex -4.233659059e-02 -5.429625884e-02 2.391910553e-02
      vertex -4.137682915e-02 -5.610019341e-02 2.616306394e-02
    endloop
  endfacet
  facet normal 1.164141893e-01 8.790637851e-01 4.622710943e-01
    outer loop
      vertex -3.739310801e-02 -5.571380630e-02 2.442507818e-02
      vertex -4.137682915e-02 -5.610019341e-02 2.616306394e-02
      vertex -3.629260138e-02 -5.685291067e-02 2.631407976e-02
    endloop
  endfacet
  facet normal 1.184947193e-01 8.890798092e-01 4.421494305e-01
    outer loop
      vertex -3.629260138e-02 -5.685291067e-02 2.631407976e-02
      vertex -4.137682915e-02 -5.610019341e-02 2.616306394e-02
      vertex -3.629437834e-02 -5.813941732e-02 2.890148014e-02
    endloop
  endfacet
  facet normal 5.636232495e-01 5.865023732e-01 5.816732049e-01
    outer loop
      vertex -4.372416064e-02 -4.982623830e-02 2.005542070e-02
      vertex -4.733721539e-02 -4.904556647e-02 2.276920527e-02
      vertex -4.312130436e-02 -5.220768228e-02 2.187248692e-02
    endloop
  endfacet
  facet normal 5.523470640e-01 5.617612600e-01 6.159034371e-01
    outer loop
      vertex -4.312130436e-02 -5.220768228e-02 2.187248692e-02
      vertex -4.733721539e-02 -4.904556647e-02 2.276920527e-02
      vertex -4.675371572e-02 -5.156857148e-02 2.454713359e-02
    endloop
  endfacet
  facet normal 5.020040274e-01 6.941468120e-01 5.158993602e-01
    outer loop
      vertex -4.312130436e-02 -5.220768228e-02 2.187248692e-02
      vertex -4.675371572e-02 -5.156857148e-02 2.454713359e-02
      vertex -4.233659059e-02 -5.429625884e-02 2.391910553e-02
    endloop
  endfacet
  facet normal 4.892981946e-01 6.614978313e-01 5.683377981e-01
    outer loop
      vertex -4.233659059e-02 -5.429625884e-02 2.391910553e-02
      vertex -4.675371572e-02 -5.156857148e-02 2.454713359e-02
      vertex -4.600080848e-02 -5.382582918e-02 2.652619407e-02
    endloop
  endfacet
  facet normal 4.527249932e-01 7.358763814e-01 5.035137534e-01
    outer loop
      vertex -4.233659059e-02 -5.429625884e-02 2.391910553e-02
      vertex -4.600080848e-02 -5.382582918e-02 2.652619407e-02
      vertex -4.326762632e-02 -5.605122820e-02 2.732108533e-02
    endloop
  endfacet
  facet normal 4.610296488e-01 7.407519221e-01 4.886084795e-01
    outer loop
      vertex -4.326762632e-02 -5.605122820e-02 2.732108533e-02
      vertex -4.600080848e-02 -5.382582918e-02 2.652619407e-02
      vertex -4.508882761e-02 -5.581576005e-02 2.868251130e-02
    endloop
  endfacet
  facet normal 3.942283690e-01 8.354622722e-01 3.828665614e-01
    outer loop
      vertex -4.326762632e-02 -5.605122820e-02 2.732108533e-02
      vertex -4.508882761e-02 -5.581576005e-02 2.868251130e-02
      vertex -4.283589497e-02 -5.904105678e-02 3.340071812e-02
    endloop
  endfacet
  facet normal 3.838247657e-01 8.373978138e-01 3.891573846e-01
    outer loop
      vertex -4.283589497e-02 -5.904105678e-02 3.340071812e-02
      vertex -4.508882761e-02 -5.581576005e-02 2.868251130e-02
      vertex -4.466600344e-02 -5.885395780e-02 3.480314463e-02
    endloop
  endfacet
  facet normal 3.246471584e-01 8.955920935e-01 3.041693270e-01
    outer loop
      vertex -4.283589497e-02 -5.904105678e-02 3.340071812e-02
      vertex -4.466600344e-02 -5.885395780e-02 3.480314463e-02
      vertex -4.202653468e-02 -6.147465482e-02 3.970232233e-02
    endloop
  endfacet
  facet normal 4.005132020e-01 8.800919652e-01 2.550044954e-01
    outer loop
      vertex -4.202653468e-02 -6.147465482e-02 3.970232233e-02
      vertex -4.466600344e-02 -5.885395780e-02 3.480314463e-02
      vertex -4.642086476e-02 -5.850518122e-02 3.635562584e-02
    endloop
  endfacet
  facet normal 2.467544824e-01 8.626884222e-01 4.414531887e-01
    outer loop
      vertex -4.202653468e-02 -6.147465482e-02 3.970232233e-02
      vertex -4.642086476e-02 -5.850518122e-02 3.635562584e-02
      vertex -4.520266503e-02 -6.004664674e-02 3.868703544e-02
    endloop
  endfacet
  facet normal 6.930360794e-01 9.641400725e-02 7.144265771e-01
    outer loop
      vertex -4.714501277e-02 -2.735161968e-02 1.544435974e-02
      vertex -4.896719009e-02 -2.662387677e-02 1.711376943e-02
      vertex -4.767039418e-02 -3.375703469e-02 1.681844145e-02
    endloop
  endfacet
  facet normal 7.720645070e-01 1.144775227e-01 6.251490712e-01
    outer loop
      vertex -4.767039418e-02 -3.375703469e-02 1.681844145e-02
      vertex -4.896719009e-02 -2.662387677e-02 1.711376943e-02
      vertex -5.066704378e-02 -3.235066310e-02 2.026179433e-02
    endloop
  endfacet
  facet normal 7.763217092e-01 1.639925092e-01 6.086305380e-01
    outer loop
      vertex -4.767039418e-02 -3.375703469e-02 1.681844145e-02
      vertex -5.066704378e-02 -3.235066310e-02 2.026179433e-02
      vertex -5.101677775e-02 -3.861067072e-02 2.239461616e-02
    endloop
  endfacet
  facet normal 9.081018567e-01 8.869921416e-02 4.092474282e-01
    outer loop
      vertex -5.101677775e-02 -3.861067072e-02 2.239461616e-02
      vertex -5.066704378e-02 -3.235066310e-02 2.026179433e-02
      vertex -5.279171839e-02 -3.064301796e-02 2.460624278e-02
    endloop
  endfacet
  facet normal 9.165472984e-01 9.644415975e-02 3.881231844e-01
    outer loop
      vertex -5.101677775e-02 -3.861067072e-02 2.239461616e-02
      vertex -5.279171839e-02 -3.064301796e-02 2.460624278e-02
      vertex -5.310863256e-02 -3.669608012e-02 2.685874701e-02
    endloop
  endfacet
  facet normal 9.762921929e-01 2.872223221e-02 2.145426571e-01
    outer loop
      vertex -5.310863256e-02 -3.669608012e-02 2.685874701e-02
      vertex -5.279171839e-02 -3.064301796e-02 2.460624278e-02
      vertex -5.423589796e-02 -3.462893143e-02 3.171170875e-02
    endloop
  endfacet
  facet normal 9.779040813e-01 8.693201840e-02 1.901222467e-01
    outer loop
      vertex -5.310863256e-02 -3.669608012e-02 2.685874701e-02
      vertex -5.423589796e-02 -3.462893143e-02 3.171170875e-02
      vertex -5.306316540e-02 -4.267686978e-02 2.935955673e-02
    endloop
  endfacet
  facet normal 9.687851667e-01 7.182371616e-02 2.372691482e-01
    outer loop
      vertex -5.306316540e-02 -4.267686978e-02 2.935955673e-02
      vertex -5.423589796e-02 -3.462893143e-02 3.171170875e-02
      vertex -5.438176170e-02 -4.050061479e-02 3.408469632e-02
    endloop
  endfacet
  facet normal 9.645659924e-01 1.923703104e-01 1.805716604e-01
    outer loop
      vertex -5.306316540e-02 -4.267686978e-02 2.935955673e-02
      vertex -5.438176170e-02 -4.050061479e-02 3.408469632e-02
      vertex -5.250345170e-02 -4.826718941e-02 3.232530877e-02
    endloop
  endfacet
  facet normal 9.447746873e-01 1.642465591e-01 2.835910618e-01
    outer loop
      vertex -5.250345170e-02 -4.826718941e-02 3.232530877e-02
      vertex -5.438176170e-02 -4.050061479e-02 3.408469632e-02
      vertex -5.421091616e-02 -4.615641013e-02 3.679117933e-02
    endloop
  endfacet
  facet normal 9.266453385e-01 3.147971928e-01 2.055022717e-01
    outer loop
      vertex -5.250345170e-02 -4.826718941e-02 3.232530877e-02
      vertex -5.421091616e-02 -4.615641013e-02 3.679117933e-02
      vertex -5.200463533e-02 -5.083385482e-02 3.400778770e-02
    endloop
  endfacet
  facet normal 9.200655222e-01 2.591463625e-01 2.938070893e-01
    outer loop
      vertex -5.200463533e-02 -5.083385482e-02 3.400778770e-02
      vertex -5.421091616e-02 -4.615641013e-02 3.679117933e-02
      vertex -5.394386128e-02 -4.882330075e-02 3.830716386e-02
    endloop
  endfacet
  facet normal 8.897542953e-01 4.040150940e-01 2.123890519e-01
    outer loop
      vertex -5.200463533e-02 -5.083385482e-02 3.400778770e-02
      vertex -5.394386128e-02 -4.882330075e-02 3.830716386e-02
      vertex -5.135469511e-02 -5.321813002e-02 3.582048044e-02
    endloop
  endfacet
  facet normal 8.854757547e-01 3.464286327e-01 3.097093701e-01
    outer loop
      vertex -5.135469511e-02 -5.321813002e-02 3.582048044e-02
      vertex -5.394386128e-02 -4.882330075e-02 3.830716386e-02
      vertex -5.352819338e-02 -5.134481564e-02 3.993921354e-02
    endloop
  endfacet
  facet normal 8.395289183e-01 4.983810186e-01 2.163505852e-01
    outer loop
      vertex -5.135469511e-02 -5.321813002e-02 3.582048044e-02
      vertex -5.352819338e-02 -5.134481564e-02 3.993921354e-02
      vertex -5.055345967e-02 -5.540749803e-02 3.775474429e-02
    endloop
  endfacet
  facet normal 8.382787108e-01 4.425264299e-01 3.185265660e-01
    outer loop
      vertex -5.055345967e-02 -5.540749803e-02 3.775474429e-02
      vertex -5.352819338e-02 -5.134481564e-02 3.993921354e-02
      vertex -5.294906721e-02 -5.370030180e-02 4.168756306e-02
    endloop
  endfacet
  facet normal 7.763398886e-01 5.922147632e-01 2.158194482e-01
    outer loop
      vertex -5.055345967e-02 -5.540749803e-02 3.775474429e-02
      vertex -5.294906721e-02 -5.370030180e-02 4.168756306e-02
      vertex -4.960345104e-02 -5.739787593e-02 3.979905322e-02
    endloop
  endfacet
  facet normal 7.780984044e-01 5.410779119e-01 3.190572858e-01
    outer loop
      vertex -4.960345104e-02 -5.739787593e-02 3.979905322e-02
      vertex -5.294906721e-02 -5.370030180e-02 4.168756306e-02
      vertex -5.219823122e-02 -5.587786809e-02 4.354932532e-02
    endloop
  endfacet
  facet normal 9.909173846e-01 2.827344090e-02 1.314661354e-01
    outer loop
      vertex -5.461975932e-02 -3.657609597e-02 3.503457084e-02
      vertex -5.481201783e-02 -3.872767463e-02 3.694643080e-02
      vertex -5.438176170e-02 -4.050061479e-02 3.408469632e-02
    endloop
  endfacet
  facet normal 9.912694097e-01 3.567393869e-02 1.269342005e-01
    outer loop
      vertex -5.438176170e-02 -4.050061479e-02 3.408469632e-02
      vertex -5.481201783e-02 -3.872767463e-02 3.694643080e-02
      vertex -5.501254648e-02 -4.039445892e-02 3.898086026e-02
    endloop
  endfacet
  facet normal 9.880384803e-01 8.982696384e-02 1.253438443e-01
    outer loop
      vertex -5.438176170e-02 -4.050061479e-02 3.408469632e-02
      vertex -5.501254648e-02 -4.039445892e-02 3.898086026e-02
      vertex -5.421091616e-02 -4.615641013e-02 3.679117933e-02
    endloop
  endfacet
  facet normal 9.819210768e-01 6.973366439e-02 1.759780198e-01
    outer loop
      vertex -5.421091616e-02 -4.615641013e-02 3.679117933e-02
      vertex -5.501254648e-02 -4.039445892e-02 3.898086026e-02
      vertex -5.519017577e-02 -4.396325722e-02 4.138617963e-02
    endloop
  endfacet
  facet normal 9.772011638e-01 1.700886935e-01 1.270735860e-01
    outer loop
      vertex -5.421091616e-02 -4.615641013e-02 3.679117933e-02
      vertex -5.519017577e-02 -4.396325722e-02 4.138617963e-02
      vertex -5.394386128e-02 -4.882330075e-02 3.830716386e-02
    endloop
  endfacet
  facet normal 9.739977717e-01 1.340707093e-01 1.826291531e-01
    outer loop
      vertex -5.394386128e-02 -4.882330075e-02 3.830716386e-02
      vertex -5.519017577e-02 -4.396325722e-02 4.138617963e-02
      vertex -5.498644337e-02 -4.930082336e-02 4.421801865e-02
    endloop
  endfacet
  facet normal 9.420793653e-01 2.773553431e-01 1.885748506e-01
    outer loop
      vertex -5.394386128e-02 -4.882330075e-02 3.830716386e-02
      vertex -5.498644337e-02 -4.930082336e-02 4.421801865e-02
      vertex -5.352819338e-02 -5.134481564e-02 3.993921354e-02
    endloop
  endfacet
  facet normal 9.462385774e-01 2.529045045e-01 2.016725689e-01
    outer loop
      vertex -5.352819338e-02 -5.134481564e-02 3.993921354e-02
      vertex -5.498644337e-02 -4.930082336e-02 4.421801865e-02
      vertex -5.448734015e-02 -5.189320818e-02 4.512719065e-02
    endloop
  endfacet
  facet normal 9.034457803e-01 3.755657971e-01 2.067269385e-01
    outer loop
      vertex -5.352819338e-02 -5.134481564e-02 3.993921354e-02
      vertex -5.448734015e-02 -5.189320818e-02 4.512719065e-02
      vertex -5.294906721e-02 -5.370030180e-02 4.168756306e-02
    endloop
  endfacet
  facet normal 9.021711946e-01 3.802592158e-01 2.036911100e-01
    outer loop
      vertex -5.294906721e-02 -5.370030180e-02 4.168756306e-02
      vertex -5.448734015e-02 -5.189320818e-02 4.512719065e-02
      vertex -5.310552940e-02 -5.463365093e-02 4.412296787e-02
    endloop
  endfacet
  facet normal 8.336806297e-01 4.956575036e-01 2.435164005e-01
    outer loop
      vertex -5.294906721e-02 -5.370030180e-02 4.168756306e-02
      vertex -5.310552940e-02 -5.463365093e-02 4.412296787e-02
      vertex -5.219823122e-02 -5.587786809e-02 4.354932532e-02
    endloop
  endfacet
  facet normal 7.437992096e-01 6.364824772e-01 -2.040901333e-01
    outer loop
      vertex -5.219823122e-02 -5.587786809e-02 4.354932532e-02
      vertex -5.310552940e-02 -5.463365093e-02 4.412296787e-02
      vertex -5.120560527e-02 -5.711070076e-02 4.332216084e-02
    endloop
  endfacet
  facet normal 7.686784863e-01 5.629525781e-01 3.036738038e-01
    outer loop
      vertex -5.219823122e-02 -5.587786809e-02 4.354932532e-02
      vertex -5.120560527e-02 -5.711070076e-02 4.332216084e-02
      vertex -4.960345104e-02 -5.739787593e-02 3.979905322e-02
    endloop
  endfacet
  facet normal 6.686447263e-01 7.013953924e-01 2.468981147e-01
    outer loop
      vertex -4.960345104e-02 -5.739787593e-02 3.979905322e-02
      vertex -5.120560527e-02 -5.711070076e-02 4.332216084e-02
      vertex -4.851114750e-02 -5.919301882e-02 4.194059223e-02
    endloop
  endfacet
  facet normal 5.411568284e-01 8.059858680e-01 2.398668975e-01
    outer loop
      vertex -4.896691069e-02 -5.913976207e-02 4.278987646e-02
      vertex -4.649475589e-02 -6.071576849e-02 4.250811785e-02
      vertex -4.851114750e-02 -5.919301882e-02 4.194059223e-02
    endloop
  endfacet
  facet normal 5.144180655e-01 7.980989814e-01 3.137069941e-01
    outer loop
      vertex -4.851114750e-02 -5.919301882e-02 4.194059223e-02
      vertex -4.649475589e-02 -6.071576849e-02 4.250811785e-02
      vertex -4.520266503e-02 -6.004664674e-02 3.868703544e-02
    endloop
  endfacet
  facet normal 5.462774038e-01 7.578763366e-01 3.566573262e-01
    outer loop
      vertex -4.851114750e-02 -5.919301882e-02 4.194059223e-02
      vertex -4.520266503e-02 -6.004664674e-02 3.868703544e-02
      vertex -4.960345104e-02 -5.739787593e-02 3.979905322e-02
    endloop
  endfacet
  facet normal 5.446907878e-01 8.018773794e-01 2.455699593e-01
    outer loop
      vertex -4.960345104e-02 -5.739787593e-02 3.979905322e-02
      vertex -4.520266503e-02 -6.004664674e-02 3.868703544e-02
      vertex -4.642086476e-02 -5.850518122e-02 3.635562584e-02
    endloop
  endfacet
  facet normal 6.342672110e-01 6.801867485e-01 3.674930632e-01
    outer loop
      vertex -4.960345104e-02 -5.739787593e-02 3.979905322e-02
      vertex -4.642086476e-02 -5.850518122e-02 3.635562584e-02
      vertex -5.055345967e-02 -5.540749803e-02 3.775474429e-02
    endloop
  endfacet
  facet normal 6.338969469e-01 7.290046215e-01 2.583155334e-01
    outer loop
      vertex -5.055345967e-02 -5.540749803e-02 3.775474429e-02
      vertex -4.642086476e-02 -5.850518122e-02 3.635562584e-02
      vertex -4.751729965e-02 -5.675697699e-02 3.411254659e-02
    endloop
  endfacet
  facet normal 7.131261826e-01 5.922972560e-01 3.750132918e-01
    outer loop
      vertex -5.055345967e-02 -5.540749803e-02 3.775474429e-02
      vertex -4.751729965e-02 -5.675697699e-02 3.411254659e-02
      vertex -5.135469511e-02 -5.321813002e-02 3.582048044e-02
    endloop
  endfacet
  facet normal 7.149950266e-01 6.441022754e-01 2.718718946e-01
    outer loop
      vertex -5.135469511e-02 -5.321813002e-02 3.582048044e-02
      vertex -4.751729965e-02 -5.675697699e-02 3.411254659e-02
      vertex -4.848052189e-02 -5.478790775e-02 3.198072314e-02
    endloop
  endfacet
  facet normal 7.788492441e-01 5.001019835e-01 3.785392046e-01
    outer loop
      vertex -5.135469511e-02 -5.321813002e-02 3.582048044e-02
      vertex -4.848052189e-02 -5.478790775e-02 3.198072314e-02
      vertex -5.200463533e-02 -5.083385482e-02 3.400778770e-02
    endloop
  endfacet
  facet normal 7.834903598e-01 5.519437790e-01 2.854837477e-01
    outer loop
      vertex -5.200463533e-02 -5.083385482e-02 3.400778770e-02
      vertex -4.848052189e-02 -5.478790775e-02 3.198072314e-02
      vertex -4.930036888e-02 -5.259049311e-02 2.998233587e-02
    endloop
  endfacet
  facet normal 8.120383024e-01 4.758586586e-01 3.378643095e-01
    outer loop
      vertex -5.200463533e-02 -5.083385482e-02 3.400778770e-02
      vertex -4.930036888e-02 -5.259049311e-02 2.998233587e-02
      vertex -5.133691803e-02 -4.925644770e-02 3.018129617e-02
    endloop
  endfacet
  facet normal 8.135012984e-01 4.770663679e-01 3.326008916e-01
    outer loop
      vertex -5.133691803e-02 -4.925644770e-02 3.018129617e-02
      vertex -4.930036888e-02 -5.259049311e-02 2.998233587e-02
      vertex -4.996749014e-02 -5.016595498e-02 2.813639492e-02
    endloop
  endfacet
  facet normal 8.442129493e-01 3.406412303e-01 4.138454497e-01
    outer loop
      vertex -5.133691803e-02 -4.925644770e-02 3.018129617e-02
      vertex -4.996749014e-02 -5.016595498e-02 2.813639492e-02
      vertex -5.205887929e-02 -4.371860996e-02 2.709577978e-02
    endloop
  endfacet
  facet normal 9.075244665e-01 3.352225721e-01 2.530319095e-01
    outer loop
      vertex -5.205887929e-02 -4.371860996e-02 2.709577978e-02
      vertex -4.996749014e-02 -5.016595498e-02 2.813639492e-02
      vertex -5.047421530e-02 -4.752579704e-02 2.645607293e-02
    endloop
  endfacet
  facet normal 8.781020045e-01 3.033138514e-01 3.700507879e-01
    outer loop
      vertex -5.205887929e-02 -4.371860996e-02 2.709577978e-02
      vertex -5.047421530e-02 -4.752579704e-02 2.645607293e-02
      vertex -5.081624538e-02 -4.469320551e-02 2.494593710e-02
    endloop
  endfacet
  facet normal 7.777788043e-01 3.662426174e-01 5.108096600e-01
    outer loop
      vertex -5.081624538e-02 -4.469320551e-02 2.494593710e-02
      vertex -5.047421530e-02 -4.752579704e-02 2.645607293e-02
      vertex -4.733721539e-02 -4.904556647e-02 2.276920527e-02
    endloop
  endfacet
  facet normal 7.859801650e-01 3.872223198e-01 4.819689691e-01
    outer loop
      vertex -5.081624538e-02 -4.469320551e-02 2.494593710e-02
      vertex -4.733721539e-02 -4.904556647e-02 2.276920527e-02
      vertex -4.774403200e-02 -4.627389088e-02 2.120581642e-02
    endloop
  endfacet
  facet normal 5.947656631e-01 4.594057202e-01 6.596970558e-01
    outer loop
      vertex -4.774403200e-02 -4.627389088e-02 2.120581642e-02
      vertex -4.733721539e-02 -4.904556647e-02 2.276920527e-02
      vertex -4.372416064e-02 -4.982623830e-02 2.005542070e-02
    endloop
  endfacet
  facet normal 6.019901037e-01 4.728424251e-01 6.434500217e-01
    outer loop
      vertex -4.774403200e-02 -4.627389088e-02 2.120581642e-02
      vertex -4.372416064e-02 -4.982623830e-02 2.005542070e-02
      vertex -4.414309561e-02 -4.716110602e-02 1.848887652e-02
    endloop
  endfacet
  facet normal 3.353946805e-01 5.160123706e-01 7.881888747e-01
    outer loop
      vertex -4.414309561e-02 -4.716110602e-02 1.848887652e-02
      vertex -4.372416064e-02 -4.982623830e-02 2.005542070e-02
      vertex -3.982325643e-02 -4.984349385e-02 1.840678230e-02
    endloop
  endfacet
  facet normal 3.384744227e-01 5.211156011e-01 7.835008502e-01
    outer loop
      vertex -4.414309561e-02 -4.716110602e-02 1.848887652e-02
      vertex -3.982325643e-02 -4.984349385e-02 1.840678230e-02
      vertex -4.024379700e-02 -4.731294885e-02 1.690536179e-02
    endloop
  endfacet
  facet normal 9.999516606e-02 5.199458599e-01 8.483261466e-01
    outer loop
      vertex -4.024379700e-02 -4.731294885e-02 1.690536179e-02
      vertex -3.982325643e-02 -4.984349385e-02 1.840678230e-02
      vertex -3.629406169e-02 -4.854810610e-02 1.719683036e-02
    endloop
  endfacet
  facet normal 8.561967313e-02 4.798387885e-01 8.731689453e-01
    outer loop
      vertex -4.024379700e-02 -4.731294885e-02 1.690536179e-02
      vertex -3.629406169e-02 -4.854810610e-02 1.719683036e-02
      vertex -3.629467636e-02 -4.692373052e-02 1.630423591e-02
    endloop
  endfacet
  facet normal -4.057420194e-01 8.661096096e-01 2.919376791e-01
    outer loop
      vertex 4.275107011e-02 -6.073066965e-02 4.221086949e-02
      vertex 4.189675301e-02 -6.112563983e-02 4.219530150e-02
      vertex 4.229465127e-02 -6.204861775e-02 4.548656568e-02
    endloop
  endfacet
  facet normal -2.830605209e-02 9.419952631e-01 3.344304860e-01
    outer loop
      vertex 3.756540269e-02 -6.346312165e-02 4.564869776e-02
      vertex 3.208357841e-02 -6.476816535e-02 4.886065423e-02
      vertex 3.558795527e-02 -6.465736032e-02 4.884515703e-02
    endloop
  endfacet
  facet normal -4.952452332e-02 9.574057460e-01 2.844670713e-01
    outer loop
      vertex 3.208108619e-02 -6.307837367e-02 4.317303747e-02
      vertex 3.208357841e-02 -6.476816535e-02 4.886065423e-02
      vertex 3.650220484e-02 -6.266263127e-02 4.254350811e-02
    endloop
  endfacet
  facet normal -6.957872212e-02 9.599774480e-01 2.712970078e-01
    outer loop
      vertex 3.650220484e-02 -6.266263127e-02 4.254350811e-02
      vertex 3.208357841e-02 -6.476816535e-02 4.886065423e-02
      vertex 3.756540269e-02 -6.346312165e-02 4.564869776e-02
    endloop
  endfacet
  facet normal -1.874170899e-01 9.337658882e-01 3.048870265e-01
    outer loop
      vertex 3.650220484e-02 -6.266263127e-02 4.254350811e-02
      vertex 3.756540269e-02 -6.346312165e-02 4.564869776e-02
      vertex 3.979213908e-02 -6.190607324e-02 4.224877059e-02
    endloop
  endfacet
  facet normal -2.696460485e-01 9.301133156e-01 2.493595332e-01
    outer loop
      vertex 3.979213908e-02 -6.190607324e-02 4.224877059e-02
      vertex 3.756540269e-02 -6.346312165e-02 4.564869776e-02
      vertex 4.229465127e-02 -6.204861775e-02 4.548656568e-02
    endloop
  endfacet
  facet normal -3.039341867e-01 9.121190310e-01 2.750688493e-01
    outer loop
      vertex 3.979213908e-02 -6.190607324e-02 4.224877059e-02
      vertex 4.229465127e-02 -6.204861775e-02 4.548656568e-02
      vertex 4.100654647e-02 -6.148755923e-02 4.220283777e-02
    endloop
  endfacet
  facet normal -3.580853939e-01 8.868563175e-01 2.919943035e-01
    outer loop
      vertex 4.100654647e-02 -6.148755923e-02 4.220283777e-02
      vertex 4.229465127e-02 -6.204861775e-02 4.548656568e-02
      vertex 4.189675301e-02 -6.112563983e-02 4.219530150e-02
    endloop
  endfacet
  facet normal -7.261846066e-01 6.496039033e-01 2.251015455e-01
    outer loop
      vertex 5.011992529e-02 -5.575973168e-02 4.628680274e-02
      vertex 4.791532084e-02 -5.705866590e-02 4.292317852e-02
      vertex 4.668545350e-02 -5.939510837e-02 4.569815472e-02
    endloop
  endfacet
  facet normal -6.512817740e-01 6.975783110e-01 2.986913919e-01
    outer loop
      vertex 4.668545350e-02 -5.939510837e-02 4.569815472e-02
      vertex 4.791532084e-02 -5.705866590e-02 4.292317852e-02
      vertex 4.558146000e-02 -5.903467909e-02 4.244918749e-02
    endloop
  endfacet
  facet normal -5.119698048e-01 8.172267675e-01 2.646268010e-01
    outer loop
      vertex 4.668545350e-02 -5.939510837e-02 4.569815472e-02
      vertex 4.558146000e-02 -5.903467909e-02 4.244918749e-02
      vertex 4.275107011e-02 -6.073066965e-02 4.221086949e-02
    endloop
  endfacet
  facet normal -9.298266172e-01 2.820630968e-01 2.363532782e-01
    outer loop
      vertex 5.309625715e-02 -4.837939516e-02 4.597552866e-02
      vertex 5.179856345e-02 -5.160892382e-02 4.472443834e-02
      vertex 5.249551311e-02 -5.138242617e-02 4.719597474e-02
    endloop
  endfacet
  facet normal -8.710616827e-01 4.464789033e-01 2.047146708e-01
    outer loop
      vertex 5.249551311e-02 -5.138242617e-02 4.719597474e-02
      vertex 5.179856345e-02 -5.160892382e-02 4.472443834e-02
      vertex 5.004121736e-02 -5.456066504e-02 4.368461668e-02
    endloop
  endfacet
  facet normal -8.753330112e-01 4.285350740e-01 2.239416242e-01
    outer loop
      vertex 5.249551311e-02 -5.138242617e-02 4.719597474e-02
      vertex 5.004121736e-02 -5.456066504e-02 4.368461668e-02
      vertex 5.011992529e-02 -5.575973168e-02 4.628680274e-02
    endloop
  endfacet
  facet normal -8.160197139e-01 5.151950717e-01 2.620798349e-01
    outer loop
      vertex 5.011992529e-02 -5.575973168e-02 4.628680274e-02
      vertex 5.004121736e-02 -5.456066504e-02 4.368461668e-02
      vertex 4.973023757e-02 -5.498305336e-02 4.354666919e-02
    endloop
  endfacet
  facet normal -7.632445097e-01 5.849692822e-01 2.743515670e-01
    outer loop
      vertex 5.011992529e-02 -5.575973168e-02 4.628680274e-02
      vertex 4.973023757e-02 -5.498305336e-02 4.354666919e-02
      vertex 4.791532084e-02 -5.705866590e-02 4.292317852e-02
    endloop
  endfacet
  facet normal -9.647659659e-01 1.973106116e-01 1.740551740e-01
    outer loop
      vertex 5.383056402e-02 -4.574728385e-02 4.706191272e-02
      vertex 5.309625715e-02 -4.837939516e-02 4.597552866e-02
      vertex 5.314797536e-02 -4.932192340e-02 4.733065516e-02
    endloop
  endfacet
  facet normal -9.319416285e-01 2.800450325e-01 2.303465456e-01
    outer loop
      vertex 5.314797536e-02 -4.932192340e-02 4.733065516e-02
      vertex 5.309625715e-02 -4.837939516e-02 4.597552866e-02
      vertex 5.249551311e-02 -5.138242617e-02 4.719597474e-02
    endloop
  endfacet
  facet normal -9.532701969e-01 2.990450561e-01 4.298821092e-02
    outer loop
      vertex 5.314797536e-02 -4.932192340e-02 4.733065516e-02
      vertex 5.249551311e-02 -5.138242617e-02 4.719597474e-02
      vertex 5.212591216e-02 -5.261934176e-02 4.760454968e-02
    endloop
  endfacet
  facet normal -8.431392908e-01 3.781897128e-01 3.822154403e-01
    outer loop
      vertex 5.212591216e-02 -5.261934176e-02 4.760454968e-02
      vertex 5.249551311e-02 -5.138242617e-02 4.719597474e-02
      vertex 5.011992529e-02 -5.575973168e-02 4.628680274e-02
    endloop
  endfacet
  facet normal -8.591672778e-01 4.373524785e-01 2.656207979e-01
    outer loop
      vertex 5.212591216e-02 -5.261934176e-02 4.760454968e-02
      vertex 5.011992529e-02 -5.575973168e-02 4.628680274e-02
      vertex 5.067272484e-02 -5.564067140e-02 4.787883162e-02
    endloop
  endfacet
  facet normal -7.836281061e-01 5.775185227e-01 2.289090157e-01
    outer loop
      vertex 5.067272484e-02 -5.564067140e-02 4.787883162e-02
      vertex 5.011992529e-02 -5.575973168e-02 4.628680274e-02
      vertex 4.885395616e-02 -5.820832029e-02 4.813057557e-02
    endloop
  endfacet
  facet normal -7.117884159e-01 6.185717583e-01 3.327555358e-01
    outer loop
      vertex 4.885395616e-02 -5.820832029e-02 4.813057557e-02
      vertex 5.011992529e-02 -5.575973168e-02 4.628680274e-02
      vertex 4.668545350e-02 -5.939510837e-02 4.569815472e-02
    endloop
  endfacet
  facet normal -6.692579389e-01 6.973972917e-01 2.563803196e-01
    outer loop
      vertex 4.885395616e-02 -5.820832029e-02 4.813057557e-02
      vertex 4.668545350e-02 -5.939510837e-02 4.569815472e-02
      vertex 4.678510129e-02 -6.027293578e-02 4.834611341e-02
    endloop
  endfacet
  facet normal -5.086376667e-01 8.209631443e-01 2.594364583e-01
    outer loop
      vertex 4.275107011e-02 -6.073066965e-02 4.221086949e-02
      vertex 4.229465127e-02 -6.204861775e-02 4.548656568e-02
      vertex 4.668545350e-02 -5.939510837e-02 4.569815472e-02
    endloop
  endfacet
  facet normal -5.009647012e-01 8.032631874e-01 3.221840560e-01
    outer loop
      vertex 4.668545350e-02 -5.939510837e-02 4.569815472e-02
      vertex 4.229465127e-02 -6.204861775e-02 4.548656568e-02
      vertex 4.418466613e-02 -6.209725514e-02 4.854661599e-02
    endloop
  endfacet
  facet normal -5.359437466e-01 7.951362729e-01 2.837650180e-01
    outer loop
      vertex 4.668545350e-02 -5.939510837e-02 4.569815472e-02
      vertex 4.418466613e-02 -6.209725514e-02 4.854661599e-02
      vertex 4.678510129e-02 -6.027293578e-02 4.834611341e-02
    endloop
  endfacet
  facet normal -1.260092854e-01 9.523249269e-01 2.778469622e-01
    outer loop
      vertex 3.558795527e-02 -6.465736032e-02 4.884515703e-02
      vertex 3.835158050e-02 -6.427824497e-02 4.879909381e-02
      vertex 3.756540269e-02 -6.346312165e-02 4.564869776e-02
    endloop
  endfacet
  facet normal -2.554562688e-01 9.186298251e-01 3.014321625e-01
    outer loop
      vertex 3.756540269e-02 -6.346312165e-02 4.564869776e-02
      vertex 3.835158050e-02 -6.427824497e-02 4.879909381e-02
      vertex 4.156563431e-02 -6.334856153e-02 4.868966714e-02
    endloop
  endfacet
  facet normal -2.625477612e-01 9.134413004e-01 3.109560907e-01
    outer loop
      vertex 3.756540269e-02 -6.346312165e-02 4.564869776e-02
      vertex 4.156563431e-02 -6.334856153e-02 4.868966714e-02
      vertex 4.229465127e-02 -6.204861775e-02 4.548656568e-02
    endloop
  endfacet
  facet normal -3.613952994e-01 8.897422552e-01 2.788406610e-01
    outer loop
      vertex 4.229465127e-02 -6.204861775e-02 4.548656568e-02
      vertex 4.156563431e-02 -6.334856153e-02 4.868966714e-02
      vertex 4.263359681e-02 -6.289848685e-02 4.863768816e-02
    endloop
  endfacet
  facet normal -4.279298782e-01 8.600029349e-01 2.779765129e-01
    outer loop
      vertex 4.229465127e-02 -6.204861775e-02 4.548656568e-02
      vertex 4.263359681e-02 -6.289848685e-02 4.863768816e-02
      vertex 4.418466613e-02 -6.209725514e-02 4.854661599e-02
    endloop
  endfacet
  facet normal -1.489123315e-05 9.585926533e-01 2.847808599e-01
    outer loop
      vertex -3.629127517e-02 -6.307858229e-02 4.317287356e-02
      vertex -3.629324585e-02 -6.476834416e-02 4.886073247e-02
      vertex -2.105051419e-03 -6.307852268e-02 4.317446053e-02
    endloop
  endfacet
  facet normal -6.174480859e-06 9.585783482e-01 2.848289907e-01
    outer loop
      vertex -2.105051419e-03 -6.307852268e-02 4.317446053e-02
      vertex -3.629324585e-02 -6.476834416e-02 4.886073247e-02
      vertex 3.246923909e-03 -6.477189064e-02 4.887352511e-02
    endloop
  endfacet
  facet normal 7.677773283e-06 9.585818648e-01 2.848170400e-01
    outer loop
      vertex -2.105051419e-03 -6.307852268e-02 4.317446053e-02
      vertex 3.246923909e-03 -6.477189064e-02 4.887352511e-02
      vertex 3.208108619e-02 -6.307837367e-02 4.317303747e-02
    endloop
  endfacet
  facet normal 3.279332532e-06 9.585879445e-01 2.847965956e-01
    outer loop
      vertex 3.208108619e-02 -6.307837367e-02 4.317303747e-02
      vertex 3.246923909e-03 -6.477189064e-02 4.887352511e-02
      vertex 3.208357841e-02 -6.476816535e-02 4.886065423e-02
    endloop
  endfacet
  facet normal -9.753288627e-01 1.242872998e-01 1.824453473e-01
    outer loop
      vertex 5.293443426e-02 -3.974968567e-02 3.776384890e-02
      vertex 5.315852538e-02 -4.187882319e-02 4.041224346e-02
      vertex 5.375131965e-02 -3.536016122e-02 3.914053366e-02
    endloop
  endfacet
  facet normal -9.772620797e-01 1.251026094e-01 1.711963713e-01
    outer loop
      vertex 5.348801240e-02 -4.365858808e-02 4.349234700e-02
      vertex 5.391237885e-02 -4.517281428e-02 4.702134058e-02
      vertex 5.545195192e-02 -3.212294355e-02 4.627362266e-02
    endloop
  endfacet
  facet normal -9.765688777e-01 1.238229647e-01 1.760143936e-01
    outer loop
      vertex 5.348801240e-02 -4.365858808e-02 4.349234700e-02
      vertex 5.545195192e-02 -3.212294355e-02 4.627362266e-02
      vertex 5.315852538e-02 -4.187882319e-02 4.041224346e-02
    endloop
  endfacet
  facet normal -9.743434787e-01 1.220086217e-01 1.891261637e-01
    outer loop
      vertex 5.293443426e-02 -3.974968567e-02 3.776384890e-02
      vertex 5.375131965e-02 -3.536016122e-02 3.914053366e-02
      vertex 5.282517523e-02 -3.728011623e-02 3.560780361e-02
    endloop
  endfacet
  facet normal -9.773399830e-01 9.815116972e-02 1.875444949e-01
    outer loop
      vertex 5.477241427e-02 -2.496925183e-02 3.902363777e-02
      vertex 5.292220786e-02 -3.142756596e-02 3.276171163e-02
      vertex 5.375131965e-02 -3.536016122e-02 3.914053366e-02
    endloop
  endfacet
  facet normal -9.758571982e-01 1.049485430e-01 1.915424019e-01
    outer loop
      vertex 5.375131965e-02 -3.536016122e-02 3.914053366e-02
      vertex 5.292220786e-02 -3.142756596e-02 3.276171163e-02
      vertex 5.282460526e-02 -3.455254808e-02 3.397667035e-02
    endloop
  endfacet
  facet normal -9.744424224e-01 1.151437685e-01 1.928829998e-01
    outer loop
      vertex 5.375131965e-02 -3.536016122e-02 3.914053366e-02
      vertex 5.282460526e-02 -3.455254808e-02 3.397667035e-02
      vertex 5.282517523e-02 -3.728011623e-02 3.560780361e-02
    endloop
  endfacet
  facet normal -9.765905142e-01 -1.300329459e-03 2.151029408e-01
    outer loop
      vertex 5.574154109e-02 5.653259810e-03 3.891217709e-02
      vertex 5.405158177e-02 -1.063645165e-02 3.114110604e-02
      vertex 5.575501546e-02 -4.678430501e-03 3.891089559e-02
    endloop
  endfacet
  facet normal -9.832012653e-01 5.354898795e-02 1.744927913e-01
    outer loop
      vertex 5.575501546e-02 -4.678430501e-03 3.891089559e-02
      vertex 5.405158177e-02 -1.063645165e-02 3.114110604e-02
      vertex 5.346790329e-02 -2.237421460e-02 3.145442531e-02
    endloop
  endfacet
  facet normal -9.813900590e-01 4.855696484e-02 1.857843548e-01
    outer loop
      vertex 5.575501546e-02 -4.678430501e-03 3.891089559e-02
      vertex 5.346790329e-02 -2.237421460e-02 3.145442531e-02
      vertex 5.477241427e-02 -2.496925183e-02 3.902363777e-02
    endloop
  endfacet
  facet normal -9.772910476e-01 8.048138022e-02 1.960229129e-01
    outer loop
      vertex 5.477241427e-02 -2.496925183e-02 3.902363777e-02
      vertex 5.346790329e-02 -2.237421460e-02 3.145442531e-02
      vertex 5.315276608e-02 -2.717706747e-02 3.185519204e-02
    endloop
  endfacet
  facet normal -9.769300818e-01 9.389907867e-02 1.918088198e-01
    outer loop
      vertex 5.477241427e-02 -2.496925183e-02 3.902363777e-02
      vertex 5.315276608e-02 -2.717706747e-02 3.185519204e-02
      vertex 5.292220786e-02 -3.142756596e-02 3.276171163e-02
    endloop
  endfacet
  facet normal -9.807967544e-01 -3.493860364e-02 1.918774843e-01
    outer loop
      vertex 5.538170785e-02 1.597881131e-02 3.895302117e-02
      vertex 5.394355953e-02 1.375424583e-02 3.119674698e-02
      vertex 5.574154109e-02 5.653259810e-03 3.891217709e-02
    endloop
  endfacet
  facet normal -9.788875580e-01 -2.392741293e-02 2.029940188e-01
    outer loop
      vertex 5.574154109e-02 5.653259810e-03 3.891217709e-02
      vertex 5.394355953e-02 1.375424583e-02 3.119674698e-02
      vertex 5.422298983e-02 1.101074158e-03 3.105276823e-02
    endloop
  endfacet
  facet normal -9.833765030e-01 1.572210714e-02 1.808962673e-01
    outer loop
      vertex 5.574154109e-02 5.653259810e-03 3.891217709e-02
      vertex 5.422298983e-02 1.101074158e-03 3.105276823e-02
      vertex 5.405158177e-02 -1.063645165e-02 3.114110604e-02
    endloop
  endfacet
  facet normal -9.801495075e-01 -7.848960161e-02 1.820612252e-01
    outer loop
      vertex 5.315321684e-02 2.734386735e-02 3.185532242e-02
      vertex 5.351502076e-02 2.182879858e-02 3.142550215e-02
      vertex 5.538170785e-02 1.597881131e-02 3.895302117e-02
    endloop
  endfacet
  facet normal -9.788470864e-01 -6.109080464e-02 1.952596456e-01
    outer loop
      vertex 5.538170785e-02 1.597881131e-02 3.895302117e-02
      vertex 5.351502076e-02 2.182879858e-02 3.142550215e-02
      vertex 5.384473130e-02 1.597949676e-02 3.124829009e-02
    endloop
  endfacet
  facet normal -9.795467257e-01 -4.802984372e-02 1.954003870e-01
    outer loop
      vertex 5.538170785e-02 1.597881131e-02 3.895302117e-02
      vertex 5.384473130e-02 1.597949676e-02 3.124829009e-02
      vertex 5.394355953e-02 1.375424583e-02 3.119674698e-02
    endloop
  endfacet
  facet normal -9.749383926e-01 -1.258784384e-01 1.834387481e-01
    outer loop
      vertex 5.365906283e-02 3.632460162e-02 3.914928064e-02
      vertex 5.314731598e-02 4.197232053e-02 4.030500352e-02
      vertex 5.292996764e-02 3.984763846e-02 3.769185394e-02
    endloop
  endfacet
  facet normal -9.740269184e-01 -1.229034141e-01 1.901743114e-01
    outer loop
      vertex 5.292996764e-02 3.984763846e-02 3.769185394e-02
      vertex 5.282445997e-02 3.734765574e-02 3.553581238e-02
      vertex 5.365906283e-02 3.632460162e-02 3.914928064e-02
    endloop
  endfacet
  facet normal -9.745872617e-01 -1.140199006e-01 1.928188503e-01
    outer loop
      vertex 5.365906283e-02 3.632460162e-02 3.914928064e-02
      vertex 5.282445997e-02 3.734765574e-02 3.553581238e-02
      vertex 5.282579362e-02 3.461080417e-02 3.392416611e-02
    endloop
  endfacet
  facet normal -9.792810678e-01 -8.468851447e-02 1.839469224e-01
    outer loop
      vertex 5.365906283e-02 3.632460162e-02 3.914928064e-02
      vertex 5.282579362e-02 3.461080417e-02 3.392416611e-02
      vertex 5.538170785e-02 1.597881131e-02 3.895302117e-02
    endloop
  endfacet
  facet normal -9.830908179e-01 -9.214849025e-02 1.582438797e-01
    outer loop
      vertex 5.538170785e-02 1.597881131e-02 3.895302117e-02
      vertex 5.282579362e-02 3.461080417e-02 3.392416611e-02
      vertex 5.292693526e-02 3.148209676e-02 3.273060173e-02
    endloop
  endfacet
  facet normal -9.820981026e-01 -8.883527666e-02 1.661072075e-01
    outer loop
      vertex 5.538170785e-02 1.597881131e-02 3.895302117e-02
      vertex 5.292693526e-02 3.148209676e-02 3.273060173e-02
      vertex 5.315321684e-02 2.734386735e-02 3.185532242e-02
    endloop
  endfacet
  facet normal -9.771032333e-01 -1.257210076e-01 1.716492921e-01
    outer loop
      vertex 5.541648716e-02 3.265627846e-02 4.629039392e-02
      vertex 5.391295254e-02 4.533990845e-02 4.702147841e-02
      vertex 5.347366631e-02 4.376238212e-02 4.336544126e-02
    endloop
  endfacet
  facet normal -9.840797782e-01 -1.305460231e-03 1.777224094e-01
    outer loop
      vertex 5.575501546e-02 -4.678430501e-03 3.891089559e-02
      vertex 5.695172399e-02 7.926789112e-03 4.562987015e-02
      vertex 5.574154109e-02 5.653259810e-03 3.891217709e-02
    endloop
  endfacet
  facet normal -9.803841710e-01 -4.507993534e-02 1.918716282e-01
    outer loop
      vertex 5.574154109e-02 5.653259810e-03 3.891217709e-02
      vertex 5.695172399e-02 7.926789112e-03 4.562987015e-02
      vertex 5.644317344e-02 1.986414008e-02 4.583605006e-02
    endloop
  endfacet
  facet normal -9.845482111e-01 -3.498905897e-02 1.715826094e-01
    outer loop
      vertex 5.574154109e-02 5.653259810e-03 3.891217709e-02
      vertex 5.644317344e-02 1.986414008e-02 4.583605006e-02
      vertex 5.538170785e-02 1.597881131e-02 3.895302117e-02
    endloop
  endfacet
  facet normal -9.763147831e-01 -8.541831374e-02 1.987791657e-01
    outer loop
      vertex 5.538170785e-02 1.597881131e-02 3.895302117e-02
      vertex 5.644317344e-02 1.986414008e-02 4.583605006e-02
      vertex 5.541648716e-02 3.265627846e-02 4.629039392e-02
    endloop
  endfacet
  facet normal -9.767621756e-01 -8.460041136e-02 1.969222426e-01
    outer loop
      vertex 5.538170785e-02 1.597881131e-02 3.895302117e-02
      vertex 5.541648716e-02 3.265627846e-02 4.629039392e-02
      vertex 5.365906283e-02 3.632460162e-02 3.914928064e-02
    endloop
  endfacet
  facet normal -9.764286876e-01 -1.243456751e-01 1.764233857e-01
    outer loop
      vertex 5.365906283e-02 3.632460162e-02 3.914928064e-02
      vertex 5.541648716e-02 3.265627846e-02 4.629039392e-02
      vertex 5.347366631e-02 4.376238212e-02 4.336544126e-02
    endloop
  endfacet
  facet normal -9.762738943e-01 -1.246892959e-01 1.770363748e-01
    outer loop
      vertex 5.365906283e-02 3.632460162e-02 3.914928064e-02
      vertex 5.347366631e-02 4.376238212e-02 4.336544126e-02
      vertex 5.314731598e-02 4.197232053e-02 4.030500352e-02
    endloop
  endfacet
  facet normal -9.764839411e-01 1.233008057e-01 1.768502444e-01
    outer loop
      vertex 5.315852538e-02 -4.187882319e-02 4.041224346e-02
      vertex 5.545195192e-02 -3.212294355e-02 4.627362266e-02
      vertex 5.375131965e-02 -3.536016122e-02 3.914053366e-02
    endloop
  endfacet
  facet normal -9.772281647e-01 8.431656659e-02 1.947199404e-01
    outer loop
      vertex 5.375131965e-02 -3.536016122e-02 3.914053366e-02
      vertex 5.545195192e-02 -3.212294355e-02 4.627362266e-02
      vertex 5.645962432e-02 -1.941707917e-02 4.582893848e-02
    endloop
  endfacet
  facet normal -9.816861153e-01 9.830419719e-02 1.631829143e-01
    outer loop
      vertex 5.375131965e-02 -3.536016122e-02 3.914053366e-02
      vertex 5.645962432e-02 -1.941707917e-02 4.582893848e-02
      vertex 5.477241427e-02 -2.496925183e-02 3.902363777e-02
    endloop
  endfacet
  facet normal -9.793111086e-01 6.116319075e-02 1.928959489e-01
    outer loop
      vertex 5.477241427e-02 -2.496925183e-02 3.902363777e-02
      vertex 5.645962432e-02 -1.941707917e-02 4.582893848e-02
      vertex 5.654758215e-02 -1.789325662e-02 4.579231888e-02
    endloop
  endfacet
  facet normal -9.774212837e-01 4.847523570e-02 2.056643367e-01
    outer loop
      vertex 5.477241427e-02 -2.496925183e-02 3.902363777e-02
      vertex 5.654758215e-02 -1.789325662e-02 4.579231888e-02
      vertex 5.575501546e-02 -4.678430501e-03 3.891089559e-02
    endloop
  endfacet
  facet normal -9.819565415e-01 3.761351854e-02 1.853282601e-01
    outer loop
      vertex 5.575501546e-02 -4.678430501e-03 3.891089559e-02
      vertex 5.654758215e-02 -1.789325662e-02 4.579231888e-02
      vertex 5.700676143e-02 -4.999490920e-03 4.560839757e-02
    endloop
  endfacet
  facet normal -9.830082655e-01 -4.490279593e-03 1.835064739e-01
    outer loop
      vertex 5.575501546e-02 -4.678430501e-03 3.891089559e-02
      vertex 5.700676143e-02 -4.999490920e-03 4.560839757e-02
      vertex 5.695172399e-02 7.926789112e-03 4.562987015e-02
    endloop
  endfacet
  facet normal -9.464179277e-01 1.322576851e-01 2.946201265e-01
    outer loop
      vertex 5.046140403e-02 -3.632003441e-02 2.643556148e-02
      vertex 5.228316039e-02 -3.435182944e-02 3.140410408e-02
      vertex 5.242527649e-02 -2.827248164e-02 2.913155407e-02
    endloop
  endfacet
  facet normal -9.645205140e-01 1.598460525e-01 2.101177424e-01
    outer loop
      vertex 5.315852538e-02 -4.187882319e-02 4.041224346e-02
      vertex 5.293443426e-02 -3.974968567e-02 3.776384890e-02
      vertex 5.194749683e-02 -4.043302312e-02 3.375327587e-02
    endloop
  endfacet
  facet normal -5.947609544e-01 1.732469499e-01 7.850126624e-01
    outer loop
      vertex 4.520609975e-02 -2.706796117e-02 1.554605830e-02
      vertex 4.438405111e-02 -2.707180567e-02 1.492408570e-02
      vertex 4.452715442e-02 -3.258264437e-02 1.624871232e-02
    endloop
  endfacet
  facet normal -3.253080547e-01 1.404194385e-01 9.351240993e-01
    outer loop
      vertex 4.230367020e-02 -2.709871717e-02 1.377302501e-02
      vertex 4.069140181e-02 -2.713182755e-02 1.321712602e-02
      vertex 4.073160142e-02 -3.326988593e-02 1.415280905e-02
    endloop
  endfacet
  facet normal -1.008849218e-01 8.325181901e-02 9.914087653e-01
    outer loop
      vertex 3.967371956e-02 -2.715477534e-02 1.298154425e-02
      vertex 3.617442027e-02 -2.722582407e-02 1.263142470e-02
      vertex 3.663513437e-02 -3.356397524e-02 1.321054157e-02
    endloop
  endfacet
  facet normal -3.987953961e-01 8.489201665e-01 3.468382061e-01
    outer loop
      vertex 4.189675301e-02 -6.112563983e-02 4.219530150e-02
      vertex 4.275107011e-02 -6.073066965e-02 4.221086949e-02
      vertex 4.381077737e-02 -5.833852664e-02 3.757432103e-02
    endloop
  endfacet
  facet normal -6.535099745e-01 7.070385814e-01 2.702242136e-01
    outer loop
      vertex 4.791532084e-02 -5.705866590e-02 4.292317852e-02
      vertex 4.715027288e-02 -5.715847388e-02 4.133413360e-02
      vertex 4.558146000e-02 -5.903467909e-02 4.244918749e-02
    endloop
  endfacet
  facet normal -9.447171092e-01 2.314820737e-01 2.322188616e-01
    outer loop
      vertex 5.229983106e-02 -4.965868965e-02 4.401072860e-02
      vertex 5.309625715e-02 -4.837939516e-02 4.597552866e-02
      vertex 5.294810608e-02 -4.409388080e-02 4.110090062e-02
    endloop
  endfacet
  facet normal -9.626383781e-01 1.881934106e-01 1.947064400e-01
    outer loop
      vertex 5.294810608e-02 -4.409388080e-02 4.110090062e-02
      vertex 5.309625715e-02 -4.837939516e-02 4.597552866e-02
      vertex 5.383056402e-02 -4.574728385e-02 4.706191272e-02
    endloop
  endfacet
  facet normal -8.669390678e-01 4.236438572e-01 2.625690401e-01
    outer loop
      vertex 5.136326328e-02 -5.069163814e-02 4.180718213e-02
      vertex 5.004121736e-02 -5.456066504e-02 4.368461668e-02
      vertex 5.179856345e-02 -5.160892382e-02 4.472443834e-02
    endloop
  endfacet
  facet normal -7.981590033e-01 4.609555602e-01 3.878945112e-01
    outer loop
      vertex 5.004121736e-02 -5.456066504e-02 4.368461668e-02
      vertex 5.136326328e-02 -5.069163814e-02 4.180718213e-02
      vertex 4.973023757e-02 -5.498305336e-02 4.354666919e-02
    endloop
  endfacet
  facet normal -8.709572554e-01 4.287301302e-01 2.400497347e-01
    outer loop
      vertex 4.973023757e-02 -5.498305336e-02 4.354666919e-02
      vertex 5.136326328e-02 -5.069163814e-02 4.180718213e-02
      vertex 5.026759580e-02 -5.169043317e-02 3.961569443e-02
    endloop
  endfacet
  facet normal -7.534528971e-01 5.510976315e-01 3.586085439e-01
    outer loop
      vertex 4.973023757e-02 -5.498305336e-02 4.354666919e-02
      vertex 5.026759580e-02 -5.169043317e-02 3.961569443e-02
      vertex 4.791532084e-02 -5.705866590e-02 4.292317852e-02
    endloop
  endfacet
  facet normal -8.194812536e-01 5.145598054e-01 2.523463368e-01
    outer loop
      vertex 4.791532084e-02 -5.705866590e-02 4.292317852e-02
      vertex 5.026759580e-02 -5.169043317e-02 3.961569443e-02
      vertex 4.900561646e-02 -5.263924971e-02 3.745221719e-02
    endloop
  endfacet
  facet normal -7.457064986e-01 5.830790401e-01 3.223982453e-01
    outer loop
      vertex 4.791532084e-02 -5.705866590e-02 4.292317852e-02
      vertex 4.900561646e-02 -5.263924971e-02 3.745221719e-02
      vertex 4.715027288e-02 -5.715847388e-02 4.133413360e-02
    endloop
  endfacet
  facet normal -4.944138974e-02 9.572642446e-01 2.849574387e-01
    outer loop
      vertex 3.530133888e-02 -6.135681644e-02 3.794848546e-02
      vertex 3.208108619e-02 -6.307837367e-02 4.317303747e-02
      vertex 3.650220484e-02 -6.266263127e-02 4.254350811e-02
    endloop
  endfacet
  facet normal -3.928062320e-02 9.559782743e-01 2.907964885e-01
    outer loop
      vertex 3.208108619e-02 -6.307837367e-02 4.317303747e-02
      vertex 3.530133888e-02 -6.135681644e-02 3.794848546e-02
      vertex 3.208465129e-02 -6.136820093e-02 3.755140305e-02
    endloop
  endfacet
  facet normal -4.477470741e-02 9.408915639e-01 3.357355297e-01
    outer loop
      vertex 3.208465129e-02 -6.136820093e-02 3.755140305e-02
      vertex 3.530133888e-02 -6.135681644e-02 3.794848546e-02
      vertex 3.433588520e-02 -5.868575349e-02 3.033413365e-02
    endloop
  endfacet
  facet normal -3.521654010e-02 9.403072596e-01 3.384997845e-01
    outer loop
      vertex 3.208465129e-02 -6.136820093e-02 3.755140305e-02
      vertex 3.433588520e-02 -5.868575349e-02 3.033413365e-02
      vertex 3.208466247e-02 -5.877966061e-02 3.036078438e-02
    endloop
  endfacet
  facet normal -7.193376124e-02 5.890865922e-01 8.048617840e-01
    outer loop
      vertex 3.544540703e-02 -4.887819663e-02 1.767103374e-02
      vertex 3.208190203e-02 -4.918063059e-02 1.759177819e-02
      vertex 3.477560356e-02 -5.127910152e-02 1.936841756e-02
    endloop
  endfacet
  facet normal -3.347902000e-02 6.204138994e-01 7.835596800e-01
    outer loop
      vertex 3.477560356e-02 -5.127910152e-02 1.936841756e-02
      vertex 3.208190203e-02 -4.918063059e-02 1.759177819e-02
      vertex 3.208142892e-02 -5.202725902e-02 1.984568685e-02
    endloop
  endfacet
  facet normal -6.809031218e-02 6.991972923e-01 7.116789222e-01
    outer loop
      vertex 3.477560356e-02 -5.127910152e-02 1.936841756e-02
      vertex 3.208142892e-02 -5.202725902e-02 1.984568685e-02
      vertex 3.392316028e-02 -5.336133018e-02 2.133256942e-02
    endloop
  endfacet
  facet normal -4.664359242e-02 7.141016126e-01 6.984864473e-01
    outer loop
      vertex 3.392316028e-02 -5.336133018e-02 2.133256942e-02
      vertex 3.208142892e-02 -5.202725902e-02 1.984568685e-02
      vertex 3.208209574e-02 -5.313873664e-02 2.098205686e-02
    endloop
  endfacet
  facet normal -2.362751588e-02 7.831182480e-01 6.214237809e-01
    outer loop
      vertex 3.392316028e-02 -5.336133018e-02 2.133256942e-02
      vertex 3.208209574e-02 -5.313873664e-02 2.098205686e-02
      vertex 3.288970143e-02 -5.513626710e-02 2.353005111e-02
    endloop
  endfacet
  facet normal -1.208937392e-01 7.622498274e-01 6.358929873e-01
    outer loop
      vertex 3.288970143e-02 -5.513626710e-02 2.353005111e-02
      vertex 3.208209574e-02 -5.313873664e-02 2.098205686e-02
      vertex 3.208279982e-02 -5.437922850e-02 2.246917784e-02
    endloop
  endfacet
  facet normal 6.138937175e-02 8.339505792e-01 5.484138727e-01
    outer loop
      vertex 3.288970143e-02 -5.513626710e-02 2.353005111e-02
      vertex 3.208279982e-02 -5.437922850e-02 2.246917784e-02
      vertex 3.208388016e-02 -5.655542389e-02 2.577830851e-02
    endloop
  endfacet
  facet normal -8.945845813e-02 3.288180232e-01 9.401467443e-01
    outer loop
      vertex 3.208510205e-02 -4.246530309e-02 1.459723990e-02
      vertex 3.208505735e-02 -4.553720728e-02 1.567164063e-02
      vertex 3.594017774e-02 -4.616943374e-02 1.625959203e-02
    endloop
  endfacet
  facet normal -7.389733195e-02 3.992559016e-01 9.138566256e-01
    outer loop
      vertex 3.594017774e-02 -4.616943374e-02 1.625959203e-02
      vertex 3.208505735e-02 -4.553720728e-02 1.567164063e-02
      vertex 3.208495677e-02 -4.625201598e-02 1.598392613e-02
    endloop
  endfacet
  facet normal -7.294449955e-02 4.713113606e-01 8.789452314e-01
    outer loop
      vertex 3.594017774e-02 -4.616943374e-02 1.625959203e-02
      vertex 3.208495677e-02 -4.625201598e-02 1.598392613e-02
      vertex 3.544540703e-02 -4.887819663e-02 1.767103374e-02
    endloop
  endfacet
  facet normal -8.382977545e-02 4.604492784e-01 8.837188482e-01
    outer loop
      vertex 3.544540703e-02 -4.887819663e-02 1.767103374e-02
      vertex 3.208495677e-02 -4.625201598e-02 1.598392613e-02
      vertex 3.208292276e-02 -4.837796465e-02 1.709142886e-02
    endloop
  endfacet
  facet normal -6.741288304e-02 5.278557539e-01 8.466544747e-01
    outer loop
      vertex 3.544540703e-02 -4.887819663e-02 1.767103374e-02
      vertex 3.208292276e-02 -4.837796465e-02 1.709142886e-02
      vertex 3.208190203e-02 -4.918063059e-02 1.759177819e-02
    endloop
  endfacet
  facet normal -5.691784620e-02 2.621074021e-01 9.633587599e-01
    outer loop
      vertex 3.627655655e-02 -4.319325462e-02 1.513692457e-02
      vertex 3.648004308e-02 -4.002681747e-02 1.428743359e-02
      vertex 3.219598904e-02 -3.930563107e-02 1.383810211e-02
    endloop
  endfacet
  facet normal -7.524769753e-02 1.656528264e-01 9.833091497e-01
    outer loop
      vertex 3.219598904e-02 -3.930563107e-02 1.383810211e-02
      vertex 3.648004308e-02 -4.002681747e-02 1.428743359e-02
      vertex 3.663513437e-02 -3.356397524e-02 1.321054157e-02
    endloop
  endfacet
  facet normal -7.544456422e-02 1.658006608e-01 9.832691550e-01
    outer loop
      vertex 3.219598904e-02 -3.930563107e-02 1.383810211e-02
      vertex 3.663513437e-02 -3.356397524e-02 1.321054157e-02
      vertex 3.286354989e-02 -3.540128842e-02 1.323096547e-02
    endloop
  endfacet
  facet normal -1.330375206e-02 9.002386779e-02 9.958507419e-01
    outer loop
      vertex 3.617442027e-02 -2.722582407e-02 1.263142470e-02
      vertex 3.526847437e-02 -2.723995037e-02 1.262059901e-02
      vertex 3.663513437e-02 -3.356397524e-02 1.321054157e-02
    endloop
  endfacet
  facet normal -7.410599291e-02 7.673885673e-02 9.942934513e-01
    outer loop
      vertex 3.663513437e-02 -3.356397524e-02 1.321054157e-02
      vertex 3.526847437e-02 -2.723995037e-02 1.262059901e-02
      vertex 3.436052799e-02 -2.998840995e-02 1.276505273e-02
    endloop
  endfacet
  facet normal -4.196425155e-02 9.719673544e-02 9.943801165e-01
    outer loop
      vertex 3.663513437e-02 -3.356397524e-02 1.321054157e-02
      vertex 3.436052799e-02 -2.998840995e-02 1.276505273e-02
      vertex 3.286354989e-02 -3.540128842e-02 1.323096547e-02
    endloop
  endfacet
  facet normal -6.707448959e-01 1.744309664e-01 7.208849192e-01
    outer loop
      vertex 4.520609975e-02 -2.706796117e-02 1.554605830e-02
      vertex 4.452715442e-02 -3.258264437e-02 1.624871232e-02
      vertex 4.646803066e-02 -2.706980892e-02 1.672066562e-02
    endloop
  endfacet
  facet normal -7.288164496e-01 2.005435377e-01 6.546822190e-01
    outer loop
      vertex 4.646803066e-02 -2.706980892e-02 1.672066562e-02
      vertex 4.452715442e-02 -3.258264437e-02 1.624871232e-02
      vertex 4.790627584e-02 -3.147739545e-02 1.967191324e-02
    endloop
  endfacet
  facet normal -7.695282698e-01 1.624352485e-01 6.176090837e-01
    outer loop
      vertex 4.646803066e-02 -2.706980892e-02 1.672066562e-02
      vertex 4.790627584e-02 -3.147739545e-02 1.967191324e-02
      vertex 4.834772646e-02 -2.708754130e-02 1.906739175e-02
    endloop
  endfacet
  facet normal -9.685012102e-01 1.276532114e-01 2.137991190e-01
    outer loop
      vertex 5.282517523e-02 -3.728011623e-02 3.560780361e-02
      vertex 5.282460526e-02 -3.455254808e-02 3.397667035e-02
      vertex 5.228316039e-02 -3.435182944e-02 3.140410408e-02
    endloop
  endfacet
  facet normal -9.704602361e-01 1.131536141e-01 2.130801380e-01
    outer loop
      vertex 5.228316039e-02 -3.435182944e-02 3.140410408e-02
      vertex 5.282460526e-02 -3.455254808e-02 3.397667035e-02
      vertex 5.292220786e-02 -3.142756596e-02 3.276171163e-02
    endloop
  endfacet
  facet normal -9.683583379e-01 1.069305837e-01 2.254950255e-01
    outer loop
      vertex 5.228316039e-02 -3.435182944e-02 3.140410408e-02
      vertex 5.292220786e-02 -3.142756596e-02 3.276171163e-02
      vertex 5.242527649e-02 -2.827248164e-02 2.913155407e-02
    endloop
  endfacet
  facet normal -9.705877900e-01 9.941060096e-02 2.192643583e-01
    outer loop
      vertex 5.242527649e-02 -2.827248164e-02 2.913155407e-02
      vertex 5.292220786e-02 -3.142756596e-02 3.276171163e-02
      vertex 5.315276608e-02 -2.717706747e-02 3.185519204e-02
    endloop
  endfacet
  facet normal -9.680234194e-01 2.142851055e-02 2.499428689e-01
    outer loop
      vertex 5.242527649e-02 -2.827248164e-02 2.913155407e-02
      vertex 5.315276608e-02 -2.717706747e-02 3.185519204e-02
      vertex 5.165442824e-02 -2.715152688e-02 2.604997158e-02
    endloop
  endfacet
  facet normal -8.993363380e-01 3.672394156e-01 2.373379767e-01
    outer loop
      vertex 5.028035864e-02 -4.736262932e-02 3.411789611e-02
      vertex 4.900561646e-02 -5.263924971e-02 3.745221719e-02
      vertex 5.132797360e-02 -4.629734531e-02 3.643924370e-02
    endloop
  endfacet
  facet normal -8.637563586e-01 3.708028495e-01 3.412186503e-01
    outer loop
      vertex 5.132797360e-02 -4.629734531e-02 3.643924370e-02
      vertex 4.900561646e-02 -5.263924971e-02 3.745221719e-02
      vertex 5.026759580e-02 -5.169043317e-02 3.961569443e-02
    endloop
  endfacet
  facet normal -9.373214841e-01 2.942446470e-01 1.866776794e-01
    outer loop
      vertex 5.132797360e-02 -4.629734531e-02 3.643924370e-02
      vertex 5.026759580e-02 -5.169043317e-02 3.961569443e-02
      vertex 5.294810608e-02 -4.409388080e-02 4.110090062e-02
    endloop
  endfacet
  facet normal -9.064500928e-01 2.538657784e-01 3.374913037e-01
    outer loop
      vertex 5.294810608e-02 -4.409388080e-02 4.110090062e-02
      vertex 5.026759580e-02 -5.169043317e-02 3.961569443e-02
      vertex 5.136326328e-02 -5.069163814e-02 4.180718213e-02
    endloop
  endfacet
  facet normal -9.274703264e-01 2.523238361e-01 2.759194374e-01
    outer loop
      vertex 5.294810608e-02 -4.409388080e-02 4.110090062e-02
      vertex 5.136326328e-02 -5.069163814e-02 4.180718213e-02
      vertex 5.229983106e-02 -4.965868965e-02 4.401072860e-02
    endloop
  endfacet
  facet normal -9.160871506e-01 3.226090968e-01 2.381338924e-01
    outer loop
      vertex 5.229983106e-02 -4.965868965e-02 4.401072860e-02
      vertex 5.136326328e-02 -5.069163814e-02 4.180718213e-02
      vertex 5.179856345e-02 -5.160892382e-02 4.472443834e-02
    endloop
  endfacet
  facet normal -9.349027872e-01 3.060554266e-01 1.796854436e-01
    outer loop
      vertex 5.229983106e-02 -4.965868965e-02 4.401072860e-02
      vertex 5.179856345e-02 -5.160892382e-02 4.472443834e-02
      vertex 5.309625715e-02 -4.837939516e-02 4.597552866e-02
    endloop
  endfacet
  facet normal -8.131583929e-01 4.950456321e-01 3.061097860e-01
    outer loop
      vertex 4.905205593e-02 -4.838112369e-02 3.183129057e-02
      vertex 4.764024168e-02 -4.932704940e-02 2.961067483e-02
      vertex 4.600200057e-02 -5.429765955e-02 3.329735622e-02
    endloop
  endfacet
  facet normal -7.683646083e-01 4.962513447e-01 4.041663408e-01
    outer loop
      vertex 4.905205593e-02 -4.838112369e-02 3.183129057e-02
      vertex 4.600200057e-02 -5.429765955e-02 3.329735622e-02
      vertex 4.757955670e-02 -5.351677909e-02 3.533766791e-02
    endloop
  endfacet
  facet normal -6.900993586e-01 6.682667136e-01 2.778173983e-01
    outer loop
      vertex 4.757955670e-02 -5.351677909e-02 3.533766791e-02
      vertex 4.600200057e-02 -5.429765955e-02 3.329735622e-02
      vertex 4.381077737e-02 -5.833852664e-02 3.757432103e-02
    endloop
  endfacet
  facet normal -6.258895397e-01 6.724581122e-01 3.950473070e-01
    outer loop
      vertex 4.757955670e-02 -5.351677909e-02 3.533766791e-02
      vertex 4.381077737e-02 -5.833852664e-02 3.757432103e-02
      vertex 4.553971812e-02 -5.780870095e-02 3.941167146e-02
    endloop
  endfacet
  facet normal -5.433943272e-01 7.901667953e-01 2.834766209e-01
    outer loop
      vertex 4.553971812e-02 -5.780870095e-02 3.941167146e-02
      vertex 4.381077737e-02 -5.833852664e-02 3.757432103e-02
      vertex 4.275107011e-02 -6.073066965e-02 4.221086949e-02
    endloop
  endfacet
  facet normal -5.056259036e-01 7.976116538e-01 3.288740516e-01
    outer loop
      vertex 4.553971812e-02 -5.780870095e-02 3.941167146e-02
      vertex 4.275107011e-02 -6.073066965e-02 4.221086949e-02
      vertex 4.558146000e-02 -5.903467909e-02 4.244918749e-02
    endloop
  endfacet
  facet normal -6.364760399e-01 6.962946057e-01 3.317710161e-01
    outer loop
      vertex 4.600200057e-02 -5.429765955e-02 3.329735622e-02
      vertex 4.320846871e-02 -5.696475878e-02 3.353568539e-02
      vertex 4.381077737e-02 -5.833852664e-02 3.757432103e-02
    endloop
  endfacet
  facet normal -4.985346794e-01 7.953117490e-01 3.448801935e-01
    outer loop
      vertex 4.381077737e-02 -5.833852664e-02 3.757432103e-02
      vertex 4.320846871e-02 -5.696475878e-02 3.353568539e-02
      vertex 4.199205711e-02 -5.872750655e-02 3.584231436e-02
    endloop
  endfacet
  facet normal -4.685211778e-01 8.288252950e-01 3.058374822e-01
    outer loop
      vertex 4.381077737e-02 -5.833852664e-02 3.757432103e-02
      vertex 4.199205711e-02 -5.872750655e-02 3.584231436e-02
      vertex 4.189675301e-02 -6.112563983e-02 4.219530150e-02
    endloop
  endfacet
  facet normal -4.090537131e-01 8.557221889e-01 3.168826401e-01
    outer loop
      vertex 4.189675301e-02 -6.112563983e-02 4.219530150e-02
      vertex 4.199205711e-02 -5.872750655e-02 3.584231436e-02
      vertex 4.065672681e-02 -6.025827304e-02 3.825232014e-02
    endloop
  endfacet
  facet normal -3.562999070e-01 8.827612400e-01 3.062400818e-01
    outer loop
      vertex 4.189675301e-02 -6.112563983e-02 4.219530150e-02
      vertex 4.065672681e-02 -6.025827304e-02 3.825232014e-02
      vertex 4.100654647e-02 -6.148755923e-02 4.220283777e-02
    endloop
  endfacet
  facet normal -2.973249257e-01 9.038738012e-01 3.075874746e-01
    outer loop
      vertex 4.100654647e-02 -6.148755923e-02 4.220283777e-02
      vertex 4.065672681e-02 -6.025827304e-02 3.825232014e-02
      vertex 3.921400756e-02 -6.157833710e-02 4.073686525e-02
    endloop
  endfacet
  facet normal -2.992599010e-01 9.023943543e-01 3.100450933e-01
    outer loop
      vertex 4.100654647e-02 -6.148755923e-02 4.220283777e-02
      vertex 3.921400756e-02 -6.157833710e-02 4.073686525e-02
      vertex 3.979213908e-02 -6.190607324e-02 4.224877059e-02
    endloop
  endfacet
  facet normal -5.520814657e-01 7.196587920e-01 4.210668802e-01
    outer loop
      vertex 4.065810144e-02 -5.575669184e-02 2.796103805e-02
      vertex 4.429692030e-02 -5.495414510e-02 3.136041388e-02
      vertex 4.167022929e-02 -5.370495096e-02 2.578139305e-02
    endloop
  endfacet
  facet normal -6.203714013e-01 6.507527232e-01 4.377901554e-01
    outer loop
      vertex 4.167022929e-02 -5.370495096e-02 2.578139305e-02
      vertex 4.429692030e-02 -5.495414510e-02 3.136041388e-02
      vertex 4.524947703e-02 -5.268758908e-02 2.934111655e-02
    endloop
  endfacet
  facet normal -6.347858906e-01 6.200601459e-01 4.610556066e-01
    outer loop
      vertex 4.167022929e-02 -5.370495096e-02 2.578139305e-02
      vertex 4.524947703e-02 -5.268758908e-02 2.934111655e-02
      vertex 4.253163561e-02 -5.135295168e-02 2.380425110e-02
    endloop
  endfacet
  facet normal -6.807113290e-01 5.621929169e-01 4.696500599e-01
    outer loop
      vertex 4.253163561e-02 -5.135295168e-02 2.380425110e-02
      vertex 4.524947703e-02 -5.268758908e-02 2.934111655e-02
      vertex 4.605853185e-02 -5.016690865e-02 2.749639004e-02
    endloop
  endfacet
  facet normal -6.963617802e-01 5.151341558e-01 4.997169673e-01
    outer loop
      vertex 4.253163561e-02 -5.135295168e-02 2.380425110e-02
      vertex 4.605853185e-02 -5.016690865e-02 2.749639004e-02
      vertex 4.323602095e-02 -4.870167747e-02 2.205274999e-02
    endloop
  endfacet
  facet normal -4.536966681e-01 8.051128983e-01 3.820373416e-01
    outer loop
      vertex 4.065810144e-02 -5.575669184e-02 2.796103805e-02
      vertex 3.950373828e-02 -5.752134696e-02 3.030901775e-02
      vertex 4.320846871e-02 -5.696475878e-02 3.353568539e-02
    endloop
  endfacet
  facet normal -4.515464604e-01 8.076951504e-01 3.791231513e-01
    outer loop
      vertex 4.320846871e-02 -5.696475878e-02 3.353568539e-02
      vertex 3.950373828e-02 -5.752134696e-02 3.030901775e-02
      vertex 4.199205711e-02 -5.872750655e-02 3.584231436e-02
    endloop
  endfacet
  facet normal -3.486226499e-01 8.708222508e-01 3.465989828e-01
    outer loop
      vertex 4.199205711e-02 -5.872750655e-02 3.584231436e-02
      vertex 3.950373828e-02 -5.752134696e-02 3.030901775e-02
      vertex 3.821720183e-02 -5.902168527e-02 3.278453648e-02
    endloop
  endfacet
  facet normal -3.540193141e-01 8.657552600e-01 3.537487090e-01
    outer loop
      vertex 4.199205711e-02 -5.872750655e-02 3.584231436e-02
      vertex 3.821720183e-02 -5.902168527e-02 3.278453648e-02
      vertex 4.065672681e-02 -6.025827304e-02 3.825232014e-02
    endloop
  endfacet
  facet normal -2.469264716e-01 9.156315923e-01 3.172477484e-01
    outer loop
      vertex 4.065672681e-02 -6.025827304e-02 3.825232014e-02
      vertex 3.821720183e-02 -5.902168527e-02 3.278453648e-02
      vertex 3.681097552e-02 -6.028792635e-02 3.534460440e-02
    endloop
  endfacet
  facet normal -2.581181526e-01 9.072270989e-01 3.321355879e-01
    outer loop
      vertex 4.065672681e-02 -6.025827304e-02 3.825232014e-02
      vertex 3.681097552e-02 -6.028792635e-02 3.534460440e-02
      vertex 3.921400756e-02 -6.157833710e-02 4.073686525e-02
    endloop
  endfacet
  facet normal -8.522152901e-01 1.924202740e-01 4.865219295e-01
    outer loop
      vertex 5.014269054e-02 -2.711931057e-02 2.222410217e-02
      vertex 4.834772646e-02 -2.708754130e-02 1.906739175e-02
      vertex 5.057572946e-02 -3.000301309e-02 2.412314340e-02
    endloop
  endfacet
  facet normal -8.690355420e-01 1.522182375e-01 4.707513154e-01
    outer loop
      vertex 5.057572946e-02 -3.000301309e-02 2.412314340e-02
      vertex 4.834772646e-02 -2.708754130e-02 1.906739175e-02
      vertex 4.790627584e-02 -3.147739545e-02 1.967191324e-02
    endloop
  endfacet
  facet normal -8.689625859e-01 1.682934463e-01 4.653829932e-01
    outer loop
      vertex 5.057572946e-02 -3.000301309e-02 2.412314340e-02
      vertex 4.790627584e-02 -3.147739545e-02 1.967191324e-02
      vertex 4.780406132e-02 -3.803870454e-02 2.185378224e-02
    endloop
  endfacet
  facet normal -7.287529707e-01 2.262744904e-01 6.463118196e-01
    outer loop
      vertex 4.780406132e-02 -3.803870454e-02 2.185378224e-02
      vertex 4.790627584e-02 -3.147739545e-02 1.967191324e-02
      vertex 4.452715442e-02 -3.258264437e-02 1.624871232e-02
    endloop
  endfacet
  facet normal -7.564667463e-01 1.889200360e-01 6.261528134e-01
    outer loop
      vertex 4.780406132e-02 -3.803870454e-02 2.185378224e-02
      vertex 4.452715442e-02 -3.258264437e-02 1.624871232e-02
      vertex 4.440486431e-02 -3.929424658e-02 1.812596619e-02
    endloop
  endfacet
  facet normal -6.179460287e-01 2.222022116e-01 7.541676760e-01
    outer loop
      vertex 4.440486431e-02 -3.929424658e-02 1.812596619e-02
      vertex 4.452715442e-02 -3.258264437e-02 1.624871232e-02
      vertex 4.252311215e-02 -3.969726339e-02 1.670284756e-02
    endloop
  endfacet
  facet normal -6.142196655e-01 3.187277019e-01 7.219050527e-01
    outer loop
      vertex 4.440486431e-02 -3.929424658e-02 1.812596619e-02
      vertex 4.252311215e-02 -3.969726339e-02 1.670284756e-02
      vertex 4.189889506e-02 -4.615751281e-02 1.902400330e-02
    endloop
  endfacet
  facet normal -2.262395173e-01 1.453431547e-01 9.631671906e-01
    outer loop
      vertex 4.069140181e-02 -2.713182755e-02 1.321712602e-02
      vertex 3.967371956e-02 -2.715477534e-02 1.298154425e-02
      vertex 4.073160142e-02 -3.326988593e-02 1.415280905e-02
    endloop
  endfacet
  facet normal -2.316432893e-01 1.441952288e-01 9.620546103e-01
    outer loop
      vertex 4.073160142e-02 -3.326988593e-02 1.415280905e-02
      vertex 3.967371956e-02 -2.715477534e-02 1.298154425e-02
      vertex 3.663513437e-02 -3.356397524e-02 1.321054157e-02
    endloop
  endfacet
  facet normal -2.334824651e-01 2.110934705e-01 9.491709471e-01
    outer loop
      vertex 4.073160142e-02 -3.326988593e-02 1.415280905e-02
      vertex 3.663513437e-02 -3.356397524e-02 1.321054157e-02
      vertex 4.056435823e-02 -3.994742408e-02 1.559673902e-02
    endloop
  endfacet
  facet normal -3.040342629e-01 1.636758447e-01 9.384952784e-01
    outer loop
      vertex 4.056435823e-02 -3.994742408e-02 1.559673902e-02
      vertex 3.663513437e-02 -3.356397524e-02 1.321054157e-02
      vertex 3.648004308e-02 -4.002681747e-02 1.428743359e-02
    endloop
  endfacet
  facet normal -2.970289588e-01 2.930128872e-01 9.087998867e-01
    outer loop
      vertex 4.056435823e-02 -3.994742408e-02 1.559673902e-02
      vertex 3.648004308e-02 -4.002681747e-02 1.428743359e-02
      vertex 4.033000767e-02 -4.323819652e-02 1.658114791e-02
    endloop
  endfacet
  facet normal -3.210614920e-01 2.645917535e-01 9.093463421e-01
    outer loop
      vertex 4.033000767e-02 -4.323819652e-02 1.658114791e-02
      vertex 3.648004308e-02 -4.002681747e-02 1.428743359e-02
      vertex 3.627655655e-02 -4.319325462e-02 1.513692457e-02
    endloop
  endfacet
  facet normal -4.768778682e-01 1.936983615e-01 8.573613167e-01
    outer loop
      vertex 4.438405111e-02 -2.707180567e-02 1.492408570e-02
      vertex 4.230367020e-02 -2.709871717e-02 1.377302501e-02
      vertex 4.452715442e-02 -3.258264437e-02 1.624871232e-02
    endloop
  endfacet
  facet normal -5.002558231e-01 1.795663685e-01 8.470537663e-01
    outer loop
      vertex 4.452715442e-02 -3.258264437e-02 1.624871232e-02
      vertex 4.230367020e-02 -2.709871717e-02 1.377302501e-02
      vertex 4.073160142e-02 -3.326988593e-02 1.415280905e-02
    endloop
  endfacet
  facet normal -5.009355545e-01 1.949288398e-01 8.432474732e-01
    outer loop
      vertex 4.452715442e-02 -3.258264437e-02 1.624871232e-02
      vertex 4.073160142e-02 -3.326988593e-02 1.415280905e-02
      vertex 4.252311215e-02 -3.969726339e-02 1.670284756e-02
    endloop
  endfacet
  facet normal -5.010413527e-01 1.948789954e-01 8.431961536e-01
    outer loop
      vertex 4.252311215e-02 -3.969726339e-02 1.670284756e-02
      vertex 4.073160142e-02 -3.326988593e-02 1.415280905e-02
      vertex 4.056435823e-02 -3.994742408e-02 1.559673902e-02
    endloop
  endfacet
  facet normal -4.953216016e-01 3.357338011e-01 8.012111783e-01
    outer loop
      vertex 4.252311215e-02 -3.969726339e-02 1.670284756e-02
      vertex 4.056435823e-02 -3.994742408e-02 1.559673902e-02
      vertex 4.189889506e-02 -4.615751281e-02 1.902400330e-02
    endloop
  endfacet
  facet normal -6.389477849e-01 2.618727982e-01 7.233037949e-01
    outer loop
      vertex 4.189889506e-02 -4.615751281e-02 1.902400330e-02
      vertex 4.056435823e-02 -3.994742408e-02 1.559673902e-02
      vertex 4.033000767e-02 -4.323819652e-02 1.658114791e-02
    endloop
  endfacet
  facet normal -5.171863437e-01 3.684712946e-01 7.724941373e-01
    outer loop
      vertex 4.189889506e-02 -4.615751281e-02 1.902400330e-02
      vertex 4.033000767e-02 -4.323819652e-02 1.658114791e-02
      vertex 3.995621204e-02 -4.634300247e-02 1.781184971e-02
    endloop
  endfacet
  facet normal -3.063505292e-01 3.824216425e-01 8.717241883e-01
    outer loop
      vertex 3.995621204e-02 -4.634300247e-02 1.781184971e-02
      vertex 4.033000767e-02 -4.323819652e-02 1.658114791e-02
      vertex 3.627655655e-02 -4.319325462e-02 1.513692457e-02
    endloop
  endfacet
  facet normal -3.234048188e-02 8.991539478e-01 4.364358187e-01
    outer loop
      vertex 3.208466247e-02 -5.877966061e-02 3.036078438e-02
      vertex 3.433588520e-02 -5.868575349e-02 3.033413365e-02
      vertex 3.208388016e-02 -5.655542389e-02 2.577830851e-02
    endloop
  endfacet
  facet normal -4.681782052e-02 8.957843184e-01 4.420164824e-01
    outer loop
      vertex 3.208388016e-02 -5.655542389e-02 2.577830851e-02
      vertex 3.433588520e-02 -5.868575349e-02 3.033413365e-02
      vertex 3.567084670e-02 -5.735919252e-02 2.778714150e-02
    endloop
  endfacet
  facet normal -9.233650565e-02 8.566170931e-01 5.076230168e-01
    outer loop
      vertex 3.208388016e-02 -5.655542389e-02 2.577830851e-02
      vertex 3.567084670e-02 -5.735919252e-02 2.778714150e-02
      vertex 3.288970143e-02 -5.513626710e-02 2.353005111e-02
    endloop
  endfacet
  facet normal -9.862359613e-02 8.542169333e-01 5.104770660e-01
    outer loop
      vertex 3.288970143e-02 -5.513626710e-02 2.353005111e-02
      vertex 3.567084670e-02 -5.735919252e-02 2.778714150e-02
      vertex 3.685823083e-02 -5.577338114e-02 2.536289394e-02
    endloop
  endfacet
  facet normal -1.399092823e-01 8.014144897e-01 5.815154910e-01
    outer loop
      vertex 3.288970143e-02 -5.513626710e-02 2.353005111e-02
      vertex 3.685823083e-02 -5.577338114e-02 2.536289394e-02
      vertex 3.392316028e-02 -5.336133018e-02 2.133256942e-02
    endloop
  endfacet
  facet normal -1.583474427e-01 7.921648026e-01 5.894073248e-01
    outer loop
      vertex 3.392316028e-02 -5.336133018e-02 2.133256942e-02
      vertex 3.685823083e-02 -5.577338114e-02 2.536289394e-02
      vertex 3.788387775e-02 -5.389523879e-02 2.311421186e-02
    endloop
  endfacet
  facet normal -2.045391500e-01 7.146815658e-01 6.688751578e-01
    outer loop
      vertex 3.392316028e-02 -5.336133018e-02 2.133256942e-02
      vertex 3.788387775e-02 -5.389523879e-02 2.311421186e-02
      vertex 3.477560356e-02 -5.127910152e-02 1.936841756e-02
    endloop
  endfacet
  facet normal -2.167345285e-01 7.067450881e-01 6.734519601e-01
    outer loop
      vertex 3.477560356e-02 -5.127910152e-02 1.936841756e-02
      vertex 3.788387775e-02 -5.389523879e-02 2.311421186e-02
      vertex 3.874105960e-02 -5.170017853e-02 2.108649909e-02
    endloop
  endfacet
  facet normal -2.616722584e-01 6.047750115e-01 7.521800399e-01
    outer loop
      vertex 3.477560356e-02 -5.127910152e-02 1.936841756e-02
      vertex 3.874105960e-02 -5.170017853e-02 2.108649909e-02
      vertex 3.544540703e-02 -4.887819663e-02 1.767103374e-02
    endloop
  endfacet
  facet normal -2.650439739e-01 6.020517945e-01 7.531834841e-01
    outer loop
      vertex 3.544540703e-02 -4.887819663e-02 1.767103374e-02
      vertex 3.874105960e-02 -5.170017853e-02 2.108649909e-02
      vertex 3.942991793e-02 -4.917839542e-02 1.931313798e-02
    endloop
  endfacet
  facet normal -3.021979034e-01 4.833212197e-01 8.216307163e-01
    outer loop
      vertex 3.544540703e-02 -4.887819663e-02 1.767103374e-02
      vertex 3.942991793e-02 -4.917839542e-02 1.931313798e-02
      vertex 3.594017774e-02 -4.616943374e-02 1.625959203e-02
    endloop
  endfacet
  facet normal -9.321528077e-01 2.385888100e-01 2.723352909e-01
    outer loop
      vertex 4.998836666e-02 -4.255676642e-02 2.890811861e-02
      vertex 5.028035864e-02 -4.736262932e-02 3.411789611e-02
      vertex 5.194749683e-02 -4.043302312e-02 3.375327587e-02
    endloop
  endfacet
  facet normal -9.215884805e-01 2.378582656e-01 3.067542613e-01
    outer loop
      vertex 5.194749683e-02 -4.043302312e-02 3.375327587e-02
      vertex 5.028035864e-02 -4.736262932e-02 3.411789611e-02
      vertex 5.132797360e-02 -4.629734531e-02 3.643924370e-02
    endloop
  endfacet
  facet normal -9.553158283e-01 2.004290968e-01 2.172551751e-01
    outer loop
      vertex 5.194749683e-02 -4.043302312e-02 3.375327587e-02
      vertex 5.132797360e-02 -4.629734531e-02 3.643924370e-02
      vertex 5.315852538e-02 -4.187882319e-02 4.041224346e-02
    endloop
  endfacet
  facet normal -9.530446529e-01 1.687178463e-01 2.514759898e-01
    outer loop
      vertex 5.315852538e-02 -4.187882319e-02 4.041224346e-02
      vertex 5.132797360e-02 -4.629734531e-02 3.643924370e-02
      vertex 5.294810608e-02 -4.409388080e-02 4.110090062e-02
    endloop
  endfacet
  facet normal -9.697445035e-01 1.516078264e-01 1.913391799e-01
    outer loop
      vertex 5.315852538e-02 -4.187882319e-02 4.041224346e-02
      vertex 5.294810608e-02 -4.409388080e-02 4.110090062e-02
      vertex 5.348801240e-02 -4.365858808e-02 4.349234700e-02
    endloop
  endfacet
  facet normal -9.682578444e-01 1.638260782e-01 1.887795776e-01
    outer loop
      vertex 5.348801240e-02 -4.365858808e-02 4.349234700e-02
      vertex 5.294810608e-02 -4.409388080e-02 4.110090062e-02
      vertex 5.383056402e-02 -4.574728385e-02 4.706191272e-02
    endloop
  endfacet
  facet normal -9.716529250e-01 1.512153894e-01 1.817263812e-01
    outer loop
      vertex 5.348801240e-02 -4.365858808e-02 4.349234700e-02
      vertex 5.383056402e-02 -4.574728385e-02 4.706191272e-02
      vertex 5.391237885e-02 -4.517281428e-02 4.702134058e-02
    endloop
  endfacet
  facet normal -9.663757682e-01 1.435155272e-01 2.133567780e-01
    outer loop
      vertex 5.293443426e-02 -3.974968567e-02 3.776384890e-02
      vertex 5.282517523e-02 -3.728011623e-02 3.560780361e-02
      vertex 5.194749683e-02 -4.043302312e-02 3.375327587e-02
    endloop
  endfacet
  facet normal -9.653447270e-01 1.386868358e-01 2.210781276e-01
    outer loop
      vertex 5.194749683e-02 -4.043302312e-02 3.375327587e-02
      vertex 5.282517523e-02 -3.728011623e-02 3.560780361e-02
      vertex 5.228316039e-02 -3.435182944e-02 3.140410408e-02
    endloop
  endfacet
  facet normal -9.372531772e-01 1.694419235e-01 3.047062755e-01
    outer loop
      vertex 5.194749683e-02 -4.043302312e-02 3.375327587e-02
      vertex 5.228316039e-02 -3.435182944e-02 3.140410408e-02
      vertex 4.998836666e-02 -4.255676642e-02 2.890811861e-02
    endloop
  endfacet
  facet normal -9.444104433e-01 1.805561185e-01 2.747514546e-01
    outer loop
      vertex 4.998836666e-02 -4.255676642e-02 2.890811861e-02
      vertex 5.228316039e-02 -3.435182944e-02 3.140410408e-02
      vertex 5.046140403e-02 -3.632003441e-02 2.643556148e-02
    endloop
  endfacet
  facet normal -8.707067370e-01 2.369039953e-01 4.309829473e-01
    outer loop
      vertex 4.998836666e-02 -4.255676642e-02 2.890811861e-02
      vertex 5.046140403e-02 -3.632003441e-02 2.643556148e-02
      vertex 4.722531140e-02 -4.443231598e-02 2.435692772e-02
    endloop
  endfacet
  facet normal -8.686305285e-01 3.544272184e-01 3.462114632e-01
    outer loop
      vertex 5.165442824e-02 -2.715152688e-02 2.604997158e-02
      vertex 5.014269054e-02 -2.711931057e-02 2.222410217e-02
      vertex 5.242527649e-02 -2.827248164e-02 2.913155407e-02
    endloop
  endfacet
  facet normal -9.434537292e-01 7.149581611e-02 3.237027228e-01
    outer loop
      vertex 5.242527649e-02 -2.827248164e-02 2.913155407e-02
      vertex 5.014269054e-02 -2.711931057e-02 2.222410217e-02
      vertex 5.057572946e-02 -3.000301309e-02 2.412314340e-02
    endloop
  endfacet
  facet normal -9.439110756e-01 1.284376681e-01 3.041968048e-01
    outer loop
      vertex 5.242527649e-02 -2.827248164e-02 2.913155407e-02
      vertex 5.057572946e-02 -3.000301309e-02 2.412314340e-02
      vertex 5.046140403e-02 -3.632003441e-02 2.643556148e-02
    endloop
  endfacet
  facet normal -8.787340522e-01 1.780214161e-01 4.428710639e-01
    outer loop
      vertex 5.046140403e-02 -3.632003441e-02 2.643556148e-02
      vertex 5.057572946e-02 -3.000301309e-02 2.412314340e-02
      vertex 4.780406132e-02 -3.803870454e-02 2.185378224e-02
    endloop
  endfacet
  facet normal -8.759266138e-01 2.425605655e-01 4.170335233e-01
    outer loop
      vertex 5.046140403e-02 -3.632003441e-02 2.643556148e-02
      vertex 4.780406132e-02 -3.803870454e-02 2.185378224e-02
      vertex 4.722531140e-02 -4.443231598e-02 2.435692772e-02
    endloop
  endfacet
  facet normal -7.532072663e-01 2.978027463e-01 5.865085721e-01
    outer loop
      vertex 4.722531140e-02 -4.443231598e-02 2.435692772e-02
      vertex 4.780406132e-02 -3.803870454e-02 2.185378224e-02
      vertex 4.440486431e-02 -3.929424658e-02 1.812596619e-02
    endloop
  endfacet
  facet normal -7.592619061e-01 2.898364067e-01 5.826801658e-01
    outer loop
      vertex 4.722531140e-02 -4.443231598e-02 2.435692772e-02
      vertex 4.440486431e-02 -3.929424658e-02 1.812596619e-02
      vertex 4.378059879e-02 -4.577187076e-02 2.053461224e-02
    endloop
  endfacet
  facet normal -6.318457723e-01 3.229031861e-01 7.046307325e-01
    outer loop
      vertex 4.378059879e-02 -4.577187076e-02 2.053461224e-02
      vertex 4.440486431e-02 -3.929424658e-02 1.812596619e-02
      vertex 4.189889506e-02 -4.615751281e-02 1.902400330e-02
    endloop
  endfacet
  facet normal -5.912662148e-01 5.405297875e-01 5.985247493e-01
    outer loop
      vertex 4.378059879e-02 -4.577187076e-02 2.053461224e-02
      vertex 4.189889506e-02 -4.615751281e-02 1.902400330e-02
      vertex 3.942991793e-02 -4.917839542e-02 1.931313798e-02
    endloop
  endfacet
  facet normal -4.977661967e-01 4.762060046e-01 7.248839140e-01
    outer loop
      vertex 3.942991793e-02 -4.917839542e-02 1.931313798e-02
      vertex 4.189889506e-02 -4.615751281e-02 1.902400330e-02
      vertex 3.995621204e-02 -4.634300247e-02 1.781184971e-02
    endloop
  endfacet
  facet normal -2.959378958e-01 4.893010259e-01 8.203690052e-01
    outer loop
      vertex 3.942991793e-02 -4.917839542e-02 1.931313798e-02
      vertex 3.995621204e-02 -4.634300247e-02 1.781184971e-02
      vertex 3.594017774e-02 -4.616943374e-02 1.625959203e-02
    endloop
  endfacet
  facet normal -3.217400014e-01 3.657937050e-01 8.733145595e-01
    outer loop
      vertex 3.594017774e-02 -4.616943374e-02 1.625959203e-02
      vertex 3.995621204e-02 -4.634300247e-02 1.781184971e-02
      vertex 3.627655655e-02 -4.319325462e-02 1.513692457e-02
    endloop
  endfacet
  facet normal -5.780377239e-02 3.580643237e-01 9.319059253e-01
    outer loop
      vertex 3.594017774e-02 -4.616943374e-02 1.625959203e-02
      vertex 3.627655655e-02 -4.319325462e-02 1.513692457e-02
      vertex 3.208510205e-02 -4.246530309e-02 1.459723990e-02
    endloop
  endfacet
  facet normal -8.375696838e-02 2.355677038e-01 9.682420492e-01
    outer loop
      vertex 3.208510205e-02 -4.246530309e-02 1.459723990e-02
      vertex 3.627655655e-02 -4.319325462e-02 1.513692457e-02
      vertex 3.219598904e-02 -3.930563107e-02 1.383810211e-02
    endloop
  endfacet
  facet normal -5.426249504e-01 7.345471382e-01 4.074293673e-01
    outer loop
      vertex 4.065810144e-02 -5.575669184e-02 2.796103805e-02
      vertex 4.320846871e-02 -5.696475878e-02 3.353568539e-02
      vertex 4.429692030e-02 -5.495414510e-02 3.136041388e-02
    endloop
  endfacet
  facet normal -6.382871270e-01 6.976254582e-01 3.254354894e-01
    outer loop
      vertex 4.429692030e-02 -5.495414510e-02 3.136041388e-02
      vertex 4.320846871e-02 -5.696475878e-02 3.353568539e-02
      vertex 4.600200057e-02 -5.429765955e-02 3.329735622e-02
    endloop
  endfacet
  facet normal -6.777333021e-01 6.270183921e-01 3.840904832e-01
    outer loop
      vertex 4.429692030e-02 -5.495414510e-02 3.136041388e-02
      vertex 4.600200057e-02 -5.429765955e-02 3.329735622e-02
      vertex 4.524947703e-02 -5.268758908e-02 2.934111655e-02
    endloop
  endfacet
  facet normal -7.737495899e-01 5.216295123e-01 3.594638407e-01
    outer loop
      vertex 4.524947703e-02 -5.268758908e-02 2.934111655e-02
      vertex 4.600200057e-02 -5.429765955e-02 3.329735622e-02
      vertex 4.764024168e-02 -4.932704940e-02 2.961067483e-02
    endloop
  endfacet
  facet normal -7.706163526e-01 5.185124874e-01 3.705337644e-01
    outer loop
      vertex 4.524947703e-02 -5.268758908e-02 2.934111655e-02
      vertex 4.764024168e-02 -4.932704940e-02 2.961067483e-02
      vertex 4.605853185e-02 -5.016690865e-02 2.749639004e-02
    endloop
  endfacet
  facet normal -7.937765718e-01 4.413084388e-01 4.185279310e-01
    outer loop
      vertex 4.605853185e-02 -5.016690865e-02 2.749639004e-02
      vertex 4.764024168e-02 -4.932704940e-02 2.961067483e-02
      vertex 4.671798646e-02 -4.740593210e-02 2.583584934e-02
    endloop
  endfacet
  facet normal -7.225844860e-01 4.747784436e-01 5.024510622e-01
    outer loop
      vertex 4.605853185e-02 -5.016690865e-02 2.749639004e-02
      vertex 4.671798646e-02 -4.740593210e-02 2.583584934e-02
      vertex 4.323602095e-02 -4.870167747e-02 2.205274999e-02
    endloop
  endfacet
  facet normal -6.392262578e-01 7.100355029e-01 2.953632176e-01
    outer loop
      vertex 4.558146000e-02 -5.903467909e-02 4.244918749e-02
      vertex 4.715027288e-02 -5.715847388e-02 4.133413360e-02
      vertex 4.553971812e-02 -5.780870095e-02 3.941167146e-02
    endloop
  endfacet
  facet normal -6.966997981e-01 6.101232767e-01 3.773049414e-01
    outer loop
      vertex 4.553971812e-02 -5.780870095e-02 3.941167146e-02
      vertex 4.715027288e-02 -5.715847388e-02 4.133413360e-02
      vertex 4.900561646e-02 -5.263924971e-02 3.745221719e-02
    endloop
  endfacet
  facet normal -7.543097138e-01 6.036076546e-01 2.582145035e-01
    outer loop
      vertex 4.553971812e-02 -5.780870095e-02 3.941167146e-02
      vertex 4.900561646e-02 -5.263924971e-02 3.745221719e-02
      vertex 4.757955670e-02 -5.351677909e-02 3.533766791e-02
    endloop
  endfacet
  facet normal -8.201245666e-01 4.338576496e-01 3.730458617e-01
    outer loop
      vertex 4.757955670e-02 -5.351677909e-02 3.533766791e-02
      vertex 4.900561646e-02 -5.263924971e-02 3.745221719e-02
      vertex 5.028035864e-02 -4.736262932e-02 3.411789611e-02
    endloop
  endfacet
  facet normal -8.607669473e-01 4.313218594e-01 2.702623904e-01
    outer loop
      vertex 4.757955670e-02 -5.351677909e-02 3.533766791e-02
      vertex 5.028035864e-02 -4.736262932e-02 3.411789611e-02
      vertex 4.905205593e-02 -4.838112369e-02 3.183129057e-02
    endloop
  endfacet
  facet normal -8.878814578e-01 3.122938871e-01 3.378447294e-01
    outer loop
      vertex 4.905205593e-02 -4.838112369e-02 3.183129057e-02
      vertex 5.028035864e-02 -4.736262932e-02 3.411789611e-02
      vertex 4.998836666e-02 -4.255676642e-02 2.890811861e-02
    endloop
  endfacet
  facet normal -8.528881669e-01 3.371706605e-01 3.986197412e-01
    outer loop
      vertex 4.905205593e-02 -4.838112369e-02 3.183129057e-02
      vertex 4.998836666e-02 -4.255676642e-02 2.890811861e-02
      vertex 4.764024168e-02 -4.932704940e-02 2.961067483e-02
    endloop
  endfacet
  facet normal -8.598300815e-01 3.379311264e-01 3.827463090e-01
    outer loop
      vertex 4.764024168e-02 -4.932704940e-02 2.961067483e-02
      vertex 4.998836666e-02 -4.255676642e-02 2.890811861e-02
      vertex 4.722531140e-02 -4.443231598e-02 2.435692772e-02
    endloop
  endfacet
  facet normal -8.608072400e-01 3.366762102e-01 3.816543221e-01
    outer loop
      vertex 4.764024168e-02 -4.932704940e-02 2.961067483e-02
      vertex 4.722531140e-02 -4.443231598e-02 2.435692772e-02
      vertex 4.671798646e-02 -4.740593210e-02 2.583584934e-02
    endloop
  endfacet
  facet normal -7.472022176e-01 3.937556446e-01 5.353927016e-01
    outer loop
      vertex 4.671798646e-02 -4.740593210e-02 2.583584934e-02
      vertex 4.722531140e-02 -4.443231598e-02 2.435692772e-02
      vertex 4.378059879e-02 -4.577187076e-02 2.053461224e-02
    endloop
  endfacet
  facet normal -7.359591126e-01 4.142691493e-01 5.354860425e-01
    outer loop
      vertex 4.671798646e-02 -4.740593210e-02 2.583584934e-02
      vertex 4.378059879e-02 -4.577187076e-02 2.053461224e-02
      vertex 4.323602095e-02 -4.870167747e-02 2.205274999e-02
    endloop
  endfacet
  facet normal -5.555890203e-01 4.616091847e-01 6.915473938e-01
    outer loop
      vertex 4.323602095e-02 -4.870167747e-02 2.205274999e-02
      vertex 4.378059879e-02 -4.577187076e-02 2.053461224e-02
      vertex 3.942991793e-02 -4.917839542e-02 1.931313798e-02
    endloop
  endfacet
  facet normal -5.286856890e-01 5.611768365e-01 6.368453503e-01
    outer loop
      vertex 4.323602095e-02 -4.870167747e-02 2.205274999e-02
      vertex 3.942991793e-02 -4.917839542e-02 1.931313798e-02
      vertex 4.253163561e-02 -5.135295168e-02 2.380425110e-02
    endloop
  endfacet
  facet normal -5.076247454e-01 5.840719342e-01 6.333854795e-01
    outer loop
      vertex 4.253163561e-02 -5.135295168e-02 2.380425110e-02
      vertex 3.942991793e-02 -4.917839542e-02 1.931313798e-02
      vertex 3.874105960e-02 -5.170017853e-02 2.108649909e-02
    endloop
  endfacet
  facet normal -4.760683775e-01 6.614826918e-01 5.794821382e-01
    outer loop
      vertex 4.253163561e-02 -5.135295168e-02 2.380425110e-02
      vertex 3.874105960e-02 -5.170017853e-02 2.108649909e-02
      vertex 4.167022929e-02 -5.370495096e-02 2.578139305e-02
    endloop
  endfacet
  facet normal -4.362632036e-01 6.965625882e-01 5.696270466e-01
    outer loop
      vertex 4.167022929e-02 -5.370495096e-02 2.578139305e-02
      vertex 3.874105960e-02 -5.170017853e-02 2.108649909e-02
      vertex 3.788387775e-02 -5.389523879e-02 2.311421186e-02
    endloop
  endfacet
  facet normal -4.043198526e-01 7.521982789e-01 5.203106999e-01
    outer loop
      vertex 4.167022929e-02 -5.370495096e-02 2.578139305e-02
      vertex 3.788387775e-02 -5.389523879e-02 2.311421186e-02
      vertex 4.065810144e-02 -5.575669184e-02 2.796103805e-02
    endloop
  endfacet
  facet normal -3.472484946e-01 7.916017771e-01 5.027773976e-01
    outer loop
      vertex 4.065810144e-02 -5.575669184e-02 2.796103805e-02
      vertex 3.788387775e-02 -5.389523879e-02 2.311421186e-02
      vertex 3.685823083e-02 -5.577338114e-02 2.536289394e-02
    endloop
  endfacet
  facet normal -3.204619586e-01 8.261864185e-01 4.633790553e-01
    outer loop
      vertex 4.065810144e-02 -5.575669184e-02 2.796103805e-02
      vertex 3.685823083e-02 -5.577338114e-02 2.536289394e-02
      vertex 3.950373828e-02 -5.752134696e-02 3.030901775e-02
    endloop
  endfacet
  facet normal -2.529252768e-01 8.617354631e-01 4.398190975e-01
    outer loop
      vertex 3.950373828e-02 -5.752134696e-02 3.030901775e-02
      vertex 3.685823083e-02 -5.577338114e-02 2.536289394e-02
      vertex 3.567084670e-02 -5.735919252e-02 2.778714150e-02
    endloop
  endfacet
  facet normal -2.339112610e-01 8.805863261e-01 4.121326208e-01
    outer loop
      vertex 3.950373828e-02 -5.752134696e-02 3.030901775e-02
      vertex 3.567084670e-02 -5.735919252e-02 2.778714150e-02
      vertex 3.821720183e-02 -5.902168527e-02 3.278453648e-02
    endloop
  endfacet
  facet normal -1.652038842e-01 9.075462818e-01 3.860925138e-01
    outer loop
      vertex 3.821720183e-02 -5.902168527e-02 3.278453648e-02
      vertex 3.567084670e-02 -5.735919252e-02 2.778714150e-02
      vertex 3.433588520e-02 -5.868575349e-02 3.033413365e-02
    endloop
  endfacet
  facet normal -1.536247581e-01 9.166455269e-01 3.689992130e-01
    outer loop
      vertex 3.821720183e-02 -5.902168527e-02 3.278453648e-02
      vertex 3.433588520e-02 -5.868575349e-02 3.033413365e-02
      vertex 3.681097552e-02 -6.028792635e-02 3.534460440e-02
    endloop
  endfacet
  facet normal -7.921891659e-02 9.374791980e-01 3.389058113e-01
    outer loop
      vertex 3.681097552e-02 -6.028792635e-02 3.534460440e-02
      vertex 3.433588520e-02 -5.868575349e-02 3.033413365e-02
      vertex 3.530133888e-02 -6.135681644e-02 3.794848546e-02
    endloop
  endfacet
  facet normal -1.573111862e-01 9.422712326e-01 2.955978513e-01
    outer loop
      vertex 3.681097552e-02 -6.028792635e-02 3.534460440e-02
      vertex 3.530133888e-02 -6.135681644e-02 3.794848546e-02
      vertex 3.921400756e-02 -6.157833710e-02 4.073686525e-02
    endloop
  endfacet
  facet normal -1.678026021e-01 9.358735681e-01 3.098112047e-01
    outer loop
      vertex 3.921400756e-02 -6.157833710e-02 4.073686525e-02
      vertex 3.530133888e-02 -6.135681644e-02 3.794848546e-02
      vertex 3.650220484e-02 -6.266263127e-02 4.254350811e-02
    endloop
  endfacet
  facet normal -1.916511506e-01 9.414557219e-01 2.773643434e-01
    outer loop
      vertex 3.921400756e-02 -6.157833710e-02 4.073686525e-02
      vertex 3.650220484e-02 -6.266263127e-02 4.254350811e-02
      vertex 3.979213908e-02 -6.190607324e-02 4.224877059e-02
    endloop
  endfacet
  facet normal -7.287515998e-01 -2.262737155e-01 6.463136077e-01
    outer loop
      vertex 4.452713951e-02 3.274950013e-02 1.624867879e-02
      vertex 4.790626466e-02 3.164425120e-02 1.967186853e-02
      vertex 4.780405760e-02 3.820557520e-02 2.185373753e-02
    endloop
  endfacet
  facet normal -4.531877935e-01 -2.003815323e-01 8.686012030e-01
    outer loop
      vertex 4.186485708e-02 2.727389149e-02 1.359645370e-02
      vertex 4.425389692e-02 2.723958902e-02 1.483500842e-02
      vertex 4.452713951e-02 3.274950013e-02 1.624867879e-02
    endloop
  endfacet
  facet normal -9.663196206e-01 -1.434683949e-01 2.136427462e-01
    outer loop
      vertex 5.282445997e-02 3.734765574e-02 3.553581238e-02
      vertex 5.292996764e-02 3.984763846e-02 3.769185394e-02
      vertex 5.194749311e-02 4.059990868e-02 3.375323489e-02
    endloop
  endfacet
  facet normal -9.697311521e-01 -1.511157602e-01 1.917956322e-01
    outer loop
      vertex 5.347366631e-02 4.376238212e-02 4.336544126e-02
      vertex 5.294810608e-02 4.426078126e-02 4.110086337e-02
      vertex 5.314731598e-02 4.197232053e-02 4.030500352e-02
    endloop
  endfacet
  facet normal -9.679813981e-01 -1.662773341e-01 1.880527288e-01
    outer loop
      vertex 5.347366631e-02 4.376238212e-02 4.336544126e-02
      vertex 5.391295254e-02 4.533990845e-02 4.702147841e-02
      vertex 5.294810608e-02 4.426078126e-02 4.110086337e-02
    endloop
  endfacet
  facet normal -9.706753492e-01 -1.523505449e-01 1.859533638e-01
    outer loop
      vertex 5.294810608e-02 4.426078126e-02 4.110086337e-02
      vertex 5.391295254e-02 4.533990845e-02 4.702147841e-02
      vertex 5.383050814e-02 4.591475055e-02 4.706208408e-02
    endloop
  endfacet
  facet normal -9.552276134e-01 -2.166462988e-01 2.015058994e-01
    outer loop
      vertex 5.294810608e-02 4.426078126e-02 4.110086337e-02
      vertex 5.383050814e-02 4.591475055e-02 4.706208408e-02
      vertex 5.229983106e-02 4.982560501e-02 4.401069507e-02
    endloop
  endfacet
  facet normal -9.462236762e-01 -1.445100009e-01 2.894437015e-01
    outer loop
      vertex 5.229983106e-02 4.982560501e-02 4.401069507e-02
      vertex 5.383050814e-02 4.591475055e-02 4.706208408e-02
      vertex 5.309432745e-02 4.855137691e-02 4.597181082e-02
    endloop
  endfacet
  facet normal -9.359580278e-01 -3.000898957e-01 1.841973364e-01
    outer loop
      vertex 5.229983106e-02 4.982560501e-02 4.401069507e-02
      vertex 5.309432745e-02 4.855137691e-02 4.597181082e-02
      vertex 5.188787729e-02 5.159057304e-02 4.479288682e-02
    endloop
  endfacet
  facet normal -9.598830342e-01 -1.940919459e-01 2.023681551e-01
    outer loop
      vertex 5.194749311e-02 4.059990868e-02 3.375323489e-02
      vertex 5.292996764e-02 3.984763846e-02 3.769185394e-02
      vertex 5.132797360e-02 4.646424577e-02 3.643920273e-02
    endloop
  endfacet
  facet normal -9.735727906e-01 -9.696927667e-02 2.067679316e-01
    outer loop
      vertex 5.295587704e-02 2.734219842e-02 3.092535958e-02
      vertex 5.315321684e-02 2.734386735e-02 3.185532242e-02
      vertex 5.292693526e-02 3.148209676e-02 3.273060173e-02
    endloop
  endfacet
  facet normal -9.642105103e-01 -1.348865032e-01 2.282625139e-01
    outer loop
      vertex 5.282445997e-02 3.734765574e-02 3.553581238e-02
      vertex 5.194749311e-02 4.059990868e-02 3.375323489e-02
      vertex 5.282579362e-02 3.461080417e-02 3.392416611e-02
    endloop
  endfacet
  facet normal -9.675057530e-01 -1.357971430e-01 2.132878900e-01
    outer loop
      vertex 5.282579362e-02 3.461080417e-02 3.392416611e-02
      vertex 5.194749311e-02 4.059990868e-02 3.375323489e-02
      vertex 5.228316039e-02 3.451870009e-02 3.140405938e-02
    endloop
  endfacet
  facet normal -9.705148339e-01 -1.126652360e-01 2.130903900e-01
    outer loop
      vertex 5.282579362e-02 3.461080417e-02 3.392416611e-02
      vertex 5.228316039e-02 3.451870009e-02 3.140405938e-02
      vertex 5.292693526e-02 3.148209676e-02 3.273060173e-02
    endloop
  endfacet
  facet normal -9.640582204e-01 -9.619165212e-02 2.476668656e-01
    outer loop
      vertex 5.292693526e-02 3.148209676e-02 3.273060173e-02
      vertex 5.228316039e-02 3.451870009e-02 3.140405938e-02
      vertex 5.153116956e-02 2.731549554e-02 2.567922696e-02
    endloop
  endfacet
  facet normal -9.578710198e-01 -1.203965470e-01 2.607446313e-01
    outer loop
      vertex 5.292693526e-02 3.148209676e-02 3.273060173e-02
      vertex 5.153116956e-02 2.731549554e-02 2.567922696e-02
      vertex 5.295587704e-02 2.734219842e-02 3.092535958e-02
    endloop
  endfacet
  facet normal -7.452678680e-01 -1.851595342e-01 6.405402422e-01
    outer loop
      vertex 4.765419289e-02 2.724584751e-02 1.810714602e-02
      vertex 4.790626466e-02 3.164425120e-02 1.967186853e-02
      vertex 4.643728957e-02 2.723645978e-02 1.668856665e-02
    endloop
  endfacet
  facet normal -7.288129330e-01 -2.002736777e-01 6.547688246e-01
    outer loop
      vertex 4.643728957e-02 2.723645978e-02 1.668856665e-02
      vertex 4.790626466e-02 3.164425120e-02 1.967186853e-02
      vertex 4.452713951e-02 3.274950013e-02 1.624867879e-02
    endloop
  endfacet
  facet normal -6.700035334e-01 -1.745697409e-01 7.215405107e-01
    outer loop
      vertex 4.643728957e-02 2.723645978e-02 1.668856665e-02
      vertex 4.452713951e-02 3.274950013e-02 1.624867879e-02
      vertex 4.521678016e-02 2.723473124e-02 1.555481460e-02
    endloop
  endfacet
  facet normal -5.902749300e-01 -1.730168909e-01 7.884418964e-01
    outer loop
      vertex 4.521678016e-02 2.723473124e-02 1.555481460e-02
      vertex 4.452713951e-02 3.274950013e-02 1.624867879e-02
      vertex 4.425389692e-02 2.723958902e-02 1.483500842e-02
    endloop
  endfacet
  facet normal -5.617013201e-02 -7.553026080e-02 9.955601692e-01
    outer loop
      vertex 3.663512319e-02 3.373081610e-02 1.321052853e-02
      vertex 3.342418373e-02 3.332152590e-02 1.299831364e-02
      vertex 3.893327340e-02 2.733850293e-02 1.285522524e-02
    endloop
  endfacet
  facet normal -6.522666663e-02 -8.384026587e-02 9.943421483e-01
    outer loop
      vertex 3.893327340e-02 2.733850293e-02 1.285522524e-02
      vertex 3.342418373e-02 3.332152590e-02 1.299831364e-02
      vertex 3.526850790e-02 2.740680985e-02 1.262058411e-02
    endloop
  endfacet
  facet normal -6.357992440e-02 -1.924464256e-01 9.792456031e-01
    outer loop
      vertex 3.648003563e-02 4.019368812e-02 1.428741310e-02
      vertex 3.209585696e-02 4.087262973e-02 1.413618866e-02
      vertex 3.248658031e-02 3.742186353e-02 1.348339487e-02
    endloop
  endfacet
  facet normal -7.341235876e-02 -2.595723569e-01 9.629293084e-01
    outer loop
      vertex 3.209585696e-02 4.087262973e-02 1.413618866e-02
      vertex 3.648003563e-02 4.019368812e-02 1.428741310e-02
      vertex 3.208511695e-02 4.316751286e-02 1.475399081e-02
    endloop
  endfacet
  facet normal -7.578691840e-02 -2.629105747e-01 9.618390799e-01
    outer loop
      vertex 3.208511695e-02 4.316751286e-02 1.475399081e-02
      vertex 3.648003563e-02 4.019368812e-02 1.428741310e-02
      vertex 3.627654910e-02 4.336012527e-02 1.513689850e-02
    endloop
  endfacet
  facet normal -7.157936692e-02 -3.202499449e-01 9.446250200e-01
    outer loop
      vertex 3.208511695e-02 4.316751286e-02 1.475399081e-02
      vertex 3.627654910e-02 4.336012527e-02 1.513689850e-02
      vertex 3.208520263e-02 4.467808828e-02 1.526611764e-02
    endloop
  endfacet
  facet normal -8.456610888e-02 -3.600279093e-01 9.291008711e-01
    outer loop
      vertex 3.208520263e-02 4.467808828e-02 1.526611764e-02
      vertex 3.627654910e-02 4.336012527e-02 1.513689850e-02
      vertex 3.594017401e-02 4.633631930e-02 1.625956222e-02
    endloop
  endfacet
  facet normal -2.752485685e-02 -4.658694267e-01 8.844252825e-01
    outer loop
      vertex 3.208520263e-02 4.467808828e-02 1.526611764e-02
      vertex 3.594017401e-02 4.633631930e-02 1.625956222e-02
      vertex 3.544540703e-02 4.904508218e-02 1.767100021e-02
    endloop
  endfacet
  facet normal -1.224200800e-01 -8.669894934e-01 4.830554426e-01
    outer loop
      vertex 3.208433092e-02 5.770553276e-02 2.763768658e-02
      vertex 3.208133578e-02 5.595242605e-02 2.449044585e-02
      vertex 3.288970143e-02 5.530316755e-02 2.353001758e-02
    endloop
  endfacet
  facet normal 5.479071662e-02 -8.052138090e-01 5.904479027e-01
    outer loop
      vertex 3.288970143e-02 5.530316755e-02 2.353001758e-02
      vertex 3.208133578e-02 5.595242605e-02 2.449044585e-02
      vertex 3.208083659e-02 5.373496935e-02 2.146647125e-02
    endloop
  endfacet
  facet normal -4.359102994e-02 -7.871183753e-01 6.152597070e-01
    outer loop
      vertex 3.288970143e-02 5.530316755e-02 2.353001758e-02
      vertex 3.208083659e-02 5.373496935e-02 2.146647125e-02
      vertex 3.392316028e-02 5.352824554e-02 2.133253217e-02
    endloop
  endfacet
  facet normal -2.642237209e-02 -6.986919045e-01 7.149345875e-01
    outer loop
      vertex 3.392316028e-02 5.352824554e-02 2.133253217e-02
      vertex 3.208083659e-02 5.373496935e-02 2.146647125e-02
      vertex 3.208209574e-02 5.104542896e-02 1.883808151e-02
    endloop
  endfacet
  facet normal -3.835837543e-02 -6.939379573e-01 7.190123796e-01
    outer loop
      vertex 3.392316028e-02 5.352824554e-02 2.133253217e-02
      vertex 3.208209574e-02 5.104542896e-02 1.883808151e-02
      vertex 3.477560356e-02 5.144600198e-02 1.936838031e-02
    endloop
  endfacet
  facet normal -7.027360797e-02 -5.911637545e-01 8.034843206e-01
    outer loop
      vertex 3.477560356e-02 5.144600198e-02 1.936838031e-02
      vertex 3.208209574e-02 5.104542896e-02 1.883808151e-02
      vertex 3.208395094e-02 4.943844303e-02 1.765590347e-02
    endloop
  endfacet
  facet normal -7.255971432e-02 -5.891722441e-01 8.047429323e-01
    outer loop
      vertex 3.477560356e-02 5.144600198e-02 1.936838031e-02
      vertex 3.208395094e-02 4.943844303e-02 1.765590347e-02
      vertex 3.544540703e-02 4.904508218e-02 1.767100021e-02
    endloop
  endfacet
  facet normal -6.440567225e-02 -5.176333189e-01 8.531750441e-01
    outer loop
      vertex 3.544540703e-02 4.904508218e-02 1.767100021e-02
      vertex 3.208395094e-02 4.943844303e-02 1.765590347e-02
      vertex 3.208463266e-02 4.798401520e-02 1.677353308e-02
    endloop
  endfacet
  facet normal -1.112863049e-01 -4.123181999e-01 9.042173624e-01
    outer loop
      vertex 3.544540703e-02 4.904508218e-02 1.767100021e-02
      vertex 3.208463266e-02 4.798401520e-02 1.677353308e-02
      vertex 3.208520263e-02 4.467808828e-02 1.526611764e-02
    endloop
  endfacet
  facet normal -8.421356976e-02 -9.396898746e-01 3.314981163e-01
    outer loop
      vertex 3.207781166e-02 6.045582518e-02 3.430489823e-02
      vertex 3.207807615e-02 6.036233529e-02 3.403995186e-02
      vertex 3.433588147e-02 5.885266885e-02 3.033410758e-02
    endloop
  endfacet
  facet normal -9.692738764e-03 -9.281089306e-01 3.721825480e-01
    outer loop
      vertex 3.433588147e-02 5.885266885e-02 3.033410758e-02
      vertex 3.207807615e-02 6.036233529e-02 3.403995186e-02
      vertex 3.208464012e-02 5.826846883e-02 2.881866321e-02
    endloop
  endfacet
  facet normal -8.829887211e-02 -8.783586621e-01 4.697758853e-01
    outer loop
      vertex 3.433588147e-02 5.885266885e-02 3.033410758e-02
      vertex 3.208464012e-02 5.826846883e-02 2.881866321e-02
      vertex 3.685823083e-02 5.594031140e-02 2.536285669e-02
    endloop
  endfacet
  facet normal -1.934532523e-01 -9.395745397e-01 2.824456692e-01
    outer loop
      vertex 3.655732423e-02 6.282080710e-02 4.253650829e-02
      vertex 3.727307543e-02 6.169733033e-02 3.928943351e-02
      vertex 3.984990343e-02 6.205543503e-02 4.224561900e-02
    endloop
  endfacet
  facet normal -1.775257885e-01 -9.465231895e-01 2.694038749e-01
    outer loop
      vertex 3.984990343e-02 6.205543503e-02 4.224561900e-02
      vertex 3.727307543e-02 6.169733033e-02 3.928943351e-02
      vertex 3.921400011e-02 6.174526736e-02 4.073684290e-02
    endloop
  endfacet
  facet normal -3.235354424e-01 -8.906578422e-01 3.194579780e-01
    outer loop
      vertex 3.984990343e-02 6.205543503e-02 4.224561900e-02
      vertex 3.921400011e-02 6.174526736e-02 4.073684290e-02
      vertex 4.189706221e-02 6.129388139e-02 4.219567403e-02
    endloop
  endfacet
  facet normal -6.698979139e-01 -6.760722995e-01 3.068599403e-01
    outer loop
      vertex 4.663115367e-02 5.593959615e-02 3.730858490e-02
      vertex 4.799180478e-02 5.714964494e-02 4.294496030e-02
      vertex 4.553971440e-02 5.797561631e-02 3.941164166e-02
    endloop
  endfacet
  facet normal -6.608786583e-01 -6.889720559e-01 2.975851297e-01
    outer loop
      vertex 4.553971440e-02 5.797561631e-02 3.941164166e-02
      vertex 4.799180478e-02 5.714964494e-02 4.294496030e-02
      vertex 4.585792497e-02 5.899974331e-02 4.248939455e-02
    endloop
  endfacet
  facet normal -5.640213490e-01 -7.642906904e-01 3.126333952e-01
    outer loop
      vertex 4.553971440e-02 5.797561631e-02 3.941164166e-02
      vertex 4.585792497e-02 5.899974331e-02 4.248939455e-02
      vertex 4.430820048e-02 5.979266390e-02 4.163198173e-02
    endloop
  endfacet
  facet normal -3.072053194e-01 -1.414440572e-01 9.410730600e-01
    outer loop
      vertex 4.069137201e-02 2.729880624e-02 1.321712416e-02
      vertex 4.186485708e-02 2.727389149e-02 1.359645370e-02
      vertex 4.073158652e-02 3.343672678e-02 1.415278669e-02
    endloop
  endfacet
  facet normal -4.996921122e-01 -1.685860902e-01 8.496390581e-01
    outer loop
      vertex 4.073158652e-02 3.343672678e-02 1.415278669e-02
      vertex 4.186485708e-02 2.727389149e-02 1.359645370e-02
      vertex 4.452713951e-02 3.274950013e-02 1.624867879e-02
    endloop
  endfacet
  facet normal -5.022283792e-01 -2.414028645e-01 8.303561211e-01
    outer loop
      vertex 4.073158652e-02 3.343672678e-02 1.415278669e-02
      vertex 4.452713951e-02 3.274950013e-02 1.624867879e-02
      vertex 4.440485686e-02 3.946110234e-02 1.812592894e-02
    endloop
  endfacet
  facet normal -7.564654350e-01 -1.889193356e-01 6.261546016e-01
    outer loop
      vertex 4.440485686e-02 3.946110234e-02 1.812592894e-02
      vertex 4.452713951e-02 3.274950013e-02 1.624867879e-02
      vertex 4.780405760e-02 3.820557520e-02 2.185373753e-02
    endloop
  endfacet
  facet normal -7.556670904e-01 -2.562125027e-01 6.027622819e-01
    outer loop
      vertex 4.440485686e-02 3.946110234e-02 1.812592894e-02
      vertex 4.780405760e-02 3.820557520e-02 2.185373753e-02
      vertex 4.416744411e-02 4.277692363e-02 1.923772693e-02
    endloop
  endfacet
  facet normal -7.721690536e-01 -2.910377681e-01 5.648468733e-01
    outer loop
      vertex 4.416744411e-02 4.277692363e-02 1.923772693e-02
      vertex 4.780405760e-02 3.820557520e-02 2.185373753e-02
      vertex 4.722530767e-02 4.459920153e-02 2.435688302e-02
    endloop
  endfacet
  facet normal -7.563129067e-01 -3.253312111e-01 5.675829053e-01
    outer loop
      vertex 4.416744411e-02 4.277692363e-02 1.923772693e-02
      vertex 4.722530767e-02 4.459920153e-02 2.435688302e-02
      vertex 4.378059879e-02 4.593875632e-02 2.053457126e-02
    endloop
  endfacet
  facet normal -7.441285849e-01 -4.111458659e-01 5.265279412e-01
    outer loop
      vertex 4.378059879e-02 4.593875632e-02 2.053457126e-02
      vertex 4.722530767e-02 4.459920153e-02 2.435688302e-02
      vertex 4.323602095e-02 4.886856303e-02 2.205270901e-02
    endloop
  endfacet
  facet normal -7.390784621e-01 -3.968174160e-01 5.443334579e-01
    outer loop
      vertex 4.323602095e-02 4.886856303e-02 2.205270901e-02
      vertex 4.722530767e-02 4.459920153e-02 2.435688302e-02
      vertex 4.671798646e-02 4.757280275e-02 2.583580464e-02
    endloop
  endfacet
  facet normal -7.133558393e-01 -5.082610846e-01 4.824874103e-01
    outer loop
      vertex 4.323602095e-02 4.886856303e-02 2.205270901e-02
      vertex 4.671798646e-02 4.757280275e-02 2.583580464e-02
      vertex 4.253163561e-02 5.151986703e-02 2.380421013e-02
    endloop
  endfacet
  facet normal -2.027377039e-01 -1.268577278e-01 9.709812403e-01
    outer loop
      vertex 3.893327340e-02 2.733850293e-02 1.285522524e-02
      vertex 4.069137201e-02 2.729880624e-02 1.321712416e-02
      vertex 3.663512319e-02 3.373081610e-02 1.321052853e-02
    endloop
  endfacet
  facet normal -2.316738367e-01 -1.451151520e-01 9.619089365e-01
    outer loop
      vertex 3.663512319e-02 3.373081610e-02 1.321052853e-02
      vertex 4.069137201e-02 2.729880624e-02 1.321712416e-02
      vertex 4.073158652e-02 3.343672678e-02 1.415278669e-02
    endloop
  endfacet
  facet normal -2.334805876e-01 -2.110913694e-01 9.491719007e-01
    outer loop
      vertex 3.663512319e-02 3.373081610e-02 1.321052853e-02
      vertex 4.073158652e-02 3.343672678e-02 1.415278669e-02
      vertex 4.056435078e-02 4.011429474e-02 1.559670921e-02
    endloop
  endfacet
  facet normal -5.623041987e-01 -1.882011741e-01 8.052293658e-01
    outer loop
      vertex 4.056435078e-02 4.011429474e-02 1.559670921e-02
      vertex 4.073158652e-02 3.343672678e-02 1.415278669e-02
      vertex 4.440485686e-02 3.946110234e-02 1.812592894e-02
    endloop
  endfacet
  facet normal -5.610429049e-01 -2.736564577e-01 7.812445164e-01
    outer loop
      vertex 4.056435078e-02 4.011429474e-02 1.559670921e-02
      vertex 4.440485686e-02 3.946110234e-02 1.812592894e-02
      vertex 4.033000022e-02 4.340506718e-02 1.658111438e-02
    endloop
  endfacet
  facet normal -5.759266615e-01 -2.966602147e-01 7.617750168e-01
    outer loop
      vertex 4.033000022e-02 4.340506718e-02 1.658111438e-02
      vertex 4.440485686e-02 3.946110234e-02 1.812592894e-02
      vertex 4.416744411e-02 4.277692363e-02 1.923772693e-02
    endloop
  endfacet
  facet normal -5.700228214e-01 -3.611571193e-01 7.379969954e-01
    outer loop
      vertex 4.033000022e-02 4.340506718e-02 1.658111438e-02
      vertex 4.416744411e-02 4.277692363e-02 1.923772693e-02
      vertex 3.995620832e-02 4.650987312e-02 1.781181432e-02
    endloop
  endfacet
  facet normal -5.748879910e-01 -3.697245121e-01 7.299367189e-01
    outer loop
      vertex 3.995620832e-02 4.650987312e-02 1.781181432e-02
      vertex 4.416744411e-02 4.277692363e-02 1.923772693e-02
      vertex 4.378059879e-02 4.593875632e-02 2.053457126e-02
    endloop
  endfacet
  facet normal -5.581080317e-01 -4.668153822e-01 6.860020757e-01
    outer loop
      vertex 3.995620832e-02 4.650987312e-02 1.781181432e-02
      vertex 4.378059879e-02 4.593875632e-02 2.053457126e-02
      vertex 3.942991421e-02 4.934528098e-02 1.931309700e-02
    endloop
  endfacet
  facet normal -5.555886626e-01 -4.616092443e-01 6.915476322e-01
    outer loop
      vertex 3.942991421e-02 4.934528098e-02 1.931309700e-02
      vertex 4.378059879e-02 4.593875632e-02 2.053457126e-02
      vertex 4.323602095e-02 4.886856303e-02 2.205270901e-02
    endloop
  endfacet
  facet normal -5.220116377e-01 -5.814353228e-01 6.240487099e-01
    outer loop
      vertex 3.942991421e-02 4.934528098e-02 1.931309700e-02
      vertex 4.323602095e-02 4.886856303e-02 2.205270901e-02
      vertex 3.874105960e-02 5.186706409e-02 2.108645812e-02
    endloop
  endfacet
  facet normal -5.148141384e-01 -5.635592341e-01 6.460397840e-01
    outer loop
      vertex 3.874105960e-02 5.186706409e-02 2.108645812e-02
      vertex 4.323602095e-02 4.886856303e-02 2.205270901e-02
      vertex 4.253163561e-02 5.151986703e-02 2.380421013e-02
    endloop
  endfacet
  facet normal -4.611651301e-01 -6.925268173e-01 5.547372103e-01
    outer loop
      vertex 3.874105960e-02 5.186706409e-02 2.108645812e-02
      vertex 4.253163561e-02 5.151986703e-02 2.380421013e-02
      vertex 3.788388148e-02 5.406213924e-02 2.311417088e-02
    endloop
  endfacet
  facet normal -5.338223577e-01 -7.842442989e-01 3.162192106e-01
    outer loop
      vertex 4.011965916e-02 5.912510678e-02 3.423883393e-02
      vertex 4.250320792e-02 5.561896786e-02 2.956714481e-02
      vertex 4.429692030e-02 5.512107536e-02 3.136037663e-02
    endloop
  endfacet
  facet normal -6.193280220e-01 -6.511286497e-01 4.387075007e-01
    outer loop
      vertex 4.429692030e-02 5.512107536e-02 3.136037663e-02
      vertex 4.250320792e-02 5.561896786e-02 2.956714481e-02
      vertex 4.524947703e-02 5.285450444e-02 2.934107184e-02
    endloop
  endfacet
  facet normal -3.281281516e-02 -9.550922513e-01 2.944861948e-01
    outer loop
      vertex 3.208120912e-02 6.323382258e-02 4.313585907e-02
      vertex 3.207993507e-02 6.103953347e-02 3.601910174e-02
      vertex 3.530133143e-02 6.152374670e-02 3.794846684e-02
    endloop
  endfacet
  facet normal -6.440885365e-02 -9.372144938e-01 3.427542746e-01
    outer loop
      vertex 3.530133143e-02 6.152374670e-02 3.794846684e-02
      vertex 3.207993507e-02 6.103953347e-02 3.601910174e-02
      vertex 3.628996760e-02 5.909186229e-02 3.148459271e-02
    endloop
  endfacet
  facet normal -1.716860831e-01 -9.304211736e-01 3.237905800e-01
    outer loop
      vertex 3.530133143e-02 6.152374670e-02 3.794846684e-02
      vertex 3.628996760e-02 5.909186229e-02 3.148459271e-02
      vertex 3.821719810e-02 5.918861553e-02 3.278450668e-02
    endloop
  endfacet
  facet normal -2.409316301e-01 -8.738774061e-01 4.222442806e-01
    outer loop
      vertex 3.821719810e-02 5.918861553e-02 3.278450668e-02
      vertex 3.628996760e-02 5.909186229e-02 3.148459271e-02
      vertex 3.877622262e-02 5.602667853e-02 2.655953541e-02
    endloop
  endfacet
  facet normal -3.446429372e-01 -8.490877748e-01 4.003388882e-01
    outer loop
      vertex 3.821719810e-02 5.918861553e-02 3.278450668e-02
      vertex 3.877622262e-02 5.602667853e-02 2.655953541e-02
      vertex 4.065810144e-02 5.592360720e-02 2.796099707e-02
    endloop
  endfacet
  facet normal -4.211004972e-01 -7.498421073e-01 5.103049874e-01
    outer loop
      vertex 4.065810144e-02 5.592360720e-02 2.796099707e-02
      vertex 3.877622262e-02 5.602667853e-02 2.655953541e-02
      vertex 4.167023301e-02 5.387185141e-02 2.578135207e-02
    endloop
  endfacet
  facet normal -3.763054013e-01 -7.666139603e-01 5.202857852e-01
    outer loop
      vertex 4.429692030e-02 5.512107536e-02 3.136037663e-02
      vertex 4.320846871e-02 5.713167414e-02 3.353564814e-02
      vertex 4.011965916e-02 5.912510678e-02 3.423883393e-02
    endloop
  endfacet
  facet normal -4.346568584e-01 -8.113672733e-01 3.908408582e-01
    outer loop
      vertex 4.011965916e-02 5.912510678e-02 3.423883393e-02
      vertex 4.320846871e-02 5.713167414e-02 3.353564814e-02
      vertex 4.199205711e-02 5.889443681e-02 3.584228083e-02
    endloop
  endfacet
  facet normal -3.401089609e-01 -9.015490413e-01 2.674607038e-01
    outer loop
      vertex 4.011965916e-02 5.912510678e-02 3.423883393e-02
      vertex 4.199205711e-02 5.889443681e-02 3.584228083e-02
      vertex 3.727307543e-02 6.169733033e-02 3.928943351e-02
    endloop
  endfacet
  facet normal -1.906236559e-01 -8.730143309e-01 4.488970637e-01
    outer loop
      vertex 3.727307543e-02 6.169733033e-02 3.928943351e-02
      vertex 4.199205711e-02 5.889443681e-02 3.584228083e-02
      vertex 4.065672308e-02 6.042521819e-02 3.825229406e-02
    endloop
  endfacet
  facet normal -2.354679704e-01 -9.082691073e-01 3.458353579e-01
    outer loop
      vertex 3.727307543e-02 6.169733033e-02 3.928943351e-02
      vertex 4.065672308e-02 6.042521819e-02 3.825229406e-02
      vertex 3.921400011e-02 6.174526736e-02 4.073684290e-02
    endloop
  endfacet
  facet normal -3.407240212e-01 -8.977693319e-01 2.791368961e-01
    outer loop
      vertex 3.921400011e-02 6.174526736e-02 4.073684290e-02
      vertex 4.065672308e-02 6.042521819e-02 3.825229406e-02
      vertex 4.303379729e-02 6.075714156e-02 4.222137481e-02
    endloop
  endfacet
  facet normal -3.866528273e-01 -7.966248393e-01 4.646379352e-01
    outer loop
      vertex 3.921400011e-02 6.174526736e-02 4.073684290e-02
      vertex 4.303379729e-02 6.075714156e-02 4.222137481e-02
      vertex 4.189706221e-02 6.129388139e-02 4.219567403e-02
    endloop
  endfacet
  facet normal -7.059163451e-01 -4.811937809e-01 5.197448134e-01
    outer loop
      vertex 4.671798646e-02 4.757280275e-02 2.583580464e-02
      vertex 4.605853185e-02 5.033380911e-02 2.749634907e-02
      vertex 4.253163561e-02 5.151986703e-02 2.380421013e-02
    endloop
  endfacet
  facet normal -6.619011164e-01 -6.093717217e-01 4.365237653e-01
    outer loop
      vertex 4.253163561e-02 5.151986703e-02 2.380421013e-02
      vertex 4.605853185e-02 5.033380911e-02 2.749634907e-02
      vertex 4.167023301e-02 5.387185141e-02 2.578135207e-02
    endloop
  endfacet
  facet normal -4.520689845e-01 -6.651574373e-01 5.943056345e-01
    outer loop
      vertex 4.253163561e-02 5.151986703e-02 2.380421013e-02
      vertex 4.167023301e-02 5.387185141e-02 2.578135207e-02
      vertex 3.788388148e-02 5.406213924e-02 2.311417088e-02
    endloop
  endfacet
  facet normal -4.103631079e-01 -7.423858047e-01 5.295898318e-01
    outer loop
      vertex 3.788388148e-02 5.406213924e-02 2.311417088e-02
      vertex 4.167023301e-02 5.387185141e-02 2.578135207e-02
      vertex 3.877622262e-02 5.602667853e-02 2.655953541e-02
    endloop
  endfacet
  facet normal -2.947404385e-01 -7.952643037e-01 5.297950506e-01
    outer loop
      vertex 3.788388148e-02 5.406213924e-02 2.311417088e-02
      vertex 3.877622262e-02 5.602667853e-02 2.655953541e-02
      vertex 3.685823083e-02 5.594031140e-02 2.536285669e-02
    endloop
  endfacet
  facet normal -2.281870991e-01 -8.740983605e-01 4.288154840e-01
    outer loop
      vertex 3.685823083e-02 5.594031140e-02 2.536285669e-02
      vertex 3.877622262e-02 5.602667853e-02 2.655953541e-02
      vertex 3.628996760e-02 5.909186229e-02 3.148459271e-02
    endloop
  endfacet
  facet normal -1.515387744e-01 -8.844833374e-01 4.412768483e-01
    outer loop
      vertex 3.685823083e-02 5.594031140e-02 2.536285669e-02
      vertex 3.628996760e-02 5.909186229e-02 3.148459271e-02
      vertex 3.433588147e-02 5.885266885e-02 3.033410758e-02
    endloop
  endfacet
  facet normal -7.934586704e-02 -9.405312538e-01 3.303107321e-01
    outer loop
      vertex 3.433588147e-02 5.885266885e-02 3.033410758e-02
      vertex 3.628996760e-02 5.909186229e-02 3.148459271e-02
      vertex 3.207993507e-02 6.103953347e-02 3.601910174e-02
    endloop
  endfacet
  facet normal -1.044378728e-01 -9.414085150e-01 3.206910491e-01
    outer loop
      vertex 3.433588147e-02 5.885266885e-02 3.033410758e-02
      vertex 3.207993507e-02 6.103953347e-02 3.601910174e-02
      vertex 3.207781166e-02 6.045582518e-02 3.430489823e-02
    endloop
  endfacet
  facet normal -1.276752353e-01 -8.952918649e-01 4.267921448e-01
    outer loop
      vertex 3.208464012e-02 5.826846883e-02 2.881866321e-02
      vertex 3.208433092e-02 5.770553276e-02 2.763768658e-02
      vertex 3.685823083e-02 5.594031140e-02 2.536285669e-02
    endloop
  endfacet
  facet normal -8.712871373e-02 -8.672766089e-01 4.901427627e-01
    outer loop
      vertex 3.685823083e-02 5.594031140e-02 2.536285669e-02
      vertex 3.208433092e-02 5.770553276e-02 2.763768658e-02
      vertex 3.288970143e-02 5.530316755e-02 2.353001758e-02
    endloop
  endfacet
  facet normal -1.471626461e-01 -7.911422849e-01 5.936640501e-01
    outer loop
      vertex 3.685823083e-02 5.594031140e-02 2.536285669e-02
      vertex 3.288970143e-02 5.530316755e-02 2.353001758e-02
      vertex 3.788388148e-02 5.406213924e-02 2.311417088e-02
    endloop
  endfacet
  facet normal -1.513848901e-01 -8.025630713e-01 5.770399570e-01
    outer loop
      vertex 3.788388148e-02 5.406213924e-02 2.311417088e-02
      vertex 3.288970143e-02 5.530316755e-02 2.353001758e-02
      vertex 3.392316028e-02 5.352824554e-02 2.133253217e-02
    endloop
  endfacet
  facet normal -2.090039998e-01 -7.063528895e-01 6.763009429e-01
    outer loop
      vertex 3.788388148e-02 5.406213924e-02 2.311417088e-02
      vertex 3.392316028e-02 5.352824554e-02 2.133253217e-02
      vertex 3.874105960e-02 5.186706409e-02 2.108645812e-02
    endloop
  endfacet
  facet normal -2.125648111e-01 -7.151365280e-01 6.658797860e-01
    outer loop
      vertex 3.874105960e-02 5.186706409e-02 2.108645812e-02
      vertex 3.392316028e-02 5.352824554e-02 2.133253217e-02
      vertex 3.477560356e-02 5.144600198e-02 1.936838031e-02
    endloop
  endfacet
  facet normal -2.627618611e-01 -6.020122170e-01 7.540142536e-01
    outer loop
      vertex 3.874105960e-02 5.186706409e-02 2.108645812e-02
      vertex 3.477560356e-02 5.144600198e-02 1.936838031e-02
      vertex 3.942991421e-02 4.934528098e-02 1.931309700e-02
    endloop
  endfacet
  facet normal -2.640613914e-01 -6.048202515e-01 7.513082027e-01
    outer loop
      vertex 3.942991421e-02 4.934528098e-02 1.931309700e-02
      vertex 3.477560356e-02 5.144600198e-02 1.936838031e-02
      vertex 3.544540703e-02 4.904508218e-02 1.767100021e-02
    endloop
  endfacet
  facet normal -3.005442619e-01 -4.892731011e-01 8.187093139e-01
    outer loop
      vertex 3.942991421e-02 4.934528098e-02 1.931309700e-02
      vertex 3.544540703e-02 4.904508218e-02 1.767100021e-02
      vertex 3.995620832e-02 4.650987312e-02 1.781181432e-02
    endloop
  endfacet
  facet normal -2.973593473e-01 -4.833469093e-01 8.233791590e-01
    outer loop
      vertex 3.995620832e-02 4.650987312e-02 1.781181432e-02
      vertex 3.544540703e-02 4.904508218e-02 1.767100021e-02
      vertex 3.594017401e-02 4.633631930e-02 1.625956222e-02
    endloop
  endfacet
  facet normal -3.187360168e-01 -3.821879923e-01 8.673751950e-01
    outer loop
      vertex 3.995620832e-02 4.650987312e-02 1.781181432e-02
      vertex 3.594017401e-02 4.633631930e-02 1.625956222e-02
      vertex 4.033000022e-02 4.340506718e-02 1.658111438e-02
    endloop
  endfacet
  facet normal -3.087284267e-01 -3.660468757e-01 8.778931499e-01
    outer loop
      vertex 4.033000022e-02 4.340506718e-02 1.658111438e-02
      vertex 3.594017401e-02 4.633631930e-02 1.625956222e-02
      vertex 3.627654910e-02 4.336012527e-02 1.513689850e-02
    endloop
  endfacet
  facet normal -3.180762827e-01 -2.924283743e-01 9.018387198e-01
    outer loop
      vertex 4.033000022e-02 4.340506718e-02 1.658111438e-02
      vertex 3.627654910e-02 4.336012527e-02 1.513689850e-02
      vertex 4.056435078e-02 4.011429474e-02 1.559670921e-02
    endloop
  endfacet
  facet normal -2.990098000e-01 -2.651393414e-01 9.166756868e-01
    outer loop
      vertex 4.056435078e-02 4.011429474e-02 1.559670921e-02
      vertex 3.627654910e-02 4.336012527e-02 1.513689850e-02
      vertex 3.648003563e-02 4.019368812e-02 1.428741310e-02
    endloop
  endfacet
  facet normal -3.040323853e-01 -1.636739373e-01 9.384962320e-01
    outer loop
      vertex 4.056435078e-02 4.011429474e-02 1.559670921e-02
      vertex 3.648003563e-02 4.019368812e-02 1.428741310e-02
      vertex 3.663512319e-02 3.373081610e-02 1.321052853e-02
    endloop
  endfacet
  facet normal -8.281730115e-02 -1.657289863e-01 9.826877713e-01
    outer loop
      vertex 3.663512319e-02 3.373081610e-02 1.321052853e-02
      vertex 3.648003563e-02 4.019368812e-02 1.428741310e-02
      vertex 3.248658031e-02 3.742186353e-02 1.348339487e-02
    endloop
  endfacet
  facet normal -4.909612611e-02 -1.284061074e-01 9.905056357e-01
    outer loop
      vertex 3.663512319e-02 3.373081610e-02 1.321052853e-02
      vertex 3.248658031e-02 3.742186353e-02 1.348339487e-02
      vertex 3.342418373e-02 3.332152590e-02 1.299831364e-02
    endloop
  endfacet
  facet normal -9.546015263e-01 -1.872674972e-01 2.316610366e-01
    outer loop
      vertex 5.292996764e-02 3.984763846e-02 3.769185394e-02
      vertex 5.314731598e-02 4.197232053e-02 4.030500352e-02
      vertex 5.132797360e-02 4.646424577e-02 3.643920273e-02
    endloop
  endfacet
  facet normal -9.529740810e-01 -1.701655686e-01 2.507669628e-01
    outer loop
      vertex 5.132797360e-02 4.646424577e-02 3.643920273e-02
      vertex 5.314731598e-02 4.197232053e-02 4.030500352e-02
      vertex 5.294810608e-02 4.426078126e-02 4.110086337e-02
    endloop
  endfacet
  facet normal -9.421920180e-01 -2.684019804e-01 2.005855292e-01
    outer loop
      vertex 5.132797360e-02 4.646424577e-02 3.643920273e-02
      vertex 5.294810608e-02 4.426078126e-02 4.110086337e-02
      vertex 5.086295307e-02 4.923431203e-02 3.796150908e-02
    endloop
  endfacet
  facet normal -9.394074678e-01 -2.382953465e-01 2.464325279e-01
    outer loop
      vertex 5.086295307e-02 4.923431203e-02 3.796150908e-02
      vertex 5.294810608e-02 4.426078126e-02 4.110086337e-02
      vertex 5.229983106e-02 4.982560501e-02 4.401069507e-02
    endloop
  endfacet
  facet normal -8.988159895e-01 -3.608896136e-01 2.487740368e-01
    outer loop
      vertex 5.086295307e-02 4.923431203e-02 3.796150908e-02
      vertex 5.229983106e-02 4.982560501e-02 4.401069507e-02
      vertex 5.026759580e-02 5.185734853e-02 3.961566091e-02
    endloop
  endfacet
  facet normal -9.057616591e-01 -3.295123875e-01 2.664907873e-01
    outer loop
      vertex 5.026759580e-02 5.185734853e-02 3.961566091e-02
      vertex 5.229983106e-02 4.982560501e-02 4.401069507e-02
      vertex 5.188787729e-02 5.159057304e-02 4.479288682e-02
    endloop
  endfacet
  facet normal -8.625683188e-01 -4.414354861e-01 2.472056150e-01
    outer loop
      vertex 5.026759580e-02 5.185734853e-02 3.961566091e-02
      vertex 5.188787729e-02 5.159057304e-02 4.479288682e-02
      vertex 4.952457920e-02 5.431037769e-02 4.140345007e-02
    endloop
  endfacet
  facet normal -8.692674041e-01 -4.086298048e-01 2.782010436e-01
    outer loop
      vertex 4.952457920e-02 5.431037769e-02 4.140345007e-02
      vertex 5.188787729e-02 5.159057304e-02 4.479288682e-02
      vertex 5.013548210e-02 5.459519848e-02 4.373063147e-02
    endloop
  endfacet
  facet normal -8.171463609e-01 -5.058323145e-01 2.764153481e-01
    outer loop
      vertex 4.952457920e-02 5.431037769e-02 4.140345007e-02
      vertex 5.013548210e-02 5.459519848e-02 4.373063147e-02
      vertex 4.973014444e-02 5.515065417e-02 4.354882985e-02
    endloop
  endfacet
  facet normal -5.313244462e-01 -8.235223293e-01 1.987592280e-01
    outer loop
      vertex 4.585792497e-02 5.899974331e-02 4.248939455e-02
      vertex 4.303379729e-02 6.075714156e-02 4.222137481e-02
      vertex 4.430820048e-02 5.979266390e-02 4.163198173e-02
    endloop
  endfacet
  facet normal -4.602427781e-01 -8.184044957e-01 3.440793753e-01
    outer loop
      vertex 4.430820048e-02 5.979266390e-02 4.163198173e-02
      vertex 4.303379729e-02 6.075714156e-02 4.222137481e-02
      vertex 4.065672308e-02 6.042521819e-02 3.825229406e-02
    endloop
  endfacet
  facet normal -4.852750301e-01 -7.890962958e-01 3.766101301e-01
    outer loop
      vertex 4.430820048e-02 5.979266390e-02 4.163198173e-02
      vertex 4.065672308e-02 6.042521819e-02 3.825229406e-02
      vertex 4.553971440e-02 5.797561631e-02 3.941164166e-02
    endloop
  endfacet
  facet normal -4.818270504e-01 -8.356168270e-01 2.637938261e-01
    outer loop
      vertex 4.553971440e-02 5.797561631e-02 3.941164166e-02
      vertex 4.065672308e-02 6.042521819e-02 3.825229406e-02
      vertex 4.199205711e-02 5.889443681e-02 3.584228083e-02
    endloop
  endfacet
  facet normal -5.791786909e-01 -7.149792314e-01 3.916079104e-01
    outer loop
      vertex 4.553971440e-02 5.797561631e-02 3.941164166e-02
      vertex 4.199205711e-02 5.889443681e-02 3.584228083e-02
      vertex 4.663115367e-02 5.593959615e-02 3.730858490e-02
    endloop
  endfacet
  facet normal -5.772118568e-01 -7.665672302e-01 2.814270556e-01
    outer loop
      vertex 4.663115367e-02 5.593959615e-02 3.730858490e-02
      vertex 4.199205711e-02 5.889443681e-02 3.584228083e-02
      vertex 4.320846871e-02 5.713167414e-02 3.353564814e-02
    endloop
  endfacet
  facet normal -6.634530425e-01 -6.306689382e-01 4.025999904e-01
    outer loop
      vertex 4.663115367e-02 5.593959615e-02 3.730858490e-02
      vertex 4.320846871e-02 5.713167414e-02 3.353564814e-02
      vertex 4.757955670e-02 5.368369445e-02 3.533763066e-02
    endloop
  endfacet
  facet normal -6.639901996e-01 -6.846631169e-01 3.005884886e-01
    outer loop
      vertex 4.757955670e-02 5.368369445e-02 3.533763066e-02
      vertex 4.320846871e-02 5.713167414e-02 3.353564814e-02
      vertex 4.429692030e-02 5.512107536e-02 3.136037663e-02
    endloop
  endfacet
  facet normal -7.335444689e-01 -5.425252318e-01 4.093639553e-01
    outer loop
      vertex 4.757955670e-02 5.368369445e-02 3.533763066e-02
      vertex 4.429692030e-02 5.512107536e-02 3.136037663e-02
      vertex 4.838558286e-02 5.121472105e-02 3.350985795e-02
    endloop
  endfacet
  facet normal -7.370133996e-01 -5.951383710e-01 3.203460276e-01
    outer loop
      vertex 4.838558286e-02 5.121472105e-02 3.350985795e-02
      vertex 4.429692030e-02 5.512107536e-02 3.136037663e-02
      vertex 4.524947703e-02 5.285450444e-02 2.934107184e-02
    endloop
  endfacet
  facet normal -7.878565192e-01 -4.568663538e-01 4.129834175e-01
    outer loop
      vertex 4.838558286e-02 5.121472105e-02 3.350985795e-02
      vertex 4.524947703e-02 5.285450444e-02 2.934107184e-02
      vertex 4.905205593e-02 4.854802415e-02 3.183124587e-02
    endloop
  endfacet
  facet normal -7.630755305e-01 -5.736200809e-01 2.977847159e-01
    outer loop
      vertex 4.973014444e-02 5.515065417e-02 4.354882985e-02
      vertex 4.799180478e-02 5.714964494e-02 4.294496030e-02
      vertex 4.952457920e-02 5.431037769e-02 4.140345007e-02
    endloop
  endfacet
  facet normal -7.580301166e-01 -5.756721497e-01 3.065810502e-01
    outer loop
      vertex 4.952457920e-02 5.431037769e-02 4.140345007e-02
      vertex 4.799180478e-02 5.714964494e-02 4.294496030e-02
      vertex 4.663115367e-02 5.593959615e-02 3.730858490e-02
    endloop
  endfacet
  facet normal -7.884993553e-01 -4.999279678e-01 3.582468033e-01
    outer loop
      vertex 4.952457920e-02 5.431037769e-02 4.140345007e-02
      vertex 4.663115367e-02 5.593959615e-02 3.730858490e-02
      vertex 5.026759580e-02 5.185734853e-02 3.961566091e-02
    endloop
  endfacet
  facet normal -7.892477512e-01 -5.572371483e-01 2.580208480e-01
    outer loop
      vertex 5.026759580e-02 5.185734853e-02 3.961566091e-02
      vertex 4.663115367e-02 5.593959615e-02 3.730858490e-02
      vertex 4.757955670e-02 5.368369445e-02 3.533763066e-02
    endloop
  endfacet
  facet normal -8.402403593e-01 -4.125770330e-01 3.518185914e-01
    outer loop
      vertex 5.026759580e-02 5.185734853e-02 3.961566091e-02
      vertex 4.757955670e-02 5.368369445e-02 3.533763066e-02
      vertex 5.086295307e-02 4.923431203e-02 3.796150908e-02
    endloop
  endfacet
  facet normal -8.438612819e-01 -4.687619209e-01 2.610753775e-01
    outer loop
      vertex 5.086295307e-02 4.923431203e-02 3.796150908e-02
      vertex 4.757955670e-02 5.368369445e-02 3.533763066e-02
      vertex 4.838558286e-02 5.121472105e-02 3.350985795e-02
    endloop
  endfacet
  facet normal -8.788210154e-01 -3.345181048e-01 3.402518034e-01
    outer loop
      vertex 5.086295307e-02 4.923431203e-02 3.796150908e-02
      vertex 4.838558286e-02 5.121472105e-02 3.350985795e-02
      vertex 5.132797360e-02 4.646424577e-02 3.643920273e-02
    endloop
  endfacet
  facet normal -8.844047785e-01 -3.860945404e-01 2.622196972e-01
    outer loop
      vertex 5.132797360e-02 4.646424577e-02 3.643920273e-02
      vertex 4.838558286e-02 5.121472105e-02 3.350985795e-02
      vertex 4.905205593e-02 4.854802415e-02 3.183124587e-02
    endloop
  endfacet
  facet normal -9.082745314e-01 -2.497024834e-01 3.356874585e-01
    outer loop
      vertex 5.132797360e-02 4.646424577e-02 3.643920273e-02
      vertex 4.905205593e-02 4.854802415e-02 3.183124587e-02
      vertex 5.194749311e-02 4.059990868e-02 3.375323489e-02
    endloop
  endfacet
  facet normal -9.269711971e-01 -2.763413191e-01 2.536924481e-01
    outer loop
      vertex 5.194749311e-02 4.059990868e-02 3.375323489e-02
      vertex 4.905205593e-02 4.854802415e-02 3.183124587e-02
      vertex 4.998836666e-02 4.272363707e-02 2.890807763e-02
    endloop
  endfacet
  facet normal -9.372532368e-01 -1.694421619e-01 3.047060072e-01
    outer loop
      vertex 5.194749311e-02 4.059990868e-02 3.375323489e-02
      vertex 4.998836666e-02 4.272363707e-02 2.890807763e-02
      vertex 5.228316039e-02 3.451870009e-02 3.140405938e-02
    endloop
  endfacet
  facet normal -9.444103241e-01 -1.805560589e-01 2.747519314e-01
    outer loop
      vertex 5.228316039e-02 3.451870009e-02 3.140405938e-02
      vertex 4.998836666e-02 4.272363707e-02 2.890807763e-02
      vertex 5.046140030e-02 3.648690507e-02 2.643551305e-02
    endloop
  endfacet
  facet normal -9.463801384e-01 -1.346043944e-01 2.936771512e-01
    outer loop
      vertex 5.228316039e-02 3.451870009e-02 3.140405938e-02
      vertex 5.046140030e-02 3.648690507e-02 2.643551305e-02
      vertex 5.153116956e-02 2.731549554e-02 2.567922696e-02
    endloop
  endfacet
  facet normal -9.358265400e-01 -1.359709948e-01 3.251777589e-01
    outer loop
      vertex 5.153116956e-02 2.731549554e-02 2.567922696e-02
      vertex 5.046140030e-02 3.648690507e-02 2.643551305e-02
      vertex 5.057572201e-02 3.016987257e-02 2.412309125e-02
    endloop
  endfacet
  facet normal -9.211696982e-01 -1.038811952e-01 3.750400841e-01
    outer loop
      vertex 5.153116956e-02 2.731549554e-02 2.567922696e-02
      vertex 5.057572201e-02 3.016987257e-02 2.412309125e-02
      vertex 5.004670843e-02 2.728423290e-02 2.202444896e-02
    endloop
  endfacet
  facet normal -8.494832516e-01 -1.994991302e-01 4.884447455e-01
    outer loop
      vertex 5.004670843e-02 2.728423290e-02 2.202444896e-02
      vertex 5.057572201e-02 3.016987257e-02 2.412309125e-02
      vertex 4.838476703e-02 2.725490741e-02 1.912209019e-02
    endloop
  endfacet
  facet normal -8.005224466e-01 -1.596214771e-01 5.776546001e-01
    outer loop
      vertex 4.765419289e-02 2.724584751e-02 1.810714602e-02
      vertex 4.838476703e-02 2.725490741e-02 1.912209019e-02
      vertex 4.790626466e-02 3.164425120e-02 1.967186853e-02
    endloop
  endfacet
  facet normal -8.690385222e-01 -1.536421329e-01 4.702830017e-01
    outer loop
      vertex 4.790626466e-02 3.164425120e-02 1.967186853e-02
      vertex 4.838476703e-02 2.725490741e-02 1.912209019e-02
      vertex 5.057572201e-02 3.016987257e-02 2.412309125e-02
    endloop
  endfacet
  facet normal -8.689619899e-01 -1.682925522e-01 4.653844237e-01
    outer loop
      vertex 4.790626466e-02 3.164425120e-02 1.967186853e-02
      vertex 5.057572201e-02 3.016987257e-02 2.412309125e-02
      vertex 4.780405760e-02 3.820557520e-02 2.185373753e-02
    endloop
  endfacet
  facet normal -8.787339330e-01 -1.780209094e-01 4.428715408e-01
    outer loop
      vertex 4.780405760e-02 3.820557520e-02 2.185373753e-02
      vertex 5.057572201e-02 3.016987257e-02 2.412309125e-02
      vertex 5.046140030e-02 3.648690507e-02 2.643551305e-02
    endloop
  endfacet
  facet normal -8.759264946e-01 -2.425601631e-01 4.170339704e-01
    outer loop
      vertex 4.780405760e-02 3.820557520e-02 2.185373753e-02
      vertex 5.046140030e-02 3.648690507e-02 2.643551305e-02
      vertex 4.722530767e-02 4.459920153e-02 2.435688302e-02
    endloop
  endfacet
  facet normal -8.707069159e-01 -2.369038910e-01 4.309826493e-01
    outer loop
      vertex 4.722530767e-02 4.459920153e-02 2.435688302e-02
      vertex 5.046140030e-02 3.648690507e-02 2.643551305e-02
      vertex 4.998836666e-02 4.272363707e-02 2.890807763e-02
    endloop
  endfacet
  facet normal -8.599430323e-01 -3.372465372e-01 3.830962777e-01
    outer loop
      vertex 4.722530767e-02 4.459920153e-02 2.435688302e-02
      vertex 4.998836666e-02 4.272363707e-02 2.890807763e-02
      vertex 4.671798646e-02 4.757280275e-02 2.583580464e-02
    endloop
  endfacet
  facet normal -8.590590358e-01 -3.331458271e-01 3.886276782e-01
    outer loop
      vertex 4.671798646e-02 4.757280275e-02 2.583580464e-02
      vertex 4.998836666e-02 4.272363707e-02 2.890807763e-02
      vertex 4.905205593e-02 4.854802415e-02 3.183124587e-02
    endloop
  endfacet
  facet normal -8.164704442e-01 -4.280548692e-01 3.874855638e-01
    outer loop
      vertex 4.671798646e-02 4.757280275e-02 2.583580464e-02
      vertex 4.905205593e-02 4.854802415e-02 3.183124587e-02
      vertex 4.605853185e-02 5.033380911e-02 2.749634907e-02
    endloop
  endfacet
  facet normal -7.937577963e-01 -5.039753318e-01 3.405252099e-01
    outer loop
      vertex 4.605853185e-02 5.033380911e-02 2.749634907e-02
      vertex 4.905205593e-02 4.854802415e-02 3.183124587e-02
      vertex 4.524947703e-02 5.285450444e-02 2.934107184e-02
    endloop
  endfacet
  facet normal -6.544241309e-01 -5.719721317e-01 4.945472181e-01
    outer loop
      vertex 4.605853185e-02 5.033380911e-02 2.749634907e-02
      vertex 4.524947703e-02 5.285450444e-02 2.934107184e-02
      vertex 4.167023301e-02 5.387185141e-02 2.578135207e-02
    endloop
  endfacet
  facet normal -6.199443340e-01 -6.516109109e-01 4.371180236e-01
    outer loop
      vertex 4.167023301e-02 5.387185141e-02 2.578135207e-02
      vertex 4.524947703e-02 5.285450444e-02 2.934107184e-02
      vertex 4.250320792e-02 5.561896786e-02 2.956714481e-02
    endloop
  endfacet
  facet normal -5.126088858e-01 -7.311310768e-01 4.501993656e-01
    outer loop
      vertex 4.167023301e-02 5.387185141e-02 2.578135207e-02
      vertex 4.250320792e-02 5.561896786e-02 2.956714481e-02
      vertex 4.065810144e-02 5.592360720e-02 2.796099707e-02
    endloop
  endfacet
  facet normal -4.575628936e-01 -8.073910475e-01 3.724994659e-01
    outer loop
      vertex 4.065810144e-02 5.592360720e-02 2.796099707e-02
      vertex 4.250320792e-02 5.561896786e-02 2.956714481e-02
      vertex 4.011965916e-02 5.912510678e-02 3.423883393e-02
    endloop
  endfacet
  facet normal -3.375873864e-01 -8.499523401e-01 4.044945240e-01
    outer loop
      vertex 4.065810144e-02 5.592360720e-02 2.796099707e-02
      vertex 4.011965916e-02 5.912510678e-02 3.423883393e-02
      vertex 3.821719810e-02 5.918861553e-02 3.278450668e-02
    endloop
  endfacet
  facet normal -2.691484094e-01 -9.110592008e-01 3.122984469e-01
    outer loop
      vertex 3.821719810e-02 5.918861553e-02 3.278450668e-02
      vertex 4.011965916e-02 5.912510678e-02 3.423883393e-02
      vertex 3.727307543e-02 6.169733033e-02 3.928943351e-02
    endloop
  endfacet
  facet normal -1.474652290e-01 -9.298145175e-01 3.371927440e-01
    outer loop
      vertex 3.821719810e-02 5.918861553e-02 3.278450668e-02
      vertex 3.727307543e-02 6.169733033e-02 3.928943351e-02
      vertex 3.530133143e-02 6.152374670e-02 3.794846684e-02
    endloop
  endfacet
  facet normal -1.211598292e-01 -9.460196495e-01 3.006112576e-01
    outer loop
      vertex 3.530133143e-02 6.152374670e-02 3.794846684e-02
      vertex 3.727307543e-02 6.169733033e-02 3.928943351e-02
      vertex 3.655732423e-02 6.282080710e-02 4.253650829e-02
    endloop
  endfacet
  facet normal -5.025578663e-02 -9.573835135e-01 2.844136357e-01
    outer loop
      vertex 3.530133143e-02 6.152374670e-02 3.794846684e-02
      vertex 3.655732423e-02 6.282080710e-02 4.253650829e-02
      vertex 3.208120912e-02 6.323382258e-02 4.313585907e-02
    endloop
  endfacet
  facet normal -4.847800359e-02 -9.541282654e-01 2.954473794e-01
    outer loop
      vertex 3.208120912e-02 6.323382258e-02 4.313585907e-02
      vertex 3.655732423e-02 6.282080710e-02 4.253650829e-02
      vertex 3.208108619e-02 6.324534118e-02 4.317303747e-02
    endloop
  endfacet
  facet normal -9.729406834e-01 -6.007142738e-02 -2.231094092e-01
    outer loop
      vertex -5.466329679e-02 -4.254746810e-02 2.933847159e-02
      vertex -5.596492067e-02 -4.015347734e-02 3.437004983e-02
      vertex -5.579795316e-02 -3.418749943e-02 3.203561530e-02
    endloop
  endfacet
  facet normal -3.943997920e-01 -7.890210748e-01 -4.710568190e-01
    outer loop
      vertex -4.301442951e-02 -5.536064878e-02 2.308854833e-02
      vertex -4.193434492e-02 -5.730569735e-02 2.544219047e-02
      vertex -4.607005417e-02 -5.685970560e-02 2.815784141e-02
    endloop
  endfacet
  facet normal -8.551747799e-01 -6.520476192e-02 -5.142221451e-01
    outer loop
      vertex -5.249328166e-02 -2.551153488e-02 1.949677989e-02
      vertex -5.140878260e-02 -2.613040991e-02 1.777168363e-02
      vertex -5.212828144e-02 -3.210059181e-02 1.972527802e-02
    endloop
  endfacet
  facet normal -9.184664488e-02 -2.043331563e-01 -9.745830894e-01
    outer loop
      vertex -3.629523888e-02 -3.864691034e-02 1.219004858e-02
      vertex -3.629479930e-02 -4.154560342e-02 1.279775333e-02
      vertex -4.088525102e-02 -4.169676080e-02 1.326205861e-02
    endloop
  endfacet
  facet normal -1.288471818e-01 -3.359030783e-01 -9.330421090e-01
    outer loop
      vertex -3.629479185e-02 -4.284906760e-02 1.314609405e-02
      vertex -3.629476950e-02 -4.661092535e-02 1.450039167e-02
      vertex -4.063377157e-02 -4.785859957e-02 1.554875355e-02
    endloop
  endfacet
  facet normal -9.642067552e-01 -2.060478628e-01 -1.668821573e-01
    outer loop
      vertex -5.633174255e-02 -5.109656230e-02 4.533223435e-02
      vertex -5.660519004e-02 -4.918823019e-02 4.455595091e-02
      vertex -5.596207082e-02 -5.036619678e-02 4.229458049e-02
    endloop
  endfacet
  facet normal -9.889225364e-01 1.813349314e-03 -1.484216005e-01
    outer loop
      vertex -5.566561222e-02 -2.152002044e-02 3.111447394e-02
      vertex -5.494830012e-02 -2.315914817e-02 2.631504834e-02
      vertex -5.573407933e-02 -2.692154236e-02 3.150467202e-02
    endloop
  endfacet
  facet normal -9.880757928e-01 -5.860394798e-03 -1.538567245e-01
    outer loop
      vertex -5.573407933e-02 -2.692154236e-02 3.150467202e-02
      vertex -5.494830012e-02 -2.315914817e-02 2.631504834e-02
      vertex -5.582829565e-02 -3.086629696e-02 3.225998953e-02
    endloop
  endfacet
  facet normal -9.935661554e-01 -5.399758928e-03 -1.131244898e-01
    outer loop
      vertex -5.594680831e-02 -3.391591087e-02 3.333003819e-02
      vertex -5.579795316e-02 -3.418749943e-02 3.203561530e-02
      vertex -5.610898882e-02 -3.657609597e-02 3.488143906e-02
    endloop
  endfacet
  facet normal -9.917001128e-01 -2.182489075e-02 -1.267067045e-01
    outer loop
      vertex -5.610898882e-02 -3.657609597e-02 3.488143906e-02
      vertex -5.579795316e-02 -3.418749943e-02 3.203561530e-02
      vertex -5.596492067e-02 -4.015347734e-02 3.437004983e-02
    endloop
  endfacet
  facet normal -9.918733835e-01 -2.203202620e-02 -1.253065318e-01
    outer loop
      vertex -5.610898882e-02 -3.657609597e-02 3.488143906e-02
      vertex -5.596492067e-02 -4.015347734e-02 3.437004983e-02
      vertex -5.630259588e-02 -3.873163834e-02 3.679294884e-02
    endloop
  endfacet
  facet normal -8.854504824e-01 -4.176662564e-01 -2.037949115e-01
    outer loop
      vertex -5.409807339e-02 -5.264288560e-02 3.786796704e-02
      vertex -5.344300345e-02 -5.670383945e-02 4.334450886e-02
      vertex -5.513114482e-02 -5.152330175e-02 4.006194323e-02
    endloop
  endfacet
  facet normal -8.365709186e-01 -4.605846703e-01 -2.966662049e-01
    outer loop
      vertex -5.513114482e-02 -5.152330175e-02 4.006194323e-02
      vertex -5.344300345e-02 -5.670383945e-02 4.334450886e-02
      vertex -5.469210073e-02 -5.483156815e-02 4.396007955e-02
    endloop
  endfacet
  facet normal -9.279710054e-01 -3.291142881e-01 -1.747957319e-01
    outer loop
      vertex -5.513114482e-02 -5.152330175e-02 4.006194323e-02
      vertex -5.469210073e-02 -5.483156815e-02 4.396007955e-02
      vertex -5.596207082e-02 -5.036619678e-02 4.229458049e-02
    endloop
  endfacet
  facet normal -8.695406914e-01 -3.695114851e-01 -3.276587129e-01
    outer loop
      vertex -5.596207082e-02 -5.036619678e-02 4.229458049e-02
      vertex -5.469210073e-02 -5.483156815e-02 4.396007955e-02
      vertex -5.501341075e-02 -5.425370112e-02 4.416109249e-02
    endloop
  endfacet
  facet normal -9.290791154e-01 -3.176812828e-01 -1.894481033e-01
    outer loop
      vertex -5.596207082e-02 -5.036619678e-02 4.229458049e-02
      vertex -5.501341075e-02 -5.425370112e-02 4.416109249e-02
      vertex -5.633174255e-02 -5.109656230e-02 4.533223435e-02
    endloop
  endfacet
  facet normal -7.226225734e-01 -6.365305185e-01 -2.695282400e-01
    outer loop
      vertex -5.241014063e-02 -5.737939849e-02 4.163267091e-02
      vertex -5.093151703e-02 -5.823874846e-02 3.969786689e-02
      vertex -5.144161358e-02 -5.893141404e-02 4.270130023e-02
    endloop
  endfacet
  facet normal -6.385929585e-01 -7.190067172e-01 -2.742778659e-01
    outer loop
      vertex -5.144161358e-02 -5.893141404e-02 4.270130023e-02
      vertex -5.093151703e-02 -5.823874846e-02 3.969786689e-02
      vertex -4.926450178e-02 -6.070813909e-02 4.228999838e-02
    endloop
  endfacet
  facet normal -5.636173487e-01 -7.481158376e-01 -3.502258956e-01
    outer loop
      vertex -4.926450178e-02 -6.070813909e-02 4.228999838e-02
      vertex -5.093151703e-02 -5.823874846e-02 3.969786689e-02
      vertex -4.905888438e-02 -6.085020676e-02 4.226256907e-02
    endloop
  endfacet
  facet normal -6.344247460e-01 -7.231366634e-01 -2.730908692e-01
    outer loop
      vertex -4.905888438e-02 -6.085020676e-02 4.226256907e-02
      vertex -5.093151703e-02 -5.823874846e-02 3.969786689e-02
      vertex -4.928120971e-02 -5.898711458e-02 3.784564510e-02
    endloop
  endfacet
  facet normal -4.944262505e-01 -8.095202446e-01 -3.165749013e-01
    outer loop
      vertex -4.905888438e-02 -6.085020676e-02 4.226256907e-02
      vertex -4.928120971e-02 -5.898711458e-02 3.784564510e-02
      vertex -4.656593502e-02 -6.229070202e-02 4.205260426e-02
    endloop
  endfacet
  facet normal -8.887418360e-02 -9.433908463e-01 -3.195545375e-01
    outer loop
      vertex -3.629423678e-02 -6.236064807e-02 3.574627265e-02
      vertex -3.930574656e-02 -6.031579152e-02 3.054699302e-02
      vertex -3.629428893e-02 -6.176638976e-02 3.399191424e-02
    endloop
  endfacet
  facet normal -2.515233681e-02 -9.290086031e-01 -3.692023456e-01
    outer loop
      vertex -3.629428893e-02 -6.176638976e-02 3.399191424e-02
      vertex -3.930574656e-02 -6.031579152e-02 3.054699302e-02
      vertex -3.629444167e-02 -5.943185464e-02 2.811763063e-02
    endloop
  endfacet
  facet normal -1.045803502e-01 -4.988425672e-01 -8.603598475e-01
    outer loop
      vertex -3.629475459e-02 -4.793537036e-02 1.513406541e-02
      vertex -3.629472852e-02 -4.991627112e-02 1.628260314e-02
      vertex -4.018421099e-02 -5.059856549e-02 1.715098508e-02
    endloop
  endfacet
  facet normal -6.864902377e-02 -6.117058992e-01 -7.881010175e-01
    outer loop
      vertex -4.018421099e-02 -5.059856549e-02 1.715098508e-02
      vertex -3.629472852e-02 -4.991627112e-02 1.628260314e-02
      vertex -3.629467264e-02 -5.282643810e-02 1.854140311e-02
    endloop
  endfacet
  facet normal -1.354138702e-01 -1.409205049e-01 -9.807163477e-01
    outer loop
      vertex -3.629523888e-02 -3.864691034e-02 1.219004858e-02
      vertex -4.088525102e-02 -4.169676080e-02 1.326205861e-02
      vertex -3.653972223e-02 -3.432006016e-02 1.160207484e-02
    endloop
  endfacet
  facet normal -3.530449569e-01 -1.143357679e-01 -9.285938740e-01
    outer loop
      vertex -4.485591501e-02 -3.467357531e-02 1.324308198e-02
      vertex -4.352539405e-02 -2.865255065e-02 1.199587155e-02
      vertex -4.268603399e-02 -3.502935544e-02 1.246191468e-02
    endloop
  endfacet
  facet normal -2.130225450e-01 -9.907810390e-02 -9.720107913e-01
    outer loop
      vertex -4.268603399e-02 -3.502935544e-02 1.246191468e-02
      vertex -4.352539405e-02 -2.865255065e-02 1.199587155e-02
      vertex -4.065404460e-02 -2.913898416e-02 1.141617913e-02
    endloop
  endfacet
  facet normal -2.164220810e-01 -9.779509157e-02 -9.713895321e-01
    outer loop
      vertex -4.268603399e-02 -3.502935544e-02 1.246191468e-02
      vertex -4.065404460e-02 -2.913898416e-02 1.141617913e-02
      vertex -4.044869170e-02 -3.528029099e-02 1.198870596e-02
    endloop
  endfacet
  facet normal -7.243761420e-01 -9.503919631e-02 -6.828226447e-01
    outer loop
      vertex -5.050110444e-02 -2.656611986e-02 1.659576781e-02
      vertex -4.866773263e-02 -2.729144879e-02 1.475177985e-02
      vertex -4.885603115e-02 -3.361359611e-02 1.583149098e-02
    endloop
  endfacet
  facet normal -6.420203447e-01 -1.104489192e-01 -7.586902380e-01
    outer loop
      vertex -4.885603115e-02 -3.361359611e-02 1.583149098e-02
      vertex -4.866773263e-02 -2.729144879e-02 1.475177985e-02
      vertex -4.801538587e-02 -2.751121111e-02 1.423174236e-02
    endloop
  endfacet
  facet normal -6.235513091e-01 -1.167486385e-01 -7.730158567e-01
    outer loop
      vertex -4.885603115e-02 -3.361359611e-02 1.583149098e-02
      vertex -4.801538587e-02 -2.751121111e-02 1.423174236e-02
      vertex -4.692563787e-02 -3.420314565e-02 1.436338294e-02
    endloop
  endfacet
  facet normal -5.563131571e-01 -1.068037599e-01 -8.240804672e-01
    outer loop
      vertex -4.692563787e-02 -3.420314565e-02 1.436338294e-02
      vertex -4.801538587e-02 -2.751121111e-02 1.423174236e-02
      vertex -4.623507336e-02 -2.803230472e-02 1.309743989e-02
    endloop
  endfacet
  facet normal -4.937002659e-01 -1.214083582e-01 -8.611155748e-01
    outer loop
      vertex -4.692563787e-02 -3.420314565e-02 1.436338294e-02
      vertex -4.623507336e-02 -2.803230472e-02 1.309743989e-02
      vertex -4.485591501e-02 -3.467357531e-02 1.324308198e-02
    endloop
  endfacet
  facet normal -4.368581772e-01 -1.102978289e-01 -8.927425742e-01
    outer loop
      vertex -4.485591501e-02 -3.467357531e-02 1.324308198e-02
      vertex -4.623507336e-02 -2.803230472e-02 1.309743989e-02
      vertex -4.472905770e-02 -2.839929052e-02 1.240582112e-02
    endloop
  endfacet
  facet normal -3.422272503e-01 -1.174822971e-01 -9.322437644e-01
    outer loop
      vertex -4.485591501e-02 -3.467357531e-02 1.324308198e-02
      vertex -4.472905770e-02 -2.839929052e-02 1.240582112e-02
      vertex -4.352539405e-02 -2.865255065e-02 1.199587155e-02
    endloop
  endfacet
  facet normal -9.659180641e-01 -5.660197511e-02 -2.525836229e-01
    outer loop
      vertex -5.390779302e-02 -2.442392893e-02 2.261941880e-02
      vertex -5.579795316e-02 -3.418749943e-02 3.203561530e-02
      vertex -5.494830012e-02 -2.315914817e-02 2.631504834e-02
    endloop
  endfacet
  facet normal -9.929561019e-01 1.557431556e-02 -1.174549907e-01
    outer loop
      vertex -5.494830012e-02 -2.315914817e-02 2.631504834e-02
      vertex -5.579795316e-02 -3.418749943e-02 3.203561530e-02
      vertex -5.594680831e-02 -3.391591087e-02 3.333003819e-02
    endloop
  endfacet
  facet normal -9.840587378e-01 -2.360759862e-02 -1.762699634e-01
    outer loop
      vertex -5.494830012e-02 -2.315914817e-02 2.631504834e-02
      vertex -5.594680831e-02 -3.391591087e-02 3.333003819e-02
      vertex -5.582829565e-02 -3.086629696e-02 3.225998953e-02
    endloop
  endfacet
  facet normal -2.173748761e-01 -9.335021973e-01 -2.851698101e-01
    outer loop
      vertex -4.052806646e-02 -6.284213066e-02 3.811812401e-02
      vertex -4.464266077e-02 -6.272280216e-02 4.086391255e-02
      vertex -4.207200930e-02 -6.169408932e-02 3.553689644e-02
    endloop
  endfacet
  facet normal -3.301109374e-01 -8.843492270e-01 -3.300806284e-01
    outer loop
      vertex -4.207200930e-02 -6.169408932e-02 3.553689644e-02
      vertex -4.464266077e-02 -6.272280216e-02 4.086391255e-02
      vertex -4.611542448e-02 -6.127065793e-02 3.844622895e-02
    endloop
  endfacet
  facet normal -3.119807243e-01 -9.006412029e-01 -3.025119305e-01
    outer loop
      vertex -4.207200930e-02 -6.169408932e-02 3.553689644e-02
      vertex -4.611542448e-02 -6.127065793e-02 3.844622895e-02
      vertex -4.352850467e-02 -6.033558026e-02 3.299441561e-02
    endloop
  endfacet
  facet normal -4.263541102e-01 -8.358998299e-01 -3.456785977e-01
    outer loop
      vertex -4.352850467e-02 -6.033558026e-02 3.299441561e-02
      vertex -4.611542448e-02 -6.127065793e-02 3.844622895e-02
      vertex -4.747825488e-02 -5.960297957e-02 3.609443828e-02
    endloop
  endfacet
  facet normal -4.138663709e-01 -8.497763276e-01 -3.264886141e-01
    outer loop
      vertex -4.352850467e-02 -6.033558026e-02 3.299441561e-02
      vertex -4.747825488e-02 -5.960297957e-02 3.609443828e-02
      vertex -4.487006366e-02 -5.873251334e-02 3.052259237e-02
    endloop
  endfacet
  facet normal -5.154181123e-01 -7.795644403e-01 -3.558419347e-01
    outer loop
      vertex -4.607005417e-02 -5.685970560e-02 2.815784141e-02
      vertex -4.487006366e-02 -5.873251334e-02 3.052259237e-02
      vertex -4.870855808e-02 -5.770460144e-02 3.383053839e-02
    endloop
  endfacet
  facet normal -5.207596421e-01 -7.720339894e-01 -3.643801808e-01
    outer loop
      vertex -4.870855808e-02 -5.770460144e-02 3.383053839e-02
      vertex -4.487006366e-02 -5.873251334e-02 3.052259237e-02
      vertex -4.747825488e-02 -5.960297957e-02 3.609443828e-02
    endloop
  endfacet
  facet normal -5.711414218e-01 -7.548178434e-01 -3.225640059e-01
    outer loop
      vertex -4.870855808e-02 -5.770460144e-02 3.383053839e-02
      vertex -4.747825488e-02 -5.960297957e-02 3.609443828e-02
      vertex -4.928120971e-02 -5.898711458e-02 3.784564510e-02
    endloop
  endfacet
  facet normal -5.309773088e-01 -8.054010868e-01 -2.634239197e-01
    outer loop
      vertex -4.928120971e-02 -5.898711458e-02 3.784564510e-02
      vertex -4.747825488e-02 -5.960297957e-02 3.609443828e-02
      vertex -4.611542448e-02 -6.127065793e-02 3.844622895e-02
    endloop
  endfacet
  facet normal -5.225000381e-01 -8.011291027e-01 -2.918661237e-01
    outer loop
      vertex -4.928120971e-02 -5.898711458e-02 3.784564510e-02
      vertex -4.611542448e-02 -6.127065793e-02 3.844622895e-02
      vertex -4.656593502e-02 -6.229070202e-02 4.205260426e-02
    endloop
  endfacet
  facet normal -3.795508146e-01 -8.767452240e-01 -2.953964174e-01
    outer loop
      vertex -4.656593502e-02 -6.229070202e-02 4.205260426e-02
      vertex -4.611542448e-02 -6.127065793e-02 3.844622895e-02
      vertex -4.464266077e-02 -6.272280216e-02 4.086391255e-02
    endloop
  endfacet
  facet normal -3.521962166e-01 -9.043368101e-01 -2.411074787e-01
    outer loop
      vertex -4.656593502e-02 -6.229070202e-02 4.205260426e-02
      vertex -4.464266077e-02 -6.272280216e-02 4.086391255e-02
      vertex -4.363100231e-02 -6.343081594e-02 4.204173014e-02
    endloop
  endfacet
  facet normal -2.486795485e-01 -9.094983935e-01 -3.331233859e-01
    outer loop
      vertex -4.363100231e-02 -6.343081594e-02 4.204173014e-02
      vertex -4.464266077e-02 -6.272280216e-02 4.086391255e-02
      vertex -4.052806646e-02 -6.284213066e-02 3.811812401e-02
    endloop
  endfacet
  facet normal -1.894714385e-01 -9.379094839e-01 -2.905620933e-01
    outer loop
      vertex -4.363100231e-02 -6.343081594e-02 4.204173014e-02
      vertex -4.052806646e-02 -6.284213066e-02 3.811812401e-02
      vertex -4.044711962e-02 -6.413835287e-02 4.224943370e-02
    endloop
  endfacet
  facet normal -5.278638750e-02 -9.531029463e-01 -2.980072796e-01
    outer loop
      vertex -4.044711962e-02 -6.413835287e-02 4.224943370e-02
      vertex -4.052806646e-02 -6.284213066e-02 3.811812401e-02
      vertex -3.629390895e-02 -6.437030435e-02 4.225561023e-02
    endloop
  endfacet
  facet normal -5.303314328e-02 -9.571653605e-01 -2.846435010e-01
    outer loop
      vertex -4.044711962e-02 -6.413835287e-02 4.224943370e-02
      vertex -3.629390895e-02 -6.437030435e-02 4.225561023e-02
      vertex -3.629380465e-02 -6.451660395e-02 4.274754971e-02
    endloop
  endfacet
  facet normal -7.363505960e-01 -5.794308782e-01 -3.493532538e-01
    outer loop
      vertex -5.141614750e-02 -5.468920246e-02 3.365475312e-02
      vertex -5.069730058e-02 -5.319390073e-02 2.965952083e-02
      vertex -4.978683218e-02 -5.556798354e-02 3.167808801e-02
    endloop
  endfacet
  facet normal -6.796734929e-01 -6.086852551e-01 -4.093239903e-01
    outer loop
      vertex -4.978683218e-02 -5.556798354e-02 3.167808801e-02
      vertex -5.069730058e-02 -5.319390073e-02 2.965952083e-02
      vertex -4.710420966e-02 -5.470282212e-02 2.593711391e-02
    endloop
  endfacet
  facet normal -3.810403645e-01 -8.090906143e-01 -4.474155307e-01
    outer loop
      vertex -4.607005417e-02 -5.685970560e-02 2.815784141e-02
      vertex -4.193434492e-02 -5.730569735e-02 2.544219047e-02
      vertex -4.487006366e-02 -5.873251334e-02 3.052259237e-02
    endloop
  endfacet
  facet normal -2.996453941e-01 -8.593104482e-01 -4.144854248e-01
    outer loop
      vertex -4.487006366e-02 -5.873251334e-02 3.052259237e-02
      vertex -4.193434492e-02 -5.730569735e-02 2.544219047e-02
      vertex -4.068867117e-02 -5.894723907e-02 2.794489264e-02
    endloop
  endfacet
  facet normal -2.930644155e-01 -8.669271469e-01 -4.031756520e-01
    outer loop
      vertex -4.487006366e-02 -5.873251334e-02 3.052259237e-02
      vertex -4.068867117e-02 -5.894723907e-02 2.794489264e-02
      vertex -4.352850467e-02 -6.033558026e-02 3.299441561e-02
    endloop
  endfacet
  facet normal -2.080958337e-01 -9.068971276e-01 -3.663792014e-01
    outer loop
      vertex -4.352850467e-02 -6.033558026e-02 3.299441561e-02
      vertex -4.068867117e-02 -5.894723907e-02 2.794489264e-02
      vertex -3.930574656e-02 -6.031579152e-02 3.054699302e-02
    endloop
  endfacet
  facet normal -2.077320516e-01 -9.072327614e-01 -3.657542467e-01
    outer loop
      vertex -4.352850467e-02 -6.033558026e-02 3.299441561e-02
      vertex -3.930574656e-02 -6.031579152e-02 3.054699302e-02
      vertex -4.207200930e-02 -6.169408932e-02 3.553689644e-02
    endloop
  endfacet
  facet normal -9.751044214e-02 -9.441225529e-01 -3.148400784e-01
    outer loop
      vertex -4.207200930e-02 -6.169408932e-02 3.553689644e-02
      vertex -3.930574656e-02 -6.031579152e-02 3.054699302e-02
      vertex -3.629423678e-02 -6.236064807e-02 3.574627265e-02
    endloop
  endfacet
  facet normal -9.428041428e-02 -9.293525815e-01 -3.569522798e-01
    outer loop
      vertex -4.207200930e-02 -6.169408932e-02 3.553689644e-02
      vertex -3.629423678e-02 -6.236064807e-02 3.574627265e-02
      vertex -4.052806646e-02 -6.284213066e-02 3.811812401e-02
    endloop
  endfacet
  facet normal -6.683377177e-02 -9.478242397e-01 -3.117089272e-01
    outer loop
      vertex -4.052806646e-02 -6.284213066e-02 3.811812401e-02
      vertex -3.629423678e-02 -6.236064807e-02 3.574627265e-02
      vertex -3.629422933e-02 -6.241491809e-02 3.591129184e-02
    endloop
  endfacet
  facet normal -5.700118840e-02 -9.540865421e-01 -2.940572798e-01
    outer loop
      vertex -4.052806646e-02 -6.284213066e-02 3.811812401e-02
      vertex -3.629422933e-02 -6.241491809e-02 3.591129184e-02
      vertex -3.629390895e-02 -6.437030435e-02 4.225561023e-02
    endloop
  endfacet
  facet normal -1.901433021e-01 -7.389110327e-01 -6.464178562e-01
    outer loop
      vertex -3.951325640e-02 -5.303490534e-02 1.904714480e-02
      vertex -3.863118216e-02 -5.514797941e-02 2.120310813e-02
      vertex -4.173935205e-02 -5.317050591e-02 1.985695213e-02
    endloop
  endfacet
  facet normal -2.862356603e-01 -8.043456078e-01 -5.206699967e-01
    outer loop
      vertex -4.173935205e-02 -5.317050591e-02 1.985695213e-02
      vertex -3.863118216e-02 -5.514797941e-02 2.120310813e-02
      vertex -4.390404001e-02 -5.309602991e-02 2.093192562e-02
    endloop
  endfacet
  facet normal -3.836981654e-01 -5.606132746e-01 -7.338176966e-01
    outer loop
      vertex -4.173935205e-02 -5.317050591e-02 1.985695213e-02
      vertex -4.390404001e-02 -5.309602991e-02 2.093192562e-02
      vertex -4.504319280e-02 -4.764113203e-02 1.736019738e-02
    endloop
  endfacet
  facet normal -5.429996252e-01 -5.364230275e-01 -6.460663676e-01
    outer loop
      vertex -4.504319280e-02 -4.764113203e-02 1.736019738e-02
      vertex -4.390404001e-02 -5.309602991e-02 2.093192562e-02
      vertex -4.710838944e-02 -4.721957818e-02 1.874592155e-02
    endloop
  endfacet
  facet normal -7.920354009e-01 -4.062924385e-01 -4.556384683e-01
    outer loop
      vertex -5.078969523e-02 -4.577383772e-02 2.238625661e-02
      vertex -4.977720976e-02 -5.151504651e-02 2.574568614e-02
      vertex -5.142856762e-02 -5.059239641e-02 2.779351175e-02
    endloop
  endfacet
  facet normal -8.299444616e-02 -8.990127444e-01 -4.299861193e-01
    outer loop
      vertex -3.629444167e-02 -5.943185464e-02 2.811763063e-02
      vertex -3.930574656e-02 -6.031579152e-02 3.054699302e-02
      vertex -3.629446775e-02 -5.885967985e-02 2.692133561e-02
    endloop
  endfacet
  facet normal -8.209799230e-02 -8.993802667e-01 -4.293891788e-01
    outer loop
      vertex -3.629446775e-02 -5.885967985e-02 2.692133561e-02
      vertex -3.930574656e-02 -6.031579152e-02 3.054699302e-02
      vertex -4.068867117e-02 -5.894723907e-02 2.794489264e-02
    endloop
  endfacet
  facet normal -9.162671864e-02 -8.786851764e-01 -4.685263634e-01
    outer loop
      vertex -3.629446775e-02 -5.885967985e-02 2.692133561e-02
      vertex -4.068867117e-02 -5.894723907e-02 2.794489264e-02
      vertex -3.755672649e-02 -5.694204941e-02 2.357181907e-02
    endloop
  endfacet
  facet normal -1.395757496e-01 -8.584281802e-01 -4.935784340e-01
    outer loop
      vertex -3.755672649e-02 -5.694204941e-02 2.357181907e-02
      vertex -4.068867117e-02 -5.894723907e-02 2.794489264e-02
      vertex -4.193434492e-02 -5.730569735e-02 2.544219047e-02
    endloop
  endfacet
  facet normal -1.653890759e-01 -8.208410144e-01 -5.466868281e-01
    outer loop
      vertex -3.755672649e-02 -5.694204941e-02 2.357181907e-02
      vertex -4.193434492e-02 -5.730569735e-02 2.544219047e-02
      vertex -3.863118216e-02 -5.514797941e-02 2.120310813e-02
    endloop
  endfacet
  facet normal -2.047179788e-01 -7.985813022e-01 -5.660021901e-01
    outer loop
      vertex -3.863118216e-02 -5.514797941e-02 2.120310813e-02
      vertex -4.193434492e-02 -5.730569735e-02 2.544219047e-02
      vertex -4.301442951e-02 -5.536064878e-02 2.308854833e-02
    endloop
  endfacet
  facet normal -2.456338257e-01 -7.173631191e-01 -6.519618034e-01
    outer loop
      vertex -3.863118216e-02 -5.514797941e-02 2.120310813e-02
      vertex -4.301442951e-02 -5.536064878e-02 2.308854833e-02
      vertex -4.390404001e-02 -5.309602991e-02 2.093192562e-02
    endloop
  endfacet
  facet normal -4.570564032e-01 -7.009485364e-01 -5.475130677e-01
    outer loop
      vertex -4.390404001e-02 -5.309602991e-02 2.093192562e-02
      vertex -4.301442951e-02 -5.536064878e-02 2.308854833e-02
      vertex -4.598425329e-02 -5.279308930e-02 2.228062227e-02
    endloop
  endfacet
  facet normal -5.140887499e-01 -5.309264064e-01 -6.736689806e-01
    outer loop
      vertex -4.390404001e-02 -5.309602991e-02 2.093192562e-02
      vertex -4.598425329e-02 -5.279308930e-02 2.228062227e-02
      vertex -4.710838944e-02 -4.721957818e-02 1.874592155e-02
    endloop
  endfacet
  facet normal -8.047217131e-01 -9.478465468e-02 -5.860365629e-01
    outer loop
      vertex -5.140878260e-02 -2.613040991e-02 1.777168363e-02
      vertex -5.050110444e-02 -2.656611986e-02 1.659576781e-02
      vertex -5.212828144e-02 -3.210059181e-02 1.972527802e-02
    endloop
  endfacet
  facet normal -7.821536660e-01 -1.161895692e-01 -6.121565700e-01
    outer loop
      vertex -5.212828144e-02 -3.210059181e-02 1.972527802e-02
      vertex -5.050110444e-02 -2.656611986e-02 1.659576781e-02
      vertex -4.885603115e-02 -3.361359611e-02 1.583149098e-02
    endloop
  endfacet
  facet normal -7.854220271e-01 -1.596420109e-01 -5.980189443e-01
    outer loop
      vertex -5.212828144e-02 -3.210059181e-02 1.972527802e-02
      vertex -4.885603115e-02 -3.361359611e-02 1.583149098e-02
      vertex -5.252286047e-02 -3.848421946e-02 2.194762602e-02
    endloop
  endfacet
  facet normal -9.343810380e-02 -4.297031760e-01 -8.981227875e-01
    outer loop
      vertex -3.629476950e-02 -4.661092535e-02 1.450039167e-02
      vertex -3.629475459e-02 -4.793537036e-02 1.513406541e-02
      vertex -4.063377157e-02 -4.785859957e-02 1.554875355e-02
    endloop
  endfacet
  facet normal -9.062594175e-02 -5.137530565e-01 -8.531381488e-01
    outer loop
      vertex -4.063377157e-02 -4.785859957e-02 1.554875355e-02
      vertex -3.629475459e-02 -4.793537036e-02 1.513406541e-02
      vertex -4.018421099e-02 -5.059856549e-02 1.715098508e-02
    endloop
  endfacet
  facet normal -2.717952132e-01 -5.186313391e-01 -8.106471896e-01
    outer loop
      vertex -4.063377157e-02 -4.785859957e-02 1.554875355e-02
      vertex -4.018421099e-02 -5.059856549e-02 1.715098508e-02
      vertex -4.287506267e-02 -4.785076156e-02 1.629520394e-02
    endloop
  endfacet
  facet normal -4.067703485e-01 -5.666149855e-01 -7.165789008e-01
    outer loop
      vertex -4.504319280e-02 -4.764113203e-02 1.736019738e-02
      vertex -4.287506267e-02 -4.785076156e-02 1.629520394e-02
      vertex -4.173935205e-02 -5.317050591e-02 1.985695213e-02
    endloop
  endfacet
  facet normal -3.475191295e-01 -5.717717409e-01 -7.431739569e-01
    outer loop
      vertex -4.173935205e-02 -5.317050591e-02 1.985695213e-02
      vertex -4.287506267e-02 -4.785076156e-02 1.629520394e-02
      vertex -4.018421099e-02 -5.059856549e-02 1.715098508e-02
    endloop
  endfacet
  facet normal -2.291806638e-01 -6.363644004e-01 -7.365572453e-01
    outer loop
      vertex -4.173935205e-02 -5.317050591e-02 1.985695213e-02
      vertex -4.018421099e-02 -5.059856549e-02 1.715098508e-02
      vertex -3.951325640e-02 -5.303490534e-02 1.904714480e-02
    endloop
  endfacet
  facet normal -8.131996542e-02 -6.260051727e-01 -7.755672336e-01
    outer loop
      vertex -3.951325640e-02 -5.303490534e-02 1.904714480e-02
      vertex -4.018421099e-02 -5.059856549e-02 1.715098508e-02
      vertex -3.629467264e-02 -5.282643810e-02 1.854140311e-02
    endloop
  endfacet
  facet normal -6.080294400e-02 -7.251761556e-01 -6.858735681e-01
    outer loop
      vertex -3.951325640e-02 -5.303490534e-02 1.904714480e-02
      vertex -3.629467264e-02 -5.282643810e-02 1.854140311e-02
      vertex -3.863118216e-02 -5.514797941e-02 2.120310813e-02
    endloop
  endfacet
  facet normal -4.809696972e-02 -7.314524055e-01 -6.801940799e-01
    outer loop
      vertex -3.863118216e-02 -5.514797941e-02 2.120310813e-02
      vertex -3.629467264e-02 -5.282643810e-02 1.854140311e-02
      vertex -3.629460931e-02 -5.524635687e-02 2.114367858e-02
    endloop
  endfacet
  facet normal -4.894436523e-02 -8.067633510e-01 -5.888440609e-01
    outer loop
      vertex -3.863118216e-02 -5.514797941e-02 2.120310813e-02
      vertex -3.629460931e-02 -5.524635687e-02 2.114367858e-02
      vertex -3.755672649e-02 -5.694204941e-02 2.357181907e-02
    endloop
  endfacet
  facet normal 1.178692002e-02 -8.226755261e-01 -5.683889985e-01
    outer loop
      vertex -3.755672649e-02 -5.694204941e-02 2.357181907e-02
      vertex -3.629460931e-02 -5.524635687e-02 2.114367858e-02
      vertex -3.629453108e-02 -5.744734779e-02 2.432935312e-02
    endloop
  endfacet
  facet normal -6.424055248e-02 -8.762926459e-01 -4.774770439e-01
    outer loop
      vertex -3.755672649e-02 -5.694204941e-02 2.357181907e-02
      vertex -3.629453108e-02 -5.744734779e-02 2.432935312e-02
      vertex -3.629446775e-02 -5.885967985e-02 2.692133561e-02
    endloop
  endfacet
  facet normal -8.098066449e-01 -2.251380235e-01 -5.417804122e-01
    outer loop
      vertex -5.078969523e-02 -4.577383772e-02 2.238625661e-02
      vertex -5.252286047e-02 -3.848421946e-02 2.194762602e-02
      vertex -4.929326475e-02 -4.017660394e-02 1.782357879e-02
    endloop
  endfacet
  facet normal -8.051622510e-01 -1.224894524e-01 -5.802671909e-01
    outer loop
      vertex -4.929326475e-02 -4.017660394e-02 1.782357879e-02
      vertex -5.252286047e-02 -3.848421946e-02 2.194762602e-02
      vertex -4.885603115e-02 -3.361359611e-02 1.583149098e-02
    endloop
  endfacet
  facet normal -6.721184850e-01 -1.737000197e-01 -7.197812200e-01
    outer loop
      vertex -4.929326475e-02 -4.017660394e-02 1.782357879e-02
      vertex -4.885603115e-02 -3.361359611e-02 1.583149098e-02
      vertex -4.737427831e-02 -4.080051556e-02 1.618222892e-02
    endloop
  endfacet
  facet normal -6.286251545e-01 -1.666779220e-01 -7.596372962e-01
    outer loop
      vertex -4.737427831e-02 -4.080051556e-02 1.618222892e-02
      vertex -4.885603115e-02 -3.361359611e-02 1.583149098e-02
      vertex -4.692563787e-02 -3.420314565e-02 1.436338294e-02
    endloop
  endfacet
  facet normal -5.562149286e-01 -1.855057925e-01 -8.100695014e-01
    outer loop
      vertex -4.737427831e-02 -4.080051556e-02 1.618222892e-02
      vertex -4.692563787e-02 -3.420314565e-02 1.436338294e-02
      vertex -4.530815780e-02 -4.125941172e-02 1.486866269e-02
    endloop
  endfacet
  facet normal -4.991583526e-01 -1.751872003e-01 -8.486167789e-01
    outer loop
      vertex -4.530815780e-02 -4.125941172e-02 1.486866269e-02
      vertex -4.692563787e-02 -3.420314565e-02 1.436338294e-02
      vertex -4.485591501e-02 -3.467357531e-02 1.324308198e-02
    endloop
  endfacet
  facet normal -4.216487110e-01 -1.898978651e-01 -8.866516352e-01
    outer loop
      vertex -4.530815780e-02 -4.125941172e-02 1.486866269e-02
      vertex -4.485591501e-02 -3.467357531e-02 1.324308198e-02
      vertex -4.313400760e-02 -4.155451432e-02 1.389794517e-02
    endloop
  endfacet
  facet normal -3.589417934e-01 -1.770385653e-01 -9.164159298e-01
    outer loop
      vertex -4.313400760e-02 -4.155451432e-02 1.389794517e-02
      vertex -4.485591501e-02 -3.467357531e-02 1.324308198e-02
      vertex -4.268603399e-02 -3.502935544e-02 1.246191468e-02
    endloop
  endfacet
  facet normal -2.782457173e-01 -1.881858557e-01 -9.418945909e-01
    outer loop
      vertex -4.313400760e-02 -4.155451432e-02 1.389794517e-02
      vertex -4.268603399e-02 -3.502935544e-02 1.246191468e-02
      vertex -4.088525102e-02 -4.169676080e-02 1.326205861e-02
    endloop
  endfacet
  facet normal -2.224955857e-01 -1.751889586e-01 -9.590644240e-01
    outer loop
      vertex -4.088525102e-02 -4.169676080e-02 1.326205861e-02
      vertex -4.268603399e-02 -3.502935544e-02 1.246191468e-02
      vertex -4.044869170e-02 -3.528029099e-02 1.198870596e-02
    endloop
  endfacet
  facet normal -5.000675097e-02 -1.911366284e-01 -9.802888036e-01
    outer loop
      vertex -4.088525102e-02 -4.169676080e-02 1.326205861e-02
      vertex -4.044869170e-02 -3.528029099e-02 1.198870596e-02
      vertex -3.653972223e-02 -3.432006016e-02 1.160207484e-02
    endloop
  endfacet
  facet normal -7.483514398e-02 -9.504330903e-02 -9.926562905e-01
    outer loop
      vertex -3.653972223e-02 -3.432006016e-02 1.160207484e-02
      vertex -4.044869170e-02 -3.528029099e-02 1.198870596e-02
      vertex -4.065404460e-02 -2.913898416e-02 1.141617913e-02
    endloop
  endfacet
  facet normal -6.292947382e-02 -8.564921468e-02 -9.943360090e-01
    outer loop
      vertex -3.653972223e-02 -3.432006016e-02 1.160207484e-02
      vertex -4.065404460e-02 -2.913898416e-02 1.141617913e-02
      vertex -3.725265339e-02 -2.954241820e-02 1.123566274e-02
    endloop
  endfacet
  facet normal -8.969713449e-01 -2.903113961e-01 -3.334091902e-01
    outer loop
      vertex -5.287516117e-02 -4.954284802e-02 2.998307720e-02
      vertex -5.409099162e-02 -4.840985313e-02 3.226748854e-02
      vertex -5.445414409e-02 -4.553345218e-02 3.073989227e-02
    endloop
  endfacet
  facet normal -9.312214255e-01 -2.555622458e-01 -2.598357797e-01
    outer loop
      vertex -5.445414409e-02 -4.553345218e-02 3.073989227e-02
      vertex -5.409099162e-02 -4.840985313e-02 3.226748854e-02
      vertex -5.507007614e-02 -4.722640291e-02 3.461242840e-02
    endloop
  endfacet
  facet normal -9.929823875e-01 -4.999812692e-02 -1.071737632e-01
    outer loop
      vertex -5.737657472e-02 -4.481619969e-02 4.793553054e-02
      vertex -5.734881386e-02 -4.470372573e-02 4.762585089e-02
      vertex -5.709794536e-02 -4.770121351e-02 4.669988528e-02
    endloop
  endfacet
  facet normal -9.923623204e-01 -4.794272780e-02 -1.136594117e-01
    outer loop
      vertex -5.709794536e-02 -4.770121351e-02 4.669988528e-02
      vertex -5.734881386e-02 -4.470372573e-02 4.762585089e-02
      vertex -5.687494949e-02 -4.263162985e-02 4.261450097e-02
    endloop
  endfacet
  facet normal -9.951030016e-01 -3.168045729e-02 -9.362903237e-02
    outer loop
      vertex -5.709794536e-02 -4.770121351e-02 4.669988528e-02
      vertex -5.687494949e-02 -4.263162985e-02 4.261450097e-02
      vertex -5.676869676e-02 -4.358759895e-02 4.180869460e-02
    endloop
  endfacet
  facet normal -9.939786196e-01 -1.960568316e-02 -1.078056991e-01
    outer loop
      vertex -5.676869676e-02 -4.358759895e-02 4.180869460e-02
      vertex -5.687494949e-02 -4.263162985e-02 4.261450097e-02
      vertex -5.657753348e-02 -4.090258852e-02 3.955785185e-02
    endloop
  endfacet
  facet normal -9.895442128e-01 -4.454474151e-02 -1.371786743e-01
    outer loop
      vertex -5.676869676e-02 -4.358759895e-02 4.180869460e-02
      vertex -5.657753348e-02 -4.090258852e-02 3.955785185e-02
      vertex -5.637957156e-02 -4.480058327e-02 3.939560428e-02
    endloop
  endfacet
  facet normal -9.900311828e-01 -4.472007230e-02 -1.335605085e-01
    outer loop
      vertex -5.637957156e-02 -4.480058327e-02 3.939560428e-02
      vertex -5.657753348e-02 -4.090258852e-02 3.955785185e-02
      vertex -5.630259588e-02 -3.873163834e-02 3.679294884e-02
    endloop
  endfacet
  facet normal -9.791161418e-01 -6.951224804e-02 -1.910487711e-01
    outer loop
      vertex -5.637957156e-02 -4.480058327e-02 3.939560428e-02
      vertex -5.630259588e-02 -3.873163834e-02 3.679294884e-02
      vertex -5.582452193e-02 -4.601741210e-02 3.699373826e-02
    endloop
  endfacet
  facet normal -9.928161502e-01 -6.786184013e-02 -9.854343534e-02
    outer loop
      vertex -5.582452193e-02 -4.601741210e-02 3.699373826e-02
      vertex -5.630259588e-02 -3.873163834e-02 3.679294884e-02
      vertex -5.596492067e-02 -4.015347734e-02 3.437004983e-02
    endloop
  endfacet
  facet normal -9.623090625e-01 -1.299354434e-01 -2.389102131e-01
    outer loop
      vertex -5.582452193e-02 -4.601741210e-02 3.699373826e-02
      vertex -5.596492067e-02 -4.015347734e-02 3.437004983e-02
      vertex -5.507007614e-02 -4.722640291e-02 3.461242840e-02
    endloop
  endfacet
  facet normal -9.731738567e-01 -1.296363771e-01 -1.900711805e-01
    outer loop
      vertex -5.507007614e-02 -4.722640291e-02 3.461242840e-02
      vertex -5.596492067e-02 -4.015347734e-02 3.437004983e-02
      vertex -5.466329679e-02 -4.254746810e-02 2.933847159e-02
    endloop
  endfacet
  facet normal -9.577881098e-01 -1.743597984e-01 -2.285620868e-01
    outer loop
      vertex -5.507007614e-02 -4.722640291e-02 3.461242840e-02
      vertex -5.466329679e-02 -4.254746810e-02 2.933847159e-02
      vertex -5.445414409e-02 -4.553345218e-02 3.073989227e-02
    endloop
  endfacet
  facet normal -7.593980432e-01 -4.385969341e-01 -4.805698097e-01
    outer loop
      vertex -5.142856762e-02 -5.059239641e-02 2.779351175e-02
      vertex -5.197424814e-02 -4.778358713e-02 2.609230950e-02
      vertex -5.078969523e-02 -4.577383772e-02 2.238625661e-02
    endloop
  endfacet
  facet normal -8.332654238e-01 -3.286737800e-01 -4.445697367e-01
    outer loop
      vertex -5.078969523e-02 -4.577383772e-02 2.238625661e-02
      vertex -5.197424814e-02 -4.778358713e-02 2.609230950e-02
      vertex -5.233363435e-02 -4.479855672e-02 2.455905825e-02
    endloop
  endfacet
  facet normal -8.390871882e-01 -2.291862816e-01 -4.933623075e-01
    outer loop
      vertex -5.078969523e-02 -4.577383772e-02 2.238625661e-02
      vertex -5.233363435e-02 -4.479855672e-02 2.455905825e-02
      vertex -5.252286047e-02 -3.848421946e-02 2.194762602e-02
    endloop
  endfacet
  facet normal -9.255562425e-01 -1.680497825e-01 -3.392711282e-01
    outer loop
      vertex -5.252286047e-02 -3.848421946e-02 2.194762602e-02
      vertex -5.233363435e-02 -4.479855672e-02 2.455905825e-02
      vertex -5.469341949e-02 -3.640094772e-02 2.683717012e-02
    endloop
  endfacet
  facet normal -9.228370190e-01 -7.452221215e-02 -3.779129982e-01
    outer loop
      vertex -5.252286047e-02 -3.848421946e-02 2.194762602e-02
      vertex -5.469341949e-02 -3.640094772e-02 2.683717012e-02
      vertex -5.212828144e-02 -3.210059181e-02 1.972527802e-02
    endloop
  endfacet
  facet normal -9.162009358e-01 -9.663759172e-02 -3.888919950e-01
    outer loop
      vertex -5.212828144e-02 -3.210059181e-02 1.972527802e-02
      vertex -5.469341949e-02 -3.640094772e-02 2.683717012e-02
      vertex -5.435848609e-02 -3.027439304e-02 2.452567592e-02
    endloop
  endfacet
  facet normal -8.434399962e-01 -3.885554075e-01 -3.709901273e-01
    outer loop
      vertex -5.142856762e-02 -5.059239641e-02 2.779351175e-02
      vertex -5.287516117e-02 -4.954284802e-02 2.998307720e-02
      vertex -5.197424814e-02 -4.778358713e-02 2.609230950e-02
    endloop
  endfacet
  facet normal -8.956831694e-01 -2.889299393e-01 -3.380401731e-01
    outer loop
      vertex -5.197424814e-02 -4.778358713e-02 2.609230950e-02
      vertex -5.287516117e-02 -4.954284802e-02 2.998307720e-02
      vertex -5.445414409e-02 -4.553345218e-02 3.073989227e-02
    endloop
  endfacet
  facet normal -8.963344693e-01 -2.831614912e-01 -3.411805034e-01
    outer loop
      vertex -5.197424814e-02 -4.778358713e-02 2.609230950e-02
      vertex -5.445414409e-02 -4.553345218e-02 3.073989227e-02
      vertex -5.233363435e-02 -4.479855672e-02 2.455905825e-02
    endloop
  endfacet
  facet normal -9.134795070e-01 -2.235456556e-01 -3.399743140e-01
    outer loop
      vertex -5.233363435e-02 -4.479855672e-02 2.455905825e-02
      vertex -5.445414409e-02 -4.553345218e-02 3.073989227e-02
      vertex -5.466329679e-02 -4.254746810e-02 2.933847159e-02
    endloop
  endfacet
  facet normal -9.148461819e-01 -1.560438126e-01 -3.724336326e-01
    outer loop
      vertex -5.233363435e-02 -4.479855672e-02 2.455905825e-02
      vertex -5.466329679e-02 -4.254746810e-02 2.933847159e-02
      vertex -5.469341949e-02 -3.640094772e-02 2.683717012e-02
    endloop
  endfacet
  facet normal -9.814215899e-01 -7.642607391e-02 -1.759849340e-01
    outer loop
      vertex -5.469341949e-02 -3.640094772e-02 2.683717012e-02
      vertex -5.466329679e-02 -4.254746810e-02 2.933847159e-02
      vertex -5.579795316e-02 -3.418749943e-02 3.203561530e-02
    endloop
  endfacet
  facet normal -9.797611237e-01 -2.152193151e-02 -1.990097910e-01
    outer loop
      vertex -5.469341949e-02 -3.640094772e-02 2.683717012e-02
      vertex -5.579795316e-02 -3.418749943e-02 3.203561530e-02
      vertex -5.435848609e-02 -3.027439304e-02 2.452567592e-02
    endloop
  endfacet
  facet normal -9.836007953e-01 1.727588102e-02 -1.795299053e-01
    outer loop
      vertex -5.435848609e-02 -3.027439304e-02 2.452567592e-02
      vertex -5.579795316e-02 -3.418749943e-02 3.203561530e-02
      vertex -5.390779302e-02 -2.442392893e-02 2.261941880e-02
    endloop
  endfacet
  facet normal -9.138350487e-01 -6.044331565e-02 -4.015620947e-01
    outer loop
      vertex -5.435848609e-02 -3.027439304e-02 2.452567592e-02
      vertex -5.390779302e-02 -2.442392893e-02 2.261941880e-02
      vertex -5.212828144e-02 -3.210059181e-02 1.972527802e-02
    endloop
  endfacet
  facet normal -9.240000844e-01 -7.265268266e-02 -3.754270673e-01
    outer loop
      vertex -5.212828144e-02 -3.210059181e-02 1.972527802e-02
      vertex -5.390779302e-02 -2.442392893e-02 2.261941880e-02
      vertex -5.281359330e-02 -2.530032583e-02 2.009597793e-02
    endloop
  endfacet
  facet normal -8.893776536e-01 -6.496020406e-02 -4.525345862e-01
    outer loop
      vertex -5.212828144e-02 -3.210059181e-02 1.972527802e-02
      vertex -5.281359330e-02 -2.530032583e-02 2.009597793e-02
      vertex -5.249328166e-02 -2.551153488e-02 1.949677989e-02
    endloop
  endfacet
  facet normal -7.565864921e-01 -6.184208393e-01 -2.124443352e-01
    outer loop
      vertex -5.144161358e-02 -5.893141404e-02 4.270130023e-02
      vertex -5.344300345e-02 -5.670383945e-02 4.334450886e-02
      vertex -5.241014063e-02 -5.737939849e-02 4.163267091e-02
    endloop
  endfacet
  facet normal -8.087168932e-01 -5.146161914e-01 -2.848634124e-01
    outer loop
      vertex -5.241014063e-02 -5.737939849e-02 4.163267091e-02
      vertex -5.344300345e-02 -5.670383945e-02 4.334450886e-02
      vertex -5.409807339e-02 -5.264288560e-02 3.786796704e-02
    endloop
  endfacet
  facet normal -7.651738524e-01 -5.450512767e-01 -3.426777720e-01
    outer loop
      vertex -5.241014063e-02 -5.737939849e-02 4.163267091e-02
      vertex -5.409807339e-02 -5.264288560e-02 3.786796704e-02
      vertex -5.093151703e-02 -5.823874846e-02 3.969786689e-02
    endloop
  endfacet
  facet normal -8.197838664e-01 -5.326634049e-01 -2.102954090e-01
    outer loop
      vertex -5.093151703e-02 -5.823874846e-02 3.969786689e-02
      vertex -5.409807339e-02 -5.264288560e-02 3.786796704e-02
      vertex -5.285810679e-02 -5.370563641e-02 3.572614118e-02
    endloop
  endfacet
  facet normal -6.941984892e-01 -6.181392670e-01 -3.687713742e-01
    outer loop
      vertex -5.093151703e-02 -5.823874846e-02 3.969786689e-02
      vertex -5.285810679e-02 -5.370563641e-02 3.572614118e-02
      vertex -4.928120971e-02 -5.898711458e-02 3.784564510e-02
    endloop
  endfacet
  facet normal -7.570993900e-01 -6.083330512e-01 -2.381836325e-01
    outer loop
      vertex -4.928120971e-02 -5.898711458e-02 3.784564510e-02
      vertex -5.285810679e-02 -5.370563641e-02 3.572614118e-02
      vertex -5.141614750e-02 -5.468920246e-02 3.365475312e-02
    endloop
  endfacet
  facet normal -6.994192004e-01 -6.458649635e-01 -3.060575724e-01
    outer loop
      vertex -4.928120971e-02 -5.898711458e-02 3.784564510e-02
      vertex -5.141614750e-02 -5.468920246e-02 3.365475312e-02
      vertex -4.870855808e-02 -5.770460144e-02 3.383053839e-02
    endloop
  endfacet
  facet normal -7.032667398e-01 -6.484647393e-01 -2.913921475e-01
    outer loop
      vertex -4.870855808e-02 -5.770460144e-02 3.383053839e-02
      vertex -5.141614750e-02 -5.468920246e-02 3.365475312e-02
      vertex -4.978683218e-02 -5.556798354e-02 3.167808801e-02
    endloop
  endfacet
  facet normal -6.068757772e-01 -6.948976517e-01 -3.857707083e-01
    outer loop
      vertex -4.870855808e-02 -5.770460144e-02 3.383053839e-02
      vertex -4.978683218e-02 -5.556798354e-02 3.167808801e-02
      vertex -4.607005417e-02 -5.685970560e-02 2.815784141e-02
    endloop
  endfacet
  facet normal -6.085147262e-01 -6.918758154e-01 -3.886099160e-01
    outer loop
      vertex -4.607005417e-02 -5.685970560e-02 2.815784141e-02
      vertex -4.978683218e-02 -5.556798354e-02 3.167808801e-02
      vertex -4.710420966e-02 -5.470282212e-02 2.593711391e-02
    endloop
  endfacet
  facet normal -4.638634324e-01 -7.336630225e-01 -4.965574145e-01
    outer loop
      vertex -4.607005417e-02 -5.685970560e-02 2.815784141e-02
      vertex -4.710420966e-02 -5.470282212e-02 2.593711391e-02
      vertex -4.301442951e-02 -5.536064878e-02 2.308854833e-02
    endloop
  endfacet
  facet normal -5.016064048e-01 -6.508817077e-01 -5.698631406e-01
    outer loop
      vertex -4.301442951e-02 -5.536064878e-02 2.308854833e-02
      vertex -4.710420966e-02 -5.470282212e-02 2.593711391e-02
      vertex -4.795213416e-02 -5.226049200e-02 2.389391512e-02
    endloop
  endfacet
  facet normal -5.327208042e-01 -7.434281707e-01 -4.043799341e-01
    outer loop
      vertex -4.301442951e-02 -5.536064878e-02 2.308854833e-02
      vertex -4.795213416e-02 -5.226049200e-02 2.389391512e-02
      vertex -4.598425329e-02 -5.279308930e-02 2.228062227e-02
    endloop
  endfacet
  facet normal -6.282819510e-01 -4.893271327e-01 -6.048311591e-01
    outer loop
      vertex -4.598425329e-02 -5.279308930e-02 2.228062227e-02
      vertex -4.795213416e-02 -5.226049200e-02 2.389391512e-02
      vertex -4.903606698e-02 -4.659101740e-02 2.043309435e-02
    endloop
  endfacet
  facet normal -6.583978534e-01 -4.933134019e-01 -5.684664845e-01
    outer loop
      vertex -4.598425329e-02 -5.279308930e-02 2.228062227e-02
      vertex -4.903606698e-02 -4.659101740e-02 2.043309435e-02
      vertex -4.710838944e-02 -4.721957818e-02 1.874592155e-02
    endloop
  endfacet
  facet normal -8.886212111e-02 -2.571608722e-01 -9.622743130e-01
    outer loop
      vertex -3.629479930e-02 -4.154560342e-02 1.279775333e-02
      vertex -3.629479185e-02 -4.284906760e-02 1.314609405e-02
      vertex -4.088525102e-02 -4.169676080e-02 1.326205861e-02
    endloop
  endfacet
  facet normal -1.112936214e-01 -3.497484326e-01 -9.302095175e-01
    outer loop
      vertex -4.088525102e-02 -4.169676080e-02 1.326205861e-02
      vertex -3.629479185e-02 -4.284906760e-02 1.314609405e-02
      vertex -4.063377157e-02 -4.785859957e-02 1.554875355e-02
    endloop
  endfacet
  facet normal -2.755686641e-01 -3.443148136e-01 -8.975016475e-01
    outer loop
      vertex -4.088525102e-02 -4.169676080e-02 1.326205861e-02
      vertex -4.063377157e-02 -4.785859957e-02 1.554875355e-02
      vertex -4.313400760e-02 -4.155451432e-02 1.389794517e-02
    endloop
  endfacet
  facet normal -2.970495820e-01 -3.504096270e-01 -8.882424235e-01
    outer loop
      vertex -4.313400760e-02 -4.155451432e-02 1.389794517e-02
      vertex -4.063377157e-02 -4.785859957e-02 1.554875355e-02
      vertex -4.287506267e-02 -4.785076156e-02 1.629520394e-02
    endloop
  endfacet
  facet normal -4.215775430e-01 -3.377510011e-01 -8.415442109e-01
    outer loop
      vertex -4.313400760e-02 -4.155451432e-02 1.389794517e-02
      vertex -4.287506267e-02 -4.785076156e-02 1.629520394e-02
      vertex -4.530815780e-02 -4.125941172e-02 1.486866269e-02
    endloop
  endfacet
  facet normal -4.407100081e-01 -3.422784805e-01 -8.298313618e-01
    outer loop
      vertex -4.530815780e-02 -4.125941172e-02 1.486866269e-02
      vertex -4.287506267e-02 -4.785076156e-02 1.629520394e-02
      vertex -4.504319280e-02 -4.764113203e-02 1.736019738e-02
    endloop
  endfacet
  facet normal -5.578439236e-01 -3.218327761e-01 -7.650057673e-01
    outer loop
      vertex -4.530815780e-02 -4.125941172e-02 1.486866269e-02
      vertex -4.504319280e-02 -4.764113203e-02 1.736019738e-02
      vertex -4.737427831e-02 -4.080051556e-02 1.618222892e-02
    endloop
  endfacet
  facet normal -5.718077421e-01 -3.245995045e-01 -7.534394860e-01
    outer loop
      vertex -4.737427831e-02 -4.080051556e-02 1.618222892e-02
      vertex -4.504319280e-02 -4.764113203e-02 1.736019738e-02
      vertex -4.710838944e-02 -4.721957818e-02 1.874592155e-02
    endloop
  endfacet
  facet normal -6.745736003e-01 -2.977302372e-01 -6.755051017e-01
    outer loop
      vertex -4.737427831e-02 -4.080051556e-02 1.618222892e-02
      vertex -4.710838944e-02 -4.721957818e-02 1.874592155e-02
      vertex -4.929326475e-02 -4.017660394e-02 1.782357879e-02
    endloop
  endfacet
  facet normal -6.818233728e-01 -2.989495397e-01 -6.676421165e-01
    outer loop
      vertex -4.929326475e-02 -4.017660394e-02 1.782357879e-02
      vertex -4.710838944e-02 -4.721957818e-02 1.874592155e-02
      vertex -4.903606698e-02 -4.659101740e-02 2.043309435e-02
    endloop
  endfacet
  facet normal -7.699446082e-01 -2.667065263e-01 -5.797007084e-01
    outer loop
      vertex -4.929326475e-02 -4.017660394e-02 1.782357879e-02
      vertex -4.903606698e-02 -4.659101740e-02 2.043309435e-02
      vertex -5.078969523e-02 -4.577383772e-02 2.238625661e-02
    endloop
  endfacet
  facet normal -7.513978481e-01 -4.424704611e-01 -4.895111322e-01
    outer loop
      vertex -5.078969523e-02 -4.577383772e-02 2.238625661e-02
      vertex -4.903606698e-02 -4.659101740e-02 2.043309435e-02
      vertex -4.795213416e-02 -5.226049200e-02 2.389391512e-02
    endloop
  endfacet
  facet normal -7.217971683e-01 -4.399304092e-01 -5.342940092e-01
    outer loop
      vertex -5.078969523e-02 -4.577383772e-02 2.238625661e-02
      vertex -4.795213416e-02 -5.226049200e-02 2.389391512e-02
      vertex -4.977720976e-02 -5.151504651e-02 2.574568614e-02
    endloop
  endfacet
  facet normal -6.790587902e-01 -5.952031612e-01 -4.296654761e-01
    outer loop
      vertex -4.977720976e-02 -5.151504651e-02 2.574568614e-02
      vertex -4.795213416e-02 -5.226049200e-02 2.389391512e-02
      vertex -4.710420966e-02 -5.470282212e-02 2.593711391e-02
    endloop
  endfacet
  facet normal -7.217045426e-01 -6.232463717e-01 -3.011751473e-01
    outer loop
      vertex -4.977720976e-02 -5.151504651e-02 2.574568614e-02
      vertex -4.710420966e-02 -5.470282212e-02 2.593711391e-02
      vertex -5.142856762e-02 -5.059239641e-02 2.779351175e-02
    endloop
  endfacet
  facet normal -7.064394355e-01 -5.327783227e-01 -4.659298360e-01
    outer loop
      vertex -5.142856762e-02 -5.059239641e-02 2.779351175e-02
      vertex -4.710420966e-02 -5.470282212e-02 2.593711391e-02
      vertex -5.069730058e-02 -5.319390073e-02 2.965952083e-02
    endloop
  endfacet
  facet normal -8.251191974e-01 -4.635673165e-01 -3.229297400e-01
    outer loop
      vertex -5.142856762e-02 -5.059239641e-02 2.779351175e-02
      vertex -5.069730058e-02 -5.319390073e-02 2.965952083e-02
      vertex -5.287516117e-02 -4.954284802e-02 2.998307720e-02
    endloop
  endfacet
  facet normal -8.253371119e-01 -4.637728631e-01 -3.220767379e-01
    outer loop
      vertex -5.287516117e-02 -4.954284802e-02 2.998307720e-02
      vertex -5.069730058e-02 -5.319390073e-02 2.965952083e-02
      vertex -5.141614750e-02 -5.468920246e-02 3.365475312e-02
    endloop
  endfacet
  facet normal -8.691852093e-01 -4.257968068e-01 -2.514241934e-01
    outer loop
      vertex -5.287516117e-02 -4.954284802e-02 2.998307720e-02
      vertex -5.141614750e-02 -5.468920246e-02 3.365475312e-02
      vertex -5.409099162e-02 -4.840985313e-02 3.226748854e-02
    endloop
  endfacet
  facet normal -8.233531713e-01 -4.320321381e-01 -3.680187464e-01
    outer loop
      vertex -5.409099162e-02 -4.840985313e-02 3.226748854e-02
      vertex -5.141614750e-02 -5.468920246e-02 3.365475312e-02
      vertex -5.285810679e-02 -5.370563641e-02 3.572614118e-02
    endloop
  endfacet
  facet normal -9.146024585e-01 -3.477155566e-01 -2.063886821e-01
    outer loop
      vertex -5.409099162e-02 -4.840985313e-02 3.226748854e-02
      vertex -5.285810679e-02 -5.370563641e-02 3.572614118e-02
      vertex -5.507007614e-02 -4.722640291e-02 3.461242840e-02
    endloop
  endfacet
  facet normal -8.745600581e-01 -3.552954197e-01 -3.300150335e-01
    outer loop
      vertex -5.507007614e-02 -4.722640291e-02 3.461242840e-02
      vertex -5.285810679e-02 -5.370563641e-02 3.572614118e-02
      vertex -5.409807339e-02 -5.264288560e-02 3.786796704e-02
    endloop
  endfacet
  facet normal -9.490632415e-01 -2.689613402e-01 -1.641302556e-01
    outer loop
      vertex -5.507007614e-02 -4.722640291e-02 3.461242840e-02
      vertex -5.409807339e-02 -5.264288560e-02 3.786796704e-02
      vertex -5.582452193e-02 -4.601741210e-02 3.699373826e-02
    endloop
  endfacet
  facet normal -9.160684943e-01 -2.769731283e-01 -2.900075018e-01
    outer loop
      vertex -5.582452193e-02 -4.601741210e-02 3.699373826e-02
      vertex -5.409807339e-02 -5.264288560e-02 3.786796704e-02
      vertex -5.513114482e-02 -5.152330175e-02 4.006194323e-02
    endloop
  endfacet
  facet normal -9.729049206e-01 -1.932515055e-01 -1.269248575e-01
    outer loop
      vertex -5.582452193e-02 -4.601741210e-02 3.699373826e-02
      vertex -5.513114482e-02 -5.152330175e-02 4.006194323e-02
      vertex -5.637957156e-02 -4.480058327e-02 3.939560428e-02
    endloop
  endfacet
  facet normal -9.475792050e-01 -2.006174326e-01 -2.486892045e-01
    outer loop
      vertex -5.637957156e-02 -4.480058327e-02 3.939560428e-02
      vertex -5.513114482e-02 -5.152330175e-02 4.006194323e-02
      vertex -5.596207082e-02 -5.036619678e-02 4.229458049e-02
    endloop
  endfacet
  facet normal -9.875048995e-01 -1.244397387e-01 -9.668912739e-02
    outer loop
      vertex -5.637957156e-02 -4.480058327e-02 3.939560428e-02
      vertex -5.596207082e-02 -5.036619678e-02 4.229458049e-02
      vertex -5.676869676e-02 -4.358759895e-02 4.180869460e-02
    endloop
  endfacet
  facet normal -9.694483876e-01 -1.302591562e-01 -2.078518122e-01
    outer loop
      vertex -5.676869676e-02 -4.358759895e-02 4.180869460e-02
      vertex -5.596207082e-02 -5.036619678e-02 4.229458049e-02
      vertex -5.660519004e-02 -4.918823019e-02 4.455595091e-02
    endloop
  endfacet
  facet normal -9.826278090e-01 -1.040643305e-01 -1.536659300e-01
    outer loop
      vertex -5.676869676e-02 -4.358759895e-02 4.180869460e-02
      vertex -5.660519004e-02 -4.918823019e-02 4.455595091e-02
      vertex -5.709794536e-02 -4.770121351e-02 4.669988528e-02
    endloop
  endfacet
  facet normal -9.784855247e-01 -1.807063520e-01 -9.955555946e-02
    outer loop
      vertex -5.709794536e-02 -4.770121351e-02 4.669988528e-02
      vertex -5.660519004e-02 -4.918823019e-02 4.455595091e-02
      vertex -5.633174255e-02 -5.109656230e-02 4.533223435e-02
    endloop
  endfacet
  facet normal -4.302077293e-01 2.922963202e-01 -8.540984392e-01
    outer loop
      vertex -4.297535866e-02 4.163616523e-02 1.390424650e-02
      vertex -4.515495524e-02 4.132085666e-02 1.489419769e-02
      vertex -4.514301941e-02 4.460447654e-02 1.601193286e-02
    endloop
  endfacet
  facet normal -6.315475702e-01 1.866861582e-01 -7.525264025e-01
    outer loop
      vertex -4.679872841e-02 3.421802446e-02 1.440442633e-02
      vertex -4.876251891e-02 3.360963985e-02 1.590158418e-02
      vertex -4.919847101e-02 4.019826278e-02 1.790195145e-02
    endloop
  endfacet
  facet normal -9.940525293e-01 1.753001288e-02 -1.074812487e-01
    outer loop
      vertex -5.656208843e-02 4.098243639e-02 3.942247108e-02
      vertex -5.685919151e-02 4.272350296e-02 4.245422781e-02
      vertex -5.677199364e-02 4.360639676e-02 4.179176688e-02
    endloop
  endfacet
  facet normal -9.943720698e-01 2.740943059e-02 -1.023369953e-01
    outer loop
      vertex -5.732659623e-02 4.478512332e-02 4.739634320e-02
      vertex -5.737664551e-02 4.498269781e-02 4.793557152e-02
      vertex -5.727795884e-02 4.634865746e-02 4.734252021e-02
    endloop
  endfacet
  facet normal -6.614099145e-01 6.989622712e-01 -2.720086575e-01
    outer loop
      vertex -5.159840733e-02 5.894623324e-02 4.274146631e-02
      vertex -4.984853044e-02 6.025804207e-02 4.185737297e-02
      vertex -5.102914199e-02 5.829983577e-02 3.969625011e-02
    endloop
  endfacet
  facet normal -2.298054099e-01 1.553975791e-01 -9.607502818e-01
    outer loop
      vertex -4.106424004e-02 2.908827178e-02 1.148012001e-02
      vertex -4.304840043e-02 2.873353474e-02 1.189734135e-02
      vertex -4.470546171e-02 3.470769152e-02 1.325999666e-02
    endloop
  endfacet
  facet normal -9.621044397e-01 1.327979006e-02 -2.723576725e-01
    outer loop
      vertex -5.387889221e-02 2.435898595e-02 2.264263481e-02
      vertex -5.494167283e-02 2.307879739e-02 2.633449063e-02
      vertex -5.437790975e-02 3.021792881e-02 2.469108999e-02
    endloop
  endfacet
  facet normal -9.785176516e-01 3.033002280e-02 -2.039199024e-01
    outer loop
      vertex -5.437790975e-02 3.021792881e-02 2.469108999e-02
      vertex -5.494167283e-02 2.307879739e-02 2.633449063e-02
      vertex -5.581590906e-02 3.416607901e-02 3.217861429e-02
    endloop
  endfacet
  facet normal -9.192829728e-01 5.782273784e-02 -3.893267810e-01
    outer loop
      vertex -5.387889221e-02 2.435898595e-02 2.264263481e-02
      vertex -5.437790975e-02 3.021792881e-02 2.469108999e-02
      vertex -5.271838233e-02 2.527549677e-02 2.003854513e-02
    endloop
  endfacet
  facet normal -9.129836559e-01 7.155874372e-02 -4.016717076e-01
    outer loop
      vertex -5.271838233e-02 2.527549677e-02 2.003854513e-02
      vertex -5.437790975e-02 3.021792881e-02 2.469108999e-02
      vertex -5.210570991e-02 3.206435964e-02 1.985541731e-02
    endloop
  endfacet
  facet normal -8.848629594e-01 6.742202491e-02 -4.609465897e-01
    outer loop
      vertex -5.271838233e-02 2.527549677e-02 2.003854513e-02
      vertex -5.210570991e-02 3.206435964e-02 1.985541731e-02
      vertex -5.243613198e-02 2.545946650e-02 1.952362806e-02
    endloop
  endfacet
  facet normal -7.207198143e-01 1.720026582e-01 -6.715489626e-01
    outer loop
      vertex -4.828277975e-02 2.736180834e-02 1.454811450e-02
      vertex -5.039308220e-02 2.653679065e-02 1.660162397e-02
      vertex -5.210570991e-02 3.206435964e-02 1.985541731e-02
    endloop
  endfacet
  facet normal -8.018400669e-01 9.849184006e-02 -5.893656611e-01
    outer loop
      vertex -5.210570991e-02 3.206435964e-02 1.985541731e-02
      vertex -5.039308220e-02 2.653679065e-02 1.660162397e-02
      vertex -5.137643963e-02 2.606394701e-02 1.786047593e-02
    endloop
  endfacet
  facet normal -8.524910212e-01 6.867914647e-02 -5.182105899e-01
    outer loop
      vertex -5.210570991e-02 3.206435964e-02 1.985541731e-02
      vertex -5.137643963e-02 2.606394701e-02 1.786047593e-02
      vertex -5.243613198e-02 2.545946650e-02 1.952362806e-02
    endloop
  endfacet
  facet normal -1.019608974e-01 2.975823283e-01 -9.492358565e-01
    outer loop
      vertex -4.074849933e-02 4.498049244e-02 1.425450947e-02
      vertex -3.629476577e-02 4.488171265e-02 1.374515053e-02
      vertex -4.074516147e-02 4.179697856e-02 1.325612981e-02
    endloop
  endfacet
  facet normal -9.316952527e-02 2.856228054e-01 -9.538024068e-01
    outer loop
      vertex -4.074516147e-02 4.179697856e-02 1.325612981e-02
      vertex -3.629476577e-02 4.488171265e-02 1.374515053e-02
      vertex -3.629477322e-02 4.174370691e-02 1.280545350e-02
    endloop
  endfacet
  facet normal -9.547786415e-02 2.256797254e-01 -9.695115685e-01
    outer loop
      vertex -4.074516147e-02 4.179697856e-02 1.325612981e-02
      vertex -3.629477322e-02 4.174370691e-02 1.280545350e-02
      vertex -3.629481792e-02 4.062053189e-02 1.254400890e-02
    endloop
  endfacet
  facet normal -1.025811806e-01 5.128779411e-01 -8.523105383e-01
    outer loop
      vertex -4.014966637e-02 5.074758455e-02 1.716272347e-02
      vertex -3.629473969e-02 4.846243188e-02 1.532366592e-02
      vertex -4.055624455e-02 4.799225554e-02 1.555363741e-02
    endloop
  endfacet
  facet normal -9.782414883e-02 4.532955587e-01 -8.859760761e-01
    outer loop
      vertex -4.055624455e-02 4.799225554e-02 1.555363741e-02
      vertex -3.629473969e-02 4.846243188e-02 1.532366592e-02
      vertex -3.629474714e-02 4.759412631e-02 1.487941202e-02
    endloop
  endfacet
  facet normal -1.067220569e-01 3.995486796e-01 -9.104785919e-01
    outer loop
      vertex -4.055624455e-02 4.799225554e-02 1.555363741e-02
      vertex -3.629474714e-02 4.759412631e-02 1.487941202e-02
      vertex -4.074849933e-02 4.498049244e-02 1.425450947e-02
    endloop
  endfacet
  facet normal -1.131002828e-01 4.092046320e-01 -9.054059386e-01
    outer loop
      vertex -4.074849933e-02 4.498049244e-02 1.425450947e-02
      vertex -3.629474714e-02 4.759412631e-02 1.487941202e-02
      vertex -3.629475832e-02 4.629391059e-02 1.429177169e-02
    endloop
  endfacet
  facet normal -9.817304462e-02 3.592300713e-01 -9.280710220e-01
    outer loop
      vertex -4.074849933e-02 4.498049244e-02 1.425450947e-02
      vertex -3.629475832e-02 4.629391059e-02 1.429177169e-02
      vertex -3.629476577e-02 4.488171265e-02 1.374515053e-02
    endloop
  endfacet
  facet normal -9.654020518e-02 8.782632351e-01 -4.683308005e-01
    outer loop
      vertex -3.629443422e-02 5.877196416e-02 2.641702071e-02
      vertex -3.629446030e-02 5.821136758e-02 2.536573634e-02
      vertex -3.765812516e-02 5.712407455e-02 2.360783145e-02
    endloop
  endfacet
  facet normal 1.259885263e-02 8.459981084e-01 -5.330370665e-01
    outer loop
      vertex -3.765812516e-02 5.712407455e-02 2.360783145e-02
      vertex -3.629446030e-02 5.821136758e-02 2.536573634e-02
      vertex -3.629454598e-02 5.622300133e-02 2.220994234e-02
    endloop
  endfacet
  facet normal -6.533847004e-02 8.084839582e-01 -5.848799944e-01
    outer loop
      vertex -3.765812516e-02 5.712407455e-02 2.360783145e-02
      vertex -3.629454598e-02 5.622300133e-02 2.220994234e-02
      vertex -3.868843615e-02 5.532087013e-02 2.123034745e-02
    endloop
  endfacet
  facet normal -2.475525253e-02 7.647839189e-01 -6.438111067e-01
    outer loop
      vertex -3.868843615e-02 5.532087013e-02 2.123034745e-02
      vertex -3.629454598e-02 5.622300133e-02 2.220994234e-02
      vertex -3.629463166e-02 5.374644324e-02 1.926803961e-02
    endloop
  endfacet
  facet normal -8.105082810e-02 7.268216014e-01 -6.820272207e-01
    outer loop
      vertex -3.868843615e-02 5.532087013e-02 2.123034745e-02
      vertex -3.629463166e-02 5.374644324e-02 1.926803961e-02
      vertex -3.952453285e-02 5.319699273e-02 1.906633750e-02
    endloop
  endfacet
  facet normal -6.778904796e-02 6.699048281e-01 -7.393457890e-01
    outer loop
      vertex -3.952453285e-02 5.319699273e-02 1.906633750e-02
      vertex -3.629463166e-02 5.374644324e-02 1.926803961e-02
      vertex -3.629468009e-02 5.193854496e-02 1.762994751e-02
    endloop
  endfacet
  facet normal -9.979510307e-02 6.263338327e-01 -7.731409073e-01
    outer loop
      vertex -3.952453285e-02 5.319699273e-02 1.906633750e-02
      vertex -3.629468009e-02 5.193854496e-02 1.762994751e-02
      vertex -4.014966637e-02 5.074758455e-02 1.716272347e-02
    endloop
  endfacet
  facet normal -9.447557479e-02 6.134114861e-01 -7.840922475e-01
    outer loop
      vertex -4.014966637e-02 5.074758455e-02 1.716272347e-02
      vertex -3.629468009e-02 5.193854496e-02 1.762994751e-02
      vertex -3.629469499e-02 5.136184022e-02 1.717878133e-02
    endloop
  endfacet
  facet normal -8.209019154e-02 5.371311307e-01 -8.394947052e-01
    outer loop
      vertex -4.014966637e-02 5.074758455e-02 1.716272347e-02
      vertex -3.629469499e-02 5.136184022e-02 1.717878133e-02
      vertex -3.629473969e-02 4.846243188e-02 1.532366592e-02
    endloop
  endfacet
  facet normal -2.037215419e-02 9.584394693e-01 -2.845677733e-01
    outer loop
      vertex -3.805407509e-02 6.457656622e-02 4.251330346e-02
      vertex -3.629380465e-02 6.468352675e-02 4.274753481e-02
      vertex -3.629386425e-02 6.459967792e-02 4.246513173e-02
    endloop
  endfacet
  facet normal -2.140798047e-02 9.439603090e-01 -3.293639719e-01
    outer loop
      vertex -3.805407509e-02 6.457656622e-02 4.251330346e-02
      vertex -3.629386425e-02 6.459967792e-02 4.246513173e-02
      vertex -4.068985209e-02 6.300464272e-02 3.817947581e-02
    endloop
  endfacet
  facet normal -2.886328101e-01 9.069573283e-01 -3.067890704e-01
    outer loop
      vertex -4.480228201e-02 6.284460425e-02 4.090679809e-02
      vertex -4.428393021e-02 6.338824332e-02 4.202627763e-02
      vertex -4.277627170e-02 6.300662458e-02 3.947966918e-02
    endloop
  endfacet
  facet normal -2.236772329e-01 9.357516766e-01 -2.726486027e-01
    outer loop
      vertex -4.277627170e-02 6.300662458e-02 3.947966918e-02
      vertex -4.428393021e-02 6.338824332e-02 4.202627763e-02
      vertex -4.110149294e-02 6.419768929e-02 4.219353199e-02
    endloop
  endfacet
  facet normal -5.416560769e-01 7.808412910e-01 -3.112804592e-01
    outer loop
      vertex -4.993176460e-02 6.038456783e-02 4.239181429e-02
      vertex -4.734960943e-02 6.205740198e-02 4.209490493e-02
      vertex -4.624667391e-02 6.137936935e-02 3.847486526e-02
    endloop
  endfacet
  facet normal -7.612273693e-01 5.974746346e-01 -2.521051168e-01
    outer loop
      vertex -5.205398425e-02 5.612961575e-02 3.764744848e-02
      vertex -5.383359641e-02 5.633787438e-02 4.351451993e-02
      vertex -5.102914199e-02 5.829983577e-02 3.969625011e-02
    endloop
  endfacet
  facet normal -7.813049555e-01 5.527834296e-01 -2.898156643e-01
    outer loop
      vertex -5.102914199e-02 5.829983577e-02 3.969625011e-02
      vertex -5.383359641e-02 5.633787438e-02 4.351451993e-02
      vertex -5.216395855e-02 5.837443098e-02 4.289784655e-02
    endloop
  endfacet
  facet normal -7.204591632e-01 6.386733055e-01 -2.702498436e-01
    outer loop
      vertex -5.102914199e-02 5.829983577e-02 3.969625011e-02
      vertex -5.216395855e-02 5.837443098e-02 4.289784655e-02
      vertex -5.159840733e-02 5.894623324e-02 4.274146631e-02
    endloop
  endfacet
  facet normal -9.075027704e-01 3.600069880e-01 -2.164109945e-01
    outer loop
      vertex -5.517330393e-02 5.154923722e-02 4.004087672e-02
      vertex -5.560278520e-02 5.320551619e-02 4.459714890e-02
      vertex -5.457457900e-02 5.409256741e-02 4.176108539e-02
    endloop
  endfacet
  facet normal -8.894919157e-01 4.142284989e-01 -1.929220557e-01
    outer loop
      vertex -5.457457900e-02 5.409256741e-02 4.176108539e-02
      vertex -5.560278520e-02 5.320551619e-02 4.459714890e-02
      vertex -5.419450253e-02 5.580624565e-02 4.368818179e-02
    endloop
  endfacet
  facet normal -9.944753051e-01 2.105640993e-02 -1.028370932e-01
    outer loop
      vertex -5.685919151e-02 4.272350296e-02 4.245422781e-02
      vertex -5.732659623e-02 4.478512332e-02 4.739634320e-02
      vertex -5.677199364e-02 4.360639676e-02 4.179176688e-02
    endloop
  endfacet
  facet normal -9.941877127e-01 2.734195255e-02 -1.041305810e-01
    outer loop
      vertex -5.677199364e-02 4.360639676e-02 4.179176688e-02
      vertex -5.732659623e-02 4.478512332e-02 4.739634320e-02
      vertex -5.727795884e-02 4.634865746e-02 4.734252021e-02
    endloop
  endfacet
  facet normal -9.865487814e-01 9.178088605e-02 -1.352692991e-01
    outer loop
      vertex -5.677199364e-02 4.360639676e-02 4.179176688e-02
      vertex -5.727795884e-02 4.634865746e-02 4.734252021e-02
      vertex -5.662459508e-02 4.920494184e-02 4.451539740e-02
    endloop
  endfacet
  facet normal -9.870288372e-01 1.105685532e-01 -1.163987741e-01
    outer loop
      vertex -5.662459508e-02 4.920494184e-02 4.451539740e-02
      vertex -5.727795884e-02 4.634865746e-02 4.734252021e-02
      vertex -5.670246854e-02 4.992295429e-02 4.585779086e-02
    endloop
  endfacet
  facet normal -9.685046077e-01 1.918051094e-01 -1.587755531e-01
    outer loop
      vertex -5.662459508e-02 4.920494184e-02 4.451539740e-02
      vertex -5.670246854e-02 4.992295429e-02 4.585779086e-02
      vertex -5.648050085e-02 5.076686665e-02 4.552329332e-02
    endloop
  endfacet
  facet normal -9.930092692e-01 6.547307968e-02 -9.821318090e-02
    outer loop
      vertex -5.584722012e-02 4.603547975e-02 3.700655699e-02
      vertex -5.598168075e-02 4.015740380e-02 3.444747999e-02
      vertex -5.629273877e-02 3.879665956e-02 3.668538108e-02
    endloop
  endfacet
  facet normal -9.886604548e-01 -1.901019015e-03 -1.501560956e-01
    outer loop
      vertex -5.566304550e-02 2.142661624e-02 3.110508248e-02
      vertex -5.573153123e-02 2.694093995e-02 3.148619458e-02
      vertex -5.494167283e-02 2.307879739e-02 2.633449063e-02
    endloop
  endfacet
  facet normal -9.876171350e-01 7.073144428e-03 -1.567239016e-01
    outer loop
      vertex -5.494167283e-02 2.307879739e-02 2.633449063e-02
      vertex -5.573153123e-02 2.694093995e-02 3.148619458e-02
      vertex -5.583582073e-02 3.133049235e-02 3.234149516e-02
    endloop
  endfacet
  facet normal -9.893800616e-01 -1.401372370e-03 -1.453450471e-01
    outer loop
      vertex -5.494167283e-02 2.307879739e-02 2.633449063e-02
      vertex -5.583582073e-02 3.133049235e-02 3.234149516e-02
      vertex -5.581590906e-02 3.416607901e-02 3.217861429e-02
    endloop
  endfacet
  facet normal -9.936156869e-01 4.968626308e-04 -1.128165498e-01
    outer loop
      vertex -5.581590906e-02 3.416607901e-02 3.217861429e-02
      vertex -5.583582073e-02 3.133049235e-02 3.234149516e-02
      vertex -5.595766753e-02 3.429348394e-02 3.342769295e-02
    endloop
  endfacet
  facet normal -9.933151603e-01 1.581792347e-02 -1.143451780e-01
    outer loop
      vertex -5.581590906e-02 3.416607901e-02 3.217861429e-02
      vertex -5.595766753e-02 3.429348394e-02 3.342769295e-02
      vertex -5.598168075e-02 4.015740380e-02 3.444747999e-02
    endloop
  endfacet
  facet normal -9.900409579e-01 2.017577365e-02 -1.393263340e-01
    outer loop
      vertex -5.598168075e-02 4.015740380e-02 3.444747999e-02
      vertex -5.595766753e-02 3.429348394e-02 3.342769295e-02
      vertex -5.610317364e-02 3.663141653e-02 3.480020165e-02
    endloop
  endfacet
  facet normal -9.919596314e-01 2.170713618e-02 -1.246789396e-01
    outer loop
      vertex -5.598168075e-02 4.015740380e-02 3.444747999e-02
      vertex -5.610317364e-02 3.663141653e-02 3.480020165e-02
      vertex -5.629273877e-02 3.879665956e-02 3.668538108e-02
    endloop
  endfacet
  facet normal -8.025031090e-01 1.240873933e-01 -5.836018324e-01
    outer loop
      vertex -4.919847101e-02 4.019826278e-02 1.790195145e-02
      vertex -4.876251891e-02 3.360963985e-02 1.590158418e-02
      vertex -5.250288546e-02 3.847615048e-02 2.207964659e-02
    endloop
  endfacet
  facet normal -4.276233613e-01 1.663840115e-01 -8.885126114e-01
    outer loop
      vertex -4.515495524e-02 4.132085666e-02 1.489419769e-02
      vertex -4.297535866e-02 4.163616523e-02 1.390424650e-02
      vertex -4.252810031e-02 3.508200869e-02 1.246165019e-02
    endloop
  endfacet
  facet normal -2.303213775e-01 1.941624433e-01 -9.535475969e-01
    outer loop
      vertex -4.252810031e-02 3.508200869e-02 1.246165019e-02
      vertex -4.297535866e-02 4.163616523e-02 1.390424650e-02
      vertex -4.030464590e-02 3.534984216e-02 1.197913010e-02
    endloop
  endfacet
  facet normal -2.214481980e-01 8.884983510e-02 -9.711160660e-01
    outer loop
      vertex -4.252810031e-02 3.508200869e-02 1.246165019e-02
      vertex -4.030464590e-02 3.534984216e-02 1.197913010e-02
      vertex -3.997517750e-02 2.925428562e-02 1.134630200e-02
    endloop
  endfacet
  facet normal -7.171913236e-02 9.916109592e-02 -9.924834967e-01
    outer loop
      vertex -3.997517750e-02 2.925428562e-02 1.134630200e-02
      vertex -4.030464590e-02 3.534984216e-02 1.197913010e-02
      vertex -3.642654419e-02 3.557881340e-02 1.172176655e-02
    endloop
  endfacet
  facet normal -5.386644229e-02 8.926680684e-02 -9.945500493e-01
    outer loop
      vertex -3.997517750e-02 2.925428562e-02 1.134630200e-02
      vertex -3.642654419e-02 3.557881340e-02 1.172176655e-02
      vertex -3.725264966e-02 2.959199063e-02 1.122915652e-02
    endloop
  endfacet
  facet normal -8.027068377e-01 2.856370807e-01 -5.235199928e-01
    outer loop
      vertex -5.231825635e-02 4.481999204e-02 2.465213835e-02
      vertex -4.896083847e-02 4.664198682e-02 2.049834654e-02
      vertex -4.917614907e-02 4.347990081e-02 1.910321787e-02
    endloop
  endfacet
  facet normal -7.949075699e-01 3.719274998e-01 -4.793660939e-01
    outer loop
      vertex -4.896083847e-02 4.664198682e-02 2.049834654e-02
      vertex -5.231825635e-02 4.481999204e-02 2.465213835e-02
      vertex -4.854249582e-02 4.961271212e-02 2.210953832e-02
    endloop
  endfacet
  facet normal -7.862406969e-01 3.488228321e-01 -5.100473166e-01
    outer loop
      vertex -4.854249582e-02 4.961271212e-02 2.210953832e-02
      vertex -5.231825635e-02 4.481999204e-02 2.465213835e-02
      vertex -5.196670443e-02 4.781967029e-02 2.616170794e-02
    endloop
  endfacet
  facet normal -7.658813000e-01 4.692890048e-01 -4.395380020e-01
    outer loop
      vertex -4.854249582e-02 4.961271212e-02 2.210953832e-02
      vertex -5.196670443e-02 4.781967029e-02 2.616170794e-02
      vertex -4.792041704e-02 5.234180018e-02 2.393939719e-02
    endloop
  endfacet
  facet normal -1.399691105e-01 1.266308129e-01 -9.820250869e-01
    outer loop
      vertex -3.997517750e-02 2.925428562e-02 1.134630200e-02
      vertex -4.106424004e-02 2.908827178e-02 1.148012001e-02
      vertex -4.252810031e-02 3.508200869e-02 1.246165019e-02
    endloop
  endfacet
  facet normal -3.535366952e-01 6.645194441e-02 -9.330573082e-01
    outer loop
      vertex -4.252810031e-02 3.508200869e-02 1.246165019e-02
      vertex -4.106424004e-02 2.908827178e-02 1.148012001e-02
      vertex -4.470546171e-02 3.470769152e-02 1.325999666e-02
    endloop
  endfacet
  facet normal -3.673782945e-01 1.995123029e-01 -9.084206223e-01
    outer loop
      vertex -4.252810031e-02 3.508200869e-02 1.246165019e-02
      vertex -4.470546171e-02 3.470769152e-02 1.325999666e-02
      vertex -4.515495524e-02 4.132085666e-02 1.489419769e-02
    endloop
  endfacet
  facet normal -5.583617091e-01 1.630543321e-01 -8.134159446e-01
    outer loop
      vertex -4.515495524e-02 4.132085666e-02 1.489419769e-02
      vertex -4.470546171e-02 3.470769152e-02 1.325999666e-02
      vertex -4.724465683e-02 4.084145650e-02 1.623255573e-02
    endloop
  endfacet
  facet normal -5.624453425e-01 2.682702243e-01 -7.821037769e-01
    outer loop
      vertex -4.515495524e-02 4.132085666e-02 1.489419769e-02
      vertex -4.724465683e-02 4.084145650e-02 1.623255573e-02
      vertex -4.514301941e-02 4.460447654e-02 1.601193286e-02
    endloop
  endfacet
  facet normal -6.312782168e-01 3.109107912e-01 -7.105084658e-01
    outer loop
      vertex -4.514301941e-02 4.460447654e-02 1.601193286e-02
      vertex -4.724465683e-02 4.084145650e-02 1.623255573e-02
      vertex -4.917614907e-02 4.347990081e-02 1.910321787e-02
    endloop
  endfacet
  facet normal -6.294573545e-01 3.488062322e-01 -6.943469048e-01
    outer loop
      vertex -4.514301941e-02 4.460447654e-02 1.601193286e-02
      vertex -4.917614907e-02 4.347990081e-02 1.910321787e-02
      vertex -4.493044689e-02 4.773300514e-02 1.739084721e-02
    endloop
  endfacet
  facet normal -6.296241879e-01 3.490913808e-01 -6.940522790e-01
    outer loop
      vertex -4.493044689e-02 4.773300514e-02 1.739084721e-02
      vertex -4.917614907e-02 4.347990081e-02 1.910321787e-02
      vertex -4.896083847e-02 4.664198682e-02 2.049834654e-02
    endloop
  endfacet
  facet normal -6.172869205e-01 4.576374292e-01 -6.399412751e-01
    outer loop
      vertex -4.493044689e-02 4.773300514e-02 1.739084721e-02
      vertex -4.896083847e-02 4.664198682e-02 2.049834654e-02
      vertex -4.450335354e-02 5.062189326e-02 1.904478669e-02
    endloop
  endfacet
  facet normal -6.095958948e-01 4.425434172e-01 -6.576839685e-01
    outer loop
      vertex -4.450335354e-02 5.062189326e-02 1.904478669e-02
      vertex -4.896083847e-02 4.664198682e-02 2.049834654e-02
      vertex -4.854249582e-02 4.961271212e-02 2.210953832e-02
    endloop
  endfacet
  facet normal -5.817784071e-01 5.717512369e-01 -5.784759521e-01
    outer loop
      vertex -4.450335354e-02 5.062189326e-02 1.904478669e-02
      vertex -4.854249582e-02 4.961271212e-02 2.210953832e-02
      vertex -4.386049882e-02 5.321818218e-02 2.096436918e-02
    endloop
  endfacet
  facet normal -5.693464279e-01 5.434057713e-01 -6.168912649e-01
    outer loop
      vertex -4.386049882e-02 5.321818218e-02 2.096436918e-02
      vertex -4.854249582e-02 4.961271212e-02 2.210953832e-02
      vertex -4.792041704e-02 5.234180018e-02 2.393939719e-02
    endloop
  endfacet
  facet normal -5.228341222e-01 6.808418036e-01 -5.129317045e-01
    outer loop
      vertex -4.386049882e-02 5.321818218e-02 2.096436918e-02
      vertex -4.792041704e-02 5.234180018e-02 2.393939719e-02
      vertex -4.301100969e-02 5.549627170e-02 2.312231064e-02
    endloop
  endfacet
  facet normal -4.519535005e-01 7.317104936e-01 -5.102331042e-01
    outer loop
      vertex -4.983298108e-02 5.564261600e-02 3.169843927e-02
      vertex -4.878124967e-02 5.779048428e-02 3.384703398e-02
      vertex -4.564983770e-02 6.017823145e-02 3.449749574e-02
    endloop
  endfacet
  facet normal -5.096145868e-01 7.718840241e-01 -3.801158071e-01
    outer loop
      vertex -4.564983770e-02 6.017823145e-02 3.449749574e-02
      vertex -4.878124967e-02 5.779048428e-02 3.384703398e-02
      vertex -4.757987708e-02 5.969997868e-02 3.611389920e-02
    endloop
  endfacet
  facet normal -4.244881868e-01 8.704321980e-01 -2.493141741e-01
    outer loop
      vertex -4.564983770e-02 6.017823145e-02 3.449749574e-02
      vertex -4.757987708e-02 5.969997868e-02 3.611389920e-02
      vertex -4.277627170e-02 6.300662458e-02 3.947966918e-02
    endloop
  endfacet
  facet normal -2.672165334e-01 8.500977755e-01 -4.537940621e-01
    outer loop
      vertex -4.277627170e-02 6.300662458e-02 3.947966918e-02
      vertex -4.757987708e-02 5.969997868e-02 3.611389920e-02
      vertex -4.624667391e-02 6.137936935e-02 3.847486526e-02
    endloop
  endfacet
  facet normal -3.143627644e-01 8.840340972e-01 -3.459187746e-01
    outer loop
      vertex -4.277627170e-02 6.300662458e-02 3.947966918e-02
      vertex -4.624667391e-02 6.137936935e-02 3.847486526e-02
      vertex -4.480228201e-02 6.284460425e-02 4.090679809e-02
    endloop
  endfacet
  facet normal -4.019899368e-01 8.700191975e-01 -2.854306698e-01
    outer loop
      vertex -4.480228201e-02 6.284460425e-02 4.090679809e-02
      vertex -4.624667391e-02 6.137936935e-02 3.847486526e-02
      vertex -4.734960943e-02 6.205740198e-02 4.209490493e-02
    endloop
  endfacet
  facet normal -3.902954459e-01 8.862003684e-01 -2.496363670e-01
    outer loop
      vertex -4.480228201e-02 6.284460425e-02 4.090679809e-02
      vertex -4.734960943e-02 6.205740198e-02 4.209490493e-02
      vertex -4.428393021e-02 6.338824332e-02 4.202627763e-02
    endloop
  endfacet
  facet normal -4.814358056e-01 7.250174880e-01 -4.925131798e-01
    outer loop
      vertex -4.710182175e-02 5.479839072e-02 2.597485855e-02
      vertex -4.610043764e-02 5.696889386e-02 2.819114551e-02
      vertex -4.407078400e-02 5.732205138e-02 2.672701702e-02
    endloop
  endfacet
  facet normal -4.189067483e-01 8.237609267e-01 -3.820144236e-01
    outer loop
      vertex -4.407078400e-02 5.732205138e-02 2.672701702e-02
      vertex -4.610043764e-02 5.696889386e-02 2.819114551e-02
      vertex -4.362823814e-02 6.047105417e-02 3.303211927e-02
    endloop
  endfacet
  facet normal -2.967238128e-01 8.624997735e-01 -4.099378884e-01
    outer loop
      vertex -4.407078400e-02 5.732205138e-02 2.672701702e-02
      vertex -4.362823814e-02 6.047105417e-02 3.303211927e-02
      vertex -4.154501855e-02 6.056968495e-02 3.173174709e-02
    endloop
  endfacet
  facet normal -2.400608957e-01 9.182522893e-01 -3.149341643e-01
    outer loop
      vertex -4.154501855e-02 6.056968495e-02 3.173174709e-02
      vertex -4.362823814e-02 6.047105417e-02 3.303211927e-02
      vertex -4.068985209e-02 6.300464272e-02 3.817947581e-02
    endloop
  endfacet
  facet normal -8.867511898e-02 9.356579781e-01 -3.415857553e-01
    outer loop
      vertex -4.154501855e-02 6.056968495e-02 3.173174709e-02
      vertex -4.068985209e-02 6.300464272e-02 3.817947581e-02
      vertex -3.642497212e-02 6.259571016e-02 3.595218807e-02
    endloop
  endfacet
  facet normal -6.120131165e-02 9.543336034e-01 -2.924069166e-01
    outer loop
      vertex -3.642497212e-02 6.259571016e-02 3.595218807e-02
      vertex -4.068985209e-02 6.300464272e-02 3.817947581e-02
      vertex -3.629386425e-02 6.459967792e-02 4.246513173e-02
    endloop
  endfacet
  facet normal -2.509548701e-02 9.556204677e-01 -2.935297191e-01
    outer loop
      vertex -3.642497212e-02 6.259571016e-02 3.595218807e-02
      vertex -3.629386425e-02 6.459967792e-02 4.246513173e-02
      vertex -3.629416600e-02 6.265738606e-02 3.614179790e-02
    endloop
  endfacet
  facet normal -7.552017570e-01 4.345775545e-01 -4.907266498e-01
    outer loop
      vertex -5.196670443e-02 4.781967029e-02 2.616170794e-02
      vertex -5.143389478e-02 5.064232275e-02 2.784142643e-02
      vertex -4.792041704e-02 5.234180018e-02 2.393939719e-02
    endloop
  endfacet
  facet normal -7.185109854e-01 5.698408484e-01 -3.987773359e-01
    outer loop
      vertex -4.792041704e-02 5.234180018e-02 2.393939719e-02
      vertex -5.143389478e-02 5.064232275e-02 2.784142643e-02
      vertex -4.710182175e-02 5.479839072e-02 2.597485855e-02
    endloop
  endfacet
  facet normal -5.086552501e-01 6.434661150e-01 -5.720325112e-01
    outer loop
      vertex -4.792041704e-02 5.234180018e-02 2.393939719e-02
      vertex -4.710182175e-02 5.479839072e-02 2.597485855e-02
      vertex -4.301100969e-02 5.549627170e-02 2.312231064e-02
    endloop
  endfacet
  facet normal -4.749449492e-01 7.208693624e-01 -5.047520995e-01
    outer loop
      vertex -4.301100969e-02 5.549627170e-02 2.312231064e-02
      vertex -4.710182175e-02 5.479839072e-02 2.597485855e-02
      vertex -4.407078400e-02 5.732205138e-02 2.672701702e-02
    endloop
  endfacet
  facet normal -3.487864733e-01 7.907484770e-01 -5.030555129e-01
    outer loop
      vertex -4.301100969e-02 5.549627170e-02 2.312231064e-02
      vertex -4.407078400e-02 5.732205138e-02 2.672701702e-02
      vertex -4.197213426e-02 5.745362863e-02 2.547877282e-02
    endloop
  endfacet
  facet normal -2.976041734e-01 8.624292612e-01 -4.094478190e-01
    outer loop
      vertex -4.197213426e-02 5.745362863e-02 2.547877282e-02
      vertex -4.407078400e-02 5.732205138e-02 2.672701702e-02
      vertex -4.154501855e-02 6.056968495e-02 3.173174709e-02
    endloop
  endfacet
  facet normal -1.934330165e-01 8.833304048e-01 -4.269790351e-01
    outer loop
      vertex -4.197213426e-02 5.745362863e-02 2.547877282e-02
      vertex -4.154501855e-02 6.056968495e-02 3.173174709e-02
      vertex -3.942219540e-02 6.048608944e-02 3.059710935e-02
    endloop
  endfacet
  facet normal -1.245123670e-01 9.449579716e-01 -3.025740981e-01
    outer loop
      vertex -3.942219540e-02 6.048608944e-02 3.059710935e-02
      vertex -4.154501855e-02 6.056968495e-02 3.173174709e-02
      vertex -3.642497212e-02 6.259571016e-02 3.595218807e-02
    endloop
  endfacet
  facet normal -4.631597176e-02 9.379768372e-01 -3.435901999e-01
    outer loop
      vertex -3.942219540e-02 6.048608944e-02 3.059710935e-02
      vertex -3.642497212e-02 6.259571016e-02 3.595218807e-02
      vertex -3.629434109e-02 6.042581424e-02 3.001092747e-02
    endloop
  endfacet
  facet normal 5.265780538e-02 9.383828044e-01 -3.415623307e-01
    outer loop
      vertex -3.629434109e-02 6.042581424e-02 3.001092747e-02
      vertex -3.642497212e-02 6.259571016e-02 3.595218807e-02
      vertex -3.629416600e-02 6.265738606e-02 3.614179790e-02
    endloop
  endfacet
  facet normal -5.522017926e-02 9.194955826e-01 -3.892025054e-01
    outer loop
      vertex -3.629434109e-02 6.042581424e-02 3.001092747e-02
      vertex -3.629435971e-02 6.009624526e-02 2.923231944e-02
      vertex -3.942219540e-02 6.048608944e-02 3.059710935e-02
    endloop
  endfacet
  facet normal -7.274930179e-02 9.024917483e-01 -4.245188236e-01
    outer loop
      vertex -3.942219540e-02 6.048608944e-02 3.059710935e-02
      vertex -3.629435971e-02 6.009624526e-02 2.923231944e-02
      vertex -3.629443422e-02 5.877196416e-02 2.641702071e-02
    endloop
  endfacet
  facet normal -1.287740022e-01 8.799861670e-01 -4.572106302e-01
    outer loop
      vertex -3.942219540e-02 6.048608944e-02 3.059710935e-02
      vertex -3.629443422e-02 5.877196416e-02 2.641702071e-02
      vertex -4.197213426e-02 5.745362863e-02 2.547877282e-02
    endloop
  endfacet
  facet normal -1.296210736e-01 8.814499378e-01 -4.541413784e-01
    outer loop
      vertex -4.197213426e-02 5.745362863e-02 2.547877282e-02
      vertex -3.629443422e-02 5.877196416e-02 2.641702071e-02
      vertex -3.765812516e-02 5.712407455e-02 2.360783145e-02
    endloop
  endfacet
  facet normal -1.893755049e-01 7.947403193e-01 -5.766496062e-01
    outer loop
      vertex -4.197213426e-02 5.745362863e-02 2.547877282e-02
      vertex -3.765812516e-02 5.712407455e-02 2.360783145e-02
      vertex -4.301100969e-02 5.549627170e-02 2.312231064e-02
    endloop
  endfacet
  facet normal -2.009603977e-01 8.204730749e-01 -5.351998210e-01
    outer loop
      vertex -4.301100969e-02 5.549627170e-02 2.312231064e-02
      vertex -3.765812516e-02 5.712407455e-02 2.360783145e-02
      vertex -3.868843615e-02 5.532087013e-02 2.123034745e-02
    endloop
  endfacet
  facet normal -2.564898729e-01 7.133901715e-01 -6.521406174e-01
    outer loop
      vertex -4.301100969e-02 5.549627170e-02 2.312231064e-02
      vertex -3.868843615e-02 5.532087013e-02 2.123034745e-02
      vertex -4.386049882e-02 5.321818218e-02 2.096436918e-02
    endloop
  endfacet
  facet normal -2.678659260e-01 7.373268008e-01 -6.201588511e-01
    outer loop
      vertex -4.386049882e-02 5.321818218e-02 2.096436918e-02
      vertex -3.868843615e-02 5.532087013e-02 2.123034745e-02
      vertex -3.952453285e-02 5.319699273e-02 1.906633750e-02
    endloop
  endfacet
  facet normal -3.141605258e-01 6.134765744e-01 -7.245340943e-01
    outer loop
      vertex -4.386049882e-02 5.321818218e-02 2.096436918e-02
      vertex -3.952453285e-02 5.319699273e-02 1.906633750e-02
      vertex -4.450335354e-02 5.062189326e-02 1.904478669e-02
    endloop
  endfacet
  facet normal -3.231816590e-01 6.307589412e-01 -7.054762244e-01
    outer loop
      vertex -4.450335354e-02 5.062189326e-02 1.904478669e-02
      vertex -3.952453285e-02 5.319699273e-02 1.906633750e-02
      vertex -4.014966637e-02 5.074758455e-02 1.716272347e-02
    endloop
  endfacet
  facet normal -3.550499082e-01 5.034610629e-01 -7.876970172e-01
    outer loop
      vertex -4.450335354e-02 5.062189326e-02 1.904478669e-02
      vertex -4.014966637e-02 5.074758455e-02 1.716272347e-02
      vertex -4.493044689e-02 4.773300514e-02 1.739084721e-02
    endloop
  endfacet
  facet normal -3.586779535e-01 5.096413493e-01 -7.820587158e-01
    outer loop
      vertex -4.493044689e-02 4.773300514e-02 1.739084721e-02
      vertex -4.014966637e-02 5.074758455e-02 1.716272347e-02
      vertex -4.055624455e-02 4.799225554e-02 1.555363741e-02
    endloop
  endfacet
  facet normal -3.755474091e-01 3.950434625e-01 -8.383941650e-01
    outer loop
      vertex -4.493044689e-02 4.773300514e-02 1.739084721e-02
      vertex -4.055624455e-02 4.799225554e-02 1.555363741e-02
      vertex -4.514301941e-02 4.460447654e-02 1.601193286e-02
    endloop
  endfacet
  facet normal -3.706856072e-01 3.877075016e-01 -8.439639211e-01
    outer loop
      vertex -4.514301941e-02 4.460447654e-02 1.601193286e-02
      vertex -4.055624455e-02 4.799225554e-02 1.555363741e-02
      vertex -4.074849933e-02 4.498049244e-02 1.425450947e-02
    endloop
  endfacet
  facet normal -3.741650879e-01 3.395244181e-01 -8.629737496e-01
    outer loop
      vertex -4.514301941e-02 4.460447654e-02 1.601193286e-02
      vertex -4.074849933e-02 4.498049244e-02 1.425450947e-02
      vertex -4.297535866e-02 4.163616523e-02 1.390424650e-02
    endloop
  endfacet
  facet normal -2.863597572e-01 2.864343226e-01 -9.143049121e-01
    outer loop
      vertex -4.297535866e-02 4.163616523e-02 1.390424650e-02
      vertex -4.074849933e-02 4.498049244e-02 1.425450947e-02
      vertex -4.074516147e-02 4.179697856e-02 1.325612981e-02
    endloop
  endfacet
  facet normal -2.862365246e-01 1.673112810e-01 -9.434381723e-01
    outer loop
      vertex -4.297535866e-02 4.163616523e-02 1.390424650e-02
      vertex -4.074516147e-02 4.179697856e-02 1.325612981e-02
      vertex -4.030464590e-02 3.534984216e-02 1.197913010e-02
    endloop
  endfacet
  facet normal -1.070771441e-01 1.861354560e-01 -9.766719341e-01
    outer loop
      vertex -4.030464590e-02 3.534984216e-02 1.197913010e-02
      vertex -4.074516147e-02 4.179697856e-02 1.325612981e-02
      vertex -3.629481792e-02 4.062053189e-02 1.254400890e-02
    endloop
  endfacet
  facet normal -7.488261163e-02 1.624147445e-01 -9.838770628e-01
    outer loop
      vertex -4.030464590e-02 3.534984216e-02 1.197913010e-02
      vertex -3.629481792e-02 4.062053189e-02 1.254400890e-02
      vertex -3.642654419e-02 3.557881340e-02 1.172176655e-02
    endloop
  endfacet
  facet normal -9.862531424e-01 6.739373505e-02 -1.508736014e-01
    outer loop
      vertex -5.629273877e-02 3.879665956e-02 3.668538108e-02
      vertex -5.656208843e-02 4.098243639e-02 3.942247108e-02
      vertex -5.584722012e-02 4.603547975e-02 3.700655699e-02
    endloop
  endfacet
  facet normal -9.853698611e-01 6.385421008e-02 -1.580153853e-01
    outer loop
      vertex -5.584722012e-02 4.603547975e-02 3.700655699e-02
      vertex -5.656208843e-02 4.098243639e-02 3.942247108e-02
      vertex -5.677199364e-02 4.360639676e-02 4.179176688e-02
    endloop
  endfacet
  facet normal -9.822911024e-01 1.482372731e-01 -1.145856082e-01
    outer loop
      vertex -5.584722012e-02 4.603547975e-02 3.700655699e-02
      vertex -5.677199364e-02 4.360639676e-02 4.179176688e-02
      vertex -5.559113994e-02 4.885398969e-02 3.845755011e-02
    endloop
  endfacet
  facet normal -9.786890149e-01 1.100950986e-01 -1.733403355e-01
    outer loop
      vertex -5.559113994e-02 4.885398969e-02 3.845755011e-02
      vertex -5.677199364e-02 4.360639676e-02 4.179176688e-02
      vertex -5.662459508e-02 4.920494184e-02 4.451539740e-02
    endloop
  endfacet
  facet normal -9.515689015e-01 2.514403164e-01 -1.769023240e-01
    outer loop
      vertex -5.559113994e-02 4.885398969e-02 3.845755011e-02
      vertex -5.662459508e-02 4.920494184e-02 4.451539740e-02
      vertex -5.517330393e-02 5.154923722e-02 4.004087672e-02
    endloop
  endfacet
  facet normal -9.563636184e-01 2.155271769e-01 -1.972731203e-01
    outer loop
      vertex -5.517330393e-02 5.154923722e-02 4.004087672e-02
      vertex -5.662459508e-02 4.920494184e-02 4.451539740e-02
      vertex -5.648050085e-02 5.076686665e-02 4.552329332e-02
    endloop
  endfacet
  facet normal -9.448126554e-01 2.690844238e-01 -1.868760586e-01
    outer loop
      vertex -5.517330393e-02 5.154923722e-02 4.004087672e-02
      vertex -5.648050085e-02 5.076686665e-02 4.552329332e-02
      vertex -5.560278520e-02 5.320551619e-02 4.459714890e-02
    endloop
  endfacet
  facet normal -6.610055566e-01 7.005826235e-01 -2.688040435e-01
    outer loop
      vertex -5.159840733e-02 5.894623324e-02 4.274146631e-02
      vertex -4.993176460e-02 6.038456783e-02 4.239181429e-02
      vertex -4.984853044e-02 6.025804207e-02 4.185737297e-02
    endloop
  endfacet
  facet normal -5.099688172e-01 8.158647418e-01 -2.725738585e-01
    outer loop
      vertex -4.984853044e-02 6.025804207e-02 4.185737297e-02
      vertex -4.993176460e-02 6.038456783e-02 4.239181429e-02
      vertex -4.624667391e-02 6.137936935e-02 3.847486526e-02
    endloop
  endfacet
  facet normal -5.683494806e-01 7.398855686e-01 -3.599280417e-01
    outer loop
      vertex -4.984853044e-02 6.025804207e-02 4.185737297e-02
      vertex -4.624667391e-02 6.137936935e-02 3.847486526e-02
      vertex -5.102914199e-02 5.829983577e-02 3.969625011e-02
    endloop
  endfacet
  facet normal -5.681245923e-01 7.873905301e-01 -2.392710447e-01
    outer loop
      vertex -5.102914199e-02 5.829983577e-02 3.969625011e-02
      vertex -4.624667391e-02 6.137936935e-02 3.847486526e-02
      vertex -4.757987708e-02 5.969997868e-02 3.611389920e-02
    endloop
  endfacet
  facet normal -6.535589099e-01 6.593986750e-01 -3.715564013e-01
    outer loop
      vertex -5.102914199e-02 5.829983577e-02 3.969625011e-02
      vertex -4.757987708e-02 5.969997868e-02 3.611389920e-02
      vertex -5.205398425e-02 5.612961575e-02 3.764744848e-02
    endloop
  endfacet
  facet normal -6.549410224e-01 7.121483088e-01 -2.527785897e-01
    outer loop
      vertex -5.205398425e-02 5.612961575e-02 3.764744848e-02
      vertex -4.757987708e-02 5.969997868e-02 3.611389920e-02
      vertex -4.878124967e-02 5.779048428e-02 3.384703398e-02
    endloop
  endfacet
  facet normal -7.292538881e-01 5.696624517e-01 -3.790428638e-01
    outer loop
      vertex -5.205398425e-02 5.612961575e-02 3.764744848e-02
      vertex -4.878124967e-02 5.779048428e-02 3.384703398e-02
      vertex -5.291247368e-02 5.375222489e-02 3.572615236e-02
    endloop
  endfacet
  facet normal -7.329979539e-01 6.257510185e-01 -2.667388916e-01
    outer loop
      vertex -5.291247368e-02 5.375222489e-02 3.572615236e-02
      vertex -4.878124967e-02 5.779048428e-02 3.384703398e-02
      vertex -4.983298108e-02 5.564261600e-02 3.169843927e-02
    endloop
  endfacet
  facet normal -7.918886542e-01 4.766294360e-01 -3.817548752e-01
    outer loop
      vertex -5.291247368e-02 5.375222489e-02 3.572615236e-02
      vertex -4.983298108e-02 5.564261600e-02 3.169843927e-02
      vertex -5.360037833e-02 5.118131265e-02 3.394325823e-02
    endloop
  endfacet
  facet normal -6.073619723e-01 7.394185662e-01 -2.904679477e-01
    outer loop
      vertex -4.564983770e-02 6.017823145e-02 3.449749574e-02
      vertex -4.803209752e-02 5.639911816e-02 2.985859290e-02
      vertex -4.983298108e-02 5.564261600e-02 3.169843927e-02
    endloop
  endfacet
  facet normal -6.795273423e-01 6.036715508e-01 -4.169211388e-01
    outer loop
      vertex -4.983298108e-02 5.564261600e-02 3.169843927e-02
      vertex -4.803209752e-02 5.639911816e-02 2.985859290e-02
      vertex -5.072068051e-02 5.325665697e-02 2.969057858e-02
    endloop
  endfacet
  facet normal -7.982828617e-01 5.330057144e-01 -2.804450393e-01
    outer loop
      vertex -4.983298108e-02 5.564261600e-02 3.169843927e-02
      vertex -5.072068051e-02 5.325665697e-02 2.969057858e-02
      vertex -5.360037833e-02 5.118131265e-02 3.394325823e-02
    endloop
  endfacet
  facet normal -8.240255713e-01 4.568792880e-01 -3.350270689e-01
    outer loop
      vertex -5.360037833e-02 5.118131265e-02 3.394325823e-02
      vertex -5.072068051e-02 5.325665697e-02 2.969057858e-02
      vertex -5.289555714e-02 4.958073422e-02 3.002697229e-02
    endloop
  endfacet
  facet normal -8.873269558e-01 3.484142423e-01 -3.020900786e-01
    outer loop
      vertex -5.360037833e-02 5.118131265e-02 3.394325823e-02
      vertex -5.289555714e-02 4.958073422e-02 3.002697229e-02
      vertex -5.411933735e-02 4.843823239e-02 3.230387345e-02
    endloop
  endfacet
  facet normal -8.962672949e-01 2.882118225e-01 -3.371036351e-01
    outer loop
      vertex -5.411933735e-02 4.843823239e-02 3.230387345e-02
      vertex -5.289555714e-02 4.958073422e-02 3.002697229e-02
      vertex -5.364060402e-02 4.371897504e-02 2.699625120e-02
    endloop
  endfacet
  facet normal -9.238492250e-01 1.352906227e-01 -3.580490053e-01
    outer loop
      vertex -5.250288546e-02 3.847615048e-02 2.207964659e-02
      vertex -5.471554399e-02 3.637891635e-02 2.699636668e-02
      vertex -5.364060402e-02 4.371897504e-02 2.699625120e-02
    endloop
  endfacet
  facet normal -9.329324365e-01 1.366212368e-01 -3.331242204e-01
    outer loop
      vertex -5.364060402e-02 4.371897504e-02 2.699625120e-02
      vertex -5.471554399e-02 3.637891635e-02 2.699636668e-02
      vertex -5.468326434e-02 4.255286977e-02 2.943803370e-02
    endloop
  endfacet
  facet normal -9.299169183e-01 2.291676700e-01 -2.876398265e-01
    outer loop
      vertex -5.364060402e-02 4.371897504e-02 2.699625120e-02
      vertex -5.468326434e-02 4.255286977e-02 2.943803370e-02
      vertex -5.411933735e-02 4.843823239e-02 3.230387345e-02
    endloop
  endfacet
  facet normal -4.374541938e-01 1.395640373e-01 -8.883443475e-01
    outer loop
      vertex -4.469823837e-02 2.837884240e-02 1.245269645e-02
      vertex -4.582259804e-02 2.810007147e-02 1.296257693e-02
      vertex -4.679872841e-02 3.421802446e-02 1.440442633e-02
    endloop
  endfacet
  facet normal -5.606691837e-01 1.041430011e-01 -8.214647174e-01
    outer loop
      vertex -4.679872841e-02 3.421802446e-02 1.440442633e-02
      vertex -4.582259804e-02 2.810007147e-02 1.296257693e-02
      vertex -4.828277975e-02 2.736180834e-02 1.454811450e-02
    endloop
  endfacet
  facet normal -6.250422001e-01 1.191249862e-01 -7.714476585e-01
    outer loop
      vertex -4.679872841e-02 3.421802446e-02 1.440442633e-02
      vertex -4.828277975e-02 2.736180834e-02 1.454811450e-02
      vertex -4.876251891e-02 3.360963985e-02 1.590158418e-02
    endloop
  endfacet
  facet normal -7.758633494e-01 7.609967142e-02 -6.262945533e-01
    outer loop
      vertex -4.876251891e-02 3.360963985e-02 1.590158418e-02
      vertex -4.828277975e-02 2.736180834e-02 1.454811450e-02
      vertex -5.210570991e-02 3.206435964e-02 1.985541731e-02
    endloop
  endfacet
  facet normal -7.837041020e-01 1.596813500e-01 -6.002580523e-01
    outer loop
      vertex -4.876251891e-02 3.360963985e-02 1.590158418e-02
      vertex -5.210570991e-02 3.206435964e-02 1.985541731e-02
      vertex -5.250288546e-02 3.847615048e-02 2.207964659e-02
    endloop
  endfacet
  facet normal -9.136734605e-01 8.153280616e-02 -3.981873989e-01
    outer loop
      vertex -5.250288546e-02 3.847615048e-02 2.207964659e-02
      vertex -5.210570991e-02 3.206435964e-02 1.985541731e-02
      vertex -5.437790975e-02 3.021792881e-02 2.469108999e-02
    endloop
  endfacet
  facet normal -9.220373034e-01 9.031591564e-02 -3.764176369e-01
    outer loop
      vertex -5.250288546e-02 3.847615048e-02 2.207964659e-02
      vertex -5.437790975e-02 3.021792881e-02 2.469108999e-02
      vertex -5.471554399e-02 3.637891635e-02 2.699636668e-02
    endloop
  endfacet
  facet normal -9.797492623e-01 2.082168311e-02 -1.991427243e-01
    outer loop
      vertex -5.471554399e-02 3.637891635e-02 2.699636668e-02
      vertex -5.437790975e-02 3.021792881e-02 2.469108999e-02
      vertex -5.581590906e-02 3.416607901e-02 3.217861429e-02
    endloop
  endfacet
  facet normal -9.814620614e-01 7.489976287e-02 -1.764148772e-01
    outer loop
      vertex -5.471554399e-02 3.637891635e-02 2.699636668e-02
      vertex -5.581590906e-02 3.416607901e-02 3.217861429e-02
      vertex -5.468326434e-02 4.255286977e-02 2.943803370e-02
    endloop
  endfacet
  facet normal -9.727720022e-01 5.805390328e-02 -2.243754864e-01
    outer loop
      vertex -5.468326434e-02 4.255286977e-02 2.943803370e-02
      vertex -5.581590906e-02 3.416607901e-02 3.217861429e-02
      vertex -5.598168075e-02 4.015740380e-02 3.444747999e-02
    endloop
  endfacet
  facet normal -9.701932073e-01 1.747276187e-01 -1.679149121e-01
    outer loop
      vertex -5.468326434e-02 4.255286977e-02 2.943803370e-02
      vertex -5.598168075e-02 4.015740380e-02 3.444747999e-02
      vertex -5.411933735e-02 4.843823239e-02 3.230387345e-02
    endloop
  endfacet
  facet normal -9.504196644e-01 1.421516538e-01 -2.765779495e-01
    outer loop
      vertex -5.411933735e-02 4.843823239e-02 3.230387345e-02
      vertex -5.598168075e-02 4.015740380e-02 3.444747999e-02
      vertex -5.584722012e-02 4.603547975e-02 3.700655699e-02
    endloop
  endfacet
  facet normal -9.361382127e-01 2.931556404e-01 -1.941777766e-01
    outer loop
      vertex -5.411933735e-02 4.843823239e-02 3.230387345e-02
      vertex -5.584722012e-02 4.603547975e-02 3.700655699e-02
      vertex -5.360037833e-02 5.118131265e-02 3.394325823e-02
    endloop
  endfacet
  facet normal -9.284260273e-01 2.332295477e-01 -2.891869545e-01
    outer loop
      vertex -5.360037833e-02 5.118131265e-02 3.394325823e-02
      vertex -5.584722012e-02 4.603547975e-02 3.700655699e-02
      vertex -5.559113994e-02 4.885398969e-02 3.845755011e-02
    endloop
  endfacet
  facet normal -9.023154974e-01 3.811217546e-01 -2.014272958e-01
    outer loop
      vertex -5.360037833e-02 5.118131265e-02 3.394325823e-02
      vertex -5.559113994e-02 4.885398969e-02 3.845755011e-02
      vertex -5.291247368e-02 5.375222489e-02 3.572615236e-02
    endloop
  endfacet
  facet normal -8.966302276e-01 3.192431629e-01 -3.068191409e-01
    outer loop
      vertex -5.291247368e-02 5.375222489e-02 3.572615236e-02
      vertex -5.559113994e-02 4.885398969e-02 3.845755011e-02
      vertex -5.517330393e-02 5.154923722e-02 4.004087672e-02
    endloop
  endfacet
  facet normal -8.555263281e-01 4.751542211e-01 -2.056773156e-01
    outer loop
      vertex -5.291247368e-02 5.375222489e-02 3.572615236e-02
      vertex -5.517330393e-02 5.154923722e-02 4.004087672e-02
      vertex -5.205398425e-02 5.612961575e-02 3.764744848e-02
    endloop
  endfacet
  facet normal -8.527653813e-01 4.151262343e-01 -3.169564307e-01
    outer loop
      vertex -5.205398425e-02 5.612961575e-02 3.764744848e-02
      vertex -5.517330393e-02 5.154923722e-02 4.004087672e-02
      vertex -5.457457900e-02 5.409256741e-02 4.176108539e-02
    endloop
  endfacet
  facet normal -8.319088817e-01 4.850448072e-01 -2.695535421e-01
    outer loop
      vertex -5.205398425e-02 5.612961575e-02 3.764744848e-02
      vertex -5.457457900e-02 5.409256741e-02 4.176108539e-02
      vertex -5.383359641e-02 5.633787438e-02 4.351451993e-02
    endloop
  endfacet
  facet normal -8.359617591e-01 4.814987183e-01 -2.633000016e-01
    outer loop
      vertex -5.383359641e-02 5.633787438e-02 4.351451993e-02
      vertex -5.457457900e-02 5.409256741e-02 4.176108539e-02
      vertex -5.419450253e-02 5.580624565e-02 4.368818179e-02
    endloop
  endfacet
  facet normal -3.395848572e-01 1.186328754e-01 -9.330639839e-01
    outer loop
      vertex -4.304840043e-02 2.873353474e-02 1.189734135e-02
      vertex -4.469823837e-02 2.837884240e-02 1.245269645e-02
      vertex -4.470546171e-02 3.470769152e-02 1.325999666e-02
    endloop
  endfacet
  facet normal -4.963943362e-01 1.092858315e-01 -8.611906171e-01
    outer loop
      vertex -4.470546171e-02 3.470769152e-02 1.325999666e-02
      vertex -4.469823837e-02 2.837884240e-02 1.245269645e-02
      vertex -4.679872841e-02 3.421802446e-02 1.440442633e-02
    endloop
  endfacet
  facet normal -5.054474473e-01 1.977858096e-01 -8.398830891e-01
    outer loop
      vertex -4.470546171e-02 3.470769152e-02 1.325999666e-02
      vertex -4.679872841e-02 3.421802446e-02 1.440442633e-02
      vertex -4.724465683e-02 4.084145650e-02 1.623255573e-02
    endloop
  endfacet
  facet normal -6.707518101e-01 1.550300866e-01 -7.252983451e-01
    outer loop
      vertex -4.724465683e-02 4.084145650e-02 1.623255573e-02
      vertex -4.679872841e-02 3.421802446e-02 1.440442633e-02
      vertex -4.919847101e-02 4.019826278e-02 1.790195145e-02
    endloop
  endfacet
  facet normal -6.752961874e-01 2.575778961e-01 -6.911068559e-01
    outer loop
      vertex -4.724465683e-02 4.084145650e-02 1.623255573e-02
      vertex -4.919847101e-02 4.019826278e-02 1.790195145e-02
      vertex -4.917614907e-02 4.347990081e-02 1.910321787e-02
    endloop
  endfacet
  facet normal -8.070591688e-01 2.078074515e-01 -5.526947975e-01
    outer loop
      vertex -4.917614907e-02 4.347990081e-02 1.910321787e-02
      vertex -4.919847101e-02 4.019826278e-02 1.790195145e-02
      vertex -5.250288546e-02 3.847615048e-02 2.207964659e-02
    endloop
  endfacet
  facet normal -8.202919364e-01 2.352716476e-01 -5.213141441e-01
    outer loop
      vertex -4.917614907e-02 4.347990081e-02 1.910321787e-02
      vertex -5.250288546e-02 3.847615048e-02 2.207964659e-02
      vertex -5.231825635e-02 4.481999204e-02 2.465213835e-02
    endloop
  endfacet
  facet normal -8.906201124e-01 1.929104328e-01 -4.118025899e-01
    outer loop
      vertex -5.231825635e-02 4.481999204e-02 2.465213835e-02
      vertex -5.250288546e-02 3.847615048e-02 2.207964659e-02
      vertex -5.364060402e-02 4.371897504e-02 2.699625120e-02
    endloop
  endfacet
  facet normal -8.856945038e-01 2.873228192e-01 -3.646790385e-01
    outer loop
      vertex -5.231825635e-02 4.481999204e-02 2.465213835e-02
      vertex -5.364060402e-02 4.371897504e-02 2.699625120e-02
      vertex -5.196670443e-02 4.781967029e-02 2.616170794e-02
    endloop
  endfacet
  facet normal -8.907635808e-01 2.928879857e-01 -3.475008607e-01
    outer loop
      vertex -5.196670443e-02 4.781967029e-02 2.616170794e-02
      vertex -5.364060402e-02 4.371897504e-02 2.699625120e-02
      vertex -5.289555714e-02 4.958073422e-02 3.002697229e-02
    endloop
  endfacet
  facet normal -8.428652883e-01 3.836528659e-01 -3.773441613e-01
    outer loop
      vertex -5.196670443e-02 4.781967029e-02 2.616170794e-02
      vertex -5.289555714e-02 4.958073422e-02 3.002697229e-02
      vertex -5.143389478e-02 5.064232275e-02 2.784142643e-02
    endloop
  endfacet
  facet normal -8.254933953e-01 4.582544565e-01 -3.294897377e-01
    outer loop
      vertex -5.143389478e-02 5.064232275e-02 2.784142643e-02
      vertex -5.289555714e-02 4.958073422e-02 3.002697229e-02
      vertex -5.072068051e-02 5.325665697e-02 2.969057858e-02
    endloop
  endfacet
  facet normal -7.078883648e-01 5.263049603e-01 -4.710596502e-01
    outer loop
      vertex -5.143389478e-02 5.064232275e-02 2.784142643e-02
      vertex -5.072068051e-02 5.325665697e-02 2.969057858e-02
      vertex -4.710182175e-02 5.479839072e-02 2.597485855e-02
    endloop
  endfacet
  facet normal -6.811908484e-01 6.048565507e-01 -4.124653339e-01
    outer loop
      vertex -4.710182175e-02 5.479839072e-02 2.597485855e-02
      vertex -5.072068051e-02 5.325665697e-02 2.969057858e-02
      vertex -4.803209752e-02 5.639911816e-02 2.985859290e-02
    endloop
  endfacet
  facet normal -5.738896132e-01 6.995393634e-01 -4.257879853e-01
    outer loop
      vertex -4.710182175e-02 5.479839072e-02 2.597485855e-02
      vertex -4.803209752e-02 5.639911816e-02 2.985859290e-02
      vertex -4.610043764e-02 5.696889386e-02 2.819114551e-02
    endloop
  endfacet
  facet normal -5.320919752e-01 7.693558335e-01 -3.535106480e-01
    outer loop
      vertex -4.610043764e-02 5.696889386e-02 2.819114551e-02
      vertex -4.803209752e-02 5.639911816e-02 2.985859290e-02
      vertex -4.564983770e-02 6.017823145e-02 3.449749574e-02
    endloop
  endfacet
  facet normal -4.037824869e-01 8.266860843e-01 -3.918542862e-01
    outer loop
      vertex -4.610043764e-02 5.696889386e-02 2.819114551e-02
      vertex -4.564983770e-02 6.017823145e-02 3.449749574e-02
      vertex -4.362823814e-02 6.047105417e-02 3.303211927e-02
    endloop
  endfacet
  facet normal -3.480679393e-01 8.871859908e-01 -3.029021919e-01
    outer loop
      vertex -4.362823814e-02 6.047105417e-02 3.303211927e-02
      vertex -4.564983770e-02 6.017823145e-02 3.449749574e-02
      vertex -4.277627170e-02 6.300662458e-02 3.947966918e-02
    endloop
  endfacet
  facet normal -2.073706537e-01 9.194174409e-01 -3.341690302e-01
    outer loop
      vertex -4.362823814e-02 6.047105417e-02 3.303211927e-02
      vertex -4.277627170e-02 6.300662458e-02 3.947966918e-02
      vertex -4.068985209e-02 6.300464272e-02 3.817947581e-02
    endloop
  endfacet
  facet normal -1.844046116e-01 9.367938638e-01 -2.973419130e-01
    outer loop
      vertex -4.068985209e-02 6.300464272e-02 3.817947581e-02
      vertex -4.277627170e-02 6.300662458e-02 3.947966918e-02
      vertex -4.110149294e-02 6.419768929e-02 4.219353199e-02
    endloop
  endfacet
  facet normal -8.775860816e-02 9.523654580e-01 -2.920590341e-01
    outer loop
      vertex -4.068985209e-02 6.300464272e-02 3.817947581e-02
      vertex -4.110149294e-02 6.419768929e-02 4.219353199e-02
      vertex -3.805407509e-02 6.457656622e-02 4.251330346e-02
    endloop
  endfacet
  facet normal 6.588887423e-02 1.963955909e-01 -9.783084393e-01
    outer loop
      vertex 3.236742690e-02 3.841012344e-02 1.212090719e-02
      vertex 3.211615607e-02 4.081135616e-02 1.258603204e-02
      vertex 3.671034425e-02 4.029708728e-02 1.279221009e-02
    endloop
  endfacet
  facet normal 9.422418475e-01 2.506534457e-01 -2.221557647e-01
    outer loop
      vertex 5.410902202e-02 5.008133873e-02 4.520499334e-02
      vertex 5.437456816e-02 4.933991656e-02 4.549473897e-02
      vertex 5.373666808e-02 5.014422163e-02 4.369665682e-02
    endloop
  endfacet
  facet normal 4.212535620e-01 6.952832639e-02 -9.042738676e-01
    outer loop
      vertex 3.944634274e-02 2.747976594e-02 1.142118964e-02
      vertex 4.125721753e-02 3.340968117e-02 1.272072364e-02
      vertex 4.340906814e-02 3.314067051e-02 1.370247360e-02
    endloop
  endfacet
  facet normal 2.881017327e-01 1.202162206e-01 -9.500239491e-01
    outer loop
      vertex 4.125721753e-02 3.340968117e-02 1.272072364e-02
      vertex 3.944634274e-02 2.747976594e-02 1.142118964e-02
      vertex 3.903825209e-02 3.357158229e-02 1.206829306e-02
    endloop
  endfacet
  facet normal 9.533873200e-02 1.114628986e-01 -9.891847968e-01
    outer loop
      vertex 3.903825209e-02 3.357158229e-02 1.206829306e-02
      vertex 3.944634274e-02 2.747976594e-02 1.142118964e-02
      vertex 3.666360304e-02 2.747648768e-02 1.115261670e-02
    endloop
  endfacet
  facet normal 1.645052582e-01 8.356098831e-02 -9.828304052e-01
    outer loop
      vertex 3.903825209e-02 3.357158229e-02 1.206829306e-02
      vertex 3.666360304e-02 2.747648768e-02 1.115261670e-02
      vertex 3.677758202e-02 3.364002332e-02 1.169572305e-02
    endloop
  endfacet
  facet normal 2.297791839e-02 8.733107895e-02 -9.959142804e-01
    outer loop
      vertex 3.677758202e-02 3.364002332e-02 1.169572305e-02
      vertex 3.666360304e-02 2.747648768e-02 1.115261670e-02
      vertex 3.527504206e-02 2.747654729e-02 1.112058479e-02
    endloop
  endfacet
  facet normal 5.143602565e-02 8.034915477e-02 -9.954387546e-01
    outer loop
      vertex 3.677758202e-02 3.364002332e-02 1.169572305e-02
      vertex 3.527504206e-02 2.747654729e-02 1.112058479e-02
      vertex 3.337922692e-02 3.364246711e-02 1.152032148e-02
    endloop
  endfacet
  facet normal 6.161530614e-01 1.678469926e-01 -7.695341110e-01
    outer loop
      vertex 4.675028101e-02 2.747738175e-02 1.492176112e-02
      vertex 4.526306689e-02 2.747702412e-02 1.373089571e-02
      vertex 4.546228796e-02 3.275423869e-02 1.504144911e-02
    endloop
  endfacet
  facet normal 5.339876413e-01 1.847389340e-01 -8.250628710e-01
    outer loop
      vertex 4.546228796e-02 3.275423869e-02 1.504144911e-02
      vertex 4.526306689e-02 2.747702412e-02 1.373089571e-02
      vertex 4.449760914e-02 2.747669630e-02 1.323541161e-02
    endloop
  endfacet
  facet normal 5.606966019e-01 1.745050550e-01 -8.094241023e-01
    outer loop
      vertex 4.546228796e-02 3.275423869e-02 1.504144911e-02
      vertex 4.449760914e-02 2.747669630e-02 1.323541161e-02
      vertex 4.340906814e-02 3.314067051e-02 1.370247360e-02
    endloop
  endfacet
  facet normal 4.285708070e-01 1.557551622e-01 -8.899816871e-01
    outer loop
      vertex 4.340906814e-02 3.314067051e-02 1.370247360e-02
      vertex 4.449760914e-02 2.747669630e-02 1.323541161e-02
      vertex 4.227644950e-02 2.747729234e-02 1.216591615e-02
    endloop
  endfacet
  facet normal 2.491454035e-01 2.068680227e-01 -9.461142421e-01
    outer loop
      vertex 4.340906814e-02 3.314067051e-02 1.370247360e-02
      vertex 4.227644950e-02 2.747729234e-02 1.216591615e-02
      vertex 3.944634274e-02 2.747976594e-02 1.142118964e-02
    endloop
  endfacet
  facet normal 7.270999551e-01 1.926441640e-01 -6.589490771e-01
    outer loop
      vertex 4.912908748e-02 3.162265942e-02 1.875846833e-02
      vertex 4.886765778e-02 2.747660689e-02 1.725789905e-02
      vertex 4.675028101e-02 2.747738175e-02 1.492176112e-02
    endloop
  endfacet
  facet normal 9.406998158e-01 1.442081332e-01 -3.070633411e-01
    outer loop
      vertex 5.375725776e-02 3.446700796e-02 3.104056790e-02
      vertex 5.264882743e-02 2.748355083e-02 2.436516434e-02
      vertex 5.196451396e-02 3.009520285e-02 2.349527180e-02
    endloop
  endfacet
  facet normal 9.094264507e-01 1.041919515e-01 -4.026010334e-01
    outer loop
      vertex 5.196451396e-02 3.009520285e-02 2.349527180e-02
      vertex 5.264882743e-02 2.748355083e-02 2.436516434e-02
      vertex 5.093308538e-02 2.748107724e-02 2.048887312e-02
    endloop
  endfacet
  facet normal 8.096035719e-01 2.762109637e-01 -5.179281235e-01
    outer loop
      vertex 5.196451396e-02 3.009520285e-02 2.349527180e-02
      vertex 5.093308538e-02 2.748107724e-02 2.048887312e-02
      vertex 4.886765778e-02 2.747660689e-02 1.725789905e-02
    endloop
  endfacet
  facet normal 9.707545042e-01 9.890839458e-02 -2.187529206e-01
    outer loop
      vertex 5.461679399e-02 2.747681551e-02 3.155557811e-02
      vertex 5.402676016e-02 2.747902088e-02 2.893819660e-02
      vertex 5.439062044e-02 3.162863478e-02 3.242912516e-02
    endloop
  endfacet
  facet normal 9.456977248e-01 1.566683650e-01 -2.847996950e-01
    outer loop
      vertex 5.439062044e-02 3.162863478e-02 3.242912516e-02
      vertex 5.402676016e-02 2.747902088e-02 2.893819660e-02
      vertex 5.264882743e-02 2.748355083e-02 2.436516434e-02
    endloop
  endfacet
  facet normal 9.517384171e-01 1.356548667e-01 -2.753029764e-01
    outer loop
      vertex 5.439062044e-02 3.162863478e-02 3.242912516e-02
      vertex 5.264882743e-02 2.748355083e-02 2.436516434e-02
      vertex 5.428871140e-02 3.476796672e-02 3.362371773e-02
    endloop
  endfacet
  facet normal 9.776601195e-01 4.174194485e-02 -2.060057074e-01
    outer loop
      vertex 5.428871140e-02 3.476796672e-02 3.362371773e-02
      vertex 5.264882743e-02 2.748355083e-02 2.436516434e-02
      vertex 5.375725776e-02 3.446700796e-02 3.104056790e-02
    endloop
  endfacet
  facet normal 9.685056210e-01 1.271582544e-01 -2.140740007e-01
    outer loop
      vertex 5.428871140e-02 3.476796672e-02 3.362371773e-02
      vertex 5.375725776e-02 3.446700796e-02 3.104056790e-02
      vertex 5.428450182e-02 3.752183542e-02 3.524044901e-02
    endloop
  endfacet
  facet normal 9.655251503e-01 1.373587847e-01 -2.211192995e-01
    outer loop
      vertex 5.428450182e-02 3.752183542e-02 3.524044901e-02
      vertex 5.375725776e-02 3.446700796e-02 3.104056790e-02
      vertex 5.341442674e-02 4.065791890e-02 3.338936344e-02
    endloop
  endfacet
  facet normal 9.666092396e-01 1.424404532e-01 -2.130195647e-01
    outer loop
      vertex 5.428450182e-02 3.752183542e-02 3.524044901e-02
      vertex 5.341442674e-02 4.065791890e-02 3.338936344e-02
      vertex 5.438879132e-02 4.002160951e-02 3.738521039e-02
    endloop
  endfacet
  facet normal 9.508489966e-01 1.555524915e-01 -2.677491605e-01
    outer loop
      vertex 5.437456816e-02 4.933991656e-02 4.549473897e-02
      vertex 5.540342629e-02 4.565140232e-02 4.700559750e-02
      vertex 5.373666808e-02 5.014422163e-02 4.369665682e-02
    endloop
  endfacet
  facet normal 9.573419690e-01 2.056775838e-01 -2.029608339e-01
    outer loop
      vertex 5.373666808e-02 5.014422163e-02 4.369665682e-02
      vertex 5.540342629e-02 4.565140232e-02 4.700559750e-02
      vertex 5.493231490e-02 4.396648332e-02 4.307594895e-02
    endloop
  endfacet
  facet normal 9.621729255e-01 2.043262273e-01 -1.802054495e-01
    outer loop
      vertex 5.373666808e-02 5.014422163e-02 4.369665682e-02
      vertex 5.493231490e-02 4.396648332e-02 4.307594895e-02
      vertex 5.442770198e-02 4.435272142e-02 4.081960022e-02
    endloop
  endfacet
  facet normal 9.699575305e-01 1.504569501e-01 -1.911676675e-01
    outer loop
      vertex 5.442770198e-02 4.435272142e-02 4.081960022e-02
      vertex 5.493231490e-02 4.396648332e-02 4.307594895e-02
      vertex 5.460721627e-02 4.216773435e-02 4.001075402e-02
    endloop
  endfacet
  facet normal 6.472991705e-01 7.116935253e-01 -2.729396820e-01
    outer loop
      vertex 4.627560079e-02 6.046467647e-02 4.197813943e-02
      vertex 4.891270027e-02 5.825478956e-02 4.246993363e-02
      vertex 4.822831601e-02 5.827179179e-02 4.089119285e-02
    endloop
  endfacet
  facet normal 7.312953472e-01 6.072985530e-01 -3.104763031e-01
    outer loop
      vertex 4.822831601e-02 5.827179179e-02 4.089119285e-02
      vertex 4.891270027e-02 5.825478956e-02 4.246993363e-02
      vertex 4.988603666e-02 5.722598359e-02 4.275016114e-02
    endloop
  endfacet
  facet normal 4.585612565e-03 8.417124152e-01 -5.399066210e-01
    outer loop
      vertex 3.208888695e-02 5.782584473e-02 2.468699217e-02
      vertex 3.294266760e-02 5.648165569e-02 2.259865776e-02
      vertex 3.208795935e-02 5.636027083e-02 2.240215987e-02
    endloop
  endfacet
  facet normal 2.330809645e-02 8.020291328e-01 -5.968299508e-01
    outer loop
      vertex 3.208795935e-02 5.636027083e-02 2.240215987e-02
      vertex 3.294266760e-02 5.648165569e-02 2.259865776e-02
      vertex 3.208733350e-02 5.558605120e-02 2.136172727e-02
    endloop
  endfacet
  facet normal 7.063207030e-02 5.842008591e-01 -8.085298538e-01
    outer loop
      vertex 3.567389026e-02 4.971769080e-02 1.633891277e-02
      vertex 3.208369017e-02 5.193854496e-02 1.762994938e-02
      vertex 3.495695814e-02 5.231850967e-02 1.815549657e-02
    endloop
  endfacet
  facet normal 5.274225399e-02 6.498778462e-01 -7.582064867e-01
    outer loop
      vertex 3.495695814e-02 5.231850967e-02 1.815549657e-02
      vertex 3.208369017e-02 5.193854496e-02 1.762994938e-02
      vertex 3.208459169e-02 5.286739394e-02 1.842615195e-02
    endloop
  endfacet
  facet normal 2.098636925e-01 7.172577977e-01 -6.644535661e-01
    outer loop
      vertex 3.208733350e-02 5.558605120e-02 2.136172727e-02
      vertex 3.294266760e-02 5.648165569e-02 2.259865776e-02
      vertex 3.208459169e-02 5.286739394e-02 1.842615195e-02
    endloop
  endfacet
  facet normal -5.673227087e-02 7.603873014e-01 -6.469873190e-01
    outer loop
      vertex 3.208459169e-02 5.286739394e-02 1.842615195e-02
      vertex 3.294266760e-02 5.648165569e-02 2.259865776e-02
      vertex 3.404299542e-02 5.457260832e-02 2.025851980e-02
    endloop
  endfacet
  facet normal 6.526567787e-02 6.947447062e-01 -7.162891626e-01
    outer loop
      vertex 3.208459169e-02 5.286739394e-02 1.842615195e-02
      vertex 3.404299542e-02 5.457260832e-02 2.025851980e-02
      vertex 3.495695814e-02 5.231850967e-02 1.815549657e-02
    endloop
  endfacet
  facet normal 8.834354579e-02 3.264249563e-01 -9.410856366e-01
    outer loop
      vertex 3.209402785e-02 4.305575415e-02 1.315753069e-02
      vertex 3.208524734e-02 4.611955211e-02 1.421941537e-02
      vertex 3.619371355e-02 4.679779336e-02 1.484034862e-02
    endloop
  endfacet
  facet normal 7.461703569e-02 3.887346685e-01 -9.183232784e-01
    outer loop
      vertex 3.619371355e-02 4.679779336e-02 1.484034862e-02
      vertex 3.208524734e-02 4.611955211e-02 1.421941537e-02
      vertex 3.208450973e-02 4.663359746e-02 1.443695556e-02
    endloop
  endfacet
  facet normal 6.806184351e-02 4.651065767e-01 -8.826344013e-01
    outer loop
      vertex 3.619371355e-02 4.679779336e-02 1.484034862e-02
      vertex 3.208450973e-02 4.663359746e-02 1.443695556e-02
      vertex 3.567389026e-02 4.971769080e-02 1.633891277e-02
    endloop
  endfacet
  facet normal 6.534170359e-02 4.675896466e-01 -8.815273046e-01
    outer loop
      vertex 3.567389026e-02 4.971769080e-02 1.633891277e-02
      vertex 3.208450973e-02 4.663359746e-02 1.443695556e-02
      vertex 3.208274394e-02 4.994320497e-02 1.619234495e-02
    endloop
  endfacet
  facet normal 6.965270638e-02 5.831202269e-01 -8.093944192e-01
    outer loop
      vertex 3.567389026e-02 4.971769080e-02 1.633891277e-02
      vertex 3.208274394e-02 4.994320497e-02 1.619234495e-02
      vertex 3.208369017e-02 5.193854496e-02 1.762994938e-02
    endloop
  endfacet
  facet normal 8.942351341e-01 3.418411314e-01 -2.889431119e-01
    outer loop
      vertex 5.276272446e-02 4.671303555e-02 3.604691103e-02
      vertex 5.161478743e-02 5.238073692e-02 3.919953108e-02
      vertex 5.276181921e-02 5.127617344e-02 4.144264013e-02
    endloop
  endfacet
  facet normal 8.750247359e-01 4.200460613e-01 -2.406096458e-01
    outer loop
      vertex 5.276181921e-02 5.127617344e-02 4.144264013e-02
      vertex 5.161478743e-02 5.238073692e-02 3.919953108e-02
      vertex 5.115680024e-02 5.564206466e-02 4.322745651e-02
    endloop
  endfacet
  facet normal 8.594745994e-01 4.293670654e-01 -2.773937285e-01
    outer loop
      vertex 5.276181921e-02 5.127617344e-02 4.144264013e-02
      vertex 5.115680024e-02 5.564206466e-02 4.322745651e-02
      vertex 5.300610512e-02 5.260683224e-02 4.425920919e-02
    endloop
  endfacet
  facet normal 9.647415876e-01 1.586940438e-01 -2.099758834e-01
    outer loop
      vertex 5.438879132e-02 4.002160951e-02 3.738521039e-02
      vertex 5.341442674e-02 4.065791890e-02 3.338936344e-02
      vertex 5.460721627e-02 4.216773435e-02 4.001075402e-02
    endloop
  endfacet
  facet normal 9.557382464e-01 1.982702911e-01 -2.173782289e-01
    outer loop
      vertex 5.460721627e-02 4.216773435e-02 4.001075402e-02
      vertex 5.341442674e-02 4.065791890e-02 3.338936344e-02
      vertex 5.276272446e-02 4.671303555e-02 3.604691103e-02
    endloop
  endfacet
  facet normal 9.535607100e-01 1.703073233e-01 -2.484298348e-01
    outer loop
      vertex 5.460721627e-02 4.216773435e-02 4.001075402e-02
      vertex 5.276272446e-02 4.671303555e-02 3.604691103e-02
      vertex 5.442770198e-02 4.435272142e-02 4.081960022e-02
    endloop
  endfacet
  facet normal 9.464983940e-01 2.464854121e-01 -2.082925290e-01
    outer loop
      vertex 5.442770198e-02 4.435272142e-02 4.081960022e-02
      vertex 5.276272446e-02 4.671303555e-02 3.604691103e-02
      vertex 5.276181921e-02 5.127617344e-02 4.144264013e-02
    endloop
  endfacet
  facet normal 9.282999039e-01 2.482719123e-01 -2.768037617e-01
    outer loop
      vertex 5.442770198e-02 4.435272142e-02 4.081960022e-02
      vertex 5.276181921e-02 5.127617344e-02 4.144264013e-02
      vertex 5.373666808e-02 5.014422163e-02 4.369665682e-02
    endloop
  endfacet
  facet normal 9.164897203e-01 3.251354098e-01 -2.330955863e-01
    outer loop
      vertex 5.373666808e-02 5.014422163e-02 4.369665682e-02
      vertex 5.276181921e-02 5.127617344e-02 4.144264013e-02
      vertex 5.300610512e-02 5.260683224e-02 4.425920919e-02
    endloop
  endfacet
  facet normal 9.220358133e-01 3.224583566e-01 -2.141740620e-01
    outer loop
      vertex 5.373666808e-02 5.014422163e-02 4.369665682e-02
      vertex 5.300610512e-02 5.260683224e-02 4.425920919e-02
      vertex 5.410902202e-02 5.008133873e-02 4.520499334e-02
    endloop
  endfacet
  facet normal 7.587294579e-01 5.257481337e-01 -3.846017122e-01
    outer loop
      vertex 4.966930300e-02 5.179798231e-02 3.298230842e-02
      vertex 4.710901156e-02 5.530918762e-02 3.273124620e-02
      vertex 4.878149554e-02 5.442374572e-02 3.482027352e-02
    endloop
  endfacet
  facet normal 6.937078834e-01 6.665725112e-01 -2.728562057e-01
    outer loop
      vertex 4.878149554e-02 5.442374572e-02 3.482027352e-02
      vertex 4.710901156e-02 5.530918762e-02 3.273124620e-02
      vertex 4.465471953e-02 5.964013562e-02 3.707173467e-02
    endloop
  endfacet
  facet normal 7.407741547e-01 5.839366317e-01 -3.320717514e-01
    outer loop
      vertex 4.988603666e-02 5.722598359e-02 4.275016114e-02
      vertex 5.028744414e-02 5.343815312e-02 3.698483855e-02
      vertex 4.822831601e-02 5.827179179e-02 4.089119285e-02
    endloop
  endfacet
  facet normal 6.976073980e-01 6.060404181e-01 -3.821766078e-01
    outer loop
      vertex 4.822831601e-02 5.827179179e-02 4.089119285e-02
      vertex 5.028744414e-02 5.343815312e-02 3.698483855e-02
      vertex 4.650753364e-02 5.902003869e-02 3.893669695e-02
    endloop
  endfacet
  facet normal 6.389532685e-01 7.125914693e-01 -2.897448540e-01
    outer loop
      vertex 4.822831601e-02 5.827179179e-02 4.089119285e-02
      vertex 4.650753364e-02 5.902003869e-02 3.893669695e-02
      vertex 4.627560079e-02 6.046467647e-02 4.197813943e-02
    endloop
  endfacet
  facet normal 4.970492721e-01 7.978779674e-01 -3.410758674e-01
    outer loop
      vertex 4.627560079e-02 6.046467647e-02 4.197813943e-02
      vertex 4.650753364e-02 5.902003869e-02 3.893669695e-02
      vertex 4.331327602e-02 6.221733615e-02 4.176114127e-02
    endloop
  endfacet
  facet normal 4.496979415e-01 5.890085101e-01 -6.714467406e-01
    outer loop
      vertex 4.007651657e-02 5.001884326e-02 1.812630892e-02
      vertex 3.931193054e-02 5.274252221e-02 2.000350505e-02
      vertex 4.142519087e-02 5.263565108e-02 2.132510021e-02
    endloop
  endfacet
  facet normal 4.046975970e-01 6.980900168e-01 -5.906692743e-01
    outer loop
      vertex 4.142519087e-02 5.263565108e-02 2.132510021e-02
      vertex 3.931193054e-02 5.274252221e-02 2.000350505e-02
      vertex 3.835039213e-02 5.511572585e-02 2.214950696e-02
    endloop
  endfacet
  facet normal 4.808389544e-01 7.481406331e-01 -4.572521150e-01
    outer loop
      vertex 4.142519087e-02 5.263565108e-02 2.132510021e-02
      vertex 3.835039213e-02 5.511572585e-02 2.214950696e-02
      vertex 4.346946999e-02 5.229386315e-02 2.291560918e-02
    endloop
  endfacet
  facet normal 3.006487340e-02 9.545836449e-01 -2.964222729e-01
    outer loop
      vertex 3.208322823e-02 6.468358636e-02 4.274722189e-02
      vertex 3.543965146e-02 6.294566393e-02 3.749093041e-02
      vertex 3.208801895e-02 6.226284429e-02 3.495208174e-02
    endloop
  endfacet
  facet normal 7.092341781e-02 9.358046651e-01 -3.453106880e-01
    outer loop
      vertex 3.208801895e-02 6.226284429e-02 3.495208174e-02
      vertex 3.543965146e-02 6.294566393e-02 3.749093041e-02
      vertex 3.706898540e-02 6.184239313e-02 3.483568504e-02
    endloop
  endfacet
  facet normal 7.146744430e-02 9.394426942e-01 -3.351713419e-01
    outer loop
      vertex 3.208801895e-02 6.226284429e-02 3.495208174e-02
      vertex 3.706898540e-02 6.184239313e-02 3.483568504e-02
      vertex 3.445649147e-02 6.021052226e-02 2.970470488e-02
    endloop
  endfacet
  facet normal 1.558815390e-01 9.156273007e-01 -3.705773652e-01
    outer loop
      vertex 3.445649147e-02 6.021052226e-02 2.970470488e-02
      vertex 3.706898540e-02 6.184239313e-02 3.483568504e-02
      vertex 3.861773759e-02 6.051665172e-02 3.221150115e-02
    endloop
  endfacet
  facet normal 1.658397615e-01 9.074245095e-01 -3.861061335e-01
    outer loop
      vertex 3.445649147e-02 6.021052226e-02 2.970470488e-02
      vertex 3.861773759e-02 6.051665172e-02 3.221150115e-02
      vertex 3.589912131e-02 5.882081017e-02 2.705824748e-02
    endloop
  endfacet
  facet normal 2.373671681e-01 8.786141872e-01 -4.143596888e-01
    outer loop
      vertex 3.589912131e-02 5.882081017e-02 2.705824748e-02
      vertex 3.861773759e-02 6.051665172e-02 3.221150115e-02
      vertex 4.005754739e-02 5.892516300e-02 2.966168523e-02
    endloop
  endfacet
  facet normal 2.543274164e-01 8.608527780e-01 -4.407380819e-01
    outer loop
      vertex 3.589912131e-02 5.882081017e-02 2.705824748e-02
      vertex 4.005754739e-02 5.892516300e-02 2.966168523e-02
      vertex 3.720574453e-02 5.713513121e-02 2.451975271e-02
    endloop
  endfacet
  facet normal 3.244112134e-01 8.229346275e-01 -4.664075077e-01
    outer loop
      vertex 3.720574453e-02 5.713513121e-02 2.451975271e-02
      vertex 4.005754739e-02 5.892516300e-02 2.966168523e-02
      vertex 4.136132449e-02 5.703483149e-02 2.723320946e-02
    endloop
  endfacet
  facet normal 3.485602140e-01 7.898548841e-01 -5.046137571e-01
    outer loop
      vertex 3.720574453e-02 5.713513121e-02 2.451975271e-02
      vertex 4.136132449e-02 5.703483149e-02 2.723320946e-02
      vertex 3.835039213e-02 5.511572585e-02 2.214950696e-02
    endloop
  endfacet
  facet normal 4.080807567e-01 7.476410270e-01 -5.239303112e-01
    outer loop
      vertex 3.835039213e-02 5.511572585e-02 2.214950696e-02
      vertex 4.136132449e-02 5.703483149e-02 2.723320946e-02
      vertex 4.250502586e-02 5.482565984e-02 2.497156337e-02
    endloop
  endfacet
  facet normal 4.533104897e-01 6.595640779e-01 -5.995705128e-01
    outer loop
      vertex 3.835039213e-02 5.511572585e-02 2.214950696e-02
      vertex 4.250502586e-02 5.482565984e-02 2.497156337e-02
      vertex 4.346946999e-02 5.229386315e-02 2.291560918e-02
    endloop
  endfacet
  facet normal 4.873016849e-02 9.571802020e-01 -2.853620052e-01
    outer loop
      vertex 3.208322823e-02 6.468358636e-02 4.274722189e-02
      vertex 3.660209849e-02 6.426586211e-02 4.211773351e-02
      vertex 3.543965146e-02 6.294566393e-02 3.749093041e-02
    endloop
  endfacet
  facet normal 1.677964628e-01 9.360601902e-01 -3.092501462e-01
    outer loop
      vertex 3.543965146e-02 6.294566393e-02 3.749093041e-02
      vertex 3.660209849e-02 6.426586211e-02 4.211773351e-02
      vertex 3.960657865e-02 6.312517822e-02 4.029523581e-02
    endloop
  endfacet
  facet normal 1.577794105e-01 9.424507618e-01 -2.947748601e-01
    outer loop
      vertex 3.543965146e-02 6.294566393e-02 3.749093041e-02
      vertex 3.960657865e-02 6.312517822e-02 4.029523581e-02
      vertex 3.706898540e-02 6.184239313e-02 3.483568504e-02
    endloop
  endfacet
  facet normal 2.598653436e-01 9.061549902e-01 -3.336961865e-01
    outer loop
      vertex 3.706898540e-02 6.184239313e-02 3.483568504e-02
      vertex 3.960657865e-02 6.312517822e-02 4.029523581e-02
      vertex 4.120378941e-02 6.173714623e-02 3.776985779e-02
    endloop
  endfacet
  facet normal 2.478070110e-01 9.157003760e-01 -3.163613081e-01
    outer loop
      vertex 3.706898540e-02 6.184239313e-02 3.483568504e-02
      vertex 4.120378941e-02 6.173714623e-02 3.776985779e-02
      vertex 3.861773759e-02 6.051665172e-02 3.221150115e-02
    endloop
  endfacet
  facet normal 3.568673730e-01 8.637832999e-01 -3.557023108e-01
    outer loop
      vertex 3.861773759e-02 6.051665172e-02 3.221150115e-02
      vertex 4.120378941e-02 6.173714623e-02 3.776985779e-02
      vertex 4.269913584e-02 6.010904536e-02 3.531644121e-02
    endloop
  endfacet
  facet normal 3.499895930e-01 8.706050515e-01 -3.457660079e-01
    outer loop
      vertex 3.861773759e-02 6.051665172e-02 3.221150115e-02
      vertex 4.269913584e-02 6.010904536e-02 3.531644121e-02
      vertex 4.005754739e-02 5.892516300e-02 2.966168523e-02
    endloop
  endfacet
  facet normal 4.550468028e-01 8.048102260e-01 -3.810680807e-01
    outer loop
      vertex 4.005754739e-02 5.892516300e-02 2.966168523e-02
      vertex 4.269913584e-02 6.010904536e-02 3.531644121e-02
      vertex 4.406893998e-02 5.822136626e-02 3.296542168e-02
    endloop
  endfacet
  facet normal 4.554112852e-01 8.043475747e-01 -3.816092014e-01
    outer loop
      vertex 4.005754739e-02 5.892516300e-02 2.966168523e-02
      vertex 4.406893998e-02 5.822136626e-02 3.296542168e-02
      vertex 4.136132449e-02 5.703483149e-02 2.723320946e-02
    endloop
  endfacet
  facet normal 5.462251306e-01 7.308357358e-01 -4.092887044e-01
    outer loop
      vertex 4.136132449e-02 5.703483149e-02 2.723320946e-02
      vertex 4.406893998e-02 5.822136626e-02 3.296542168e-02
      vertex 4.529298097e-02 5.606379732e-02 3.074638546e-02
    endloop
  endfacet
  facet normal 5.538696647e-01 7.181110382e-01 -4.213608503e-01
    outer loop
      vertex 4.136132449e-02 5.703483149e-02 2.723320946e-02
      vertex 4.529298097e-02 5.606379732e-02 3.074638546e-02
      vertex 4.250502586e-02 5.482565984e-02 2.497156337e-02
    endloop
  endfacet
  facet normal 6.237198114e-01 6.462633610e-01 -4.396786094e-01
    outer loop
      vertex 4.250502586e-02 5.482565984e-02 2.497156337e-02
      vertex 4.529298097e-02 5.606379732e-02 3.074638546e-02
      vertex 4.635524005e-02 5.363623425e-02 2.868512273e-02
    endloop
  endfacet
  facet normal 6.364369988e-01 6.176352501e-01 -4.620331526e-01
    outer loop
      vertex 4.250502586e-02 5.482565984e-02 2.497156337e-02
      vertex 4.635524005e-02 5.363623425e-02 2.868512273e-02
      vertex 4.346946999e-02 5.229386315e-02 2.291560918e-02
    endloop
  endfacet
  facet normal 7.272517681e-01 1.924535334e-01 -6.588371992e-01
    outer loop
      vertex 4.675028101e-02 2.747738175e-02 1.492176112e-02
      vertex 4.546228796e-02 3.275423869e-02 1.504144911e-02
      vertex 4.912908748e-02 3.162265942e-02 1.875846833e-02
    endloop
  endfacet
  facet normal 7.270060778e-01 2.257666439e-01 -6.484532356e-01
    outer loop
      vertex 4.912908748e-02 3.162265942e-02 1.875846833e-02
      vertex 4.546228796e-02 3.275423869e-02 1.504144911e-02
      vertex 4.906755686e-02 3.829978034e-02 2.101420239e-02
    endloop
  endfacet
  facet normal 8.791934252e-01 1.597493589e-01 -4.488864541e-01
    outer loop
      vertex 4.912908748e-02 3.162265942e-02 1.875846833e-02
      vertex 4.906755686e-02 3.829978034e-02 2.101420239e-02
      vertex 5.186908692e-02 3.650828823e-02 2.586375177e-02
    endloop
  endfacet
  facet normal 8.154075146e-01 4.369063377e-01 -3.797676265e-01
    outer loop
      vertex 4.966930300e-02 5.179798231e-02 3.298230842e-02
      vertex 5.039355159e-02 4.898260161e-02 3.129838407e-02
      vertex 4.724465683e-02 5.094998702e-02 2.680071443e-02
    endloop
  endfacet
  facet normal 8.184328079e-01 4.244147241e-01 -3.873497844e-01
    outer loop
      vertex 4.724465683e-02 5.094998702e-02 2.680071443e-02
      vertex 5.039355159e-02 4.898260161e-02 3.129838407e-02
      vertex 4.795585945e-02 4.802870378e-02 2.510260046e-02
    endloop
  endfacet
  facet normal 7.247723937e-01 4.695450366e-01 -5.042147040e-01
    outer loop
      vertex 4.724465683e-02 5.094998702e-02 2.680071443e-02
      vertex 4.795585945e-02 4.802870378e-02 2.510260046e-02
      vertex 4.424210265e-02 4.945484921e-02 2.109242603e-02
    endloop
  endfacet
  facet normal 7.373053432e-01 4.098050594e-01 -5.370666981e-01
    outer loop
      vertex 4.424210265e-02 4.945484921e-02 2.109242603e-02
      vertex 4.795585945e-02 4.802870378e-02 2.510260046e-02
      vertex 4.481880367e-02 4.634627327e-02 1.951216534e-02
    endloop
  endfacet
  facet normal 6.147542000e-01 4.450639188e-01 -6.511492729e-01
    outer loop
      vertex 4.424210265e-02 4.945484921e-02 2.109242603e-02
      vertex 4.481880367e-02 4.634627327e-02 1.951216534e-02
      vertex 4.277663305e-02 4.676837847e-02 1.787265018e-02
    endloop
  endfacet
  facet normal 2.665294409e-01 5.965648890e-01 -7.570154667e-01
    outer loop
      vertex 4.007651657e-02 5.001884326e-02 1.812630892e-02
      vertex 3.567389026e-02 4.971769080e-02 1.633891277e-02
      vertex 3.931193054e-02 5.274252221e-02 2.000350505e-02
    endloop
  endfacet
  facet normal 2.622474134e-01 6.001205444e-01 -7.556993961e-01
    outer loop
      vertex 3.931193054e-02 5.274252221e-02 2.000350505e-02
      vertex 3.567389026e-02 4.971769080e-02 1.633891277e-02
      vertex 3.495695814e-02 5.231850967e-02 1.815549657e-02
    endloop
  endfacet
  facet normal 2.192984223e-01 7.017707229e-01 -6.778097153e-01
    outer loop
      vertex 3.931193054e-02 5.274252221e-02 2.000350505e-02
      vertex 3.495695814e-02 5.231850967e-02 1.815549657e-02
      vertex 3.835039213e-02 5.511572585e-02 2.214950696e-02
    endloop
  endfacet
  facet normal 2.056344002e-01 7.108800411e-01 -6.725801229e-01
    outer loop
      vertex 3.835039213e-02 5.511572585e-02 2.214950696e-02
      vertex 3.495695814e-02 5.231850967e-02 1.815549657e-02
      vertex 3.404299542e-02 5.457260832e-02 2.025851980e-02
    endloop
  endfacet
  facet normal 1.612651646e-01 7.883199453e-01 -5.937551856e-01
    outer loop
      vertex 3.835039213e-02 5.511572585e-02 2.214950696e-02
      vertex 3.404299542e-02 5.457260832e-02 2.025851980e-02
      vertex 3.720574453e-02 5.713513121e-02 2.451975271e-02
    endloop
  endfacet
  facet normal 1.412386000e-01 7.985908985e-01 -5.850676894e-01
    outer loop
      vertex 3.720574453e-02 5.713513121e-02 2.451975271e-02
      vertex 3.404299542e-02 5.457260832e-02 2.025851980e-02
      vertex 3.294266760e-02 5.648165569e-02 2.259865776e-02
    endloop
  endfacet
  facet normal 1.009360924e-01 8.519595861e-01 -5.137867332e-01
    outer loop
      vertex 3.720574453e-02 5.713513121e-02 2.451975271e-02
      vertex 3.294266760e-02 5.648165569e-02 2.259865776e-02
      vertex 3.589912131e-02 5.882081017e-02 2.705824748e-02
    endloop
  endfacet
  facet normal 9.496637434e-02 8.542883992e-01 -5.110506415e-01
    outer loop
      vertex 3.589912131e-02 5.882081017e-02 2.705824748e-02
      vertex 3.294266760e-02 5.648165569e-02 2.259865776e-02
      vertex 3.208888695e-02 5.782584473e-02 2.468699217e-02
    endloop
  endfacet
  facet normal 4.384670407e-02 8.941419721e-01 -4.456317127e-01
    outer loop
      vertex 3.589912131e-02 5.882081017e-02 2.705824748e-02
      vertex 3.208888695e-02 5.782584473e-02 2.468699217e-02
      vertex 3.445649147e-02 6.021052226e-02 2.970470488e-02
    endloop
  endfacet
  facet normal 4.052894935e-02 8.948984146e-01 -4.444257319e-01
    outer loop
      vertex 3.445649147e-02 6.021052226e-02 2.970470488e-02
      vertex 3.208888695e-02 5.782584473e-02 2.468699217e-02
      vertex 3.208933771e-02 6.018073484e-02 2.942885458e-02
    endloop
  endfacet
  facet normal 2.931774408e-02 9.353207946e-01 -3.525840044e-01
    outer loop
      vertex 3.445649147e-02 6.021052226e-02 2.970470488e-02
      vertex 3.208933771e-02 6.018073484e-02 2.942885458e-02
      vertex 3.208801895e-02 6.226284429e-02 3.495208174e-02
    endloop
  endfacet
  facet normal 1.849639863e-01 9.408339262e-01 -2.839364111e-01
    outer loop
      vertex 3.660209849e-02 6.426586211e-02 4.211773351e-02
      vertex 4.001902789e-02 6.350332499e-02 4.181692004e-02
      vertex 3.960657865e-02 6.312517822e-02 4.029523581e-02
    endloop
  endfacet
  facet normal 2.957294881e-01 9.052349925e-01 -3.051126301e-01
    outer loop
      vertex 3.960657865e-02 6.312517822e-02 4.029523581e-02
      vertex 4.001902789e-02 6.350332499e-02 4.181692004e-02
      vertex 4.151375592e-02 6.299532950e-02 4.175851494e-02
    endloop
  endfacet
  facet normal 2.979381382e-01 9.034812450e-01 -3.081469238e-01
    outer loop
      vertex 3.960657865e-02 6.312517822e-02 4.029523581e-02
      vertex 4.151375592e-02 6.299532950e-02 4.175851494e-02
      vertex 4.120378941e-02 6.173714623e-02 3.776985779e-02
    endloop
  endfacet
  facet normal 3.419668078e-01 8.882330060e-01 -3.067585826e-01
    outer loop
      vertex 4.120378941e-02 6.173714623e-02 3.776985779e-02
      vertex 4.151375592e-02 6.299532950e-02 4.175851494e-02
      vertex 4.190127179e-02 6.284387410e-02 4.175196216e-02
    endloop
  endfacet
  facet normal 4.193157256e-01 8.530777693e-01 -3.105360866e-01
    outer loop
      vertex 4.120378941e-02 6.173714623e-02 3.776985779e-02
      vertex 4.190127179e-02 6.284387410e-02 4.175196216e-02
      vertex 4.269913584e-02 6.010904536e-02 3.531644121e-02
    endloop
  endfacet
  facet normal 4.660046995e-01 8.336291313e-01 -2.964828312e-01
    outer loop
      vertex 4.269913584e-02 6.010904536e-02 3.531644121e-02
      vertex 4.190127179e-02 6.284387410e-02 4.175196216e-02
      vertex 4.465471953e-02 5.964013562e-02 3.707173467e-02
    endloop
  endfacet
  facet normal 5.005559325e-01 7.937105894e-01 -3.456403911e-01
    outer loop
      vertex 4.269913584e-02 6.010904536e-02 3.531644121e-02
      vertex 4.465471953e-02 5.964013562e-02 3.707173467e-02
      vertex 4.406893998e-02 5.822136626e-02 3.296542168e-02
    endloop
  endfacet
  facet normal 6.393401623e-01 6.940342784e-01 -3.309993446e-01
    outer loop
      vertex 4.406893998e-02 5.822136626e-02 3.296542168e-02
      vertex 4.465471953e-02 5.964013562e-02 3.707173467e-02
      vertex 4.710901156e-02 5.530918762e-02 3.273124620e-02
    endloop
  endfacet
  facet normal 6.416992545e-01 6.958198547e-01 -3.225783408e-01
    outer loop
      vertex 4.406893998e-02 5.822136626e-02 3.296542168e-02
      vertex 4.710901156e-02 5.530918762e-02 3.273124620e-02
      vertex 4.529298097e-02 5.606379732e-02 3.074638546e-02
    endloop
  endfacet
  facet normal 7.263804674e-01 4.956123829e-01 -4.761720300e-01
    outer loop
      vertex 4.529298097e-02 5.606379732e-02 3.074638546e-02
      vertex 4.710901156e-02 5.530918762e-02 3.273124620e-02
      vertex 4.966930300e-02 5.179798231e-02 3.298230842e-02
    endloop
  endfacet
  facet normal 7.400904298e-01 5.930731893e-01 -3.170652688e-01
    outer loop
      vertex 4.529298097e-02 5.606379732e-02 3.074638546e-02
      vertex 4.966930300e-02 5.179798231e-02 3.298230842e-02
      vertex 4.635524005e-02 5.363623425e-02 2.868512273e-02
    endloop
  endfacet
  facet normal 7.704877853e-01 5.168496966e-01 -3.731151521e-01
    outer loop
      vertex 4.635524005e-02 5.363623425e-02 2.868512273e-02
      vertex 4.966930300e-02 5.179798231e-02 3.298230842e-02
      vertex 4.724465683e-02 5.094998702e-02 2.680071443e-02
    endloop
  endfacet
  facet normal 6.835801005e-01 5.571140051e-01 -4.715317488e-01
    outer loop
      vertex 4.635524005e-02 5.363623425e-02 2.868512273e-02
      vertex 4.724465683e-02 5.094998702e-02 2.680071443e-02
      vertex 4.346946999e-02 5.229386315e-02 2.291560918e-02
    endloop
  endfacet
  facet normal 6.978664994e-01 5.117316246e-01 -5.011118650e-01
    outer loop
      vertex 4.346946999e-02 5.229386315e-02 2.291560918e-02
      vertex 4.724465683e-02 5.094998702e-02 2.680071443e-02
      vertex 4.424210265e-02 4.945484921e-02 2.109242603e-02
    endloop
  endfacet
  facet normal 5.686633587e-01 5.484510064e-01 -6.130444407e-01
    outer loop
      vertex 4.346946999e-02 5.229386315e-02 2.291560918e-02
      vertex 4.424210265e-02 4.945484921e-02 2.109242603e-02
      vertex 4.142519087e-02 5.263565108e-02 2.132510021e-02
    endloop
  endfacet
  facet normal 5.288968086e-01 5.175892115e-01 -6.725842357e-01
    outer loop
      vertex 4.142519087e-02 5.263565108e-02 2.132510021e-02
      vertex 4.424210265e-02 4.945484921e-02 2.109242603e-02
      vertex 4.277663305e-02 4.676837847e-02 1.787265018e-02
    endloop
  endfacet
  facet normal 5.560219884e-01 5.129187107e-01 -6.540290117e-01
    outer loop
      vertex 4.142519087e-02 5.263565108e-02 2.132510021e-02
      vertex 4.277663305e-02 4.676837847e-02 1.787265018e-02
      vertex 4.007651657e-02 5.001884326e-02 1.812630892e-02
    endloop
  endfacet
  facet normal 4.986248314e-01 4.709885716e-01 -7.276970744e-01
    outer loop
      vertex 4.007651657e-02 5.001884326e-02 1.812630892e-02
      vertex 4.277663305e-02 4.676837847e-02 1.787265018e-02
      vertex 4.064010084e-02 4.697732255e-02 1.654391363e-02
    endloop
  endfacet
  facet normal 3.006969392e-01 4.834350944e-01 -8.221142888e-01
    outer loop
      vertex 4.007651657e-02 5.001884326e-02 1.812630892e-02
      vertex 4.064010084e-02 4.697732255e-02 1.654391363e-02
      vertex 3.567389026e-02 4.971769080e-02 1.633891277e-02
    endloop
  endfacet
  facet normal 3.433199823e-01 5.661157370e-01 -7.494293451e-01
    outer loop
      vertex 3.567389026e-02 4.971769080e-02 1.633891277e-02
      vertex 4.064010084e-02 4.697732255e-02 1.654391363e-02
      vertex 3.843796253e-02 4.698015377e-02 1.553723309e-02
    endloop
  endfacet
  facet normal 2.252216190e-01 4.763081968e-01 -8.499445319e-01
    outer loop
      vertex 3.567389026e-02 4.971769080e-02 1.633891277e-02
      vertex 3.843796253e-02 4.698015377e-02 1.553723309e-02
      vertex 3.619371355e-02 4.679779336e-02 1.484034862e-02
    endloop
  endfacet
  facet normal 5.116684735e-02 1.355012059e-01 -9.894551039e-01
    outer loop
      vertex 3.337922692e-02 3.364246711e-02 1.152032148e-02
      vertex 3.236742690e-02 3.841012344e-02 1.212090719e-02
      vertex 3.677758202e-02 3.364002332e-02 1.169572305e-02
    endloop
  endfacet
  facet normal 8.126674592e-02 1.627820283e-01 -9.833095670e-01
    outer loop
      vertex 3.677758202e-02 3.364002332e-02 1.169572305e-02
      vertex 3.236742690e-02 3.841012344e-02 1.212090719e-02
      vertex 3.671034425e-02 4.029708728e-02 1.279221009e-02
    endloop
  endfacet
  facet normal 1.652362496e-01 1.619111300e-01 -9.728729725e-01
    outer loop
      vertex 3.677758202e-02 3.364002332e-02 1.169572305e-02
      vertex 3.671034425e-02 4.029708728e-02 1.279221009e-02
      vertex 3.903825209e-02 3.357158229e-02 1.206829306e-02
    endloop
  endfacet
  facet normal 2.319854796e-01 1.831263900e-01 -9.553258419e-01
    outer loop
      vertex 3.903825209e-02 3.357158229e-02 1.206829306e-02
      vertex 3.671034425e-02 4.029708728e-02 1.279221009e-02
      vertex 3.898321092e-02 4.034237191e-02 1.335281972e-02
    endloop
  endfacet
  facet normal 2.895525694e-01 1.806782037e-01 -9.399546385e-01
    outer loop
      vertex 3.903825209e-02 3.357158229e-02 1.206829306e-02
      vertex 3.898321092e-02 4.034237191e-02 1.335281972e-02
      vertex 4.125721753e-02 3.340968117e-02 1.272072364e-02
    endloop
  endfacet
  facet normal 3.663192987e-01 2.029529661e-01 -9.080860615e-01
    outer loop
      vertex 4.125721753e-02 3.340968117e-02 1.272072364e-02
      vertex 3.898321092e-02 4.034237191e-02 1.335281972e-02
      vertex 4.121178016e-02 4.025263712e-02 1.423176285e-02
    endloop
  endfacet
  facet normal 4.272332489e-01 1.976571977e-01 -8.822717071e-01
    outer loop
      vertex 4.125721753e-02 3.340968117e-02 1.272072364e-02
      vertex 4.121178016e-02 4.025263712e-02 1.423176285e-02
      vertex 4.340906814e-02 3.314067051e-02 1.370247360e-02
    endloop
  endfacet
  facet normal 4.986671805e-01 2.165300548e-01 -8.393126726e-01
    outer loop
      vertex 4.340906814e-02 3.314067051e-02 1.370247360e-02
      vertex 4.121178016e-02 4.025263712e-02 1.423176285e-02
      vertex 4.336862639e-02 4.000901803e-02 1.545037609e-02
    endloop
  endfacet
  facet normal 5.614529252e-01 2.071882337e-01 -8.011514544e-01
    outer loop
      vertex 4.340906814e-02 3.314067051e-02 1.370247360e-02
      vertex 4.336862639e-02 4.000901803e-02 1.545037609e-02
      vertex 4.546228796e-02 3.275423869e-02 1.504144911e-02
    endloop
  endfacet
  facet normal 6.166036129e-01 2.205451429e-01 -7.557511926e-01
    outer loop
      vertex 4.546228796e-02 3.275423869e-02 1.504144911e-02
      vertex 4.336862639e-02 4.000901803e-02 1.545037609e-02
      vertex 4.542085901e-02 3.960041329e-02 1.700551622e-02
    endloop
  endfacet
  facet normal 7.560790777e-01 1.847038269e-01 -6.278765202e-01
    outer loop
      vertex 4.546228796e-02 3.275423869e-02 1.504144911e-02
      vertex 4.542085901e-02 3.960041329e-02 1.700551622e-02
      vertex 4.906755686e-02 3.829978034e-02 2.101420239e-02
    endloop
  endfacet
  facet normal 7.524957061e-01 2.950168550e-01 -5.888252854e-01
    outer loop
      vertex 4.906755686e-02 3.829978034e-02 2.101420239e-02
      vertex 4.542085901e-02 3.960041329e-02 1.700551622e-02
      vertex 4.848991334e-02 4.490950331e-02 2.358764037e-02
    endloop
  endfacet
  facet normal 8.764137626e-01 2.392961979e-01 -4.178949893e-01
    outer loop
      vertex 4.906755686e-02 3.829978034e-02 2.101420239e-02
      vertex 4.848991334e-02 4.490950331e-02 2.358764037e-02
      vertex 5.186908692e-02 3.650828823e-02 2.586375177e-02
    endloop
  endfacet
  facet normal 8.716512322e-01 2.339087576e-01 -4.307096303e-01
    outer loop
      vertex 5.186908692e-02 3.650828823e-02 2.586375177e-02
      vertex 4.848991334e-02 4.490950331e-02 2.358764037e-02
      vertex 5.138761178e-02 4.290885851e-02 2.836536989e-02
    endloop
  endfacet
  facet normal 8.683832884e-01 1.194377989e-01 -4.812951982e-01
    outer loop
      vertex 4.886765778e-02 2.747660689e-02 1.725789905e-02
      vertex 4.912908748e-02 3.162265942e-02 1.875846833e-02
      vertex 5.196451396e-02 3.009520285e-02 2.349527180e-02
    endloop
  endfacet
  facet normal 8.684179187e-01 1.830998808e-01 -4.607870579e-01
    outer loop
      vertex 5.196451396e-02 3.009520285e-02 2.349527180e-02
      vertex 4.912908748e-02 3.162265942e-02 1.875846833e-02
      vertex 5.186908692e-02 3.650828823e-02 2.586375177e-02
    endloop
  endfacet
  facet normal 9.469533563e-01 1.236434504e-01 -2.966338396e-01
    outer loop
      vertex 5.196451396e-02 3.009520285e-02 2.349527180e-02
      vertex 5.186908692e-02 3.650828823e-02 2.586375177e-02
      vertex 5.375725776e-02 3.446700796e-02 3.104056790e-02
    endloop
  endfacet
  facet normal 9.449540377e-01 1.783103347e-01 -2.743487954e-01
    outer loop
      vertex 5.375725776e-02 3.446700796e-02 3.104056790e-02
      vertex 5.186908692e-02 3.650828823e-02 2.586375177e-02
      vertex 5.138761178e-02 4.290885851e-02 2.836536989e-02
    endloop
  endfacet
  facet normal 9.380432367e-01 1.671139300e-01 -3.035586476e-01
    outer loop
      vertex 5.375725776e-02 3.446700796e-02 3.104056790e-02
      vertex 5.138761178e-02 4.290885851e-02 2.836536989e-02
      vertex 5.341442674e-02 4.065791890e-02 3.338936344e-02
    endloop
  endfacet
  facet normal 9.333584309e-01 2.351707369e-01 -2.711766362e-01
    outer loop
      vertex 5.341442674e-02 4.065791890e-02 3.338936344e-02
      vertex 5.138761178e-02 4.290885851e-02 2.836536989e-02
      vertex 5.167549476e-02 4.786975309e-02 3.365843371e-02
    endloop
  endfacet
  facet normal 9.226189256e-01 2.339064032e-01 -3.066954315e-01
    outer loop
      vertex 5.341442674e-02 4.065791890e-02 3.338936344e-02
      vertex 5.167549476e-02 4.786975309e-02 3.365843371e-02
      vertex 5.276272446e-02 4.671303555e-02 3.604691103e-02
    endloop
  endfacet
  facet normal 9.014071822e-01 3.643903136e-01 -2.338477373e-01
    outer loop
      vertex 5.276272446e-02 4.671303555e-02 3.604691103e-02
      vertex 5.167549476e-02 4.786975309e-02 3.365843371e-02
      vertex 5.028744414e-02 5.343815312e-02 3.698483855e-02
    endloop
  endfacet
  facet normal 8.648222685e-01 3.662130535e-01 -3.434681892e-01
    outer loop
      vertex 5.276272446e-02 4.671303555e-02 3.604691103e-02
      vertex 5.028744414e-02 5.343815312e-02 3.698483855e-02
      vertex 5.161478743e-02 5.238073692e-02 3.919953108e-02
    endloop
  endfacet
  facet normal 8.308252692e-01 4.899158180e-01 -2.640300691e-01
    outer loop
      vertex 5.161478743e-02 5.238073692e-02 3.919953108e-02
      vertex 5.028744414e-02 5.343815312e-02 3.698483855e-02
      vertex 4.988603666e-02 5.722598359e-02 4.275016114e-02
    endloop
  endfacet
  facet normal 7.813919187e-01 5.254687071e-01 -3.366145194e-01
    outer loop
      vertex 5.161478743e-02 5.238073692e-02 3.919953108e-02
      vertex 4.988603666e-02 5.722598359e-02 4.275016114e-02
      vertex 5.115680024e-02 5.564206466e-02 4.322745651e-02
    endloop
  endfacet
  facet normal 7.099883258e-02 2.467938960e-01 -9.664636254e-01
    outer loop
      vertex 3.211615607e-02 4.081135616e-02 1.258603204e-02
      vertex 3.209402785e-02 4.305575415e-02 1.315753069e-02
      vertex 3.671034425e-02 4.029708728e-02 1.279221009e-02
    endloop
  endfacet
  facet normal 1.083583385e-01 3.065564632e-01 -9.456646442e-01
    outer loop
      vertex 3.671034425e-02 4.029708728e-02 1.279221009e-02
      vertex 3.209402785e-02 4.305575415e-02 1.315753069e-02
      vertex 3.619371355e-02 4.679779336e-02 1.484034862e-02
    endloop
  endfacet
  facet normal 2.219477147e-01 3.090095818e-01 -9.247984886e-01
    outer loop
      vertex 3.671034425e-02 4.029708728e-02 1.279221009e-02
      vertex 3.619371355e-02 4.679779336e-02 1.484034862e-02
      vertex 3.898321092e-02 4.034237191e-02 1.335281972e-02
    endloop
  endfacet
  facet normal 2.569574714e-01 3.210796416e-01 -9.115266204e-01
    outer loop
      vertex 3.898321092e-02 4.034237191e-02 1.335281972e-02
      vertex 3.619371355e-02 4.679779336e-02 1.484034862e-02
      vertex 3.843796253e-02 4.698015377e-02 1.553723309e-02
    endloop
  endfacet
  facet normal 3.588807881e-01 3.182395399e-01 -8.774555326e-01
    outer loop
      vertex 3.898321092e-02 4.034237191e-02 1.335281972e-02
      vertex 3.843796253e-02 4.698015377e-02 1.553723309e-02
      vertex 4.121178016e-02 4.025263712e-02 1.423176285e-02
    endloop
  endfacet
  facet normal 3.930053413e-01 3.286864758e-01 -8.587852120e-01
    outer loop
      vertex 4.121178016e-02 4.025263712e-02 1.423176285e-02
      vertex 3.843796253e-02 4.698015377e-02 1.553723309e-02
      vertex 4.064010084e-02 4.697732255e-02 1.654391363e-02
    endloop
  endfacet
  facet normal 4.931830466e-01 3.200542629e-01 -8.089101911e-01
    outer loop
      vertex 4.121178016e-02 4.025263712e-02 1.423176285e-02
      vertex 4.064010084e-02 4.697732255e-02 1.654391363e-02
      vertex 4.336862639e-02 4.000901803e-02 1.545037609e-02
    endloop
  endfacet
  facet normal 5.218292475e-01 3.279122710e-01 -7.875072956e-01
    outer loop
      vertex 4.336862639e-02 4.000901803e-02 1.545037609e-02
      vertex 4.064010084e-02 4.697732255e-02 1.654391363e-02
      vertex 4.277663305e-02 4.676837847e-02 1.787265018e-02
    endloop
  endfacet
  facet normal 6.123621464e-01 3.136855662e-01 -7.256817222e-01
    outer loop
      vertex 4.336862639e-02 4.000901803e-02 1.545037609e-02
      vertex 4.277663305e-02 4.676837847e-02 1.787265018e-02
      vertex 4.542085901e-02 3.960041329e-02 1.700551622e-02
    endloop
  endfacet
  facet normal 6.325750351e-01 3.187451065e-01 -7.058685422e-01
    outer loop
      vertex 4.542085901e-02 3.960041329e-02 1.700551622e-02
      vertex 4.277663305e-02 4.676837847e-02 1.787265018e-02
      vertex 4.481880367e-02 4.634627327e-02 1.951216534e-02
    endloop
  endfacet
  facet normal 7.599987388e-01 2.848913074e-01 -5.841565728e-01
    outer loop
      vertex 4.542085901e-02 3.960041329e-02 1.700551622e-02
      vertex 4.481880367e-02 4.634627327e-02 1.951216534e-02
      vertex 4.848991334e-02 4.490950331e-02 2.358764037e-02
    endloop
  endfacet
  facet normal 7.484809160e-01 3.890036643e-01 -5.370777249e-01
    outer loop
      vertex 4.848991334e-02 4.490950331e-02 2.358764037e-02
      vertex 4.481880367e-02 4.634627327e-02 1.951216534e-02
      vertex 4.795585945e-02 4.802870378e-02 2.510260046e-02
    endloop
  endfacet
  facet normal 8.615158200e-01 3.334624469e-01 -3.828749955e-01
    outer loop
      vertex 4.848991334e-02 4.490950331e-02 2.358764037e-02
      vertex 4.795585945e-02 4.802870378e-02 2.510260046e-02
      vertex 5.138761178e-02 4.290885851e-02 2.836536989e-02
    endloop
  endfacet
  facet normal 8.604978919e-01 3.287658989e-01 -3.891740143e-01
    outer loop
      vertex 5.138761178e-02 4.290885851e-02 2.836536989e-02
      vertex 4.795585945e-02 4.802870378e-02 2.510260046e-02
      vertex 5.039355159e-02 4.898260161e-02 3.129838407e-02
    endloop
  endfacet
  facet normal 8.892968297e-01 3.085539937e-01 -3.375582397e-01
    outer loop
      vertex 5.138761178e-02 4.290885851e-02 2.836536989e-02
      vertex 5.039355159e-02 4.898260161e-02 3.129838407e-02
      vertex 5.167549476e-02 4.786975309e-02 3.365843371e-02
    endloop
  endfacet
  facet normal 8.722171187e-01 3.960488737e-01 -2.870237827e-01
    outer loop
      vertex 5.167549476e-02 4.786975309e-02 3.365843371e-02
      vertex 5.039355159e-02 4.898260161e-02 3.129838407e-02
      vertex 4.966930300e-02 5.179798231e-02 3.298230842e-02
    endloop
  endfacet
  facet normal 8.704053760e-01 3.936259747e-01 -2.957247496e-01
    outer loop
      vertex 5.167549476e-02 4.786975309e-02 3.365843371e-02
      vertex 4.966930300e-02 5.179798231e-02 3.298230842e-02
      vertex 5.028744414e-02 5.343815312e-02 3.698483855e-02
    endloop
  endfacet
  facet normal 8.005719185e-01 5.009073019e-01 -3.289019465e-01
    outer loop
      vertex 5.028744414e-02 5.343815312e-02 3.698483855e-02
      vertex 4.966930300e-02 5.179798231e-02 3.298230842e-02
      vertex 4.878149554e-02 5.442374572e-02 3.482027352e-02
    endloop
  endfacet
  facet normal 7.576276064e-01 6.015792489e-01 -2.531853616e-01
    outer loop
      vertex 5.028744414e-02 5.343815312e-02 3.698483855e-02
      vertex 4.878149554e-02 5.442374572e-02 3.482027352e-02
      vertex 4.650753364e-02 5.902003869e-02 3.893669695e-02
    endloop
  endfacet
  facet normal 6.266999841e-01 6.685753465e-01 -4.003175199e-01
    outer loop
      vertex 4.650753364e-02 5.902003869e-02 3.893669695e-02
      vertex 4.878149554e-02 5.442374572e-02 3.482027352e-02
      vertex 4.465471953e-02 5.964013562e-02 3.707173467e-02
    endloop
  endfacet
  facet normal 5.450958014e-01 7.907176018e-01 -2.786328197e-01
    outer loop
      vertex 4.650753364e-02 5.902003869e-02 3.893669695e-02
      vertex 4.465471953e-02 5.964013562e-02 3.707173467e-02
      vertex 4.331327602e-02 6.221733615e-02 4.176114127e-02
    endloop
  endfacet
  facet normal 3.804264367e-01 8.520909548e-01 -3.594673574e-01
    outer loop
      vertex 4.331327602e-02 6.221733615e-02 4.176114127e-02
      vertex 4.465471953e-02 5.964013562e-02 3.707173467e-02
      vertex 4.190127179e-02 6.284387410e-02 4.175196216e-02
    endloop
  endfacet
  facet normal 5.855045915e-01 -6.581282020e-01 -4.733408988e-01
    outer loop
      vertex 4.635522515e-02 -5.346933380e-02 2.868515626e-02
      vertex 4.529296234e-02 -5.589688197e-02 3.074641526e-02
      vertex 4.136130586e-02 -5.686793104e-02 2.723324299e-02
    endloop
  endfacet
  facet normal 5.041636229e-01 -7.915096879e-01 -3.454437852e-01
    outer loop
      vertex 4.136130586e-02 -5.686793104e-02 2.723324299e-02
      vertex 4.529296234e-02 -5.589688197e-02 3.074641526e-02
      vertex 4.005753249e-02 -5.875826254e-02 2.966171503e-02
    endloop
  endfacet
  facet normal 6.645483375e-01 -6.070209146e-01 -4.357764125e-01
    outer loop
      vertex 4.250501096e-02 -5.465877429e-02 2.497160062e-02
      vertex 4.346945137e-02 -5.212697759e-02 2.291564643e-02
      vertex 4.724464193e-02 -5.078310147e-02 2.680074796e-02
    endloop
  endfacet
  facet normal 3.615088761e-01 -2.860628366e-01 -8.874003291e-01
    outer loop
      vertex 3.898320720e-02 -4.017553106e-02 1.335284207e-02
      vertex 4.121177644e-02 -4.008579627e-02 1.423178893e-02
      vertex 4.101087153e-02 -4.351884499e-02 1.525662374e-02
    endloop
  endfacet
  facet normal 5.616036654e-01 -2.313063592e-01 -7.944172025e-01
    outer loop
      vertex 4.340907186e-02 -3.297385946e-02 1.370249968e-02
      vertex 4.546229169e-02 -3.258741274e-02 1.504147891e-02
      vertex 4.542085528e-02 -3.943357244e-02 1.700554788e-02
    endloop
  endfacet
  facet normal 9.701318145e-01 -1.494750530e-01 -1.910534650e-01
    outer loop
      vertex 5.492954329e-02 -4.379091039e-02 4.305890575e-02
      vertex 5.442769825e-02 -4.418585077e-02 4.081962630e-02
      vertex 5.460432172e-02 -4.199439660e-02 4.000195116e-02
    endloop
  endfacet
  facet normal 9.230099916e-01 -3.193644881e-01 -2.146133184e-01
    outer loop
      vertex 5.410899222e-02 -4.991427436e-02 4.520420730e-02
      vertex 5.307139456e-02 -5.230963603e-02 4.430622235e-02
      vertex 5.373666063e-02 -4.997730628e-02 4.369667917e-02
    endloop
  endfacet
  facet normal 7.557994723e-01 -1.809064001e-01 -6.293171048e-01
    outer loop
      vertex 4.784476012e-02 -2.731016465e-02 1.602432132e-02
      vertex 4.881630838e-02 -2.730980702e-02 1.719103195e-02
      vertex 4.912908748e-02 -3.145581856e-02 1.875850558e-02
    endloop
  endfacet
  facet normal 9.641835093e-01 -1.004370376e-01 -2.454843521e-01
    outer loop
      vertex 5.375725403e-02 -3.430015221e-02 3.104060143e-02
      vertex 5.319120735e-02 -2.731055208e-02 2.595764026e-02
      vertex 5.461652577e-02 -2.730998583e-02 3.155560046e-02
    endloop
  endfacet
  facet normal 3.585163355e-01 -1.750621498e-01 -9.169619679e-01
    outer loop
      vertex 4.190126434e-02 -2.731225081e-02 1.203208510e-02
      vertex 4.302371666e-02 -2.730956860e-02 1.247043256e-02
      vertex 4.340907186e-02 -3.297385946e-02 1.370249968e-02
    endloop
  endfacet
  facet normal 4.959865510e-01 -1.522072852e-01 -8.548861146e-01
    outer loop
      vertex 4.340907186e-02 -3.297385946e-02 1.370249968e-02
      vertex 4.302371666e-02 -2.730956860e-02 1.247043256e-02
      vertex 4.555161297e-02 -2.731007524e-02 1.393715385e-02
    endloop
  endfacet
  facet normal 5.608296990e-01 -1.786616296e-01 -8.084244132e-01
    outer loop
      vertex 4.340907186e-02 -3.297385946e-02 1.370249968e-02
      vertex 4.555161297e-02 -2.731007524e-02 1.393715385e-02
      vertex 4.546229169e-02 -3.258741274e-02 1.504147891e-02
    endloop
  endfacet
  facet normal 6.640056968e-01 -1.639013290e-01 -7.295428514e-01
    outer loop
      vertex 4.546229169e-02 -3.258741274e-02 1.504147891e-02
      vertex 4.555161297e-02 -2.731007524e-02 1.393715385e-02
      vertex 4.784476012e-02 -2.731016465e-02 1.602432132e-02
    endloop
  endfacet
  facet normal 4.275465012e-02 -9.503055364e-02 -9.945557714e-01
    outer loop
      vertex 3.677758202e-02 -3.347319737e-02 1.169573609e-02
      vertex 3.296294063e-02 -3.513548151e-02 1.169058215e-02
      vertex 3.435887769e-02 -3.009617515e-02 1.126908232e-02
    endloop
  endfacet
  facet normal 6.611057371e-02 -5.835504532e-01 -8.093814254e-01
    outer loop
      vertex 3.495694324e-02 -5.215162411e-02 1.815553568e-02
      vertex 3.208549321e-02 -4.961800948e-02 1.609430090e-02
      vertex 3.567387536e-02 -4.955080524e-02 1.633894816e-02
    endloop
  endfacet
  facet normal 6.833948195e-02 -4.943334460e-01 -8.665818572e-01
    outer loop
      vertex 3.567387536e-02 -4.955080524e-02 1.633894816e-02
      vertex 3.208549321e-02 -4.961800948e-02 1.609430090e-02
      vertex 3.208501637e-02 -4.793522134e-02 1.513433177e-02
    endloop
  endfacet
  facet normal 8.524913341e-02 -4.669128656e-01 -8.801846504e-01
    outer loop
      vertex 3.567387536e-02 -4.955080524e-02 1.633894816e-02
      vertex 3.208501637e-02 -4.793522134e-02 1.513433177e-02
      vertex 3.619370610e-02 -4.663092270e-02 1.484038029e-02
    endloop
  endfacet
  facet normal 7.044807822e-02 -4.252760112e-01 -9.023177624e-01
    outer loop
      vertex 3.619370610e-02 -4.663092270e-02 1.484038029e-02
      vertex 3.208501637e-02 -4.793522134e-02 1.513433177e-02
      vertex 3.208485991e-02 -4.629999772e-02 1.436361391e-02
    endloop
  endfacet
  facet normal 7.973539084e-02 -3.530273139e-01 -9.322091937e-01
    outer loop
      vertex 3.619370610e-02 -4.663092270e-02 1.484038029e-02
      vertex 3.208485991e-02 -4.629999772e-02 1.436361391e-02
      vertex 3.652955219e-02 -4.345545545e-02 1.366655808e-02
    endloop
  endfacet
  facet normal 6.005057693e-02 -3.251022100e-01 -9.437703490e-01
    outer loop
      vertex 3.652955219e-02 -4.345545545e-02 1.366655808e-02
      vertex 3.208485991e-02 -4.629999772e-02 1.436361391e-02
      vertex 3.208365664e-02 -4.237485304e-02 1.301143598e-02
    endloop
  endfacet
  facet normal 7.931046933e-02 -2.575264275e-01 -9.630109072e-01
    outer loop
      vertex 3.652955219e-02 -4.345545545e-02 1.366655808e-02
      vertex 3.208365664e-02 -4.237485304e-02 1.301143598e-02
      vertex 3.671034053e-02 -4.013026133e-02 1.279223058e-02
    endloop
  endfacet
  facet normal 7.567418367e-02 -2.502468526e-01 -9.652201533e-01
    outer loop
      vertex 3.671034053e-02 -4.013026133e-02 1.279223058e-02
      vertex 3.208365664e-02 -4.237485304e-02 1.301143598e-02
      vertex 3.208855540e-02 -4.154402390e-02 1.279641595e-02
    endloop
  endfacet
  facet normal 6.430392712e-02 -2.131045908e-01 -9.749109745e-01
    outer loop
      vertex 3.671034053e-02 -4.013026133e-02 1.279223058e-02
      vertex 3.208855540e-02 -4.154402390e-02 1.279641595e-02
      vertex 3.224791214e-02 -3.911266103e-02 1.227545831e-02
    endloop
  endfacet
  facet normal 9.893773496e-02 -8.543639779e-01 -5.101700425e-01
    outer loop
      vertex 3.720572591e-02 -5.696821585e-02 2.451978996e-02
      vertex 3.208440170e-02 -5.756757036e-02 2.453032508e-02
      vertex 3.294264898e-02 -5.631474033e-02 2.259869501e-02
    endloop
  endfacet
  facet normal -6.138565019e-02 -8.247308135e-01 -5.621840358e-01
    outer loop
      vertex 3.294264898e-02 -5.631474033e-02 2.259869501e-02
      vertex 3.208440170e-02 -5.756757036e-02 2.453032508e-02
      vertex 3.208498657e-02 -5.532771721e-02 2.124436945e-02
    endloop
  endfacet
  facet normal 6.207932159e-02 -7.874712944e-01 -6.132169962e-01
    outer loop
      vertex 3.294264898e-02 -5.631474033e-02 2.259869501e-02
      vertex 3.208498657e-02 -5.532771721e-02 2.124436945e-02
      vertex 3.404297680e-02 -5.440569296e-02 2.025855705e-02
    endloop
  endfacet
  facet normal 5.320978537e-02 -7.798479795e-01 -6.237033606e-01
    outer loop
      vertex 3.404297680e-02 -5.440569296e-02 2.025855705e-02
      vertex 3.208498657e-02 -5.532771721e-02 2.124436945e-02
      vertex 3.208502010e-02 -5.519211665e-02 2.107482404e-02
    endloop
  endfacet
  facet normal -3.717237338e-02 -6.736126542e-01 -7.381492257e-01
    outer loop
      vertex 3.404297680e-02 -5.440569296e-02 2.025855705e-02
      vertex 3.208502010e-02 -5.519211665e-02 2.107482404e-02
      vertex 3.495694324e-02 -5.215162411e-02 1.815553568e-02
    endloop
  endfacet
  facet normal 7.385008782e-02 -7.261081338e-01 -6.836031079e-01
    outer loop
      vertex 3.495694324e-02 -5.215162411e-02 1.815553568e-02
      vertex 3.208502010e-02 -5.519211665e-02 2.107482404e-02
      vertex 3.208460659e-02 -5.269953981e-02 1.842721924e-02
    endloop
  endfacet
  facet normal 3.969824314e-02 -6.031302810e-01 -7.966541648e-01
    outer loop
      vertex 3.495694324e-02 -5.215162411e-02 1.815553568e-02
      vertex 3.208460659e-02 -5.269953981e-02 1.842721924e-02
      vertex 3.208549321e-02 -4.961800948e-02 1.609430090e-02
    endloop
  endfacet
  facet normal 6.386447698e-02 -9.035796523e-01 -4.236333072e-01
    outer loop
      vertex 3.208492696e-02 -5.885935202e-02 2.692149952e-02
      vertex 3.589910641e-02 -5.865389481e-02 2.705827728e-02
      vertex 3.208436444e-02 -5.972752348e-02 2.877316251e-02
    endloop
  endfacet
  facet normal 5.384702981e-02 -8.958515525e-01 -4.410787225e-01
    outer loop
      vertex 3.208436444e-02 -5.972752348e-02 2.877316251e-02
      vertex 3.589910641e-02 -5.865389481e-02 2.705827728e-02
      vertex 3.445647657e-02 -6.004360691e-02 2.970473096e-02
    endloop
  endfacet
  facet normal 1.864550076e-02 -9.314051270e-01 -3.635062575e-01
    outer loop
      vertex 3.208436444e-02 -5.972752348e-02 2.877316251e-02
      vertex 3.445647657e-02 -6.004360691e-02 2.970473096e-02
      vertex 3.208444640e-02 -6.178751960e-02 3.405145556e-02
    endloop
  endfacet
  facet normal 6.710779667e-01 -6.745451689e-01 -3.076412976e-01
    outer loop
      vertex 4.772677273e-02 -5.666956678e-02 3.680860251e-02
      vertex 4.904682189e-02 -5.795443431e-02 4.250535741e-02
      vertex 4.650752246e-02 -5.885312334e-02 3.893671557e-02
    endloop
  endfacet
  facet normal 6.545594335e-01 -6.982072592e-01 -2.899285555e-01
    outer loop
      vertex 4.650752246e-02 -5.885312334e-02 3.893671557e-02
      vertex 4.904682189e-02 -5.795443431e-02 4.250535741e-02
      vertex 4.649180174e-02 -6.014258042e-02 4.200650007e-02
    endloop
  endfacet
  facet normal 5.608714819e-01 -7.643201947e-01 -3.181789219e-01
    outer loop
      vertex 4.650752246e-02 -5.885312334e-02 3.893671557e-02
      vertex 4.649180174e-02 -6.014258042e-02 4.200650007e-02
      vertex 4.513267428e-02 -6.079945341e-02 4.118861258e-02
    endloop
  endfacet
  facet normal 9.623244405e-01 -2.040817738e-01 -1.796727926e-01
    outer loop
      vertex 5.442769825e-02 -4.418585077e-02 4.081962630e-02
      vertex 5.492954329e-02 -4.379091039e-02 4.305890575e-02
      vertex 5.373666063e-02 -4.997730628e-02 4.369667917e-02
    endloop
  endfacet
  facet normal 9.420071244e-01 -2.515473962e-01 -2.221407890e-01
    outer loop
      vertex 5.410899222e-02 -4.991427436e-02 4.520420730e-02
      vertex 5.373666063e-02 -4.997730628e-02 4.369667917e-02
      vertex 5.435842276e-02 -4.921970144e-02 4.547541961e-02
    endloop
  endfacet
  facet normal 9.475846291e-01 -2.077421993e-01 -2.427480221e-01
    outer loop
      vertex 5.435842276e-02 -4.921970144e-02 4.547541961e-02
      vertex 5.373666063e-02 -4.997730628e-02 4.369667917e-02
      vertex 5.492954329e-02 -4.379091039e-02 4.305890575e-02
    endloop
  endfacet
  facet normal 9.621750712e-01 -1.886928678e-01 -1.965046674e-01
    outer loop
      vertex 5.435842276e-02 -4.921970144e-02 4.547541961e-02
      vertex 5.492954329e-02 -4.379091039e-02 4.305890575e-02
      vertex 5.540342629e-02 -4.548457637e-02 4.700558633e-02
    endloop
  endfacet
  facet normal 9.600080848e-01 -1.925346553e-01 -2.032605708e-01
    outer loop
      vertex 5.276271701e-02 -4.654613510e-02 3.604694083e-02
      vertex 5.341441929e-02 -4.049104825e-02 3.338939324e-02
      vertex 5.438817292e-02 -3.985962644e-02 3.739036992e-02
    endloop
  endfacet
  facet normal 9.673607349e-01 -1.018175110e-01 -2.320482284e-01
    outer loop
      vertex 5.461652577e-02 -2.730998583e-02 3.155560046e-02
      vertex 5.438965932e-02 -3.145203367e-02 3.242727742e-02
      vertex 5.375725403e-02 -3.430015221e-02 3.104060143e-02
    endloop
  endfacet
  facet normal 9.707382917e-01 -1.121653095e-01 -2.123350352e-01
    outer loop
      vertex 5.375725403e-02 -3.430015221e-02 3.104060143e-02
      vertex 5.438965932e-02 -3.145203367e-02 3.242727742e-02
      vertex 5.428762361e-02 -3.459358588e-02 3.362031281e-02
    endloop
  endfacet
  facet normal 9.674285054e-01 -1.348531842e-01 -2.142352462e-01
    outer loop
      vertex 5.375725403e-02 -3.430015221e-02 3.104060143e-02
      vertex 5.428762361e-02 -3.459358588e-02 3.362031281e-02
      vertex 5.341441929e-02 -4.049104825e-02 3.338939324e-02
    endloop
  endfacet
  facet normal 9.647303224e-01 -1.339695454e-01 -2.265999317e-01
    outer loop
      vertex 5.341441929e-02 -4.049104825e-02 3.338939324e-02
      vertex 5.428762361e-02 -3.459358588e-02 3.362031281e-02
      vertex 5.428436399e-02 -3.734475747e-02 3.523297235e-02
    endloop
  endfacet
  facet normal 9.666424990e-01 -1.426113248e-01 -2.127539963e-01
    outer loop
      vertex 5.341441929e-02 -4.049104825e-02 3.338939324e-02
      vertex 5.428436399e-02 -3.734475747e-02 3.523297235e-02
      vertex 5.438817292e-02 -3.985962644e-02 3.739036992e-02
    endloop
  endfacet
  facet normal 7.272580862e-01 -2.064166516e-01 -6.545897722e-01
    outer loop
      vertex 4.784476012e-02 -2.731016465e-02 1.602432132e-02
      vertex 4.912908748e-02 -3.145581856e-02 1.875850558e-02
      vertex 4.546229169e-02 -3.258741274e-02 1.504147891e-02
    endloop
  endfacet
  facet normal 7.270074487e-01 -2.257662266e-01 -6.484518051e-01
    outer loop
      vertex 4.546229169e-02 -3.258741274e-02 1.504147891e-02
      vertex 4.912908748e-02 -3.145581856e-02 1.875850558e-02
      vertex 4.906755313e-02 -3.813293949e-02 2.101423591e-02
    endloop
  endfacet
  facet normal 7.560791969e-01 -1.847050637e-01 -6.278759837e-01
    outer loop
      vertex 4.546229169e-02 -3.258741274e-02 1.504147891e-02
      vertex 4.906755313e-02 -3.813293949e-02 2.101423591e-02
      vertex 4.542085528e-02 -3.943357244e-02 1.700554788e-02
    endloop
  endfacet
  facet normal 3.672850132e-01 -1.762461662e-01 -9.132573605e-01
    outer loop
      vertex 4.121177644e-02 -4.008579627e-02 1.423178893e-02
      vertex 3.898320720e-02 -4.017553106e-02 1.335284207e-02
      vertex 3.903825209e-02 -3.340474144e-02 1.206830982e-02
    endloop
  endfacet
  facet normal 1.652574539e-01 -1.851259172e-01 -9.687199593e-01
    outer loop
      vertex 3.903825209e-02 -3.340474144e-02 1.206830982e-02
      vertex 3.898320720e-02 -4.017553106e-02 1.335284207e-02
      vertex 3.677758202e-02 -3.347319737e-02 1.169573609e-02
    endloop
  endfacet
  facet normal 1.645073295e-01 -8.355817944e-02 -9.828302860e-01
    outer loop
      vertex 3.903825209e-02 -3.340474144e-02 1.206830982e-02
      vertex 3.677758202e-02 -3.347319737e-02 1.169573609e-02
      vertex 3.666352108e-02 -2.730974741e-02 1.115264092e-02
    endloop
  endfacet
  facet normal 5.449771136e-02 -8.664412051e-02 -9.947475791e-01
    outer loop
      vertex 3.666352108e-02 -2.730974741e-02 1.115264092e-02
      vertex 3.677758202e-02 -3.347319737e-02 1.169573609e-02
      vertex 3.435887769e-02 -3.009617515e-02 1.126908232e-02
    endloop
  endfacet
  facet normal 2.303812467e-02 -6.075520813e-02 -9.978867769e-01
    outer loop
      vertex 3.666352108e-02 -2.730974741e-02 1.115264092e-02
      vertex 3.435887769e-02 -3.009617515e-02 1.126908232e-02
      vertex 3.527502343e-02 -2.730974741e-02 1.112058479e-02
    endloop
  endfacet
  facet normal 2.280952632e-01 -1.367093027e-01 -9.639933109e-01
    outer loop
      vertex 3.907489777e-02 -2.731326409e-02 1.136346813e-02
      vertex 4.190126434e-02 -2.731225081e-02 1.203208510e-02
      vertex 4.125721753e-02 -3.324285522e-02 1.272074599e-02
    endloop
  endfacet
  facet normal 4.258348048e-01 -1.498587430e-01 -8.923043609e-01
    outer loop
      vertex 4.125721753e-02 -3.324285522e-02 1.272074599e-02
      vertex 4.190126434e-02 -2.731225081e-02 1.203208510e-02
      vertex 4.340907186e-02 -3.297385946e-02 1.370249968e-02
    endloop
  endfacet
  facet normal 4.275772274e-01 -2.253094614e-01 -8.754503727e-01
    outer loop
      vertex 4.125721753e-02 -3.324285522e-02 1.272074599e-02
      vertex 4.340907186e-02 -3.297385946e-02 1.370249968e-02
      vertex 4.336862266e-02 -3.984219208e-02 1.545040589e-02
    endloop
  endfacet
  facet normal 6.167421937e-01 -1.975452453e-01 -7.619743347e-01
    outer loop
      vertex 4.336862266e-02 -3.984219208e-02 1.545040589e-02
      vertex 4.340907186e-02 -3.297385946e-02 1.370249968e-02
      vertex 4.542085528e-02 -3.943357244e-02 1.700554788e-02
    endloop
  endfacet
  facet normal 6.142233610e-01 -2.865798771e-01 -7.352561355e-01
    outer loop
      vertex 4.336862266e-02 -3.984219208e-02 1.545040589e-02
      vertex 4.542085528e-02 -3.943357244e-02 1.700554788e-02
      vertex 4.520567507e-02 -4.286420718e-02 1.816294342e-02
    endloop
  endfacet
  facet normal 7.551603317e-01 -2.515897155e-01 -6.053391099e-01
    outer loop
      vertex 4.520567507e-02 -4.286420718e-02 1.816294342e-02
      vertex 4.542085528e-02 -3.943357244e-02 1.700554788e-02
      vertex 4.906755313e-02 -3.813293949e-02 2.101423591e-02
    endloop
  endfacet
  facet normal 7.716757655e-01 -2.881887555e-01 -5.669777989e-01
    outer loop
      vertex 4.520567507e-02 -4.286420718e-02 1.816294342e-02
      vertex 4.906755313e-02 -3.813293949e-02 2.101423591e-02
      vertex 4.848990217e-02 -4.474264756e-02 2.358767763e-02
    endloop
  endfacet
  facet normal 7.072992921e-01 -4.760006964e-01 -5.226384997e-01
    outer loop
      vertex 4.724464193e-02 -5.078310147e-02 2.680074796e-02
      vertex 4.346945137e-02 -5.212697759e-02 2.291564643e-02
      vertex 4.795584455e-02 -4.786181822e-02 2.510263398e-02
    endloop
  endfacet
  facet normal 7.154197693e-01 -5.048733950e-01 -4.829880595e-01
    outer loop
      vertex 4.795584455e-02 -4.786181822e-02 2.510263398e-02
      vertex 4.346945137e-02 -5.212697759e-02 2.291564643e-02
      vertex 4.424208775e-02 -4.928797856e-02 2.109246328e-02
    endloop
  endfacet
  facet normal 7.402930260e-01 -3.920163512e-01 -5.461587906e-01
    outer loop
      vertex 4.795584455e-02 -4.786181822e-02 2.510263398e-02
      vertex 4.424208775e-02 -4.928797856e-02 2.109246328e-02
      vertex 4.848990217e-02 -4.474264756e-02 2.358767763e-02
    endloop
  endfacet
  facet normal 7.454410791e-01 -4.067503512e-01 -5.280830860e-01
    outer loop
      vertex 4.848990217e-02 -4.474264756e-02 2.358767763e-02
      vertex 4.424208775e-02 -4.928797856e-02 2.109246328e-02
      vertex 4.481879249e-02 -4.617941752e-02 1.951220259e-02
    endloop
  endfacet
  facet normal 7.572693825e-01 -3.200707734e-01 -5.692958236e-01
    outer loop
      vertex 4.848990217e-02 -4.474264756e-02 2.358767763e-02
      vertex 4.481879249e-02 -4.617941752e-02 1.951220259e-02
      vertex 4.520567507e-02 -4.286420718e-02 1.816294342e-02
    endloop
  endfacet
  facet normal 8.635338396e-02 -1.150258631e-01 -9.896020293e-01
    outer loop
      vertex 3.666352108e-02 -2.730974741e-02 1.115264092e-02
      vertex 3.907489777e-02 -2.731326409e-02 1.136346813e-02
      vertex 3.903825209e-02 -3.340474144e-02 1.206830982e-02
    endloop
  endfacet
  facet normal 2.878162563e-01 -1.117873043e-01 -9.511390328e-01
    outer loop
      vertex 3.903825209e-02 -3.340474144e-02 1.206830982e-02
      vertex 3.907489777e-02 -2.731326409e-02 1.136346813e-02
      vertex 4.125721753e-02 -3.324285522e-02 1.272074599e-02
    endloop
  endfacet
  facet normal 2.898549736e-01 -2.082017064e-01 -9.341499805e-01
    outer loop
      vertex 3.903825209e-02 -3.340474144e-02 1.206830982e-02
      vertex 4.125721753e-02 -3.324285522e-02 1.272074599e-02
      vertex 4.121177644e-02 -4.008579627e-02 1.423178893e-02
    endloop
  endfacet
  facet normal 4.991320670e-01 -1.900023669e-01 -8.454385400e-01
    outer loop
      vertex 4.121177644e-02 -4.008579627e-02 1.423178893e-02
      vertex 4.125721753e-02 -3.324285522e-02 1.272074599e-02
      vertex 4.336862266e-02 -3.984219208e-02 1.545040589e-02
    endloop
  endfacet
  facet normal 4.963115156e-01 -2.748704255e-01 -8.234810829e-01
    outer loop
      vertex 4.121177644e-02 -4.008579627e-02 1.423178893e-02
      vertex 4.336862266e-02 -3.984219208e-02 1.545040589e-02
      vertex 4.101087153e-02 -4.351884499e-02 1.525662374e-02
    endloop
  endfacet
  facet normal 5.721215010e-01 -3.272502422e-01 -7.520533800e-01
    outer loop
      vertex 4.101087153e-02 -4.351884499e-02 1.525662374e-02
      vertex 4.336862266e-02 -3.984219208e-02 1.545040589e-02
      vertex 4.520567507e-02 -4.286420718e-02 1.816294342e-02
    endloop
  endfacet
  facet normal 5.692944527e-01 -3.542710245e-01 -7.418866754e-01
    outer loop
      vertex 4.101087153e-02 -4.351884499e-02 1.525662374e-02
      vertex 4.520567507e-02 -4.286420718e-02 1.816294342e-02
      vertex 4.064008966e-02 -4.681048170e-02 1.654394716e-02
    endloop
  endfacet
  facet normal 5.751461983e-01 -3.650665581e-01 -7.320746183e-01
    outer loop
      vertex 4.064008966e-02 -4.681048170e-02 1.654394716e-02
      vertex 4.520567507e-02 -4.286420718e-02 1.816294342e-02
      vertex 4.481879249e-02 -4.617941752e-02 1.951220259e-02
    endloop
  endfacet
  facet normal 5.589349270e-01 -4.618687630e-01 -6.886718869e-01
    outer loop
      vertex 4.064008966e-02 -4.681048170e-02 1.654394716e-02
      vertex 4.481879249e-02 -4.617941752e-02 1.951220259e-02
      vertex 4.007650167e-02 -4.985195771e-02 1.812634617e-02
    endloop
  endfacet
  facet normal 5.563033223e-01 -4.562667906e-01 -6.945121884e-01
    outer loop
      vertex 4.007650167e-02 -4.985195771e-02 1.812634617e-02
      vertex 4.481879249e-02 -4.617941752e-02 1.951220259e-02
      vertex 4.424208775e-02 -4.928797856e-02 2.109246328e-02
    endloop
  endfacet
  facet normal 5.237435699e-01 -5.782007575e-01 -6.256009340e-01
    outer loop
      vertex 4.007650167e-02 -4.985195771e-02 1.812634617e-02
      vertex 4.424208775e-02 -4.928797856e-02 2.109246328e-02
      vertex 3.931191191e-02 -5.257562175e-02 2.000354230e-02
    endloop
  endfacet
  facet normal 5.156623721e-01 -5.579199195e-01 -6.502443552e-01
    outer loop
      vertex 3.931191191e-02 -5.257562175e-02 2.000354230e-02
      vertex 4.424208775e-02 -4.928797856e-02 2.109246328e-02
      vertex 4.346945137e-02 -5.212697759e-02 2.291564643e-02
    endloop
  endfacet
  facet normal 4.636226892e-01 -6.902171969e-01 -5.555666089e-01
    outer loop
      vertex 3.931191191e-02 -5.257562175e-02 2.000354230e-02
      vertex 4.346945137e-02 -5.212697759e-02 2.291564643e-02
      vertex 3.835037723e-02 -5.494884029e-02 2.214954421e-02
    endloop
  endfacet
  facet normal 4.533106387e-01 -6.595637202e-01 -5.995708108e-01
    outer loop
      vertex 3.835037723e-02 -5.494884029e-02 2.214954421e-02
      vertex 4.346945137e-02 -5.212697759e-02 2.291564643e-02
      vertex 4.250501096e-02 -5.465877429e-02 2.497160062e-02
    endloop
  endfacet
  facet normal 3.838966489e-01 -7.861356735e-01 -4.843697548e-01
    outer loop
      vertex 3.835037723e-02 -5.494884029e-02 2.214954421e-02
      vertex 4.250501096e-02 -5.465877429e-02 2.497160062e-02
      vertex 3.720572591e-02 -5.696821585e-02 2.451978996e-02
    endloop
  endfacet
  facet normal 4.362623394e-01 -8.084984422e-01 -3.949752748e-01
    outer loop
      vertex 4.406892508e-02 -5.805445090e-02 3.296545148e-02
      vertex 4.269912094e-02 -5.994213000e-02 3.531646356e-02
      vertex 4.067652300e-02 -6.023934856e-02 3.369083628e-02
    endloop
  endfacet
  facet normal 3.436090350e-01 -9.016306996e-01 -2.626687586e-01
    outer loop
      vertex 4.067652300e-02 -6.023934856e-02 3.369083628e-02
      vertex 4.269912094e-02 -5.994213000e-02 3.531646356e-02
      vertex 3.752796724e-02 -6.293892860e-02 3.883859515e-02
    endloop
  endfacet
  facet normal 1.891341358e-01 -8.673725724e-01 -4.603185058e-01
    outer loop
      vertex 3.752796724e-02 -6.293892860e-02 3.883859515e-02
      vertex 4.269912094e-02 -5.994213000e-02 3.531646356e-02
      vertex 4.120377824e-02 -6.157023087e-02 3.776987270e-02
    endloop
  endfacet
  facet normal 2.361844778e-01 -9.068515301e-01 -3.490518332e-01
    outer loop
      vertex 3.752796724e-02 -6.293892860e-02 3.883859515e-02
      vertex 4.120377824e-02 -6.157023087e-02 3.776987270e-02
      vertex 3.960657120e-02 -6.295824051e-02 4.029524699e-02
    endloop
  endfacet
  facet normal 3.379031122e-01 -8.985224962e-01 -2.801406682e-01
    outer loop
      vertex 3.960657120e-02 -6.295824051e-02 4.029524699e-02
      vertex 4.120377824e-02 -6.157023087e-02 3.776987270e-02
      vertex 4.354340211e-02 -6.193685904e-02 4.176782817e-02
    endloop
  endfacet
  facet normal 3.743250072e-01 -8.208429217e-01 -4.313904047e-01
    outer loop
      vertex 3.960657120e-02 -6.295824051e-02 4.029524699e-02
      vertex 4.354340211e-02 -6.193685904e-02 4.176782817e-02
      vertex 4.190145060e-02 -6.267729402e-02 4.175197333e-02
    endloop
  endfacet
  facet normal 4.985341728e-01 -7.426717281e-01 -4.471044540e-01
    outer loop
      vertex 4.529296234e-02 -5.589688197e-02 3.074641526e-02
      vertex 4.406892508e-02 -5.805445090e-02 3.296545148e-02
      vertex 4.005753249e-02 -5.875826254e-02 2.966171503e-02
    endloop
  endfacet
  facet normal 4.464485645e-01 -8.154754043e-01 -3.683524430e-01
    outer loop
      vertex 4.005753249e-02 -5.875826254e-02 2.966171503e-02
      vertex 4.406892508e-02 -5.805445090e-02 3.296545148e-02
      vertex 4.067652300e-02 -6.023934856e-02 3.369083628e-02
    endloop
  endfacet
  facet normal 3.125348389e-01 -8.750238419e-01 -3.696691096e-01
    outer loop
      vertex 4.005753249e-02 -5.875826254e-02 2.966171503e-02
      vertex 4.067652300e-02 -6.023934856e-02 3.369083628e-02
      vertex 3.861772269e-02 -6.034973636e-02 3.221152723e-02
    endloop
  endfacet
  facet normal 2.722778022e-01 -9.105770588e-01 -3.109891415e-01
    outer loop
      vertex 3.861772269e-02 -6.034973636e-02 3.221152723e-02
      vertex 4.067652300e-02 -6.023934856e-02 3.369083628e-02
      vertex 3.752796724e-02 -6.293892860e-02 3.883859515e-02
    endloop
  endfacet
  facet normal 1.473595649e-01 -9.292388558e-01 -3.388218880e-01
    outer loop
      vertex 3.861772269e-02 -6.034973636e-02 3.221152723e-02
      vertex 3.752796724e-02 -6.293892860e-02 3.883859515e-02
      vertex 3.543964401e-02 -6.277871132e-02 3.749094158e-02
    endloop
  endfacet
  facet normal 3.137615025e-01 -8.932282329e-01 -3.220202923e-01
    outer loop
      vertex 4.190145060e-02 -6.267729402e-02 4.175197333e-02
      vertex 4.047061875e-02 -6.319504976e-02 4.179400206e-02
      vertex 3.960657120e-02 -6.295824051e-02 4.029524699e-02
    endloop
  endfacet
  facet normal 2.090173960e-01 -9.401717782e-01 -2.690515220e-01
    outer loop
      vertex 3.960657120e-02 -6.295824051e-02 4.029524699e-02
      vertex 4.047061875e-02 -6.319504976e-02 4.179400206e-02
      vertex 3.713480383e-02 -6.401240826e-02 4.205868766e-02
    endloop
  endfacet
  facet normal 1.937426329e-01 -9.375516772e-01 -2.888954878e-01
    outer loop
      vertex 3.960657120e-02 -6.295824051e-02 4.029524699e-02
      vertex 3.713480383e-02 -6.401240826e-02 4.205868766e-02
      vertex 3.752796724e-02 -6.293892860e-02 3.883859515e-02
    endloop
  endfacet
  facet normal 5.248590931e-02 -9.492706060e-01 -3.100492060e-01
    outer loop
      vertex 3.752796724e-02 -6.293892860e-02 3.883859515e-02
      vertex 3.713480383e-02 -6.401240826e-02 4.205868766e-02
      vertex 3.208323196e-02 -6.451660395e-02 4.274722934e-02
    endloop
  endfacet
  facet normal 9.304539114e-02 -9.615212679e-01 -2.584946156e-01
    outer loop
      vertex 3.752796724e-02 -6.293892860e-02 3.883859515e-02
      vertex 3.208323196e-02 -6.451660395e-02 4.274722934e-02
      vertex 3.543964401e-02 -6.277871132e-02 3.749094158e-02
    endloop
  endfacet
  facet normal 2.508565970e-02 -9.538158178e-01 -2.993427515e-01
    outer loop
      vertex 3.543964401e-02 -6.277871132e-02 3.749094158e-02
      vertex 3.208323196e-02 -6.451660395e-02 4.274722934e-02
      vertex 3.208444640e-02 -6.178751960e-02 3.405145556e-02
    endloop
  endfacet
  facet normal 1.008548364e-01 -9.254920483e-01 -3.650927544e-01
    outer loop
      vertex 3.543964401e-02 -6.277871132e-02 3.749094158e-02
      vertex 3.208444640e-02 -6.178751960e-02 3.405145556e-02
      vertex 3.861772269e-02 -6.034973636e-02 3.221152723e-02
    endloop
  endfacet
  facet normal 1.192210168e-01 -9.422497153e-01 -3.129725456e-01
    outer loop
      vertex 3.861772269e-02 -6.034973636e-02 3.221152723e-02
      vertex 3.208444640e-02 -6.178751960e-02 3.405145556e-02
      vertex 3.445647657e-02 -6.004360691e-02 2.970473096e-02
    endloop
  endfacet
  facet normal 1.981018931e-01 -8.778479099e-01 -4.360489547e-01
    outer loop
      vertex 3.861772269e-02 -6.034973636e-02 3.221152723e-02
      vertex 3.445647657e-02 -6.004360691e-02 2.970473096e-02
      vertex 4.005753249e-02 -5.875826254e-02 2.966171503e-02
    endloop
  endfacet
  facet normal 2.055928409e-01 -9.081060290e-01 -3.647944331e-01
    outer loop
      vertex 4.005753249e-02 -5.875826254e-02 2.966171503e-02
      vertex 3.445647657e-02 -6.004360691e-02 2.970473096e-02
      vertex 3.589910641e-02 -5.865389481e-02 2.705827728e-02
    endloop
  endfacet
  facet normal 2.852452099e-01 -8.245215416e-01 -4.886710346e-01
    outer loop
      vertex 4.005753249e-02 -5.875826254e-02 2.966171503e-02
      vertex 3.589910641e-02 -5.865389481e-02 2.705827728e-02
      vertex 4.136130586e-02 -5.686793104e-02 2.723324299e-02
    endloop
  endfacet
  facet normal 1.490869224e-01 -7.870770693e-01 -5.985673070e-01
    outer loop
      vertex 3.720572591e-02 -5.696821585e-02 2.451978996e-02
      vertex 3.294264898e-02 -5.631474033e-02 2.259869501e-02
      vertex 3.835037723e-02 -5.494884029e-02 2.214954421e-02
    endloop
  endfacet
  facet normal 1.538394690e-01 -7.998406887e-01 -5.801623464e-01
    outer loop
      vertex 3.835037723e-02 -5.494884029e-02 2.214954421e-02
      vertex 3.294264898e-02 -5.631474033e-02 2.259869501e-02
      vertex 3.404297680e-02 -5.440569296e-02 2.025855705e-02
    endloop
  endfacet
  facet normal 2.105946094e-01 -7.012321353e-01 -6.811192036e-01
    outer loop
      vertex 3.835037723e-02 -5.494884029e-02 2.214954421e-02
      vertex 3.404297680e-02 -5.440569296e-02 2.025855705e-02
      vertex 3.931191191e-02 -5.257562175e-02 2.000354230e-02
    endloop
  endfacet
  facet normal 2.147040516e-01 -7.114008665e-01 -6.691868305e-01
    outer loop
      vertex 3.931191191e-02 -5.257562175e-02 2.000354230e-02
      vertex 3.404297680e-02 -5.440569296e-02 2.025855705e-02
      vertex 3.495694324e-02 -5.215162411e-02 1.815553568e-02
    endloop
  endfacet
  facet normal 2.636175752e-01 -5.964925289e-01 -7.580912709e-01
    outer loop
      vertex 3.931191191e-02 -5.257562175e-02 2.000354230e-02
      vertex 3.495694324e-02 -5.215162411e-02 1.815553568e-02
      vertex 4.007650167e-02 -4.985195771e-02 1.812634617e-02
    endloop
  endfacet
  facet normal 2.652954459e-01 -6.001833677e-01 -7.545848489e-01
    outer loop
      vertex 4.007650167e-02 -4.985195771e-02 1.812634617e-02
      vertex 3.495694324e-02 -5.215162411e-02 1.815553568e-02
      vertex 3.567387536e-02 -4.955080524e-02 1.633894816e-02
    endloop
  endfacet
  facet normal 3.006955087e-01 -4.834415913e-01 -8.221109509e-01
    outer loop
      vertex 4.007650167e-02 -4.985195771e-02 1.812634617e-02
      vertex 3.567387536e-02 -4.955080524e-02 1.633894816e-02
      vertex 4.064008966e-02 -4.681048170e-02 1.654394716e-02
    endloop
  endfacet
  facet normal 2.975127697e-01 -4.773204327e-01 -8.268321157e-01
    outer loop
      vertex 4.064008966e-02 -4.681048170e-02 1.654394716e-02
      vertex 3.567387536e-02 -4.955080524e-02 1.633894816e-02
      vertex 3.619370610e-02 -4.663092270e-02 1.484038029e-02
    endloop
  endfacet
  facet normal 3.182114065e-01 -3.761680126e-01 -8.701948524e-01
    outer loop
      vertex 4.064008966e-02 -4.681048170e-02 1.654394716e-02
      vertex 3.619370610e-02 -4.663092270e-02 1.484038029e-02
      vertex 4.101087153e-02 -4.351884499e-02 1.525662374e-02
    endloop
  endfacet
  facet normal 3.076788187e-01 -3.583626747e-01 -8.814249635e-01
    outer loop
      vertex 4.101087153e-02 -4.351884499e-02 1.525662374e-02
      vertex 3.619370610e-02 -4.663092270e-02 1.484038029e-02
      vertex 3.652955219e-02 -4.345545545e-02 1.366655808e-02
    endloop
  endfacet
  facet normal 3.128407001e-01 -3.195802867e-01 -8.944267035e-01
    outer loop
      vertex 4.101087153e-02 -4.351884499e-02 1.525662374e-02
      vertex 3.652955219e-02 -4.345545545e-02 1.366655808e-02
      vertex 3.898320720e-02 -4.017553106e-02 1.335284207e-02
    endloop
  endfacet
  facet normal 2.264237255e-01 -2.591880262e-01 -9.389110208e-01
    outer loop
      vertex 3.898320720e-02 -4.017553106e-02 1.335284207e-02
      vertex 3.652955219e-02 -4.345545545e-02 1.366655808e-02
      vertex 3.671034053e-02 -4.013026133e-02 1.279223058e-02
    endloop
  endfacet
  facet normal 2.333675027e-01 -1.603286117e-01 -9.590799212e-01
    outer loop
      vertex 3.898320720e-02 -4.017553106e-02 1.335284207e-02
      vertex 3.671034053e-02 -4.013026133e-02 1.279223058e-02
      vertex 3.677758202e-02 -3.347319737e-02 1.169573609e-02
    endloop
  endfacet
  facet normal 7.678995281e-02 -1.627968103e-01 -9.836668372e-01
    outer loop
      vertex 3.677758202e-02 -3.347319737e-02 1.169573609e-02
      vertex 3.671034053e-02 -4.013026133e-02 1.279223058e-02
      vertex 3.224791214e-02 -3.911266103e-02 1.227545831e-02
    endloop
  endfacet
  facet normal 6.993436813e-02 -1.574325562e-01 -9.850503206e-01
    outer loop
      vertex 3.677758202e-02 -3.347319737e-02 1.169573609e-02
      vertex 3.224791214e-02 -3.911266103e-02 1.227545831e-02
      vertex 3.296294063e-02 -3.513548151e-02 1.169058215e-02
    endloop
  endfacet
  facet normal 9.550743103e-01 -1.857803464e-01 -2.309085727e-01
    outer loop
      vertex 5.438817292e-02 -3.985962644e-02 3.739036992e-02
      vertex 5.460432172e-02 -4.199439660e-02 4.000195116e-02
      vertex 5.276271701e-02 -4.654613510e-02 3.604694083e-02
    endloop
  endfacet
  facet normal 9.535889626e-01 -1.696717292e-01 -2.487560213e-01
    outer loop
      vertex 5.276271701e-02 -4.654613510e-02 3.604694083e-02
      vertex 5.460432172e-02 -4.199439660e-02 4.000195116e-02
      vertex 5.442769825e-02 -4.418585077e-02 4.081962630e-02
    endloop
  endfacet
  facet normal 9.435763955e-01 -2.655594647e-01 -1.978427470e-01
    outer loop
      vertex 5.276271701e-02 -4.654613510e-02 3.604694083e-02
      vertex 5.442769825e-02 -4.418585077e-02 4.081962630e-02
      vertex 5.226314813e-02 -4.944432154e-02 3.755449876e-02
    endloop
  endfacet
  facet normal 9.405052662e-01 -2.344125211e-01 -2.459687740e-01
    outer loop
      vertex 5.226314813e-02 -4.944432154e-02 3.755449876e-02
      vertex 5.442769825e-02 -4.418585077e-02 4.081962630e-02
      vertex 5.373666063e-02 -4.997730628e-02 4.369667917e-02
    endloop
  endfacet
  facet normal 9.005933404e-01 -3.576048613e-01 -2.470838279e-01
    outer loop
      vertex 5.226314813e-02 -4.944432154e-02 3.755449876e-02
      vertex 5.373666063e-02 -4.997730628e-02 4.369667917e-02
      vertex 5.161477625e-02 -5.221382156e-02 3.919955716e-02
    endloop
  endfacet
  facet normal 9.068455696e-01 -3.278748691e-01 -2.648192048e-01
    outer loop
      vertex 5.161477625e-02 -5.221382156e-02 3.919955716e-02
      vertex 5.373666063e-02 -4.997730628e-02 4.369667917e-02
      vertex 5.307139456e-02 -5.230963603e-02 4.430622235e-02
    endloop
  endfacet
  facet normal 8.599507809e-01 -4.429119527e-01 -2.536014020e-01
    outer loop
      vertex 5.161477625e-02 -5.221382156e-02 3.919955716e-02
      vertex 5.307139456e-02 -5.230963603e-02 4.430622235e-02
      vertex 5.079690367e-02 -5.482527986e-02 4.098707065e-02
    endloop
  endfacet
  facet normal 8.642449379e-01 -4.238398075e-01 -2.709991336e-01
    outer loop
      vertex 5.079690367e-02 -5.482527986e-02 4.098707065e-02
      vertex 5.307139456e-02 -5.230963603e-02 4.430622235e-02
      vertex 5.129078031e-02 -5.528912321e-02 4.328754172e-02
    endloop
  endfacet
  facet normal 5.211435556e-01 -8.298093081e-01 -1.995643824e-01
    outer loop
      vertex 4.649180174e-02 -6.014258042e-02 4.200650007e-02
      vertex 4.354340211e-02 -6.193685904e-02 4.176782817e-02
      vertex 4.513267428e-02 -6.079945341e-02 4.118861258e-02
    endloop
  endfacet
  facet normal 4.601696134e-01 -8.183367848e-01 -3.443382680e-01
    outer loop
      vertex 4.513267428e-02 -6.079945341e-02 4.118861258e-02
      vertex 4.354340211e-02 -6.193685904e-02 4.176782817e-02
      vertex 4.120377824e-02 -6.157023087e-02 3.776987270e-02
    endloop
  endfacet
  facet normal 4.865586460e-01 -7.856959701e-01 -3.820242882e-01
    outer loop
      vertex 4.513267428e-02 -6.079945341e-02 4.118861258e-02
      vertex 4.120377824e-02 -6.157023087e-02 3.776987270e-02
      vertex 4.650752246e-02 -5.885312334e-02 3.893671557e-02
    endloop
  endfacet
  facet normal 4.849106669e-01 -8.353886604e-01 -2.588191926e-01
    outer loop
      vertex 4.650752246e-02 -5.885312334e-02 3.893671557e-02
      vertex 4.120377824e-02 -6.157023087e-02 3.776987270e-02
      vertex 4.269912094e-02 -5.994213000e-02 3.531646356e-02
    endloop
  endfacet
  facet normal 5.805534720e-01 -7.109550238e-01 -3.968635201e-01
    outer loop
      vertex 4.650752246e-02 -5.885312334e-02 3.893671557e-02
      vertex 4.269912094e-02 -5.994213000e-02 3.531646356e-02
      vertex 4.772677273e-02 -5.666956678e-02 3.680860251e-02
    endloop
  endfacet
  facet normal 5.805585980e-01 -7.657920718e-01 -2.766119838e-01
    outer loop
      vertex 4.772677273e-02 -5.666956678e-02 3.680860251e-02
      vertex 4.269912094e-02 -5.994213000e-02 3.531646356e-02
      vertex 4.406892508e-02 -5.805445090e-02 3.296545148e-02
    endloop
  endfacet
  facet normal 6.648874879e-01 -6.262052655e-01 -4.071751237e-01
    outer loop
      vertex 4.772677273e-02 -5.666956678e-02 3.680860251e-02
      vertex 4.406892508e-02 -5.805445090e-02 3.296545148e-02
      vertex 4.878148064e-02 -5.425686017e-02 3.482029960e-02
    endloop
  endfacet
  facet normal 6.672822833e-01 -6.833231449e-01 -2.963171005e-01
    outer loop
      vertex 4.878148064e-02 -5.425686017e-02 3.482029960e-02
      vertex 4.406892508e-02 -5.805445090e-02 3.296545148e-02
      vertex 4.529296234e-02 -5.589688197e-02 3.074641526e-02
    endloop
  endfacet
  facet normal 7.350842953e-01 -5.376470089e-01 -4.130215943e-01
    outer loop
      vertex 4.878148064e-02 -5.425686017e-02 3.482029960e-02
      vertex 4.529296234e-02 -5.589688197e-02 3.074641526e-02
      vertex 4.966929182e-02 -5.163109675e-02 3.298233822e-02
    endloop
  endfacet
  facet normal 7.400880456e-01 -5.930762887e-01 -3.170650601e-01
    outer loop
      vertex 4.966929182e-02 -5.163109675e-02 3.298233822e-02
      vertex 4.529296234e-02 -5.589688197e-02 3.074641526e-02
      vertex 4.635522515e-02 -5.346933380e-02 2.868515626e-02
    endloop
  endfacet
  facet normal 7.894563675e-01 -4.516793489e-01 -4.156252742e-01
    outer loop
      vertex 4.966929182e-02 -5.163109675e-02 3.298233822e-02
      vertex 4.635522515e-02 -5.346933380e-02 2.868515626e-02
      vertex 5.039354041e-02 -4.881573096e-02 3.129841760e-02
    endloop
  endfacet
  facet normal 7.732338905e-01 -5.686318874e-01 -2.806548178e-01
    outer loop
      vertex 5.129078031e-02 -5.528912321e-02 4.328754172e-02
      vertex 4.904682189e-02 -5.795443431e-02 4.250535741e-02
      vertex 5.079690367e-02 -5.482527986e-02 4.098707065e-02
    endloop
  endfacet
  facet normal 7.602031231e-01 -5.733884573e-01 -3.054780662e-01
    outer loop
      vertex 5.079690367e-02 -5.482527986e-02 4.098707065e-02
      vertex 4.904682189e-02 -5.795443431e-02 4.250535741e-02
      vertex 4.772677273e-02 -5.666956678e-02 3.680860251e-02
    endloop
  endfacet
  facet normal 7.899047732e-01 -4.950798154e-01 -3.618651330e-01
    outer loop
      vertex 5.079690367e-02 -5.482527986e-02 4.098707065e-02
      vertex 4.772677273e-02 -5.666956678e-02 3.680860251e-02
      vertex 5.161477625e-02 -5.221382156e-02 3.919955716e-02
    endloop
  endfacet
  facet normal 7.921509147e-01 -5.551910400e-01 -2.534952462e-01
    outer loop
      vertex 5.161477625e-02 -5.221382156e-02 3.919955716e-02
      vertex 4.772677273e-02 -5.666956678e-02 3.680860251e-02
      vertex 4.878148064e-02 -5.425686017e-02 3.482029960e-02
    endloop
  endfacet
  facet normal 8.416205645e-01 -4.075354338e-01 -3.543863893e-01
    outer loop
      vertex 5.161477625e-02 -5.221382156e-02 3.919955716e-02
      vertex 4.878148064e-02 -5.425686017e-02 3.482029960e-02
      vertex 5.226314813e-02 -4.944432154e-02 3.755449876e-02
    endloop
  endfacet
  facet normal 8.464442492e-01 -4.662353396e-01 -2.572094500e-01
    outer loop
      vertex 5.226314813e-02 -4.944432154e-02 3.755449876e-02
      vertex 4.878148064e-02 -5.425686017e-02 3.482029960e-02
      vertex 4.966929182e-02 -5.163109675e-02 3.298233822e-02
    endloop
  endfacet
  facet normal 8.801475167e-01 -3.294768333e-01 -3.417387605e-01
    outer loop
      vertex 5.226314813e-02 -4.944432154e-02 3.755449876e-02
      vertex 4.966929182e-02 -5.163109675e-02 3.298233822e-02
      vertex 5.276271701e-02 -4.654613510e-02 3.604694083e-02
    endloop
  endfacet
  facet normal 8.865790367e-01 -3.831185102e-01 -2.592254579e-01
    outer loop
      vertex 5.276271701e-02 -4.654613510e-02 3.604694083e-02
      vertex 4.966929182e-02 -5.163109675e-02 3.298233822e-02
      vertex 5.039354041e-02 -4.881573096e-02 3.129841760e-02
    endloop
  endfacet
  facet normal 9.092012048e-01 -2.454599440e-01 -3.363073468e-01
    outer loop
      vertex 5.276271701e-02 -4.654613510e-02 3.604694083e-02
      vertex 5.039354041e-02 -4.881573096e-02 3.129841760e-02
      vertex 5.341441929e-02 -4.049104825e-02 3.338939324e-02
    endloop
  endfacet
  facet normal 9.282739758e-01 -2.735779285e-01 -2.519177496e-01
    outer loop
      vertex 5.341441929e-02 -4.049104825e-02 3.338939324e-02
      vertex 5.039354041e-02 -4.881573096e-02 3.129841760e-02
      vertex 5.138760433e-02 -4.274198785e-02 2.836540341e-02
    endloop
  endfacet
  facet normal 9.380431175e-01 -1.671146601e-01 -3.035584986e-01
    outer loop
      vertex 5.341441929e-02 -4.049104825e-02 3.338939324e-02
      vertex 5.138760433e-02 -4.274198785e-02 2.836540341e-02
      vertex 5.375725403e-02 -3.430015221e-02 3.104060143e-02
    endloop
  endfacet
  facet normal 9.449539781e-01 -1.783110797e-01 -2.743486762e-01
    outer loop
      vertex 5.375725403e-02 -3.430015221e-02 3.104060143e-02
      vertex 5.138760433e-02 -4.274198785e-02 2.836540341e-02
      vertex 5.186908320e-02 -3.634143248e-02 2.586378902e-02
    endloop
  endfacet
  facet normal 9.467995167e-01 -1.355786175e-01 -2.918717563e-01
    outer loop
      vertex 5.375725403e-02 -3.430015221e-02 3.104060143e-02
      vertex 5.186908320e-02 -3.634143248e-02 2.586378902e-02
      vertex 5.319120735e-02 -2.731055208e-02 2.595764026e-02
    endloop
  endfacet
  facet normal 9.364377260e-01 -1.337241232e-01 -3.243489861e-01
    outer loop
      vertex 5.319120735e-02 -2.731055208e-02 2.595764026e-02
      vertex 5.186908320e-02 -3.634143248e-02 2.586378902e-02
      vertex 5.196451768e-02 -2.992835827e-02 2.349530905e-02
    endloop
  endfacet
  facet normal 9.293751121e-01 -1.017335653e-01 -3.548410237e-01
    outer loop
      vertex 5.319120735e-02 -2.731055208e-02 2.595764026e-02
      vertex 5.196451768e-02 -2.992835827e-02 2.349530905e-02
      vertex 5.167393386e-02 -2.731064148e-02 2.198372781e-02
    endloop
  endfacet
  facet normal 8.640257120e-01 -1.763755381e-01 -4.715413749e-01
    outer loop
      vertex 5.167393386e-02 -2.731064148e-02 2.198372781e-02
      vertex 5.196451768e-02 -2.992835827e-02 2.349530905e-02
      vertex 4.988393560e-02 -2.731007524e-02 1.870362461e-02
    endloop
  endfacet
  facet normal 8.071656823e-01 -1.545093209e-01 -5.697458982e-01
    outer loop
      vertex 4.881630838e-02 -2.730980702e-02 1.719103195e-02
      vertex 4.988393560e-02 -2.731007524e-02 1.870362461e-02
      vertex 4.912908748e-02 -3.145581856e-02 1.875850558e-02
    endloop
  endfacet
  facet normal 8.688119650e-01 -1.643744260e-01 -4.670619369e-01
    outer loop
      vertex 4.912908748e-02 -3.145581856e-02 1.875850558e-02
      vertex 4.988393560e-02 -2.731007524e-02 1.870362461e-02
      vertex 5.196451768e-02 -2.992835827e-02 2.349530905e-02
    endloop
  endfacet
  facet normal 8.687958717e-01 -1.656516045e-01 -4.666404426e-01
    outer loop
      vertex 4.912908748e-02 -3.145581856e-02 1.875850558e-02
      vertex 5.196451768e-02 -2.992835827e-02 2.349530905e-02
      vertex 4.906755313e-02 -3.813293949e-02 2.101423591e-02
    endloop
  endfacet
  facet normal 8.791422844e-01 -1.765608937e-01 -4.426456094e-01
    outer loop
      vertex 4.906755313e-02 -3.813293949e-02 2.101423591e-02
      vertex 5.196451768e-02 -2.992835827e-02 2.349530905e-02
      vertex 5.186908320e-02 -3.634143248e-02 2.586378902e-02
    endloop
  endfacet
  facet normal 8.764140606e-01 -2.392974496e-01 -4.178936183e-01
    outer loop
      vertex 4.906755313e-02 -3.813293949e-02 2.101423591e-02
      vertex 5.186908320e-02 -3.634143248e-02 2.586378902e-02
      vertex 4.848990217e-02 -4.474264756e-02 2.358767763e-02
    endloop
  endfacet
  facet normal 8.716511130e-01 -2.339095026e-01 -4.307095110e-01
    outer loop
      vertex 4.848990217e-02 -4.474264756e-02 2.358767763e-02
      vertex 5.186908320e-02 -3.634143248e-02 2.586378902e-02
      vertex 5.138760433e-02 -4.274198785e-02 2.836540341e-02
    endloop
  endfacet
  facet normal 8.615154028e-01 -3.334653676e-01 -3.828734457e-01
    outer loop
      vertex 4.848990217e-02 -4.474264756e-02 2.358767763e-02
      vertex 5.138760433e-02 -4.274198785e-02 2.836540341e-02
      vertex 4.795584455e-02 -4.786181822e-02 2.510263398e-02
    endloop
  endfacet
  facet normal 8.604969978e-01 -3.287668228e-01 -3.891751170e-01
    outer loop
      vertex 4.795584455e-02 -4.786181822e-02 2.510263398e-02
      vertex 5.138760433e-02 -4.274198785e-02 2.836540341e-02
      vertex 5.039354041e-02 -4.881573096e-02 3.129841760e-02
    endloop
  endfacet
  facet normal 8.184319735e-01 -4.244152606e-01 -3.873510361e-01
    outer loop
      vertex 4.795584455e-02 -4.786181822e-02 2.510263398e-02
      vertex 5.039354041e-02 -4.881573096e-02 3.129841760e-02
      vertex 4.724464193e-02 -5.078310147e-02 2.680074796e-02
    endloop
  endfacet
  facet normal 7.964640260e-01 -5.011150837e-01 -3.384208679e-01
    outer loop
      vertex 4.724464193e-02 -5.078310147e-02 2.680074796e-02
      vertex 5.039354041e-02 -4.881573096e-02 3.129841760e-02
      vertex 4.635522515e-02 -5.346933380e-02 2.868515626e-02
    endloop
  endfacet
  facet normal 6.558981538e-01 -5.668518543e-01 -4.984742403e-01
    outer loop
      vertex 4.724464193e-02 -5.078310147e-02 2.680074796e-02
      vertex 4.635522515e-02 -5.346933380e-02 2.868515626e-02
      vertex 4.250501096e-02 -5.465877429e-02 2.497160062e-02
    endloop
  endfacet
  facet normal 5.929316282e-01 -7.051129341e-01 -3.889059424e-01
    outer loop
      vertex 4.250501096e-02 -5.465877429e-02 2.497160062e-02
      vertex 4.635522515e-02 -5.346933380e-02 2.868515626e-02
      vertex 4.136130586e-02 -5.686793104e-02 2.723324299e-02
    endloop
  endfacet
  facet normal 3.736738265e-01 -7.509108186e-01 -5.445188880e-01
    outer loop
      vertex 4.250501096e-02 -5.465877429e-02 2.497160062e-02
      vertex 4.136130586e-02 -5.686793104e-02 2.723324299e-02
      vertex 3.720572591e-02 -5.696821585e-02 2.451978996e-02
    endloop
  endfacet
  facet normal 2.942854166e-01 -8.590011597e-01 -4.189428687e-01
    outer loop
      vertex 3.720572591e-02 -5.696821585e-02 2.451978996e-02
      vertex 4.136130586e-02 -5.686793104e-02 2.723324299e-02
      vertex 3.589910641e-02 -5.865389481e-02 2.705827728e-02
    endloop
  endfacet
  facet normal 9.860914946e-02 -8.516372442e-01 -5.147720575e-01
    outer loop
      vertex 3.720572591e-02 -5.696821585e-02 2.451978996e-02
      vertex 3.589910641e-02 -5.865389481e-02 2.705827728e-02
      vertex 3.208440170e-02 -5.756757036e-02 2.453032508e-02
    endloop
  endfacet
  facet normal 6.430435181e-02 -8.779942989e-01 -4.743320942e-01
    outer loop
      vertex 3.208440170e-02 -5.756757036e-02 2.453032508e-02
      vertex 3.589910641e-02 -5.865389481e-02 2.705827728e-02
      vertex 3.208492696e-02 -5.885935202e-02 2.692149952e-02
    endloop
  endfacet
  facet normal -1.333376304e-06 -9.586545825e-01 -2.845723629e-01
    outer loop
      vertex -3.629380465e-02 -6.451660395e-02 4.274754971e-02
      vertex 3.208323196e-02 -6.451660395e-02 4.274722934e-02
      vertex 3.208322823e-02 -6.470748782e-02 4.339027032e-02
    endloop
  endfacet
  facet normal -1.306868216e-04 -9.585648775e-01 -2.848743796e-01
    outer loop
      vertex -3.629368171e-02 -6.732326746e-02 5.219160393e-02
      vertex -3.629380465e-02 -6.451660395e-02 4.274754971e-02
      vertex 3.077938966e-02 -6.733292341e-02 5.219332501e-02
    endloop
  endfacet
  facet normal 1.122470894e-05 -9.582893252e-01 -2.857999206e-01
    outer loop
      vertex 3.077938966e-02 -6.733292341e-02 5.219332501e-02
      vertex -3.629380465e-02 -6.451660395e-02 4.274754971e-02
      vertex 3.208322823e-02 -6.470748782e-02 4.339027032e-02
    endloop
  endfacet
  facet normal 9.765894152e-03 -9.586383700e-01 -2.844592333e-01
    outer loop
      vertex 3.077938966e-02 -6.733292341e-02 5.219332501e-02
      vertex 3.208322823e-02 -6.470748782e-02 4.339027032e-02
      vertex 3.208320588e-02 -6.731915474e-02 5.219168589e-02
    endloop
  endfacet
  facet normal -9.804233313e-01 -1.208644211e-01 -1.554408520e-01
    outer loop
      vertex -5.752362311e-02 -4.755068198e-02 5.020099506e-02
      vertex -5.686653405e-02 -5.153081194e-02 4.915127531e-02
      vertex -5.706996843e-02 -5.165499821e-02 5.053097382e-02
    endloop
  endfacet
  facet normal -5.305815861e-02 -9.572148323e-01 -2.844724655e-01
    outer loop
      vertex -4.044711962e-02 -6.413835287e-02 4.224943370e-02
      vertex -3.629380465e-02 -6.451660395e-02 4.274754971e-02
      vertex -3.629368171e-02 -6.732326746e-02 5.219160393e-02
    endloop
  endfacet
  facet normal -3.465755284e-01 -8.893222213e-01 -2.983143032e-01
    outer loop
      vertex -4.656593502e-02 -6.229070202e-02 4.205260426e-02
      vertex -4.363100231e-02 -6.343081594e-02 4.204173014e-02
      vertex -4.516710341e-02 -6.450361013e-02 4.702451080e-02
    endloop
  endfacet
  facet normal -1.929147393e-01 -9.453125596e-01 -2.629981935e-01
    outer loop
      vertex -4.516710341e-02 -6.450361013e-02 4.702451080e-02
      vertex -4.363100231e-02 -6.343081594e-02 4.204173014e-02
      vertex -4.044711962e-02 -6.413835287e-02 4.224943370e-02
    endloop
  endfacet
  facet normal -2.115882784e-01 -9.361656308e-01 -2.807566226e-01
    outer loop
      vertex -4.516710341e-02 -6.450361013e-02 4.702451080e-02
      vertex -4.044711962e-02 -6.413835287e-02 4.224943370e-02
      vertex -4.023680836e-02 -6.568971276e-02 4.726384953e-02
    endloop
  endfacet
  facet normal -2.786915191e-02 -9.552830458e-01 -2.943765819e-01
    outer loop
      vertex -4.023680836e-02 -6.568971276e-02 4.726384953e-02
      vertex -4.044711962e-02 -6.413835287e-02 4.224943370e-02
      vertex -3.629368171e-02 -6.732326746e-02 5.219160393e-02
    endloop
  endfacet
  facet normal -6.408731341e-01 -7.215588093e-01 -2.619818151e-01
    outer loop
      vertex -5.212768540e-02 -6.003195420e-02 4.743169248e-02
      vertex -4.926450178e-02 -6.070813909e-02 4.228999838e-02
      vertex -4.961246252e-02 -6.216296926e-02 4.714813828e-02
    endloop
  endfacet
  facet normal -5.712559223e-01 -7.741318345e-01 -2.727391422e-01
    outer loop
      vertex -4.961246252e-02 -6.216296926e-02 4.714813828e-02
      vertex -4.926450178e-02 -6.070813909e-02 4.228999838e-02
      vertex -4.905888438e-02 -6.085020676e-02 4.226256907e-02
    endloop
  endfacet
  facet normal -4.980996847e-01 -8.216154575e-01 -2.772088647e-01
    outer loop
      vertex -4.961246252e-02 -6.216296926e-02 4.714813828e-02
      vertex -4.905888438e-02 -6.085020676e-02 4.226256907e-02
      vertex -4.656593502e-02 -6.229070202e-02 4.205260426e-02
    endloop
  endfacet
  facet normal -8.041386604e-01 -5.606018901e-01 -1.977032125e-01
    outer loop
      vertex -5.516600609e-02 -5.593839660e-02 4.818218574e-02
      vertex -5.344300345e-02 -5.670383945e-02 4.334450886e-02
      vertex -5.212768540e-02 -6.003195420e-02 4.743169248e-02
    endloop
  endfacet
  facet normal -7.549930811e-01 -6.060038805e-01 -2.504889667e-01
    outer loop
      vertex -5.212768540e-02 -6.003195420e-02 4.743169248e-02
      vertex -5.344300345e-02 -5.670383945e-02 4.334450886e-02
      vertex -5.144161358e-02 -5.893141404e-02 4.270130023e-02
    endloop
  endfacet
  facet normal -6.394717693e-01 -7.231594324e-01 -2.609909475e-01
    outer loop
      vertex -5.212768540e-02 -6.003195420e-02 4.743169248e-02
      vertex -5.144161358e-02 -5.893141404e-02 4.270130023e-02
      vertex -4.926450178e-02 -6.070813909e-02 4.228999838e-02
    endloop
  endfacet
  facet normal -9.313455820e-01 -3.219064176e-01 -1.702107340e-01
    outer loop
      vertex -5.686653405e-02 -5.153081194e-02 4.915127531e-02
      vertex -5.501341075e-02 -5.425370112e-02 4.416109249e-02
      vertex -5.516600609e-02 -5.593839660e-02 4.818218574e-02
    endloop
  endfacet
  facet normal -8.837546110e-01 -4.187046289e-01 -2.089597434e-01
    outer loop
      vertex -5.516600609e-02 -5.593839660e-02 4.818218574e-02
      vertex -5.501341075e-02 -5.425370112e-02 4.416109249e-02
      vertex -5.469210073e-02 -5.483156815e-02 4.396007955e-02
    endloop
  endfacet
  facet normal -8.431802392e-01 -4.892477095e-01 -2.228984535e-01
    outer loop
      vertex -5.516600609e-02 -5.593839660e-02 4.818218574e-02
      vertex -5.469210073e-02 -5.483156815e-02 4.396007955e-02
      vertex -5.344300345e-02 -5.670383945e-02 4.334450886e-02
    endloop
  endfacet
  facet normal -9.941472411e-01 -3.202099726e-02 -1.031791046e-01
    outer loop
      vertex -5.757213384e-02 -4.557598010e-02 5.005556718e-02
      vertex -5.737657472e-02 -4.481619969e-02 4.793553054e-02
      vertex -5.752362311e-02 -4.755068198e-02 5.020099506e-02
    endloop
  endfacet
  facet normal -9.919151068e-01 -4.497249797e-02 -1.186670661e-01
    outer loop
      vertex -5.752362311e-02 -4.755068198e-02 5.020099506e-02
      vertex -5.737657472e-02 -4.481619969e-02 4.793553054e-02
      vertex -5.709794536e-02 -4.770121351e-02 4.669988528e-02
    endloop
  endfacet
  facet normal -9.846061468e-01 -1.324803680e-01 -1.140159816e-01
    outer loop
      vertex -5.752362311e-02 -4.755068198e-02 5.020099506e-02
      vertex -5.709794536e-02 -4.770121351e-02 4.669988528e-02
      vertex -5.686653405e-02 -5.153081194e-02 4.915127531e-02
    endloop
  endfacet
  facet normal -9.752985835e-01 -1.578465998e-01 -1.545221061e-01
    outer loop
      vertex -5.686653405e-02 -5.153081194e-02 4.915127531e-02
      vertex -5.709794536e-02 -4.770121351e-02 4.669988528e-02
      vertex -5.633174255e-02 -5.109656230e-02 4.533223435e-02
    endloop
  endfacet
  facet normal -9.303015471e-01 -3.263764679e-01 -1.673839688e-01
    outer loop
      vertex -5.686653405e-02 -5.153081194e-02 4.915127531e-02
      vertex -5.633174255e-02 -5.109656230e-02 4.533223435e-02
      vertex -5.501341075e-02 -5.425370112e-02 4.416109249e-02
    endloop
  endfacet
  facet normal -9.501886368e-01 -2.650622725e-01 -1.639620066e-01
    outer loop
      vertex -5.706996843e-02 -5.165499821e-02 5.053097382e-02
      vertex -5.686653405e-02 -5.153081194e-02 4.915127531e-02
      vertex -5.619004369e-02 -5.499411002e-02 5.082968995e-02
    endloop
  endfacet
  facet normal -9.207205176e-01 -3.004944921e-01 -2.489512712e-01
    outer loop
      vertex -5.619004369e-02 -5.499411002e-02 5.082968995e-02
      vertex -5.686653405e-02 -5.153081194e-02 4.915127531e-02
      vertex -5.516600609e-02 -5.593839660e-02 4.818218574e-02
    endloop
  endfacet
  facet normal -9.002465010e-01 -3.798778057e-01 -2.127183527e-01
    outer loop
      vertex -5.619004369e-02 -5.499411002e-02 5.082968995e-02
      vertex -5.516600609e-02 -5.593839660e-02 4.818218574e-02
      vertex -5.550583452e-02 -5.670735613e-02 5.099360272e-02
    endloop
  endfacet
  facet normal -8.581739664e-01 -4.592778385e-01 -2.293498218e-01
    outer loop
      vertex -5.550583452e-02 -5.670735613e-02 5.099360272e-02
      vertex -5.516600609e-02 -5.593839660e-02 4.818218574e-02
      vertex -5.471559614e-02 -5.826166645e-02 5.114925280e-02
    endloop
  endfacet
  facet normal -7.919510603e-01 -5.332866907e-01 -2.973529994e-01
    outer loop
      vertex -5.471559614e-02 -5.826166645e-02 5.114925280e-02
      vertex -5.516600609e-02 -5.593839660e-02 4.818218574e-02
      vertex -5.212768540e-02 -6.003195420e-02 4.743169248e-02
    endloop
  endfacet
  facet normal -7.760192752e-01 -5.707362890e-01 -2.684290707e-01
    outer loop
      vertex -5.471559614e-02 -5.826166645e-02 5.114925280e-02
      vertex -5.212768540e-02 -6.003195420e-02 4.743169248e-02
      vertex -5.279510096e-02 -6.100988761e-02 5.144045874e-02
    endloop
  endfacet
  facet normal -6.386168599e-01 -7.163549662e-01 -2.810765803e-01
    outer loop
      vertex -5.279510096e-02 -6.100988761e-02 5.144045874e-02
      vertex -5.212768540e-02 -6.003195420e-02 4.743169248e-02
      vertex -4.961246252e-02 -6.216296926e-02 4.714813828e-02
    endloop
  endfacet
  facet normal -6.492784619e-01 -7.019031644e-01 -2.928642035e-01
    outer loop
      vertex -5.279510096e-02 -6.100988761e-02 5.144045874e-02
      vertex -4.961246252e-02 -6.216296926e-02 4.714813828e-02
      vertex -5.054927245e-02 -6.319022179e-02 5.168705061e-02
    endloop
  endfacet
  facet normal -4.563936591e-01 -8.535019159e-01 -2.514742613e-01
    outer loop
      vertex -4.656593502e-02 -6.229070202e-02 4.205260426e-02
      vertex -4.516710341e-02 -6.450361013e-02 4.702451080e-02
      vertex -4.961246252e-02 -6.216296926e-02 4.714813828e-02
    endloop
  endfacet
  facet normal -4.479396343e-01 -8.336663842e-01 -3.230331242e-01
    outer loop
      vertex -4.961246252e-02 -6.216296926e-02 4.714813828e-02
      vertex -4.516710341e-02 -6.450361013e-02 4.702451080e-02
      vertex -4.772192985e-02 -6.502199173e-02 5.190501735e-02
    endloop
  endfacet
  facet normal -5.048854351e-01 -8.136027455e-01 -2.883422375e-01
    outer loop
      vertex -4.961246252e-02 -6.216296926e-02 4.714813828e-02
      vertex -4.772192985e-02 -6.502199173e-02 5.190501735e-02
      vertex -5.054927245e-02 -6.319022179e-02 5.168705061e-02
    endloop
  endfacet
  facet normal -5.552674085e-02 -9.601643682e-01 -2.738634944e-01
    outer loop
      vertex -3.629368171e-02 -6.732326746e-02 5.219160393e-02
      vertex -4.115651920e-02 -6.703144312e-02 5.215442553e-02
      vertex -4.023680836e-02 -6.568971276e-02 4.726384953e-02
    endloop
  endfacet
  facet normal -1.946920753e-01 -9.359569550e-01 -2.933933139e-01
    outer loop
      vertex -4.023680836e-02 -6.568971276e-02 4.726384953e-02
      vertex -4.115651920e-02 -6.703144312e-02 5.215442553e-02
      vertex -4.454966262e-02 -6.629657745e-02 5.206177011e-02
    endloop
  endfacet
  facet normal -2.087176442e-01 -9.291535616e-01 -3.051403761e-01
    outer loop
      vertex -4.023680836e-02 -6.568971276e-02 4.726384953e-02
      vertex -4.454966262e-02 -6.629657745e-02 5.206177011e-02
      vertex -4.516710341e-02 -6.450361013e-02 4.702451080e-02
    endloop
  endfacet
  facet normal -2.948789597e-01 -9.110561013e-01 -2.881375253e-01
    outer loop
      vertex -4.516710341e-02 -6.450361013e-02 4.702451080e-02
      vertex -4.454966262e-02 -6.629657745e-02 5.206177011e-02
      vertex -4.575352743e-02 -6.589102745e-02 5.201150104e-02
    endloop
  endfacet
  facet normal -3.734986782e-01 -8.814184666e-01 -2.891370952e-01
    outer loop
      vertex -4.516710341e-02 -6.450361013e-02 4.702451080e-02
      vertex -4.575352743e-02 -6.589102745e-02 5.201150104e-02
      vertex -4.772192985e-02 -6.502199173e-02 5.190501735e-02
    endloop
  endfacet
  facet normal -9.954398274e-01 -8.818152361e-03 -9.498288482e-02
    outer loop
      vertex -5.737657472e-02 -4.481619969e-02 4.793553054e-02
      vertex -5.757213384e-02 -4.557598010e-02 5.005556718e-02
      vertex -5.757994950e-02 -4.228669778e-02 4.983210191e-02
    endloop
  endfacet
  facet normal -9.956127405e-01 -1.031981781e-02 -9.299861640e-02
    outer loop
      vertex -5.737657472e-02 -4.481619969e-02 4.793553054e-02
      vertex -5.757994950e-02 -4.228669778e-02 4.983210191e-02
      vertex -5.734881386e-02 -4.470372573e-02 4.762585089e-02
    endloop
  endfacet
  facet normal -9.950756431e-01 2.885121852e-03 -9.907621145e-02
    outer loop
      vertex -5.750623345e-02 -2.894962020e-02 4.913680255e-02
      vertex -5.594680831e-02 -3.391591087e-02 3.333003819e-02
      vertex -5.610898882e-02 -3.657609597e-02 3.488143906e-02
    endloop
  endfacet
  facet normal -9.951267242e-01 1.956867985e-03 -9.858461469e-02
    outer loop
      vertex -5.610898882e-02 -3.657609597e-02 3.488143906e-02
      vertex -5.630259588e-02 -3.873163834e-02 3.679294884e-02
      vertex -5.750623345e-02 -2.894962020e-02 4.913680255e-02
    endloop
  endfacet
  facet normal -9.951852560e-01 1.217054203e-03 -9.800405055e-02
    outer loop
      vertex -5.750623345e-02 -2.894962020e-02 4.913680255e-02
      vertex -5.630259588e-02 -3.873163834e-02 3.679294884e-02
      vertex -5.657753348e-02 -4.090258852e-02 3.955785185e-02
    endloop
  endfacet
  facet normal -9.952797890e-01 4.417910532e-04 -9.704580903e-02
    outer loop
      vertex -5.750623345e-02 -2.894962020e-02 4.913680255e-02
      vertex -5.657753348e-02 -4.090258852e-02 3.955785185e-02
      vertex -5.757994950e-02 -4.228669778e-02 4.983210191e-02
    endloop
  endfacet
  facet normal -9.952660203e-01 -6.109360256e-04 -9.718628228e-02
    outer loop
      vertex -5.757994950e-02 -4.228669778e-02 4.983210191e-02
      vertex -5.657753348e-02 -4.090258852e-02 3.955785185e-02
      vertex -5.687494949e-02 -4.263162985e-02 4.261450097e-02
    endloop
  endfacet
  facet normal -9.952719212e-01 -6.731200963e-03 -9.689436853e-02
    outer loop
      vertex -5.757994950e-02 -4.228669778e-02 4.983210191e-02
      vertex -5.687494949e-02 -4.263162985e-02 4.261450097e-02
      vertex -5.734881386e-02 -4.470372573e-02 4.762585089e-02
    endloop
  endfacet
  facet normal -9.950615168e-01 6.210585125e-03 -9.906540066e-02
    outer loop
      vertex -5.564658344e-02 -1.953351684e-02 3.104787692e-02
      vertex -5.566561222e-02 -2.152002044e-02 3.111447394e-02
      vertex -5.750623345e-02 -2.894962020e-02 4.913680255e-02
    endloop
  endfacet
  facet normal -9.950343966e-01 5.433292594e-03 -9.938306361e-02
    outer loop
      vertex -5.566561222e-02 -2.152002044e-02 3.111447394e-02
      vertex -5.573407933e-02 -2.692154236e-02 3.150467202e-02
      vertex -5.750623345e-02 -2.894962020e-02 4.913680255e-02
    endloop
  endfacet
  facet normal -9.950299263e-01 4.720366560e-03 -9.946461767e-02
    outer loop
      vertex -5.750623345e-02 -2.894962020e-02 4.913680255e-02
      vertex -5.573407933e-02 -2.692154236e-02 3.150467202e-02
      vertex -5.582829565e-02 -3.086629696e-02 3.225998953e-02
    endloop
  endfacet
  facet normal -9.950440526e-01 3.804779146e-03 -9.936203808e-02
    outer loop
      vertex -5.750623345e-02 -2.894962020e-02 4.913680255e-02
      vertex -5.582829565e-02 -3.086629696e-02 3.225998953e-02
      vertex -5.594680831e-02 -3.391591087e-02 3.333003819e-02
    endloop
  endfacet
  facet normal -9.950197339e-01 2.611906733e-03 -9.964407235e-02
    outer loop
      vertex -5.732540041e-02 8.308646647e-05 4.858790711e-02
      vertex -5.553904548e-02 8.302686183e-05 3.074983135e-02
      vertex -5.735940114e-02 -1.036438625e-02 4.865357652e-02
    endloop
  endfacet
  facet normal -9.950926304e-01 3.952926956e-03 -9.886895865e-02
    outer loop
      vertex -5.735940114e-02 -1.036438625e-02 4.865357652e-02
      vertex -5.553904548e-02 8.302686183e-05 3.074983135e-02
      vertex -5.564658344e-02 -1.953351684e-02 3.104787692e-02
    endloop
  endfacet
  facet normal -9.950504899e-01 4.709307570e-03 -9.925878793e-02
    outer loop
      vertex -5.735940114e-02 -1.036438625e-02 4.865357652e-02
      vertex -5.564658344e-02 -1.953351684e-02 3.104787692e-02
      vertex -5.736695975e-02 -1.160484832e-02 4.867049679e-02
    endloop
  endfacet
  facet normal -9.950205684e-01 5.313978996e-03 -9.952791780e-02
    outer loop
      vertex -5.736695975e-02 -1.160484832e-02 4.867049679e-02
      vertex -5.564658344e-02 -1.953351684e-02 3.104787692e-02
      vertex -5.750623345e-02 -2.894962020e-02 4.913680255e-02
    endloop
  endfacet
  facet normal -9.950155020e-01 -3.907593898e-03 -9.964363277e-02
    outer loop
      vertex -5.553904548e-02 8.302686183e-05 3.074983135e-02
      vertex -5.732540041e-02 8.308646647e-05 4.858790711e-02
      vertex -5.564441159e-02 1.947563700e-02 3.104149550e-02
    endloop
  endfacet
  facet normal -9.950107932e-01 -3.949181177e-03 -9.968914092e-02
    outer loop
      vertex -5.564441159e-02 1.947563700e-02 3.104149550e-02
      vertex -5.732540041e-02 8.308646647e-05 4.858790711e-02
      vertex -5.743155256e-02 2.034246735e-02 4.884485155e-02
    endloop
  endfacet
  facet normal -9.950153828e-01 -5.574407056e-03 -9.956587851e-02
    outer loop
      vertex -5.746304989e-02 2.403530292e-02 4.895287007e-02
      vertex -5.573153123e-02 2.694093995e-02 3.148619458e-02
      vertex -5.743155256e-02 2.034246735e-02 4.884485155e-02
    endloop
  endfacet
  facet normal -9.950194955e-01 -5.478924140e-03 -9.952998161e-02
    outer loop
      vertex -5.743155256e-02 2.034246735e-02 4.884485155e-02
      vertex -5.573153123e-02 2.694093995e-02 3.148619458e-02
      vertex -5.566304550e-02 2.142661624e-02 3.110508248e-02
    endloop
  endfacet
  facet normal -9.950101972e-01 -6.257956382e-03 -9.957667440e-02
    outer loop
      vertex -5.743155256e-02 2.034246735e-02 4.884485155e-02
      vertex -5.566304550e-02 2.142661624e-02 3.110508248e-02
      vertex -5.564441159e-02 1.947563700e-02 3.104149550e-02
    endloop
  endfacet
  facet normal -9.950797558e-01 -3.809510265e-03 -9.900397062e-02
    outer loop
      vertex -5.610317364e-02 3.663141653e-02 3.480020165e-02
      vertex -5.595766753e-02 3.429348394e-02 3.342769295e-02
      vertex -5.746304989e-02 2.403530292e-02 4.895287007e-02
    endloop
  endfacet
  facet normal -9.950340986e-01 -4.467289895e-03 -9.943416715e-02
    outer loop
      vertex -5.746304989e-02 2.403530292e-02 4.895287007e-02
      vertex -5.595766753e-02 3.429348394e-02 3.342769295e-02
      vertex -5.583582073e-02 3.133049235e-02 3.234149516e-02
    endloop
  endfacet
  facet normal -9.950429797e-01 -4.281836096e-03 -9.935358912e-02
    outer loop
      vertex -5.746304989e-02 2.403530292e-02 4.895287007e-02
      vertex -5.583582073e-02 3.133049235e-02 3.234149516e-02
      vertex -5.573153123e-02 2.694093995e-02 3.148619458e-02
    endloop
  endfacet
  facet normal -9.955272675e-01 6.802324671e-03 -9.422929585e-02
    outer loop
      vertex -5.757211894e-02 4.574243352e-02 5.005558208e-02
      vertex -5.737664551e-02 4.498269781e-02 4.793557152e-02
      vertex -5.757598951e-02 3.982023522e-02 4.966895655e-02
    endloop
  endfacet
  facet normal -9.954729080e-01 6.603310350e-03 -9.481576085e-02
    outer loop
      vertex -5.757598951e-02 3.982023522e-02 4.966895655e-02
      vertex -5.737664551e-02 4.498269781e-02 4.793557152e-02
      vertex -5.732659623e-02 4.478512332e-02 4.739634320e-02
    endloop
  endfacet
  facet normal -9.953110218e-01 5.800418090e-03 -9.655204415e-02
    outer loop
      vertex -5.732659623e-02 4.478512332e-02 4.739634320e-02
      vertex -5.685919151e-02 4.272350296e-02 4.245422781e-02
      vertex -5.757598951e-02 3.982023522e-02 4.966895655e-02
    endloop
  endfacet
  facet normal -9.951543808e-01 1.380658359e-03 -9.831503034e-02
    outer loop
      vertex -5.757598951e-02 3.982023522e-02 4.966895655e-02
      vertex -5.685919151e-02 4.272350296e-02 4.245422781e-02
      vertex -5.656208843e-02 4.098243639e-02 3.942247108e-02
    endloop
  endfacet
  facet normal -9.951071739e-01 -2.639339771e-03 -9.876631945e-02
    outer loop
      vertex -5.757598951e-02 3.982023522e-02 4.966895655e-02
      vertex -5.656208843e-02 4.098243639e-02 3.942247108e-02
      vertex -5.746304989e-02 2.403530292e-02 4.895287007e-02
    endloop
  endfacet
  facet normal -9.953074455e-01 -1.495499746e-03 -9.675125778e-02
    outer loop
      vertex -5.746304989e-02 2.403530292e-02 4.895287007e-02
      vertex -5.656208843e-02 4.098243639e-02 3.942247108e-02
      vertex -5.629273877e-02 3.879665956e-02 3.668538108e-02
    endloop
  endfacet
  facet normal -9.952263236e-01 -2.181882272e-03 -9.756943583e-02
    outer loop
      vertex -5.746304989e-02 2.403530292e-02 4.895287007e-02
      vertex -5.629273877e-02 3.879665956e-02 3.668538108e-02
      vertex -5.610317364e-02 3.663141653e-02 3.480020165e-02
    endloop
  endfacet
  facet normal -9.944363236e-01 2.772282064e-02 -1.016258597e-01
    outer loop
      vertex -5.727795884e-02 4.634865746e-02 4.734252021e-02
      vertex -5.737664551e-02 4.498269781e-02 4.793557152e-02
      vertex -5.757211894e-02 4.574243352e-02 5.005558208e-02
    endloop
  endfacet
  facet normal -9.783428311e-01 1.704287976e-01 -1.174703091e-01
    outer loop
      vertex -5.740196258e-02 4.943982884e-02 5.033488944e-02
      vertex -5.681135878e-02 5.303831026e-02 5.063685402e-02
      vertex -5.686653405e-02 5.169762298e-02 4.915127531e-02
    endloop
  endfacet
  facet normal -2.082754374e-01 9.280570149e-01 -3.087579608e-01
    outer loop
      vertex -4.023680836e-02 6.585653126e-02 4.726384953e-02
      vertex -4.516710341e-02 6.467044353e-02 4.702451080e-02
      vertex -4.414594918e-02 6.658041477e-02 5.207662657e-02
    endloop
  endfacet
  facet normal -7.464425564e-01 6.126317978e-01 -2.598186731e-01
    outer loop
      vertex -5.418007821e-02 5.931350216e-02 5.124067143e-02
      vertex -5.221788958e-02 6.181922182e-02 5.151171610e-02
      vertex -5.212768540e-02 6.019878015e-02 4.743169248e-02
    endloop
  endfacet
  facet normal -6.110302806e-01 7.309790254e-01 -3.038282394e-01
    outer loop
      vertex -5.212768540e-02 6.019878015e-02 4.743169248e-02
      vertex -5.221788958e-02 6.181922182e-02 5.151171610e-02
      vertex -4.991079867e-02 6.384436786e-02 5.174419656e-02
    endloop
  endfacet
  facet normal -6.390205622e-01 7.172571421e-01 -2.778397501e-01
    outer loop
      vertex -5.212768540e-02 6.019878015e-02 4.743169248e-02
      vertex -4.991079867e-02 6.384436786e-02 5.174419656e-02
      vertex -4.961246252e-02 6.232981011e-02 4.714813828e-02
    endloop
  endfacet
  facet normal -4.624161422e-01 8.327597380e-01 -3.044380546e-01
    outer loop
      vertex -4.961246252e-02 6.232981011e-02 4.714813828e-02
      vertex -4.991079867e-02 6.384436786e-02 5.174419656e-02
      vertex -4.695719108e-02 6.555977464e-02 5.195023492e-02
    endloop
  endfacet
  facet normal -4.491256177e-01 8.363891840e-01 -3.142281473e-01
    outer loop
      vertex -4.961246252e-02 6.232981011e-02 4.714813828e-02
      vertex -4.695719108e-02 6.555977464e-02 5.195023492e-02
      vertex -4.516710341e-02 6.467044353e-02 4.702451080e-02
    endloop
  endfacet
  facet normal -3.533544838e-01 8.897135258e-01 -2.890509963e-01
    outer loop
      vertex -4.516710341e-02 6.467044353e-02 4.702451080e-02
      vertex -4.695719108e-02 6.555977464e-02 5.195023492e-02
      vertex -4.575304687e-02 6.605793536e-02 5.201157555e-02
    endloop
  endfacet
  facet normal -2.855325341e-01 9.141125083e-01 -2.878706455e-01
    outer loop
      vertex -4.516710341e-02 6.467044353e-02 4.702451080e-02
      vertex -4.575304687e-02 6.605793536e-02 5.201157555e-02
      vertex -4.414594918e-02 6.658041477e-02 5.207662657e-02
    endloop
  endfacet
  facet normal -8.439077735e-01 4.826476574e-01 -2.342454791e-01
    outer loop
      vertex -5.516600609e-02 5.610522255e-02 4.818218574e-02
      vertex -5.550539866e-02 5.687643215e-02 5.099393055e-02
      vertex -5.418007821e-02 5.931350216e-02 5.124067143e-02
    endloop
  endfacet
  facet normal -9.223577380e-01 3.032262623e-01 -2.393950820e-01
    outer loop
      vertex -5.686653405e-02 5.169762298e-02 4.915127531e-02
      vertex -5.681135878e-02 5.303831026e-02 5.063685402e-02
      vertex -5.516600609e-02 5.610522255e-02 4.818218574e-02
    endloop
  endfacet
  facet normal -9.218946695e-01 3.213297725e-01 -2.164657712e-01
    outer loop
      vertex -5.516600609e-02 5.610522255e-02 4.818218574e-02
      vertex -5.681135878e-02 5.303831026e-02 5.063685402e-02
      vertex -5.570805445e-02 5.641390011e-02 5.094889924e-02
    endloop
  endfacet
  facet normal -8.856440187e-01 4.093795717e-01 -2.191872001e-01
    outer loop
      vertex -5.516600609e-02 5.610522255e-02 4.818218574e-02
      vertex -5.570805445e-02 5.641390011e-02 5.094889924e-02
      vertex -5.550539866e-02 5.687643215e-02 5.099393055e-02
    endloop
  endfacet
  facet normal -9.506757259e-01 6.663560122e-02 -3.029445410e-01
    outer loop
      vertex -5.740196258e-02 4.943982884e-02 5.033488944e-02
      vertex -5.686653405e-02 5.169762298e-02 4.915127531e-02
      vertex -5.757211894e-02 4.574243352e-02 5.005558208e-02
    endloop
  endfacet
  facet normal -9.893960357e-01 1.014413014e-01 -1.039478034e-01
    outer loop
      vertex -5.757211894e-02 4.574243352e-02 5.005558208e-02
      vertex -5.686653405e-02 5.169762298e-02 4.915127531e-02
      vertex -5.670246854e-02 4.992295429e-02 4.585779086e-02
    endloop
  endfacet
  facet normal -9.888303280e-01 1.264072657e-01 -7.896734774e-02
    outer loop
      vertex -5.757211894e-02 4.574243352e-02 5.005558208e-02
      vertex -5.670246854e-02 4.992295429e-02 4.585779086e-02
      vertex -5.727795884e-02 4.634865746e-02 4.734252021e-02
    endloop
  endfacet
  facet normal -8.392332196e-01 4.996078908e-01 -2.146614194e-01
    outer loop
      vertex -5.383359641e-02 5.633787438e-02 4.351451993e-02
      vertex -5.419450253e-02 5.580624565e-02 4.368818179e-02
      vertex -5.516600609e-02 5.610522255e-02 4.818218574e-02
    endloop
  endfacet
  facet normal -8.880231380e-01 4.043634236e-01 -2.188722938e-01
    outer loop
      vertex -5.516600609e-02 5.610522255e-02 4.818218574e-02
      vertex -5.419450253e-02 5.580624565e-02 4.368818179e-02
      vertex -5.560278520e-02 5.320551619e-02 4.459714890e-02
    endloop
  endfacet
  facet normal -9.329919219e-01 3.268336356e-01 -1.506847143e-01
    outer loop
      vertex -5.516600609e-02 5.610522255e-02 4.818218574e-02
      vertex -5.560278520e-02 5.320551619e-02 4.459714890e-02
      vertex -5.686653405e-02 5.169762298e-02 4.915127531e-02
    endloop
  endfacet
  facet normal -9.459422231e-01 2.754037380e-01 -1.713070422e-01
    outer loop
      vertex -5.686653405e-02 5.169762298e-02 4.915127531e-02
      vertex -5.560278520e-02 5.320551619e-02 4.459714890e-02
      vertex -5.648050085e-02 5.076686665e-02 4.552329332e-02
    endloop
  endfacet
  facet normal -9.689592719e-01 1.942401975e-01 -1.529337019e-01
    outer loop
      vertex -5.686653405e-02 5.169762298e-02 4.915127531e-02
      vertex -5.648050085e-02 5.076686665e-02 4.552329332e-02
      vertex -5.670246854e-02 4.992295429e-02 4.585779086e-02
    endloop
  endfacet
  facet normal -7.910432816e-01 5.316371322e-01 -3.026755750e-01
    outer loop
      vertex -5.418007821e-02 5.931350216e-02 5.124067143e-02
      vertex -5.212768540e-02 6.019878015e-02 4.743169248e-02
      vertex -5.516600609e-02 5.610522255e-02 4.818218574e-02
    endloop
  endfacet
  facet normal -8.024540544e-01 5.557743907e-01 -2.172149271e-01
    outer loop
      vertex -5.516600609e-02 5.610522255e-02 4.818218574e-02
      vertex -5.212768540e-02 6.019878015e-02 4.743169248e-02
      vertex -5.216395855e-02 5.837443098e-02 4.289784655e-02
    endloop
  endfacet
  facet normal -7.866081595e-01 5.857366323e-01 -1.953463703e-01
    outer loop
      vertex -5.516600609e-02 5.610522255e-02 4.818218574e-02
      vertex -5.216395855e-02 5.837443098e-02 4.289784655e-02
      vertex -5.383359641e-02 5.633787438e-02 4.351451993e-02
    endloop
  endfacet
  facet normal -8.715638518e-02 9.511075020e-01 -2.963077426e-01
    outer loop
      vertex -3.805407509e-02 6.457656622e-02 4.251330346e-02
      vertex -4.110149294e-02 6.419768929e-02 4.219353199e-02
      vertex -4.023680836e-02 6.585653126e-02 4.726384953e-02
    endloop
  endfacet
  facet normal -2.241956145e-01 9.368881583e-01 -2.682851553e-01
    outer loop
      vertex -4.023680836e-02 6.585653126e-02 4.726384953e-02
      vertex -4.110149294e-02 6.419768929e-02 4.219353199e-02
      vertex -4.428393021e-02 6.338824332e-02 4.202627763e-02
    endloop
  endfacet
  facet normal -2.119220197e-01 9.369696379e-01 -2.778074741e-01
    outer loop
      vertex -4.023680836e-02 6.585653126e-02 4.726384953e-02
      vertex -4.428393021e-02 6.338824332e-02 4.202627763e-02
      vertex -4.516710341e-02 6.467044353e-02 4.702451080e-02
    endloop
  endfacet
  facet normal -3.862774670e-01 8.747266531e-01 -2.926483154e-01
    outer loop
      vertex -4.516710341e-02 6.467044353e-02 4.702451080e-02
      vertex -4.428393021e-02 6.338824332e-02 4.202627763e-02
      vertex -4.734960943e-02 6.205740198e-02 4.209490493e-02
    endloop
  endfacet
  facet normal -4.564936161e-01 8.537516594e-01 -2.504429817e-01
    outer loop
      vertex -4.516710341e-02 6.467044353e-02 4.702451080e-02
      vertex -4.734960943e-02 6.205740198e-02 4.209490493e-02
      vertex -4.961246252e-02 6.232981011e-02 4.714813828e-02
    endloop
  endfacet
  facet normal -5.439435840e-01 7.888407707e-01 -2.861041725e-01
    outer loop
      vertex -4.961246252e-02 6.232981011e-02 4.714813828e-02
      vertex -4.734960943e-02 6.205740198e-02 4.209490493e-02
      vertex -4.993176460e-02 6.038456783e-02 4.239181429e-02
    endloop
  endfacet
  facet normal -6.418479681e-01 7.239030600e-01 -2.529733777e-01
    outer loop
      vertex -4.961246252e-02 6.232981011e-02 4.714813828e-02
      vertex -4.993176460e-02 6.038456783e-02 4.239181429e-02
      vertex -5.212768540e-02 6.019878015e-02 4.743169248e-02
    endloop
  endfacet
  facet normal -6.614254713e-01 7.026535273e-01 -2.622868121e-01
    outer loop
      vertex -5.212768540e-02 6.019878015e-02 4.743169248e-02
      vertex -4.993176460e-02 6.038456783e-02 4.239181429e-02
      vertex -5.159840733e-02 5.894623324e-02 4.274146631e-02
    endloop
  endfacet
  facet normal -7.215278745e-01 6.443141103e-01 -2.534893751e-01
    outer loop
      vertex -5.212768540e-02 6.019878015e-02 4.743169248e-02
      vertex -5.159840733e-02 5.894623324e-02 4.274146631e-02
      vertex -5.216395855e-02 5.837443098e-02 4.289784655e-02
    endloop
  endfacet
  facet normal -2.033613063e-02 9.583693147e-01 -2.848064601e-01
    outer loop
      vertex -3.629380465e-02 6.468352675e-02 4.274753481e-02
      vertex -3.805407509e-02 6.457656622e-02 4.251330346e-02
      vertex -3.629368171e-02 6.749010086e-02 5.219160393e-02
    endloop
  endfacet
  facet normal -4.724514112e-02 9.588226080e-01 -2.800484300e-01
    outer loop
      vertex -3.629368171e-02 6.749010086e-02 5.219160393e-02
      vertex -3.805407509e-02 6.457656622e-02 4.251330346e-02
      vertex -4.023680836e-02 6.585653126e-02 4.726384953e-02
    endloop
  endfacet
  facet normal -4.771368578e-02 9.589012265e-01 -2.796995640e-01
    outer loop
      vertex -3.629368171e-02 6.749010086e-02 5.219160393e-02
      vertex -4.023680836e-02 6.585653126e-02 4.726384953e-02
      vertex -4.063400254e-02 6.726580858e-02 5.216306821e-02
    endloop
  endfacet
  facet normal -1.768165082e-01 9.419869184e-01 -2.853008509e-01
    outer loop
      vertex -4.063400254e-02 6.726580858e-02 5.216306821e-02
      vertex -4.023680836e-02 6.585653126e-02 4.726384953e-02
      vertex -4.414594918e-02 6.658041477e-02 5.207662657e-02
    endloop
  endfacet
  facet normal 9.797795676e-03 9.586844444e-01 -2.843028307e-01
    outer loop
      vertex 3.208317980e-02 6.748439372e-02 5.219169334e-02
      vertex 3.208322823e-02 6.468358636e-02 4.274722189e-02
      vertex 3.077935986e-02 6.749820709e-02 5.219333991e-02
    endloop
  endfacet
  facet normal -2.142231097e-06 9.583610892e-01 -2.855591774e-01
    outer loop
      vertex 3.077935986e-02 6.749820709e-02 5.219333991e-02
      vertex 3.208322823e-02 6.468358636e-02 4.274722189e-02
      vertex -3.629380465e-02 6.468352675e-02 4.274753481e-02
    endloop
  endfacet
  facet normal -1.084764517e-04 9.585674405e-01 -2.848656178e-01
    outer loop
      vertex 3.077935986e-02 6.749820709e-02 5.219333991e-02
      vertex -3.629380465e-02 6.468352675e-02 4.274753481e-02
      vertex -3.629368171e-02 6.749010086e-02 5.219160393e-02
    endloop
  endfacet
  facet normal 9.624534249e-01 2.102522403e-01 -1.716898084e-01
    outer loop
      vertex 5.578887463e-02 4.676276073e-02 5.012952909e-02
      vertex 5.462798104e-02 5.112932250e-02 4.896914214e-02
      vertex 5.479937419e-02 5.160538480e-02 5.051292107e-02
    endloop
  endfacet
  facet normal 3.898444772e-01 8.743481636e-01 -2.890269160e-01
    outer loop
      vertex 4.331327602e-02 6.221733615e-02 4.176114127e-02
      vertex 4.190127179e-02 6.284387410e-02 4.175196216e-02
      vertex 4.249709472e-02 6.426027417e-02 4.684043303e-02
    endloop
  endfacet
  facet normal 4.110013694e-02 9.540533423e-01 -2.968045473e-01
    outer loop
      vertex 3.751386702e-02 6.564214826e-02 4.702196643e-02
      vertex 3.208317980e-02 6.748439372e-02 5.219169334e-02
      vertex 3.424523026e-02 6.738714874e-02 5.217849836e-02
    endloop
  endfacet
  facet normal 4.896036536e-02 9.575807452e-01 -2.839753330e-01
    outer loop
      vertex 3.208322823e-02 6.468358636e-02 4.274722189e-02
      vertex 3.208317980e-02 6.748439372e-02 5.219169334e-02
      vertex 3.660209849e-02 6.426586211e-02 4.211773351e-02
    endloop
  endfacet
  facet normal 5.868627876e-02 9.582548141e-01 -2.798278928e-01
    outer loop
      vertex 3.660209849e-02 6.426586211e-02 4.211773351e-02
      vertex 3.208317980e-02 6.748439372e-02 5.219169334e-02
      vertex 3.751386702e-02 6.564214826e-02 4.702196643e-02
    endloop
  endfacet
  facet normal 1.829947084e-01 9.371716976e-01 -2.970220447e-01
    outer loop
      vertex 3.660209849e-02 6.426586211e-02 4.211773351e-02
      vertex 3.751386702e-02 6.564214826e-02 4.702196643e-02
      vertex 4.001902789e-02 6.350332499e-02 4.181692004e-02
    endloop
  endfacet
  facet normal 2.488817871e-01 9.320803285e-01 -2.632188201e-01
    outer loop
      vertex 4.001902789e-02 6.350332499e-02 4.181692004e-02
      vertex 3.751386702e-02 6.564214826e-02 4.702196643e-02
      vertex 4.249709472e-02 6.426027417e-02 4.684043303e-02
    endloop
  endfacet
  facet normal 2.984982729e-01 9.110143185e-01 -2.845200598e-01
    outer loop
      vertex 4.001902789e-02 6.350332499e-02 4.181692004e-02
      vertex 4.249709472e-02 6.426027417e-02 4.684043303e-02
      vertex 4.151375592e-02 6.299532950e-02 4.175851494e-02
    endloop
  endfacet
  facet normal 3.442495763e-01 8.933038712e-01 -2.889644802e-01
    outer loop
      vertex 4.151375592e-02 6.299532950e-02 4.175851494e-02
      vertex 4.249709472e-02 6.426027417e-02 4.684043303e-02
      vertex 4.190127179e-02 6.284387410e-02 4.175196216e-02
    endloop
  endfacet
  facet normal 5.040820837e-01 8.175078630e-01 -2.785357237e-01
    outer loop
      vertex 4.331327602e-02 6.221733615e-02 4.176114127e-02
      vertex 4.731226712e-02 6.154325232e-02 4.701989517e-02
      vertex 4.627560079e-02 6.046467647e-02 4.197813943e-02
    endloop
  endfacet
  facet normal 6.427432895e-01 7.113596797e-01 -2.843385935e-01
    outer loop
      vertex 4.627560079e-02 6.046467647e-02 4.197813943e-02
      vertex 4.731226712e-02 6.154325232e-02 4.701989517e-02
      vertex 4.927675053e-02 5.985761806e-02 4.724345356e-02
    endloop
  endfacet
  facet normal 6.461702585e-01 7.072699666e-01 -2.867633998e-01
    outer loop
      vertex 4.627560079e-02 6.046467647e-02 4.197813943e-02
      vertex 4.927675053e-02 5.985761806e-02 4.724345356e-02
      vertex 4.891270027e-02 5.825478956e-02 4.246993363e-02
    endloop
  endfacet
  facet normal 7.354156971e-01 6.234663725e-01 -2.654305398e-01
    outer loop
      vertex 4.891270027e-02 5.825478956e-02 4.246993363e-02
      vertex 4.927675053e-02 5.985761806e-02 4.724345356e-02
      vertex 4.988603666e-02 5.722598359e-02 4.275016114e-02
    endloop
  endfacet
  facet normal 7.823937535e-01 5.778260231e-01 -2.323296964e-01
    outer loop
      vertex 4.988603666e-02 5.722598359e-02 4.275016114e-02
      vertex 4.927675053e-02 5.985761806e-02 4.724345356e-02
      vertex 5.247559026e-02 5.581289157e-02 4.795625061e-02
    endloop
  endfacet
  facet normal 7.911661863e-01 5.621374249e-01 -2.409515381e-01
    outer loop
      vertex 4.988603666e-02 5.722598359e-02 4.275016114e-02
      vertex 5.247559026e-02 5.581289157e-02 4.795625061e-02
      vertex 5.115680024e-02 5.564206466e-02 4.322745651e-02
    endloop
  endfacet
  facet normal 8.617293239e-01 4.379639030e-01 -2.561448216e-01
    outer loop
      vertex 5.115680024e-02 5.564206466e-02 4.322745651e-02
      vertex 5.247559026e-02 5.581289157e-02 4.795625061e-02
      vertex 5.300610512e-02 5.260683224e-02 4.425920919e-02
    endloop
  endfacet
  facet normal 9.065520763e-01 3.745127320e-01 -1.946882904e-01
    outer loop
      vertex 5.300610512e-02 5.260683224e-02 4.425920919e-02
      vertex 5.247559026e-02 5.581289157e-02 4.795625061e-02
      vertex 5.462798104e-02 5.112932250e-02 4.896914214e-02
    endloop
  endfacet
  facet normal 9.218204021e-01 3.214600086e-01 -2.165886462e-01
    outer loop
      vertex 5.300610512e-02 5.260683224e-02 4.425920919e-02
      vertex 5.462798104e-02 5.112932250e-02 4.896914214e-02
      vertex 5.410902202e-02 5.008133873e-02 4.520499334e-02
    endloop
  endfacet
  facet normal 9.443973303e-01 2.591627538e-01 -2.023569942e-01
    outer loop
      vertex 5.410902202e-02 5.008133873e-02 4.520499334e-02
      vertex 5.462798104e-02 5.112932250e-02 4.896914214e-02
      vertex 5.437456816e-02 4.933991656e-02 4.549473897e-02
    endloop
  endfacet
  facet normal 9.617696404e-01 2.085158825e-01 -1.775396615e-01
    outer loop
      vertex 5.437456816e-02 4.933991656e-02 4.549473897e-02
      vertex 5.462798104e-02 5.112932250e-02 4.896914214e-02
      vertex 5.578887463e-02 4.676276073e-02 5.012952909e-02
    endloop
  endfacet
  facet normal 9.633691907e-01 1.920440942e-01 -1.871868372e-01
    outer loop
      vertex 5.437456816e-02 4.933991656e-02 4.549473897e-02
      vertex 5.578887463e-02 4.676276073e-02 5.012952909e-02
      vertex 5.540342629e-02 4.565140232e-02 4.700559750e-02
    endloop
  endfacet
  facet normal 9.140110612e-01 3.478625715e-01 -2.087471783e-01
    outer loop
      vertex 5.479937419e-02 5.160538480e-02 5.051292107e-02
      vertex 5.462798104e-02 5.112932250e-02 4.896914214e-02
      vertex 5.353652313e-02 5.511082336e-02 5.082502589e-02
    endloop
  endfacet
  facet normal 9.000331759e-01 3.607290685e-01 -2.445707023e-01
    outer loop
      vertex 5.353652313e-02 5.511082336e-02 5.082502589e-02
      vertex 5.462798104e-02 5.112932250e-02 4.896914214e-02
      vertex 5.247559026e-02 5.581289157e-02 4.795625061e-02
    endloop
  endfacet
  facet normal 8.695088029e-01 4.458968639e-01 -2.124392390e-01
    outer loop
      vertex 5.353652313e-02 5.511082336e-02 5.082502589e-02
      vertex 5.247559026e-02 5.581289157e-02 4.795625061e-02
      vertex 5.280541256e-02 5.660432205e-02 5.096736923e-02
    endloop
  endfacet
  facet normal 8.253638148e-01 5.172405243e-01 -2.263555229e-01
    outer loop
      vertex 5.280541256e-02 5.660432205e-02 5.096736923e-02
      vertex 5.247559026e-02 5.581289157e-02 4.795625061e-02
      vertex 5.175569281e-02 5.835568532e-02 5.114176497e-02
    endloop
  endfacet
  facet normal 7.769464254e-01 5.658100843e-01 -2.760673761e-01
    outer loop
      vertex 5.175569281e-02 5.835568532e-02 5.114176497e-02
      vertex 5.247559026e-02 5.581289157e-02 4.795625061e-02
      vertex 4.927675053e-02 5.985761806e-02 4.724345356e-02
    endloop
  endfacet
  facet normal 7.511266470e-01 6.146636605e-01 -2.408263683e-01
    outer loop
      vertex 5.175569281e-02 5.835568532e-02 5.114176497e-02
      vertex 4.927675053e-02 5.985761806e-02 4.724345356e-02
      vertex 4.992230237e-02 6.069242582e-02 5.138758942e-02
    endloop
  endfacet
  facet normal 6.471351981e-01 7.215419412e-01 -2.461570203e-01
    outer loop
      vertex 4.992230237e-02 6.069242582e-02 5.138758942e-02
      vertex 4.927675053e-02 5.985761806e-02 4.724345356e-02
      vertex 4.731226712e-02 6.154325232e-02 4.701989517e-02
    endloop
  endfacet
  facet normal 6.388533711e-01 7.311530113e-01 -2.393357605e-01
    outer loop
      vertex 4.992230237e-02 6.069242582e-02 5.138758942e-02
      vertex 4.731226712e-02 6.154325232e-02 4.701989517e-02
      vertex 4.739093781e-02 6.298832595e-02 5.164447054e-02
    endloop
  endfacet
  facet normal 4.819405377e-01 8.369874358e-01 -2.592013776e-01
    outer loop
      vertex 4.331327602e-02 6.221733615e-02 4.176114127e-02
      vertex 4.249709472e-02 6.426027417e-02 4.684043303e-02
      vertex 4.731226712e-02 6.154325232e-02 4.701989517e-02
    endloop
  endfacet
  facet normal 4.792119861e-01 8.305215240e-01 -2.838835716e-01
    outer loop
      vertex 4.731226712e-02 6.154325232e-02 4.701989517e-02
      vertex 4.249709472e-02 6.426027417e-02 4.684043303e-02
      vertex 4.487781972e-02 6.459316611e-02 5.183313414e-02
    endloop
  endfacet
  facet normal 5.046969652e-01 8.215236068e-01 -2.652922273e-01
    outer loop
      vertex 4.731226712e-02 6.154325232e-02 4.701989517e-02
      vertex 4.487781972e-02 6.459316611e-02 5.183313414e-02
      vertex 4.739093781e-02 6.298832595e-02 5.164447054e-02
    endloop
  endfacet
  facet normal 1.138707325e-01 9.607561827e-01 -2.529447973e-01
    outer loop
      vertex 3.424523026e-02 6.738714874e-02 5.217849836e-02
      vertex 3.809943795e-02 6.691457331e-02 5.211861059e-02
      vertex 3.751386702e-02 6.564214826e-02 4.702196643e-02
    endloop
  endfacet
  facet normal 2.338867486e-01 9.366555810e-01 -2.607169151e-01
    outer loop
      vertex 3.751386702e-02 6.564214826e-02 4.702196643e-02
      vertex 3.809943795e-02 6.691457331e-02 5.211861059e-02
      vertex 4.158152640e-02 6.601376832e-02 5.200611427e-02
    endloop
  endfacet
  facet normal 2.479648143e-01 9.298879504e-01 -2.717016935e-01
    outer loop
      vertex 3.751386702e-02 6.564214826e-02 4.702196643e-02
      vertex 4.158152640e-02 6.601376832e-02 5.200611427e-02
      vertex 4.249709472e-02 6.426027417e-02 4.684043303e-02
    endloop
  endfacet
  facet normal 3.299995661e-01 9.101480842e-01 -2.504611015e-01
    outer loop
      vertex 4.249709472e-02 6.426027417e-02 4.684043303e-02
      vertex 4.158152640e-02 6.601376832e-02 5.200611427e-02
      vertex 4.300506040e-02 6.547954679e-02 5.194041505e-02
    endloop
  endfacet
  facet normal 4.023901820e-01 8.805052638e-01 -2.505844831e-01
    outer loop
      vertex 4.249709472e-02 6.426027417e-02 4.684043303e-02
      vertex 4.300506040e-02 6.547954679e-02 5.194041505e-02
      vertex 4.487781972e-02 6.459316611e-02 5.183313414e-02
    endloop
  endfacet
  facet normal 9.806696773e-01 -7.714927942e-02 -1.798191816e-01
    outer loop
      vertex 5.841770023e-02 -2.110055275e-02 4.886997119e-02
      vertex 5.803504214e-02 -2.635514922e-02 4.903751239e-02
      vertex 5.644842982e-02 -2.635377832e-02 4.038410634e-02
    endloop
  endfacet
  facet normal 9.776843786e-01 1.283658445e-01 -1.662991941e-01
    outer loop
      vertex 5.540342629e-02 4.565140232e-02 4.700559750e-02
      vertex 5.578887463e-02 4.676276073e-02 5.012952909e-02
      vertex 5.742299557e-02 3.326704726e-02 4.931933805e-02
    endloop
  endfacet
  facet normal 9.752859473e-01 1.190227419e-01 -1.861475408e-01
    outer loop
      vertex 5.428450182e-02 3.752183542e-02 3.524044901e-02
      vertex 5.438879132e-02 4.002160951e-02 3.738521039e-02
      vertex 5.579471216e-02 3.330355510e-02 4.045575112e-02
    endloop
  endfacet
  facet normal 9.759904146e-01 1.216799691e-01 -1.806563288e-01
    outer loop
      vertex 5.579471216e-02 3.330355510e-02 4.045575112e-02
      vertex 5.438879132e-02 4.002160951e-02 3.738521039e-02
      vertex 5.460721627e-02 4.216773435e-02 4.001075402e-02
    endloop
  endfacet
  facet normal 9.769257903e-01 1.220765710e-01 -1.752522588e-01
    outer loop
      vertex 5.579471216e-02 3.330355510e-02 4.045575112e-02
      vertex 5.460721627e-02 4.216773435e-02 4.001075402e-02
      vertex 5.493231490e-02 4.396648332e-02 4.307594895e-02
    endloop
  endfacet
  facet normal 9.772588611e-01 9.330154210e-02 -1.904204488e-01
    outer loop
      vertex 5.461679399e-02 2.747681551e-02 3.155557811e-02
      vertex 5.439062044e-02 3.162863478e-02 3.242912516e-02
      vertex 5.579471216e-02 3.330355510e-02 4.045575112e-02
    endloop
  endfacet
  facet normal 9.756547809e-01 1.049494743e-01 -1.925704330e-01
    outer loop
      vertex 5.579471216e-02 3.330355510e-02 4.045575112e-02
      vertex 5.439062044e-02 3.162863478e-02 3.242912516e-02
      vertex 5.428871140e-02 3.476796672e-02 3.362371773e-02
    endloop
  endfacet
  facet normal 9.750887156e-01 1.134066060e-01 -1.906329095e-01
    outer loop
      vertex 5.579471216e-02 3.330355510e-02 4.045575112e-02
      vertex 5.428871140e-02 3.476796672e-02 3.362371773e-02
      vertex 5.428450182e-02 3.752183542e-02 3.524044901e-02
    endloop
  endfacet
  facet normal 9.797459245e-01 8.139580488e-02 -1.829551905e-01
    outer loop
      vertex 5.461679399e-02 2.747681551e-02 3.155557811e-02
      vertex 5.579471216e-02 3.330355510e-02 4.045575112e-02
      vertex 5.485509709e-02 2.383991890e-02 3.121368214e-02
    endloop
  endfacet
  facet normal 9.806499481e-01 7.799303532e-02 -1.795627475e-01
    outer loop
      vertex 5.485509709e-02 2.383991890e-02 3.121368214e-02
      vertex 5.579471216e-02 3.330355510e-02 4.045575112e-02
      vertex 5.721501634e-02 1.508071739e-02 4.029740393e-02
    endloop
  endfacet
  facet normal 9.792587757e-01 6.472215056e-02 -1.919981092e-01
    outer loop
      vertex 5.485509709e-02 2.383991890e-02 3.121368214e-02
      vertex 5.721501634e-02 1.508071739e-02 4.029740393e-02
      vertex 5.529303104e-02 1.645213179e-02 3.095689416e-02
    endloop
  endfacet
  facet normal 9.798951149e-01 3.179767355e-02 -1.969631463e-01
    outer loop
      vertex 5.529303104e-02 1.645213179e-02 3.095689416e-02
      vertex 5.721501634e-02 1.508071739e-02 4.029740393e-02
      vertex 5.754360557e-02 4.728702363e-03 4.026091471e-02
    endloop
  endfacet
  facet normal 9.797518849e-01 3.112016618e-02 -1.977821887e-01
    outer loop
      vertex 5.529303104e-02 1.645213179e-02 3.095689416e-02
      vertex 5.754360557e-02 4.728702363e-03 4.026091471e-02
      vertex 5.568159372e-02 2.942559775e-03 3.075604141e-02
    endloop
  endfacet
  facet normal 9.814068675e-01 -1.741155749e-03 -1.919311434e-01
    outer loop
      vertex 5.568159372e-02 2.942559775e-03 3.075604141e-02
      vertex 5.754360557e-02 4.728702363e-03 4.026091471e-02
      vertex 5.752567202e-02 -5.628439132e-03 4.026317224e-02
    endloop
  endfacet
  facet normal 9.795054197e-01 -1.225887798e-02 -2.010444105e-01
    outer loop
      vertex 5.568159372e-02 2.942559775e-03 3.075604141e-02
      vertex 5.752567202e-02 -5.628439132e-03 4.026317224e-02
      vertex 5.553129315e-02 -1.032880228e-02 3.083299845e-02
    endloop
  endfacet
  facet normal 9.819837213e-01 -5.242761970e-02 -1.815468967e-01
    outer loop
      vertex 5.553129315e-02 -1.032880228e-02 3.083299845e-02
      vertex 5.752567202e-02 -5.628439132e-03 4.026317224e-02
      vertex 5.496073142e-02 -2.206388302e-02 3.113573045e-02
    endloop
  endfacet
  facet normal 9.818961620e-01 -5.209872499e-02 -1.821145117e-01
    outer loop
      vertex 5.496073142e-02 -2.206388302e-02 3.113573045e-02
      vertex 5.752567202e-02 -5.628439132e-03 4.026317224e-02
      vertex 5.644842982e-02 -2.635377832e-02 4.038410634e-02
    endloop
  endfacet
  facet normal 9.777109027e-01 -7.969535887e-02 -1.942420751e-01
    outer loop
      vertex 5.496073142e-02 -2.206388302e-02 3.113573045e-02
      vertex 5.644842982e-02 -2.635377832e-02 4.038410634e-02
      vertex 5.461652577e-02 -2.730998583e-02 3.155560046e-02
    endloop
  endfacet
  facet normal 9.775259495e-01 -1.074694023e-01 -1.813652515e-01
    outer loop
      vertex 5.428436399e-02 -3.734475747e-02 3.523297235e-02
      vertex 5.428762361e-02 -3.459358588e-02 3.362031281e-02
      vertex 5.644842982e-02 -2.635377832e-02 4.038410634e-02
    endloop
  endfacet
  facet normal 9.769807458e-01 -1.027323455e-01 -1.869618595e-01
    outer loop
      vertex 5.644842982e-02 -2.635377832e-02 4.038410634e-02
      vertex 5.428762361e-02 -3.459358588e-02 3.362031281e-02
      vertex 5.438965932e-02 -3.145203367e-02 3.242727742e-02
    endloop
  endfacet
  facet normal 9.767835140e-01 -9.401066601e-02 -1.924991608e-01
    outer loop
      vertex 5.644842982e-02 -2.635377832e-02 4.038410634e-02
      vertex 5.438965932e-02 -3.145203367e-02 3.242727742e-02
      vertex 5.461652577e-02 -2.730998583e-02 3.155560046e-02
    endloop
  endfacet
  facet normal 9.775356054e-01 -1.108767092e-01 -1.792498827e-01
    outer loop
      vertex 5.803504214e-02 -2.635514922e-02 4.903751239e-02
      vertex 5.460432172e-02 -4.199439660e-02 4.000195116e-02
      vertex 5.644842982e-02 -2.635377832e-02 4.038410634e-02
    endloop
  endfacet
  facet normal 9.788147211e-01 -1.112067327e-01 -1.719151735e-01
    outer loop
      vertex 5.644842982e-02 -2.635377832e-02 4.038410634e-02
      vertex 5.460432172e-02 -4.199439660e-02 4.000195116e-02
      vertex 5.438817292e-02 -3.985962644e-02 3.739036992e-02
    endloop
  endfacet
  facet normal 9.782559872e-01 -1.102953553e-01 -1.756422073e-01
    outer loop
      vertex 5.644842982e-02 -2.635377832e-02 4.038410634e-02
      vertex 5.438817292e-02 -3.985962644e-02 3.739036992e-02
      vertex 5.428436399e-02 -3.734475747e-02 3.523297235e-02
    endloop
  endfacet
  facet normal 9.748106599e-01 -1.430592537e-01 -1.711087674e-01
    outer loop
      vertex 5.636807904e-02 -4.229233041e-02 4.983228818e-02
      vertex 5.578868091e-02 -4.659584537e-02 5.012949184e-02
      vertex 5.540342629e-02 -4.548457637e-02 4.700558633e-02
    endloop
  endfacet
  facet normal 9.752708077e-01 -1.000979319e-01 -1.970464438e-01
    outer loop
      vertex 5.803504214e-02 -2.635514922e-02 4.903751239e-02
      vertex 5.721448734e-02 -3.509676829e-02 4.941688851e-02
      vertex 5.460432172e-02 -4.199439660e-02 4.000195116e-02
    endloop
  endfacet
  facet normal 9.758818746e-01 -1.251192242e-01 -1.788846254e-01
    outer loop
      vertex 5.460432172e-02 -4.199439660e-02 4.000195116e-02
      vertex 5.721448734e-02 -3.509676829e-02 4.941688851e-02
      vertex 5.636807904e-02 -4.229233041e-02 4.983228818e-02
    endloop
  endfacet
  facet normal 9.755280614e-01 -1.278230250e-01 -1.789030731e-01
    outer loop
      vertex 5.460432172e-02 -4.199439660e-02 4.000195116e-02
      vertex 5.636807904e-02 -4.229233041e-02 4.983228818e-02
      vertex 5.492954329e-02 -4.379091039e-02 4.305890575e-02
    endloop
  endfacet
  facet normal 9.745562077e-01 -1.383197606e-01 -1.763743162e-01
    outer loop
      vertex 5.492954329e-02 -4.379091039e-02 4.305890575e-02
      vertex 5.636807904e-02 -4.229233041e-02 4.983228818e-02
      vertex 5.540342629e-02 -4.548457637e-02 4.700558633e-02
    endloop
  endfacet
  facet normal 9.793705940e-01 -5.148987845e-02 -1.954023093e-01
    outer loop
      vertex 5.841770023e-02 -2.110055275e-02 4.886997119e-02
      vertex 5.644842982e-02 -2.635377832e-02 4.038410634e-02
      vertex 5.893889815e-02 -1.036596578e-02 4.865361378e-02
    endloop
  endfacet
  facet normal 9.795453548e-01 -5.204808339e-02 -1.943757385e-01
    outer loop
      vertex 5.893889815e-02 -1.036596578e-02 4.865361378e-02
      vertex 5.644842982e-02 -2.635377832e-02 4.038410634e-02
      vertex 5.752567202e-02 -5.628439132e-03 4.026317224e-02
    endloop
  endfacet
  facet normal 9.826981425e-01 -3.042593598e-02 -1.826981753e-01
    outer loop
      vertex 5.893889815e-02 -1.036596578e-02 4.865361378e-02
      vertex 5.752567202e-02 -5.628439132e-03 4.026317224e-02
      vertex 5.900147930e-02 -8.195760660e-03 4.862880707e-02
    endloop
  endfacet
  facet normal 9.847000837e-01 -1.743003842e-03 -1.742488742e-01
    outer loop
      vertex 5.900147930e-02 -8.195760660e-03 4.862880707e-02
      vertex 5.752567202e-02 -5.628439132e-03 4.026317224e-02
      vertex 5.754360557e-02 4.728702363e-03 4.026091471e-02
    endloop
  endfacet
  facet normal 9.841817021e-01 -3.662970616e-03 -1.771240085e-01
    outer loop
      vertex 5.900147930e-02 -8.195760660e-03 4.862880707e-02
      vertex 5.754360557e-02 4.728702363e-03 4.026091471e-02
      vertex 5.905123800e-02 6.112304982e-03 4.860939458e-02
    endloop
  endfacet
  facet normal 9.826475978e-01 3.183487058e-02 -1.827300489e-01
    outer loop
      vertex 5.905123800e-02 6.112304982e-03 4.860939458e-02
      vertex 5.754360557e-02 4.728702363e-03 4.026091471e-02
      vertex 5.721501634e-02 1.508071739e-02 4.029740393e-02
    endloop
  endfacet
  facet normal 9.840787649e-01 4.125917330e-02 -1.728776544e-01
    outer loop
      vertex 5.905123800e-02 6.112304982e-03 4.860939458e-02
      vertex 5.721501634e-02 1.508071739e-02 4.029740393e-02
      vertex 5.852642655e-02 1.952802949e-02 4.882379994e-02
    endloop
  endfacet
  facet normal 9.797488451e-01 7.043864578e-02 -1.874314994e-01
    outer loop
      vertex 5.852642655e-02 1.952802949e-02 4.882379994e-02
      vertex 5.721501634e-02 1.508071739e-02 4.029740393e-02
      vertex 5.822672695e-02 2.404033951e-02 4.895297065e-02
    endloop
  endfacet
  facet normal 9.777216315e-01 7.789821178e-02 -1.949161589e-01
    outer loop
      vertex 5.822672695e-02 2.404033951e-02 4.895297065e-02
      vertex 5.721501634e-02 1.508071739e-02 4.029740393e-02
      vertex 5.579471216e-02 3.330355510e-02 4.045575112e-02
    endloop
  endfacet
  facet normal 9.793977141e-01 9.244357049e-02 -1.795392931e-01
    outer loop
      vertex 5.822672695e-02 2.404033951e-02 4.895297065e-02
      vertex 5.579471216e-02 3.330355510e-02 4.045575112e-02
      vertex 5.742299557e-02 3.326704726e-02 4.931933805e-02
    endloop
  endfacet
  facet normal 9.761762023e-01 1.228931546e-01 -1.788220704e-01
    outer loop
      vertex 5.742299557e-02 3.326704726e-02 4.931933805e-02
      vertex 5.579471216e-02 3.330355510e-02 4.045575112e-02
      vertex 5.493231490e-02 4.396648332e-02 4.307594895e-02
    endloop
  endfacet
  facet normal 9.769033194e-01 1.272346824e-01 -1.716719419e-01
    outer loop
      vertex 5.742299557e-02 3.326704726e-02 4.931933805e-02
      vertex 5.493231490e-02 4.396648332e-02 4.307594895e-02
      vertex 5.540342629e-02 4.565140232e-02 4.700559750e-02
    endloop
  endfacet
  facet normal 4.230134189e-02 -9.578260183e-01 -2.842181027e-01
    outer loop
      vertex 3.406110778e-02 -6.722891331e-02 5.218194798e-02
      vertex 3.208320588e-02 -6.731915474e-02 5.219168589e-02
      vertex 3.208322823e-02 -6.470748782e-02 4.339027032e-02
    endloop
  endfacet
  facet normal 1.121852994e-01 -9.482075572e-01 -2.971814871e-01
    outer loop
      vertex 3.406110778e-02 -6.722891331e-02 5.218194798e-02
      vertex 3.208322823e-02 -6.470748782e-02 4.339027032e-02
      vertex 3.827934712e-02 -6.670865417e-02 5.211434886e-02
    endloop
  endfacet
  facet normal 2.225081809e-02 -9.708853364e-01 -2.385090590e-01
    outer loop
      vertex 3.827934712e-02 -6.670865417e-02 5.211434886e-02
      vertex 3.208322823e-02 -6.470748782e-02 4.339027032e-02
      vertex 3.751386702e-02 -6.547519565e-02 4.702196643e-02
    endloop
  endfacet
  facet normal 2.369733006e-01 -9.354633093e-01 -2.622060776e-01
    outer loop
      vertex 3.827934712e-02 -6.670865417e-02 5.211434886e-02
      vertex 3.751386702e-02 -6.547519565e-02 4.702196643e-02
      vertex 4.158892110e-02 -6.584036350e-02 5.200766400e-02
    endloop
  endfacet
  facet normal 2.480554879e-01 -9.301059246e-01 -2.708716989e-01
    outer loop
      vertex 4.158892110e-02 -6.584036350e-02 5.200766400e-02
      vertex 3.751386702e-02 -6.547519565e-02 4.702196643e-02
      vertex 4.249709472e-02 -6.409332156e-02 4.684043303e-02
    endloop
  endfacet
  facet normal 3.301963508e-01 -9.102773666e-01 -2.497308701e-01
    outer loop
      vertex 4.158892110e-02 -6.584036350e-02 5.200766400e-02
      vertex 4.249709472e-02 -6.409332156e-02 4.684043303e-02
      vertex 4.300350323e-02 -6.530901790e-02 5.194126442e-02
    endloop
  endfacet
  facet normal 4.012054205e-01 -8.812507391e-01 -2.498626262e-01
    outer loop
      vertex 4.300350323e-02 -6.530901790e-02 5.194126442e-02
      vertex 4.249709472e-02 -6.409332156e-02 4.684043303e-02
      vertex 4.482548311e-02 -6.444975734e-02 5.183626339e-02
    endloop
  endfacet
  facet normal 4.793519378e-01 -8.308484554e-01 -2.826880515e-01
    outer loop
      vertex 4.482548311e-02 -6.444975734e-02 5.183626339e-02
      vertex 4.249709472e-02 -6.409332156e-02 4.684043303e-02
      vertex 4.731226712e-02 -6.137630716e-02 4.701989517e-02
    endloop
  endfacet
  facet normal 5.026922822e-01 -8.227041960e-01 -2.654398978e-01
    outer loop
      vertex 4.482548311e-02 -6.444975734e-02 5.183626339e-02
      vertex 4.731226712e-02 -6.137630716e-02 4.701989517e-02
      vertex 4.736970365e-02 -6.283417344e-02 5.164719000e-02
    endloop
  endfacet
  facet normal 6.481142640e-01 -7.240039706e-01 -2.361485809e-01
    outer loop
      vertex 4.736970365e-02 -6.283417344e-02 5.164719000e-02
      vertex 4.731226712e-02 -6.137630716e-02 4.701989517e-02
      vertex 4.927675053e-02 -5.969065800e-02 4.724345356e-02
    endloop
  endfacet
  facet normal 6.338910460e-01 -7.324653268e-01 -2.483479381e-01
    outer loop
      vertex 4.736970365e-02 -6.283417344e-02 5.164719000e-02
      vertex 4.927675053e-02 -5.969065800e-02 4.724345356e-02
      vertex 4.984316230e-02 -6.060853973e-02 5.139633641e-02
    endloop
  endfacet
  facet normal 7.522800565e-01 -6.142147779e-01 -2.383589447e-01
    outer loop
      vertex 4.984316230e-02 -6.060853973e-02 5.139633641e-02
      vertex 4.927675053e-02 -5.969065800e-02 4.724345356e-02
      vertex 5.184150860e-02 -5.805632845e-02 5.112661794e-02
    endloop
  endfacet
  facet normal 7.770997286e-01 -5.661228299e-01 -2.749926150e-01
    outer loop
      vertex 5.184150860e-02 -5.805632845e-02 5.112661794e-02
      vertex 4.927675053e-02 -5.969065800e-02 4.724345356e-02
      vertex 5.247559026e-02 -5.564594641e-02 4.795625061e-02
    endloop
  endfacet
  facet normal 8.274561763e-01 -5.142650008e-01 -2.254944891e-01
    outer loop
      vertex 5.184150860e-02 -5.805632845e-02 5.112661794e-02
      vertex 5.247559026e-02 -5.564594641e-02 4.795625061e-02
      vertex 5.280455202e-02 -5.643678084e-02 5.096696690e-02
    endloop
  endfacet
  facet normal 8.715849519e-01 -4.423150420e-01 -2.114168257e-01
    outer loop
      vertex 5.280455202e-02 -5.643678084e-02 5.096696690e-02
      vertex 5.247559026e-02 -5.564594641e-02 4.795625061e-02
      vertex 5.361805484e-02 -5.475771800e-02 5.080785975e-02
    endloop
  endfacet
  facet normal 8.994385004e-01 -3.596446812e-01 -2.483264655e-01
    outer loop
      vertex 5.361805484e-02 -5.475771800e-02 5.080785975e-02
      vertex 5.247559026e-02 -5.564594641e-02 4.795625061e-02
      vertex 5.462798104e-02 -5.096239224e-02 4.896914214e-02
    endloop
  endfacet
  facet normal 9.176541567e-01 -3.421205282e-01 -2.021495253e-01
    outer loop
      vertex 5.361805484e-02 -5.475771800e-02 5.080785975e-02
      vertex 5.462798104e-02 -5.096239224e-02 4.896914214e-02
      vertex 5.483173206e-02 -5.131957307e-02 5.049856380e-02
    endloop
  endfacet
  facet normal 9.441390634e-01 -2.599737942e-01 -2.025216520e-01
    outer loop
      vertex 5.462798104e-02 -5.096239224e-02 4.896914214e-02
      vertex 5.410899222e-02 -4.991427436e-02 4.520420730e-02
      vertex 5.435842276e-02 -4.921970144e-02 4.547541961e-02
    endloop
  endfacet
  facet normal 9.618576169e-01 -2.086758018e-01 -1.768737137e-01
    outer loop
      vertex 5.483173206e-02 -5.131957307e-02 5.049856380e-02
      vertex 5.462798104e-02 -5.096239224e-02 4.896914214e-02
      vertex 5.578868091e-02 -4.659584537e-02 5.012949184e-02
    endloop
  endfacet
  facet normal 9.617096782e-01 -2.083088756e-01 -1.781065166e-01
    outer loop
      vertex 5.578868091e-02 -4.659584537e-02 5.012949184e-02
      vertex 5.462798104e-02 -5.096239224e-02 4.896914214e-02
      vertex 5.435842276e-02 -4.921970144e-02 4.547541961e-02
    endloop
  endfacet
  facet normal 9.632007480e-01 -1.927314848e-01 -1.873469204e-01
    outer loop
      vertex 5.578868091e-02 -4.659584537e-02 5.012949184e-02
      vertex 5.435842276e-02 -4.921970144e-02 4.547541961e-02
      vertex 5.540342629e-02 -4.548457637e-02 4.700558633e-02
    endloop
  endfacet
  facet normal 9.228876829e-01 -3.188030720e-01 -2.159696370e-01
    outer loop
      vertex 5.410899222e-02 -4.991427436e-02 4.520420730e-02
      vertex 5.462798104e-02 -5.096239224e-02 4.896914214e-02
      vertex 5.307139456e-02 -5.230963603e-02 4.430622235e-02
    endloop
  endfacet
  facet normal 9.065811038e-01 -3.745878041e-01 -1.944084167e-01
    outer loop
      vertex 5.307139456e-02 -5.230963603e-02 4.430622235e-02
      vertex 5.462798104e-02 -5.096239224e-02 4.896914214e-02
      vertex 5.247559026e-02 -5.564594641e-02 4.795625061e-02
    endloop
  endfacet
  facet normal 8.661282063e-01 -4.312014282e-01 -2.527593672e-01
    outer loop
      vertex 5.307139456e-02 -5.230963603e-02 4.430622235e-02
      vertex 5.247559026e-02 -5.564594641e-02 4.795625061e-02
      vertex 5.129078031e-02 -5.528912321e-02 4.328754172e-02
    endloop
  endfacet
  facet normal 7.813063264e-01 -5.752215385e-01 -2.422408313e-01
    outer loop
      vertex 5.129078031e-02 -5.528912321e-02 4.328754172e-02
      vertex 5.247559026e-02 -5.564594641e-02 4.795625061e-02
      vertex 4.927675053e-02 -5.969065800e-02 4.724345356e-02
    endloop
  endfacet
  facet normal 7.755923271e-01 -5.796055794e-01 -2.500278056e-01
    outer loop
      vertex 5.129078031e-02 -5.528912321e-02 4.328754172e-02
      vertex 4.927675053e-02 -5.969065800e-02 4.724345356e-02
      vertex 4.904682189e-02 -5.795443431e-02 4.250535741e-02
    endloop
  endfacet
  facet normal 6.418554187e-01 -7.094209790e-01 -2.911073267e-01
    outer loop
      vertex 4.904682189e-02 -5.795443431e-02 4.250535741e-02
      vertex 4.927675053e-02 -5.969065800e-02 4.724345356e-02
      vertex 4.731226712e-02 -6.137630716e-02 4.701989517e-02
    endloop
  endfacet
  facet normal 6.554142237e-01 -7.014941573e-01 -2.798895240e-01
    outer loop
      vertex 4.904682189e-02 -5.795443431e-02 4.250535741e-02
      vertex 4.731226712e-02 -6.137630716e-02 4.701989517e-02
      vertex 4.649180174e-02 -6.014258042e-02 4.200650007e-02
    endloop
  endfacet
  facet normal 5.151892900e-01 -8.088778257e-01 -2.833666801e-01
    outer loop
      vertex 4.649180174e-02 -6.014258042e-02 4.200650007e-02
      vertex 4.731226712e-02 -6.137630716e-02 4.701989517e-02
      vertex 4.354340211e-02 -6.193685904e-02 4.176782817e-02
    endloop
  endfacet
  facet normal 4.822056293e-01 -8.376270533e-01 -2.566293478e-01
    outer loop
      vertex 4.354340211e-02 -6.193685904e-02 4.176782817e-02
      vertex 4.731226712e-02 -6.137630716e-02 4.701989517e-02
      vertex 4.249709472e-02 -6.409332156e-02 4.684043303e-02
    endloop
  endfacet
  facet normal 3.958716094e-01 -8.716742396e-01 -2.889112532e-01
    outer loop
      vertex 4.354340211e-02 -6.193685904e-02 4.176782817e-02
      vertex 4.249709472e-02 -6.409332156e-02 4.684043303e-02
      vertex 4.190145060e-02 -6.267729402e-02 4.175197333e-02
    endloop
  endfacet
  facet normal 3.182854354e-01 -9.030133486e-01 -2.885503173e-01
    outer loop
      vertex 4.190145060e-02 -6.267729402e-02 4.175197333e-02
      vertex 4.249709472e-02 -6.409332156e-02 4.684043303e-02
      vertex 4.047061875e-02 -6.319504976e-02 4.179400206e-02
    endloop
  endfacet
  facet normal 2.486222684e-01 -9.314625263e-01 -2.656399310e-01
    outer loop
      vertex 4.047061875e-02 -6.319504976e-02 4.179400206e-02
      vertex 4.249709472e-02 -6.409332156e-02 4.684043303e-02
      vertex 3.751386702e-02 -6.547519565e-02 4.702196643e-02
    endloop
  endfacet
  facet normal 2.058298737e-01 -9.342954755e-01 -2.910773754e-01
    outer loop
      vertex 4.047061875e-02 -6.319504976e-02 4.179400206e-02
      vertex 3.751386702e-02 -6.547519565e-02 4.702196643e-02
      vertex 3.713480383e-02 -6.401240826e-02 4.205868766e-02
    endloop
  endfacet
  facet normal 5.617306009e-02 -9.565224051e-01 -2.861983180e-01
    outer loop
      vertex 3.713480383e-02 -6.401240826e-02 4.205868766e-02
      vertex 3.751386702e-02 -6.547519565e-02 4.702196643e-02
      vertex 3.208322823e-02 -6.470748782e-02 4.339027032e-02
    endloop
  endfacet
  facet normal 5.680326000e-02 -9.571067691e-01 -2.841126025e-01
    outer loop
      vertex 3.713480383e-02 -6.401240826e-02 4.205868766e-02
      vertex 3.208322823e-02 -6.470748782e-02 4.339027032e-02
      vertex 3.208323196e-02 -6.451660395e-02 4.274722934e-02
    endloop
  endfacet
  facet normal -3.595513524e-03 1.015312746e-01 9.948258400e-01
    outer loop
      vertex 4.941250384e-02 -5.608216301e-02 5.093282089e-02
      vertex 4.771119356e-02 -5.829233304e-02 5.115224048e-02
      vertex 4.984316230e-02 -6.060853973e-02 5.139633641e-02
    endloop
  endfacet
  facet normal 3.583948128e-03 1.080670804e-01 9.941371679e-01
    outer loop
      vertex 4.984316230e-02 -6.060853973e-02 5.139633641e-02
      vertex 4.771119356e-02 -5.829233304e-02 5.115224048e-02
      vertex 4.736970365e-02 -6.283417344e-02 5.164719000e-02
    endloop
  endfacet
  facet normal -5.170343444e-03 1.087168083e-01 9.940593243e-01
    outer loop
      vertex 4.771119356e-02 -5.829233304e-02 5.115224048e-02
      vertex 4.639541358e-02 -5.957121029e-02 5.128526315e-02
      vertex 4.736970365e-02 -6.283417344e-02 5.164719000e-02
    endloop
  endfacet
  facet normal -2.626959234e-03 1.094681993e-01 9.939868450e-01
    outer loop
      vertex 4.736970365e-02 -6.283417344e-02 5.164719000e-02
      vertex 4.639541358e-02 -5.957121029e-02 5.128526315e-02
      vertex 4.547792301e-02 -6.030980125e-02 5.136417970e-02
    endloop
  endfacet
  facet normal 2.103294013e-03 1.129692867e-01 9.935962558e-01
    outer loop
      vertex 4.736970365e-02 -6.283417344e-02 5.164719000e-02
      vertex 4.547792301e-02 -6.030980125e-02 5.136417970e-02
      vertex 4.482548311e-02 -6.444975734e-02 5.183626339e-02
    endloop
  endfacet
  facet normal -2.830153098e-03 1.137365922e-01 9.935069084e-01
    outer loop
      vertex 4.482548311e-02 -6.444975734e-02 5.183626339e-02
      vertex 4.547792301e-02 -6.030980125e-02 5.136417970e-02
      vertex 4.321133718e-02 -6.173715368e-02 5.152112618e-02
    endloop
  endfacet
  facet normal 2.203350188e-03 1.166921481e-01 9.931656718e-01
    outer loop
      vertex 4.482548311e-02 -6.444975734e-02 5.183626339e-02
      vertex 4.321133718e-02 -6.173715368e-02 5.152112618e-02
      vertex 4.300350323e-02 -6.530901790e-02 5.194126442e-02
    endloop
  endfacet
  facet normal -1.637145295e-03 1.169126928e-01 9.931408763e-01
    outer loop
      vertex 4.300350323e-02 -6.530901790e-02 5.194126442e-02
      vertex 4.321133718e-02 -6.173715368e-02 5.152112618e-02
      vertex 4.034935683e-02 -6.294050813e-02 5.165806785e-02
    endloop
  endfacet
  facet normal -2.922723070e-04 1.215844452e-01 9.925810695e-01
    outer loop
      vertex -4.115651920e-02 -6.703144312e-02 5.215442553e-02
      vertex -3.629368171e-02 -6.732326746e-02 5.219160393e-02
      vertex -3.629365936e-02 -6.407469511e-02 5.179367587e-02
    endloop
  endfacet
  facet normal -7.965946679e-06 1.215844452e-01 9.925810695e-01
    outer loop
      vertex -3.629365936e-02 -6.407469511e-02 5.179367587e-02
      vertex -3.629368171e-02 -6.732326746e-02 5.219160393e-02
      vertex 3.077938966e-02 -6.733292341e-02 5.219332501e-02
    endloop
  endfacet
  facet normal 3.802539868e-05 1.225171462e-01 9.924663901e-01
    outer loop
      vertex -3.629365936e-02 -6.407469511e-02 5.179367587e-02
      vertex 3.077938966e-02 -6.733292341e-02 5.219332501e-02
      vertex 3.207023069e-02 -6.407442689e-02 5.179102346e-02
    endloop
  endfacet
  facet normal -4.646354864e-05 1.225501075e-01 9.924623370e-01
    outer loop
      vertex 3.207023069e-02 -6.407442689e-02 5.179102346e-02
      vertex 3.077938966e-02 -6.733292341e-02 5.219332501e-02
      vertex 3.208320588e-02 -6.731915474e-02 5.219168589e-02
    endloop
  endfacet
  facet normal -2.135355317e-04 1.225494519e-01 9.924623966e-01
    outer loop
      vertex 3.207023069e-02 -6.407442689e-02 5.179102346e-02
      vertex 3.208320588e-02 -6.731915474e-02 5.219168589e-02
      vertex 3.568182141e-02 -6.390184164e-02 5.177048966e-02
    endloop
  endfacet
  facet normal -7.298131823e-04 1.230849177e-01 9.923958778e-01
    outer loop
      vertex 3.568182141e-02 -6.390184164e-02 5.177048966e-02
      vertex 3.208320588e-02 -6.731915474e-02 5.219168589e-02
      vertex 3.406110778e-02 -6.722891331e-02 5.218194798e-02
    endloop
  endfacet
  facet normal -1.168195158e-03 1.232951880e-01 9.923693538e-01
    outer loop
      vertex 3.568182141e-02 -6.390184164e-02 5.177048966e-02
      vertex 3.406110778e-02 -6.722891331e-02 5.218194798e-02
      vertex 3.905741498e-02 -6.331443787e-02 5.170148239e-02
    endloop
  endfacet
  facet normal 1.045201672e-03 1.205120534e-01 9.927113056e-01
    outer loop
      vertex 3.905741498e-02 -6.331443787e-02 5.170148239e-02
      vertex 3.406110778e-02 -6.722891331e-02 5.218194798e-02
      vertex 3.827934712e-02 -6.670865417e-02 5.211434886e-02
    endloop
  endfacet
  facet normal -1.703145914e-03 1.211327687e-01 9.926348329e-01
    outer loop
      vertex 3.905741498e-02 -6.331443787e-02 5.170148239e-02
      vertex 3.827934712e-02 -6.670865417e-02 5.211434886e-02
      vertex 4.034935683e-02 -6.294050813e-02 5.165806785e-02
    endloop
  endfacet
  facet normal 5.412999308e-04 1.199178174e-01 9.927836657e-01
    outer loop
      vertex 4.034935683e-02 -6.294050813e-02 5.165806785e-02
      vertex 3.827934712e-02 -6.670865417e-02 5.211434886e-02
      vertex 4.158892110e-02 -6.584036350e-02 5.200766400e-02
    endloop
  endfacet
  facet normal 1.416478888e-03 1.202864349e-01 9.927381873e-01
    outer loop
      vertex 4.034935683e-02 -6.294050813e-02 5.165806785e-02
      vertex 4.158892110e-02 -6.584036350e-02 5.200766400e-02
      vertex 4.300350323e-02 -6.530901790e-02 5.194126442e-02
    endloop
  endfacet
  facet normal -6.286007119e-04 1.221294105e-01 9.925140142e-01
    outer loop
      vertex -3.629365936e-02 -6.407469511e-02 5.179367587e-02
      vertex -3.964535519e-02 -6.394699216e-02 5.177583918e-02
      vertex -4.115651920e-02 -6.703144312e-02 5.215442553e-02
    endloop
  endfacet
  facet normal 4.140060046e-04 1.216261983e-01 9.925758839e-01
    outer loop
      vertex -4.115651920e-02 -6.703144312e-02 5.215442553e-02
      vertex -3.964535519e-02 -6.394699216e-02 5.177583918e-02
      vertex -4.011006653e-02 -6.390017271e-02 5.177029595e-02
    endloop
  endfacet
  facet normal -6.834333180e-04 1.219874993e-01 9.925314188e-01
    outer loop
      vertex -4.115651920e-02 -6.703144312e-02 5.215442553e-02
      vertex -4.011006653e-02 -6.390017271e-02 5.177029595e-02
      vertex -4.454966262e-02 -6.629657745e-02 5.206177011e-02
    endloop
  endfacet
  facet normal 5.586587940e-04 1.197199821e-01 9.928075671e-01
    outer loop
      vertex -4.454966262e-02 -6.629657745e-02 5.206177011e-02
      vertex -4.011006653e-02 -6.390017271e-02 5.177029595e-02
      vertex -4.308159649e-02 -6.335130334e-02 5.170578137e-02
    endloop
  endfacet
  facet normal -8.833738393e-04 1.204283759e-01 9.927216172e-01
    outer loop
      vertex -4.454966262e-02 -6.629657745e-02 5.206177011e-02
      vertex -4.308159649e-02 -6.335130334e-02 5.170578137e-02
      vertex -4.575352743e-02 -6.589102745e-02 5.201150104e-02
    endloop
  endfacet
  facet normal 1.101648435e-03 1.183697954e-01 9.929689765e-01
    outer loop
      vertex -4.575352743e-02 -6.589102745e-02 5.201150104e-02
      vertex -4.308159649e-02 -6.335130334e-02 5.170578137e-02
      vertex -4.490642995e-02 -6.274637580e-02 5.163569376e-02
    endloop
  endfacet
  facet normal -1.184718334e-03 1.189770028e-01 9.928963184e-01
    outer loop
      vertex -4.575352743e-02 -6.589102745e-02 5.201150104e-02
      vertex -4.490642995e-02 -6.274637580e-02 5.163569376e-02
      vertex -4.772192985e-02 -6.502199173e-02 5.190501735e-02
    endloop
  endfacet
  facet normal -2.287174138e-04 1.178107336e-01 9.930360317e-01
    outer loop
      vertex -4.772192985e-02 -6.502199173e-02 5.190501735e-02
      vertex -4.490642995e-02 -6.274637580e-02 5.163569376e-02
      vertex -5.054927245e-02 -6.319022179e-02 5.168705061e-02
    endloop
  endfacet
  facet normal 9.804392903e-05 1.363842934e-02 9.999070168e-01
    outer loop
      vertex -5.434554815e-02 -1.036447566e-02 4.865328223e-02
      vertex -5.735940114e-02 -1.036438625e-02 4.865357652e-02
      vertex -5.736695975e-02 -1.160484832e-02 4.867049679e-02
    endloop
  endfacet
  facet normal 1.793926349e-04 1.126909554e-01 9.936300516e-01
    outer loop
      vertex -4.490642995e-02 -6.274637580e-02 5.163569376e-02
      vertex -4.746439680e-02 -6.142750755e-02 5.148657784e-02
      vertex -5.054927245e-02 -6.319022179e-02 5.168705061e-02
    endloop
  endfacet
  facet normal 1.558703254e-03 1.103073433e-01 9.938963056e-01
    outer loop
      vertex -5.054927245e-02 -6.319022179e-02 5.168705061e-02
      vertex -4.746439680e-02 -6.142750755e-02 5.148657784e-02
      vertex -4.938279465e-02 -5.993518606e-02 5.132396147e-02
    endloop
  endfacet
  facet normal -1.110345940e-03 1.112521514e-01 9.937915802e-01
    outer loop
      vertex -5.054927245e-02 -6.319022179e-02 5.168705061e-02
      vertex -4.938279465e-02 -5.993518606e-02 5.132396147e-02
      vertex -5.279510096e-02 -6.100988761e-02 5.144045874e-02
    endloop
  endfacet
  facet normal 5.588706699e-04 1.060142815e-01 9.943644404e-01
    outer loop
      vertex -5.279510096e-02 -6.100988761e-02 5.144045874e-02
      vertex -4.938279465e-02 -5.993518606e-02 5.132396147e-02
      vertex -4.995167255e-02 -5.937731639e-02 5.126480386e-02
    endloop
  endfacet
  facet normal 6.651229342e-04 1.058313176e-01 9.943838716e-01
    outer loop
      vertex -5.279510096e-02 -6.100988761e-02 5.144045874e-02
      vertex -4.995167255e-02 -5.937731639e-02 5.126480386e-02
      vertex -5.471559614e-02 -5.826166645e-02 5.114925280e-02
    endloop
  endfacet
  facet normal -1.338878210e-04 1.024560928e-01 9.947375059e-01
    outer loop
      vertex -5.471559614e-02 -5.826166645e-02 5.114925280e-02
      vertex -4.995167255e-02 -5.937731639e-02 5.126480386e-02
      vertex -5.124688894e-02 -5.782860890e-02 5.110511556e-02
    endloop
  endfacet
  facet normal 2.078169928e-04 9.974716604e-02 9.950128198e-01
    outer loop
      vertex -5.471559614e-02 -5.826166645e-02 5.114925280e-02
      vertex -5.124688894e-02 -5.782860890e-02 5.110511556e-02
      vertex -5.550583452e-02 -5.670735613e-02 5.099360272e-02
    endloop
  endfacet
  facet normal -3.219714854e-04 9.775448591e-02 9.952105284e-01
    outer loop
      vertex -5.550583452e-02 -5.670735613e-02 5.099360272e-02
      vertex -5.124688894e-02 -5.782860890e-02 5.110511556e-02
      vertex -5.242891982e-02 -5.590820685e-02 5.091610178e-02
    endloop
  endfacet
  facet normal 3.058048314e-04 9.535992891e-02 9.954428077e-01
    outer loop
      vertex -5.550583452e-02 -5.670735613e-02 5.099360272e-02
      vertex -5.242891982e-02 -5.590820685e-02 5.091610178e-02
      vertex -5.619004369e-02 -5.499411002e-02 5.082968995e-02
    endloop
  endfacet
  facet normal -5.717093009e-04 9.178110957e-02 9.957790375e-01
    outer loop
      vertex -5.619004369e-02 -5.499411002e-02 5.082968995e-02
      vertex -5.242891982e-02 -5.590820685e-02 5.091610178e-02
      vertex -5.354961753e-02 -5.317592993e-02 5.066362396e-02
    endloop
  endfacet
  facet normal 1.089381054e-03 8.938865364e-02 9.959962368e-01
    outer loop
      vertex -5.619004369e-02 -5.499411002e-02 5.082968995e-02
      vertex -5.354961753e-02 -5.317592993e-02 5.066362396e-02
      vertex -5.706996843e-02 -5.165499821e-02 5.053097382e-02
    endloop
  endfacet
  facet normal 3.204076202e-04 8.762252331e-02 9.961537123e-01
    outer loop
      vertex -5.706996843e-02 -5.165499821e-02 5.053097382e-02
      vertex -5.354961753e-02 -5.317592993e-02 5.066362396e-02
      vertex -5.380832404e-02 -5.227026716e-02 5.058404431e-02
    endloop
  endfacet
  facet normal -1.124905888e-03 8.001580834e-02 9.967929721e-01
    outer loop
      vertex -5.706996843e-02 -5.165499821e-02 5.053097382e-02
      vertex -5.380832404e-02 -5.227026716e-02 5.058404431e-02
      vertex -5.752362311e-02 -4.755068198e-02 5.020099506e-02
    endloop
  endfacet
  facet normal 2.748154104e-03 8.304435760e-02 9.965420365e-01
    outer loop
      vertex -5.752362311e-02 -4.755068198e-02 5.020099506e-02
      vertex -5.380832404e-02 -5.227026716e-02 5.058404431e-02
      vertex -5.438552052e-02 -4.898545519e-02 5.031190440e-02
    endloop
  endfacet
  facet normal -1.685741823e-03 7.340528816e-02 9.973007441e-01
    outer loop
      vertex -5.752362311e-02 -4.755068198e-02 5.020099506e-02
      vertex -5.438552052e-02 -4.898545519e-02 5.031190440e-02
      vertex -5.757213384e-02 -4.557598010e-02 5.005556718e-02
    endloop
  endfacet
  facet normal -5.426056450e-04 7.446787506e-02 9.972232580e-01
    outer loop
      vertex -5.757213384e-02 -4.557598010e-02 5.005556718e-02
      vertex -5.438552052e-02 -4.898545519e-02 5.031190440e-02
      vertex -5.455916747e-02 -4.543689266e-02 5.004682019e-02
    endloop
  endfacet
  facet normal -2.325164824e-04 6.778059900e-02 9.977002144e-01
    outer loop
      vertex -5.757213384e-02 -4.557598010e-02 5.005556718e-02
      vertex -5.455916747e-02 -4.543689266e-02 5.004682019e-02
      vertex -5.757994950e-02 -4.228669778e-02 4.983210191e-02
    endloop
  endfacet
  facet normal 1.592034096e-04 6.815449148e-02 9.976747632e-01
    outer loop
      vertex -5.757994950e-02 -4.228669778e-02 4.983210191e-02
      vertex -5.455916747e-02 -4.543689266e-02 5.004682019e-02
      vertex -5.456625298e-02 -4.228675738e-02 4.983162507e-02
    endloop
  endfacet
  facet normal 1.590384636e-04 5.206124112e-02 9.986438751e-01
    outer loop
      vertex -5.757994950e-02 -4.228669778e-02 4.983210191e-02
      vertex -5.456625298e-02 -4.228675738e-02 4.983162507e-02
      vertex -5.750623345e-02 -2.894962020e-02 4.913680255e-02
    endloop
  endfacet
  facet normal 1.397089008e-02 5.509230122e-02 9.983835220e-01
    outer loop
      vertex -5.750623345e-02 -2.894962020e-02 4.913680255e-02
      vertex -5.456625298e-02 -4.228675738e-02 4.983162507e-02
      vertex -5.451997742e-02 -3.240999952e-02 4.928596318e-02
    endloop
  endfacet
  facet normal -1.861282811e-02 2.701949328e-02 9.994615912e-01
    outer loop
      vertex -5.750623345e-02 -2.894962020e-02 4.913680255e-02
      vertex -5.451997742e-02 -3.240999952e-02 4.928596318e-02
      vertex -5.736695975e-02 -1.160484832e-02 4.867049679e-02
    endloop
  endfacet
  facet normal 4.022674635e-02 3.504491225e-02 9.985758066e-01
    outer loop
      vertex -5.736695975e-02 -1.160484832e-02 4.867049679e-02
      vertex -5.451997742e-02 -3.240999952e-02 4.928596318e-02
      vertex -5.441106111e-02 -1.937455125e-02 4.882409796e-02
    endloop
  endfacet
  facet normal -2.091242233e-03 1.897005364e-02 9.998178482e-01
    outer loop
      vertex -5.736695975e-02 -1.160484832e-02 4.867049679e-02
      vertex -5.441106111e-02 -1.937455125e-02 4.882409796e-02
      vertex -5.434554815e-02 -1.036447566e-02 4.865328223e-02
    endloop
  endfacet
  facet normal -3.417520020e-06 -2.923835628e-02 9.995724559e-01
    outer loop
      vertex -5.444926396e-02 2.403533272e-02 4.895288125e-02
      vertex -5.746304989e-02 2.403530292e-02 4.895287007e-02
      vertex -5.743155256e-02 2.034246735e-02 4.884485155e-02
    endloop
  endfacet
  facet normal 9.783294809e-05 6.285232492e-03 9.999802709e-01
    outer loop
      vertex -5.735940114e-02 -1.036438625e-02 4.865357652e-02
      vertex -5.434554815e-02 -1.036447566e-02 4.865328223e-02
      vertex -5.732540041e-02 8.308646647e-05 4.858790711e-02
    endloop
  endfacet
  facet normal 1.856800651e-07 6.257382687e-03 9.999804497e-01
    outer loop
      vertex -5.732540041e-02 8.308646647e-05 4.858790711e-02
      vertex -5.434554815e-02 -1.036447566e-02 4.865328223e-02
      vertex -5.431212485e-02 8.299705951e-05 4.858790711e-02
    endloop
  endfacet
  facet normal -3.762631593e-07 -1.268172171e-02 9.999195933e-01
    outer loop
      vertex -5.732540041e-02 8.308646647e-05 4.858790711e-02
      vertex -5.431212485e-02 8.299705951e-05 4.858790711e-02
      vertex -5.743155256e-02 2.034246735e-02 4.884485155e-02
    endloop
  endfacet
  facet normal 3.176239133e-02 -7.785323542e-03 9.994651079e-01
    outer loop
      vertex -5.743155256e-02 2.034246735e-02 4.884485155e-02
      vertex -5.431212485e-02 8.299705951e-05 4.858790711e-02
      vertex -5.436202884e-02 1.313063223e-02 4.869112745e-02
    endloop
  endfacet
  facet normal -6.434966344e-03 -2.404779941e-02 9.996901155e-01
    outer loop
      vertex -5.743155256e-02 2.034246735e-02 4.884485155e-02
      vertex -5.436202884e-02 1.313063223e-02 4.869112745e-02
      vertex -5.444926396e-02 2.403533272e-02 4.895288125e-02
    endloop
  endfacet
  facet normal -3.372634410e-06 -3.372448310e-02 9.994311929e-01
    outer loop
      vertex -5.444926396e-02 2.403533272e-02 4.895288125e-02
      vertex -5.446761847e-02 2.617013268e-02 4.902491719e-02
      vertex -5.746304989e-02 2.403530292e-02 4.895287007e-02
    endloop
  endfacet
  facet normal 3.119264031e-03 -3.810045868e-02 9.992690682e-01
    outer loop
      vertex -5.746304989e-02 2.403530292e-02 4.895287007e-02
      vertex -5.446761847e-02 2.617013268e-02 4.902491719e-02
      vertex -5.449550226e-02 2.948607318e-02 4.915143549e-02
    endloop
  endfacet
  facet normal 1.618255675e-02 -4.519709572e-02 9.988470078e-01
    outer loop
      vertex -5.746304989e-02 2.403530292e-02 4.895287007e-02
      vertex -5.449550226e-02 2.948607318e-02 4.915143549e-02
      vertex -5.757598951e-02 3.982023522e-02 4.966895655e-02
    endloop
  endfacet
  facet normal -1.860954240e-02 -5.553995073e-02 9.982830286e-01
    outer loop
      vertex -5.757598951e-02 3.982023522e-02 4.966895655e-02
      vertex -5.449550226e-02 2.948607318e-02 4.915143549e-02
      vertex -5.455920845e-02 4.560453817e-02 5.004700646e-02
    endloop
  endfacet
  facet normal -1.413381833e-04 -6.514535099e-02 9.978757501e-01
    outer loop
      vertex -5.757598951e-02 3.982023522e-02 4.966895655e-02
      vertex -5.455920845e-02 4.560453817e-02 5.004700646e-02
      vertex -5.757211894e-02 4.574243352e-02 5.005558208e-02
    endloop
  endfacet
  facet normal -6.080956664e-04 -7.529919595e-02 9.971607924e-01
    outer loop
      vertex -5.757211894e-02 4.574243352e-02 5.005558208e-02
      vertex -5.455920845e-02 4.560453817e-02 5.004700646e-02
      vertex -5.740196258e-02 4.943982884e-02 5.033488944e-02
    endloop
  endfacet
  facet normal -4.995013587e-04 -7.521916181e-02 9.971668720e-01
    outer loop
      vertex -5.740196258e-02 4.943982884e-02 5.033488944e-02
      vertex -5.455920845e-02 4.560453817e-02 5.004700646e-02
      vertex -5.431379750e-02 4.977331683e-02 5.036159232e-02
    endloop
  endfacet
  facet normal 4.210029729e-04 -8.368916065e-02 9.964918494e-01
    outer loop
      vertex -5.740196258e-02 4.943982884e-02 5.033488944e-02
      vertex -5.431379750e-02 4.977331683e-02 5.036159232e-02
      vertex -5.681135878e-02 5.303831026e-02 5.063685402e-02
    endloop
  endfacet
  facet normal -2.709989494e-04 -8.421477675e-02 9.964475632e-01
    outer loop
      vertex -5.681135878e-02 5.303831026e-02 5.063685402e-02
      vertex -5.431379750e-02 4.977331683e-02 5.036159232e-02
      vertex -5.357589200e-02 5.325834081e-02 5.065632984e-02
    endloop
  endfacet
  facet normal 2.720048651e-04 -9.213736653e-02 9.957462549e-01
    outer loop
      vertex -5.681135878e-02 5.303831026e-02 5.063685402e-02
      vertex -5.357589200e-02 5.325834081e-02 5.065632984e-02
      vertex -5.570805445e-02 5.641390011e-02 5.094889924e-02
    endloop
  endfacet
  facet normal 1.735563506e-03 -9.115669876e-02 9.958350658e-01
    outer loop
      vertex -5.570805445e-02 5.641390011e-02 5.094889924e-02
      vertex -5.357589200e-02 5.325834081e-02 5.065632984e-02
      vertex -5.294692144e-02 5.497778580e-02 5.081262812e-02
    endloop
  endfacet
  facet normal -1.041163574e-03 -9.644813091e-02 9.953374863e-01
    outer loop
      vertex -5.570805445e-02 5.641390011e-02 5.094889924e-02
      vertex -5.294692144e-02 5.497778580e-02 5.081262812e-02
      vertex -5.550539866e-02 5.687643215e-02 5.099393055e-02
    endloop
  endfacet
  facet normal 1.904140081e-04 -9.480368346e-02 9.954959750e-01
    outer loop
      vertex -5.550539866e-02 5.687643215e-02 5.099393055e-02
      vertex -5.294692144e-02 5.497778580e-02 5.081262812e-02
      vertex -5.214035138e-02 5.660608038e-02 5.096754059e-02
    endloop
  endfacet
  facet normal -2.781263320e-04 -1.005802155e-01 9.949288964e-01
    outer loop
      vertex -5.550539866e-02 5.687643215e-02 5.099393055e-02
      vertex -5.214035138e-02 5.660608038e-02 5.096754059e-02
      vertex -5.418007821e-02 5.931350216e-02 5.124067143e-02
    endloop
  endfacet
  facet normal 1.688492368e-03 -9.911330789e-02 9.950747490e-01
    outer loop
      vertex -5.418007821e-02 5.931350216e-02 5.124067143e-02
      vertex -5.214035138e-02 5.660608038e-02 5.096754059e-02
      vertex -5.153111368e-02 5.758881196e-02 5.106439069e-02
    endloop
  endfacet
  facet normal -2.555843443e-03 -1.055641919e-01 9.944092035e-01
    outer loop
      vertex -5.418007821e-02 5.931350216e-02 5.124067143e-02
      vertex -5.153111368e-02 5.758881196e-02 5.106439069e-02
      vertex -5.221788958e-02 6.181922182e-02 5.151171610e-02
    endloop
  endfacet
  facet normal 3.787531983e-03 -1.045453548e-01 9.945129156e-01
    outer loop
      vertex -5.153111368e-02 5.758881196e-02 5.106439069e-02
      vertex -5.021977052e-02 5.925823376e-02 5.123488978e-02
      vertex -5.221788958e-02 6.181922182e-02 5.151171610e-02
    endloop
  endfacet
  facet normal 1.884406898e-03 -1.060139835e-01 9.943628311e-01
    outer loop
      vertex -5.221788958e-02 6.181922182e-02 5.151171610e-02
      vertex -5.021977052e-02 5.925823376e-02 5.123488978e-02
      vertex -4.995086417e-02 5.954499170e-02 5.126495287e-02
    endloop
  endfacet
  facet normal -2.927959431e-03 -1.107547432e-01 9.938434362e-01
    outer loop
      vertex -5.221788958e-02 6.181922182e-02 5.151171610e-02
      vertex -4.995086417e-02 5.954499170e-02 5.126495287e-02
      vertex -4.991079867e-02 6.384436786e-02 5.174419656e-02
    endloop
  endfacet
  facet normal 3.457618877e-03 -1.108133346e-01 9.938352108e-01
    outer loop
      vertex -4.991079867e-02 6.384436786e-02 5.174419656e-02
      vertex -4.995086417e-02 5.954499170e-02 5.126495287e-02
      vertex -4.812579975e-02 6.113855168e-02 5.143628642e-02
    endloop
  endfacet
  facet normal -2.634017263e-03 -1.147809625e-01 9.933873415e-01
    outer loop
      vertex -4.991079867e-02 6.384436786e-02 5.174419656e-02
      vertex -4.812579975e-02 6.113855168e-02 5.143628642e-02
      vertex -4.695719108e-02 6.555977464e-02 5.195023492e-02
    endloop
  endfacet
  facet normal 3.571426030e-03 -1.163989455e-01 9.931961298e-01
    outer loop
      vertex -4.695719108e-02 6.555977464e-02 5.195023492e-02
      vertex -4.812579975e-02 6.113855168e-02 5.143628642e-02
      vertex -4.636181891e-02 6.224119291e-02 5.155916885e-02
    endloop
  endfacet
  facet normal -2.024254994e-03 -1.173896194e-01 9.930838943e-01
    outer loop
      vertex -4.695719108e-02 6.555977464e-02 5.195023492e-02
      vertex -4.636181891e-02 6.224119291e-02 5.155916885e-02
      vertex -4.575304687e-02 6.605793536e-02 5.201157555e-02
    endloop
  endfacet
  facet normal 1.698556123e-03 -1.179752499e-01 9.930151105e-01
    outer loop
      vertex -4.575304687e-02 6.605793536e-02 5.201157555e-02
      vertex -4.636181891e-02 6.224119291e-02 5.155916885e-02
      vertex -4.372619465e-02 6.333133578e-02 5.168417469e-02
    endloop
  endfacet
  facet normal -1.150955795e-03 -1.200635061e-01 9.927655458e-01
    outer loop
      vertex -4.575304687e-02 6.605793536e-02 5.201157555e-02
      vertex -4.372619465e-02 6.333133578e-02 5.168417469e-02
      vertex -4.414594918e-02 6.658041477e-02 5.207662657e-02
    endloop
  endfacet
  facet normal 1.129378215e-03 -1.197731495e-01 9.928006530e-01
    outer loop
      vertex -4.414594918e-02 6.658041477e-02 5.207662657e-02
      vertex -4.372619465e-02 6.333133578e-02 5.168417469e-02
      vertex -4.285084456e-02 6.357853115e-02 5.171300098e-02
    endloop
  endfacet
  facet normal -8.911608602e-04 -1.206322983e-01 9.926968813e-01
    outer loop
      vertex -4.414594918e-02 6.658041477e-02 5.207662657e-02
      vertex -4.285084456e-02 6.357853115e-02 5.171300098e-02
      vertex -4.063400254e-02 6.726580858e-02 5.216306821e-02
    endloop
  endfacet
  facet normal 8.068827447e-04 -1.216382086e-01 9.925741553e-01
    outer loop
      vertex -4.063400254e-02 6.726580858e-02 5.216306821e-02
      vertex -4.285084456e-02 6.357853115e-02 5.171300098e-02
      vertex -3.970211744e-02 6.410865486e-02 5.177540705e-02
    endloop
  endfacet
  facet normal -2.241803013e-04 -1.219380647e-01 9.925376773e-01
    outer loop
      vertex -4.063400254e-02 6.726580858e-02 5.216306821e-02
      vertex -3.970211744e-02 6.410865486e-02 5.177540705e-02
      vertex -3.629368171e-02 6.749010086e-02 5.219160393e-02
    endloop
  endfacet
  facet normal -6.344714784e-04 -1.215306297e-01 9.925875068e-01
    outer loop
      vertex -3.629368171e-02 6.749010086e-02 5.219160393e-02
      vertex -3.970211744e-02 6.410865486e-02 5.177540705e-02
      vertex -3.629301488e-02 6.424164772e-02 5.179386958e-02
    endloop
  endfacet
  facet normal -1.100236568e-05 -1.215305254e-01 9.925876856e-01
    outer loop
      vertex -3.629368171e-02 6.749010086e-02 5.219160393e-02
      vertex -3.629301488e-02 6.424164772e-02 5.179386958e-02
      vertex 3.077935986e-02 6.749820709e-02 5.219333991e-02
    endloop
  endfacet
  facet normal 4.003474169e-05 -1.225660741e-01 9.924603701e-01
    outer loop
      vertex 3.077935986e-02 6.749820709e-02 5.219333991e-02
      vertex -3.629301488e-02 6.424164772e-02 5.179386958e-02
      vertex 3.207255155e-02 6.424093246e-02 5.179102346e-02
    endloop
  endfacet
  facet normal 4.952918389e-04 -1.159900203e-01 9.932502508e-01
    outer loop
      vertex 4.739093781e-02 6.298832595e-02 5.164447054e-02
      vertex 4.487781972e-02 6.459316611e-02 5.183313414e-02
      vertex 4.273891822e-02 6.214338169e-02 5.154811963e-02
    endloop
  endfacet
  facet normal 1.559828757e-03 -1.169068366e-01 9.931416512e-01
    outer loop
      vertex 4.273891822e-02 6.214338169e-02 5.154811963e-02
      vertex 4.487781972e-02 6.459316611e-02 5.183313414e-02
      vertex 4.300506040e-02 6.547954679e-02 5.194041505e-02
    endloop
  endfacet
  facet normal -1.139619271e-03 -1.166944876e-01 9.931672215e-01
    outer loop
      vertex 4.273891822e-02 6.214338169e-02 5.154811963e-02
      vertex 4.300506040e-02 6.547954679e-02 5.194041505e-02
      vertex 3.969740495e-02 6.330782175e-02 5.168144777e-02
    endloop
  endfacet
  facet normal 8.857705980e-04 -1.197361201e-01 9.928053617e-01
    outer loop
      vertex 3.969740495e-02 6.330782175e-02 5.168144777e-02
      vertex 4.300506040e-02 6.547954679e-02 5.194041505e-02
      vertex 4.158152640e-02 6.601376832e-02 5.200611427e-02
    endloop
  endfacet
  facet normal -6.017113919e-04 -1.187151372e-01 9.929281473e-01
    outer loop
      vertex 3.969740495e-02 6.330782175e-02 5.168144777e-02
      vertex 4.158152640e-02 6.601376832e-02 5.200611427e-02
      vertex 3.742146865e-02 6.383022666e-02 5.174252763e-02
    endloop
  endfacet
  facet normal 7.171183825e-04 -1.211916283e-01 9.926288724e-01
    outer loop
      vertex 3.742146865e-02 6.383022666e-02 5.174252763e-02
      vertex 4.158152640e-02 6.601376832e-02 5.200611427e-02
      vertex 3.809943795e-02 6.691457331e-02 5.211861059e-02
    endloop
  endfacet
  facet normal -3.509040398e-04 -1.209603250e-01 9.926573038e-01
    outer loop
      vertex 3.742146865e-02 6.383022666e-02 5.174252763e-02
      vertex 3.809943795e-02 6.691457331e-02 5.211861059e-02
      vertex 3.350144252e-02 6.421285868e-02 5.178776756e-02
    endloop
  endfacet
  facet normal 4.298842978e-04 -1.222694889e-01 9.924968481e-01
    outer loop
      vertex 3.350144252e-02 6.421285868e-02 5.178776756e-02
      vertex 3.809943795e-02 6.691457331e-02 5.211861059e-02
      vertex 3.424523026e-02 6.738714874e-02 5.217849836e-02
    endloop
  endfacet
  facet normal -1.381213369e-04 -1.221383959e-01 9.925130606e-01
    outer loop
      vertex 3.350144252e-02 6.421285868e-02 5.178776756e-02
      vertex 3.424523026e-02 6.738714874e-02 5.217849836e-02
      vertex 3.207255155e-02 6.424093246e-02 5.179102346e-02
    endloop
  endfacet
  facet normal 5.425691488e-04 -1.226014122e-01 9.924558401e-01
    outer loop
      vertex 3.207255155e-02 6.424093246e-02 5.179102346e-02
      vertex 3.424523026e-02 6.738714874e-02 5.217849836e-02
      vertex 3.208317980e-02 6.748439372e-02 5.219169334e-02
    endloop
  endfacet
  facet normal -4.552517566e-05 -1.225995272e-01 9.924561977e-01
    outer loop
      vertex 3.207255155e-02 6.424093246e-02 5.179102346e-02
      vertex 3.208317980e-02 6.748439372e-02 5.219169334e-02
      vertex 3.077935986e-02 6.749820709e-02 5.219333991e-02
    endloop
  endfacet
  facet normal -4.518528876e-04 -1.108423024e-01 9.938378930e-01
    outer loop
      vertex 4.273891822e-02 6.214338169e-02 5.154811963e-02
      vertex 4.506970569e-02 6.077222154e-02 5.139625445e-02
      vertex 4.739093781e-02 6.298832595e-02 5.164447054e-02
    endloop
  endfacet
  facet normal -1.980507746e-03 -1.092605367e-01 9.940111637e-01
    outer loop
      vertex 4.739093781e-02 6.298832595e-02 5.164447054e-02
      vertex 4.506970569e-02 6.077222154e-02 5.139625445e-02
      vertex 4.632826149e-02 5.979604647e-02 5.129146203e-02
    endloop
  endfacet
  facet normal 9.035724797e-04 -1.102092117e-01 9.939079881e-01
    outer loop
      vertex 4.739093781e-02 6.298832595e-02 5.164447054e-02
      vertex 4.632826149e-02 5.979604647e-02 5.129146203e-02
      vertex 4.992230237e-02 6.069242582e-02 5.138758942e-02
    endloop
  endfacet
  facet normal -5.240665632e-04 -1.045506448e-01 9.945194125e-01
    outer loop
      vertex 4.992230237e-02 6.069242582e-02 5.138758942e-02
      vertex 4.632826149e-02 5.979604647e-02 5.129146203e-02
      vertex 4.737512022e-02 5.881474540e-02 5.118885264e-02
    endloop
  endfacet
  facet normal -2.981495345e-04 -1.048537493e-01 9.944875836e-01
    outer loop
      vertex 4.992230237e-02 6.069242582e-02 5.138758942e-02
      vertex 4.737512022e-02 5.881474540e-02 5.118885264e-02
      vertex 5.175569281e-02 5.835568532e-02 5.114176497e-02
    endloop
  endfacet
  facet normal 2.463052515e-04 -9.971252084e-02 9.950162768e-01
    outer loop
      vertex 5.175569281e-02 5.835568532e-02 5.114176497e-02
      vertex 4.737512022e-02 5.881474540e-02 5.118885264e-02
      vertex 4.906513914e-02 5.676713213e-02 5.098323897e-02
    endloop
  endfacet
  facet normal -9.354036592e-05 -9.914261103e-02 9.950732589e-01
    outer loop
      vertex 5.175569281e-02 5.835568532e-02 5.114176497e-02
      vertex 4.906513914e-02 5.676713213e-02 5.098323897e-02
      vertex 5.280541256e-02 5.660432205e-02 5.096736923e-02
    endloop
  endfacet
  facet normal 1.427296229e-04 -9.376551211e-02 9.955943227e-01
    outer loop
      vertex 5.280541256e-02 5.660432205e-02 5.096736923e-02
      vertex 4.906513914e-02 5.676713213e-02 5.098323897e-02
      vertex 5.058892071e-02 5.412655696e-02 5.073432997e-02
    endloop
  endfacet
  facet normal 9.037271375e-04 -9.444022924e-02 9.955301285e-01
    outer loop
      vertex 5.280541256e-02 5.660432205e-02 5.096736923e-02
      vertex 5.058892071e-02 5.412655696e-02 5.073432997e-02
      vertex 5.353652313e-02 5.511082336e-02 5.082502589e-02
    endloop
  endfacet
  facet normal -7.400614559e-04 -8.955911547e-02 9.959812164e-01
    outer loop
      vertex 5.353652313e-02 5.511082336e-02 5.082502589e-02
      vertex 5.058892071e-02 5.412655696e-02 5.073432997e-02
      vertex 5.105943978e-02 5.305513367e-02 5.063833669e-02
    endloop
  endfacet
  facet normal -1.133563812e-03 -8.908874542e-02 9.960230589e-01
    outer loop
      vertex 5.353652313e-02 5.511082336e-02 5.082502589e-02
      vertex 5.105943978e-02 5.305513367e-02 5.063833669e-02
      vertex 5.479937419e-02 5.160538480e-02 5.051292107e-02
    endloop
  endfacet
  facet normal 9.823978180e-04 -8.367082477e-02 9.964929819e-01
    outer loop
      vertex 5.479937419e-02 5.160538480e-02 5.051292107e-02
      vertex 5.105943978e-02 5.305513367e-02 5.063833669e-02
      vertex 5.212282762e-02 4.973485693e-02 5.035850033e-02
    endloop
  endfacet
  facet normal -2.063101390e-03 -7.934209704e-02 9.968453050e-01
    outer loop
      vertex 5.479937419e-02 5.160538480e-02 5.051292107e-02
      vertex 5.212282762e-02 4.973485693e-02 5.035850033e-02
      vertex 5.578887463e-02 4.676276073e-02 5.012952909e-02
    endloop
  endfacet
  facet normal 1.264404738e-03 -7.526212931e-02 9.971629977e-01
    outer loop
      vertex 5.212282762e-02 4.973485693e-02 5.035850033e-02
      vertex 5.279976502e-02 4.612351581e-02 5.008507147e-02
      vertex 5.578887463e-02 4.676276073e-02 5.012952909e-02
    endloop
  endfacet
  facet normal 5.413892795e-04 -7.189860940e-02 9.974117875e-01
    outer loop
      vertex 5.578887463e-02 4.676276073e-02 5.012952909e-02
      vertex 5.279976502e-02 4.612351581e-02 5.008507147e-02
      vertex 5.300239474e-02 4.465704784e-02 4.997925088e-02
    endloop
  endfacet
  facet normal -7.831962779e-03 -6.086838245e-02 9.981150627e-01
    outer loop
      vertex 5.578887463e-02 4.676276073e-02 5.012952909e-02
      vertex 5.300239474e-02 4.465704784e-02 4.997925088e-02
      vertex 5.742299557e-02 3.326704726e-02 4.931933805e-02
    endloop
  endfacet
  facet normal 3.627022030e-03 -5.643748865e-02 9.983995557e-01
    outer loop
      vertex 5.742299557e-02 3.326704726e-02 4.931933805e-02
      vertex 5.300239474e-02 4.465704784e-02 4.997925088e-02
      vertex 5.447481945e-02 3.211132810e-02 4.926471785e-02
    endloop
  endfacet
  facet normal -2.861001296e-03 -3.992466256e-02 9.991986156e-01
    outer loop
      vertex 5.742299557e-02 3.326704726e-02 4.931933805e-02
      vertex 5.447481945e-02 3.211132810e-02 4.926471785e-02
      vertex 5.822672695e-02 2.404033951e-02 4.895297065e-02
    endloop
  endfacet
  facet normal 2.420669989e-05 -3.858562559e-02 9.992552996e-01
    outer loop
      vertex 5.822672695e-02 2.404033951e-02 4.895297065e-02
      vertex 5.447481945e-02 3.211132810e-02 4.926471785e-02
      vertex 5.517120287e-02 2.403977327e-02 4.895302281e-02
    endloop
  endfacet
  facet normal 2.236433102e-05 -2.861308865e-02 9.995905757e-01
    outer loop
      vertex 5.822672695e-02 2.404033951e-02 4.895297065e-02
      vertex 5.517120287e-02 2.403977327e-02 4.895302281e-02
      vertex 5.852642655e-02 1.952802949e-02 4.882379994e-02
    endloop
  endfacet
  facet normal 7.738820568e-05 -2.857220173e-02 9.995917082e-01
    outer loop
      vertex 5.852642655e-02 1.952802949e-02 4.882379994e-02
      vertex 5.517120287e-02 2.403977327e-02 4.895302281e-02
      vertex 5.547817051e-02 1.945760660e-02 4.882202297e-02
    endloop
  endfacet
  facet normal -2.135051182e-04 -1.598795503e-02 9.998721480e-01
    outer loop
      vertex 5.852642655e-02 1.952802949e-02 4.882379994e-02
      vertex 5.547817051e-02 1.945760660e-02 4.882202297e-02
      vertex 5.905123800e-02 6.112304982e-03 4.860939458e-02
    endloop
  endfacet
  facet normal 1.021147822e-03 -1.565746590e-02 9.998769164e-01
    outer loop
      vertex 5.905123800e-02 6.112304982e-03 4.860939458e-02
      vertex 5.547817051e-02 1.945760660e-02 4.882202297e-02
      vertex 5.601097643e-02 5.735842045e-03 4.860660434e-02
    endloop
  endfacet
  facet normal -1.086230972e-03 1.360526890e-03 9.999985099e-01
    outer loop
      vertex 5.905123800e-02 6.112304982e-03 4.860939458e-02
      vertex 5.601097643e-02 5.735842045e-03 4.860660434e-02
      vertex 5.900147930e-02 -8.195760660e-03 4.862880707e-02
    endloop
  endfacet
  facet normal -2.994055627e-03 9.509953670e-04 9.999950528e-01
    outer loop
      vertex 5.900147930e-02 -8.195760660e-03 4.862880707e-02
      vertex 5.601097643e-02 5.735842045e-03 4.860660434e-02
      vertex 5.597909540e-02 -7.150384132e-03 4.861876369e-02
    endloop
  endfacet
  facet normal 6.243184325e-04 1.141183265e-02 9.999346733e-01
    outer loop
      vertex 5.900147930e-02 -8.195760660e-03 4.862880707e-02
      vertex 5.597909540e-02 -7.150384132e-03 4.861876369e-02
      vertex 5.893889815e-02 -1.036596578e-02 4.865361378e-02
    endloop
  endfacet
  facet normal -1.010839696e-04 1.074421313e-02 9.999423027e-01
    outer loop
      vertex 5.893889815e-02 -1.036596578e-02 4.865361378e-02
      vertex 5.597909540e-02 -7.150384132e-03 4.861876369e-02
      vertex 5.589058995e-02 -1.036656182e-02 4.865331203e-02
    endloop
  endfacet
  facet normal -1.029099076e-04 2.015606873e-02 9.997968674e-01
    outer loop
      vertex 5.893889815e-02 -1.036596578e-02 4.865361378e-02
      vertex 5.589058995e-02 -1.036656182e-02 4.865331203e-02
      vertex 5.841770023e-02 -2.110055275e-02 4.886997119e-02
    endloop
  endfacet
  facet normal -1.319855801e-03 1.986966096e-02 9.998016953e-01
    outer loop
      vertex 5.841770023e-02 -2.110055275e-02 4.886997119e-02
      vertex 5.589058995e-02 -1.036656182e-02 4.865331203e-02
      vertex 5.539803207e-02 -2.057627030e-02 4.885556549e-02
    endloop
  endfacet
  facet normal 3.712323261e-03 1.022193134e-01 9.947549701e-01
    outer loop
      vertex 4.984316230e-02 -6.060853973e-02 5.139633641e-02
      vertex 5.184150860e-02 -5.805632845e-02 5.112661794e-02
      vertex 4.941250384e-02 -5.608216301e-02 5.093282089e-02
    endloop
  endfacet
  facet normal 2.241085749e-04 9.797006845e-02 9.951893091e-01
    outer loop
      vertex 4.941250384e-02 -5.608216301e-02 5.093282089e-02
      vertex 5.184150860e-02 -5.805632845e-02 5.112661794e-02
      vertex 5.280455202e-02 -5.643678084e-02 5.096696690e-02
    endloop
  endfacet
  facet normal -3.668234858e-04 9.236914665e-02 9.957247376e-01
    outer loop
      vertex 4.941250384e-02 -5.608216301e-02 5.093282089e-02
      vertex 5.280455202e-02 -5.643678084e-02 5.096696690e-02
      vertex 5.095845088e-02 -5.313235894e-02 5.065974966e-02
    endloop
  endfacet
  facet normal 1.706429990e-03 9.351732582e-02 9.956161976e-01
    outer loop
      vertex 5.095845088e-02 -5.313235894e-02 5.065974966e-02
      vertex 5.280455202e-02 -5.643678084e-02 5.096696690e-02
      vertex 5.361805484e-02 -5.475771800e-02 5.080785975e-02
    endloop
  endfacet
  facet normal -3.189497162e-03 8.557080477e-02 9.963269830e-01
    outer loop
      vertex 5.095845088e-02 -5.313235894e-02 5.065974966e-02
      vertex 5.361805484e-02 -5.475771800e-02 5.080785975e-02
      vertex 5.206830427e-02 -4.978627339e-02 5.037591979e-02
    endloop
  endfacet
  facet normal 4.609318916e-03 8.798319101e-02 9.961112738e-01
    outer loop
      vertex 5.206830427e-02 -4.978627339e-02 5.037591979e-02
      vertex 5.361805484e-02 -5.475771800e-02 5.080785975e-02
      vertex 5.483173206e-02 -5.131957307e-02 5.049856380e-02
    endloop
  endfacet
  facet normal -1.735978411e-03 7.662299275e-02 9.970586300e-01
    outer loop
      vertex 5.206830427e-02 -4.978627339e-02 5.037591979e-02
      vertex 5.483173206e-02 -5.131957307e-02 5.049856380e-02
      vertex 5.279874057e-02 -4.595470801e-02 5.008273944e-02
    endloop
  endfacet
  facet normal 1.067540492e-03 7.767911255e-02 9.969778657e-01
    outer loop
      vertex 5.279874057e-02 -4.595470801e-02 5.008273944e-02
      vertex 5.483173206e-02 -5.131957307e-02 5.049856380e-02
      vertex 5.578868091e-02 -4.659584537e-02 5.012949184e-02
    endloop
  endfacet
  facet normal -9.258723585e-04 6.843224913e-02 9.976553321e-01
    outer loop
      vertex 5.279874057e-02 -4.595470801e-02 5.008273944e-02
      vertex 5.578868091e-02 -4.659584537e-02 5.012949184e-02
      vertex 5.329323560e-02 -4.229262844e-02 4.983200505e-02
    endloop
  endfacet
  facet normal -9.853695519e-05 6.890977919e-02 9.976229072e-01
    outer loop
      vertex 5.329323560e-02 -4.229262844e-02 4.983200505e-02
      vertex 5.578868091e-02 -4.659584537e-02 5.012949184e-02
      vertex 5.636807904e-02 -4.229233041e-02 4.983228818e-02
    endloop
  endfacet
  facet normal -9.736117499e-05 5.601190776e-02 9.984300733e-01
    outer loop
      vertex 5.329323560e-02 -4.229262844e-02 4.983200505e-02
      vertex 5.636807904e-02 -4.229233041e-02 4.983228818e-02
      vertex 5.433545634e-02 -3.332156315e-02 4.932883009e-02
    endloop
  endfacet
  facet normal 4.663595464e-03 5.708663538e-02 9.983583093e-01
    outer loop
      vertex 5.433545634e-02 -3.332156315e-02 4.932883009e-02
      vertex 5.636807904e-02 -4.229233041e-02 4.983228818e-02
      vertex 5.721448734e-02 -3.509676829e-02 4.941688851e-02
    endloop
  endfacet
  facet normal -7.308897562e-03 3.771444038e-02 9.992618561e-01
    outer loop
      vertex 5.433545634e-02 -3.332156315e-02 4.932883009e-02
      vertex 5.721448734e-02 -3.509676829e-02 4.941688851e-02
      vertex 5.539803207e-02 -2.057627030e-02 4.885556549e-02
    endloop
  endfacet
  facet normal 2.163098939e-02 4.132116958e-02 9.989117384e-01
    outer loop
      vertex 5.539803207e-02 -2.057627030e-02 4.885556549e-02
      vertex 5.721448734e-02 -3.509676829e-02 4.941688851e-02
      vertex 5.803504214e-02 -2.635514922e-02 4.903751239e-02
    endloop
  endfacet
  facet normal 7.553410251e-04 3.181353956e-02 9.994935393e-01
    outer loop
      vertex 5.539803207e-02 -2.057627030e-02 4.885556549e-02
      vertex 5.803504214e-02 -2.635514922e-02 4.903751239e-02
      vertex 5.841770023e-02 -2.110055275e-02 4.886997119e-02
    endloop
  endfacet
  facet normal 9.576181173e-01 -2.879344821e-01 -7.830890827e-03
    outer loop
      vertex -4.327962920e-02 1.538675744e-02 1.260865573e-02
      vertex -4.470992088e-02 1.062366087e-02 1.283678878e-02
      vertex -4.465422407e-02 1.085221488e-02 1.124408375e-02
    endloop
  endfacet
  facet normal 7.726276517e-01 -6.324185133e-01 5.561813340e-02
    outer loop
      vertex -3.464449570e-02 2.992389910e-02 1.275137719e-02
      vertex -3.698845953e-02 2.704748325e-02 1.260596793e-02
      vertex -3.784010559e-02 2.587047033e-02 1.105324645e-02
    endloop
  endfacet
  facet normal 8.037143350e-01 -5.949288011e-01 1.014913339e-02
    outer loop
      vertex -3.784010559e-02 2.587047033e-02 1.105324645e-02
      vertex -3.698845953e-02 2.704748325e-02 1.260596793e-02
      vertex -3.729211167e-02 2.663695626e-02 1.258776244e-02
    endloop
  endfacet
  facet normal 8.104745746e-01 -5.857653618e-01 3.157843836e-03
    outer loop
      vertex -3.784010559e-02 2.587047033e-02 1.105324645e-02
      vertex -3.729211167e-02 2.663695626e-02 1.258776244e-02
      vertex -3.757968172e-02 2.623897605e-02 1.257040817e-02
    endloop
  endfacet
  facet normal 8.164592385e-01 -5.774030685e-01 9.943841724e-05
    outer loop
      vertex -3.757968172e-02 2.623897605e-02 1.257040817e-02
      vertex -3.782422841e-02 2.589317970e-02 1.255552191e-02
      vertex -3.784010559e-02 2.587047033e-02 1.105324645e-02
    endloop
  endfacet
  facet normal 8.320596218e-01 -5.546860695e-01 -4.088435089e-04
    outer loop
      vertex -3.784010559e-02 2.587047033e-02 1.105324645e-02
      vertex -3.782422841e-02 2.589317970e-02 1.255552191e-02
      vertex -3.896478936e-02 2.418231778e-02 1.249816176e-02
    endloop
  endfacet
  facet normal 8.484876752e-01 -5.273570418e-01 4.430792853e-02
    outer loop
      vertex -3.784010559e-02 2.587047033e-02 1.105324645e-02
      vertex -3.896478936e-02 2.418231778e-02 1.249816176e-02
      vertex -4.044708237e-02 2.166810445e-02 1.095936913e-02
    endloop
  endfacet
  facet normal 8.656629324e-01 -5.003603101e-01 -1.634630188e-02
    outer loop
      vertex -4.044708237e-02 2.166810445e-02 1.095936913e-02
      vertex -3.896478936e-02 2.418231778e-02 1.249816176e-02
      vertex -4.080732539e-02 2.099561505e-02 1.246661972e-02
    endloop
  endfacet
  facet normal 8.814892769e-01 -4.722040594e-01 -1.246720331e-06
    outer loop
      vertex -4.044708237e-02 2.166810445e-02 1.095936913e-02
      vertex -4.080732539e-02 2.099561505e-02 1.246661972e-02
      vertex -4.080740735e-02 2.099546604e-02 1.095881779e-02
    endloop
  endfacet
  facet normal 8.916202784e-01 -4.527838528e-01 -3.716633955e-06
    outer loop
      vertex -4.080740735e-02 2.099546604e-02 1.095881779e-02
      vertex -4.080732539e-02 2.099561505e-02 1.246661972e-02
      vertex -4.135492817e-02 1.991727762e-02 1.247676555e-02
    endloop
  endfacet
  facet normal 9.058514833e-01 -4.227688909e-01 2.644887567e-02
    outer loop
      vertex -4.080740735e-02 2.099546604e-02 1.095881779e-02
      vertex -4.135492817e-02 1.991727762e-02 1.247676555e-02
      vertex -4.257039353e-02 1.722150855e-02 1.101522055e-02
    endloop
  endfacet
  facet normal 9.191388488e-01 -3.916979432e-01 -4.191059992e-02
    outer loop
      vertex -4.257039353e-02 1.722150855e-02 1.101522055e-02
      vertex -4.135492817e-02 1.991727762e-02 1.247676555e-02
      vertex -4.327962920e-02 1.538675744e-02 1.260865573e-02
    endloop
  endfacet
  facet normal 9.400071502e-01 -3.401013017e-01 2.678846754e-02
    outer loop
      vertex -4.257039353e-02 1.722150855e-02 1.101522055e-02
      vertex -4.327962920e-02 1.538675744e-02 1.260865573e-02
      vertex -4.388156906e-02 1.360693295e-02 1.113440748e-02
    endloop
  endfacet
  facet normal 9.602149725e-01 -2.718669176e-01 -6.384019554e-02
    outer loop
      vertex -4.388156906e-02 1.360693295e-02 1.113440748e-02
      vertex -4.327962920e-02 1.538675744e-02 1.260865573e-02
      vertex -4.465422407e-02 1.085221488e-02 1.124408375e-02
    endloop
  endfacet
  facet normal 9.999734163e-01 -7.291663904e-03 -1.047118531e-06
    outer loop
      vertex -4.595705122e-02 7.393634296e-04 1.317982655e-02
      vertex -4.596183822e-02 8.287785022e-05 1.318113413e-02
      vertex -4.596183822e-02 8.311626880e-05 1.152086724e-02
    endloop
  endfacet
  facet normal 9.972866774e-01 -6.939370930e-02 2.457288280e-02
    outer loop
      vertex -4.595705122e-02 7.393634296e-04 1.317982655e-02
      vertex -4.596183822e-02 8.311626880e-05 1.152086724e-02
      vertex -4.560805857e-02 5.714622792e-03 1.306612324e-02
    endloop
  endfacet
  facet normal 9.965476394e-01 -4.314059019e-02 -7.093436271e-02
    outer loop
      vertex -4.560805857e-02 5.714622792e-03 1.306612324e-02
      vertex -4.596183822e-02 8.311626880e-05 1.152086724e-02
      vertex -4.579945654e-02 3.902403172e-03 1.147934701e-02
    endloop
  endfacet
  facet normal 9.810116291e-01 -1.756388396e-01 8.226271719e-02
    outer loop
      vertex -4.560805857e-02 5.714622792e-03 1.306612324e-02
      vertex -4.579945654e-02 3.902403172e-03 1.147934701e-02
      vertex -4.470992088e-02 1.062366087e-02 1.283678878e-02
    endloop
  endfacet
  facet normal 9.857763052e-01 -1.414755583e-01 -9.071815759e-02
    outer loop
      vertex -4.470992088e-02 1.062366087e-02 1.283678878e-02
      vertex -4.579945654e-02 3.902403172e-03 1.147934701e-02
      vertex -4.511370510e-02 8.778569289e-03 1.132655609e-02
    endloop
  endfacet
  facet normal 9.763408303e-01 -2.162149251e-01 3.115633503e-03
    outer loop
      vertex -4.470992088e-02 1.062366087e-02 1.283678878e-02
      vertex -4.511370510e-02 8.778569289e-03 1.132655609e-02
      vertex -4.465422407e-02 1.085221488e-02 1.124408375e-02
    endloop
  endfacet
  facet normal 9.776280522e-01 1.895417422e-01 -9.119926393e-02
    outer loop
      vertex -4.465421289e-02 -1.068619173e-02 1.123378333e-02
      vertex -4.555539787e-02 -5.951406900e-03 1.141378004e-02
      vertex -4.577717930e-02 -3.989430610e-03 1.311397646e-02
    endloop
  endfacet
  facet normal 9.958854318e-01 4.385059327e-02 7.930558175e-02
    outer loop
      vertex -4.577717930e-02 -3.989430610e-03 1.311397646e-02
      vertex -4.555539787e-02 -5.951406900e-03 1.141378004e-02
      vertex -4.596183822e-02 8.287785022e-05 1.318113413e-02
    endloop
  endfacet
  facet normal 9.959275126e-01 7.952252030e-02 -4.247954488e-02
    outer loop
      vertex -4.596183822e-02 8.287785022e-05 1.318113413e-02
      vertex -4.555539787e-02 -5.951406900e-03 1.141378004e-02
      vertex -4.594982788e-02 -9.565377259e-04 1.151690912e-02
    endloop
  endfacet
  facet normal 9.999333024e-01 1.155146584e-02 1.658803171e-06
    outer loop
      vertex -4.596183822e-02 8.287785022e-05 1.318113413e-02
      vertex -4.594982788e-02 -9.565377259e-04 1.151690912e-02
      vertex -4.596183822e-02 8.311626880e-05 1.152086724e-02
    endloop
  endfacet
  facet normal 9.860361814e-01 1.400479525e-01 9.010666609e-02
    outer loop
      vertex -4.577717930e-02 -3.989430610e-03 1.311397646e-02
      vertex -4.507216811e-02 -8.820834570e-03 1.290823799e-02
      vertex -4.465421289e-02 -1.068619173e-02 1.123378333e-02
    endloop
  endfacet
  facet normal 9.758062363e-01 2.186370939e-01 4.213683496e-06
    outer loop
      vertex -4.465421289e-02 -1.068619173e-02 1.123378333e-02
      vertex -4.507216811e-02 -8.820834570e-03 1.290823799e-02
      vertex -4.465424642e-02 -1.068607252e-02 1.281265263e-02
    endloop
  endfacet
  facet normal 9.704931974e-01 2.411284745e-01 2.402694690e-06
    outer loop
      vertex -4.465421289e-02 -1.068619173e-02 1.123378333e-02
      vertex -4.465424642e-02 -1.068607252e-02 1.281265263e-02
      vertex -4.461274669e-02 -1.085308474e-02 1.122694369e-02
    endloop
  endfacet
  facet normal 9.548937082e-01 2.968813777e-01 -6.277937442e-03
    outer loop
      vertex -4.461274669e-02 -1.085308474e-02 1.122694369e-02
      vertex -4.465424642e-02 -1.068607252e-02 1.281265263e-02
      vertex -4.312572628e-02 -1.563978381e-02 1.104604546e-02
    endloop
  endfacet
  facet normal 9.601772428e-01 2.674256265e-01 8.088986576e-02
    outer loop
      vertex -4.465424642e-02 -1.068607252e-02 1.281265263e-02
      vertex -4.382529110e-02 -1.361823361e-02 1.266666409e-02
      vertex -4.312572628e-02 -1.563978381e-02 1.104604546e-02
    endloop
  endfacet
  facet normal 9.387179613e-01 3.438685834e-01 -2.372790314e-02
    outer loop
      vertex -4.312572628e-02 -1.563978381e-02 1.104604546e-02
      vertex -4.382529110e-02 -1.361823361e-02 1.266666409e-02
      vertex -4.256376997e-02 -1.707154699e-02 1.252869237e-02
    endloop
  endfacet
  facet normal 9.159988761e-01 3.993344903e-01 3.844549134e-02
    outer loop
      vertex -4.312572628e-02 -1.563978381e-02 1.104604546e-02
      vertex -4.256376997e-02 -1.707154699e-02 1.252869237e-02
      vertex -4.114905745e-02 -2.016511746e-02 1.095488947e-02
    endloop
  endfacet
  facet normal 9.056468606e-01 4.236243963e-01 -1.860589534e-02
    outer loop
      vertex -4.114905745e-02 -2.016511746e-02 1.095488947e-02
      vertex -4.256376997e-02 -1.707154699e-02 1.252869237e-02
      vertex -4.080742598e-02 -2.082938142e-02 1.245973725e-02
    endloop
  endfacet
  facet normal 8.892862201e-01 4.573510587e-01 -4.208806331e-06
    outer loop
      vertex -4.114905745e-02 -2.016511746e-02 1.095488947e-02
      vertex -4.080742598e-02 -2.082938142e-02 1.245973725e-02
      vertex -4.080731049e-02 -2.082961984e-02 1.095273439e-02
    endloop
  endfacet
  facet normal 8.815277219e-01 4.721322656e-01 -7.141845344e-06
    outer loop
      vertex -4.080731049e-02 -2.082961984e-02 1.095273439e-02
      vertex -4.080742598e-02 -2.082938142e-02 1.245973725e-02
      vertex -4.045042768e-02 -2.149594016e-02 1.245949324e-02
    endloop
  endfacet
  facet normal 8.627507687e-01 5.052688122e-01 1.909394003e-02
    outer loop
      vertex -4.080731049e-02 -2.082961984e-02 1.095273439e-02
      vertex -4.045042768e-02 -2.149594016e-02 1.245949324e-02
      vertex -3.870637342e-02 -2.441901155e-02 1.100629289e-02
    endloop
  endfacet
  facet normal 8.497233391e-01 5.258605480e-01 -3.796056286e-02
    outer loop
      vertex -3.870637342e-02 -2.441901155e-02 1.100629289e-02
      vertex -4.045042768e-02 -2.149594016e-02 1.245949324e-02
      vertex -3.785433248e-02 -2.568409033e-02 1.255379524e-02
    endloop
  endfacet
  facet normal 8.295626640e-01 5.584135652e-01 -2.482996788e-04
    outer loop
      vertex -3.870637342e-02 -2.441901155e-02 1.100629289e-02
      vertex -3.785433248e-02 -2.568409033e-02 1.255379524e-02
      vertex -3.786677867e-02 -2.566626854e-02 1.105169673e-02
    endloop
  endfacet
  facet normal 8.163186908e-01 5.776017904e-01 8.909878670e-05
    outer loop
      vertex -3.786677867e-02 -2.566626854e-02 1.105169673e-02
      vertex -3.785433248e-02 -2.568409033e-02 1.255379524e-02
      vertex -3.752402961e-02 -2.615067549e-02 1.107241306e-02
    endloop
  endfacet
  facet normal 7.999250293e-01 6.000059247e-01 -1.062273886e-02
    outer loop
      vertex -3.752402961e-02 -2.615067549e-02 1.107241306e-02
      vertex -3.785433248e-02 -2.568409033e-02 1.255379524e-02
      vertex -3.635961935e-02 -2.770182677e-02 1.114216354e-02
    endloop
  endfacet
  facet normal 7.950689793e-01 6.060290933e-01 -2.437384427e-02
    outer loop
      vertex -3.635961935e-02 -2.770182677e-02 1.114216354e-02
      vertex -3.785433248e-02 -2.568409033e-02 1.255379524e-02
      vertex -3.553324565e-02 -2.872353978e-02 1.269449573e-02
    endloop
  endfacet
  facet normal 7.674910426e-01 6.409222484e-01 1.327305008e-02
    outer loop
      vertex -3.635961935e-02 -2.770182677e-02 1.114216354e-02
      vertex -3.553324565e-02 -2.872353978e-02 1.269449573e-02
      vertex -3.464447334e-02 -2.975788899e-02 1.124890614e-02
    endloop
  endfacet
  facet normal 7.584625483e-01 6.517165899e-01 -1.393103162e-06
    outer loop
      vertex -3.464447334e-02 -2.975788899e-02 1.124890614e-02
      vertex -3.553324565e-02 -2.872353978e-02 1.269449573e-02
      vertex -3.464472666e-02 -2.975759096e-02 1.275142189e-02
    endloop
  endfacet
  facet normal 7.250266671e-01 6.887207627e-01 -1.437004994e-05
    outer loop
      vertex -3.464447334e-02 -2.975788899e-02 1.124890614e-02
      vertex -3.464472666e-02 -2.975759096e-02 1.275142189e-02
      vertex -3.249220550e-02 -3.202361241e-02 1.139899623e-02
    endloop
  endfacet
  facet normal 7.351367474e-01 6.769752502e-01 3.575664759e-02
    outer loop
      vertex -3.249220550e-02 -3.202361241e-02 1.139899623e-02
      vertex -3.464472666e-02 -2.975759096e-02 1.275142189e-02
      vertex -3.357313946e-02 -3.092509694e-02 1.282440219e-02
    endloop
  endfacet
  facet normal 6.669167280e-01 7.421830297e-01 -6.623038650e-02
    outer loop
      vertex -3.249220550e-02 -3.202361241e-02 1.139899623e-02
      vertex -3.357313946e-02 -3.092509694e-02 1.282440219e-02
      vertex -2.924317308e-02 -3.491935506e-02 1.166570652e-02
    endloop
  endfacet
  facet normal 6.781418324e-01 7.349306941e-01 7.172857877e-04
    outer loop
      vertex -2.924317308e-02 -3.491935506e-02 1.166570652e-02
      vertex -3.357313946e-02 -3.092509694e-02 1.282440219e-02
      vertex -2.925613709e-02 -3.490886465e-02 1.317376364e-02
    endloop
  endfacet
  facet normal 5.987077355e-01 8.009674549e-01 -4.249372287e-04
    outer loop
      vertex -2.924317308e-02 -3.491935506e-02 1.166570652e-02
      vertex -2.925613709e-02 -3.490886465e-02 1.317376364e-02
      vertex -2.652367391e-02 -3.695199266e-02 1.192141790e-02
    endloop
  endfacet
  facet normal 5.988290906e-01 8.008768559e-01 -1.237946253e-05
    outer loop
      vertex -2.652367391e-02 -3.695199266e-02 1.192141790e-02
      vertex -2.925613709e-02 -3.490886465e-02 1.317376364e-02
      vertex -2.652312443e-02 -3.695238009e-02 1.343690697e-02
    endloop
  endfacet
  facet normal 5.390549898e-01 8.422706127e-01 1.987539690e-05
    outer loop
      vertex -2.652367391e-02 -3.695199266e-02 1.192141790e-02
      vertex -2.652312443e-02 -3.695238009e-02 1.343690697e-02
      vertex -2.388539538e-02 -3.864050284e-02 1.218892355e-02
    endloop
  endfacet
  facet normal 5.298067331e-01 8.476929069e-01 -2.686175145e-02
    outer loop
      vertex -2.388539538e-02 -3.864050284e-02 1.218892355e-02
      vertex -2.652312443e-02 -3.695238009e-02 1.343690697e-02
      vertex -2.286203206e-02 -3.922832385e-02 1.382296067e-02
    endloop
  endfacet
  facet normal 4.414475262e-01 8.961126208e-01 4.589407146e-02
    outer loop
      vertex -2.388539538e-02 -3.864050284e-02 1.218892355e-02
      vertex -2.286203206e-02 -3.922832385e-02 1.382296067e-02
      vertex -1.805150695e-02 -4.154560342e-02 1.279775333e-02
    endloop
  endfacet
  facet normal 4.254314005e-01 9.037895799e-01 -4.660987854e-02
    outer loop
      vertex -1.805150695e-02 -4.154560342e-02 1.279775333e-02
      vertex -2.286203206e-02 -3.922832385e-02 1.382296067e-02
      vertex -1.691923104e-02 -4.199263826e-02 1.446435880e-02
    endloop
  endfacet
  facet normal 3.672243953e-01 9.301323891e-01 1.344150178e-06
    outer loop
      vertex -1.805150695e-02 -4.154560342e-02 1.279775333e-02
      vertex -1.691923104e-02 -4.199263826e-02 1.446435880e-02
      vertex -1.691937633e-02 -4.199257866e-02 1.291131880e-02
    endloop
  endfacet
  facet normal 3.215851486e-01 9.468806386e-01 6.256472261e-06
    outer loop
      vertex -1.691937633e-02 -4.199257866e-02 1.291131880e-02
      vertex -1.691923104e-02 -4.199263826e-02 1.446435880e-02
      vertex -1.392884646e-02 -4.300824180e-02 1.319234166e-02
    endloop
  endfacet
  facet normal 3.381358683e-01 9.400508404e-01 4.436836019e-02
    outer loop
      vertex -1.392884646e-02 -4.300824180e-02 1.319234166e-02
      vertex -1.691923104e-02 -4.199263826e-02 1.446435880e-02
      vertex -1.582325250e-02 -4.239213839e-02 1.457616780e-02
    endloop
  endfacet
  facet normal 2.126386166e-01 9.671238065e-01 -1.394860297e-01
    outer loop
      vertex -1.392884646e-02 -4.300824180e-02 1.319234166e-02
      vertex -1.582325250e-02 -4.239213839e-02 1.457616780e-02
      vertex -6.434767973e-03 -4.458293691e-02 1.369852293e-02
    endloop
  endfacet
  facet normal -5.348763615e-02 9.981192350e-01 2.995133586e-02
    outer loop
      vertex -6.857988774e-04 -4.491612688e-02 1.381784771e-02
      vertex 9.305296117e-04 -4.487717524e-02 1.540626492e-02
      vertex 3.624967299e-03 -4.468259588e-02 1.373374183e-02
    endloop
  endfacet
  facet normal -8.184951544e-02 9.965174198e-01 -1.592605375e-02
    outer loop
      vertex 3.624967299e-03 -4.468259588e-02 1.373374183e-02
      vertex 9.305296117e-04 -4.487717524e-02 1.540626492e-02
      vertex 4.463434685e-03 -4.458874837e-02 1.529674884e-02
    endloop
  endfacet
  facet normal -1.112288162e-01 9.937947989e-01 -2.200722520e-06
    outer loop
      vertex 3.624967299e-03 -4.468259588e-02 1.373374183e-02
      vertex 4.463434685e-03 -4.458874837e-02 1.529674884e-02
      vertex 4.463199992e-03 -4.458877817e-02 1.370057557e-02
    endloop
  endfacet
  facet normal 2.404775321e-01 9.491513968e-01 2.031801939e-01
    outer loop
      vertex -1.582325250e-02 -4.239213839e-02 1.457616780e-02
      vertex -9.649738669e-03 -4.407036677e-02 1.510919910e-02
      vertex -6.434767973e-03 -4.458293691e-02 1.369852293e-02
    endloop
  endfacet
  facet normal 1.569788307e-01 9.876013398e-01 -1.086490811e-03
    outer loop
      vertex -6.434767973e-03 -4.458293691e-02 1.369852293e-02
      vertex -9.649738669e-03 -4.407036677e-02 1.510919910e-02
      vertex -6.387707312e-03 -4.458865896e-02 1.529672090e-02
    endloop
  endfacet
  facet normal 5.782055855e-02 9.983252287e-01 1.871726243e-03
    outer loop
      vertex -6.434767973e-03 -4.458293691e-02 1.369852293e-02
      vertex -6.387707312e-03 -4.458865896e-02 1.529672090e-02
      vertex -6.857988774e-04 -4.491612688e-02 1.381784771e-02
    endloop
  endfacet
  facet normal 8.268356323e-02 9.916246533e-01 9.921665490e-02
    outer loop
      vertex -6.857988774e-04 -4.491612688e-02 1.381784771e-02
      vertex -6.387707312e-03 -4.458865896e-02 1.529672090e-02
      vertex -3.301914316e-03 -4.485610500e-02 1.539813261e-02
    endloop
  endfacet
  facet normal 5.032955669e-03 9.995481968e-01 -2.963260934e-02
    outer loop
      vertex -6.857988774e-04 -4.491612688e-02 1.381784771e-02
      vertex -3.301914316e-03 -4.485610500e-02 1.539813261e-02
      vertex 9.305296117e-04 -4.487717524e-02 1.540626492e-02
    endloop
  endfacet
  facet normal -1.823835373e-01 9.832274914e-01 8.458815500e-06
    outer loop
      vertex 4.463199992e-03 -4.458877817e-02 1.370057557e-02
      vertex 4.463434685e-03 -4.458874837e-02 1.529674884e-02
      vertex 9.995486587e-03 -4.356256500e-02 1.336019207e-02
    endloop
  endfacet
  facet normal -1.357062906e-01 9.818341732e-01 1.326103806e-01
    outer loop
      vertex 9.995486587e-03 -4.356256500e-02 1.336019207e-02
      vertex 4.463434685e-03 -4.458874837e-02 1.529674884e-02
      vertex 6.560467184e-03 -4.428381100e-02 1.518501248e-02
    endloop
  endfacet
  facet normal -3.101197183e-01 9.253600240e-01 -2.180242836e-01
    outer loop
      vertex 9.995486587e-03 -4.356256500e-02 1.336019207e-02
      vertex 6.560467184e-03 -4.428381100e-02 1.518501248e-02
      vertex 1.499599777e-02 -4.199248925e-02 1.291128900e-02
    endloop
  endfacet
  facet normal -2.433483601e-01 9.672681093e-01 7.193040848e-02
    outer loop
      vertex 6.560467184e-03 -4.428381100e-02 1.518501248e-02
      vertex 1.389957592e-02 -4.239213839e-02 1.457616780e-02
      vertex 1.499599777e-02 -4.199248925e-02 1.291128900e-02
    endloop
  endfacet
  facet normal -3.424723744e-01 9.395279288e-01 -7.611180990e-06
    outer loop
      vertex 1.499599777e-02 -4.199248925e-02 1.291128900e-02
      vertex 1.389957592e-02 -4.239213839e-02 1.457616780e-02
      vertex 1.499555446e-02 -4.199263826e-02 1.446435880e-02
    endloop
  endfacet
  facet normal -3.672459424e-01 9.301238656e-01 -1.558485565e-05
    outer loop
      vertex 1.499599777e-02 -4.199248925e-02 1.291128900e-02
      vertex 1.499555446e-02 -4.199263826e-02 1.446435880e-02
      vertex 1.612783037e-02 -4.154560342e-02 1.279775333e-02
    endloop
  endfacet
  facet normal -4.276376665e-01 9.026528597e-01 -4.841370881e-02
    outer loop
      vertex 1.612783037e-02 -4.154560342e-02 1.279775333e-02
      vertex 1.499555446e-02 -4.199263826e-02 1.446435880e-02
      vertex 2.006440051e-02 -3.970262781e-02 1.238757093e-02
    endloop
  endfacet
  facet normal -4.248299003e-01 9.044054151e-01 -3.962826356e-02
    outer loop
      vertex 2.006440051e-02 -3.970262781e-02 1.238757093e-02
      vertex 1.499555446e-02 -4.199263826e-02 1.446435880e-02
      vertex 2.092871815e-02 -3.923368827e-02 1.382400747e-02
    endloop
  endfacet
  facet normal -5.159701705e-01 8.560454249e-01 3.099932708e-02
    outer loop
      vertex 2.006440051e-02 -3.970262781e-02 1.238757093e-02
      vertex 2.092871815e-02 -3.923368827e-02 1.382400747e-02
      vertex 2.460046113e-02 -3.695169464e-02 1.192137320e-02
    endloop
  endfacet
  facet normal -5.278493166e-01 8.493380547e-01 2.992784903e-05
    outer loop
      vertex 2.460046113e-02 -3.695169464e-02 1.192137320e-02
      vertex 2.092871815e-02 -3.923368827e-02 1.382400747e-02
      vertex 2.459944412e-02 -3.695238009e-02 1.343690697e-02
    endloop
  endfacet
  facet normal -5.791255832e-01 8.152383566e-01 -1.990403325e-05
    outer loop
      vertex 2.460046113e-02 -3.695169464e-02 1.192137320e-02
      vertex 2.459944412e-02 -3.695238009e-02 1.343690697e-02
      vertex 2.559155971e-02 -3.624764457e-02 1.182531100e-02
    endloop
  endfacet
  facet normal -5.999206901e-01 7.998202443e-01 -1.956380159e-02
    outer loop
      vertex 2.559155971e-02 -3.624764457e-02 1.182531100e-02
      vertex 2.459944412e-02 -3.695238009e-02 1.343690697e-02
      vertex 2.733246051e-02 -3.490886465e-02 1.317376364e-02
    endloop
  endfacet
  facet normal -6.419296861e-01 7.634936571e-01 7.073729485e-02
    outer loop
      vertex 2.559155971e-02 -3.624764457e-02 1.182531100e-02
      vertex 2.733246051e-02 -3.490886465e-02 1.317376364e-02
      vertex 3.056853078e-02 -3.202361241e-02 1.139899623e-02
    endloop
  endfacet
  facet normal -6.797232032e-01 7.317808867e-01 -4.973024875e-02
    outer loop
      vertex 3.056853078e-02 -3.202361241e-02 1.139899623e-02
      vertex 2.733246051e-02 -3.490886465e-02 1.317376364e-02
      vertex 3.166816384e-02 -3.090542741e-02 1.282308344e-02
    endloop
  endfacet
  facet normal -7.243108749e-01 6.892358065e-01 1.810489967e-02
    outer loop
      vertex 3.056853078e-02 -3.202361241e-02 1.139899623e-02
      vertex 3.166816384e-02 -3.090542741e-02 1.282308344e-02
      vertex 3.272103891e-02 -2.975762077e-02 1.124889124e-02
    endloop
  endfacet
  facet normal -7.369270921e-01 6.759722233e-01 -4.272250408e-06
    outer loop
      vertex 3.272103891e-02 -2.975762077e-02 1.124889124e-02
      vertex 3.166816384e-02 -3.090542741e-02 1.282308344e-02
      vertex 3.272105753e-02 -2.975759096e-02 1.275142189e-02
    endloop
  endfacet
  facet normal -7.539410591e-01 6.569420695e-01 -3.683873274e-06
    outer loop
      vertex 3.272103891e-02 -2.975762077e-02 1.124889124e-02
      vertex 3.272105753e-02 -2.975759096e-02 1.275142189e-02
      vertex 3.320851177e-02 -2.919817157e-02 1.121761929e-02
    endloop
  endfacet
  facet normal -7.586965561e-01 6.514346600e-01 -3.523723222e-03
    outer loop
      vertex 3.320851177e-02 -2.919817157e-02 1.121761929e-02
      vertex 3.272105753e-02 -2.975759096e-02 1.275142189e-02
      vertex 3.362231329e-02 -2.870825119e-02 1.269370038e-02
    endloop
  endfacet
  facet normal -7.729948759e-01 6.343825459e-01 6.144327112e-03
    outer loop
      vertex 3.320851177e-02 -2.919817157e-02 1.121761929e-02
      vertex 3.362231329e-02 -2.870825119e-02 1.269370038e-02
      vertex 3.443603218e-02 -2.770170756e-02 1.114215981e-02
    endloop
  endfacet
  facet normal -7.789451480e-01 6.270897388e-01 -1.707485761e-03
    outer loop
      vertex 3.443603218e-02 -2.770170756e-02 1.114215981e-02
      vertex 3.362231329e-02 -2.870825119e-02 1.269370038e-02
      vertex 3.454599902e-02 -2.756104060e-02 1.263714302e-02
    endloop
  endfacet
  facet normal -7.989732623e-01 6.013625860e-01 2.186457394e-03
    outer loop
      vertex 3.443603218e-02 -2.770170756e-02 1.114215981e-02
      vertex 3.454599902e-02 -2.756104060e-02 1.263714302e-02
      vertex 3.553718328e-02 -2.623847313e-02 1.107621845e-02
    endloop
  endfacet
  facet normal -7.989848852e-01 6.013472080e-01 2.166064922e-03
    outer loop
      vertex 3.553718328e-02 -2.623847313e-02 1.107621845e-02
      vertex 3.454599902e-02 -2.756104060e-02 1.263714302e-02
      vertex 3.543378413e-02 -2.638128586e-02 1.258387323e-02
    endloop
  endfacet
  facet normal -8.129376173e-01 5.823504329e-01 -5.903286510e-04
    outer loop
      vertex 3.553718328e-02 -2.623847313e-02 1.107621845e-02
      vertex 3.543378413e-02 -2.638128586e-02 1.258387323e-02
      vertex 3.570390493e-02 -2.600574680e-02 1.106602978e-02
    endloop
  endfacet
  facet normal -8.112856746e-01 5.846498609e-01 2.725757367e-04
    outer loop
      vertex 3.543378413e-02 -2.638128586e-02 1.258387323e-02
      vertex 3.565782681e-02 -2.607038803e-02 1.257010829e-02
      vertex 3.570390493e-02 -2.600574680e-02 1.106602978e-02
    endloop
  endfacet
  facet normal -8.216003776e-01 5.700635314e-01 -6.703013205e-04
    outer loop
      vertex 3.570390493e-02 -2.600574680e-02 1.106602978e-02
      vertex 3.565782681e-02 -2.607038803e-02 1.257010829e-02
      vertex 3.635459021e-02 -2.506622858e-02 1.253072824e-02
    endloop
  endfacet
  facet normal -8.448633552e-01 5.339749455e-01 3.281285614e-02
    outer loop
      vertex 3.570390493e-02 -2.600574680e-02 1.106602978e-02
      vertex 3.635459021e-02 -2.506622858e-02 1.253072824e-02
      vertex 3.837566450e-02 -2.177015133e-02 1.093101595e-02
    endloop
  endfacet
  facet normal -8.587746620e-01 5.113976598e-01 -3.128132969e-02
    outer loop
      vertex 3.837566450e-02 -2.177015133e-02 1.093101595e-02
      vertex 3.635459021e-02 -2.506622858e-02 1.253072824e-02
      vertex 3.889862075e-02 -2.080103941e-02 1.241752598e-02
    endloop
  endfacet
  facet normal -8.798741698e-01 4.752066433e-01 -2.641957253e-04
    outer loop
      vertex 3.837566450e-02 -2.177015133e-02 1.093101595e-02
      vertex 3.889862075e-02 -2.080103941e-02 1.241752598e-02
      vertex 3.888365254e-02 -2.082959004e-02 1.091371756e-02
    endloop
  endfacet
  facet normal -9.047664404e-01 4.259071052e-01 9.195494931e-04
    outer loop
      vertex 3.888365254e-02 -2.082959004e-02 1.091371756e-02
      vertex 3.889862075e-02 -2.080103941e-02 1.241752598e-02
      vertex 4.054539278e-02 -1.729944535e-02 1.088451128e-02
    endloop
  endfacet
  facet normal -9.097449183e-01 4.139530957e-01 -3.173280135e-02
    outer loop
      vertex 4.054539278e-02 -1.729944535e-02 1.088451128e-02
      vertex 3.889862075e-02 -2.080103941e-02 1.241752598e-02
      vertex 4.096553475e-02 -1.626002975e-02 1.239863131e-02
    endloop
  endfacet
  facet normal -9.396569133e-01 3.410832584e-01 2.659105882e-02
    outer loop
      vertex 4.054539278e-02 -1.729944535e-02 1.088451128e-02
      vertex 4.096553475e-02 -1.626002975e-02 1.239863131e-02
      vertex 4.202833027e-02 -1.321530621e-02 1.090033259e-02
    endloop
  endfacet
  facet normal -9.498047233e-01 3.096707463e-01 -4.444114491e-02
    outer loop
      vertex 4.202833027e-02 -1.321530621e-02 1.090033259e-02
      vertex 4.096553475e-02 -1.626002975e-02 1.239863131e-02
      vertex 4.255164042e-02 -1.138767879e-02 1.245115418e-02
    endloop
  endfacet
  facet normal -9.635278583e-01 2.674219906e-01 9.979302995e-03
    outer loop
      vertex 4.202833027e-02 -1.321530621e-02 1.090033259e-02
      vertex 4.255164042e-02 -1.138767879e-02 1.245115418e-02
      vertex 4.273055121e-02 -1.068616193e-02 1.092644688e-02
    endloop
  endfacet
  facet normal -9.689850807e-01 2.471192330e-01 -2.350149316e-06
    outer loop
      vertex 4.273055121e-02 -1.068616193e-02 1.092644688e-02
      vertex 4.255164042e-02 -1.138767879e-02 1.245115418e-02
      vertex 4.273054749e-02 -1.068616193e-02 1.246240269e-02
    endloop
  endfacet
  facet normal -9.769939780e-01 2.132670134e-01 -2.369573849e-06
    outer loop
      vertex 4.273055121e-02 -1.068616193e-02 1.092644688e-02
      vertex 4.273054749e-02 -1.068616193e-02 1.246240269e-02
      vertex 4.324381053e-02 -8.334877901e-03 1.095568482e-02
    endloop
  endfacet
  facet normal -9.805820584e-01 1.934581399e-01 -3.213706985e-02
    outer loop
      vertex 4.324381053e-02 -8.334877901e-03 1.095568482e-02
      vertex 4.273054749e-02 -1.068616193e-02 1.246240269e-02
      vertex 4.355390370e-02 -6.500961725e-03 1.253374200e-02
    endloop
  endfacet
  facet normal -9.904084802e-01 1.318110377e-01 4.143612087e-02
    outer loop
      vertex 4.324381053e-02 -8.334877901e-03 1.095568482e-02
      vertex 4.355390370e-02 -6.500961725e-03 1.253374200e-02
      vertex 4.390377924e-02 -3.392132465e-03 1.100709569e-02
    endloop
  endfacet
  facet normal -9.949341416e-01 9.112199396e-02 -4.245935380e-02
    outer loop
      vertex 4.390377924e-02 -3.392132465e-03 1.100709569e-02
      vertex 4.355390370e-02 -6.500961725e-03 1.253374200e-02
      vertex 4.401070997e-02 -1.488628448e-03 1.258653682e-02
    endloop
  endfacet
  facet normal -9.990319014e-01 3.857517242e-02 2.114622481e-02
    outer loop
      vertex 4.390377924e-02 -3.392132465e-03 1.100709569e-02
      vertex 4.401070997e-02 -1.488628448e-03 1.258653682e-02
      vertex 4.403816536e-02 8.302685455e-05 1.101660822e-02
    endloop
  endfacet
  facet normal -9.998474717e-01 1.746609621e-02 -3.311982937e-07
    outer loop
      vertex 4.403816536e-02 8.302685455e-05 1.101660822e-02
      vertex 4.401070997e-02 -1.488628448e-03 1.258653682e-02
      vertex 4.403816536e-02 8.305665688e-05 1.258818526e-02
    endloop
  endfacet
  facet normal -9.998501539e-01 -1.731168292e-02 3.283039405e-07
    outer loop
      vertex 4.403816536e-02 8.302685455e-05 1.101660822e-02
      vertex 4.403816536e-02 8.305665688e-05 1.258818526e-02
      vertex 4.401119426e-02 1.640764414e-03 1.101222727e-02
    endloop
  endfacet
  facet normal -9.990313053e-01 -3.862661496e-02 -2.108178101e-02
    outer loop
      vertex 4.401119426e-02 1.640764414e-03 1.101222727e-02
      vertex 4.403816536e-02 8.305665688e-05 1.258818526e-02
      vertex 4.390476272e-02 3.545460757e-03 1.256600861e-02
    endloop
  endfacet
  facet normal -9.950464368e-01 -9.001608193e-02 4.218674079e-02
    outer loop
      vertex 4.401119426e-02 1.640764414e-03 1.101222727e-02
      vertex 4.390476272e-02 3.545460757e-03 1.256600861e-02
      vertex 4.355582595e-02 6.653991994e-03 1.096857619e-02
    endloop
  endfacet
  facet normal -9.903149605e-01 -1.324912310e-01 -4.150148109e-02
    outer loop
      vertex 4.355582595e-02 6.653991994e-03 1.096857619e-02
      vertex 4.390476272e-02 3.545460757e-03 1.256600861e-02
      vertex 4.324744642e-02 8.481767960e-03 1.249210071e-02
    endloop
  endfacet
  facet normal -9.807809591e-01 -1.924164742e-01 3.232080117e-02
    outer loop
      vertex 4.355582595e-02 6.653991994e-03 1.096857619e-02
      vertex 4.324744642e-02 8.481767960e-03 1.249210071e-02
      vertex 4.273054749e-02 1.085221488e-02 1.091876160e-02
    endloop
  endfacet
  facet normal -9.770410061e-01 -2.130512893e-01 2.977601071e-06
    outer loop
      vertex 4.273054749e-02 1.085221488e-02 1.091876160e-02
      vertex 4.324744642e-02 8.481767960e-03 1.249210071e-02
      vertex 4.273055866e-02 1.085218508e-02 1.245351601e-02
    endloop
  endfacet
  facet normal -9.690161943e-01 -2.469971478e-01 2.259994517e-06
    outer loop
      vertex 4.273054749e-02 1.085221488e-02 1.091876160e-02
      vertex 4.273055866e-02 1.085218508e-02 1.245351601e-02
      vertex 4.255440086e-02 1.154327113e-02 1.091149356e-02
    endloop
  endfacet
  facet normal -9.635369182e-01 -2.673971057e-01 -9.766312316e-03
    outer loop
      vertex 4.255440086e-02 1.154327113e-02 1.091149356e-02
      vertex 4.273055866e-02 1.085218508e-02 1.245351601e-02
      vertex 4.203507677e-02 1.335951407e-02 1.241972018e-02
    endloop
  endfacet
  facet normal -9.500652552e-01 -3.088245094e-01 4.476022720e-02
    outer loop
      vertex 4.255440086e-02 1.154327113e-02 1.091149356e-02
      vertex 4.203507677e-02 1.335951407e-02 1.241972018e-02
      vertex 4.096727818e-02 1.642161421e-02 1.088203769e-02
    endloop
  endfacet
  facet normal -9.392752051e-01 -3.419608772e-01 -2.871945314e-02
    outer loop
      vertex 4.096727818e-02 1.642161421e-02 1.088203769e-02
      vertex 4.203507677e-02 1.335951407e-02 1.241972018e-02
      vertex 4.051244259e-02 1.754396968e-02 1.239370089e-02
    endloop
  endfacet
  facet normal -9.095606208e-01 -4.141904712e-01 3.384906426e-02
    outer loop
      vertex 4.096727818e-02 1.642161421e-02 1.088203769e-02
      vertex 4.051244259e-02 1.754396968e-02 1.239370089e-02
      vertex 3.889796138e-02 2.096834593e-02 1.091287564e-02
    endloop
  endfacet
  facet normal -9.043672681e-01 -4.267540872e-01 -8.661323809e-04
    outer loop
      vertex 3.889796138e-02 2.096834593e-02 1.091287564e-02
      vertex 4.051244259e-02 1.754396968e-02 1.239370089e-02
      vertex 3.888365254e-02 2.099561505e-02 1.241753716e-02
    endloop
  endfacet
  facet normal -8.854777217e-01 -4.646818340e-01 8.695035945e-07
    outer loop
      vertex 3.889796138e-02 2.096834593e-02 1.091287564e-02
      vertex 3.888365254e-02 2.099561505e-02 1.241753716e-02
      vertex 3.888368234e-02 2.099555545e-02 1.091331523e-02
    endloop
  endfacet
  facet normal -8.794451952e-01 -4.760002196e-01 1.437512083e-06
    outer loop
      vertex 3.888368234e-02 2.099555545e-02 1.091331523e-02
      vertex 3.888365254e-02 2.099561505e-02 1.241753716e-02
      vertex 3.833610192e-02 2.200725488e-02 1.243546885e-02
    endloop
  endfacet
  facet normal -8.577728271e-01 -5.130072236e-01 3.239456192e-02
    outer loop
      vertex 3.888368234e-02 2.099555545e-02 1.091331523e-02
      vertex 3.833610192e-02 2.200725488e-02 1.243546885e-02
      vertex 3.635130823e-02 2.523714118e-02 1.102945674e-02
    endloop
  endfacet
  facet normal -8.448427916e-01 -5.339370966e-01 -3.393820301e-02
    outer loop
      vertex 3.635130823e-02 2.523714118e-02 1.102945674e-02
      vertex 3.833610192e-02 2.200725488e-02 1.243546885e-02
      vertex 3.565831855e-02 2.623572759e-02 1.257005055e-02
    endloop
  endfacet
  facet normal -8.220538497e-01 -5.694093108e-01 -6.948334049e-04
    outer loop
      vertex 3.635130823e-02 2.523714118e-02 1.102945674e-02
      vertex 3.565831855e-02 2.623572759e-02 1.257005055e-02
      vertex 3.570316732e-02 2.617281489e-02 1.106605399e-02
    endloop
  endfacet
  facet normal -8.072268367e-01 -5.902409554e-01 6.187001127e-04
    outer loop
      vertex 3.565831855e-02 2.623572759e-02 1.257005055e-02
      vertex 3.537824750e-02 2.661877684e-02 1.258699875e-02
      vertex 3.570316732e-02 2.617281489e-02 1.106605399e-02
    endloop
  endfacet
  facet normal -8.072205186e-01 -5.902496576e-01 6.226103287e-04
    outer loop
      vertex 3.570316732e-02 2.617281489e-02 1.106605399e-02
      vertex 3.537824750e-02 2.661877684e-02 1.258699875e-02
      vertex 3.506478667e-02 2.704748325e-02 1.260596793e-02
    endloop
  endfacet
  facet normal -7.912237048e-01 -6.112263203e-01 1.916890591e-02
    outer loop
      vertex 3.570316732e-02 2.617281489e-02 1.106605399e-02
      vertex 3.506478667e-02 2.704748325e-02 1.260596793e-02
      vertex 3.358225897e-02 2.892231755e-02 1.119415555e-02
    endloop
  endfacet
  facet normal -7.755732536e-01 -6.308276057e-01 -2.329519019e-02
    outer loop
      vertex 3.358225897e-02 2.892231755e-02 1.119415555e-02
      vertex 3.506478667e-02 2.704748325e-02 1.260596793e-02
      vertex 3.272083029e-02 2.992389910e-02 1.275137533e-02
    endloop
  endfacet
  facet normal -7.581615448e-01 -6.520667672e-01 -2.624496574e-06
    outer loop
      vertex 3.358225897e-02 2.892231755e-02 1.119415555e-02
      vertex 3.272083029e-02 2.992389910e-02 1.275137533e-02
      vertex 3.272102773e-02 2.992367558e-02 1.124883350e-02
    endloop
  endfacet
  facet normal -7.325390577e-01 -6.807250381e-01 5.005604180e-06
    outer loop
      vertex 3.272102773e-02 2.992367558e-02 1.124883350e-02
      vertex 3.272083029e-02 2.992389910e-02 1.275137533e-02
      vertex 3.126524761e-02 3.149026260e-02 1.134804729e-02
    endloop
  endfacet
  facet normal -7.315223217e-01 -6.818137765e-01 -2.264805604e-03
    outer loop
      vertex 3.126524761e-02 3.149026260e-02 1.134804729e-02
      vertex 3.272083029e-02 2.992389910e-02 1.275137533e-02
      vertex 3.116502799e-02 3.159276769e-02 1.285905857e-02
    endloop
  endfacet
  facet normal -6.628479362e-01 -7.487229109e-01 6.829050835e-03
    outer loop
      vertex 3.126524761e-02 3.149026260e-02 1.134804729e-02
      vertex 3.116502799e-02 3.159276769e-02 1.285905857e-02
      vertex 2.633733675e-02 3.585667536e-02 1.175498310e-02
    endloop
  endfacet
  facet normal -6.643598080e-01 -7.471590042e-01 1.947986148e-02
    outer loop
      vertex 2.633733675e-02 3.585667536e-02 1.175498310e-02
      vertex 3.116502799e-02 3.159276769e-02 1.285905857e-02
      vertex 2.666210383e-02 3.560649976e-02 1.323555131e-02
    endloop
  endfacet
  facet normal -5.879801512e-01 -8.088387251e-01 -7.696437184e-03
    outer loop
      vertex 2.633733675e-02 3.585667536e-02 1.175498310e-02
      vertex 2.666210383e-02 3.560649976e-02 1.323555131e-02
      vertex 2.460013703e-02 3.711793944e-02 1.192126516e-02
    endloop
  endfacet
  facet normal -5.911938548e-01 -8.065294623e-01 1.140514996e-06
    outer loop
      vertex 2.460013703e-02 3.711793944e-02 1.192126516e-02
      vertex 2.666210383e-02 3.560649976e-02 1.323555131e-02
      vertex 2.460003830e-02 3.711801395e-02 1.343669463e-02
    endloop
  endfacet
  facet normal -5.267946720e-01 -8.499925733e-01 7.472548077e-06
    outer loop
      vertex 2.460013703e-02 3.711793944e-02 1.192126516e-02
      vertex 2.460003830e-02 3.711801395e-02 1.343669463e-02
      vertex 2.083025128e-02 3.945438191e-02 1.230687741e-02
    endloop
  endfacet
  facet normal -5.321987271e-01 -8.462253809e-01 2.582882531e-02
    outer loop
      vertex 2.083025128e-02 3.945438191e-02 1.230687741e-02
      vertex 2.460003830e-02 3.711801395e-02 1.343669463e-02
      vertex 2.152527869e-02 3.906160221e-02 1.375922840e-02
    endloop
  endfacet
  facet normal -4.310688376e-01 -9.015383720e-01 -3.752626479e-02
    outer loop
      vertex 2.083025128e-02 3.945438191e-02 1.230687741e-02
      vertex 2.152527869e-02 3.906160221e-02 1.375922840e-02
      vertex 1.570603624e-02 4.188231751e-02 1.284016762e-02
    endloop
  endfacet
  facet normal -4.377291203e-01 -8.990218043e-01 1.236833166e-02
    outer loop
      vertex 1.570603624e-02 4.188231751e-02 1.284016762e-02
      vertex 2.152527869e-02 3.906160221e-02 1.375922840e-02
      vertex 1.595352218e-02 4.178277776e-02 1.436368655e-02
    endloop
  endfacet
  facet normal -3.626881540e-01 -9.319084883e-01 -1.970258076e-03
    outer loop
      vertex 1.570603624e-02 4.188231751e-02 1.284016762e-02
      vertex 1.595352218e-02 4.178277776e-02 1.436368655e-02
      vertex 1.499568112e-02 4.215862975e-02 1.291105989e-02
    endloop
  endfacet
  facet normal -3.652844429e-01 -9.308959246e-01 3.674621212e-06
    outer loop
      vertex 1.499568112e-02 4.215862975e-02 1.291105989e-02
      vertex 1.595352218e-02 4.178277776e-02 1.436368655e-02
      vertex 1.499565877e-02 4.215864465e-02 1.446406264e-02
    endloop
  endfacet
  facet normal -3.105140626e-01 -9.505687952e-01 4.651670224e-06
    outer loop
      vertex 1.499568112e-02 4.215862975e-02 1.291105989e-02
      vertex 1.499565877e-02 4.215864465e-02 1.446406264e-02
      vertex 1.099634729e-02 4.346505925e-02 1.327875163e-02
    endloop
  endfacet
  facet normal -3.188749850e-01 -9.472611547e-01 3.186045960e-02
    outer loop
      vertex 1.099634729e-02 4.346505925e-02 1.327875163e-02
      vertex 1.499565877e-02 4.215864465e-02 1.446406264e-02
      vertex 1.203036681e-02 4.316669330e-02 1.475683693e-02
    endloop
  endfacet
  facet normal -2.214673609e-01 -9.742742777e-01 -4.173554480e-02
    outer loop
      vertex 1.099634729e-02 4.346505925e-02 1.327875163e-02
      vertex 1.203036681e-02 4.316669330e-02 1.475683693e-02
      vertex 6.749166176e-03 4.441743717e-02 1.358388271e-02
    endloop
  endfacet
  facet normal -2.136415988e-01 -9.739060998e-01 -7.657828927e-02
    outer loop
      vertex 6.749166176e-03 4.441743717e-02 1.358388271e-02
      vertex 1.203036681e-02 4.316669330e-02 1.475683693e-02
      vertex 4.788172897e-03 4.471414909e-02 1.528123301e-02
    endloop
  endfacet
  facet normal -1.457844973e-01 -9.893060923e-01 4.510845989e-03
    outer loop
      vertex 6.749166176e-03 4.441743717e-02 1.358388271e-02
      vertex 4.788172897e-03 4.471414909e-02 1.528123301e-02
      vertex 4.463699181e-03 4.475475475e-02 1.370019745e-02
    endloop
  endfacet
  facet normal -1.241628304e-01 -9.922618270e-01 -2.451594582e-06
    outer loop
      vertex 4.463699181e-03 4.475475475e-02 1.370019745e-02
      vertex 4.788172897e-03 4.471414909e-02 1.528123301e-02
      vertex 4.462476820e-03 4.475490376e-02 1.529640239e-02
    endloop
  endfacet
  facet normal -6.161320210e-02 -9.981001019e-01 4.599343083e-05
    outer loop
      vertex 4.463699181e-03 4.475475475e-02 1.370019745e-02
      vertex 4.462476820e-03 4.475490376e-02 1.529640239e-02
      vertex -8.516352391e-04 4.508287832e-02 1.381773595e-02
    endloop
  endfacet
  facet normal -4.345629737e-02 -9.969418049e-01 -6.495036185e-02
    outer loop
      vertex -8.516352391e-04 4.508287832e-02 1.381773595e-02
      vertex 4.462476820e-03 4.475490376e-02 1.529640239e-02
      vertex -2.572853584e-03 4.505416378e-02 1.541009825e-02
    endloop
  endfacet
  facet normal 6.007477641e-02 -9.970888495e-01 4.695593938e-02
    outer loop
      vertex -8.516352391e-04 4.508287832e-02 1.381773595e-02
      vertex -2.572853584e-03 4.505416378e-02 1.541009825e-02
      vertex -6.566012278e-03 4.473268613e-02 1.369245257e-02
    endloop
  endfacet
  facet normal 7.955383062e-01 -6.031915545e-01 -5.726066604e-02
    outer loop
      vertex -3.784010559e-02 2.587047033e-02 1.105324645e-02
      vertex -3.562648967e-02 2.877729945e-02 1.118669752e-02
      vertex -3.464449570e-02 2.992389910e-02 1.275137719e-02
    endloop
  endfacet
  facet normal 7.595241070e-01 -6.504791379e-01 -5.724523817e-06
    outer loop
      vertex -3.464449570e-02 2.992389910e-02 1.275137719e-02
      vertex -3.562648967e-02 2.877729945e-02 1.118669752e-02
      vertex -3.464468569e-02 2.992369048e-02 1.124883536e-02
    endloop
  endfacet
  facet normal 7.311432958e-01 -6.822239161e-01 2.271622407e-06
    outer loop
      vertex -3.464449570e-02 2.992389910e-02 1.275137719e-02
      vertex -3.464468569e-02 2.992369048e-02 1.124883536e-02
      vertex -3.305995092e-02 3.162206337e-02 1.286115404e-02
    endloop
  endfacet
  facet normal 7.326355577e-01 -6.806137562e-01 -3.160557477e-03
    outer loop
      vertex -3.305995092e-02 3.162206337e-02 1.286115404e-02
      vertex -3.464468569e-02 2.992369048e-02 1.124883536e-02
      vertex -3.318892047e-02 3.149026260e-02 1.134804729e-02
    endloop
  endfacet
  facet normal 6.646359563e-01 -7.471198440e-01 8.428465575e-03
    outer loop
      vertex -3.305995092e-02 3.162206337e-02 1.286115404e-02
      vertex -3.318892047e-02 3.149026260e-02 1.134804729e-02
      vertex -2.858578041e-02 3.560649976e-02 1.323555131e-02
    endloop
  endfacet
  facet normal 6.621741652e-01 -7.491145730e-01 1.878231578e-02
    outer loop
      vertex -2.858578041e-02 3.560649976e-02 1.323555131e-02
      vertex -3.318892047e-02 3.149026260e-02 1.134804729e-02
      vertex -2.825918235e-02 3.585807607e-02 1.175515261e-02
    endloop
  endfacet
  facet normal 5.915974975e-01 -8.062073588e-01 -6.490183994e-03
    outer loop
      vertex -2.858578041e-02 3.560649976e-02 1.323555131e-02
      vertex -2.825918235e-02 3.585807607e-02 1.175515261e-02
      vertex -2.652428672e-02 3.711761162e-02 1.343663689e-02
    endloop
  endfacet
  facet normal 5.874929428e-01 -8.092292547e-01 8.356928447e-06
    outer loop
      vertex -2.652428672e-02 3.711761162e-02 1.343663689e-02
      vertex -2.825918235e-02 3.585807607e-02 1.175515261e-02
      vertex -2.652381361e-02 3.711793944e-02 1.192126516e-02
    endloop
  endfacet
  facet normal 5.532662868e-01 -8.330044746e-01 -7.472302514e-06
    outer loop
      vertex -2.652428672e-02 3.711761162e-02 1.343663689e-02
      vertex -2.652381361e-02 3.711793944e-02 1.192126516e-02
      vertex -2.518558875e-02 3.800674900e-02 1.357442793e-02
    endloop
  endfacet
  facet normal 5.240350962e-01 -8.510433435e-01 3.335347027e-02
    outer loop
      vertex -2.518558875e-02 3.800674900e-02 1.357442793e-02
      vertex -2.652381361e-02 3.711793944e-02 1.192126516e-02
      vertex -2.275392786e-02 3.945438191e-02 1.230687741e-02
    endloop
  endfacet
  facet normal 4.835725129e-01 -8.725901246e-01 -6.887760013e-02
    outer loop
      vertex -2.518558875e-02 3.800674900e-02 1.357442793e-02
      vertex -2.275392786e-02 3.945438191e-02 1.230687741e-02
      vertex -1.974375360e-02 4.097604379e-02 1.416307408e-02
    endloop
  endfacet
  facet normal 4.132469296e-01 -9.076168537e-01 7.388264686e-02
    outer loop
      vertex -1.974375360e-02 4.097604379e-02 1.416307408e-02
      vertex -2.275392786e-02 3.945438191e-02 1.230687741e-02
      vertex -1.693681255e-02 4.215201363e-02 1.290933322e-02
    endloop
  endfacet
  facet normal 3.862573802e-01 -9.223909378e-01 -4.006114323e-04
    outer loop
      vertex -1.974375360e-02 4.097604379e-02 1.416307408e-02
      vertex -1.693681255e-02 4.215201363e-02 1.290933322e-02
      vertex -1.691972092e-02 4.215849563e-02 1.446402166e-02
    endloop
  endfacet
  facet normal 3.549178839e-01 -9.348974824e-01 -3.933809694e-06
    outer loop
      vertex -1.691972092e-02 4.215849563e-02 1.446402166e-02
      vertex -1.693681255e-02 4.215201363e-02 1.290933322e-02
      vertex -1.691907085e-02 4.215874895e-02 1.291108783e-02
    endloop
  endfacet
  facet normal 3.218665123e-01 -9.467850327e-01 -1.970837184e-05
    outer loop
      vertex -1.691972092e-02 4.215849563e-02 1.446402166e-02
      vertex -1.691907085e-02 4.215874895e-02 1.291108783e-02
      vertex -1.395404339e-02 4.316669330e-02 1.475683693e-02
    endloop
  endfacet
  facet normal 2.807671130e-01 -9.570989013e-01 7.163499296e-02
    outer loop
      vertex -1.395404339e-02 4.316669330e-02 1.475683693e-02
      vertex -1.691907085e-02 4.215874895e-02 1.291108783e-02
      vertex -1.079033222e-02 4.399658367e-02 1.344492380e-02
    endloop
  endfacet
  facet normal 2.226412594e-01 -9.717887640e-01 -7.782947272e-02
    outer loop
      vertex -1.395404339e-02 4.316669330e-02 1.475683693e-02
      vertex -1.079033222e-02 4.399658367e-02 1.344492380e-02
      vertex -7.513356861e-03 4.460355267e-02 1.524044108e-02
    endloop
  endfacet
  facet normal 1.703688651e-01 -9.851328731e-01 2.208311297e-02
    outer loop
      vertex -7.513356861e-03 4.460355267e-02 1.524044108e-02
      vertex -1.079033222e-02 4.399658367e-02 1.344492380e-02
      vertex -6.566012278e-03 4.473268613e-02 1.369245257e-02
    endloop
  endfacet
  facet normal 1.331322044e-01 -9.910975695e-01 -1.202712534e-03
    outer loop
      vertex -7.513356861e-03 4.460355267e-02 1.524044108e-02
      vertex -6.566012278e-03 4.473268613e-02 1.369245257e-02
      vertex -6.386567838e-03 4.475484416e-02 1.529638376e-02
    endloop
  endfacet
  facet normal 7.809422910e-02 -9.969332814e-01 5.035439041e-03
    outer loop
      vertex -6.386567838e-03 4.475484416e-02 1.529638376e-02
      vertex -6.566012278e-03 4.473268613e-02 1.369245257e-02
      vertex -2.572853584e-03 4.505416378e-02 1.541009825e-02
    endloop
  endfacet
endsolid waist_support_link
