solid waist_roll_link_rev_1_0
  facet normal 1.906226098e-04 -9.898241162e-01 1.422961354e-01
    outer loop
      vertex 1.000095159e-02 -4.998094868e-03 -2.405071200e-07
      vertex 1.600093395e-02 -4.794443492e-03 1.408338663e-03
      vertex 1.000093389e-02 -4.795586225e-03 1.408426091e-03
    endloop
  endfacet
  facet normal 1.793295960e-04 -9.096398950e-01 4.153976738e-01
    outer loop
      vertex 1.000093389e-02 -4.795586225e-03 1.408426091e-03
      vertex 1.600093395e-02 -4.794443492e-03 1.408338663e-03
      vertex 1.600084081e-02 -4.203271121e-03 2.702891128e-03
    endloop
  endfacet
  facet normal 1.793295960e-04 -9.096398950e-01 4.153976738e-01
    outer loop
      vertex 1.000093389e-02 -4.795586225e-03 1.408426091e-03
      vertex 1.600084081e-02 -4.203271121e-03 2.702891128e-03
      vertex 1.000083983e-02 -4.204413854e-03 2.702978672e-03
    endloop
  endfacet
  facet normal 1.535083575e-04 -7.557619810e-01 6.548464298e-01
    outer loop
      vertex 1.000083983e-02 -4.204413854e-03 2.702978672e-03
      vertex 1.600084081e-02 -4.203271121e-03 2.702891128e-03
      vertex 1.600067876e-02 -3.271327354e-03 3.778452752e-03
    endloop
  endfacet
  facet normal 1.535083575e-04 -7.557619810e-01 6.548464298e-01
    outer loop
      vertex 1.000083983e-02 -4.204413854e-03 2.702978672e-03
      vertex 1.600067876e-02 -3.271327354e-03 3.778452752e-03
      vertex 1.000067778e-02 -3.272470320e-03 3.778540064e-03
    endloop
  endfacet
  facet normal 1.152507903e-04 -5.406566858e-01 8.412433267e-01
    outer loop
      vertex 1.000067778e-02 -3.272470320e-03 3.778540064e-03
      vertex 1.600067876e-02 -3.271327354e-03 3.778452752e-03
      vertex 1.600046270e-02 -2.074113348e-03 4.547887482e-03
    endloop
  endfacet
  facet normal 1.152507903e-04 -5.406566858e-01 8.412433267e-01
    outer loop
      vertex 1.000067778e-02 -3.272470320e-03 3.778540064e-03
      vertex 1.600046270e-02 -2.074113348e-03 4.547887482e-03
      vertex 1.000046171e-02 -2.075256081e-03 4.547975026e-03
    endloop
  endfacet
  facet normal 6.765629951e-05 -2.817507088e-01 9.594876170e-01
    outer loop
      vertex 1.000046171e-02 -2.075256081e-03 4.547975026e-03
      vertex 1.600046270e-02 -2.074113348e-03 4.547887482e-03
      vertex 1.600020751e-02 -7.086201222e-04 4.948860500e-03
    endloop
  endfacet
  facet normal 6.765629951e-05 -2.817507088e-01 9.594876170e-01
    outer loop
      vertex 1.000046171e-02 -2.075256081e-03 4.547975026e-03
      vertex 1.600020751e-02 -7.086201222e-04 4.948860500e-03
      vertex 1.000020746e-02 -7.097630878e-04 4.948948044e-03
    endloop
  endfacet
  facet normal 1.458068891e-05 -1.893927038e-05 1.000000000e+00
    outer loop
      vertex 1.000020746e-02 -7.097630878e-04 4.948948044e-03
      vertex 1.600020751e-02 -7.086201222e-04 4.948860500e-03
      vertex 1.599993743e-02 7.145282580e-04 4.948887508e-03
    endloop
  endfacet
  facet normal 1.458068891e-05 -1.893927038e-05 1.000000000e+00
    outer loop
      vertex 1.000020746e-02 -7.097630878e-04 4.948948044e-03
      vertex 1.599993743e-02 7.145282580e-04 4.948887508e-03
      vertex 9.999936447e-03 7.133853505e-04 4.948975053e-03
    endloop
  endfacet
  facet normal -3.967615703e-05 2.817143798e-01 9.594982862e-01
    outer loop
      vertex 9.999936447e-03 7.133853505e-04 4.948975053e-03
      vertex 1.599993743e-02 7.145282580e-04 4.948887508e-03
      vertex 1.599967107e-02 2.080036560e-03 4.547966179e-03
    endloop
  endfacet
  facet normal -3.967615703e-05 2.817143798e-01 9.594982862e-01
    outer loop
      vertex 9.999936447e-03 7.133853505e-04 4.948975053e-03
      vertex 1.599967107e-02 2.080036560e-03 4.547966179e-03
      vertex 9.999670088e-03 2.078893594e-03 4.548053723e-03
    endloop
  endfacet
  facet normal -9.071867680e-05 5.406248569e-01 8.412637711e-01
    outer loop
      vertex 9.999670088e-03 2.078893594e-03 4.548053723e-03
      vertex 1.599967107e-02 2.080036560e-03 4.547966179e-03
      vertex 1.599943079e-02 3.277279902e-03 3.778576618e-03
    endloop
  endfacet
  facet normal -9.071867680e-05 5.406248569e-01 8.412637711e-01
    outer loop
      vertex 9.999670088e-03 2.078893594e-03 4.548053723e-03
      vertex 1.599943079e-02 3.277279902e-03 3.778576618e-03
      vertex 9.999430738e-03 3.276136937e-03 3.778664162e-03
    endloop
  endfacet
  facet normal -1.344117190e-04 7.557371855e-01 6.548750401e-01
    outer loop
      vertex 9.999430738e-03 3.276136937e-03 3.778664162e-03
      vertex 1.599943079e-02 3.277279902e-03 3.778576618e-03
      vertex 1.599923894e-02 4.209264182e-03 2.703050617e-03
    endloop
  endfacet
  facet normal -1.344117190e-04 7.557371855e-01 6.548750401e-01
    outer loop
      vertex 9.999430738e-03 3.276136937e-03 3.778664162e-03
      vertex 1.599923894e-02 4.209264182e-03 2.703050617e-03
      vertex 9.999237955e-03 4.208121449e-03 2.703137929e-03
    endloop
  endfacet
  facet normal -1.672155340e-04 9.096241593e-01 4.154321551e-01
    outer loop
      vertex 9.999237955e-03 4.208121449e-03 2.703137929e-03
      vertex 1.599923894e-02 4.209264182e-03 2.703050617e-03
      vertex 1.599910669e-02 4.800485913e-03 1.408520387e-03
    endloop
  endfacet
  facet normal -1.672155340e-04 9.096241593e-01 4.154321551e-01
    outer loop
      vertex 9.999237955e-03 4.208121449e-03 2.703137929e-03
      vertex 1.599910669e-02 4.800485913e-03 1.408520387e-03
      vertex 9.999105707e-03 4.799342714e-03 1.408607815e-03
    endloop
  endfacet
  facet normal -1.864725054e-04 9.898187518e-01 1.423336267e-01
    outer loop
      vertex 9.999105707e-03 4.799342714e-03 1.408607815e-03
      vertex 1.599910669e-02 4.800485913e-03 1.408520387e-03
      vertex 1.599904709e-02 5.003047641e-03 -1.385491402e-07
    endloop
  endfacet
  facet normal -1.864725054e-04 9.898187518e-01 1.423336267e-01
    outer loop
      vertex 9.999105707e-03 4.799342714e-03 1.408607815e-03
      vertex 1.599904709e-02 5.003047641e-03 -1.385491402e-07
      vertex 9.999047033e-03 5.001904443e-03 -5.108664425e-08
    endloop
  endfacet
  facet normal -1.906226098e-04 9.898241162e-01 -1.422961354e-01
    outer loop
      vertex 9.999047033e-03 5.001904443e-03 -5.108664425e-08
      vertex 1.599904709e-02 5.003047641e-03 -1.385491402e-07
      vertex 1.599906571e-02 4.800538998e-03 -1.408805023e-03
    endloop
  endfacet
  facet normal -1.906226098e-04 9.898241162e-01 -1.422961354e-01
    outer loop
      vertex 9.999047033e-03 5.001904443e-03 -5.108664425e-08
      vertex 1.599906571e-02 4.800538998e-03 -1.408805023e-03
      vertex 9.999064729e-03 4.799396265e-03 -1.408717595e-03
    endloop
  endfacet
  facet normal -1.793296105e-04 9.096399546e-01 -4.153976142e-01
    outer loop
      vertex 9.999064729e-03 4.799396265e-03 -1.408717595e-03
      vertex 1.599906571e-02 4.800538998e-03 -1.408805023e-03
      vertex 1.599915884e-02 4.209366627e-03 -2.703357954e-03
    endloop
  endfacet
  facet normal -1.793296105e-04 9.096399546e-01 -4.153976142e-01
    outer loop
      vertex 9.999064729e-03 4.799396265e-03 -1.408717595e-03
      vertex 1.599915884e-02 4.209366627e-03 -2.703357954e-03
      vertex 9.999158792e-03 4.208223429e-03 -2.703270409e-03
    endloop
  endfacet
  facet normal -1.535083429e-04 7.557618618e-01 -6.548465490e-01
    outer loop
      vertex 9.999158792e-03 4.208223429e-03 -2.703270409e-03
      vertex 1.599915884e-02 4.209366627e-03 -2.703357954e-03
      vertex 1.599932089e-02 3.277422860e-03 -3.778918879e-03
    endloop
  endfacet
  facet normal -1.535083429e-04 7.557618618e-01 -6.548465490e-01
    outer loop
      vertex 9.999158792e-03 4.208223429e-03 -2.703270409e-03
      vertex 1.599932089e-02 3.277422860e-03 -3.778918879e-03
      vertex 9.999320842e-03 3.276279895e-03 -3.778831568e-03
    endloop
  endfacet
  facet normal -1.152507975e-04 5.406567454e-01 -8.412432671e-01
    outer loop
      vertex 9.999320842e-03 3.276279895e-03 -3.778831568e-03
      vertex 1.599932089e-02 3.277422860e-03 -3.778918879e-03
      vertex 1.599953882e-02 2.080208855e-03 -4.548353609e-03
    endloop
  endfacet
  facet normal -1.152507975e-04 5.406567454e-01 -8.412432671e-01
    outer loop
      vertex 9.999320842e-03 3.276279895e-03 -3.778831568e-03
      vertex 1.599953882e-02 2.080208855e-03 -4.548353609e-03
      vertex 9.999537840e-03 2.079065889e-03 -4.548266530e-03
    endloop
  endfacet
  facet normal -6.765632133e-05 2.817508578e-01 -9.594876170e-01
    outer loop
      vertex 9.999537840e-03 2.079065889e-03 -4.548266530e-03
      vertex 1.599953882e-02 2.080208855e-03 -4.548353609e-03
      vertex 1.599979214e-02 7.147157448e-04 -4.949327093e-03
    endloop
  endfacet
  facet normal -6.765632133e-05 2.817508578e-01 -9.594876170e-01
    outer loop
      vertex 9.999537840e-03 2.079065889e-03 -4.548266530e-03
      vertex 1.599979214e-02 7.147157448e-04 -4.949327093e-03
      vertex 9.999792092e-03 7.135727792e-04 -4.949239548e-03
    endloop
  endfacet
  facet normal -1.458068891e-05 1.893927038e-05 -1.000000000e+00
    outer loop
      vertex 9.999792092e-03 7.135727792e-04 -4.949239548e-03
      vertex 1.599979214e-02 7.147157448e-04 -4.949327093e-03
      vertex 1.600006409e-02 -7.084326935e-04 -4.949354101e-03
    endloop
  endfacet
  facet normal -1.458068891e-05 1.893927038e-05 -1.000000000e+00
    outer loop
      vertex 9.999792092e-03 7.135727792e-04 -4.949239548e-03
      vertex 1.600006409e-02 -7.084326935e-04 -4.949354101e-03
      vertex 1.000006311e-02 -7.095756009e-04 -4.949266557e-03
    endloop
  endfacet
  facet normal 3.967618977e-05 -2.817145288e-01 -9.594982862e-01
    outer loop
      vertex 1.000006311e-02 -7.095756009e-04 -4.949266557e-03
      vertex 1.600006409e-02 -7.084326935e-04 -4.949354101e-03
      vertex 1.600033045e-02 -2.073941054e-03 -4.548432305e-03
    endloop
  endfacet
  facet normal 3.967618977e-05 -2.817145288e-01 -9.594982862e-01
    outer loop
      vertex 1.000006311e-02 -7.095756009e-04 -4.949266557e-03
      vertex 1.600033045e-02 -2.073941054e-03 -4.548432305e-03
      vertex 1.000032853e-02 -2.075084019e-03 -4.548345227e-03
    endloop
  endfacet
  facet normal 9.071868408e-05 -5.406248569e-01 -8.412637711e-01
    outer loop
      vertex 1.000032853e-02 -2.075084019e-03 -4.548345227e-03
      vertex 1.600033045e-02 -2.073941054e-03 -4.548432305e-03
      vertex 1.600056887e-02 -3.271184163e-03 -3.779042978e-03
    endloop
  endfacet
  facet normal 9.071868408e-05 -5.406248569e-01 -8.412637711e-01
    outer loop
      vertex 1.000032853e-02 -2.075084019e-03 -4.548345227e-03
      vertex 1.600056887e-02 -3.271184163e-03 -3.779042978e-03
      vertex 1.000056788e-02 -3.272327129e-03 -3.778955666e-03
    endloop
  endfacet
  facet normal 1.344117045e-04 -7.557370663e-01 -6.548751593e-01
    outer loop
      vertex 1.000056788e-02 -3.272327129e-03 -3.778955666e-03
      vertex 1.600056887e-02 -3.271184163e-03 -3.779042978e-03
      vertex 1.600076258e-02 -4.203168675e-03 -2.703517210e-03
    endloop
  endfacet
  facet normal 1.344117045e-04 -7.557370663e-01 -6.548751593e-01
    outer loop
      vertex 1.000056788e-02 -3.272327129e-03 -3.778955666e-03
      vertex 1.600076258e-02 -4.203168675e-03 -2.703517210e-03
      vertex 1.000076160e-02 -4.204311408e-03 -2.703429665e-03
    endloop
  endfacet
  facet normal 1.672155340e-04 -9.096242189e-01 -4.154320657e-01
    outer loop
      vertex 1.000076160e-02 -4.204311408e-03 -2.703429665e-03
      vertex 1.600076258e-02 -4.203168675e-03 -2.703517210e-03
      vertex 1.600089297e-02 -4.794389941e-03 -1.408986747e-03
    endloop
  endfacet
  facet normal 1.672155340e-04 -9.096242189e-01 -4.154320657e-01
    outer loop
      vertex 1.000076160e-02 -4.204311408e-03 -2.703429665e-03
      vertex 1.600089297e-02 -4.794389941e-03 -1.408986747e-03
      vertex 1.000089291e-02 -4.795533139e-03 -1.408899319e-03
    endloop
  endfacet
  facet normal 1.864725054e-04 -9.898186922e-01 -1.423336416e-01
    outer loop
      vertex 1.000089291e-02 -4.795533139e-03 -1.408899319e-03
      vertex 1.600089297e-02 -4.794389941e-03 -1.408986747e-03
      vertex 1.600095257e-02 -4.996952135e-03 -3.279696159e-07
    endloop
  endfacet
  facet normal 1.864725054e-04 -9.898186922e-01 -1.423336416e-01
    outer loop
      vertex 1.000089291e-02 -4.795533139e-03 -1.408899319e-03
      vertex 1.600095257e-02 -4.996952135e-03 -3.279696159e-07
      vertex 1.000095159e-02 -4.998094868e-03 -2.405071200e-07
    endloop
  endfacet
  facet normal 1.906226098e-04 -9.898241162e-01 1.422961354e-01
    outer loop
      vertex 1.000095159e-02 -4.998094868e-03 -2.405071200e-07
      vertex 1.600095257e-02 -4.996952135e-03 -3.279696159e-07
      vertex 1.600093395e-02 -4.794443492e-03 1.408338663e-03
    endloop
  endfacet
  facet normal -1.864725054e-04 9.898187518e-01 1.423336267e-01
    outer loop
      vertex -1.000095252e-02 4.998094868e-03 2.404549662e-07
      vertex -1.600089297e-02 4.794389941e-03 1.408986864e-03
      vertex -1.000089291e-02 4.795533139e-03 1.408899436e-03
    endloop
  endfacet
  facet normal -1.672155340e-04 9.096241593e-01 4.154321551e-01
    outer loop
      vertex -1.000089291e-02 4.795533139e-03 1.408899436e-03
      vertex -1.600089297e-02 4.794389941e-03 1.408986864e-03
      vertex -1.600076072e-02 4.203168675e-03 2.703516977e-03
    endloop
  endfacet
  facet normal -1.672155340e-04 9.096241593e-01 4.154321551e-01
    outer loop
      vertex -1.000089291e-02 4.795533139e-03 1.408899436e-03
      vertex -1.600076072e-02 4.203168675e-03 2.703516977e-03
      vertex -1.000076160e-02 4.204311408e-03 2.703429433e-03
    endloop
  endfacet
  facet normal -1.344117190e-04 7.557371855e-01 6.548750401e-01
    outer loop
      vertex -1.000076160e-02 4.204311408e-03 2.703429433e-03
      vertex -1.600076072e-02 4.203168675e-03 2.703516977e-03
      vertex -1.600056887e-02 3.271184163e-03 3.779043211e-03
    endloop
  endfacet
  facet normal -1.344117190e-04 7.557371855e-01 6.548750401e-01
    outer loop
      vertex -1.000076160e-02 4.204311408e-03 2.703429433e-03
      vertex -1.600056887e-02 3.271184163e-03 3.779043211e-03
      vertex -1.000056881e-02 3.272327129e-03 3.778955666e-03
    endloop
  endfacet
  facet normal -9.071867680e-05 5.406248569e-01 8.412637711e-01
    outer loop
      vertex -1.000056881e-02 3.272327129e-03 3.778955666e-03
      vertex -1.600056887e-02 3.271184163e-03 3.779043211e-03
      vertex -1.600032859e-02 2.073941054e-03 4.548432771e-03
    endloop
  endfacet
  facet normal -9.071867680e-05 5.406248569e-01 8.412637711e-01
    outer loop
      vertex -1.000056881e-02 3.272327129e-03 3.778955666e-03
      vertex -1.600032859e-02 2.073941054e-03 4.548432771e-03
      vertex -1.000032946e-02 2.075084019e-03 4.548345227e-03
    endloop
  endfacet
  facet normal -3.967615703e-05 2.817143798e-01 9.594982862e-01
    outer loop
      vertex -1.000032946e-02 2.075084019e-03 4.548345227e-03
      vertex -1.600032859e-02 2.073941054e-03 4.548432771e-03
      vertex -1.600006223e-02 7.084326935e-04 4.949354101e-03
    endloop
  endfacet
  facet normal -3.967615703e-05 2.817143798e-01 9.594982862e-01
    outer loop
      vertex -1.000032946e-02 2.075084019e-03 4.548345227e-03
      vertex -1.600006223e-02 7.084326935e-04 4.949354101e-03
      vertex -1.000006311e-02 7.095756009e-04 4.949266557e-03
    endloop
  endfacet
  facet normal 1.458068891e-05 -1.893927038e-05 1.000000000e+00
    outer loop
      vertex -1.000006311e-02 7.095756009e-04 4.949266557e-03
      vertex -1.600006223e-02 7.084326935e-04 4.949354101e-03
      vertex -1.599979214e-02 -7.147157448e-04 4.949327093e-03
    endloop
  endfacet
  facet normal 1.458068891e-05 -1.893927038e-05 1.000000000e+00
    outer loop
      vertex -1.000006311e-02 7.095756009e-04 4.949266557e-03
      vertex -1.599979214e-02 -7.147157448e-04 4.949327093e-03
      vertex -9.999792092e-03 -7.135727792e-04 4.949239548e-03
    endloop
  endfacet
  facet normal 6.765629951e-05 -2.817507088e-01 9.594876170e-01
    outer loop
      vertex -9.999792092e-03 -7.135727792e-04 4.949239548e-03
      vertex -1.599979214e-02 -7.147157448e-04 4.949327093e-03
      vertex -1.599953696e-02 -2.080208855e-03 4.548354074e-03
    endloop
  endfacet
  facet normal 6.765629951e-05 -2.817507088e-01 9.594876170e-01
    outer loop
      vertex -9.999792092e-03 -7.135727792e-04 4.949239548e-03
      vertex -1.599953696e-02 -2.080208855e-03 4.548354074e-03
      vertex -9.999537840e-03 -2.079065889e-03 4.548266530e-03
    endloop
  endfacet
  facet normal 1.152507903e-04 -5.406566858e-01 8.412433267e-01
    outer loop
      vertex -9.999537840e-03 -2.079065889e-03 4.548266530e-03
      vertex -1.599953696e-02 -2.080208855e-03 4.548354074e-03
      vertex -1.599932089e-02 -3.277422860e-03 3.778919112e-03
    endloop
  endfacet
  facet normal 1.152507903e-04 -5.406566858e-01 8.412433267e-01
    outer loop
      vertex -9.999537840e-03 -2.079065889e-03 4.548266530e-03
      vertex -1.599932089e-02 -3.277422860e-03 3.778919112e-03
      vertex -9.999320842e-03 -3.276279895e-03 3.778831568e-03
    endloop
  endfacet
  facet normal 1.535083575e-04 -7.557619810e-01 6.548464298e-01
    outer loop
      vertex -9.999320842e-03 -3.276279895e-03 3.778831568e-03
      vertex -1.599932089e-02 -3.277422860e-03 3.778919112e-03
      vertex -1.599915884e-02 -4.209366627e-03 2.703357721e-03
    endloop
  endfacet
  facet normal 1.535083575e-04 -7.557619810e-01 6.548464298e-01
    outer loop
      vertex -9.999320842e-03 -3.276279895e-03 3.778831568e-03
      vertex -1.599915884e-02 -4.209366627e-03 2.703357721e-03
      vertex -9.999158792e-03 -4.208223429e-03 2.703270176e-03
    endloop
  endfacet
  facet normal 1.793295960e-04 -9.096398950e-01 4.153976738e-01
    outer loop
      vertex -9.999158792e-03 -4.208223429e-03 2.703270176e-03
      vertex -1.599915884e-02 -4.209366627e-03 2.703357721e-03
      vertex -1.599906571e-02 -4.800538998e-03 1.408805139e-03
    endloop
  endfacet
  facet normal 1.793295960e-04 -9.096398950e-01 4.153976738e-01
    outer loop
      vertex -9.999158792e-03 -4.208223429e-03 2.703270176e-03
      vertex -1.599906571e-02 -4.800538998e-03 1.408805139e-03
      vertex -9.999065660e-03 -4.799396265e-03 1.408717595e-03
    endloop
  endfacet
  facet normal 1.906226098e-04 -9.898241162e-01 1.422961354e-01
    outer loop
      vertex -9.999065660e-03 -4.799396265e-03 1.408717595e-03
      vertex -1.599906571e-02 -4.800538998e-03 1.408805139e-03
      vertex -1.599904709e-02 -5.003047641e-03 1.384969863e-07
    endloop
  endfacet
  facet normal 1.906226098e-04 -9.898241162e-01 1.422961354e-01
    outer loop
      vertex -9.999065660e-03 -4.799396265e-03 1.408717595e-03
      vertex -1.599904709e-02 -5.003047641e-03 1.384969863e-07
      vertex -9.999047033e-03 -5.001904443e-03 5.103449396e-08
    endloop
  endfacet
  facet normal 1.864725054e-04 -9.898186922e-01 -1.423336416e-01
    outer loop
      vertex -9.999047033e-03 -5.001904443e-03 5.103449396e-08
      vertex -1.599904709e-02 -5.003047641e-03 1.384969863e-07
      vertex -1.599910669e-02 -4.800485913e-03 -1.408520271e-03
    endloop
  endfacet
  facet normal 1.864725054e-04 -9.898186922e-01 -1.423336416e-01
    outer loop
      vertex -9.999047033e-03 -5.001904443e-03 5.103449396e-08
      vertex -1.599910669e-02 -4.800485913e-03 -1.408520271e-03
      vertex -9.999106638e-03 -4.799342714e-03 -1.408607815e-03
    endloop
  endfacet
  facet normal 1.672155340e-04 -9.096242189e-01 -4.154320657e-01
    outer loop
      vertex -9.999106638e-03 -4.799342714e-03 -1.408607815e-03
      vertex -1.599910669e-02 -4.800485913e-03 -1.408520271e-03
      vertex -1.599923708e-02 -4.209264182e-03 -2.703050850e-03
    endloop
  endfacet
  facet normal 1.672155340e-04 -9.096242189e-01 -4.154320657e-01
    outer loop
      vertex -9.999106638e-03 -4.799342714e-03 -1.408607815e-03
      vertex -1.599923708e-02 -4.209264182e-03 -2.703050850e-03
      vertex -9.999237955e-03 -4.208121449e-03 -2.703138161e-03
    endloop
  endfacet
  facet normal 1.344117045e-04 -7.557370663e-01 -6.548751593e-01
    outer loop
      vertex -9.999237955e-03 -4.208121449e-03 -2.703138161e-03
      vertex -1.599923708e-02 -4.209264182e-03 -2.703050850e-03
      vertex -1.599943079e-02 -3.277279902e-03 -3.778576618e-03
    endloop
  endfacet
  facet normal 1.344117045e-04 -7.557370663e-01 -6.548751593e-01
    outer loop
      vertex -9.999237955e-03 -4.208121449e-03 -2.703138161e-03
      vertex -1.599943079e-02 -3.277279902e-03 -3.778576618e-03
      vertex -9.999430738e-03 -3.276136937e-03 -3.778663930e-03
    endloop
  endfacet
  facet normal 9.071868408e-05 -5.406248569e-01 -8.412637711e-01
    outer loop
      vertex -9.999430738e-03 -3.276136937e-03 -3.778663930e-03
      vertex -1.599943079e-02 -3.277279902e-03 -3.778576618e-03
      vertex -1.599967107e-02 -2.080036560e-03 -4.547966179e-03
    endloop
  endfacet
  facet normal 9.071868408e-05 -5.406248569e-01 -8.412637711e-01
    outer loop
      vertex -9.999430738e-03 -3.276136937e-03 -3.778663930e-03
      vertex -1.599967107e-02 -2.080036560e-03 -4.547966179e-03
      vertex -9.999670088e-03 -2.078893594e-03 -4.548053723e-03
    endloop
  endfacet
  facet normal 3.967618977e-05 -2.817145288e-01 -9.594982862e-01
    outer loop
      vertex -9.999670088e-03 -2.078893594e-03 -4.548053723e-03
      vertex -1.599967107e-02 -2.080036560e-03 -4.547966179e-03
      vertex -1.599993557e-02 -7.145282580e-04 -4.948887508e-03
    endloop
  endfacet
  facet normal 3.967618977e-05 -2.817145288e-01 -9.594982862e-01
    outer loop
      vertex -9.999670088e-03 -2.078893594e-03 -4.548053723e-03
      vertex -1.599993557e-02 -7.145282580e-04 -4.948887508e-03
      vertex -9.999936447e-03 -7.133853505e-04 -4.948975053e-03
    endloop
  endfacet
  facet normal -1.458068891e-05 1.893927038e-05 -1.000000000e+00
    outer loop
      vertex -9.999936447e-03 -7.133853505e-04 -4.948975053e-03
      vertex -1.599993557e-02 -7.145282580e-04 -4.948887508e-03
      vertex -1.600020751e-02 7.086201222e-04 -4.948860500e-03
    endloop
  endfacet
  facet normal -1.458068891e-05 1.893927038e-05 -1.000000000e+00
    outer loop
      vertex -9.999936447e-03 -7.133853505e-04 -4.948975053e-03
      vertex -1.600020751e-02 7.086201222e-04 -4.948860500e-03
      vertex -1.000020746e-02 7.097630878e-04 -4.948948044e-03
    endloop
  endfacet
  facet normal -6.765632133e-05 2.817508578e-01 -9.594876170e-01
    outer loop
      vertex -1.000020746e-02 7.097630878e-04 -4.948948044e-03
      vertex -1.600020751e-02 7.086201222e-04 -4.948860500e-03
      vertex -1.600046083e-02 2.074113348e-03 -4.547887482e-03
    endloop
  endfacet
  facet normal -6.765632133e-05 2.817508578e-01 -9.594876170e-01
    outer loop
      vertex -1.000020746e-02 7.097630878e-04 -4.948948044e-03
      vertex -1.600046083e-02 2.074113348e-03 -4.547887482e-03
      vertex -1.000046171e-02 2.075256081e-03 -4.547975026e-03
    endloop
  endfacet
  facet normal -1.152507975e-04 5.406567454e-01 -8.412432671e-01
    outer loop
      vertex -1.000046171e-02 2.075256081e-03 -4.547975026e-03
      vertex -1.600046083e-02 2.074113348e-03 -4.547887482e-03
      vertex -1.600067876e-02 3.271327354e-03 -3.778452519e-03
    endloop
  endfacet
  facet normal -1.152507975e-04 5.406567454e-01 -8.412432671e-01
    outer loop
      vertex -1.000046171e-02 2.075256081e-03 -4.547975026e-03
      vertex -1.600067876e-02 3.271327354e-03 -3.778452519e-03
      vertex -1.000067871e-02 3.272470320e-03 -3.778540064e-03
    endloop
  endfacet
  facet normal -1.535083429e-04 7.557618618e-01 -6.548465490e-01
    outer loop
      vertex -1.000067871e-02 3.272470320e-03 -3.778540064e-03
      vertex -1.600067876e-02 3.271327354e-03 -3.778452519e-03
      vertex -1.600084081e-02 4.203271121e-03 -2.702891361e-03
    endloop
  endfacet
  facet normal -1.535083429e-04 7.557618618e-01 -6.548465490e-01
    outer loop
      vertex -1.000067871e-02 3.272470320e-03 -3.778540064e-03
      vertex -1.600084081e-02 4.203271121e-03 -2.702891361e-03
      vertex -1.000084076e-02 4.204413854e-03 -2.702978905e-03
    endloop
  endfacet
  facet normal -1.793296105e-04 9.096399546e-01 -4.153976142e-01
    outer loop
      vertex -1.000084076e-02 4.204413854e-03 -2.702978905e-03
      vertex -1.600084081e-02 4.203271121e-03 -2.702891361e-03
      vertex -1.600093395e-02 4.794443492e-03 -1.408338547e-03
    endloop
  endfacet
  facet normal -1.793296105e-04 9.096399546e-01 -4.153976142e-01
    outer loop
      vertex -1.000084076e-02 4.204413854e-03 -2.702978905e-03
      vertex -1.600093395e-02 4.794443492e-03 -1.408338547e-03
      vertex -1.000093389e-02 4.795586225e-03 -1.408425975e-03
    endloop
  endfacet
  facet normal -1.906226098e-04 9.898241162e-01 -1.422961354e-01
    outer loop
      vertex -1.000093389e-02 4.795586225e-03 -1.408425975e-03
      vertex -1.600093395e-02 4.794443492e-03 -1.408338547e-03
      vertex -1.600095257e-02 4.996952135e-03 3.279174621e-07
    endloop
  endfacet
  facet normal -1.906226098e-04 9.898241162e-01 -1.422961354e-01
    outer loop
      vertex -1.000093389e-02 4.795586225e-03 -1.408425975e-03
      vertex -1.600095257e-02 4.996952135e-03 3.279174621e-07
      vertex -1.000095252e-02 4.998094868e-03 2.404549662e-07
    endloop
  endfacet
  facet normal -1.864725054e-04 9.898187518e-01 1.423336267e-01
    outer loop
      vertex -1.000095252e-02 4.998094868e-03 2.404549662e-07
      vertex -1.600095257e-02 4.996952135e-03 3.279174621e-07
      vertex -1.600089297e-02 4.794389941e-03 1.408986864e-03
    endloop
  endfacet
  facet normal 1.904864330e-04 -1.000000000e+00 -1.894204797e-05
    outer loop
      vertex -6.997998338e-03 -1.000145823e-02 6.633162033e-03
      vertex -4.240673967e-03 -1.000088826e-02 4.242512863e-03
      vertex -2.998019103e-03 -1.000066940e-02 5.196006969e-03
    endloop
  endfacet
  facet normal 1.904864330e-04 -1.000000000e+00 -1.894204797e-05
    outer loop
      vertex 6.001905538e-03 -9.998857044e-03 -2.769090486e-07
      vertex 5.797436927e-03 -9.998866357e-03 -1.553188195e-03
      vertex 9.764410555e-03 -9.998104535e-03 -1.850907458e-03
    endloop
  endfacet
  facet normal 1.904864330e-04 -1.000000000e+00 -1.894204797e-05
    outer loop
      vertex -5.998095032e-03 -1.000114251e-02 -1.019840710e-07
      vertex -5.793627352e-03 -1.000113320e-02 1.552809263e-03
      vertex -9.760601446e-03 -1.000189409e-02 1.850528759e-03
    endloop
  endfacet
  facet normal 1.904864330e-04 -1.000000000e+00 -1.894204797e-05
    outer loop
      vertex -2.998019103e-03 -1.000066940e-02 5.196006969e-03
      vertex -1.550925081e-03 -1.000040490e-02 5.795388017e-03
      vertex -6.997998338e-03 -1.000145823e-02 6.633162033e-03
    endloop
  endfacet
  facet normal 1.904864330e-04 -1.000000000e+00 -1.894204797e-05
    outer loop
      vertex -6.997998338e-03 -1.000145823e-02 6.633162033e-03
      vertex -1.550925081e-03 -1.000040490e-02 5.795388017e-03
      vertex 1.992124908e-06 -1.000011340e-02 5.999810528e-03
    endloop
  endfacet
  facet normal 1.904864330e-04 -1.000000000e+00 -1.894204797e-05
    outer loop
      vertex -6.997998338e-03 -1.000145823e-02 6.633162033e-03
      vertex 1.992124908e-06 -1.000011340e-02 5.999810528e-03
      vertex 7.002002560e-03 -9.998791851e-03 6.632958073e-03
    endloop
  endfacet
  facet normal 1.904864330e-04 -1.000000000e+00 -1.894204797e-05
    outer loop
      vertex 7.002002560e-03 -9.998791851e-03 6.632958073e-03
      vertex 1.992124908e-06 -1.000011340e-02 5.999810528e-03
      vertex 1.554903341e-03 -9.999813512e-03 5.795342848e-03
    endloop
  endfacet
  facet normal 1.904864330e-04 -1.000000000e+00 -1.894204797e-05
    outer loop
      vertex -5.194203928e-03 -1.000104658e-02 2.999886405e-03
      vertex -9.456305765e-03 -1.000187453e-02 3.861192614e-03
      vertex -5.793627352e-03 -1.000113320e-02 1.552809263e-03
    endloop
  endfacet
  facet normal 1.904864330e-04 -1.000000000e+00 -1.894204797e-05
    outer loop
      vertex -5.793627352e-03 -1.000113320e-02 1.552809263e-03
      vertex -9.456305765e-03 -1.000187453e-02 3.861192614e-03
      vertex -9.635719471e-03 -1.000189129e-02 2.961188089e-03
    endloop
  endfacet
  facet normal 1.904864330e-04 -1.000000000e+00 -1.894204797e-05
    outer loop
      vertex -5.793627352e-03 -1.000113320e-02 1.552809263e-03
      vertex -9.635719471e-03 -1.000189129e-02 2.961188089e-03
      vertex -9.760601446e-03 -1.000189409e-02 1.850528759e-03
    endloop
  endfacet
  facet normal 1.904864330e-04 -1.000000000e+00 -1.894204797e-05
    outer loop
      vertex -7.658519316e-03 -1.000158209e-02 6.499045063e-03
      vertex -8.032352664e-03 -1.000164915e-02 6.294288207e-03
      vertex -5.194203928e-03 -1.000104658e-02 2.999886405e-03
    endloop
  endfacet
  facet normal 1.904864330e-04 -1.000000000e+00 -1.894204797e-05
    outer loop
      vertex -8.032352664e-03 -1.000164915e-02 6.294288207e-03
      vertex -8.226574399e-03 -1.000168361e-02 6.144424900e-03
      vertex -5.194203928e-03 -1.000104658e-02 2.999886405e-03
    endloop
  endfacet
  facet normal 1.904864330e-04 -1.000000000e+00 -1.894204797e-05
    outer loop
      vertex -5.194203928e-03 -1.000104658e-02 2.999886405e-03
      vertex -8.226574399e-03 -1.000168361e-02 6.144424900e-03
      vertex -8.578269742e-03 -1.000174321e-02 5.779535975e-03
    endloop
  endfacet
  facet normal 1.904864330e-04 -1.000000000e+00 -1.894204797e-05
    outer loop
      vertex -5.194203928e-03 -1.000104658e-02 2.999886405e-03
      vertex -8.578269742e-03 -1.000174321e-02 5.779535975e-03
      vertex -8.848689497e-03 -1.000178792e-02 5.392121617e-03
    endloop
  endfacet
  facet normal 1.904864330e-04 -1.000000000e+00 -1.894204797e-05
    outer loop
      vertex 8.688759990e-03 -9.998451918e-03 5.639784504e-03
      vertex 8.364469744e-03 -9.998520836e-03 6.020765752e-03
      vertex 5.198100582e-03 -9.999066591e-03 2.999734832e-03
    endloop
  endfacet
  facet normal 1.904864330e-04 -1.000000000e+00 -1.894204797e-05
    outer loop
      vertex -9.724555537e-03 -1.000180934e-02 -2.257487504e-03
      vertex -9.604981169e-03 -1.000177022e-02 -3.151123878e-03
      vertex -5.793672521e-03 -1.000107452e-02 -1.553019276e-03
    endloop
  endfacet
  facet normal 1.904864330e-04 -1.000000000e+00 -1.894204797e-05
    outer loop
      vertex -5.793672521e-03 -1.000107452e-02 -1.553019276e-03
      vertex -9.604981169e-03 -1.000177022e-02 -3.151123878e-03
      vertex -5.194291472e-03 -1.000093296e-02 -3.000113647e-03
    endloop
  endfacet
  facet normal 1.904864330e-04 -1.000000000e+00 -1.894204797e-05
    outer loop
      vertex -9.760601446e-03 -1.000189409e-02 1.850528759e-03
      vertex -9.823761880e-03 -1.000187825e-02 3.938871669e-04
      vertex -5.998095032e-03 -1.000114251e-02 -1.019840710e-07
    endloop
  endfacet
  facet normal 1.904864330e-04 -1.000000000e+00 -1.894204797e-05
    outer loop
      vertex -5.998095032e-03 -1.000114251e-02 -1.019840710e-07
      vertex -9.823761880e-03 -1.000187825e-02 3.938871669e-04
      vertex -9.803913534e-03 -1.000184659e-02 -1.113741542e-03
    endloop
  endfacet
  facet normal 1.904864330e-04 -1.000000000e+00 -1.894204797e-05
    outer loop
      vertex -5.998095032e-03 -1.000114251e-02 -1.019840710e-07
      vertex -9.803913534e-03 -1.000184659e-02 -1.113741542e-03
      vertex -5.793672521e-03 -1.000107452e-02 -1.553019276e-03
    endloop
  endfacet
  facet normal 1.904864330e-04 -1.000000000e+00 -1.894204797e-05
    outer loop
      vertex -5.793672521e-03 -1.000107452e-02 -1.553019276e-03
      vertex -9.803913534e-03 -1.000184659e-02 -1.113741542e-03
      vertex -9.795176797e-03 -1.000184100e-02 -1.303861500e-03
    endloop
  endfacet
  facet normal 1.904864330e-04 -1.000000000e+00 -1.894204797e-05
    outer loop
      vertex -5.793672521e-03 -1.000107452e-02 -1.553019276e-03
      vertex -9.795176797e-03 -1.000184100e-02 -1.303861500e-03
      vertex -9.724555537e-03 -1.000180934e-02 -2.257487504e-03
    endloop
  endfacet
  facet normal 1.904864330e-04 -1.000000000e+00 -1.894204797e-05
    outer loop
      vertex -8.848689497e-03 -1.000178792e-02 5.392121617e-03
      vertex -9.149517864e-03 -1.000183355e-02 4.796183668e-03
      vertex -5.194203928e-03 -1.000104658e-02 2.999886405e-03
    endloop
  endfacet
  facet normal 1.904864330e-04 -1.000000000e+00 -1.894204797e-05
    outer loop
      vertex -5.194203928e-03 -1.000104658e-02 2.999886405e-03
      vertex -9.149517864e-03 -1.000183355e-02 4.796183668e-03
      vertex -9.391785599e-03 -1.000186708e-02 4.101093858e-03
    endloop
  endfacet
  facet normal 1.904864330e-04 -1.000000000e+00 -1.894204797e-05
    outer loop
      vertex -5.194203928e-03 -1.000104658e-02 2.999886405e-03
      vertex -9.391785599e-03 -1.000186708e-02 4.101093858e-03
      vertex -9.456305765e-03 -1.000187453e-02 3.861192614e-03
    endloop
  endfacet
  facet normal 1.904864330e-04 -1.000000000e+00 -1.894204797e-05
    outer loop
      vertex 5.797482561e-03 -9.998925030e-03 1.552640344e-03
      vertex 9.728364646e-03 -9.998189285e-03 2.257108688e-03
      vertex 9.608790278e-03 -9.998229332e-03 3.150745062e-03
    endloop
  endfacet
  facet normal 1.904864330e-04 -1.000000000e+00 -1.894204797e-05
    outer loop
      vertex 5.797482561e-03 -9.998925030e-03 1.552640344e-03
      vertex 9.608790278e-03 -9.998229332e-03 3.150745062e-03
      vertex 5.198100582e-03 -9.999066591e-03 2.999734832e-03
    endloop
  endfacet
  facet normal 1.904864330e-04 -1.000000000e+00 -1.894204797e-05
    outer loop
      vertex 5.198100582e-03 -9.999066591e-03 2.999734832e-03
      vertex 9.608790278e-03 -9.998229332e-03 3.150745062e-03
      vertex 9.428369813e-03 -9.998279624e-03 3.983253613e-03
    endloop
  endfacet
  facet normal 1.904864330e-04 -1.000000000e+00 -1.894204797e-05
    outer loop
      vertex 5.198100582e-03 -9.999066591e-03 2.999734832e-03
      vertex 9.428369813e-03 -9.998279624e-03 3.983253613e-03
      vertex 9.376717731e-03 -9.998292662e-03 4.165942781e-03
    endloop
  endfacet
  facet normal 1.904864330e-04 -1.000000000e+00 -1.894204797e-05
    outer loop
      vertex 9.764410555e-03 -9.998104535e-03 -1.850907458e-03
      vertex 9.827571921e-03 -9.998120368e-03 -3.942658368e-04
      vertex 6.001905538e-03 -9.998857044e-03 -2.769090486e-07
    endloop
  endfacet
  facet normal 1.904864330e-04 -1.000000000e+00 -1.894204797e-05
    outer loop
      vertex 6.001905538e-03 -9.998857044e-03 -2.769090486e-07
      vertex 9.827571921e-03 -9.998120368e-03 -3.942658368e-04
      vertex 9.807722643e-03 -9.998152964e-03 1.113362727e-03
    endloop
  endfacet
  facet normal 1.904864330e-04 -1.000000000e+00 -1.894204797e-05
    outer loop
      vertex 6.001905538e-03 -9.998857044e-03 -2.769090486e-07
      vertex 9.807722643e-03 -9.998152964e-03 1.113362727e-03
      vertex 5.797482561e-03 -9.998925030e-03 1.552640344e-03
    endloop
  endfacet
  facet normal 1.904864330e-04 -1.000000000e+00 -1.894204797e-05
    outer loop
      vertex 5.797482561e-03 -9.998925030e-03 1.552640344e-03
      vertex 9.807722643e-03 -9.998152964e-03 1.113362727e-03
      vertex 9.798985906e-03 -9.998157620e-03 1.303482684e-03
    endloop
  endfacet
  facet normal 1.904864330e-04 -1.000000000e+00 -1.894204797e-05
    outer loop
      vertex 5.797482561e-03 -9.998925030e-03 1.552640344e-03
      vertex 9.798985906e-03 -9.998157620e-03 1.303482684e-03
      vertex 9.728364646e-03 -9.998189285e-03 2.257108688e-03
    endloop
  endfacet
  facet normal 1.904864330e-04 -1.000000000e+00 -1.894204797e-05
    outer loop
      vertex 9.153326973e-03 -9.998165071e-03 -4.796562251e-03
      vertex 9.395596571e-03 -9.998132475e-03 -4.101472907e-03
      vertex 5.198013037e-03 -9.998952970e-03 -3.000265220e-03
    endloop
  endfacet
  facet normal 1.904864330e-04 -1.000000000e+00 -1.894204797e-05
    outer loop
      vertex 5.198013037e-03 -9.998952970e-03 -3.000265220e-03
      vertex 9.395596571e-03 -9.998132475e-03 -4.101472907e-03
      vertex 9.460113943e-03 -9.998125024e-03 -3.861571662e-03
    endloop
  endfacet
  facet normal 1.904864330e-04 -1.000000000e+00 -1.894204797e-05
    outer loop
      vertex 5.198013037e-03 -9.998952970e-03 -3.000265220e-03
      vertex 9.460113943e-03 -9.998125024e-03 -3.861571662e-03
      vertex 5.797436927e-03 -9.998866357e-03 -1.553188195e-03
    endloop
  endfacet
  facet normal 1.904864330e-04 -1.000000000e+00 -1.894204797e-05
    outer loop
      vertex 5.797436927e-03 -9.998866357e-03 -1.553188195e-03
      vertex 9.460113943e-03 -9.998125024e-03 -3.861571662e-03
      vertex 9.639528580e-03 -9.998107329e-03 -2.961566905e-03
    endloop
  endfacet
  facet normal 1.904864330e-04 -1.000000000e+00 -1.894204797e-05
    outer loop
      vertex 5.797436927e-03 -9.998866357e-03 -1.553188195e-03
      vertex 9.639528580e-03 -9.998107329e-03 -2.961566905e-03
      vertex 9.764410555e-03 -9.998104535e-03 -1.850907458e-03
    endloop
  endfacet
  facet normal 1.904864330e-04 -1.000000000e+00 -1.894204797e-05
    outer loop
      vertex 4.244483542e-03 -9.999111295e-03 -4.242891911e-03
      vertex 3.001829376e-03 -9.999330156e-03 -5.196386017e-03
      vertex 7.001808845e-03 -9.998540394e-03 -6.633541081e-03
    endloop
  endfacet
  facet normal 1.904864330e-04 -1.000000000e+00 -1.894204797e-05
    outer loop
      vertex -9.604981169e-03 -1.000177022e-02 -3.151123878e-03
      vertex -9.424559772e-03 -1.000171993e-02 -3.983632196e-03
      vertex -5.194291472e-03 -1.000093296e-02 -3.000113647e-03
    endloop
  endfacet
  facet normal 1.904864330e-04 -1.000000000e+00 -1.894204797e-05
    outer loop
      vertex -5.194291472e-03 -1.000093296e-02 -3.000113647e-03
      vertex -9.424559772e-03 -1.000171993e-02 -3.983632196e-03
      vertex -9.372908622e-03 -1.000170689e-02 -4.166321363e-03
    endloop
  endfacet
  facet normal 1.904864330e-04 -1.000000000e+00 -1.894204797e-05
    outer loop
      vertex -5.194291472e-03 -1.000093296e-02 -3.000113647e-03
      vertex -9.372908622e-03 -1.000170689e-02 -4.166321363e-03
      vertex -9.147070348e-03 -1.000165101e-02 -4.802440759e-03
    endloop
  endfacet
  facet normal 1.904864330e-04 -1.000000000e+00 -1.894204797e-05
    outer loop
      vertex 9.376717731e-03 -9.998292662e-03 4.165942781e-03
      vertex 9.150879458e-03 -9.998347610e-03 4.802062176e-03
      vertex 5.198100582e-03 -9.999066591e-03 2.999734832e-03
    endloop
  endfacet
  facet normal 1.904864330e-04 -1.000000000e+00 -1.894204797e-05
    outer loop
      vertex 5.198100582e-03 -9.999066591e-03 2.999734832e-03
      vertex 9.150879458e-03 -9.998347610e-03 4.802062176e-03
      vertex 8.964302018e-03 -9.998390451e-03 5.195349921e-03
    endloop
  endfacet
  facet normal 1.904864330e-04 -1.000000000e+00 -1.894204797e-05
    outer loop
      vertex 5.198100582e-03 -9.999066591e-03 2.999734832e-03
      vertex 8.964302018e-03 -9.998390451e-03 5.195349921e-03
      vertex 8.688759990e-03 -9.998451918e-03 5.639784504e-03
    endloop
  endfacet
  facet normal 1.904864330e-04 -1.000000000e+00 -1.894204797e-05
    outer loop
      vertex -9.147070348e-03 -1.000165101e-02 -4.802440759e-03
      vertex -8.960492909e-03 -1.000160817e-02 -5.195728969e-03
      vertex -5.194291472e-03 -1.000093296e-02 -3.000113647e-03
    endloop
  endfacet
  facet normal 1.904864330e-04 -1.000000000e+00 -1.894204797e-05
    outer loop
      vertex -5.194291472e-03 -1.000093296e-02 -3.000113647e-03
      vertex -8.960492909e-03 -1.000160817e-02 -5.195728969e-03
      vertex -8.684951812e-03 -1.000154763e-02 -5.640163086e-03
    endloop
  endfacet
  facet normal 1.904864330e-04 -1.000000000e+00 -1.894204797e-05
    outer loop
      vertex -5.194291472e-03 -1.000093296e-02 -3.000113647e-03
      vertex -8.684951812e-03 -1.000154763e-02 -5.640163086e-03
      vertex -8.360659704e-03 -1.000147872e-02 -6.021144800e-03
    endloop
  endfacet
  facet normal 1.904864330e-04 -1.000000000e+00 -1.894204797e-05
    outer loop
      vertex -4.240673967e-03 -1.000088826e-02 4.242512863e-03
      vertex -6.997998338e-03 -1.000145823e-02 6.633162033e-03
      vertex -5.194203928e-03 -1.000104658e-02 2.999886405e-03
    endloop
  endfacet
  facet normal 1.904864330e-04 -1.000000000e+00 -1.894204797e-05
    outer loop
      vertex -5.194203928e-03 -1.000104658e-02 2.999886405e-03
      vertex -6.997998338e-03 -1.000145823e-02 6.633162033e-03
      vertex -7.385023870e-03 -1.000153180e-02 6.587706972e-03
    endloop
  endfacet
  facet normal 1.904864330e-04 -1.000000000e+00 -1.894204797e-05
    outer loop
      vertex -5.194203928e-03 -1.000104658e-02 2.999886405e-03
      vertex -7.385023870e-03 -1.000153180e-02 6.587706972e-03
      vertex -7.658519316e-03 -1.000158209e-02 6.499045063e-03
    endloop
  endfacet
  facet normal 1.904864330e-04 -1.000000000e+00 -1.894204797e-05
    outer loop
      vertex 8.036160842e-03 -9.998350404e-03 -6.294666324e-03
      vertex 8.230383508e-03 -9.998315945e-03 -6.144803483e-03
      vertex 5.198013037e-03 -9.998952970e-03 -3.000265220e-03
    endloop
  endfacet
  facet normal 1.904864330e-04 -1.000000000e+00 -1.894204797e-05
    outer loop
      vertex 3.001829376e-03 -9.999330156e-03 -5.196386017e-03
      vertex 1.554734423e-03 -9.999593720e-03 -5.795766599e-03
      vertex 7.001808845e-03 -9.998540394e-03 -6.633541081e-03
    endloop
  endfacet
  facet normal 1.904864330e-04 -1.000000000e+00 -1.894204797e-05
    outer loop
      vertex 7.001808845e-03 -9.998540394e-03 -6.633541081e-03
      vertex 1.554734423e-03 -9.999593720e-03 -5.795766599e-03
      vertex 1.817156658e-06 -9.999886155e-03 -6.000189111e-03
    endloop
  endfacet
  facet normal 1.904864330e-04 -1.000000000e+00 -1.894204797e-05
    outer loop
      vertex 7.001808845e-03 -9.998540394e-03 -6.633541081e-03
      vertex 1.817156658e-06 -9.999886155e-03 -6.000189111e-03
      vertex -6.998191588e-03 -1.000120770e-02 -6.633337121e-03
    endloop
  endfacet
  facet normal 1.904864330e-04 -1.000000000e+00 -1.894204797e-05
    outer loop
      vertex -6.998191588e-03 -1.000120770e-02 -6.633337121e-03
      vertex 1.817156658e-06 -9.999886155e-03 -6.000189111e-03
      vertex -1.551094116e-03 -1.000018604e-02 -5.795721430e-03
    endloop
  endfacet
  facet normal 1.904864330e-04 -1.000000000e+00 -1.894204797e-05
    outer loop
      vertex 8.364469744e-03 -9.998520836e-03 6.020765752e-03
      vertex 8.293015882e-03 -9.998535737e-03 6.088798400e-03
      vertex 5.198100582e-03 -9.999066591e-03 2.999734832e-03
    endloop
  endfacet
  facet normal 1.904864330e-04 -1.000000000e+00 -1.894204797e-05
    outer loop
      vertex 5.198100582e-03 -9.999066591e-03 2.999734832e-03
      vertex 8.293015882e-03 -9.998535737e-03 6.088798400e-03
      vertex 7.948745042e-03 -9.998606518e-03 6.351400632e-03
    endloop
  endfacet
  facet normal 1.904864330e-04 -1.000000000e+00 -1.894204797e-05
    outer loop
      vertex 5.198100582e-03 -9.999066591e-03 2.999734832e-03
      vertex 7.948745042e-03 -9.998606518e-03 6.351400632e-03
      vertex 7.733091712e-03 -9.998649359e-03 6.467886735e-03
    endloop
  endfacet
  facet normal 1.904864330e-04 -1.000000000e+00 -1.894204797e-05
    outer loop
      vertex 8.036160842e-03 -9.998350404e-03 -6.294666324e-03
      vertex 5.198013037e-03 -9.998952970e-03 -3.000265220e-03
      vertex 7.662328891e-03 -9.998417459e-03 -6.499424577e-03
    endloop
  endfacet
  facet normal 1.904864330e-04 -1.000000000e+00 -1.894204797e-05
    outer loop
      vertex 8.230383508e-03 -9.998315945e-03 -6.144803483e-03
      vertex 8.582077920e-03 -9.998255409e-03 -5.779914558e-03
      vertex 5.198013037e-03 -9.998952970e-03 -3.000265220e-03
    endloop
  endfacet
  facet normal 1.904864330e-04 -1.000000000e+00 -1.894204797e-05
    outer loop
      vertex 5.198013037e-03 -9.998952970e-03 -3.000265220e-03
      vertex 8.582077920e-03 -9.998255409e-03 -5.779914558e-03
      vertex 8.852498606e-03 -9.998211637e-03 -5.392500665e-03
    endloop
  endfacet
  facet normal 1.904864330e-04 -1.000000000e+00 -1.894204797e-05
    outer loop
      vertex 5.198013037e-03 -9.998952970e-03 -3.000265220e-03
      vertex 8.852498606e-03 -9.998211637e-03 -5.392500665e-03
      vertex 9.153326973e-03 -9.998165071e-03 -4.796562251e-03
    endloop
  endfacet
  facet normal 1.904864330e-04 -1.000000000e+00 -1.894204797e-05
    outer loop
      vertex 1.554903341e-03 -9.999813512e-03 5.795342848e-03
      vertex 3.001980949e-03 -9.999526665e-03 5.195919424e-03
      vertex 7.002002560e-03 -9.998791851e-03 6.632958073e-03
    endloop
  endfacet
  facet normal 1.904864330e-04 -1.000000000e+00 -1.894204797e-05
    outer loop
      vertex 7.002002560e-03 -9.998791851e-03 6.632958073e-03
      vertex 3.001980949e-03 -9.999526665e-03 5.195919424e-03
      vertex 4.244607408e-03 -9.999271482e-03 4.242389463e-03
    endloop
  endfacet
  facet normal 1.904864330e-04 -1.000000000e+00 -1.894204797e-05
    outer loop
      vertex 7.002002560e-03 -9.998791851e-03 6.632958073e-03
      vertex 4.244607408e-03 -9.999271482e-03 4.242389463e-03
      vertex 7.071753033e-03 -9.998778813e-03 6.631489843e-03
    endloop
  endfacet
  facet normal 1.904864330e-04 -1.000000000e+00 -1.894204797e-05
    outer loop
      vertex 7.071753033e-03 -9.998778813e-03 6.631489843e-03
      vertex 4.244607408e-03 -9.999271482e-03 4.242389463e-03
      vertex 5.198100582e-03 -9.999066591e-03 2.999734832e-03
    endloop
  endfacet
  facet normal 1.904864330e-04 -1.000000000e+00 -1.894204797e-05
    outer loop
      vertex 7.071753033e-03 -9.998778813e-03 6.631489843e-03
      vertex 5.198100582e-03 -9.999066591e-03 2.999734832e-03
      vertex 7.362112403e-03 -9.998722933e-03 6.593629718e-03
    endloop
  endfacet
  facet normal 1.904864330e-04 -1.000000000e+00 -1.894204797e-05
    outer loop
      vertex 7.362112403e-03 -9.998722933e-03 6.593629718e-03
      vertex 5.198100582e-03 -9.999066591e-03 2.999734832e-03
      vertex 7.733091712e-03 -9.998649359e-03 6.467886735e-03
    endloop
  endfacet
  facet normal 1.904864330e-04 -1.000000000e+00 -1.894204797e-05
    outer loop
      vertex -8.360659704e-03 -1.000147872e-02 -6.021144800e-03
      vertex -8.289206773e-03 -1.000146382e-02 -6.089176983e-03
      vertex -5.194291472e-03 -1.000093296e-02 -3.000113647e-03
    endloop
  endfacet
  facet normal 1.904864330e-04 -1.000000000e+00 -1.894204797e-05
    outer loop
      vertex -5.194291472e-03 -1.000093296e-02 -3.000113647e-03
      vertex -8.289206773e-03 -1.000146382e-02 -6.089176983e-03
      vertex -7.944935001e-03 -1.000139304e-02 -6.351779681e-03
    endloop
  endfacet
  facet normal 1.904864330e-04 -1.000000000e+00 -1.894204797e-05
    outer loop
      vertex -5.194291472e-03 -1.000093296e-02 -3.000113647e-03
      vertex -7.944935001e-03 -1.000139304e-02 -6.351779681e-03
      vertex -7.729283068e-03 -1.000135019e-02 -6.468265317e-03
    endloop
  endfacet
  facet normal 1.904864330e-04 -1.000000000e+00 -1.894204797e-05
    outer loop
      vertex -1.551094116e-03 -1.000018604e-02 -5.795721430e-03
      vertex -2.998170676e-03 -1.000047289e-02 -5.196298473e-03
      vertex -6.998191588e-03 -1.000120770e-02 -6.633337121e-03
    endloop
  endfacet
  facet normal 1.904864330e-04 -1.000000000e+00 -1.894204797e-05
    outer loop
      vertex -6.998191588e-03 -1.000120770e-02 -6.633337121e-03
      vertex -2.998170676e-03 -1.000047289e-02 -5.196298473e-03
      vertex -4.240797367e-03 -1.000072714e-02 -4.242768046e-03
    endloop
  endfacet
  facet normal 1.904864330e-04 -1.000000000e+00 -1.894204797e-05
    outer loop
      vertex -6.998191588e-03 -1.000120770e-02 -6.633337121e-03
      vertex -4.240797367e-03 -1.000072714e-02 -4.242768046e-03
      vertex -7.067943923e-03 -1.000122074e-02 -6.631869357e-03
    endloop
  endfacet
  facet normal 1.904864330e-04 -1.000000000e+00 -1.894204797e-05
    outer loop
      vertex -7.067943923e-03 -1.000122074e-02 -6.631869357e-03
      vertex -4.240797367e-03 -1.000072714e-02 -4.242768046e-03
      vertex -5.194291472e-03 -1.000093296e-02 -3.000113647e-03
    endloop
  endfacet
  facet normal 1.904864330e-04 -1.000000000e+00 -1.894204797e-05
    outer loop
      vertex -7.067943923e-03 -1.000122074e-02 -6.631869357e-03
      vertex -5.194291472e-03 -1.000093296e-02 -3.000113647e-03
      vertex -7.358302828e-03 -1.000127662e-02 -6.594008300e-03
    endloop
  endfacet
  facet normal 1.904864330e-04 -1.000000000e+00 -1.894204797e-05
    outer loop
      vertex -7.358302828e-03 -1.000127662e-02 -6.594008300e-03
      vertex -5.194291472e-03 -1.000093296e-02 -3.000113647e-03
      vertex -7.729283068e-03 -1.000135019e-02 -6.468265317e-03
    endloop
  endfacet
  facet normal 1.904864330e-04 -1.000000000e+00 -1.894204797e-05
    outer loop
      vertex 4.244483542e-03 -9.999111295e-03 -4.242891911e-03
      vertex 7.001808845e-03 -9.998540394e-03 -6.633541081e-03
      vertex 5.198013037e-03 -9.998952970e-03 -3.000265220e-03
    endloop
  endfacet
  facet normal 1.904864330e-04 -1.000000000e+00 -1.894204797e-05
    outer loop
      vertex 5.198013037e-03 -9.998952970e-03 -3.000265220e-03
      vertex 7.001808845e-03 -9.998540394e-03 -6.633541081e-03
      vertex 7.388833910e-03 -9.998467751e-03 -6.588086020e-03
    endloop
  endfacet
  facet normal 1.904864330e-04 -1.000000000e+00 -1.894204797e-05
    outer loop
      vertex 5.198013037e-03 -9.998952970e-03 -3.000265220e-03
      vertex 7.388833910e-03 -9.998467751e-03 -6.588086020e-03
      vertex 7.662328891e-03 -9.998417459e-03 -6.499424577e-03
    endloop
  endfacet
  facet normal -1.904864330e-04 1.000000000e+00 1.894204797e-05
    outer loop
      vertex -8.688597009e-03 9.998237714e-03 5.640416406e-03
      vertex -8.364293724e-03 9.998292662e-03 6.021388341e-03
      vertex -5.198013503e-03 9.998952970e-03 3.000265220e-03
    endloop
  endfacet
  facet normal -1.904864330e-04 1.000000000e+00 1.894204797e-05
    outer loop
      vertex -9.798948653e-03 9.998108260e-03 1.304147183e-03
      vertex -5.797436927e-03 9.998866357e-03 1.553188195e-03
      vertex -9.807690978e-03 9.998111054e-03 1.114027458e-03
    endloop
  endfacet
  facet normal -1.904864330e-04 1.000000000e+00 1.894204797e-05
    outer loop
      vertex -9.807690978e-03 9.998111054e-03 1.114027458e-03
      vertex -5.797436927e-03 9.998866357e-03 1.553188195e-03
      vertex -6.001904607e-03 9.998857044e-03 2.768568947e-07
    endloop
  endfacet
  facet normal -1.904864330e-04 1.000000000e+00 1.894204797e-05
    outer loop
      vertex -9.798948653e-03 9.998108260e-03 1.304147183e-03
      vertex -9.728299454e-03 9.998104535e-03 2.257771092e-03
      vertex -5.797436927e-03 9.998866357e-03 1.553188195e-03
    endloop
  endfacet
  facet normal -1.904864330e-04 1.000000000e+00 1.894204797e-05
    outer loop
      vertex -5.797436927e-03 9.998866357e-03 1.553188195e-03
      vertex -9.728299454e-03 9.998104535e-03 2.257771092e-03
      vertex -9.608699009e-03 9.998110123e-03 3.151403973e-03
    endloop
  endfacet
  facet normal -1.904864330e-04 1.000000000e+00 1.894204797e-05
    outer loop
      vertex -5.797436927e-03 9.998866357e-03 1.553188195e-03
      vertex -9.608699009e-03 9.998110123e-03 3.151403973e-03
      vertex -5.198013503e-03 9.998952970e-03 3.000265220e-03
    endloop
  endfacet
  facet normal -1.904864330e-04 1.000000000e+00 1.894204797e-05
    outer loop
      vertex -5.198013503e-03 9.998952970e-03 3.000265220e-03
      vertex -9.608699009e-03 9.998110123e-03 3.151403973e-03
      vertex -9.428253397e-03 9.998128749e-03 3.983906936e-03
    endloop
  endfacet
  facet normal -1.904864330e-04 1.000000000e+00 1.894204797e-05
    outer loop
      vertex -5.198013503e-03 9.998952970e-03 3.000265220e-03
      vertex -9.428253397e-03 9.998128749e-03 3.983906936e-03
      vertex -9.376596659e-03 9.998135269e-03 4.166594706e-03
    endloop
  endfacet
  facet normal -1.904864330e-04 1.000000000e+00 1.894204797e-05
    outer loop
      vertex -5.797482561e-03 9.998925030e-03 -1.552640344e-03
      vertex -9.764465503e-03 9.998175316e-03 -1.850244007e-03
      vertex -6.001904607e-03 9.998857044e-03 2.768568947e-07
    endloop
  endfacet
  facet normal -1.904864330e-04 1.000000000e+00 1.894204797e-05
    outer loop
      vertex -6.001904607e-03 9.998857044e-03 2.768568947e-07
      vertex -9.764465503e-03 9.998175316e-03 -1.850244007e-03
      vertex -9.827583097e-03 9.998135269e-03 -3.936005232e-04
    endloop
  endfacet
  facet normal -1.904864330e-04 1.000000000e+00 1.894204797e-05
    outer loop
      vertex -6.001904607e-03 9.998857044e-03 2.768568947e-07
      vertex -9.827583097e-03 9.998135269e-03 -3.936005232e-04
      vertex -9.807690978e-03 9.998111054e-03 1.114027458e-03
    endloop
  endfacet
  facet normal -1.904864330e-04 1.000000000e+00 1.894204797e-05
    outer loop
      vertex -9.153466672e-03 9.998347610e-03 -4.795916844e-03
      vertex -9.395714849e-03 9.998288006e-03 -4.100820050e-03
      vertex -5.198101047e-03 9.999066591e-03 -2.999734832e-03
    endloop
  endfacet
  facet normal -1.904864330e-04 1.000000000e+00 1.894204797e-05
    outer loop
      vertex -5.198101047e-03 9.999066591e-03 -2.999734832e-03
      vertex -9.395714849e-03 9.998288006e-03 -4.100820050e-03
      vertex -9.460227564e-03 9.998271242e-03 -3.860916942e-03
    endloop
  endfacet
  facet normal -1.904864330e-04 1.000000000e+00 1.894204797e-05
    outer loop
      vertex -5.198101047e-03 9.999066591e-03 -2.999734832e-03
      vertex -9.460227564e-03 9.998271242e-03 -3.860916942e-03
      vertex -5.797482561e-03 9.998925030e-03 -1.552640344e-03
    endloop
  endfacet
  facet normal -1.904864330e-04 1.000000000e+00 1.894204797e-05
    outer loop
      vertex -5.797482561e-03 9.998925030e-03 -1.552640344e-03
      vertex -9.460227564e-03 9.998271242e-03 -3.860916942e-03
      vertex -9.639615193e-03 9.998220019e-03 -2.960907063e-03
    endloop
  endfacet
  facet normal -1.904864330e-04 1.000000000e+00 1.894204797e-05
    outer loop
      vertex -5.797482561e-03 9.998925030e-03 -1.552640344e-03
      vertex -9.639615193e-03 9.998220019e-03 -2.960907063e-03
      vertex -9.764465503e-03 9.998175316e-03 -1.850244007e-03
    endloop
  endfacet
  facet normal -1.904864330e-04 1.000000000e+00 1.894204797e-05
    outer loop
      vertex -9.376596659e-03 9.998135269e-03 4.166594706e-03
      vertex -9.150739759e-03 9.998166002e-03 4.802707583e-03
      vertex -5.198013503e-03 9.998952970e-03 3.000265220e-03
    endloop
  endfacet
  facet normal -1.904864330e-04 1.000000000e+00 1.894204797e-05
    outer loop
      vertex -5.198013503e-03 9.998952970e-03 3.000265220e-03
      vertex -9.150739759e-03 9.998166002e-03 4.802707583e-03
      vertex -8.964151144e-03 9.998193942e-03 5.195990205e-03
    endloop
  endfacet
  facet normal -1.904864330e-04 1.000000000e+00 1.894204797e-05
    outer loop
      vertex -5.198013503e-03 9.998952970e-03 3.000265220e-03
      vertex -8.964151144e-03 9.998193942e-03 5.195990205e-03
      vertex -8.688597009e-03 9.998237714e-03 5.640416406e-03
    endloop
  endfacet
  facet normal -1.904864330e-04 1.000000000e+00 1.894204797e-05
    outer loop
      vertex -7.002001628e-03 9.998791851e-03 -6.632958073e-03
      vertex -4.244607408e-03 9.999271482e-03 -4.242388997e-03
      vertex -3.001980251e-03 9.999526665e-03 -5.195919424e-03
    endloop
  endfacet
  facet normal -1.904864330e-04 1.000000000e+00 1.894204797e-05
    outer loop
      vertex 9.795138612e-03 1.000189036e-02 -1.303768251e-03
      vertex 5.793627352e-03 1.000113320e-02 -1.552809379e-03
      vertex 9.803880937e-03 1.000188850e-02 -1.113648643e-03
    endloop
  endfacet
  facet normal -1.904864330e-04 1.000000000e+00 1.894204797e-05
    outer loop
      vertex 9.803880937e-03 1.000188850e-02 -1.113648643e-03
      vertex 5.793627352e-03 1.000113320e-02 -1.552809379e-03
      vertex 5.998095963e-03 1.000114251e-02 1.019319029e-07
    endloop
  endfacet
  facet normal -1.904864330e-04 1.000000000e+00 1.894204797e-05
    outer loop
      vertex 4.240797833e-03 1.000072714e-02 4.242768046e-03
      vertex 2.998171141e-03 1.000047289e-02 5.196298007e-03
      vertex 6.998192519e-03 1.000120770e-02 6.633337121e-03
    endloop
  endfacet
  facet normal -1.904864330e-04 1.000000000e+00 1.894204797e-05
    outer loop
      vertex -3.001980251e-03 9.999526665e-03 -5.195919424e-03
      vertex -1.554903807e-03 9.999813512e-03 -5.795342848e-03
      vertex -7.002001628e-03 9.998791851e-03 -6.632958073e-03
    endloop
  endfacet
  facet normal -1.904864330e-04 1.000000000e+00 1.894204797e-05
    outer loop
      vertex -7.002001628e-03 9.998791851e-03 -6.632958073e-03
      vertex -1.554903807e-03 9.999813512e-03 -5.795342848e-03
      vertex -1.992571924e-06 1.000011340e-02 -5.999810062e-03
    endloop
  endfacet
  facet normal -1.904864330e-04 1.000000000e+00 1.894204797e-05
    outer loop
      vertex -7.002001628e-03 9.998791851e-03 -6.632958073e-03
      vertex -1.992571924e-06 1.000011340e-02 -5.999810062e-03
      vertex 6.997999270e-03 1.000145823e-02 -6.633162033e-03
    endloop
  endfacet
  facet normal -1.904864330e-04 1.000000000e+00 1.894204797e-05
    outer loop
      vertex 6.997999270e-03 1.000145823e-02 -6.633162033e-03
      vertex -1.992571924e-06 1.000011340e-02 -5.999810062e-03
      vertex 1.550924615e-03 1.000040490e-02 -5.795388017e-03
    endloop
  endfacet
  facet normal -1.904864330e-04 1.000000000e+00 1.894204797e-05
    outer loop
      vertex -8.364293724e-03 9.998292662e-03 6.021388341e-03
      vertex -8.292838931e-03 9.998304769e-03 6.089419127e-03
      vertex -5.198013503e-03 9.998952970e-03 3.000265220e-03
    endloop
  endfacet
  facet normal -1.904864330e-04 1.000000000e+00 1.894204797e-05
    outer loop
      vertex -5.198013503e-03 9.998952970e-03 3.000265220e-03
      vertex -8.292838931e-03 9.998304769e-03 6.089419127e-03
      vertex -7.948559709e-03 9.998365305e-03 6.352011114e-03
    endloop
  endfacet
  facet normal -1.904864330e-04 1.000000000e+00 1.894204797e-05
    outer loop
      vertex -5.198013503e-03 9.998952970e-03 3.000265220e-03
      vertex -7.948559709e-03 9.998365305e-03 6.352011114e-03
      vertex -7.732904050e-03 9.998404421e-03 6.468491163e-03
    endloop
  endfacet
  facet normal -1.904864330e-04 1.000000000e+00 1.894204797e-05
    outer loop
      vertex -7.662518416e-03 9.998663329e-03 -6.498822011e-03
      vertex -7.781640161e-03 9.998640046e-03 -6.444599014e-03
      vertex -5.198101047e-03 9.999066591e-03 -2.999734832e-03
    endloop
  endfacet
  facet normal -1.904864330e-04 1.000000000e+00 1.894204797e-05
    outer loop
      vertex -5.198101047e-03 9.999066591e-03 -2.999734832e-03
      vertex -7.781640161e-03 9.998640046e-03 -6.444599014e-03
      vertex -8.036345243e-03 9.998588823e-03 -6.294053514e-03
    endloop
  endfacet
  facet normal -1.904864330e-04 1.000000000e+00 1.894204797e-05
    outer loop
      vertex -5.198101047e-03 9.999066591e-03 -2.999734832e-03
      vertex -8.036345243e-03 9.998588823e-03 -6.294053514e-03
      vertex -8.230563253e-03 9.998548776e-03 -6.144185085e-03
    endloop
  endfacet
  facet normal -1.904864330e-04 1.000000000e+00 1.894204797e-05
    outer loop
      vertex 9.795138612e-03 1.000189036e-02 -1.303768251e-03
      vertex 9.724489413e-03 1.000189502e-02 -2.257392276e-03
      vertex 5.793627352e-03 1.000113320e-02 -1.552809379e-03
    endloop
  endfacet
  facet normal -1.904864330e-04 1.000000000e+00 1.894204797e-05
    outer loop
      vertex 5.793627352e-03 1.000113320e-02 -1.552809379e-03
      vertex 9.724489413e-03 1.000189502e-02 -2.257392276e-03
      vertex 9.604888968e-03 1.000188943e-02 -3.151025157e-03
    endloop
  endfacet
  facet normal -1.904864330e-04 1.000000000e+00 1.894204797e-05
    outer loop
      vertex 5.793627352e-03 1.000113320e-02 -1.552809379e-03
      vertex 9.604888968e-03 1.000188943e-02 -3.151025157e-03
      vertex 5.194203462e-03 1.000104658e-02 -2.999886405e-03
    endloop
  endfacet
  facet normal -1.904864330e-04 1.000000000e+00 1.894204797e-05
    outer loop
      vertex 5.793672521e-03 1.000107452e-02 1.553019159e-03
      vertex 9.760654531e-03 1.000182424e-02 1.850622939e-03
      vertex 5.998095963e-03 1.000114251e-02 1.019319029e-07
    endloop
  endfacet
  facet normal -1.904864330e-04 1.000000000e+00 1.894204797e-05
    outer loop
      vertex 5.998095963e-03 1.000114251e-02 1.019319029e-07
      vertex 9.760654531e-03 1.000182424e-02 1.850622939e-03
      vertex 9.823773056e-03 1.000186335e-02 3.939795424e-04
    endloop
  endfacet
  facet normal -1.904864330e-04 1.000000000e+00 1.894204797e-05
    outer loop
      vertex 5.998095963e-03 1.000114251e-02 1.019319029e-07
      vertex 9.823773056e-03 1.000186335e-02 3.939795424e-04
      vertex 9.803880937e-03 1.000188850e-02 -1.113648643e-03
    endloop
  endfacet
  facet normal -1.904864330e-04 1.000000000e+00 1.894204797e-05
    outer loop
      vertex 9.149656631e-03 1.000165194e-02 4.796295427e-03
      vertex 9.391905740e-03 1.000171155e-02 4.101199098e-03
      vertex 5.194291007e-03 1.000093296e-02 3.000113647e-03
    endloop
  endfacet
  facet normal -1.904864330e-04 1.000000000e+00 1.894204797e-05
    outer loop
      vertex 5.194291007e-03 1.000093296e-02 3.000113647e-03
      vertex 9.391905740e-03 1.000171155e-02 4.101199098e-03
      vertex 9.456417523e-03 1.000172831e-02 3.861295758e-03
    endloop
  endfacet
  facet normal -1.904864330e-04 1.000000000e+00 1.894204797e-05
    outer loop
      vertex 5.194291007e-03 1.000093296e-02 3.000113647e-03
      vertex 9.456417523e-03 1.000172831e-02 3.861295758e-03
      vertex 5.793672521e-03 1.000107452e-02 1.553019159e-03
    endloop
  endfacet
  facet normal -1.904864330e-04 1.000000000e+00 1.894204797e-05
    outer loop
      vertex 5.793672521e-03 1.000107452e-02 1.553019159e-03
      vertex 9.456417523e-03 1.000172831e-02 3.861295758e-03
      vertex 9.635805152e-03 1.000177953e-02 2.961286111e-03
    endloop
  endfacet
  facet normal -1.904864330e-04 1.000000000e+00 1.894204797e-05
    outer loop
      vertex 5.793672521e-03 1.000107452e-02 1.553019159e-03
      vertex 9.635805152e-03 1.000177953e-02 2.961286111e-03
      vertex 9.760654531e-03 1.000182424e-02 1.850622939e-03
    endloop
  endfacet
  facet normal -1.904864330e-04 1.000000000e+00 1.894204797e-05
    outer loop
      vertex 2.998171141e-03 1.000047289e-02 5.196298007e-03
      vertex 1.551093650e-03 1.000018604e-02 5.795721896e-03
      vertex 6.998192519e-03 1.000120770e-02 6.633337121e-03
    endloop
  endfacet
  facet normal -1.904864330e-04 1.000000000e+00 1.894204797e-05
    outer loop
      vertex 6.998192519e-03 1.000120770e-02 6.633337121e-03
      vertex 1.551093650e-03 1.000018604e-02 5.795721896e-03
      vertex -1.817603675e-06 9.999886155e-03 6.000189576e-03
    endloop
  endfacet
  facet normal -1.904864330e-04 1.000000000e+00 1.894204797e-05
    outer loop
      vertex 6.998192519e-03 1.000120770e-02 6.633337121e-03
      vertex -1.817603675e-06 9.999886155e-03 6.000189576e-03
      vertex -7.001807913e-03 9.998540394e-03 6.633541081e-03
    endloop
  endfacet
  facet normal -1.904864330e-04 1.000000000e+00 1.894204797e-05
    outer loop
      vertex -7.001807913e-03 9.998540394e-03 6.633541081e-03
      vertex -1.817603675e-06 9.999886155e-03 6.000189576e-03
      vertex -1.554734772e-03 9.999593720e-03 5.795767065e-03
    endloop
  endfacet
  facet normal -1.904864330e-04 1.000000000e+00 1.894204797e-05
    outer loop
      vertex -1.554734772e-03 9.999593720e-03 5.795767065e-03
      vertex -3.001828911e-03 9.999330156e-03 5.196385551e-03
      vertex -7.001807913e-03 9.998540394e-03 6.633541081e-03
    endloop
  endfacet
  facet normal -1.904864330e-04 1.000000000e+00 1.894204797e-05
    outer loop
      vertex -7.001807913e-03 9.998540394e-03 6.633541081e-03
      vertex -3.001828911e-03 9.999330156e-03 5.196385551e-03
      vertex -4.244483542e-03 9.999111295e-03 4.242891911e-03
    endloop
  endfacet
  facet normal -1.904864330e-04 1.000000000e+00 1.894204797e-05
    outer loop
      vertex -7.001807913e-03 9.998540394e-03 6.633541081e-03
      vertex -4.244483542e-03 9.999111295e-03 4.242891911e-03
      vertex -7.071560249e-03 9.998527355e-03 6.632074714e-03
    endloop
  endfacet
  facet normal -1.904864330e-04 1.000000000e+00 1.894204797e-05
    outer loop
      vertex -7.071560249e-03 9.998527355e-03 6.632074714e-03
      vertex -4.244483542e-03 9.999111295e-03 4.242891911e-03
      vertex -5.198013503e-03 9.998952970e-03 3.000265220e-03
    endloop
  endfacet
  facet normal -1.904864330e-04 1.000000000e+00 1.894204797e-05
    outer loop
      vertex -7.071560249e-03 9.998527355e-03 6.632074714e-03
      vertex -5.198013503e-03 9.998952970e-03 3.000265220e-03
      vertex -7.361920085e-03 9.998472407e-03 6.594223436e-03
    endloop
  endfacet
  facet normal -1.904864330e-04 1.000000000e+00 1.894204797e-05
    outer loop
      vertex -7.361920085e-03 9.998472407e-03 6.594223436e-03
      vertex -5.198013503e-03 9.998952970e-03 3.000265220e-03
      vertex -7.732904050e-03 9.998404421e-03 6.468491163e-03
    endloop
  endfacet
  facet normal -1.904864330e-04 1.000000000e+00 1.894204797e-05
    outer loop
      vertex -4.244607408e-03 9.999271482e-03 -4.242388997e-03
      vertex -7.002001628e-03 9.998791851e-03 -6.632958073e-03
      vertex -5.198101047e-03 9.999066591e-03 -2.999734832e-03
    endloop
  endfacet
  facet normal -1.904864330e-04 1.000000000e+00 1.894204797e-05
    outer loop
      vertex -5.198101047e-03 9.999066591e-03 -2.999734832e-03
      vertex -7.002001628e-03 9.998791851e-03 -6.632958073e-03
      vertex -7.389025763e-03 9.998717345e-03 -6.587491836e-03
    endloop
  endfacet
  facet normal -1.904864330e-04 1.000000000e+00 1.894204797e-05
    outer loop
      vertex -5.198101047e-03 9.999066591e-03 -2.999734832e-03
      vertex -7.389025763e-03 9.998717345e-03 -6.587491836e-03
      vertex -7.662518416e-03 9.998663329e-03 -6.498822011e-03
    endloop
  endfacet
  facet normal -1.904864330e-04 1.000000000e+00 1.894204797e-05
    outer loop
      vertex -8.230563253e-03 9.998548776e-03 -6.144185085e-03
      vertex -8.582247421e-03 9.998474270e-03 -5.779285915e-03
      vertex -5.198101047e-03 9.999066591e-03 -2.999734832e-03
    endloop
  endfacet
  facet normal -1.904864330e-04 1.000000000e+00 1.894204797e-05
    outer loop
      vertex -5.198101047e-03 9.999066591e-03 -2.999734832e-03
      vertex -8.582247421e-03 9.998474270e-03 -5.779285915e-03
      vertex -8.852656931e-03 9.998415597e-03 -5.391863640e-03
    endloop
  endfacet
  facet normal -1.904864330e-04 1.000000000e+00 1.894204797e-05
    outer loop
      vertex -5.198101047e-03 9.999066591e-03 -2.999734832e-03
      vertex -8.852656931e-03 9.998415597e-03 -5.391863640e-03
      vertex -9.153466672e-03 9.998347610e-03 -4.795916844e-03
    endloop
  endfacet
  facet normal -1.904864330e-04 1.000000000e+00 1.894204797e-05
    outer loop
      vertex 9.604888968e-03 1.000188943e-02 -3.151025157e-03
      vertex 9.424444288e-03 1.000187080e-02 -3.983527888e-03
      vertex 5.194203462e-03 1.000104658e-02 -2.999886405e-03
    endloop
  endfacet
  facet normal -1.904864330e-04 1.000000000e+00 1.894204797e-05
    outer loop
      vertex 5.194203462e-03 1.000104658e-02 -2.999886405e-03
      vertex 9.424444288e-03 1.000187080e-02 -3.983527888e-03
      vertex 9.372786619e-03 1.000186428e-02 -4.166216124e-03
    endloop
  endfacet
  facet normal -1.904864330e-04 1.000000000e+00 1.894204797e-05
    outer loop
      vertex 5.194203462e-03 1.000104658e-02 -2.999886405e-03
      vertex 9.372786619e-03 1.000186428e-02 -4.166216124e-03
      vertex 9.146929719e-03 1.000183355e-02 -4.802329000e-03
    endloop
  endfacet
  facet normal -1.904864330e-04 1.000000000e+00 1.894204797e-05
    outer loop
      vertex 7.658708841e-03 1.000133529e-02 6.499200594e-03
      vertex 7.777829655e-03 1.000135951e-02 6.444978062e-03
      vertex 5.194291007e-03 1.000093296e-02 3.000113647e-03
    endloop
  endfacet
  facet normal -1.904864330e-04 1.000000000e+00 1.894204797e-05
    outer loop
      vertex 5.194291007e-03 1.000093296e-02 3.000113647e-03
      vertex 7.777829655e-03 1.000135951e-02 6.444978062e-03
      vertex 8.032535203e-03 1.000141073e-02 6.294432562e-03
    endloop
  endfacet
  facet normal -1.904864330e-04 1.000000000e+00 1.894204797e-05
    outer loop
      vertex 5.194291007e-03 1.000093296e-02 3.000113647e-03
      vertex 8.032535203e-03 1.000141073e-02 6.294432562e-03
      vertex 8.226752281e-03 1.000145078e-02 6.144563667e-03
    endloop
  endfacet
  facet normal -1.904864330e-04 1.000000000e+00 1.894204797e-05
    outer loop
      vertex 9.146929719e-03 1.000183355e-02 -4.802329000e-03
      vertex 8.960341103e-03 1.000180561e-02 -5.195611622e-03
      vertex 5.194203462e-03 1.000104658e-02 -2.999886405e-03
    endloop
  endfacet
  facet normal -1.904864330e-04 1.000000000e+00 1.894204797e-05
    outer loop
      vertex 5.194203462e-03 1.000104658e-02 -2.999886405e-03
      vertex 8.960341103e-03 1.000180561e-02 -5.195611622e-03
      vertex 8.684786037e-03 1.000176091e-02 -5.640037358e-03
    endloop
  endfacet
  facet normal -1.904864330e-04 1.000000000e+00 1.894204797e-05
    outer loop
      vertex 5.194203462e-03 1.000104658e-02 -2.999886405e-03
      vertex 8.684786037e-03 1.000176091e-02 -5.640037358e-03
      vertex 8.360484615e-03 1.000170689e-02 -6.021009758e-03
    endloop
  endfacet
  facet normal -1.904864330e-04 1.000000000e+00 1.894204797e-05
    outer loop
      vertex 4.240797833e-03 1.000072714e-02 4.242768046e-03
      vertex 6.998192519e-03 1.000120770e-02 6.633337121e-03
      vertex 5.194291007e-03 1.000093296e-02 3.000113647e-03
    endloop
  endfacet
  facet normal -1.904864330e-04 1.000000000e+00 1.894204797e-05
    outer loop
      vertex 5.194291007e-03 1.000093296e-02 3.000113647e-03
      vertex 6.998192519e-03 1.000120770e-02 6.633337121e-03
      vertex 7.385216188e-03 1.000128221e-02 6.587870419e-03
    endloop
  endfacet
  facet normal -1.904864330e-04 1.000000000e+00 1.894204797e-05
    outer loop
      vertex 5.194291007e-03 1.000093296e-02 3.000113647e-03
      vertex 7.385216188e-03 1.000128221e-02 6.587870419e-03
      vertex 7.658708841e-03 1.000133529e-02 6.499200594e-03
    endloop
  endfacet
  facet normal -1.904864330e-04 1.000000000e+00 1.894204797e-05
    outer loop
      vertex 8.226752281e-03 1.000145078e-02 6.144563667e-03
      vertex 8.578437380e-03 1.000152435e-02 5.779664963e-03
      vertex 5.194291007e-03 1.000093296e-02 3.000113647e-03
    endloop
  endfacet
  facet normal -1.904864330e-04 1.000000000e+00 1.894204797e-05
    outer loop
      vertex 5.194291007e-03 1.000093296e-02 3.000113647e-03
      vertex 8.578437380e-03 1.000152435e-02 5.779664963e-03
      vertex 8.848846890e-03 1.000158302e-02 5.392242223e-03
    endloop
  endfacet
  facet normal -1.904864330e-04 1.000000000e+00 1.894204797e-05
    outer loop
      vertex 5.194291007e-03 1.000093296e-02 3.000113647e-03
      vertex 8.848846890e-03 1.000158302e-02 5.392242223e-03
      vertex 9.149656631e-03 1.000165194e-02 4.796295427e-03
    endloop
  endfacet
  facet normal -1.904864330e-04 1.000000000e+00 1.894204797e-05
    outer loop
      vertex 8.360484615e-03 1.000170689e-02 -6.021009758e-03
      vertex 8.289028890e-03 1.000169385e-02 -6.089040078e-03
      vertex 5.194203462e-03 1.000104658e-02 -2.999886405e-03
    endloop
  endfacet
  facet normal -1.904864330e-04 1.000000000e+00 1.894204797e-05
    outer loop
      vertex 5.194203462e-03 1.000104658e-02 -2.999886405e-03
      vertex 8.289028890e-03 1.000169385e-02 -6.089040078e-03
      vertex 7.944750600e-03 1.000163332e-02 -6.351632532e-03
    endloop
  endfacet
  facet normal -1.904864330e-04 1.000000000e+00 1.894204797e-05
    outer loop
      vertex 5.194203462e-03 1.000104658e-02 -2.999886405e-03
      vertex 7.944750600e-03 1.000163332e-02 -6.351632532e-03
      vertex 7.729093544e-03 1.000159513e-02 -6.468111649e-03
    endloop
  endfacet
  facet normal -1.904864330e-04 1.000000000e+00 1.894204797e-05
    outer loop
      vertex 1.550924615e-03 1.000040490e-02 -5.795388017e-03
      vertex 2.998019569e-03 1.000066940e-02 -5.196006969e-03
      vertex 6.997999270e-03 1.000145823e-02 -6.633162033e-03
    endloop
  endfacet
  facet normal -1.904864330e-04 1.000000000e+00 1.894204797e-05
    outer loop
      vertex 6.997999270e-03 1.000145823e-02 -6.633162033e-03
      vertex 2.998019569e-03 1.000066940e-02 -5.196006969e-03
      vertex 4.240673967e-03 1.000088826e-02 -4.242512863e-03
    endloop
  endfacet
  facet normal -1.904864330e-04 1.000000000e+00 1.894204797e-05
    outer loop
      vertex 6.997999270e-03 1.000145823e-02 -6.633162033e-03
      vertex 4.240673967e-03 1.000088826e-02 -4.242512863e-03
      vertex 7.067749742e-03 1.000147220e-02 -6.631696597e-03
    endloop
  endfacet
  facet normal -1.904864330e-04 1.000000000e+00 1.894204797e-05
    outer loop
      vertex 7.067749742e-03 1.000147220e-02 -6.631696597e-03
      vertex 4.240673967e-03 1.000088826e-02 -4.242512863e-03
      vertex 5.194203462e-03 1.000104658e-02 -2.999886405e-03
    endloop
  endfacet
  facet normal -1.904864330e-04 1.000000000e+00 1.894204797e-05
    outer loop
      vertex 7.067749742e-03 1.000147220e-02 -6.631696597e-03
      vertex 5.194203462e-03 1.000104658e-02 -2.999886405e-03
      vertex 7.358110510e-03 1.000152621e-02 -6.593844388e-03
    endloop
  endfacet
  facet normal -1.904864330e-04 1.000000000e+00 1.894204797e-05
    outer loop
      vertex 7.358110510e-03 1.000152621e-02 -6.593844388e-03
      vertex 5.194203462e-03 1.000104658e-02 -2.999886405e-03
      vertex 7.729093544e-03 1.000159513e-02 -6.468111649e-03
    endloop
  endfacet
  facet normal 1.000000000e+00 1.904867095e-04 -1.457708095e-05
    outer loop
      vertex 9.998311289e-03 8.682172745e-03 -2.377740107e-03
      vertex 9.998282418e-03 8.921625093e-03 -1.199559425e-03
      vertex 9.999064729e-03 4.799396265e-03 -1.408717595e-03
    endloop
  endfacet
  facet normal 1.000000000e+00 1.904867095e-04 -1.457708095e-05
    outer loop
      vertex 9.999064729e-03 4.799396265e-03 -1.408717595e-03
      vertex 9.998282418e-03 8.921625093e-03 -1.199559425e-03
      vertex 9.999047033e-03 5.001904443e-03 -5.108664425e-08
    endloop
  endfacet
  facet normal 1.000000000e+00 1.904867095e-04 -1.457708095e-05
    outer loop
      vertex 9.998311289e-03 8.682172745e-03 -2.377740107e-03
      vertex 9.999064729e-03 4.799396265e-03 -1.408717595e-03
      vertex 9.998369962e-03 8.287820965e-03 -3.513492178e-03
    endloop
  endfacet
  facet normal 1.000000000e+00 1.904867095e-04 -1.457708095e-05
    outer loop
      vertex 9.998369962e-03 8.287820965e-03 -3.513492178e-03
      vertex 9.999064729e-03 4.799396265e-03 -1.408717595e-03
      vertex 9.999158792e-03 4.208223429e-03 -2.703270409e-03
    endloop
  endfacet
  facet normal 1.000000000e+00 1.904867095e-04 -1.457708095e-05
    outer loop
      vertex 9.998369962e-03 8.287820965e-03 -3.513492178e-03
      vertex 9.999158792e-03 4.208223429e-03 -2.703270409e-03
      vertex 9.998457506e-03 7.745605893e-03 -4.586549010e-03
    endloop
  endfacet
  facet normal 1.000000000e+00 1.904867095e-04 -1.457708095e-05
    outer loop
      vertex 9.998457506e-03 7.745605893e-03 -4.586549010e-03
      vertex 9.999158792e-03 4.208223429e-03 -2.703270409e-03
      vertex 9.998572990e-03 7.065204903e-03 -5.577761214e-03
    endloop
  endfacet
  facet normal 1.000000000e+00 1.904867095e-04 -1.457708095e-05
    outer loop
      vertex 9.998572990e-03 7.065204903e-03 -5.577761214e-03
      vertex 9.999158792e-03 4.208223429e-03 -2.703270409e-03
      vertex 9.999320842e-03 3.276279895e-03 -3.778831568e-03
    endloop
  endfacet
  facet normal 1.000000000e+00 1.904867095e-04 -1.457708095e-05
    outer loop
      vertex 9.998572990e-03 7.065204903e-03 -5.577761214e-03
      vertex 9.999320842e-03 3.276279895e-03 -3.778831568e-03
      vertex 9.998713620e-03 6.258759182e-03 -6.469440646e-03
    endloop
  endfacet
  facet normal 1.000000000e+00 1.904867095e-04 -1.457708095e-05
    outer loop
      vertex 9.998713620e-03 6.258759182e-03 -6.469440646e-03
      vertex 9.999320842e-03 3.276279895e-03 -3.778831568e-03
      vertex 9.998876601e-03 5.340659525e-03 -7.245675195e-03
    endloop
  endfacet
  facet normal 1.000000000e+00 1.904867095e-04 -1.457708095e-05
    outer loop
      vertex 9.998876601e-03 5.340659525e-03 -7.245675195e-03
      vertex 9.999320842e-03 3.276279895e-03 -3.778831568e-03
      vertex 9.999537840e-03 2.079065889e-03 -4.548266530e-03
    endloop
  endfacet
  facet normal 1.000000000e+00 1.904867095e-04 -1.457708095e-05
    outer loop
      vertex 9.998876601e-03 5.340659525e-03 -7.245675195e-03
      vertex 9.999537840e-03 2.079065889e-03 -4.548266530e-03
      vertex 9.999060072e-03 4.327290226e-03 -7.892613299e-03
    endloop
  endfacet
  facet normal 1.000000000e+00 1.904867095e-04 -1.457708095e-05
    outer loop
      vertex 9.999792092e-03 7.135727792e-04 -4.949239548e-03
      vertex 9.999474511e-03 2.088451991e-03 -8.754934184e-03
      vertex 9.999537840e-03 2.079065889e-03 -4.548266530e-03
    endloop
  endfacet
  facet normal 1.000000000e+00 1.904867095e-04 -1.457708095e-05
    outer loop
      vertex 9.999537840e-03 2.079065889e-03 -4.548266530e-03
      vertex 9.999474511e-03 2.088451991e-03 -8.754934184e-03
      vertex 9.999260306e-03 3.236733843e-03 -8.398709819e-03
    endloop
  endfacet
  facet normal 1.000000000e+00 1.904867095e-04 -1.457708095e-05
    outer loop
      vertex 9.999537840e-03 2.079065889e-03 -4.548266530e-03
      vertex 9.999260306e-03 3.236733843e-03 -8.398709819e-03
      vertex 9.999060072e-03 4.327290226e-03 -7.892613299e-03
    endloop
  endfacet
  facet normal 1.000000000e+00 1.904867095e-04 -1.457708095e-05
    outer loop
      vertex 1.000006311e-02 -7.095756009e-04 -4.949266557e-03
      vertex 9.999925271e-03 -2.986595791e-04 -8.995125070e-03
      vertex 9.999792092e-03 7.135727792e-04 -4.949239548e-03
    endloop
  endfacet
  facet normal 1.000000000e+00 1.904867095e-04 -1.457708095e-05
    outer loop
      vertex 9.999792092e-03 7.135727792e-04 -4.949239548e-03
      vertex 9.999925271e-03 -2.986595791e-04 -8.995125070e-03
      vertex 9.999697097e-03 9.029356879e-04 -8.954929188e-03
    endloop
  endfacet
  facet normal 1.000000000e+00 1.904867095e-04 -1.457708095e-05
    outer loop
      vertex 9.999792092e-03 7.135727792e-04 -4.949239548e-03
      vertex 9.999697097e-03 9.029356879e-04 -8.954929188e-03
      vertex 9.999474511e-03 2.088451991e-03 -8.754934184e-03
    endloop
  endfacet
  facet normal 1.000000000e+00 1.904867095e-04 -1.457708095e-05
    outer loop
      vertex 1.000081096e-02 -4.840692505e-03 -7.586268242e-03
      vertex 1.000032853e-02 -2.075084019e-03 -4.548345227e-03
      vertex 1.000056788e-02 -3.272327129e-03 -3.778955666e-03
    endloop
  endfacet
  facet normal 1.000000000e+00 1.904867095e-04 -1.457708095e-05
    outer loop
      vertex 1.000135578e-02 -7.498000748e-03 -4.975225311e-03
      vertex 1.000076160e-02 -4.204311408e-03 -2.703429665e-03
      vertex 1.000147033e-02 -8.030687459e-03 -4.059389234e-03
    endloop
  endfacet
  facet normal 1.000000000e+00 1.904867095e-04 -1.457708095e-05
    outer loop
      vertex 1.000147033e-02 -8.030687459e-03 -4.059389234e-03
      vertex 1.000076160e-02 -4.204311408e-03 -2.703429665e-03
      vertex 1.000089291e-02 -4.795533139e-03 -1.408899319e-03
    endloop
  endfacet
  facet normal 1.000000000e+00 1.904867095e-04 -1.457708095e-05
    outer loop
      vertex 1.000147033e-02 -8.030687459e-03 -4.059389234e-03
      vertex 1.000089291e-02 -4.795533139e-03 -1.408899319e-03
      vertex 1.000157557e-02 -8.500060067e-03 -2.952530514e-03
    endloop
  endfacet
  facet normal 1.000000000e+00 1.904867095e-04 -1.457708095e-05
    outer loop
      vertex 1.000081096e-02 -4.840692505e-03 -7.586268242e-03
      vertex 1.000060234e-02 -3.786353162e-03 -8.164036088e-03
      vertex 1.000032853e-02 -2.075084019e-03 -4.548345227e-03
    endloop
  endfacet
  facet normal 1.000000000e+00 1.904867095e-04 -1.457708095e-05
    outer loop
      vertex 1.000032853e-02 -2.075084019e-03 -4.548345227e-03
      vertex 1.000060234e-02 -3.786353162e-03 -8.164036088e-03
      vertex 1.000038162e-02 -2.664412372e-03 -8.596118540e-03
    endloop
  endfacet
  facet normal 1.000000000e+00 1.904867095e-04 -1.457708095e-05
    outer loop
      vertex 1.000032853e-02 -2.075084019e-03 -4.548345227e-03
      vertex 1.000038162e-02 -2.664412372e-03 -8.596118540e-03
      vertex 1.000006311e-02 -7.095756009e-04 -4.949266557e-03
    endloop
  endfacet
  facet normal 1.000000000e+00 1.904867095e-04 -1.457708095e-05
    outer loop
      vertex 1.000006311e-02 -7.095756009e-04 -4.949266557e-03
      vertex 1.000038162e-02 -2.664412372e-03 -8.596118540e-03
      vertex 1.000015531e-02 -1.494891127e-03 -8.874805644e-03
    endloop
  endfacet
  facet normal 1.000000000e+00 1.904867095e-04 -1.457708095e-05
    outer loop
      vertex 1.000006311e-02 -7.095756009e-04 -4.949266557e-03
      vertex 1.000015531e-02 -1.494891127e-03 -8.874805644e-03
      vertex 9.999925271e-03 -2.986595791e-04 -8.995125070e-03
    endloop
  endfacet
  facet normal 1.000000000e+00 1.904867095e-04 -1.457708095e-05
    outer loop
      vertex 1.000135578e-02 -7.498000748e-03 -4.975225311e-03
      vertex 1.000133809e-02 -7.417972665e-03 -5.093810149e-03
      vertex 1.000076160e-02 -4.204311408e-03 -2.703429665e-03
    endloop
  endfacet
  facet normal 1.000000000e+00 1.904867095e-04 -1.457708095e-05
    outer loop
      vertex 1.000076160e-02 -4.204311408e-03 -2.703429665e-03
      vertex 1.000133809e-02 -7.417972665e-03 -5.093810149e-03
      vertex 1.000118256e-02 -6.672849879e-03 -6.037334912e-03
    endloop
  endfacet
  facet normal 1.000000000e+00 1.904867095e-04 -1.457708095e-05
    outer loop
      vertex 1.000076160e-02 -4.204311408e-03 -2.703429665e-03
      vertex 1.000118256e-02 -6.672849879e-03 -6.037334912e-03
      vertex 1.000056788e-02 -3.272327129e-03 -3.778955666e-03
    endloop
  endfacet
  facet normal 1.000000000e+00 1.904867095e-04 -1.457708095e-05
    outer loop
      vertex 1.000056788e-02 -3.272327129e-03 -3.778955666e-03
      vertex 1.000118256e-02 -6.672849879e-03 -6.037334912e-03
      vertex 1.000100560e-02 -5.808615591e-03 -6.873125210e-03
    endloop
  endfacet
  facet normal 1.000000000e+00 1.904867095e-04 -1.457708095e-05
    outer loop
      vertex 1.000056788e-02 -3.272327129e-03 -3.778955666e-03
      vertex 1.000100560e-02 -5.808615591e-03 -6.873125210e-03
      vertex 1.000081096e-02 -4.840692505e-03 -7.586268242e-03
    endloop
  endfacet
  facet normal 1.000000000e+00 1.904867095e-04 -1.457708095e-05
    outer loop
      vertex 1.000095159e-02 -4.998094868e-03 -2.405071200e-07
      vertex 1.000170130e-02 -8.977985010e-03 -6.014494575e-04
      vertex 1.000089291e-02 -4.795533139e-03 -1.408899319e-03
    endloop
  endfacet
  facet normal 1.000000000e+00 1.904867095e-04 -1.457708095e-05
    outer loop
      vertex 1.000089291e-02 -4.795533139e-03 -1.408899319e-03
      vertex 1.000170130e-02 -8.977985010e-03 -6.014494575e-04
      vertex 1.000165287e-02 -8.817716502e-03 -1.792986761e-03
    endloop
  endfacet
  facet normal 1.000000000e+00 1.904867095e-04 -1.457708095e-05
    outer loop
      vertex 1.000089291e-02 -4.795533139e-03 -1.408899319e-03
      vertex 1.000165287e-02 -8.817716502e-03 -1.792986761e-03
      vertex 1.000157557e-02 -8.500060067e-03 -2.952530514e-03
    endloop
  endfacet
  facet normal 1.000000000e+00 1.904867095e-04 -1.457708095e-05
    outer loop
      vertex 9.999505244e-03 3.236415796e-03 8.398541249e-03
      vertex 9.999729693e-03 2.088120440e-03 8.754721843e-03
      vertex 9.999670088e-03 2.078893594e-03 4.548053723e-03
    endloop
  endfacet
  facet normal 1.000000000e+00 1.904867095e-04 -1.457708095e-05
    outer loop
      vertex 9.999670088e-03 2.078893594e-03 4.548053723e-03
      vertex 9.999729693e-03 2.088120440e-03 8.754721843e-03
      vertex 9.999936447e-03 7.133853505e-04 4.948975053e-03
    endloop
  endfacet
  facet normal 1.000000000e+00 1.904867095e-04 -1.457708095e-05
    outer loop
      vertex 1.000093389e-02 -4.795586225e-03 1.408426091e-03
      vertex 1.000170596e-02 -8.817784488e-03 1.792361028e-03
      vertex 1.000095159e-02 -4.998094868e-03 -2.405071200e-07
    endloop
  endfacet
  facet normal 1.000000000e+00 1.904867095e-04 -1.457708095e-05
    outer loop
      vertex 1.000095159e-02 -4.998094868e-03 -2.405071200e-07
      vertex 1.000170596e-02 -8.817784488e-03 1.792361028e-03
      vertex 1.000171900e-02 -8.978008293e-03 6.008179043e-04
    endloop
  endfacet
  facet normal 1.000000000e+00 1.904867095e-04 -1.457708095e-05
    outer loop
      vertex 1.000095159e-02 -4.998094868e-03 -2.405071200e-07
      vertex 1.000171900e-02 -8.978008293e-03 6.008179043e-04
      vertex 1.000170130e-02 -8.977985010e-03 -6.014494575e-04
    endloop
  endfacet
  facet normal 1.000000000e+00 1.904867095e-04 -1.457708095e-05
    outer loop
      vertex 1.000083983e-02 -4.204413854e-03 2.702978672e-03
      vertex 1.000158861e-02 -8.030841127e-03 4.058793187e-03
      vertex 1.000093389e-02 -4.795586225e-03 1.408426091e-03
    endloop
  endfacet
  facet normal 1.000000000e+00 1.904867095e-04 -1.457708095e-05
    outer loop
      vertex 1.000093389e-02 -4.795586225e-03 1.408426091e-03
      vertex 1.000158861e-02 -8.030841127e-03 4.058793187e-03
      vertex 1.000166219e-02 -8.500172757e-03 2.951917006e-03
    endloop
  endfacet
  facet normal 1.000000000e+00 1.904867095e-04 -1.457708095e-05
    outer loop
      vertex 1.000093389e-02 -4.795586225e-03 1.408426091e-03
      vertex 1.000166219e-02 -8.500172757e-03 2.951917006e-03
      vertex 1.000170596e-02 -8.817784488e-03 1.792361028e-03
    endloop
  endfacet
  facet normal 1.000000000e+00 1.904867095e-04 -1.457708095e-05
    outer loop
      vertex 1.000063308e-02 -2.664738102e-03 8.595726453e-03
      vertex 1.000046171e-02 -2.075256081e-03 4.547975026e-03
      vertex 1.000020746e-02 -7.097630878e-04 4.948948044e-03
    endloop
  endfacet
  facet normal 1.000000000e+00 1.904867095e-04 -1.457708095e-05
    outer loop
      vertex 9.999729693e-03 2.088120440e-03 8.754721843e-03
      vertex 9.999958798e-03 9.025964537e-04 8.954671212e-03
      vertex 9.999936447e-03 7.133853505e-04 4.948975053e-03
    endloop
  endfacet
  facet normal 1.000000000e+00 1.904867095e-04 -1.457708095e-05
    outer loop
      vertex 9.999936447e-03 7.133853505e-04 4.948975053e-03
      vertex 9.999958798e-03 9.025964537e-04 8.954671212e-03
      vertex 1.000018790e-02 -2.990002977e-04 8.994822390e-03
    endloop
  endfacet
  facet normal 1.000000000e+00 1.904867095e-04 -1.457708095e-05
    outer loop
      vertex 9.999936447e-03 7.133853505e-04 4.948975053e-03
      vertex 1.000018790e-02 -2.990002977e-04 8.994822390e-03
      vertex 1.000020746e-02 -7.097630878e-04 4.948948044e-03
    endloop
  endfacet
  facet normal 1.000000000e+00 1.904867095e-04 -1.457708095e-05
    outer loop
      vertex 1.000020746e-02 -7.097630878e-04 4.948948044e-03
      vertex 1.000018790e-02 -2.990002977e-04 8.994822390e-03
      vertex 1.000041422e-02 -1.495227334e-03 8.874458261e-03
    endloop
  endfacet
  facet normal 1.000000000e+00 1.904867095e-04 -1.457708095e-05
    outer loop
      vertex 1.000020746e-02 -7.097630878e-04 4.948948044e-03
      vertex 1.000041422e-02 -1.495227334e-03 8.874458261e-03
      vertex 1.000063308e-02 -2.664738102e-03 8.595726453e-03
    endloop
  endfacet
  facet normal 1.000000000e+00 1.904867095e-04 -1.457708095e-05
    outer loop
      vertex 9.999237955e-03 4.208121449e-03 2.703137929e-03
      vertex 9.999105707e-03 4.799342714e-03 1.408607815e-03
      vertex 9.998472407e-03 8.287687786e-03 3.513514763e-03
    endloop
  endfacet
  facet normal 1.000000000e+00 1.904867095e-04 -1.457708095e-05
    outer loop
      vertex 9.998282418e-03 8.921625093e-03 -1.199559425e-03
      vertex 9.998285212e-03 9.001904167e-03 2.468154570e-08
      vertex 9.999047033e-03 5.001904443e-03 -5.108664425e-08
    endloop
  endfacet
  facet normal 1.000000000e+00 1.904867095e-04 -1.457708095e-05
    outer loop
      vertex 9.999047033e-03 5.001904443e-03 -5.108664425e-08
      vertex 9.998285212e-03 9.001904167e-03 2.468154570e-08
      vertex 9.998317808e-03 8.921579458e-03 1.199605758e-03
    endloop
  endfacet
  facet normal 1.000000000e+00 1.904867095e-04 -1.457708095e-05
    outer loop
      vertex 9.999047033e-03 5.001904443e-03 -5.108664425e-08
      vertex 9.998317808e-03 8.921579458e-03 1.199605758e-03
      vertex 9.999105707e-03 4.799342714e-03 1.408607815e-03
    endloop
  endfacet
  facet normal 1.000000000e+00 1.904867095e-04 -1.457708095e-05
    outer loop
      vertex 9.999105707e-03 4.799342714e-03 1.408607815e-03
      vertex 9.998317808e-03 8.921579458e-03 1.199605758e-03
      vertex 9.998380207e-03 8.682082407e-03 2.377777128e-03
    endloop
  endfacet
  facet normal 1.000000000e+00 1.904867095e-04 -1.457708095e-05
    outer loop
      vertex 9.999105707e-03 4.799342714e-03 1.408607815e-03
      vertex 9.998380207e-03 8.682082407e-03 2.377777128e-03
      vertex 9.998472407e-03 8.287687786e-03 3.513514763e-03
    endloop
  endfacet
  facet normal 1.000000000e+00 1.904867095e-04 -1.457708095e-05
    outer loop
      vertex 1.000067778e-02 -3.272470320e-03 3.778540064e-03
      vertex 1.000135858e-02 -6.673078518e-03 6.036790088e-03
      vertex 1.000083983e-02 -4.204413854e-03 2.702978672e-03
    endloop
  endfacet
  facet normal 1.000000000e+00 1.904867095e-04 -1.457708095e-05
    outer loop
      vertex 1.000083983e-02 -4.204413854e-03 2.702978672e-03
      vertex 1.000135858e-02 -6.673078518e-03 6.036790088e-03
      vertex 1.000148710e-02 -7.418165449e-03 5.093237385e-03
    endloop
  endfacet
  facet normal 1.000000000e+00 1.904867095e-04 -1.457708095e-05
    outer loop
      vertex 1.000083983e-02 -4.204413854e-03 2.702978672e-03
      vertex 1.000148710e-02 -7.418165449e-03 5.093237385e-03
      vertex 1.000158861e-02 -8.030841127e-03 4.058793187e-03
    endloop
  endfacet
  facet normal 1.000000000e+00 1.904867095e-04 -1.457708095e-05
    outer loop
      vertex 1.000063308e-02 -2.664738102e-03 8.595726453e-03
      vertex 1.000083983e-02 -3.786662361e-03 8.163600229e-03
      vertex 1.000046171e-02 -2.075256081e-03 4.547975026e-03
    endloop
  endfacet
  facet normal 1.000000000e+00 1.904867095e-04 -1.457708095e-05
    outer loop
      vertex 1.000046171e-02 -2.075256081e-03 4.547975026e-03
      vertex 1.000083983e-02 -3.786662361e-03 8.163600229e-03
      vertex 1.000103261e-02 -4.840979818e-03 7.585792802e-03
    endloop
  endfacet
  facet normal 1.000000000e+00 1.904867095e-04 -1.457708095e-05
    outer loop
      vertex 1.000046171e-02 -2.075256081e-03 4.547975026e-03
      vertex 1.000103261e-02 -4.840979818e-03 7.585792802e-03
      vertex 1.000067778e-02 -3.272470320e-03 3.778540064e-03
    endloop
  endfacet
  facet normal 1.000000000e+00 1.904867095e-04 -1.457708095e-05
    outer loop
      vertex 1.000067778e-02 -3.272470320e-03 3.778540064e-03
      vertex 1.000103261e-02 -4.840979818e-03 7.585792802e-03
      vertex 1.000120677e-02 -5.808875896e-03 6.872613914e-03
    endloop
  endfacet
  facet normal 1.000000000e+00 1.904867095e-04 -1.457708095e-05
    outer loop
      vertex 1.000067778e-02 -3.272470320e-03 3.778540064e-03
      vertex 1.000120677e-02 -5.808875896e-03 6.872613914e-03
      vertex 1.000135858e-02 -6.673078518e-03 6.036790088e-03
    endloop
  endfacet
  facet normal 1.000000000e+00 1.904867095e-04 -1.457708095e-05
    outer loop
      vertex 9.999505244e-03 3.236415796e-03 8.398541249e-03
      vertex 9.999670088e-03 2.078893594e-03 4.548053723e-03
      vertex 9.999290109e-03 4.326990806e-03 7.892485708e-03
    endloop
  endfacet
  facet normal 1.000000000e+00 1.904867095e-04 -1.457708095e-05
    outer loop
      vertex 9.999290109e-03 4.326990806e-03 7.892485708e-03
      vertex 9.999670088e-03 2.078893594e-03 4.548053723e-03
      vertex 9.999430738e-03 3.276136937e-03 3.778664162e-03
    endloop
  endfacet
  facet normal 1.000000000e+00 1.904867095e-04 -1.457708095e-05
    outer loop
      vertex 9.999290109e-03 4.326990806e-03 7.892485708e-03
      vertex 9.999430738e-03 3.276136937e-03 3.778664162e-03
      vertex 9.999088012e-03 5.340385251e-03 7.245585788e-03
    endloop
  endfacet
  facet normal 1.000000000e+00 1.904867095e-04 -1.457708095e-05
    outer loop
      vertex 9.998472407e-03 8.287687786e-03 3.513514763e-03
      vertex 9.998591617e-03 7.745432202e-03 4.586550873e-03
      vertex 9.999237955e-03 4.208121449e-03 2.703137929e-03
    endloop
  endfacet
  facet normal 1.000000000e+00 1.904867095e-04 -1.457708095e-05
    outer loop
      vertex 9.999237955e-03 4.208121449e-03 2.703137929e-03
      vertex 9.998591617e-03 7.745432202e-03 4.586550873e-03
      vertex 9.998735040e-03 7.064993959e-03 5.577737000e-03
    endloop
  endfacet
  facet normal 1.000000000e+00 1.904867095e-04 -1.457708095e-05
    outer loop
      vertex 9.999237955e-03 4.208121449e-03 2.703137929e-03
      vertex 9.998735040e-03 7.064993959e-03 5.577737000e-03
      vertex 9.999430738e-03 3.276136937e-03 3.778664162e-03
    endloop
  endfacet
  facet normal 1.000000000e+00 1.904867095e-04 -1.457708095e-05
    outer loop
      vertex 9.999430738e-03 3.276136937e-03 3.778664162e-03
      vertex 9.998735040e-03 7.064993959e-03 5.577737000e-03
      vertex 9.998901747e-03 6.258513778e-03 6.469385698e-03
    endloop
  endfacet
  facet normal 1.000000000e+00 1.904867095e-04 -1.457708095e-05
    outer loop
      vertex 9.999430738e-03 3.276136937e-03 3.778664162e-03
      vertex 9.998901747e-03 6.258513778e-03 6.469385698e-03
      vertex 9.999088012e-03 5.340385251e-03 7.245585788e-03
    endloop
  endfacet
  facet normal -1.000000000e+00 -1.904867095e-04 1.457708095e-05
    outer loop
      vertex -9.998410940e-03 -8.034651168e-03 4.059084691e-03
      vertex -9.999158792e-03 -4.208223429e-03 2.703270176e-03
      vertex -9.999065660e-03 -4.799396265e-03 1.408717595e-03
    endloop
  endfacet
  facet normal -1.000000000e+00 -1.904867095e-04 1.457708095e-05
    outer loop
      vertex -9.999047033e-03 -5.001904443e-03 5.103449396e-08
      vertex -9.998293594e-03 -8.821594529e-03 1.792652532e-03
      vertex -9.999065660e-03 -4.799396265e-03 1.408717595e-03
    endloop
  endfacet
  facet normal -1.000000000e+00 -1.904867095e-04 1.457708095e-05
    outer loop
      vertex -9.999065660e-03 -4.799396265e-03 1.408717595e-03
      vertex -9.998293594e-03 -8.821594529e-03 1.792652532e-03
      vertex -9.998337366e-03 -8.503981866e-03 2.952208510e-03
    endloop
  endfacet
  facet normal -1.000000000e+00 -1.904867095e-04 1.457708095e-05
    outer loop
      vertex -9.999065660e-03 -4.799396265e-03 1.408717595e-03
      vertex -9.998337366e-03 -8.503981866e-03 2.952208510e-03
      vertex -9.998410940e-03 -8.034651168e-03 4.059084691e-03
    endloop
  endfacet
  facet normal -1.000000000e+00 -1.904867095e-04 1.457708095e-05
    outer loop
      vertex -9.999844246e-03 -1.498700934e-03 -8.874514140e-03
      vertex -9.999617003e-03 -2.668222180e-03 -8.595827036e-03
      vertex -9.999936447e-03 -7.133853505e-04 -4.948975053e-03
    endloop
  endfacet
  facet normal -1.000000000e+00 -1.904867095e-04 1.457708095e-05
    outer loop
      vertex -9.999936447e-03 -7.133853505e-04 -4.948975053e-03
      vertex -9.999617003e-03 -2.668222180e-03 -8.595827036e-03
      vertex -9.999670088e-03 -2.078893594e-03 -4.548053723e-03
    endloop
  endfacet
  facet normal -1.000000000e+00 -1.904867095e-04 1.457708095e-05
    outer loop
      vertex -9.999844246e-03 -1.498700934e-03 -8.874514140e-03
      vertex -9.999936447e-03 -7.133853505e-04 -4.948975053e-03
      vertex -1.000007335e-02 -3.024692996e-04 -8.994833566e-03
    endloop
  endfacet
  facet normal -1.000000000e+00 -1.904867095e-04 1.457708095e-05
    outer loop
      vertex -1.000007335e-02 -3.024692996e-04 -8.994833566e-03
      vertex -9.999936447e-03 -7.133853505e-04 -4.948975053e-03
      vertex -1.000020746e-02 7.097630878e-04 -4.948948044e-03
    endloop
  endfacet
  facet normal -1.000000000e+00 -1.904867095e-04 1.457708095e-05
    outer loop
      vertex -1.000007335e-02 -3.024692996e-04 -8.994833566e-03
      vertex -1.000020746e-02 7.097630878e-04 -4.948948044e-03
      vertex -1.000030152e-02 8.991259383e-04 -8.954637684e-03
    endloop
  endfacet
  facet normal -1.000000000e+00 -1.904867095e-04 1.457708095e-05
    outer loop
      vertex -9.999792092e-03 -7.135727792e-04 4.949239548e-03
      vertex -9.999537840e-03 -2.079065889e-03 4.548266530e-03
      vertex -9.999366477e-03 -2.668547677e-03 8.596017957e-03
    endloop
  endfacet
  facet normal -1.000000000e+00 -1.904867095e-04 1.457708095e-05
    outer loop
      vertex -9.999320842e-03 -3.276279895e-03 3.778831568e-03
      vertex -9.998966940e-03 -4.844789393e-03 7.586084306e-03
      vertex -9.999537840e-03 -2.079065889e-03 4.548266530e-03
    endloop
  endfacet
  facet normal -1.000000000e+00 -1.904867095e-04 1.457708095e-05
    outer loop
      vertex -9.999537840e-03 -2.079065889e-03 4.548266530e-03
      vertex -9.998966940e-03 -4.844789393e-03 7.586084306e-03
      vertex -9.999158792e-03 -3.790472168e-03 8.163891733e-03
    endloop
  endfacet
  facet normal -1.000000000e+00 -1.904867095e-04 1.457708095e-05
    outer loop
      vertex -9.999537840e-03 -2.079065889e-03 4.548266530e-03
      vertex -9.999158792e-03 -3.790472168e-03 8.163891733e-03
      vertex -9.999366477e-03 -2.668547677e-03 8.596017957e-03
    endloop
  endfacet
  facet normal -1.000000000e+00 -1.904867095e-04 1.457708095e-05
    outer loop
      vertex -9.998410940e-03 -8.034651168e-03 4.059084691e-03
      vertex -9.998512454e-03 -7.421975490e-03 5.093528889e-03
      vertex -9.999158792e-03 -4.208223429e-03 2.703270176e-03
    endloop
  endfacet
  facet normal -1.000000000e+00 -1.904867095e-04 1.457708095e-05
    outer loop
      vertex -9.999158792e-03 -4.208223429e-03 2.703270176e-03
      vertex -9.998512454e-03 -7.421975490e-03 5.093528889e-03
      vertex -9.998640046e-03 -6.676888093e-03 6.037081592e-03
    endloop
  endfacet
  facet normal -1.000000000e+00 -1.904867095e-04 1.457708095e-05
    outer loop
      vertex -9.999158792e-03 -4.208223429e-03 2.703270176e-03
      vertex -9.998640046e-03 -6.676888093e-03 6.037081592e-03
      vertex -9.999320842e-03 -3.276279895e-03 3.778831568e-03
    endloop
  endfacet
  facet normal -1.000000000e+00 -1.904867095e-04 1.457708095e-05
    outer loop
      vertex -9.999320842e-03 -3.276279895e-03 3.778831568e-03
      vertex -9.998640046e-03 -6.676888093e-03 6.037081592e-03
      vertex -9.998792782e-03 -5.812685471e-03 6.872905418e-03
    endloop
  endfacet
  facet normal -1.000000000e+00 -1.904867095e-04 1.457708095e-05
    outer loop
      vertex -9.999320842e-03 -3.276279895e-03 3.778831568e-03
      vertex -9.998792782e-03 -5.812685471e-03 6.872905418e-03
      vertex -9.998966940e-03 -4.844789393e-03 7.586084306e-03
    endloop
  endfacet
  facet normal -1.000000000e+00 -1.904867095e-04 1.457708095e-05
    outer loop
      vertex -9.998423047e-03 -8.503870107e-03 -2.952239010e-03
      vertex -9.998345748e-03 -8.821526542e-03 -1.792695257e-03
      vertex -9.999106638e-03 -4.799342714e-03 -1.408607815e-03
    endloop
  endfacet
  facet normal -1.000000000e+00 -1.904867095e-04 1.457708095e-05
    outer loop
      vertex -9.999106638e-03 -4.799342714e-03 -1.408607815e-03
      vertex -9.998345748e-03 -8.821526542e-03 -1.792695257e-03
      vertex -9.998298250e-03 -8.981795050e-03 -6.011578953e-04
    endloop
  endfacet
  facet normal -1.000000000e+00 -1.904867095e-04 1.457708095e-05
    outer loop
      vertex -9.999106638e-03 -4.799342714e-03 -1.408607815e-03
      vertex -9.998298250e-03 -8.981795050e-03 -6.011578953e-04
      vertex -9.999047033e-03 -5.001904443e-03 5.103449396e-08
    endloop
  endfacet
  facet normal -1.000000000e+00 -1.904867095e-04 1.457708095e-05
    outer loop
      vertex -9.999047033e-03 -5.001904443e-03 5.103449396e-08
      vertex -9.998298250e-03 -8.981795050e-03 -6.011578953e-04
      vertex -9.998280555e-03 -8.981817402e-03 6.011094665e-04
    endloop
  endfacet
  facet normal -1.000000000e+00 -1.904867095e-04 1.457708095e-05
    outer loop
      vertex -9.999047033e-03 -5.001904443e-03 5.103449396e-08
      vertex -9.998280555e-03 -8.981817402e-03 6.011094665e-04
      vertex -9.998293594e-03 -8.821594529e-03 1.792652532e-03
    endloop
  endfacet
  facet normal -1.000000000e+00 -1.904867095e-04 1.457708095e-05
    outer loop
      vertex -9.998423047e-03 -8.503870107e-03 -2.952239010e-03
      vertex -9.999106638e-03 -4.799342714e-03 -1.408607815e-03
      vertex -9.998529218e-03 -8.034497499e-03 -4.059097730e-03
    endloop
  endfacet
  facet normal -1.000000000e+00 -1.904867095e-04 1.457708095e-05
    outer loop
      vertex -9.998529218e-03 -8.034497499e-03 -4.059097730e-03
      vertex -9.999106638e-03 -4.799342714e-03 -1.408607815e-03
      vertex -9.999237955e-03 -4.208121449e-03 -2.703138161e-03
    endloop
  endfacet
  facet normal -1.000000000e+00 -1.904867095e-04 1.457708095e-05
    outer loop
      vertex -9.998529218e-03 -8.034497499e-03 -4.059097730e-03
      vertex -9.999237955e-03 -4.208121449e-03 -2.703138161e-03
      vertex -9.998643771e-03 -7.501810323e-03 -4.974933807e-03
    endloop
  endfacet
  facet normal -1.000000000e+00 -1.904867095e-04 1.457708095e-05
    outer loop
      vertex -9.999617003e-03 -2.668222180e-03 -8.595827036e-03
      vertex -9.999397211e-03 -3.790162969e-03 -8.163744584e-03
      vertex -9.999670088e-03 -2.078893594e-03 -4.548053723e-03
    endloop
  endfacet
  facet normal -1.000000000e+00 -1.904867095e-04 1.457708095e-05
    outer loop
      vertex -9.999670088e-03 -2.078893594e-03 -4.548053723e-03
      vertex -9.999397211e-03 -3.790162969e-03 -8.163744584e-03
      vertex -9.999187663e-03 -4.844502080e-03 -7.585976738e-03
    endloop
  endfacet
  facet normal -1.000000000e+00 -1.904867095e-04 1.457708095e-05
    outer loop
      vertex -9.999670088e-03 -2.078893594e-03 -4.548053723e-03
      vertex -9.999187663e-03 -4.844502080e-03 -7.585976738e-03
      vertex -9.999430738e-03 -3.276136937e-03 -3.778663930e-03
    endloop
  endfacet
  facet normal -1.000000000e+00 -1.904867095e-04 1.457708095e-05
    outer loop
      vertex -1.000095252e-02 4.998094868e-03 2.404549662e-07
      vertex -1.000171434e-02 8.998094127e-03 3.162231508e-07
      vertex -1.000171620e-02 8.917815052e-03 -1.199267921e-03
    endloop
  endfacet
  facet normal -1.000000000e+00 -1.904867095e-04 1.457708095e-05
    outer loop
      vertex -9.999187663e-03 -4.844502080e-03 -7.585976738e-03
      vertex -9.998993017e-03 -5.812425166e-03 -6.872833706e-03
      vertex -9.999430738e-03 -3.276136937e-03 -3.778663930e-03
    endloop
  endfacet
  facet normal -1.000000000e+00 -1.904867095e-04 1.457708095e-05
    outer loop
      vertex -9.999430738e-03 -3.276136937e-03 -3.778663930e-03
      vertex -9.998993017e-03 -5.812425166e-03 -6.872833706e-03
      vertex -9.998816065e-03 -6.676659454e-03 -6.037043408e-03
    endloop
  endfacet
  facet normal -1.000000000e+00 -1.904867095e-04 1.457708095e-05
    outer loop
      vertex -9.999430738e-03 -3.276136937e-03 -3.778663930e-03
      vertex -9.998816065e-03 -6.676659454e-03 -6.037043408e-03
      vertex -9.999237955e-03 -4.208121449e-03 -2.703138161e-03
    endloop
  endfacet
  facet normal -1.000000000e+00 -1.904867095e-04 1.457708095e-05
    outer loop
      vertex -9.999237955e-03 -4.208121449e-03 -2.703138161e-03
      vertex -9.998816065e-03 -6.676659454e-03 -6.037043408e-03
      vertex -9.998660535e-03 -7.421782240e-03 -5.093518645e-03
    endloop
  endfacet
  facet normal -1.000000000e+00 -1.904867095e-04 1.457708095e-05
    outer loop
      vertex -9.999237955e-03 -4.208121449e-03 -2.703138161e-03
      vertex -9.998660535e-03 -7.421782240e-03 -5.093518645e-03
      vertex -9.998643771e-03 -7.501810323e-03 -4.974933807e-03
    endloop
  endfacet
  facet normal -1.000000000e+00 -1.904867095e-04 1.457708095e-05
    outer loop
      vertex -1.000030152e-02 8.991259383e-04 -8.954637684e-03
      vertex -1.000020746e-02 7.097630878e-04 -4.948948044e-03
      vertex -1.000052504e-02 2.084642416e-03 -8.754642680e-03
    endloop
  endfacet
  facet normal -1.000000000e+00 -1.904867095e-04 1.457708095e-05
    outer loop
      vertex -1.000052504e-02 2.084642416e-03 -8.754642680e-03
      vertex -1.000020746e-02 7.097630878e-04 -4.948948044e-03
      vertex -1.000046171e-02 2.075256081e-03 -4.547975026e-03
    endloop
  endfacet
  facet normal -1.000000000e+00 -1.904867095e-04 1.457708095e-05
    outer loop
      vertex -1.000052504e-02 2.084642416e-03 -8.754642680e-03
      vertex -1.000046171e-02 2.075256081e-03 -4.547975026e-03
      vertex -1.000073832e-02 3.232924268e-03 -8.398418315e-03
    endloop
  endfacet
  facet normal -1.000000000e+00 -1.904867095e-04 1.457708095e-05
    outer loop
      vertex -1.000095252e-02 4.998094868e-03 2.404549662e-07
      vertex -1.000171620e-02 8.917815052e-03 -1.199267921e-03
      vertex -1.000093389e-02 4.795586225e-03 -1.408425975e-03
    endloop
  endfacet
  facet normal -1.000000000e+00 -1.904867095e-04 1.457708095e-05
    outer loop
      vertex -1.000067871e-02 3.272470320e-03 -3.778540064e-03
      vertex -1.000084076e-02 4.204413854e-03 -2.702978905e-03
      vertex -1.000142656e-02 7.061395328e-03 -5.577469710e-03
    endloop
  endfacet
  facet normal -1.000000000e+00 -1.904867095e-04 1.457708095e-05
    outer loop
      vertex -1.000171620e-02 8.917815052e-03 -1.199267921e-03
      vertex -1.000168826e-02 8.678362705e-03 -2.377448604e-03
      vertex -1.000093389e-02 4.795586225e-03 -1.408425975e-03
    endloop
  endfacet
  facet normal -1.000000000e+00 -1.904867095e-04 1.457708095e-05
    outer loop
      vertex -1.000093389e-02 4.795586225e-03 -1.408425975e-03
      vertex -1.000168826e-02 8.678362705e-03 -2.377448604e-03
      vertex -1.000162959e-02 8.284010924e-03 -3.513200674e-03
    endloop
  endfacet
  facet normal -1.000000000e+00 -1.904867095e-04 1.457708095e-05
    outer loop
      vertex -1.000093389e-02 4.795586225e-03 -1.408425975e-03
      vertex -1.000162959e-02 8.284010924e-03 -3.513200674e-03
      vertex -1.000084076e-02 4.204413854e-03 -2.702978905e-03
    endloop
  endfacet
  facet normal -1.000000000e+00 -1.904867095e-04 1.457708095e-05
    outer loop
      vertex -1.000084076e-02 4.204413854e-03 -2.702978905e-03
      vertex -1.000162959e-02 8.284010924e-03 -3.513200674e-03
      vertex -1.000154205e-02 7.741796318e-03 -4.586257506e-03
    endloop
  endfacet
  facet normal -1.000000000e+00 -1.904867095e-04 1.457708095e-05
    outer loop
      vertex -1.000084076e-02 4.204413854e-03 -2.702978905e-03
      vertex -1.000154205e-02 7.741796318e-03 -4.586257506e-03
      vertex -1.000142656e-02 7.061395328e-03 -5.577469710e-03
    endloop
  endfacet
  facet normal -1.000000000e+00 -1.904867095e-04 1.457708095e-05
    outer loop
      vertex -1.000171434e-02 8.998094127e-03 3.162231508e-07
      vertex -1.000095252e-02 4.998094868e-03 2.404549662e-07
      vertex -1.000168175e-02 8.917769417e-03 1.199897262e-03
    endloop
  endfacet
  facet normal -1.000000000e+00 -1.904867095e-04 1.457708095e-05
    outer loop
      vertex -1.000168175e-02 8.917769417e-03 1.199897262e-03
      vertex -1.000095252e-02 4.998094868e-03 2.404549662e-07
      vertex -1.000089291e-02 4.795533139e-03 1.408899436e-03
    endloop
  endfacet
  facet normal -1.000000000e+00 -1.904867095e-04 1.457708095e-05
    outer loop
      vertex -1.000168175e-02 8.917769417e-03 1.199897262e-03
      vertex -1.000089291e-02 4.795533139e-03 1.408899436e-03
      vertex -1.000161842e-02 8.678272367e-03 2.378068864e-03
    endloop
  endfacet
  facet normal -1.000000000e+00 -1.904867095e-04 1.457708095e-05
    outer loop
      vertex -1.000161842e-02 8.678272367e-03 2.378068864e-03
      vertex -1.000089291e-02 4.795533139e-03 1.408899436e-03
      vertex -1.000152715e-02 8.283877745e-03 3.513806267e-03
    endloop
  endfacet
  facet normal -1.000000000e+00 -1.904867095e-04 1.457708095e-05
    outer loop
      vertex -1.000152715e-02 8.283877745e-03 3.513806267e-03
      vertex -1.000089291e-02 4.795533139e-03 1.408899436e-03
      vertex -1.000076160e-02 4.204311408e-03 2.703429433e-03
    endloop
  endfacet
  facet normal -1.000000000e+00 -1.904867095e-04 1.457708095e-05
    outer loop
      vertex -1.000152715e-02 8.283877745e-03 3.513806267e-03
      vertex -1.000076160e-02 4.204311408e-03 2.703429433e-03
      vertex -1.000140794e-02 7.741622161e-03 4.586842377e-03
    endloop
  endfacet
  facet normal -1.000000000e+00 -1.904867095e-04 1.457708095e-05
    outer loop
      vertex -1.000142656e-02 7.061395328e-03 -5.577469710e-03
      vertex -1.000128593e-02 6.254949141e-03 -6.469149143e-03
      vertex -1.000067871e-02 3.272470320e-03 -3.778540064e-03
    endloop
  endfacet
  facet normal -1.000000000e+00 -1.904867095e-04 1.457708095e-05
    outer loop
      vertex -1.000067871e-02 3.272470320e-03 -3.778540064e-03
      vertex -1.000128593e-02 6.254949141e-03 -6.469149143e-03
      vertex -1.000112202e-02 5.336849950e-03 -7.245383691e-03
    endloop
  endfacet
  facet normal -1.000000000e+00 -1.904867095e-04 1.457708095e-05
    outer loop
      vertex -1.000067871e-02 3.272470320e-03 -3.778540064e-03
      vertex -1.000112202e-02 5.336849950e-03 -7.245383691e-03
      vertex -1.000046171e-02 2.075256081e-03 -4.547975026e-03
    endloop
  endfacet
  facet normal -1.000000000e+00 -1.904867095e-04 1.457708095e-05
    outer loop
      vertex -1.000046171e-02 2.075256081e-03 -4.547975026e-03
      vertex -1.000112202e-02 5.336849950e-03 -7.245383691e-03
      vertex -1.000093855e-02 4.323480185e-03 -7.892321795e-03
    endloop
  endfacet
  facet normal -1.000000000e+00 -1.904867095e-04 1.457708095e-05
    outer loop
      vertex -1.000046171e-02 2.075256081e-03 -4.547975026e-03
      vertex -1.000093855e-02 4.323480185e-03 -7.892321795e-03
      vertex -1.000073832e-02 3.232924268e-03 -8.398418315e-03
    endloop
  endfacet
  facet normal -1.000000000e+00 -1.904867095e-04 1.457708095e-05
    outer loop
      vertex -1.000140794e-02 7.741622161e-03 4.586842377e-03
      vertex -1.000076160e-02 4.204311408e-03 2.703429433e-03
      vertex -1.000126358e-02 7.061183918e-03 5.578028504e-03
    endloop
  endfacet
  facet normal -1.000000000e+00 -1.904867095e-04 1.457708095e-05
    outer loop
      vertex -1.000126358e-02 7.061183918e-03 5.578028504e-03
      vertex -1.000076160e-02 4.204311408e-03 2.703429433e-03
      vertex -1.000056881e-02 3.272327129e-03 3.778955666e-03
    endloop
  endfacet
  facet normal -1.000000000e+00 -1.904867095e-04 1.457708095e-05
    outer loop
      vertex -1.000126358e-02 7.061183918e-03 5.578028504e-03
      vertex -1.000056881e-02 3.272327129e-03 3.778955666e-03
      vertex -1.000109687e-02 6.254704203e-03 6.469677202e-03
    endloop
  endfacet
  facet normal -1.000000000e+00 -1.904867095e-04 1.457708095e-05
    outer loop
      vertex -1.000032946e-02 2.075084019e-03 4.548345227e-03
      vertex -1.000006311e-02 7.095756009e-04 4.949266557e-03
      vertex -1.000026986e-02 2.084310632e-03 8.755013347e-03
    endloop
  endfacet
  facet normal -1.000000000e+00 -1.904867095e-04 1.457708095e-05
    outer loop
      vertex -9.999366477e-03 -2.668547677e-03 8.596017957e-03
      vertex -9.999585338e-03 -1.499037025e-03 8.874749765e-03
      vertex -9.999792092e-03 -7.135727792e-04 4.949239548e-03
    endloop
  endfacet
  facet normal -1.000000000e+00 -1.904867095e-04 1.457708095e-05
    outer loop
      vertex -9.999792092e-03 -7.135727792e-04 4.949239548e-03
      vertex -9.999585338e-03 -1.499037025e-03 8.874749765e-03
      vertex -9.999811649e-03 -3.028100182e-04 8.995113894e-03
    endloop
  endfacet
  facet normal -1.000000000e+00 -1.904867095e-04 1.457708095e-05
    outer loop
      vertex -9.999792092e-03 -7.135727792e-04 4.949239548e-03
      vertex -9.999811649e-03 -3.028100182e-04 8.995113894e-03
      vertex -1.000006311e-02 7.095756009e-04 4.949266557e-03
    endloop
  endfacet
  facet normal -1.000000000e+00 -1.904867095e-04 1.457708095e-05
    outer loop
      vertex -1.000006311e-02 7.095756009e-04 4.949266557e-03
      vertex -9.999811649e-03 -3.028100182e-04 8.995113894e-03
      vertex -1.000004075e-02 8.987867623e-04 8.954962716e-03
    endloop
  endfacet
  facet normal -1.000000000e+00 -1.904867095e-04 1.457708095e-05
    outer loop
      vertex -1.000006311e-02 7.095756009e-04 4.949266557e-03
      vertex -1.000004075e-02 8.987867623e-04 8.954962716e-03
      vertex -1.000026986e-02 2.084310632e-03 8.755013347e-03
    endloop
  endfacet
  facet normal -1.000000000e+00 -1.904867095e-04 1.457708095e-05
    outer loop
      vertex -1.000026986e-02 2.084310632e-03 8.755013347e-03
      vertex -1.000049338e-02 3.232605988e-03 8.398832753e-03
      vertex -1.000032946e-02 2.075084019e-03 4.548345227e-03
    endloop
  endfacet
  facet normal -1.000000000e+00 -1.904867095e-04 1.457708095e-05
    outer loop
      vertex -1.000032946e-02 2.075084019e-03 4.548345227e-03
      vertex -1.000049338e-02 3.232605988e-03 8.398832753e-03
      vertex -1.000070851e-02 4.323181231e-03 7.892777212e-03
    endloop
  endfacet
  facet normal -1.000000000e+00 -1.904867095e-04 1.457708095e-05
    outer loop
      vertex -1.000032946e-02 2.075084019e-03 4.548345227e-03
      vertex -1.000070851e-02 4.323181231e-03 7.892777212e-03
      vertex -1.000056881e-02 3.272327129e-03 3.778955666e-03
    endloop
  endfacet
  facet normal -1.000000000e+00 -1.904867095e-04 1.457708095e-05
    outer loop
      vertex -1.000056881e-02 3.272327129e-03 3.778955666e-03
      vertex -1.000070851e-02 4.323181231e-03 7.892777212e-03
      vertex -1.000091154e-02 5.336575210e-03 7.245877292e-03
    endloop
  endfacet
  facet normal -1.000000000e+00 -1.904867095e-04 1.457708095e-05
    outer loop
      vertex -1.000056881e-02 3.272327129e-03 3.778955666e-03
      vertex -1.000091154e-02 5.336575210e-03 7.245877292e-03
      vertex -1.000109687e-02 6.254704203e-03 6.469677202e-03
    endloop
  endfacet
  facet normal -9.914466739e-01 -1.863849757e-04 -1.305122077e-01
    outer loop
      vertex 5.998095963e-03 1.000114251e-02 1.019319029e-07
      vertex 6.001905538e-03 -9.998857044e-03 -2.769090486e-07
      vertex 5.793672521e-03 1.000107452e-02 1.553019159e-03
    endloop
  endfacet
  facet normal -9.914466739e-01 -1.863849757e-04 -1.305122077e-01
    outer loop
      vertex 5.793672521e-03 1.000107452e-02 1.553019159e-03
      vertex 6.001905538e-03 -9.998857044e-03 -2.769090486e-07
      vertex 5.797482561e-03 -9.998925030e-03 1.552640344e-03
    endloop
  endfacet
  facet normal -9.238849878e-01 -1.687390031e-04 -3.826701641e-01
    outer loop
      vertex 5.793672521e-03 1.000107452e-02 1.553019159e-03
      vertex 5.797482561e-03 -9.998925030e-03 1.552640344e-03
      vertex 5.194291007e-03 1.000093296e-02 3.000113647e-03
    endloop
  endfacet
  facet normal -9.238849878e-01 -1.687390031e-04 -3.826701641e-01
    outer loop
      vertex 5.194291007e-03 1.000093296e-02 3.000113647e-03
      vertex 5.797482561e-03 -9.998925030e-03 1.552640344e-03
      vertex 5.198100582e-03 -9.999066591e-03 2.999734832e-03
    endloop
  endfacet
  facet normal -7.933623195e-01 -1.395938016e-04 -6.087496877e-01
    outer loop
      vertex 5.194291007e-03 1.000093296e-02 3.000113647e-03
      vertex 5.198100582e-03 -9.999066591e-03 2.999734832e-03
      vertex 4.240797833e-03 1.000072714e-02 4.242768046e-03
    endloop
  endfacet
  facet normal -7.933623195e-01 -1.395938016e-04 -6.087496877e-01
    outer loop
      vertex 4.240797833e-03 1.000072714e-02 4.242768046e-03
      vertex 5.198100582e-03 -9.999066591e-03 2.999734832e-03
      vertex 4.244607408e-03 -9.999271482e-03 4.242389463e-03
    endloop
  endfacet
  facet normal -6.087731123e-01 -1.009354455e-04 -7.933443785e-01
    outer loop
      vertex 4.240797833e-03 1.000072714e-02 4.242768046e-03
      vertex 4.244607408e-03 -9.999271482e-03 4.242389463e-03
      vertex 2.998171141e-03 1.000047289e-02 5.196298007e-03
    endloop
  endfacet
  facet normal -6.087731123e-01 -1.009354455e-04 -7.933443785e-01
    outer loop
      vertex 2.998171141e-03 1.000047289e-02 5.196298007e-03
      vertex 4.244607408e-03 -9.999271482e-03 4.242389463e-03
      vertex 3.001980949e-03 -9.999526665e-03 5.195919424e-03
    endloop
  endfacet
  facet normal -3.826967478e-01 -5.539847189e-05 -9.238740206e-01
    outer loop
      vertex 2.998171141e-03 1.000047289e-02 5.196298007e-03
      vertex 3.001980949e-03 -9.999526665e-03 5.195919424e-03
      vertex 1.551093650e-03 1.000018604e-02 5.795721896e-03
    endloop
  endfacet
  facet normal -3.826967478e-01 -5.539847189e-05 -9.238740206e-01
    outer loop
      vertex 1.551093650e-03 1.000018604e-02 5.795721896e-03
      vertex 3.001980949e-03 -9.999526665e-03 5.195919424e-03
      vertex 1.554903341e-03 -9.999813512e-03 5.795342848e-03
    endloop
  endfacet
  facet normal -1.305406839e-01 -6.086268058e-06 -9.914429784e-01
    outer loop
      vertex 1.551093650e-03 1.000018604e-02 5.795721896e-03
      vertex 1.554903341e-03 -9.999813512e-03 5.795342848e-03
      vertex -1.817603675e-06 9.999886155e-03 6.000189576e-03
    endloop
  endfacet
  facet normal -1.305406839e-01 -6.086268058e-06 -9.914429784e-01
    outer loop
      vertex -1.817603675e-06 9.999886155e-03 6.000189576e-03
      vertex 1.554903341e-03 -9.999813512e-03 5.795342848e-03
      vertex 1.992124908e-06 -1.000011340e-02 5.999810528e-03
    endloop
  endfacet
  facet normal 1.305117607e-01 4.364075357e-05 -9.914467335e-01
    outer loop
      vertex -1.817603675e-06 9.999886155e-03 6.000189576e-03
      vertex 1.992124908e-06 -1.000011340e-02 5.999810528e-03
      vertex -1.554734772e-03 9.999593720e-03 5.795767065e-03
    endloop
  endfacet
  facet normal 1.305117607e-01 4.364075357e-05 -9.914467335e-01
    outer loop
      vertex -1.554734772e-03 9.999593720e-03 5.795767065e-03
      vertex 1.992124908e-06 -1.000011340e-02 5.999810528e-03
      vertex -1.550925081e-03 -1.000040490e-02 5.795388017e-03
    endloop
  endfacet
  facet normal 3.826700151e-01 9.039372526e-05 -9.238851070e-01
    outer loop
      vertex -1.554734772e-03 9.999593720e-03 5.795767065e-03
      vertex -1.550925081e-03 -1.000040490e-02 5.795388017e-03
      vertex -3.001828911e-03 9.999330156e-03 5.196385551e-03
    endloop
  endfacet
  facet normal 3.826700151e-01 9.039372526e-05 -9.238851070e-01
    outer loop
      vertex -3.001828911e-03 9.999330156e-03 5.196385551e-03
      vertex -1.550925081e-03 -1.000040490e-02 5.795388017e-03
      vertex -2.998019103e-03 -1.000066940e-02 5.196006969e-03
    endloop
  endfacet
  facet normal 6.087498069e-01 1.309864892e-04 -7.933622599e-01
    outer loop
      vertex -3.001828911e-03 9.999330156e-03 5.196385551e-03
      vertex -2.998019103e-03 -1.000066940e-02 5.196006969e-03
      vertex -4.244483542e-03 9.999111295e-03 4.242891911e-03
    endloop
  endfacet
  facet normal 6.087498069e-01 1.309864892e-04 -7.933622599e-01
    outer loop
      vertex -4.244483542e-03 9.999111295e-03 4.242891911e-03
      vertex -2.998019103e-03 -1.000066940e-02 5.196006969e-03
      vertex -4.240673967e-03 -1.000088826e-02 4.242512863e-03
    endloop
  endfacet
  facet normal 7.933444381e-01 1.626527664e-04 -6.087730527e-01
    outer loop
      vertex -4.244483542e-03 9.999111295e-03 4.242891911e-03
      vertex -4.240673967e-03 -1.000088826e-02 4.242512863e-03
      vertex -5.198013503e-03 9.998952970e-03 3.000265220e-03
    endloop
  endfacet
  facet normal 7.933444381e-01 1.626527664e-04 -6.087730527e-01
    outer loop
      vertex -5.198013503e-03 9.998952970e-03 3.000265220e-03
      vertex -4.240673967e-03 -1.000088826e-02 4.242512863e-03
      vertex -5.194203928e-03 -1.000104658e-02 2.999886405e-03
    endloop
  endfacet
  facet normal 9.238739610e-01 1.832345151e-04 -3.826968670e-01
    outer loop
      vertex -5.198013503e-03 9.998952970e-03 3.000265220e-03
      vertex -5.194203928e-03 -1.000104658e-02 2.999886405e-03
      vertex -5.797436927e-03 9.998866357e-03 1.553188195e-03
    endloop
  endfacet
  facet normal 9.238739610e-01 1.832345151e-04 -3.826968670e-01
    outer loop
      vertex -5.797436927e-03 9.998866357e-03 1.553188195e-03
      vertex -5.194203928e-03 -1.000104658e-02 2.999886405e-03
      vertex -5.793627352e-03 -1.000113320e-02 1.552809263e-03
    endloop
  endfacet
  facet normal 9.914429784e-01 1.913291344e-04 -1.305405349e-01
    outer loop
      vertex -5.797436927e-03 9.998866357e-03 1.553188195e-03
      vertex -5.793627352e-03 -1.000113320e-02 1.552809263e-03
      vertex -6.001904607e-03 9.998857044e-03 2.768568947e-07
    endloop
  endfacet
  facet normal 9.914429784e-01 1.913291344e-04 -1.305405349e-01
    outer loop
      vertex -6.001904607e-03 9.998857044e-03 2.768568947e-07
      vertex -5.793627352e-03 -1.000113320e-02 1.552809263e-03
      vertex -5.998095032e-03 -1.000114251e-02 -1.019840710e-07
    endloop
  endfacet
  facet normal 9.914467335e-01 1.863850048e-04 1.305116266e-01
    outer loop
      vertex -6.001904607e-03 9.998857044e-03 2.768568947e-07
      vertex -5.998095032e-03 -1.000114251e-02 -1.019840710e-07
      vertex -5.797482561e-03 9.998925030e-03 -1.552640344e-03
    endloop
  endfacet
  facet normal 9.914467335e-01 1.863850048e-04 1.305116266e-01
    outer loop
      vertex -5.797482561e-03 9.998925030e-03 -1.552640344e-03
      vertex -5.998095032e-03 -1.000114251e-02 -1.019840710e-07
      vertex -5.793672521e-03 -1.000107452e-02 -1.553019276e-03
    endloop
  endfacet
  facet normal 9.238851070e-01 1.687390322e-04 3.826699257e-01
    outer loop
      vertex -5.797482561e-03 9.998925030e-03 -1.552640344e-03
      vertex -5.793672521e-03 -1.000107452e-02 -1.553019276e-03
      vertex -5.198101047e-03 9.999066591e-03 -2.999734832e-03
    endloop
  endfacet
  facet normal 9.238851070e-01 1.687390322e-04 3.826699257e-01
    outer loop
      vertex -5.198101047e-03 9.999066591e-03 -2.999734832e-03
      vertex -5.793672521e-03 -1.000107452e-02 -1.553019276e-03
      vertex -5.194291472e-03 -1.000093296e-02 -3.000113647e-03
    endloop
  endfacet
  facet normal 7.933621407e-01 1.395937579e-04 6.087499857e-01
    outer loop
      vertex -5.198101047e-03 9.999066591e-03 -2.999734832e-03
      vertex -5.194291472e-03 -1.000093296e-02 -3.000113647e-03
      vertex -4.244607408e-03 9.999271482e-03 -4.242388997e-03
    endloop
  endfacet
  facet normal 7.933621407e-01 1.395937579e-04 6.087499857e-01
    outer loop
      vertex -4.244607408e-03 9.999271482e-03 -4.242388997e-03
      vertex -5.194291472e-03 -1.000093296e-02 -3.000113647e-03
      vertex -4.240797367e-03 -1.000072714e-02 -4.242768046e-03
    endloop
  endfacet
  facet normal 6.087731123e-01 1.009354601e-04 7.933443785e-01
    outer loop
      vertex -4.244607408e-03 9.999271482e-03 -4.242388997e-03
      vertex -4.240797367e-03 -1.000072714e-02 -4.242768046e-03
      vertex -3.001980251e-03 9.999526665e-03 -5.195919424e-03
    endloop
  endfacet
  facet normal 6.087731123e-01 1.009354601e-04 7.933443785e-01
    outer loop
      vertex -3.001980251e-03 9.999526665e-03 -5.195919424e-03
      vertex -4.240797367e-03 -1.000072714e-02 -4.242768046e-03
      vertex -2.998170676e-03 -1.000047289e-02 -5.196298473e-03
    endloop
  endfacet
  facet normal 3.826967180e-01 5.539846461e-05 9.238740206e-01
    outer loop
      vertex -3.001980251e-03 9.999526665e-03 -5.195919424e-03
      vertex -2.998170676e-03 -1.000047289e-02 -5.196298473e-03
      vertex -1.554903807e-03 9.999813512e-03 -5.795342848e-03
    endloop
  endfacet
  facet normal 3.826967180e-01 5.539846461e-05 9.238740206e-01
    outer loop
      vertex -1.554903807e-03 9.999813512e-03 -5.795342848e-03
      vertex -2.998170676e-03 -1.000047289e-02 -5.196298473e-03
      vertex -1.551094116e-03 -1.000018604e-02 -5.795721430e-03
    endloop
  endfacet
  facet normal 1.305405349e-01 6.086239864e-06 9.914429784e-01
    outer loop
      vertex -1.554903807e-03 9.999813512e-03 -5.795342848e-03
      vertex -1.551094116e-03 -1.000018604e-02 -5.795721430e-03
      vertex -1.992571924e-06 1.000011340e-02 -5.999810062e-03
    endloop
  endfacet
  facet normal 1.305405349e-01 6.086239864e-06 9.914429784e-01
    outer loop
      vertex -1.992571924e-06 1.000011340e-02 -5.999810062e-03
      vertex -1.551094116e-03 -1.000018604e-02 -5.795721430e-03
      vertex 1.817156658e-06 -9.999886155e-03 -6.000189111e-03
    endloop
  endfacet
  facet normal -1.305116266e-01 -4.364072811e-05 9.914467931e-01
    outer loop
      vertex -1.992571924e-06 1.000011340e-02 -5.999810062e-03
      vertex 1.817156658e-06 -9.999886155e-03 -6.000189111e-03
      vertex 1.550924615e-03 1.000040490e-02 -5.795388017e-03
    endloop
  endfacet
  facet normal -1.305116266e-01 -4.364072811e-05 9.914467931e-01
    outer loop
      vertex 1.550924615e-03 1.000040490e-02 -5.795388017e-03
      vertex 1.817156658e-06 -9.999886155e-03 -6.000189111e-03
      vertex 1.554734423e-03 -9.999593720e-03 -5.795766599e-03
    endloop
  endfacet
  facet normal -3.826695681e-01 -9.039363795e-05 9.238852859e-01
    outer loop
      vertex 1.550924615e-03 1.000040490e-02 -5.795388017e-03
      vertex 1.554734423e-03 -9.999593720e-03 -5.795766599e-03
      vertex 2.998019569e-03 1.000066940e-02 -5.196006969e-03
    endloop
  endfacet
  facet normal -3.826695681e-01 -9.039363795e-05 9.238852859e-01
    outer loop
      vertex 2.998019569e-03 1.000066940e-02 -5.196006969e-03
      vertex 1.554734423e-03 -9.999593720e-03 -5.795766599e-03
      vertex 3.001829376e-03 -9.999330156e-03 -5.196386017e-03
    endloop
  endfacet
  facet normal -6.087501645e-01 -1.309865474e-04 7.933619618e-01
    outer loop
      vertex 2.998019569e-03 1.000066940e-02 -5.196006969e-03
      vertex 3.001829376e-03 -9.999330156e-03 -5.196386017e-03
      vertex 4.240673967e-03 1.000088826e-02 -4.242512863e-03
    endloop
  endfacet
  facet normal -6.087501645e-01 -1.309865474e-04 7.933619618e-01
    outer loop
      vertex 4.240673967e-03 1.000088826e-02 -4.242512863e-03
      vertex 3.001829376e-03 -9.999330156e-03 -5.196386017e-03
      vertex 4.244483542e-03 -9.999111295e-03 -4.242891911e-03
    endloop
  endfacet
  facet normal -7.933444977e-01 -1.626527810e-04 6.087729335e-01
    outer loop
      vertex 4.240673967e-03 1.000088826e-02 -4.242512863e-03
      vertex 4.244483542e-03 -9.999111295e-03 -4.242891911e-03
      vertex 5.194203462e-03 1.000104658e-02 -2.999886405e-03
    endloop
  endfacet
  facet normal -7.933444977e-01 -1.626527810e-04 6.087729335e-01
    outer loop
      vertex 5.194203462e-03 1.000104658e-02 -2.999886405e-03
      vertex 4.244483542e-03 -9.999111295e-03 -4.242891911e-03
      vertex 5.198013037e-03 -9.998952970e-03 -3.000265220e-03
    endloop
  endfacet
  facet normal -9.238738418e-01 -1.832345006e-04 3.826971054e-01
    outer loop
      vertex 5.194203462e-03 1.000104658e-02 -2.999886405e-03
      vertex 5.198013037e-03 -9.998952970e-03 -3.000265220e-03
      vertex 5.793627352e-03 1.000113320e-02 -1.552809379e-03
    endloop
  endfacet
  facet normal -9.238738418e-01 -1.832345006e-04 3.826971054e-01
    outer loop
      vertex 5.793627352e-03 1.000113320e-02 -1.552809379e-03
      vertex 5.198013037e-03 -9.998952970e-03 -3.000265220e-03
      vertex 5.797436927e-03 -9.998866357e-03 -1.553188195e-03
    endloop
  endfacet
  facet normal -9.914428592e-01 -1.913291344e-04 1.305411160e-01
    outer loop
      vertex 5.793627352e-03 1.000113320e-02 -1.552809379e-03
      vertex 5.797436927e-03 -9.998866357e-03 -1.553188195e-03
      vertex 5.998095963e-03 1.000114251e-02 1.019319029e-07
    endloop
  endfacet
  facet normal -9.914428592e-01 -1.913291344e-04 1.305411160e-01
    outer loop
      vertex 5.998095963e-03 1.000114251e-02 1.019319029e-07
      vertex 5.797436927e-03 -9.998866357e-03 -1.553188195e-03
      vertex 6.001905538e-03 -9.998857044e-03 -2.769090486e-07
    endloop
  endfacet
  facet normal -1.628035534e-04 8.097703457e-01 -5.867469311e-01
    outer loop
      vertex -7.002001628e-03 9.998791851e-03 -6.632958073e-03
      vertex 6.997999270e-03 1.000145823e-02 -6.633162033e-03
      vertex -7.001901977e-03 9.416399524e-03 -7.436718326e-03
    endloop
  endfacet
  facet normal -1.628035534e-04 8.097703457e-01 -5.867469311e-01
    outer loop
      vertex -7.001901977e-03 9.416399524e-03 -7.436718326e-03
      vertex 6.997999270e-03 1.000145823e-02 -6.633162033e-03
      vertex 6.998098455e-03 9.419066831e-03 -7.436922286e-03
    endloop
  endfacet
  facet normal -1.532108290e-04 7.540491223e-01 -6.568180323e-01
    outer loop
      vertex -7.001901977e-03 9.416399524e-03 -7.436718326e-03
      vertex 6.998098455e-03 9.419066831e-03 -7.436922286e-03
      vertex -7.001770195e-03 8.657102473e-03 -8.308417164e-03
    endloop
  endfacet
  facet normal -1.532108290e-04 7.540491223e-01 -6.568180323e-01
    outer loop
      vertex -7.001770195e-03 8.657102473e-03 -8.308417164e-03
      vertex 6.998098455e-03 9.419066831e-03 -7.436922286e-03
      vertex 6.998230238e-03 8.659769781e-03 -8.308621123e-03
    endloop
  endfacet
  facet normal -1.452459401e-04 7.084937692e-01 -7.057170272e-01
    outer loop
      vertex -7.001770195e-03 8.657102473e-03 -8.308417164e-03
      vertex 6.998230238e-03 8.659769781e-03 -8.308621123e-03
      vertex -7.001714781e-03 8.341139182e-03 -8.625623770e-03
    endloop
  endfacet
  facet normal -1.452459401e-04 7.084937692e-01 -7.057170272e-01
    outer loop
      vertex -7.001714781e-03 8.341139182e-03 -8.625623770e-03
      vertex 6.998230238e-03 8.659769781e-03 -8.308621123e-03
      vertex 6.998286117e-03 8.343805559e-03 -8.625827730e-03
    endloop
  endfacet
  facet normal -1.341179450e-04 6.456423998e-01 -7.636398673e-01
    outer loop
      vertex -7.001714781e-03 8.341139182e-03 -8.625623770e-03
      vertex 6.998286117e-03 8.343805559e-03 -8.625827730e-03
      vertex -7.001496851e-03 7.117006462e-03 -9.660603479e-03
    endloop
  endfacet
  facet normal -1.341179450e-04 6.456423998e-01 -7.636398673e-01
    outer loop
      vertex -7.001496851e-03 7.117006462e-03 -9.660603479e-03
      vertex 6.998286117e-03 8.343805559e-03 -8.625827730e-03
      vertex 6.998504046e-03 7.119673304e-03 -9.660807438e-03
    endloop
  endfacet
  facet normal -1.241424034e-04 5.899202228e-01 -8.074615002e-01
    outer loop
      vertex -7.001496851e-03 7.117006462e-03 -9.660603479e-03
      vertex 6.998504046e-03 7.119673304e-03 -9.660807438e-03
      vertex -7.001482416e-03 7.038385142e-03 -9.718043730e-03
    endloop
  endfacet
  facet normal -1.241424034e-04 5.899202228e-01 -8.074615002e-01
    outer loop
      vertex -7.001482416e-03 7.038385142e-03 -9.718043730e-03
      vertex 6.998504046e-03 7.119673304e-03 -9.660807438e-03
      vertex 6.998518016e-03 7.041051518e-03 -9.718247689e-03
    endloop
  endfacet
  facet normal -1.141668617e-04 5.346744657e-01 -8.450580835e-01
    outer loop
      vertex -7.001482416e-03 7.038385142e-03 -9.718043730e-03
      vertex 6.998518016e-03 7.041051518e-03 -9.718247689e-03
      vertex -7.001251914e-03 5.765846930e-03 -1.052318793e-02
    endloop
  endfacet
  facet normal -1.141668617e-04 5.346744657e-01 -8.450580835e-01
    outer loop
      vertex -7.001251914e-03 5.765846930e-03 -1.052318793e-02
      vertex 6.998518016e-03 7.041051518e-03 -9.718247689e-03
      vertex 6.998748984e-03 5.768513773e-03 -1.052339189e-02
    endloop
  endfacet
  facet normal -1.000097691e-04 4.569536448e-01 -8.894904852e-01
    outer loop
      vertex -7.001251914e-03 5.765846930e-03 -1.052318793e-02
      vertex 6.998748984e-03 5.768513773e-03 -1.052339189e-02
      vertex -7.001147140e-03 5.194431171e-03 -1.081673801e-02
    endloop
  endfacet
  facet normal -1.000097691e-04 4.569536448e-01 -8.894904852e-01
    outer loop
      vertex -7.001147140e-03 5.194431171e-03 -1.081673801e-02
      vertex 6.998748984e-03 5.768513773e-03 -1.052339189e-02
      vertex 6.998853292e-03 5.197098013e-03 -1.081694197e-02
    endloop
  endfacet
  facet normal -8.891410107e-05 3.965209424e-01 -9.180256724e-01
    outer loop
      vertex -7.001147140e-03 5.194431171e-03 -1.081673801e-02
      vertex 6.998853292e-03 5.197098013e-03 -1.081694197e-02
      vertex -7.000984624e-03 4.311772063e-03 -1.119798329e-02
    endloop
  endfacet
  facet normal -8.891410107e-05 3.965209424e-01 -9.180256724e-01
    outer loop
      vertex -7.000984624e-03 4.311772063e-03 -1.119798329e-02
      vertex 6.998853292e-03 5.197098013e-03 -1.081694197e-02
      vertex 6.999015808e-03 4.314438906e-03 -1.119818725e-02
    endloop
  endfacet
  facet normal -7.343505422e-05 3.128281236e-01 -9.498097301e-01
    outer loop
      vertex -7.000984624e-03 4.311772063e-03 -1.119798329e-02
      vertex 6.999015808e-03 4.314438906e-03 -1.119818725e-02
      vertex -7.000775076e-03 3.184238682e-03 -1.156934630e-02
    endloop
  endfacet
  facet normal -7.343505422e-05 3.128281236e-01 -9.498097301e-01
    outer loop
      vertex -7.000775076e-03 3.184238682e-03 -1.156934630e-02
      vertex 6.999015808e-03 4.314438906e-03 -1.119818725e-02
      vertex 6.999225356e-03 3.186905524e-03 -1.156955026e-02
    endloop
  endfacet
  facet normal -6.149074761e-05 2.486872673e-01 -9.685838223e-01
    outer loop
      vertex -7.000775076e-03 3.184238682e-03 -1.156934630e-02
      vertex 6.999225356e-03 3.186905524e-03 -1.156955026e-02
      vertex -7.000700105e-03 2.780729439e-03 -1.167294849e-02
    endloop
  endfacet
  facet normal -6.149074761e-05 2.486872673e-01 -9.685838223e-01
    outer loop
      vertex -7.000700105e-03 2.780729439e-03 -1.167294849e-02
      vertex 6.999225356e-03 3.186905524e-03 -1.156955026e-02
      vertex 6.999300793e-03 2.783396281e-03 -1.167315338e-02
    endloop
  endfacet
  facet normal -4.606111179e-05 1.663482487e-01 -9.860670567e-01
    outer loop
      vertex -7.000700105e-03 2.780729439e-03 -1.167294849e-02
      vertex 6.999300793e-03 2.783396281e-03 -1.167315338e-02
      vertex -7.000402547e-03 1.200040919e-03 -1.193960942e-02
    endloop
  endfacet
  facet normal -4.606111179e-05 1.663482487e-01 -9.860670567e-01
    outer loop
      vertex -7.000402547e-03 1.200040919e-03 -1.193960942e-02
      vertex 6.999300793e-03 2.783396281e-03 -1.167315338e-02
      vertex 6.999597885e-03 1.202707761e-03 -1.193981338e-02
    endloop
  endfacet
  facet normal -3.256667333e-05 9.478467703e-02 -9.954978228e-01
    outer loop
      vertex -7.000402547e-03 1.200040919e-03 -1.193960942e-02
      vertex 6.999597885e-03 1.202707761e-03 -1.193981338e-02
      vertex -7.000378333e-03 1.072123297e-03 -1.195178833e-02
    endloop
  endfacet
  facet normal -3.256667333e-05 9.478467703e-02 -9.954978228e-01
    outer loop
      vertex -7.000378333e-03 1.072123297e-03 -1.195178833e-02
      vertex 6.999597885e-03 1.202707761e-03 -1.193981338e-02
      vertex 6.999622099e-03 1.074790140e-03 -1.195199229e-02
    endloop
  endfacet
  facet normal -1.992068610e-05 2.808255143e-02 -9.996055961e-01
    outer loop
      vertex -7.000378333e-03 1.072123297e-03 -1.195178833e-02
      vertex 6.999622099e-03 1.074790140e-03 -1.195199229e-02
      vertex -7.000098471e-03 -4.020859778e-04 -1.199320424e-02
    endloop
  endfacet
  facet normal -1.992068610e-05 2.808255143e-02 -9.996055961e-01
    outer loop
      vertex -7.000098471e-03 -4.020859778e-04 -1.199320424e-02
      vertex 6.999622099e-03 1.074790140e-03 -1.195199229e-02
      vertex 6.999902427e-03 -3.994191648e-04 -1.199340820e-02
    endloop
  endfacet
  facet normal -2.847755923e-06 -6.143102795e-02 -9.981113076e-01
    outer loop
      vertex -7.000098471e-03 -4.020859778e-04 -1.199320424e-02
      vertex 6.999902427e-03 -3.994191648e-04 -1.199340820e-02
      vertex -6.999969482e-03 -1.074337400e-03 -1.195182931e-02
    endloop
  endfacet
  facet normal -2.847755923e-06 -6.143102795e-02 -9.981113076e-01
    outer loop
      vertex -6.999969482e-03 -1.074337400e-03 -1.195182931e-02
      vertex 6.999902427e-03 -3.994191648e-04 -1.199340820e-02
      vertex 7.000030950e-03 -1.071670675e-03 -1.195203327e-02
    endloop
  endfacet
  facet normal 9.917388525e-06 -1.279597729e-01 -9.917793870e-01
    outer loop
      vertex -6.999969482e-03 -1.074337400e-03 -1.195182931e-02
      vertex 7.000030950e-03 -1.071670675e-03 -1.195203327e-02
      vertex -6.999792065e-03 -1.997061539e-03 -1.183277927e-02
    endloop
  endfacet
  facet normal 9.917388525e-06 -1.279597729e-01 -9.917793870e-01
    outer loop
      vertex -6.999792065e-03 -1.997061539e-03 -1.183277927e-02
      vertex 7.000030950e-03 -1.071670675e-03 -1.195203327e-02
      vertex 7.000208367e-03 -1.994394697e-03 -1.183298323e-02
    endloop
  endfacet
  facet normal 2.694076284e-05 -2.161476314e-01 -9.763606787e-01
    outer loop
      vertex -6.999792065e-03 -1.997061539e-03 -1.183277927e-02
      vertex 7.000208367e-03 -1.994394697e-03 -1.183298323e-02
      vertex -6.999561563e-03 -3.186467336e-03 -1.156946737e-02
    endloop
  endfacet
  facet normal 2.694076284e-05 -2.161476314e-01 -9.763606787e-01
    outer loop
      vertex -6.999561563e-03 -3.186467336e-03 -1.156946737e-02
      vertex 7.000208367e-03 -1.994394697e-03 -1.183298323e-02
      vertex 7.000438869e-03 -3.183800494e-03 -1.156967133e-02
    endloop
  endfacet
  facet normal 3.951381223e-05 -2.808807790e-01 -9.597426653e-01
    outer loop
      vertex -6.999561563e-03 -3.186467336e-03 -1.156946737e-02
      vertex 7.000438869e-03 -3.183800494e-03 -1.156967133e-02
      vertex -6.999489851e-03 -3.556423122e-03 -1.146119460e-02
    endloop
  endfacet
  facet normal 3.951381223e-05 -2.808807790e-01 -9.597426653e-01
    outer loop
      vertex -6.999489851e-03 -3.556423122e-03 -1.146119460e-02
      vertex 7.000438869e-03 -3.183800494e-03 -1.156967133e-02
      vertex 7.000511046e-03 -3.553756280e-03 -1.146139856e-02
    endloop
  endfacet
  facet normal 5.485583824e-05 -3.593898416e-01 -9.331875443e-01
    outer loop
      vertex -6.999489851e-03 -3.556423122e-03 -1.146119460e-02
      vertex 7.000511046e-03 -3.553756280e-03 -1.146139856e-02
      vertex -6.999196485e-03 -5.052344408e-03 -1.088508498e-02
    endloop
  endfacet
  facet normal 5.485583824e-05 -3.593898416e-01 -9.331875443e-01
    outer loop
      vertex -6.999196485e-03 -5.052344408e-03 -1.088508498e-02
      vertex 7.000511046e-03 -3.553756280e-03 -1.146139856e-02
      vertex 7.000804413e-03 -5.049677566e-03 -1.088528894e-02
    endloop
  endfacet
  facet normal 6.814463268e-05 -4.269399941e-01 -9.042799473e-01
    outer loop
      vertex -6.999196485e-03 -5.052344408e-03 -1.088508498e-02
      vertex 7.000804413e-03 -5.049677566e-03 -1.088528894e-02
      vertex -6.999168079e-03 -5.196688231e-03 -1.081693545e-02
    endloop
  endfacet
  facet normal 6.814463268e-05 -4.269399941e-01 -9.042799473e-01
    outer loop
      vertex -6.999168079e-03 -5.196688231e-03 -1.081693545e-02
      vertex 7.000804413e-03 -5.049677566e-03 -1.088528894e-02
      vertex 7.000832818e-03 -5.194021389e-03 -1.081713941e-02
    endloop
  endfacet
  facet normal 7.991365419e-05 -4.863871038e-01 -8.737434149e-01
    outer loop
      vertex -6.999168079e-03 -5.196688231e-03 -1.081693545e-02
      vertex 7.000832818e-03 -5.194021389e-03 -1.081713941e-02
      vertex -6.998917554e-03 -6.458130199e-03 -1.011472754e-02
    endloop
  endfacet
  facet normal 7.991365419e-05 -4.863871038e-01 -8.737434149e-01
    outer loop
      vertex -6.998917554e-03 -6.458130199e-03 -1.011472754e-02
      vertex 7.000832818e-03 -5.194021389e-03 -1.081713941e-02
      vertex 7.001083344e-03 -6.455463357e-03 -1.011493150e-02
    endloop
  endfacet
  facet normal 9.511309327e-05 -5.625829101e-01 -8.267408609e-01
    outer loop
      vertex -6.998917554e-03 -6.458130199e-03 -1.011472754e-02
      vertex 7.001083344e-03 -6.455463357e-03 -1.011493150e-02
      vertex -6.998800673e-03 -7.040683646e-03 -9.718310088e-03
    endloop
  endfacet
  facet normal 9.511309327e-05 -5.625829101e-01 -8.267408609e-01
    outer loop
      vertex -6.998800673e-03 -7.040683646e-03 -9.718310088e-03
      vertex 7.001083344e-03 -6.455463357e-03 -1.011493150e-02
      vertex 7.001200225e-03 -7.038016804e-03 -9.718514048e-03
    endloop
  endfacet
  facet normal 1.059669303e-04 -6.165456176e-01 -7.873191833e-01
    outer loop
      vertex -6.998800673e-03 -7.040683646e-03 -9.718310088e-03
      vertex 7.001200225e-03 -7.038016804e-03 -9.718514048e-03
      vertex -6.998657715e-03 -7.748693693e-03 -9.163871408e-03
    endloop
  endfacet
  facet normal 1.059669303e-04 -6.165456176e-01 -7.873191833e-01
    outer loop
      vertex -6.998657715e-03 -7.748693693e-03 -9.163871408e-03
      vertex 7.001200225e-03 -7.038016804e-03 -9.718514048e-03
      vertex 7.001343183e-03 -7.746027317e-03 -9.164075367e-03
    endloop
  endfacet
  facet normal 1.197591409e-04 -6.844895482e-01 -7.290226817e-01
    outer loop
      vertex -6.998657715e-03 -7.748693693e-03 -9.163871408e-03
      vertex 7.001343183e-03 -7.746027317e-03 -9.164075367e-03
      vertex -6.998471916e-03 -8.659454994e-03 -8.308744989e-03
    endloop
  endfacet
  facet normal 1.197591409e-04 -6.844895482e-01 -7.290226817e-01
    outer loop
      vertex -6.998471916e-03 -8.659454994e-03 -8.308744989e-03
      vertex 7.001343183e-03 -7.746027317e-03 -9.164075367e-03
      vertex 7.001528982e-03 -8.656787686e-03 -8.308948949e-03
    endloop
  endfacet
  facet normal 1.294335816e-04 -7.316542864e-01 -6.816758513e-01
    outer loop
      vertex -6.998471916e-03 -8.659454994e-03 -8.308744989e-03
      vertex 7.001528982e-03 -8.656787686e-03 -8.308948949e-03
      vertex -6.998422090e-03 -8.901006542e-03 -8.049483411e-03
    endloop
  endfacet
  facet normal 1.294335816e-04 -7.316542864e-01 -6.816758513e-01
    outer loop
      vertex -6.998422090e-03 -8.901006542e-03 -8.049483411e-03
      vertex 7.001528982e-03 -8.656787686e-03 -8.308948949e-03
      vertex 7.001578808e-03 -8.898339234e-03 -8.049687371e-03
    endloop
  endfacet
  facet normal 1.404572686e-04 -7.847877145e-01 -6.197646260e-01
    outer loop
      vertex -6.998422090e-03 -8.901006542e-03 -8.049483411e-03
      vertex 7.001578808e-03 -8.898339234e-03 -8.049687371e-03
      vertex -6.998214405e-03 -9.894503281e-03 -6.791450083e-03
    endloop
  endfacet
  facet normal 1.404572686e-04 -7.847877145e-01 -6.197646260e-01
    outer loop
      vertex -6.998214405e-03 -9.894503281e-03 -6.791450083e-03
      vertex 7.001578808e-03 -8.898339234e-03 -8.049687371e-03
      vertex 7.001786493e-03 -9.891836904e-03 -6.791654509e-03
    endloop
  endfacet
  facet normal 1.497409103e-04 -8.289039731e-01 -5.593908429e-01
    outer loop
      vertex -6.998214405e-03 -9.894503281e-03 -6.791450083e-03
      vertex 7.001786493e-03 -9.891836904e-03 -6.791654509e-03
      vertex -6.998191588e-03 -1.000120770e-02 -6.633337121e-03
    endloop
  endfacet
  facet normal 1.497409103e-04 -8.289039731e-01 -5.593908429e-01
    outer loop
      vertex -6.998191588e-03 -1.000120770e-02 -6.633337121e-03
      vertex 7.001786493e-03 -9.891836904e-03 -6.791654509e-03
      vertex 7.001808845e-03 -9.998540394e-03 -6.633541081e-03
    endloop
  endfacet
  facet normal 1.660531270e-04 -8.289255500e-01 5.593588948e-01
    outer loop
      vertex -6.997998338e-03 -1.000145823e-02 6.633162033e-03
      vertex 7.002002560e-03 -9.998791851e-03 6.632958073e-03
      vertex -6.998016499e-03 -9.894761257e-03 6.791279651e-03
    endloop
  endfacet
  facet normal 1.660531270e-04 -8.289255500e-01 5.593588948e-01
    outer loop
      vertex -6.998016499e-03 -9.894761257e-03 6.791279651e-03
      vertex 7.002002560e-03 -9.998791851e-03 6.632958073e-03
      vertex 7.001984399e-03 -9.892093949e-03 6.791075692e-03
    endloop
  endfacet
  facet normal 1.585300197e-04 -7.848111391e-01 6.197350025e-01
    outer loop
      vertex -6.998016499e-03 -9.894761257e-03 6.791279651e-03
      vertex 7.001984399e-03 -9.892093949e-03 6.791075692e-03
      vertex -6.998187397e-03 -8.901311085e-03 8.049350232e-03
    endloop
  endfacet
  facet normal 1.585300197e-04 -7.848111391e-01 6.197350025e-01
    outer loop
      vertex -6.998187397e-03 -8.901311085e-03 8.049350232e-03
      vertex 7.001984399e-03 -9.892093949e-03 6.791075692e-03
      vertex 7.001813501e-03 -8.898644708e-03 8.049146272e-03
    endloop
  endfacet
  facet normal 1.493117743e-04 -7.316800952e-01 6.816481352e-01
    outer loop
      vertex -6.998187397e-03 -8.901311085e-03 8.049350232e-03
      vertex 7.001813501e-03 -8.898644708e-03 8.049146272e-03
      vertex -6.998229306e-03 -8.659769781e-03 8.308621123e-03
    endloop
  endfacet
  facet normal 1.493117743e-04 -7.316800952e-01 6.816481352e-01
    outer loop
      vertex -6.998229306e-03 -8.659769781e-03 8.308621123e-03
      vertex 7.001813501e-03 -8.898644708e-03 8.049146272e-03
      vertex 7.001771126e-03 -8.657102473e-03 8.308417164e-03
    endloop
  endfacet
  facet normal 1.410180703e-04 -6.845171452e-01 7.289967537e-01
    outer loop
      vertex -6.998229306e-03 -8.659769781e-03 8.308621123e-03
      vertex 7.001771126e-03 -8.657102473e-03 8.308417164e-03
      vertex -6.998390425e-03 -7.749041077e-03 9.163781069e-03
    endloop
  endfacet
  facet normal 1.410180703e-04 -6.845171452e-01 7.289967537e-01
    outer loop
      vertex -6.998390425e-03 -7.749041077e-03 9.163781069e-03
      vertex 7.001771126e-03 -8.657102473e-03 8.308417164e-03
      vertex 7.001610007e-03 -7.746374235e-03 9.163577110e-03
    endloop
  endfacet
  facet normal 1.289259526e-04 -6.165757775e-01 7.872955799e-01
    outer loop
      vertex -6.998390425e-03 -7.749041077e-03 9.163781069e-03
      vertex 7.001610007e-03 -7.746374235e-03 9.163577110e-03
      vertex -6.998517085e-03 -7.041051518e-03 9.718247689e-03
    endloop
  endfacet
  facet normal 1.289259526e-04 -6.165757775e-01 7.872955799e-01
    outer loop
      vertex -6.998517085e-03 -7.041051518e-03 9.718247689e-03
      vertex 7.001610007e-03 -7.746374235e-03 9.163577110e-03
      vertex 7.001483347e-03 -7.038385142e-03 9.718043730e-03
    endloop
  endfacet
  facet normal 1.192215277e-04 -5.626133084e-01 8.267201781e-01
    outer loop
      vertex -6.998517085e-03 -7.041051518e-03 9.718247689e-03
      vertex 7.001483347e-03 -7.038385142e-03 9.718043730e-03
      vertex -6.998622324e-03 -6.458513439e-03 1.011468656e-02
    endloop
  endfacet
  facet normal 1.192215277e-04 -5.626133084e-01 8.267201781e-01
    outer loop
      vertex -6.998622324e-03 -6.458513439e-03 1.011468656e-02
      vertex 7.001483347e-03 -7.038385142e-03 9.718043730e-03
      vertex 7.001378108e-03 -6.455846597e-03 1.011448260e-02
    endloop
  endfacet
  facet normal 1.053929882e-04 -4.864204526e-01 8.737248778e-01
    outer loop
      vertex -6.998622324e-03 -6.458513439e-03 1.011468656e-02
      vertex 7.001378108e-03 -6.455846597e-03 1.011448260e-02
      vertex -6.998852361e-03 -5.197098013e-03 1.081694197e-02
    endloop
  endfacet
  facet normal 1.053929882e-04 -4.864204526e-01 8.737248778e-01
    outer loop
      vertex -6.998852361e-03 -5.197098013e-03 1.081694197e-02
      vertex 7.001378108e-03 -6.455846597e-03 1.011448260e-02
      vertex 7.001148071e-03 -5.194431171e-03 1.081673801e-02
    endloop
  endfacet
  facet normal 9.451444930e-05 -4.269742668e-01 9.042637944e-01
    outer loop
      vertex -6.998852361e-03 -5.197098013e-03 1.081694197e-02
      vertex 7.001148071e-03 -5.194431171e-03 1.081673801e-02
      vertex -6.998878904e-03 -5.052756518e-03 1.088509709e-02
    endloop
  endfacet
  facet normal 9.451444930e-05 -4.269742668e-01 9.042637944e-01
    outer loop
      vertex -6.998878904e-03 -5.052756518e-03 1.088509709e-02
      vertex 7.001148071e-03 -5.194431171e-03 1.081673801e-02
      vertex 7.001121528e-03 -5.050089676e-03 1.088489313e-02
    endloop
  endfacet
  facet normal 8.206867642e-05 -3.594251871e-01 9.331738949e-01
    outer loop
      vertex -6.998878904e-03 -5.052756518e-03 1.088509709e-02
      vertex 7.001121528e-03 -5.050089676e-03 1.088489313e-02
      vertex -6.999155506e-03 -3.556857351e-03 1.146126445e-02
    endloop
  endfacet
  facet normal 8.206867642e-05 -3.594251871e-01 9.331738949e-01
    outer loop
      vertex -6.999155506e-03 -3.556857351e-03 1.146126445e-02
      vertex 7.001121528e-03 -5.050089676e-03 1.088489313e-02
      vertex 7.000844926e-03 -3.554190509e-03 1.146106049e-02
    endloop
  endfacet
  facet normal 6.750107423e-05 -2.809171379e-01 9.597319961e-01
    outer loop
      vertex -6.999155506e-03 -3.556857351e-03 1.146126445e-02
      vertex 7.000844926e-03 -3.554190509e-03 1.146106049e-02
      vertex -6.999224424e-03 -3.186905524e-03 1.156955026e-02
    endloop
  endfacet
  facet normal 6.750107423e-05 -2.809171379e-01 9.597319961e-01
    outer loop
      vertex -6.999224424e-03 -3.186905524e-03 1.156955026e-02
      vertex 7.000844926e-03 -3.554190509e-03 1.146106049e-02
      vertex 7.000776473e-03 -3.184238682e-03 1.156934630e-02
    endloop
  endfacet
  facet normal 5.541266728e-05 -2.161846161e-01 9.763525128e-01
    outer loop
      vertex -6.999224424e-03 -3.186905524e-03 1.156955026e-02
      vertex 7.000776473e-03 -3.184238682e-03 1.156934630e-02
      vertex -6.999447010e-03 -1.997509738e-03 1.183290686e-02
    endloop
  endfacet
  facet normal 5.541266728e-05 -2.161846161e-01 9.763525128e-01
    outer loop
      vertex -6.999447010e-03 -1.997509738e-03 1.183290686e-02
      vertex 7.000776473e-03 -3.184238682e-03 1.156934630e-02
      vertex 7.000553422e-03 -1.994842896e-03 1.183270290e-02
    endloop
  endfacet
  facet normal 3.883897080e-05 -1.279973388e-01 9.917744994e-01
    outer loop
      vertex -6.999447010e-03 -1.997509738e-03 1.183290686e-02
      vertex 7.000553422e-03 -1.994842896e-03 1.183270290e-02
      vertex -6.999621168e-03 -1.074790140e-03 1.195199229e-02
    endloop
  endfacet
  facet normal 3.883897080e-05 -1.279973388e-01 9.917744994e-01
    outer loop
      vertex -6.999621168e-03 -1.074790140e-03 1.195199229e-02
      vertex 7.000553422e-03 -1.994842896e-03 1.183270290e-02
      vertex 7.000379730e-03 -1.072123297e-03 1.195178833e-02
    endloop
  endfacet
  facet normal 2.625851266e-05 -6.146883219e-02 9.981089830e-01
    outer loop
      vertex -6.999621168e-03 -1.074790140e-03 1.195199229e-02
      vertex 7.000379730e-03 -1.072123297e-03 1.195178833e-02
      vertex -6.999748759e-03 -4.025402595e-04 1.199339330e-02
    endloop
  endfacet
  facet normal 2.625851266e-05 -6.146883219e-02 9.981089830e-01
    outer loop
      vertex -6.999748759e-03 -4.025402595e-04 1.199339330e-02
      vertex 7.000379730e-03 -1.072123297e-03 1.195178833e-02
      vertex 7.000252139e-03 -3.998734464e-04 1.199318934e-02
    endloop
  endfacet
  facet normal 9.229207535e-06 2.804468945e-02 9.996066689e-01
    outer loop
      vertex -6.999748759e-03 -4.025402595e-04 1.199339330e-02
      vertex 7.000252139e-03 -3.998734464e-04 1.199318934e-02
      vertex -7.000030018e-03 1.071670675e-03 1.195203327e-02
    endloop
  endfacet
  facet normal 9.229207535e-06 2.804468945e-02 9.996066689e-01
    outer loop
      vertex -7.000030018e-03 1.071670675e-03 1.195203327e-02
      vertex 7.000252139e-03 -3.998734464e-04 1.199318934e-02
      vertex 6.999970414e-03 1.074337400e-03 1.195182931e-02
    endloop
  endfacet
  facet normal -3.536533995e-06 9.474696964e-02 9.955013990e-01
    outer loop
      vertex -7.000030018e-03 1.071670675e-03 1.195203327e-02
      vertex 6.999970414e-03 1.074337400e-03 1.195182931e-02
      vertex -7.000054698e-03 1.199588645e-03 1.193985809e-02
    endloop
  endfacet
  facet normal -3.536533995e-06 9.474696964e-02 9.955013990e-01
    outer loop
      vertex -7.000054698e-03 1.199588645e-03 1.193985809e-02
      vertex 6.999970414e-03 1.074337400e-03 1.195182931e-02
      vertex 6.999946199e-03 1.202255487e-03 1.193965413e-02
    endloop
  endfacet
  facet normal -1.730594340e-05 1.663108915e-01 9.860733747e-01
    outer loop
      vertex -7.000054698e-03 1.199588645e-03 1.193985809e-02
      vertex 6.999946199e-03 1.202255487e-03 1.193965413e-02
      vertex -7.000359707e-03 2.780287294e-03 1.167325862e-02
    endloop
  endfacet
  facet normal -1.730594340e-05 1.663108915e-01 9.860733747e-01
    outer loop
      vertex -7.000359707e-03 2.780287294e-03 1.167325862e-02
      vertex 6.999946199e-03 1.202255487e-03 1.193965413e-02
      vertex 6.999641191e-03 2.782954136e-03 1.167305373e-02
    endloop
  endfacet
  facet normal -3.324536738e-05 2.486505806e-01 9.685932398e-01
    outer loop
      vertex -7.000359707e-03 2.780287294e-03 1.167325862e-02
      vertex 6.999641191e-03 2.782954136e-03 1.167305373e-02
      vertex -7.000437938e-03 3.183800494e-03 1.156967133e-02
    endloop
  endfacet
  facet normal -3.324536738e-05 2.486505806e-01 9.685932398e-01
    outer loop
      vertex -7.000437938e-03 3.183800494e-03 1.156967133e-02
      vertex 6.999641191e-03 2.782954136e-03 1.167305373e-02
      vertex 6.999562494e-03 3.186467336e-03 1.156946737e-02
    endloop
  endfacet
  facet normal -4.573712067e-05 3.127921522e-01 9.498215914e-01
    outer loop
      vertex -7.000437938e-03 3.183800494e-03 1.156967133e-02
      vertex 6.999562494e-03 3.186467336e-03 1.156946737e-02
      vertex -7.000658195e-03 4.311347846e-03 1.119835116e-02
    endloop
  endfacet
  facet normal -4.573712067e-05 3.127921522e-01 9.498215914e-01
    outer loop
      vertex -7.000658195e-03 4.311347846e-03 1.119835116e-02
      vertex 6.999562494e-03 3.186467336e-03 1.156946737e-02
      vertex 6.999342702e-03 4.314014688e-03 1.119814720e-02
    endloop
  endfacet
  facet normal -6.214299356e-05 3.964861631e-01 9.180406928e-01
    outer loop
      vertex -7.000658195e-03 4.311347846e-03 1.119835116e-02
      vertex 6.999342702e-03 4.314014688e-03 1.119814720e-02
      vertex -7.000831887e-03 5.194021389e-03 1.081713941e-02
    endloop
  endfacet
  facet normal -6.214299356e-05 3.964861631e-01 9.180406928e-01
    outer loop
      vertex -7.000831887e-03 5.194021389e-03 1.081713941e-02
      vertex 6.999342702e-03 4.314014688e-03 1.119814720e-02
      vertex 6.999169011e-03 5.196688231e-03 1.081693545e-02
    endloop
  endfacet
  facet normal -7.407063822e-05 4.569193721e-01 8.895081282e-01
    outer loop
      vertex -7.000831887e-03 5.194021389e-03 1.081713941e-02
      vertex 6.999169011e-03 5.196688231e-03 1.081693545e-02
      vertex -7.000945043e-03 5.765448324e-03 1.052361075e-02
    endloop
  endfacet
  facet normal -7.407063822e-05 4.569193721e-01 8.895081282e-01
    outer loop
      vertex -7.000945043e-03 5.765448324e-03 1.052361075e-02
      vertex 6.999169011e-03 5.196688231e-03 1.081693545e-02
      vertex 6.999055855e-03 5.768115167e-03 1.052340679e-02
    endloop
  endfacet
  facet normal -8.952351345e-05 5.346424580e-01 8.450783491e-01
    outer loop
      vertex -7.000945043e-03 5.765448324e-03 1.052361075e-02
      vertex 6.999055855e-03 5.768115167e-03 1.052340679e-02
      vertex -7.001199294e-03 7.038016804e-03 9.718514979e-03
    endloop
  endfacet
  facet normal -8.952351345e-05 5.346424580e-01 8.450783491e-01
    outer loop
      vertex -7.001199294e-03 7.038016804e-03 9.718514979e-03
      vertex 6.999055855e-03 5.768115167e-03 1.052340679e-02
      vertex 6.998801604e-03 7.040683646e-03 9.718311019e-03
    endloop
  endfacet
  facet normal -1.005960075e-04 5.898927450e-01 8.074815869e-01
    outer loop
      vertex -7.001199294e-03 7.038016804e-03 9.718514979e-03
      vertex 6.998801604e-03 7.040683646e-03 9.718311019e-03
      vertex -7.001215126e-03 7.116640452e-03 9.661077522e-03
    endloop
  endfacet
  facet normal -1.005960075e-04 5.898927450e-01 8.074815869e-01
    outer loop
      vertex -7.001215126e-03 7.116640452e-03 9.661077522e-03
      vertex 6.998801604e-03 7.040683646e-03 9.718311019e-03
      vertex 6.998785771e-03 7.119307294e-03 9.660873562e-03
    endloop
  endfacet
  facet normal -1.118487926e-04 6.456134915e-01 7.636643052e-01
    outer loop
      vertex -7.001215126e-03 7.116640452e-03 9.661077522e-03
      vertex 6.998785771e-03 7.119307294e-03 9.660873562e-03
      vertex -7.001463324e-03 8.340812288e-03 8.626144379e-03
    endloop
  endfacet
  facet normal -1.118487926e-04 6.456134915e-01 7.636643052e-01
    outer loop
      vertex -7.001463324e-03 8.340812288e-03 8.626144379e-03
      vertex 6.998785771e-03 7.119307294e-03 9.660873562e-03
      vertex 6.998537574e-03 8.343478665e-03 8.625940420e-03
    endloop
  endfacet
  facet normal -1.246658649e-04 7.084670663e-01 7.057439089e-01
    outer loop
      vertex -7.001463324e-03 8.340812288e-03 8.626144379e-03
      vertex 6.998537574e-03 8.343478665e-03 8.625940420e-03
      vertex -7.001528051e-03 8.656787686e-03 8.308948949e-03
    endloop
  endfacet
  facet normal -1.246658649e-04 7.084670663e-01 7.057439089e-01
    outer loop
      vertex -7.001528051e-03 8.656787686e-03 8.308948949e-03
      vertex 6.998537574e-03 8.343478665e-03 8.625940420e-03
      vertex 6.998472847e-03 8.659454994e-03 8.308744989e-03
    endloop
  endfacet
  facet normal -1.340566960e-04 7.540242076e-01 6.568465829e-01
    outer loop
      vertex -7.001528051e-03 8.656787686e-03 8.308948949e-03
      vertex 6.998472847e-03 8.659454994e-03 8.308744989e-03
      vertex -7.001685444e-03 9.416118264e-03 7.437278982e-03
    endloop
  endfacet
  facet normal -1.340566960e-04 7.540242076e-01 6.568465829e-01
    outer loop
      vertex -7.001685444e-03 9.416118264e-03 7.437278982e-03
      vertex 6.998472847e-03 8.659454994e-03 8.308744989e-03
      vertex 6.998315454e-03 9.418784641e-03 7.437075023e-03
    endloop
  endfacet
  facet normal -1.456927566e-04 8.097481132e-01 5.867776275e-01
    outer loop
      vertex -7.001685444e-03 9.416118264e-03 7.437278982e-03
      vertex 6.998315454e-03 9.418784641e-03 7.437075023e-03
      vertex -7.001807913e-03 9.998540394e-03 6.633541081e-03
    endloop
  endfacet
  facet normal -1.456927566e-04 8.097481132e-01 5.867776275e-01
    outer loop
      vertex -7.001807913e-03 9.998540394e-03 6.633541081e-03
      vertex 6.998315454e-03 9.418784641e-03 7.437075023e-03
      vertex 6.998192519e-03 1.000120770e-02 6.633337121e-03
    endloop
  endfacet
  facet normal -1.943416148e-01 7.961876392e-01 5.729891658e-01
    outer loop
      vertex -7.361920085e-03 9.998472407e-03 6.594223436e-03
      vertex -7.732904050e-03 9.998404421e-03 6.468491163e-03
      vertex -7.778128143e-03 9.335746989e-03 7.373936474e-03
    endloop
  endfacet
  facet normal -7.048308253e-01 6.256356835e-01 3.343553543e-01
    outer loop
      vertex -8.964151144e-03 9.998193942e-03 5.195990205e-03
      vertex -9.150739759e-03 9.998166002e-03 4.802707583e-03
      vertex -9.123059921e-03 9.566956200e-03 5.667923950e-03
    endloop
  endfacet
  facet normal -6.892147660e-02 8.078407645e-01 -5.853572488e-01
    outer loop
      vertex -7.389025763e-03 9.998717345e-03 -6.587491836e-03
      vertex -7.002001628e-03 9.998791851e-03 -6.632958073e-03
      vertex -7.001901977e-03 9.416399524e-03 -7.436718326e-03
    endloop
  endfacet
  facet normal -6.716319919e-01 -6.688362360e-01 -3.186982274e-01
    outer loop
      vertex -9.147070348e-03 -1.000165101e-02 -4.802440759e-03
      vertex -9.119502269e-03 -9.927629493e-03 -5.015883129e-03
      vertex -8.960492909e-03 -1.000160817e-02 -5.195728969e-03
    endloop
  endfacet
  facet normal -6.396736503e-01 -6.975063086e-01 3.229590952e-01
    outer loop
      vertex -8.848689497e-03 -1.000178792e-02 5.392121617e-03
      vertex -9.119356051e-03 -9.927819483e-03 5.015772767e-03
      vertex -9.149517864e-03 -1.000183355e-02 4.796183668e-03
    endloop
  endfacet
  facet normal -1.829907596e-01 -8.045926690e-01 5.649292469e-01
    outer loop
      vertex -7.774490397e-03 -9.810630232e-03 6.733439863e-03
      vertex -7.658519316e-03 -1.000158209e-02 6.499045063e-03
      vertex -7.385023870e-03 -1.000153180e-02 6.587706972e-03
    endloop
  endfacet
  facet normal -4.034014344e-01 -7.508414388e-01 5.229764581e-01
    outer loop
      vertex -8.032352664e-03 -1.000164915e-02 6.294288207e-03
      vertex -8.498082869e-03 -9.563679807e-03 6.563840434e-03
      vertex -8.226574399e-03 -1.000168361e-02 6.144424900e-03
    endloop
  endfacet
  facet normal -4.816544056e-01 -7.432211041e-01 4.643613100e-01
    outer loop
      vertex -8.226574399e-03 -1.000168361e-02 6.144424900e-03
      vertex -8.498082869e-03 -9.563679807e-03 6.563840434e-03
      vertex -8.578269742e-03 -1.000174321e-02 5.779535975e-03
    endloop
  endfacet
  facet normal -6.863077283e-01 -6.258165240e-01 3.705878854e-01
    outer loop
      vertex -9.119356051e-03 -9.927819483e-03 5.015772767e-03
      vertex -8.848689497e-03 -1.000178792e-02 5.392121617e-03
      vertex -9.119481780e-03 -9.170735255e-03 6.294038147e-03
    endloop
  endfacet
  facet normal -8.366805911e-01 -4.993246496e-01 2.250344008e-01
    outer loop
      vertex -9.391785599e-03 -1.000186708e-02 4.101093858e-03
      vertex -9.596222080e-03 -9.373364970e-03 4.735568538e-03
      vertex -9.456305765e-03 -1.000187453e-02 3.861192614e-03
    endloop
  endfacet
  facet normal -8.615238070e-01 -4.674540460e-01 1.981501430e-01
    outer loop
      vertex -9.456305765e-03 -1.000187453e-02 3.861192614e-03
      vertex -9.596222080e-03 -9.373364970e-03 4.735568538e-03
      vertex -9.596136399e-03 -9.920918383e-03 3.444212954e-03
    endloop
  endfacet
  facet normal -9.325836301e-01 -3.481397033e-01 9.532306343e-02
    outer loop
      vertex -9.635719471e-03 -1.000189129e-02 2.961188089e-03
      vertex -9.895971045e-03 -9.237462655e-03 3.206890309e-03
      vertex -9.895923547e-03 -9.582475759e-03 1.947295968e-03
    endloop
  endfacet
  facet normal -9.389963746e-01 -3.273200989e-01 1.055812538e-01
    outer loop
      vertex -9.635719471e-03 -1.000189129e-02 2.961188089e-03
      vertex -9.895923547e-03 -9.582475759e-03 1.947295968e-03
      vertex -9.760601446e-03 -1.000189409e-02 1.850528759e-03
    endloop
  endfacet
  facet normal -9.479319453e-01 -3.156334758e-01 4.243205860e-02
    outer loop
      vertex -9.760601446e-03 -1.000189409e-02 1.850528759e-03
      vertex -9.895923547e-03 -9.582475759e-03 1.947295968e-03
      vertex -9.895909578e-03 -9.756523184e-03 6.529549137e-04
    endloop
  endfacet
  facet normal -9.460243583e-01 -3.214896023e-01 4.101666063e-02
    outer loop
      vertex -9.760601446e-03 -1.000189409e-02 1.850528759e-03
      vertex -9.895909578e-03 -9.756523184e-03 6.529549137e-04
      vertex -9.823761880e-03 -1.000187825e-02 3.938871669e-04
    endloop
  endfacet
  facet normal -9.593799710e-01 -2.821170986e-01 8.645329217e-06
    outer loop
      vertex -9.823761880e-03 -1.000187825e-02 3.938871669e-04
      vertex -9.895909578e-03 -9.756523184e-03 6.529549137e-04
      vertex -9.895929135e-03 -9.756498039e-03 -6.530357059e-04
    endloop
  endfacet
  facet normal -9.436964393e-01 -3.305790722e-01 -1.243110746e-02
    outer loop
      vertex -9.823761880e-03 -1.000187825e-02 3.938871669e-04
      vertex -9.895929135e-03 -9.756498039e-03 -6.530357059e-04
      vertex -9.803913534e-03 -1.000184659e-02 -1.113741542e-03
    endloop
  endfacet
  facet normal -9.598200321e-01 -2.771265805e-01 -4.411747679e-02
    outer loop
      vertex -9.803913534e-03 -1.000184659e-02 -1.113741542e-03
      vertex -9.895929135e-03 -9.756498039e-03 -6.530357059e-04
      vertex -9.795176797e-03 -1.000184100e-02 -1.303861500e-03
    endloop
  endfacet
  facet normal -9.563758969e-01 -2.895366251e-01 -3.890605643e-02
    outer loop
      vertex -9.795176797e-03 -1.000184100e-02 -1.303861500e-03
      vertex -9.895929135e-03 -9.756498039e-03 -6.530357059e-04
      vertex -9.895980358e-03 -9.582402185e-03 -1.947370358e-03
    endloop
  endfacet
  facet normal -9.403975010e-01 -3.328679204e-01 -6.965236366e-02
    outer loop
      vertex -9.795176797e-03 -1.000184100e-02 -1.303861500e-03
      vertex -9.895980358e-03 -9.582402185e-03 -1.947370358e-03
      vertex -9.724555537e-03 -1.000180934e-02 -2.257487504e-03
    endloop
  endfacet
  facet normal -7.931587696e-01 -5.363699794e-01 -2.884552777e-01
    outer loop
      vertex -9.119502269e-03 -9.927629493e-03 -5.015883129e-03
      vertex -9.147070348e-03 -1.000165101e-02 -4.802440759e-03
      vertex -9.596359916e-03 -9.373186156e-03 -4.735643975e-03
    endloop
  endfacet
  facet normal -7.943946123e-01 -5.379314423e-01 -2.820761502e-01
    outer loop
      vertex -9.147070348e-03 -1.000165101e-02 -4.802440759e-03
      vertex -9.372908622e-03 -1.000170689e-02 -4.166321363e-03
      vertex -9.596359916e-03 -9.373186156e-03 -4.735643975e-03
    endloop
  endfacet
  facet normal -8.292871118e-01 -5.072405934e-01 -2.344992161e-01
    outer loop
      vertex -9.596359916e-03 -9.373186156e-03 -4.735643975e-03
      vertex -9.372908622e-03 -1.000170689e-02 -4.166321363e-03
      vertex -9.424559772e-03 -1.000171993e-02 -3.983632196e-03
    endloop
  endfacet
  facet normal -8.565912247e-01 -4.750768244e-01 -2.013788670e-01
    outer loop
      vertex -9.596359916e-03 -9.373186156e-03 -4.735643975e-03
      vertex -9.424559772e-03 -1.000171993e-02 -3.983632196e-03
      vertex -9.596236981e-03 -9.920787998e-03 -3.444308881e-03
    endloop
  endfacet
  facet normal -8.151367903e-01 -5.516633987e-01 -1.766903698e-01
    outer loop
      vertex -9.596236981e-03 -9.920787998e-03 -3.444308881e-03
      vertex -9.424559772e-03 -1.000171993e-02 -3.983632196e-03
      vertex -9.604981169e-03 -1.000177022e-02 -3.151123878e-03
    endloop
  endfacet
  facet normal -3.976041675e-01 -7.549763918e-01 -5.214610100e-01
    outer loop
      vertex -7.944935001e-03 -1.000139304e-02 -6.351779681e-03
      vertex -8.289206773e-03 -1.000146382e-02 -6.089176983e-03
      vertex -8.498273790e-03 -9.563431144e-03 -6.563954987e-03
    endloop
  endfacet
  facet normal -4.605073631e-01 -7.442076206e-01 -4.838264287e-01
    outer loop
      vertex -8.498273790e-03 -9.563431144e-03 -6.563954987e-03
      vertex -8.289206773e-03 -1.000146382e-02 -6.089176983e-03
      vertex -8.360659704e-03 -1.000147872e-02 -6.021144800e-03
    endloop
  endfacet
  facet normal -5.270639062e-01 -7.216727734e-01 -4.487672746e-01
    outer loop
      vertex -8.498273790e-03 -9.563431144e-03 -6.563954987e-03
      vertex -8.360659704e-03 -1.000147872e-02 -6.021144800e-03
      vertex -8.684951812e-03 -1.000154763e-02 -5.640163086e-03
    endloop
  endfacet
  facet normal -1.161268447e-02 -8.288488984e-01 -5.593519807e-01
    outer loop
      vertex -6.998214405e-03 -9.894503281e-03 -6.791450083e-03
      vertex -6.998191588e-03 -1.000120770e-02 -6.633337121e-03
      vertex -7.067943923e-03 -1.000122074e-02 -6.631869357e-03
    endloop
  endfacet
  facet normal -2.847359180e-01 -8.004605770e-01 -5.274356008e-01
    outer loop
      vertex -7.944935001e-03 -1.000139304e-02 -6.351779681e-03
      vertex -7.774686441e-03 -9.810375050e-03 -6.733585615e-03
      vertex -7.729283068e-03 -1.000135019e-02 -6.468265317e-03
    endloop
  endfacet
  facet normal -1.871348917e-01 -8.121828437e-01 -5.525754094e-01
    outer loop
      vertex -7.729283068e-03 -1.000135019e-02 -6.468265317e-03
      vertex -7.774686441e-03 -9.810375050e-03 -6.733585615e-03
      vertex -7.358302828e-03 -1.000127662e-02 -6.594008300e-03
    endloop
  endfacet
  facet normal -1.873391718e-01 7.947163582e-01 -5.773473382e-01
    outer loop
      vertex -7.389025763e-03 9.998717345e-03 -6.587491836e-03
      vertex -7.778343279e-03 9.336026385e-03 -7.373356260e-03
      vertex -7.662518416e-03 9.998663329e-03 -6.498822011e-03
    endloop
  endfacet
  facet normal -2.559894323e-01 7.865040898e-01 -5.620326996e-01
    outer loop
      vertex -7.662518416e-03 9.998663329e-03 -6.498822011e-03
      vertex -7.778343279e-03 9.336026385e-03 -7.373356260e-03
      vertex -7.781640161e-03 9.998640046e-03 -6.444599014e-03
    endloop
  endfacet
  facet normal -4.101151824e-01 7.413152456e-01 -5.312788486e-01
    outer loop
      vertex -8.036345243e-03 9.998588823e-03 -6.294053514e-03
      vertex -8.501838893e-03 9.100679308e-03 -7.187610026e-03
      vertex -8.230563253e-03 9.998548776e-03 -6.144185085e-03
    endloop
  endfacet
  facet normal -4.830797017e-01 7.218446136e-01 -4.955546260e-01
    outer loop
      vertex -8.230563253e-03 9.998548776e-03 -6.144185085e-03
      vertex -8.501838893e-03 9.100679308e-03 -7.187610026e-03
      vertex -8.501986973e-03 9.977495298e-03 -5.910260137e-03
    endloop
  endfacet
  facet normal -6.809410453e-01 6.467090249e-01 -3.436374366e-01
    outer loop
      vertex -9.153466672e-03 9.998347610e-03 -4.795916844e-03
      vertex -8.852656931e-03 9.998415597e-03 -5.391863640e-03
      vertex -9.123225696e-03 9.567170404e-03 -5.667295307e-03
    endloop
  endfacet
  facet normal -6.156358719e-01 6.606362462e-01 -4.295954406e-01
    outer loop
      vertex -9.123225696e-03 9.567170404e-03 -5.667295307e-03
      vertex -8.852656931e-03 9.998415597e-03 -5.391863640e-03
      vertex -8.582247421e-03 9.998474270e-03 -5.779285915e-03
    endloop
  endfacet
  facet normal -8.078048229e-01 5.260737538e-01 -2.658905685e-01
    outer loop
      vertex -9.153466672e-03 9.998347610e-03 -4.795916844e-03
      vertex -9.599874727e-03 9.032489732e-03 -5.350663792e-03
      vertex -9.599977173e-03 9.665072896e-03 -4.098764155e-03
    endloop
  endfacet
  facet normal -8.590121865e-01 4.824857414e-01 -1.711886674e-01
    outer loop
      vertex -9.639615193e-03 9.998220019e-03 -2.960907063e-03
      vertex -9.460227564e-03 9.998271242e-03 -3.860916942e-03
      vertex -9.599977173e-03 9.665072896e-03 -4.098764155e-03
    endloop
  endfacet
  facet normal -8.315932751e-01 5.083903670e-01 -2.235885262e-01
    outer loop
      vertex -9.599977173e-03 9.665072896e-03 -4.098764155e-03
      vertex -9.460227564e-03 9.998271242e-03 -3.860916942e-03
      vertex -9.395714849e-03 9.998288006e-03 -4.100820050e-03
    endloop
  endfacet
  facet normal -8.179796934e-01 4.996661246e-01 -2.850315273e-01
    outer loop
      vertex -9.599977173e-03 9.665072896e-03 -4.098764155e-03
      vertex -9.395714849e-03 9.998288006e-03 -4.100820050e-03
      vertex -9.153466672e-03 9.998347610e-03 -4.795916844e-03
    endloop
  endfacet
  facet normal -9.310675859e-01 3.446468115e-01 -1.197150499e-01
    outer loop
      vertex -9.899547324e-03 8.998881094e-03 -3.816309385e-03
      vertex -9.899610654e-03 9.427255020e-03 -2.582572168e-03
      vertex -9.639615193e-03 9.998220019e-03 -2.960907063e-03
    endloop
  endfacet
  facet normal -9.254105687e-01 3.713693023e-01 -7.549916208e-02
    outer loop
      vertex -9.639615193e-03 9.998220019e-03 -2.960907063e-03
      vertex -9.899610654e-03 9.427255020e-03 -2.582572168e-03
      vertex -9.899642318e-03 9.687365964e-03 -1.302746125e-03
    endloop
  endfacet
  facet normal -9.672942758e-01 2.291740924e-01 -1.087244302e-01
    outer loop
      vertex -9.639615193e-03 9.998220019e-03 -2.960907063e-03
      vertex -9.899642318e-03 9.687365964e-03 -1.302746125e-03
      vertex -9.764465503e-03 9.998175316e-03 -1.850244007e-03
    endloop
  endfacet
  facet normal -9.316773415e-01 3.624762297e-01 -2.425630763e-02
    outer loop
      vertex -9.764465503e-03 9.998175316e-03 -1.850244007e-03
      vertex -9.899642318e-03 9.687365964e-03 -1.302746125e-03
      vertex -9.899639525e-03 9.774571285e-03 3.294407520e-07
    endloop
  endfacet
  facet normal -9.701986909e-01 2.386371195e-01 -4.203347117e-02
    outer loop
      vertex -9.764465503e-03 9.998175316e-03 -1.850244007e-03
      vertex -9.899639525e-03 9.774571285e-03 3.294407520e-07
      vertex -9.827583097e-03 9.998135269e-03 -3.936005232e-04
    endloop
  endfacet
  facet normal -9.450839758e-01 3.265893757e-01 1.247521676e-02
    outer loop
      vertex -9.827583097e-03 9.998135269e-03 -3.936005232e-04
      vertex -9.899639525e-03 9.774571285e-03 3.294407520e-07
      vertex -9.807690978e-03 9.998111054e-03 1.114027458e-03
    endloop
  endfacet
  facet normal -9.554204345e-01 2.945872843e-01 1.975199580e-02
    outer loop
      vertex -9.807690978e-03 9.998111054e-03 1.114027458e-03
      vertex -9.899639525e-03 9.774571285e-03 3.294407520e-07
      vertex -9.899604134e-03 9.687316604e-03 1.303402008e-03
    endloop
  endfacet
  facet normal -9.504715204e-01 3.077225685e-01 4.371106252e-02
    outer loop
      vertex -9.807690978e-03 9.998111054e-03 1.114027458e-03
      vertex -9.899604134e-03 9.687316604e-03 1.303402008e-03
      vertex -9.798948653e-03 9.998108260e-03 1.304147183e-03
    endloop
  endfacet
  facet normal -8.465973735e-01 4.996042252e-01 1.834899485e-01
    outer loop
      vertex -9.608699009e-03 9.998110123e-03 3.151403973e-03
      vertex -9.599857964e-03 9.664917365e-03 4.099410493e-03
      vertex -9.428253397e-03 9.998128749e-03 3.983906936e-03
    endloop
  endfacet
  facet normal -8.288210630e-01 5.080756545e-01 2.343391776e-01
    outer loop
      vertex -9.428253397e-03 9.998128749e-03 3.983906936e-03
      vertex -9.599857964e-03 9.664917365e-03 4.099410493e-03
      vertex -9.376596659e-03 9.998135269e-03 4.166594706e-03
    endloop
  endfacet
  facet normal -6.349580288e-01 6.647478938e-01 3.936223090e-01
    outer loop
      vertex -8.964151144e-03 9.998193942e-03 5.195990205e-03
      vertex -9.123059921e-03 9.566956200e-03 5.667923950e-03
      vertex -8.688597009e-03 9.998237714e-03 5.640416406e-03
    endloop
  endfacet
  facet normal -3.178661466e-01 7.435782552e-01 5.882622600e-01
    outer loop
      vertex -7.732904050e-03 9.998404421e-03 6.468491163e-03
      vertex -7.948559709e-03 9.998365305e-03 6.352011114e-03
      vertex -8.501628414e-03 9.100407362e-03 7.188202813e-03
    endloop
  endfacet
  facet normal -4.052118361e-01 7.441393733e-01 5.310931802e-01
    outer loop
      vertex -7.948559709e-03 9.998365305e-03 6.352011114e-03
      vertex -8.292838931e-03 9.998304769e-03 6.089419127e-03
      vertex -8.501628414e-03 9.100407362e-03 7.188202813e-03
    endloop
  endfacet
  facet normal -4.764315784e-01 7.229992747e-01 5.002849102e-01
    outer loop
      vertex -8.501628414e-03 9.100407362e-03 7.188202813e-03
      vertex -8.292838931e-03 9.998304769e-03 6.089419127e-03
      vertex -8.364293724e-03 9.998292662e-03 6.021388341e-03
    endloop
  endfacet
  facet normal -5.022562146e-01 7.128668427e-01 4.894482493e-01
    outer loop
      vertex -8.501628414e-03 9.100407362e-03 7.188202813e-03
      vertex -8.364293724e-03 9.998292662e-03 6.021388341e-03
      vertex -8.501814678e-03 9.977271780e-03 5.910885520e-03
    endloop
  endfacet
  facet normal -4.081122279e-01 8.442971706e-01 3.472847939e-01
    outer loop
      vertex -8.501814678e-03 9.977271780e-03 5.910885520e-03
      vertex -8.364293724e-03 9.998292662e-03 6.021388341e-03
      vertex -8.688597009e-03 9.998237714e-03 5.640416406e-03
    endloop
  endfacet
  facet normal -8.097746968e-02 7.803674340e-01 6.200559139e-01
    outer loop
      vertex -7.361920085e-03 9.998472407e-03 6.594223436e-03
      vertex -7.778128143e-03 9.335746989e-03 7.373936474e-03
      vertex -7.071560249e-03 9.998527355e-03 6.632074714e-03
    endloop
  endfacet
  facet normal -1.306648105e-01 7.888769507e-01 -6.004996896e-01
    outer loop
      vertex -7.389025763e-03 9.998717345e-03 -6.587491836e-03
      vertex -7.001901977e-03 9.416399524e-03 -7.436718326e-03
      vertex -7.778343279e-03 9.336026385e-03 -7.373356260e-03
    endloop
  endfacet
  facet normal -1.305290312e-01 7.475880980e-01 -6.512098312e-01
    outer loop
      vertex -7.778343279e-03 9.336026385e-03 -7.373356260e-03
      vertex -7.001901977e-03 9.416399524e-03 -7.436718326e-03
      vertex -7.001770195e-03 8.657102473e-03 -8.308417164e-03
    endloop
  endfacet
  facet normal -1.573050022e-01 7.324187160e-01 -6.624333262e-01
    outer loop
      vertex -7.778343279e-03 9.336026385e-03 -7.373356260e-03
      vertex -7.001770195e-03 8.657102473e-03 -8.308417164e-03
      vertex -7.778157014e-03 8.269924670e-03 -8.552134968e-03
    endloop
  endfacet
  facet normal -1.306476593e-01 7.024097443e-01 -6.996797323e-01
    outer loop
      vertex -7.001770195e-03 8.657102473e-03 -8.308417164e-03
      vertex -7.001714781e-03 8.341139182e-03 -8.625623770e-03
      vertex -7.778157014e-03 8.269924670e-03 -8.552134968e-03
    endloop
  endfacet
  facet normal -1.303723752e-01 6.401184201e-01 -7.571337223e-01
    outer loop
      vertex -7.778157014e-03 8.269924670e-03 -8.552134968e-03
      vertex -7.001714781e-03 8.341139182e-03 -8.625623770e-03
      vertex -7.001496851e-03 7.117006462e-03 -9.660603479e-03
    endloop
  endfacet
  facet normal -1.303728372e-01 6.401181817e-01 -7.571338415e-01
    outer loop
      vertex -7.778157014e-03 8.269924670e-03 -8.552134968e-03
      vertex -7.001496851e-03 7.117006462e-03 -9.660603479e-03
      vertex -7.777940948e-03 7.056220435e-03 -9.578296915e-03
    endloop
  endfacet
  facet normal -1.306484044e-01 5.848485827e-01 -8.005517721e-01
    outer loop
      vertex -7.777940948e-03 7.056220435e-03 -9.578296915e-03
      vertex -7.001496851e-03 7.117006462e-03 -9.660603479e-03
      vertex -7.001482416e-03 7.038385142e-03 -9.718043730e-03
    endloop
  endfacet
  facet normal -1.380098909e-01 5.329316854e-01 -8.348276019e-01
    outer loop
      vertex -7.777940948e-03 7.056220435e-03 -9.578296915e-03
      vertex -7.001482416e-03 7.038385142e-03 -9.718043730e-03
      vertex -7.777698338e-03 5.716571119e-03 -1.043353416e-02
    endloop
  endfacet
  facet normal -1.303860694e-01 5.300932527e-01 -8.378547430e-01
    outer loop
      vertex -7.001482416e-03 7.038385142e-03 -9.718043730e-03
      vertex -7.001251914e-03 5.765846930e-03 -1.052318793e-02
      vertex -7.777698338e-03 5.716571119e-03 -1.043353416e-02
    endloop
  endfacet
  facet normal -1.305788457e-01 4.530222714e-01 -8.818843365e-01
    outer loop
      vertex -7.777698338e-03 5.716571119e-03 -1.043353416e-02
      vertex -7.001251914e-03 5.765846930e-03 -1.052318793e-02
      vertex -7.001147140e-03 5.194431171e-03 -1.081673801e-02
    endloop
  endfacet
  facet normal -1.624141335e-01 4.153382778e-01 -8.950507045e-01
    outer loop
      vertex -7.777698338e-03 5.716571119e-03 -1.043353416e-02
      vertex -7.001147140e-03 5.194431171e-03 -1.081673801e-02
      vertex -7.777433377e-03 4.274882376e-03 -1.110258140e-02
    endloop
  endfacet
  facet normal -1.305109411e-01 3.931092024e-01 -9.101824164e-01
    outer loop
      vertex -7.001147140e-03 5.194431171e-03 -1.081673801e-02
      vertex -7.000984624e-03 4.311772063e-03 -1.119798329e-02
      vertex -7.777433377e-03 4.274882376e-03 -1.110258140e-02
    endloop
  endfacet
  facet normal -1.304415017e-01 3.101334870e-01 -9.417017698e-01
    outer loop
      vertex -7.777433377e-03 4.274882376e-03 -1.110258140e-02
      vertex -7.000984624e-03 4.311772063e-03 -1.119798329e-02
      vertex -7.000775076e-03 3.184238682e-03 -1.156934630e-02
    endloop
  endfacet
  facet normal -1.560346931e-01 2.926379740e-01 -9.434067011e-01
    outer loop
      vertex -7.777433377e-03 4.274882376e-03 -1.110258140e-02
      vertex -7.000775076e-03 3.184238682e-03 -1.156934630e-02
      vertex -7.777151186e-03 2.756882459e-03 -1.157350093e-02
    endloop
  endfacet
  facet normal -1.305671930e-01 2.465355098e-01 -9.602981210e-01
    outer loop
      vertex -7.000775076e-03 3.184238682e-03 -1.156934630e-02
      vertex -7.000700105e-03 2.780729439e-03 -1.167294849e-02
      vertex -7.777151186e-03 2.756882459e-03 -1.157350093e-02
    endloop
  endfacet
  facet normal -1.302846819e-01 1.649065912e-01 -9.776664376e-01
    outer loop
      vertex -7.777151186e-03 2.756882459e-03 -1.157350093e-02
      vertex -7.000700105e-03 2.780729439e-03 -1.167294849e-02
      vertex -7.000402547e-03 1.200040919e-03 -1.193960942e-02
    endloop
  endfacet
  facet normal -1.302849054e-01 1.649064720e-01 -9.776664376e-01
    outer loop
      vertex -7.777151186e-03 2.756882459e-03 -1.157350093e-02
      vertex -7.000402547e-03 1.200040919e-03 -1.193960942e-02
      vertex -7.776856422e-03 1.189659117e-03 -1.183788944e-02
    endloop
  endfacet
  facet normal -1.305562109e-01 9.394894540e-02 -9.869795442e-01
    outer loop
      vertex -7.776856422e-03 1.189659117e-03 -1.183788944e-02
      vertex -7.000402547e-03 1.200040919e-03 -1.193960942e-02
      vertex -7.000378333e-03 1.072123297e-03 -1.195178833e-02
    endloop
  endfacet
  facet normal -1.401514560e-01 3.307730705e-02 -9.895774126e-01
    outer loop
      vertex -7.776856422e-03 1.189659117e-03 -1.183788944e-02
      vertex -7.000378333e-03 1.072123297e-03 -1.195178833e-02
      vertex -7.776554674e-03 -3.988200624e-04 -1.189102791e-02
    endloop
  endfacet
  facet normal -1.303031147e-01 2.781838179e-02 -9.910838604e-01
    outer loop
      vertex -7.000378333e-03 1.072123297e-03 -1.195178833e-02
      vertex -7.000098471e-03 -4.020859778e-04 -1.199320424e-02
      vertex -7.776554674e-03 -3.988200624e-04 -1.189102791e-02
    endloop
  endfacet
  facet normal -1.304781288e-01 -6.093074009e-02 -9.895771146e-01
    outer loop
      vertex -7.776554674e-03 -3.988200624e-04 -1.189102791e-02
      vertex -7.000098471e-03 -4.020859778e-04 -1.199320424e-02
      vertex -6.999969482e-03 -1.074337400e-03 -1.195182931e-02
    endloop
  endfacet
  facet normal -1.627795100e-01 -9.877336025e-02 -9.817059636e-01
    outer loop
      vertex -7.776554674e-03 -3.988200624e-04 -1.189102791e-02
      vertex -6.999969482e-03 -1.074337400e-03 -1.195182931e-02
      vertex -7.776251063e-03 -1.980208792e-03 -1.173196826e-02
    endloop
  endfacet
  facet normal -1.304203272e-01 -1.268915236e-01 -9.833051562e-01
    outer loop
      vertex -6.999969482e-03 -1.074337400e-03 -1.195182931e-02
      vertex -6.999792065e-03 -1.997061539e-03 -1.183277927e-02
      vertex -7.776251063e-03 -1.980208792e-03 -1.173196826e-02
    endloop
  endfacet
  facet normal -1.303344965e-01 -2.143279761e-01 -9.680270553e-01
    outer loop
      vertex -7.776251063e-03 -1.980208792e-03 -1.173196826e-02
      vertex -6.999792065e-03 -1.997061539e-03 -1.183277927e-02
      vertex -6.999561563e-03 -3.186467336e-03 -1.156946737e-02
    endloop
  endfacet
  facet normal -1.546443254e-01 -2.290413082e-01 -9.610542059e-01
    outer loop
      vertex -7.776251063e-03 -1.980208792e-03 -1.173196826e-02
      vertex -6.999561563e-03 -3.186467336e-03 -1.156946737e-02
      vertex -7.775951177e-03 -3.526287153e-03 -1.136355102e-02
    endloop
  endfacet
  facet normal -1.304697245e-01 -2.785033286e-01 -9.515321851e-01
    outer loop
      vertex -6.999561563e-03 -3.186467336e-03 -1.156946737e-02
      vertex -6.999489851e-03 -3.556423122e-03 -1.146119460e-02
      vertex -7.775951177e-03 -3.526287153e-03 -1.136355102e-02
    endloop
  endfacet
  facet normal -1.301845461e-01 -3.563535810e-01 -9.252372980e-01
    outer loop
      vertex -7.775951177e-03 -3.526287153e-03 -1.136355102e-02
      vertex -6.999489851e-03 -3.556423122e-03 -1.146119460e-02
      vertex -6.999196485e-03 -5.052344408e-03 -1.088508498e-02
    endloop
  endfacet
  facet normal -1.301854253e-01 -3.563539684e-01 -9.252370596e-01
    outer loop
      vertex -7.775951177e-03 -3.526287153e-03 -1.136355102e-02
      vertex -6.999196485e-03 -5.052344408e-03 -1.088508498e-02
      vertex -7.775660139e-03 -5.009464920e-03 -1.079234760e-02
    endloop
  endfacet
  facet normal -1.304559410e-01 -4.233124852e-01 -8.965421319e-01
    outer loop
      vertex -7.775660139e-03 -5.009464920e-03 -1.079234760e-02
      vertex -6.999196485e-03 -5.052344408e-03 -1.088508498e-02
      vertex -6.999168079e-03 -5.196688231e-03 -1.081693545e-02
    endloop
  endfacet
  facet normal -1.421857774e-01 -4.757044315e-01 -8.680371642e-01
    outer loop
      vertex -7.775660139e-03 -5.009464920e-03 -1.079234760e-02
      vertex -6.999168079e-03 -5.196688231e-03 -1.081693545e-02
      vertex -7.775383536e-03 -6.403275300e-03 -1.002855226e-02
    endloop
  endfacet
  facet normal -1.302154064e-01 -4.822656214e-01 -8.662931323e-01
    outer loop
      vertex -6.999168079e-03 -5.196688231e-03 -1.081693545e-02
      vertex -6.998917554e-03 -6.458130199e-03 -1.011472754e-02
      vertex -7.775383536e-03 -6.403275300e-03 -1.002855226e-02
    endloop
  endfacet
  facet normal -1.303773671e-01 -5.577988029e-01 -8.196720481e-01
    outer loop
      vertex -7.775383536e-03 -6.403275300e-03 -1.002855226e-02
      vertex -6.998917554e-03 -6.458130199e-03 -1.011472754e-02
      vertex -6.998800673e-03 -7.040683646e-03 -9.718310088e-03
    endloop
  endfacet
  facet normal -1.630465090e-01 -5.852481723e-01 -7.942923903e-01
    outer loop
      vertex -7.775383536e-03 -6.403275300e-03 -1.002855226e-02
      vertex -6.998800673e-03 -7.040683646e-03 -9.718310088e-03
      vertex -7.775126025e-03 -7.682845462e-03 -9.085795842e-03
    endloop
  endfacet
  facet normal -1.303310990e-01 -6.113031507e-01 -7.805910110e-01
    outer loop
      vertex -6.998800673e-03 -7.040683646e-03 -9.718310088e-03
      vertex -6.998657715e-03 -7.748693693e-03 -9.163871408e-03
      vertex -7.775126025e-03 -7.682845462e-03 -9.085795842e-03
    endloop
  endfacet
  facet normal -1.302335709e-01 -6.786741018e-01 -7.228005528e-01
    outer loop
      vertex -7.775126025e-03 -7.682845462e-03 -9.085795842e-03
      vertex -6.998657715e-03 -7.748693693e-03 -9.163871408e-03
      vertex -6.998471916e-03 -8.659454994e-03 -8.308744989e-03
    endloop
  endfacet
  facet normal -1.531612873e-01 -6.869928837e-01 -7.103396654e-01
    outer loop
      vertex -7.775126025e-03 -7.682845462e-03 -9.085795842e-03
      vertex -6.998471916e-03 -8.659454994e-03 -8.308744989e-03
      vertex -7.774892263e-03 -8.825341240e-03 -7.980900817e-03
    endloop
  endfacet
  facet normal -1.303847879e-01 -7.254210114e-01 -6.758432984e-01
    outer loop
      vertex -6.998471916e-03 -8.659454994e-03 -8.308744989e-03
      vertex -6.998422090e-03 -8.901006542e-03 -8.049483411e-03
      vertex -7.774892263e-03 -8.825341240e-03 -7.980900817e-03
    endloop
  endfacet
  facet normal -1.301013529e-01 -7.781280279e-01 -6.144838333e-01
    outer loop
      vertex -7.774892263e-03 -8.825341240e-03 -7.980900817e-03
      vertex -6.998422090e-03 -8.901006542e-03 -8.049483411e-03
      vertex -6.998214405e-03 -9.894503281e-03 -6.791450083e-03
    endloop
  endfacet
  facet normal -1.301006377e-01 -7.781279087e-01 -6.144841909e-01
    outer loop
      vertex -7.774892263e-03 -8.825341240e-03 -7.980900817e-03
      vertex -6.998214405e-03 -9.894503281e-03 -6.791450083e-03
      vertex -7.774686441e-03 -9.810375050e-03 -6.733585615e-03
    endloop
  endfacet
  facet normal -1.303019673e-01 -7.969212532e-01 -5.898625851e-01
    outer loop
      vertex -7.774686441e-03 -9.810375050e-03 -6.733585615e-03
      vertex -6.998214405e-03 -9.894503281e-03 -6.791450083e-03
      vertex -7.067943923e-03 -1.000122074e-02 -6.631869357e-03
    endloop
  endfacet
  facet normal -9.099029005e-02 -7.094389796e-01 -6.988684535e-01
    outer loop
      vertex -7.774686441e-03 -9.810375050e-03 -6.733585615e-03
      vertex -7.067943923e-03 -1.000122074e-02 -6.631869357e-03
      vertex -7.358302828e-03 -1.000127662e-02 -6.594008300e-03
    endloop
  endfacet
  facet normal -1.881055683e-01 -6.055900455e-01 7.732250690e-01
    outer loop
      vertex -6.998517085e-03 -7.041051518e-03 9.718247689e-03
      vertex -7.775091100e-03 -6.403655279e-03 1.002853643e-02
      vertex -6.998390425e-03 -7.749041077e-03 9.163781069e-03
    endloop
  endfacet
  facet normal -1.301160604e-01 -5.881673694e-01 7.982035875e-01
    outer loop
      vertex -6.998390425e-03 -7.749041077e-03 9.163781069e-03
      vertex -7.775091100e-03 -6.403655279e-03 1.002853643e-02
      vertex -7.774861064e-03 -7.683189586e-03 9.085731581e-03
    endloop
  endfacet
  facet normal -1.302125007e-01 -6.787015200e-01 7.227786779e-01
    outer loop
      vertex -6.998390425e-03 -7.749041077e-03 9.163781069e-03
      vertex -7.774861064e-03 -7.683189586e-03 9.085731581e-03
      vertex -6.998229306e-03 -8.659769781e-03 8.308621123e-03
    endloop
  endfacet
  facet normal -1.531405747e-01 -6.870197654e-01 7.103180885e-01
    outer loop
      vertex -6.998229306e-03 -8.659769781e-03 8.308621123e-03
      vertex -7.774861064e-03 -7.683189586e-03 9.085731581e-03
      vertex -7.774659898e-03 -8.825643919e-03 7.980793715e-03
    endloop
  endfacet
  facet normal -1.303650886e-01 -7.254465818e-01 6.758196354e-01
    outer loop
      vertex -6.998229306e-03 -8.659769781e-03 8.308621123e-03
      vertex -7.774659898e-03 -8.825643919e-03 7.980793715e-03
      vertex -6.998187397e-03 -8.901311085e-03 8.049350232e-03
    endloop
  endfacet
  facet normal -1.300834268e-01 -7.781512141e-01 6.144583225e-01
    outer loop
      vertex -6.998187397e-03 -8.901311085e-03 8.049350232e-03
      vertex -7.774659898e-03 -8.825643919e-03 7.980793715e-03
      vertex -7.774490397e-03 -9.810630232e-03 6.733439863e-03
    endloop
  endfacet
  facet normal -1.300832629e-01 -7.781512737e-01 6.144582629e-01
    outer loop
      vertex -6.998187397e-03 -8.901311085e-03 8.049350232e-03
      vertex -7.774490397e-03 -9.810630232e-03 6.733439863e-03
      vertex -6.998016499e-03 -9.894761257e-03 6.791279651e-03
    endloop
  endfacet
  facet normal -1.296869218e-01 -7.551422715e-01 6.426051855e-01
    outer loop
      vertex -6.998016499e-03 -9.894761257e-03 6.791279651e-03
      vertex -7.774490397e-03 -9.810630232e-03 6.733439863e-03
      vertex -7.385023870e-03 -1.000153180e-02 6.587706972e-03
    endloop
  endfacet
  facet normal -6.539809704e-02 -8.271545172e-01 5.581563115e-01
    outer loop
      vertex -6.998016499e-03 -9.894761257e-03 6.791279651e-03
      vertex -7.385023870e-03 -1.000153180e-02 6.587706972e-03
      vertex -6.997998338e-03 -1.000145823e-02 6.633162033e-03
    endloop
  endfacet
  facet normal -1.303524971e-01 -5.578290224e-01 8.196554184e-01
    outer loop
      vertex -6.998517085e-03 -7.041051518e-03 9.718247689e-03
      vertex -6.998622324e-03 -6.458513439e-03 1.011468656e-02
      vertex -7.775091100e-03 -6.403655279e-03 1.002853643e-02
    endloop
  endfacet
  facet normal -1.301891208e-01 -4.822987616e-01 8.662786484e-01
    outer loop
      vertex -7.775091100e-03 -6.403655279e-03 1.002853643e-02
      vertex -6.998622324e-03 -6.458513439e-03 1.011468656e-02
      vertex -6.998852361e-03 -5.197098013e-03 1.081694197e-02
    endloop
  endfacet
  facet normal -1.421604156e-01 -4.757370949e-01 8.680233955e-01
    outer loop
      vertex -7.775091100e-03 -6.403655279e-03 1.002853643e-02
      vertex -6.998852361e-03 -5.197098013e-03 1.081694197e-02
      vertex -7.775345817e-03 -5.009873770e-03 1.079238392e-02
    endloop
  endfacet
  facet normal -1.304297894e-01 -4.233464599e-01 8.965299129e-01
    outer loop
      vertex -6.998852361e-03 -5.197098013e-03 1.081694197e-02
      vertex -6.998878904e-03 -5.052756518e-03 1.088509709e-02
      vertex -7.775345817e-03 -5.009873770e-03 1.079238392e-02
    endloop
  endfacet
  facet normal -1.301584393e-01 -3.563885987e-01 9.252275229e-01
    outer loop
      vertex -7.775345817e-03 -5.009873770e-03 1.079238392e-02
      vertex -6.998878904e-03 -5.052756518e-03 1.088509709e-02
      vertex -6.999155506e-03 -3.556857351e-03 1.146126445e-02
    endloop
  endfacet
  facet normal -1.301575601e-01 -3.563890457e-01 9.252274632e-01
    outer loop
      vertex -7.775345817e-03 -5.009873770e-03 1.079238392e-02
      vertex -6.999155506e-03 -3.556857351e-03 1.146126445e-02
      vertex -7.775619626e-03 -3.526717424e-03 1.136364322e-02
    endloop
  endfacet
  facet normal -1.304419786e-01 -2.785393596e-01 9.515254498e-01
    outer loop
      vertex -7.775619626e-03 -3.526717424e-03 1.136364322e-02
      vertex -6.999155506e-03 -3.556857351e-03 1.146126445e-02
      vertex -6.999224424e-03 -3.186905524e-03 1.156955026e-02
    endloop
  endfacet
  facet normal -1.546163112e-01 -2.290777117e-01 9.610500336e-01
    outer loop
      vertex -7.775619626e-03 -3.526717424e-03 1.136364322e-02
      vertex -6.999224424e-03 -3.186905524e-03 1.156955026e-02
      vertex -7.775908802e-03 -1.980653033e-03 1.173212007e-02
    endloop
  endfacet
  facet normal -1.303062737e-01 -2.143646479e-01 9.680227637e-01
    outer loop
      vertex -7.775908802e-03 -1.980653033e-03 1.173212007e-02
      vertex -6.999224424e-03 -3.186905524e-03 1.156955026e-02
      vertex -6.999447010e-03 -1.997509738e-03 1.183290686e-02
    endloop
  endfacet
  facet normal -1.302067786e-01 -9.928698093e-02 9.865030646e-01
    outer loop
      vertex -7.775908802e-03 -1.980653033e-03 1.173212007e-02
      vertex -6.999447010e-03 -1.997509738e-03 1.183290686e-02
      vertex -7.776207756e-03 -3.992704733e-04 1.189123932e-02
    endloop
  endfacet
  facet normal -1.856713742e-01 -1.258061677e-01 9.745249748e-01
    outer loop
      vertex -7.776207756e-03 -3.992704733e-04 1.189123932e-02
      vertex -6.999447010e-03 -1.997509738e-03 1.183290686e-02
      vertex -6.999621168e-03 -1.074790140e-03 1.195199229e-02
    endloop
  endfacet
  facet normal -1.304492652e-01 -6.096822396e-02 9.895786047e-01
    outer loop
      vertex -6.999621168e-03 -1.074790140e-03 1.195199229e-02
      vertex -6.999748759e-03 -4.025402595e-04 1.199339330e-02
      vertex -7.776207756e-03 -3.992704733e-04 1.189123932e-02
    endloop
  endfacet
  facet normal -1.302742064e-01 2.778084017e-02 9.910887480e-01
    outer loop
      vertex -7.776207756e-03 -3.992704733e-04 1.189123932e-02
      vertex -6.999748759e-03 -4.025402595e-04 1.199339330e-02
      vertex -7.000030018e-03 1.071670675e-03 1.195203327e-02
    endloop
  endfacet
  facet normal -1.401225924e-01 3.303982317e-02 9.895827770e-01
    outer loop
      vertex -7.776207756e-03 -3.992704733e-04 1.189123932e-02
      vertex -7.000030018e-03 1.071670675e-03 1.195203327e-02
      vertex -7.776511367e-03 1.189210801e-03 1.183816046e-02
    endloop
  endfacet
  facet normal -1.305274367e-01 9.391155839e-02 9.869869351e-01
    outer loop
      vertex -7.000030018e-03 1.071670675e-03 1.195203327e-02
      vertex -7.000054698e-03 1.199588645e-03 1.193985809e-02
      vertex -7.776511367e-03 1.189210801e-03 1.183816046e-02
    endloop
  endfacet
  facet normal -1.302563846e-01 1.648695469e-01 9.776765108e-01
    outer loop
      vertex -7.776511367e-03 1.189210801e-03 1.183816046e-02
      vertex -7.000054698e-03 1.199588645e-03 1.193985809e-02
      vertex -7.000359707e-03 2.780287294e-03 1.167325862e-02
    endloop
  endfacet
  facet normal -1.302561611e-01 1.648694426e-01 9.776765108e-01
    outer loop
      vertex -7.776511367e-03 1.189210801e-03 1.183816046e-02
      vertex -7.000359707e-03 2.780287294e-03 1.167325862e-02
      vertex -7.776813582e-03 2.756444039e-03 1.157383155e-02
    endloop
  endfacet
  facet normal -1.305391937e-01 2.464991361e-01 9.603112340e-01
    outer loop
      vertex -7.776813582e-03 2.756444039e-03 1.157383155e-02
      vertex -7.000359707e-03 2.780287294e-03 1.167325862e-02
      vertex -7.000437938e-03 3.183800494e-03 1.156967133e-02
    endloop
  endfacet
  facet normal -1.560071856e-01 2.926022410e-01 9.434223175e-01
    outer loop
      vertex -7.776813582e-03 2.756444039e-03 1.157383155e-02
      vertex -7.000437938e-03 3.183800494e-03 1.156967133e-02
      vertex -7.777109742e-03 4.274461884e-03 1.110296976e-02
    endloop
  endfacet
  facet normal -1.304140389e-01 3.100978136e-01 9.417173266e-01
    outer loop
      vertex -7.777109742e-03 4.274461884e-03 1.110296976e-02
      vertex -7.000437938e-03 3.183800494e-03 1.156967133e-02
      vertex -7.000658195e-03 4.311347846e-03 1.119835116e-02
    endloop
  endfacet
  facet normal -1.303056479e-01 4.173076153e-01 8.993746638e-01
    outer loop
      vertex -7.777109742e-03 4.274461884e-03 1.110296976e-02
      vertex -7.000658195e-03 4.311347846e-03 1.119835116e-02
      vertex -7.777393796e-03 5.716175772e-03 1.043397654e-02
    endloop
  endfacet
  facet normal -1.832456440e-01 3.897421360e-01 9.025087953e-01
    outer loop
      vertex -7.777393796e-03 5.716175772e-03 1.043397654e-02
      vertex -7.000658195e-03 4.311347846e-03 1.119835116e-02
      vertex -7.000831887e-03 5.194021389e-03 1.081713941e-02
    endloop
  endfacet
  facet normal -1.305536330e-01 4.529882669e-01 8.819055557e-01
    outer loop
      vertex -7.000831887e-03 5.194021389e-03 1.081713941e-02
      vertex -7.000945043e-03 5.765448324e-03 1.052361075e-02
      vertex -7.777393796e-03 5.716175772e-03 1.043397654e-02
    endloop
  endfacet
  facet normal -1.303621233e-01 5.300614834e-01 8.378785849e-01
    outer loop
      vertex -7.777393796e-03 5.716175772e-03 1.043397654e-02
      vertex -7.000945043e-03 5.765448324e-03 1.052361075e-02
      vertex -7.001199294e-03 7.038016804e-03 9.718514979e-03
    endloop
  endfacet
  facet normal -1.379860491e-01 5.328999758e-01 8.348517418e-01
    outer loop
      vertex -7.777393796e-03 5.716175772e-03 1.043397654e-02
      vertex -7.001199294e-03 7.038016804e-03 9.718514979e-03
      vertex -7.777661551e-03 7.055857684e-03 9.578791447e-03
    endloop
  endfacet
  facet normal -1.248781756e-02 8.096840978e-01 5.867331028e-01
    outer loop
      vertex -7.001807913e-03 9.998540394e-03 6.633541081e-03
      vertex -7.071560249e-03 9.998527355e-03 6.632074714e-03
      vertex -7.001685444e-03 9.416118264e-03 7.437278982e-03
    endloop
  endfacet
  facet normal -1.305996180e-01 7.979061604e-01 5.884636641e-01
    outer loop
      vertex -7.001685444e-03 9.416118264e-03 7.437278982e-03
      vertex -7.071560249e-03 9.998527355e-03 6.632074714e-03
      vertex -7.778128143e-03 9.335746989e-03 7.373936474e-03
    endloop
  endfacet
  facet normal -1.305100471e-01 7.475634217e-01 6.512419581e-01
    outer loop
      vertex -7.001685444e-03 9.416118264e-03 7.437278982e-03
      vertex -7.778128143e-03 9.335746989e-03 7.373936474e-03
      vertex -7.001528051e-03 8.656787686e-03 8.308948949e-03
    endloop
  endfacet
  facet normal -1.572859585e-01 7.323935032e-01 6.624658108e-01
    outer loop
      vertex -7.001528051e-03 8.656787686e-03 8.308948949e-03
      vertex -7.778128143e-03 9.335746989e-03 7.373936474e-03
      vertex -7.777907886e-03 8.269600570e-03 8.552674204e-03
    endloop
  endfacet
  facet normal -1.306276768e-01 7.023832202e-01 6.997101307e-01
    outer loop
      vertex -7.001528051e-03 8.656787686e-03 8.308948949e-03
      vertex -7.777907886e-03 8.269600570e-03 8.552674204e-03
      vertex -7.001463324e-03 8.340812288e-03 8.626144379e-03
    endloop
  endfacet
  facet normal -1.303507388e-01 6.400896907e-01 7.571617365e-01
    outer loop
      vertex -7.001463324e-03 8.340812288e-03 8.626144379e-03
      vertex -7.777907886e-03 8.269600570e-03 8.552674204e-03
      vertex -7.777661551e-03 7.055857684e-03 9.578791447e-03
    endloop
  endfacet
  facet normal -1.303507537e-01 6.400896907e-01 7.571617365e-01
    outer loop
      vertex -7.001463324e-03 8.340812288e-03 8.626144379e-03
      vertex -7.777661551e-03 7.055857684e-03 9.578791447e-03
      vertex -7.001215126e-03 7.116640452e-03 9.661077522e-03
    endloop
  endfacet
  facet normal -1.306250691e-01 5.848213434e-01 8.005754948e-01
    outer loop
      vertex -7.001215126e-03 7.116640452e-03 9.661077522e-03
      vertex -7.777661551e-03 7.055857684e-03 9.578791447e-03
      vertex -7.001199294e-03 7.038016804e-03 9.718514979e-03
    endloop
  endfacet
  facet normal -3.824192584e-01 -7.467753887e-01 -5.441341996e-01
    outer loop
      vertex -7.944935001e-03 -1.000139304e-02 -6.351779681e-03
      vertex -8.498273790e-03 -9.563431144e-03 -6.563954987e-03
      vertex -7.774686441e-03 -9.810375050e-03 -6.733585615e-03
    endloop
  endfacet
  facet normal -3.818233311e-01 -7.253587246e-01 -5.727701187e-01
    outer loop
      vertex -7.774686441e-03 -9.810375050e-03 -6.733585615e-03
      vertex -8.498273790e-03 -9.563431144e-03 -6.563954987e-03
      vertex -8.498474956e-03 -8.603208698e-03 -7.779851090e-03
    endloop
  endfacet
  facet normal -3.818240166e-01 -7.253587842e-01 -5.727696419e-01
    outer loop
      vertex -7.774686441e-03 -9.810375050e-03 -6.733585615e-03
      vertex -8.498474956e-03 -8.603208698e-03 -7.779851090e-03
      vertex -7.774892263e-03 -8.825341240e-03 -7.980900817e-03
    endloop
  endfacet
  facet normal -3.818411827e-01 -6.425445080e-01 -6.643296480e-01
    outer loop
      vertex -7.774892263e-03 -8.825341240e-03 -7.980900817e-03
      vertex -8.498474956e-03 -8.603208698e-03 -7.779851090e-03
      vertex -8.498702198e-03 -7.489492651e-03 -8.856914937e-03
    endloop
  endfacet
  facet normal -3.818403184e-01 -6.425444484e-01 -6.643302441e-01
    outer loop
      vertex -7.774892263e-03 -8.825341240e-03 -7.980900817e-03
      vertex -8.498702198e-03 -7.489492651e-03 -8.856914937e-03
      vertex -7.775126025e-03 -7.682845462e-03 -9.085795842e-03
    endloop
  endfacet
  facet normal -3.818593919e-01 -5.482642651e-01 -7.440360785e-01
    outer loop
      vertex -7.775126025e-03 -7.682845462e-03 -9.085795842e-03
      vertex -8.498702198e-03 -7.489492651e-03 -8.856914937e-03
      vertex -8.498953655e-03 -6.242153700e-03 -9.775922634e-03
    endloop
  endfacet
  facet normal -3.818599582e-01 -5.482643247e-01 -7.440357208e-01
    outer loop
      vertex -7.775126025e-03 -7.682845462e-03 -9.085795842e-03
      vertex -8.498953655e-03 -6.242153700e-03 -9.775922634e-03
      vertex -7.775383536e-03 -6.403275300e-03 -1.002855226e-02
    endloop
  endfacet
  facet normal -3.818807006e-01 -4.442024529e-01 -8.104636073e-01
    outer loop
      vertex -7.775383536e-03 -6.403275300e-03 -1.002855226e-02
      vertex -8.498953655e-03 -6.242153700e-03 -9.775922634e-03
      vertex -8.499222808e-03 -4.883453250e-03 -1.052047871e-02
    endloop
  endfacet
  facet normal -3.818804026e-01 -4.442023635e-01 -8.104638457e-01
    outer loop
      vertex -7.775383536e-03 -6.403275300e-03 -1.002855226e-02
      vertex -8.499222808e-03 -4.883453250e-03 -1.052047871e-02
      vertex -7.775660139e-03 -5.009464920e-03 -1.079234760e-02
    endloop
  endfacet
  facet normal -3.819024563e-01 -3.322142661e-01 -8.624292612e-01
    outer loop
      vertex -7.775660139e-03 -5.009464920e-03 -1.079234760e-02
      vertex -8.499222808e-03 -4.883453250e-03 -1.052047871e-02
      vertex -8.499506861e-03 -3.437636187e-03 -1.107729226e-02
    endloop
  endfacet
  facet normal -3.819032311e-01 -3.322145343e-01 -8.624287844e-01
    outer loop
      vertex -7.775660139e-03 -5.009464920e-03 -1.079234760e-02
      vertex -8.499506861e-03 -3.437636187e-03 -1.107729226e-02
      vertex -7.775951177e-03 -3.526287153e-03 -1.136355102e-02
    endloop
  endfacet
  facet normal -3.819262385e-01 -2.142995745e-01 -8.990039229e-01
    outer loop
      vertex -7.775951177e-03 -3.526287153e-03 -1.136355102e-02
      vertex -8.499506861e-03 -3.437636187e-03 -1.107729226e-02
      vertex -8.499799296e-03 -1.930502942e-03 -1.143643074e-02
    endloop
  endfacet
  facet normal -3.819257915e-01 -2.142993808e-01 -8.990041614e-01
    outer loop
      vertex -7.775951177e-03 -3.526287153e-03 -1.136355102e-02
      vertex -8.499799296e-03 -1.930502942e-03 -1.143643074e-02
      vertex -7.776251063e-03 -1.980208792e-03 -1.173196826e-02
    endloop
  endfacet
  facet normal -3.819492459e-01 -9.256222844e-02 -9.195362926e-01
    outer loop
      vertex -7.776251063e-03 -1.980208792e-03 -1.173196826e-02
      vertex -8.499799296e-03 -1.930502942e-03 -1.143643074e-02
      vertex -8.500095457e-03 -3.889490617e-04 -1.159148291e-02
    endloop
  endfacet
  facet normal -3.819493353e-01 -9.256226569e-02 -9.195362329e-01
    outer loop
      vertex -7.776251063e-03 -1.980208792e-03 -1.173196826e-02
      vertex -8.500095457e-03 -3.889490617e-04 -1.159148291e-02
      vertex -7.776554674e-03 -3.988200624e-04 -1.189102791e-02
    endloop
  endfacet
  facet normal -3.819729090e-01 3.082647547e-02 -9.236592650e-01
    outer loop
      vertex -7.776554674e-03 -3.988200624e-04 -1.189102791e-02
      vertex -8.500095457e-03 -3.889490617e-04 -1.159148291e-02
      vertex -8.500388823e-03 1.159516862e-03 -1.153968275e-02
    endloop
  endfacet
  facet normal -3.819733560e-01 3.082622215e-02 -9.236590862e-01
    outer loop
      vertex -7.776554674e-03 -3.988200624e-04 -1.189102791e-02
      vertex -8.500388823e-03 1.159516862e-03 -1.153968275e-02
      vertex -7.776856422e-03 1.189659117e-03 -1.183788944e-02
    endloop
  endfacet
  facet normal -3.819965720e-01 1.536631882e-01 -9.112992287e-01
    outer loop
      vertex -7.776856422e-03 1.189659117e-03 -1.183788944e-02
      vertex -8.500388823e-03 1.159516862e-03 -1.153968275e-02
      vertex -8.500676602e-03 2.687262138e-03 -1.128195412e-02
    endloop
  endfacet
  facet normal -3.819967508e-01 1.536630690e-01 -9.112991691e-01
    outer loop
      vertex -7.776856422e-03 1.189659117e-03 -1.183788944e-02
      vertex -8.500676602e-03 2.687262138e-03 -1.128195412e-02
      vertex -7.777151186e-03 2.756882459e-03 -1.157350093e-02
    endloop
  endfacet
  facet normal -3.820191920e-01 2.737563252e-01 -8.826770782e-01
    outer loop
      vertex -7.777151186e-03 2.756882459e-03 -1.157350093e-02
      vertex -8.500676602e-03 2.687262138e-03 -1.128195412e-02
      vertex -8.500951342e-03 4.167024512e-03 -1.082289685e-02
    endloop
  endfacet
  facet normal -3.820194304e-01 2.737561762e-01 -8.826770186e-01
    outer loop
      vertex -7.777151186e-03 2.756882459e-03 -1.157350093e-02
      vertex -8.500951342e-03 4.167024512e-03 -1.082289685e-02
      vertex -7.777433377e-03 4.274882376e-03 -1.110258140e-02
    endloop
  endfacet
  facet normal -3.820406795e-01 3.889626861e-01 -8.383036256e-01
    outer loop
      vertex -7.777433377e-03 4.274882376e-03 -1.110258140e-02
      vertex -8.500951342e-03 4.167024512e-03 -1.082289685e-02
      vertex -8.501210250e-03 5.572397262e-03 -1.017070282e-02
    endloop
  endfacet
  facet normal -3.820398748e-01 3.889632225e-01 -8.383037448e-01
    outer loop
      vertex -7.777433377e-03 4.274882376e-03 -1.110258140e-02
      vertex -8.501210250e-03 5.572397262e-03 -1.017070282e-02
      vertex -7.777698338e-03 5.716571119e-03 -1.043353416e-02
    endloop
  endfacet
  facet normal -3.820596337e-01 4.972280860e-01 -7.789702415e-01
    outer loop
      vertex -7.777698338e-03 5.716571119e-03 -1.043353416e-02
      vertex -8.501210250e-03 5.572397262e-03 -1.017070282e-02
      vertex -8.501446806e-03 6.878301036e-03 -9.337009862e-03
    endloop
  endfacet
  facet normal -3.820598423e-01 4.972279370e-01 -7.789702415e-01
    outer loop
      vertex -7.777698338e-03 5.716571119e-03 -1.043353416e-02
      vertex -8.501446806e-03 6.878301036e-03 -9.337009862e-03
      vertex -7.777940948e-03 7.056220435e-03 -9.578296915e-03
    endloop
  endfacet
  facet normal -3.820777237e-01 5.966177583e-01 -7.057363987e-01
    outer loop
      vertex -7.777940948e-03 7.056220435e-03 -9.578296915e-03
      vertex -8.501446806e-03 6.878301036e-03 -9.337009862e-03
      vertex -8.501657285e-03 8.061433211e-03 -8.336694911e-03
    endloop
  endfacet
  facet normal -3.820776641e-01 5.966178179e-01 -7.057363987e-01
    outer loop
      vertex -7.777940948e-03 7.056220435e-03 -9.578296915e-03
      vertex -8.501657285e-03 8.061433211e-03 -8.336694911e-03
      vertex -7.778157014e-03 8.269924670e-03 -8.552134968e-03
    endloop
  endfacet
  facet normal -3.820932806e-01 6.853601336e-01 -6.199082136e-01
    outer loop
      vertex -7.778157014e-03 8.269924670e-03 -8.552134968e-03
      vertex -8.501657285e-03 8.061433211e-03 -8.336694911e-03
      vertex -8.501838893e-03 9.100679308e-03 -7.187610026e-03
    endloop
  endfacet
  facet normal -3.820936084e-01 6.853599548e-01 -6.199082136e-01
    outer loop
      vertex -7.778157014e-03 8.269924670e-03 -8.552134968e-03
      vertex -8.501838893e-03 9.100679308e-03 -7.187610026e-03
      vertex -7.778343279e-03 9.336026385e-03 -7.373356260e-03
    endloop
  endfacet
  facet normal -3.826511800e-01 7.437786460e-01 -5.480614901e-01
    outer loop
      vertex -7.778343279e-03 9.336026385e-03 -7.373356260e-03
      vertex -8.501838893e-03 9.100679308e-03 -7.187610026e-03
      vertex -8.036345243e-03 9.998588823e-03 -6.294053514e-03
    endloop
  endfacet
  facet normal -3.252216876e-01 7.692584991e-01 -5.499747992e-01
    outer loop
      vertex -7.778343279e-03 9.336026385e-03 -7.373356260e-03
      vertex -8.036345243e-03 9.998588823e-03 -6.294053514e-03
      vertex -7.781640161e-03 9.998640046e-03 -6.444599014e-03
    endloop
  endfacet
  facet normal -3.823539913e-01 7.546533942e-01 5.332013965e-01
    outer loop
      vertex -7.732904050e-03 9.998404421e-03 6.468491163e-03
      vertex -8.501628414e-03 9.100407362e-03 7.188202813e-03
      vertex -7.778128143e-03 9.335746989e-03 7.373936474e-03
    endloop
  endfacet
  facet normal -3.820751905e-01 6.853365898e-01 6.199454665e-01
    outer loop
      vertex -7.778128143e-03 9.335746989e-03 7.373936474e-03
      vertex -8.501628414e-03 9.100407362e-03 7.188202813e-03
      vertex -8.501414210e-03 8.061117493e-03 8.337249048e-03
    endloop
  endfacet
  facet normal -3.820748627e-01 6.853365302e-01 6.199456453e-01
    outer loop
      vertex -7.778128143e-03 9.335746989e-03 7.373936474e-03
      vertex -8.501414210e-03 8.061117493e-03 8.337249048e-03
      vertex -7.777907886e-03 8.269600570e-03 8.552674204e-03
    endloop
  endfacet
  facet normal -3.820567131e-01 5.965911746e-01 7.057702541e-01
    outer loop
      vertex -7.777907886e-03 8.269600570e-03 8.552674204e-03
      vertex -8.501414210e-03 8.061117493e-03 8.337249048e-03
      vertex -8.501173928e-03 6.877947599e-03 9.337517433e-03
    endloop
  endfacet
  facet normal -3.820571303e-01 5.965912342e-01 7.057699561e-01
    outer loop
      vertex -7.777907886e-03 8.269600570e-03 8.552674204e-03
      vertex -8.501173928e-03 6.877947599e-03 9.337517433e-03
      vertex -7.777661551e-03 7.055857684e-03 9.578791447e-03
    endloop
  endfacet
  facet normal -3.820371330e-01 4.971983135e-01 7.790002823e-01
    outer loop
      vertex -7.777661551e-03 7.055857684e-03 9.578791447e-03
      vertex -8.501173928e-03 6.877947599e-03 9.337517433e-03
      vertex -8.500913158e-03 5.572012160e-03 1.017116103e-02
    endloop
  endfacet
  facet normal -3.820373416e-01 4.971983731e-01 7.790001631e-01
    outer loop
      vertex -7.777661551e-03 7.055857684e-03 9.578791447e-03
      vertex -8.500913158e-03 5.572012160e-03 1.017116103e-02
      vertex -7.777393796e-03 5.716175772e-03 1.043397654e-02
    endloop
  endfacet
  facet normal -3.820158839e-01 3.889312148e-01 8.383294940e-01
    outer loop
      vertex -7.777393796e-03 5.716175772e-03 1.043397654e-02
      vertex -8.500913158e-03 5.572012160e-03 1.017116103e-02
      vertex -8.500635624e-03 4.166614730e-03 1.082330197e-02
    endloop
  endfacet
  facet normal -3.820162416e-01 3.889313340e-01 8.383293152e-01
    outer loop
      vertex -7.777393796e-03 5.716175772e-03 1.043397654e-02
      vertex -8.500635624e-03 4.166614730e-03 1.082330197e-02
      vertex -7.777109742e-03 4.274461884e-03 1.110296976e-02
    endloop
  endfacet
  facet normal -3.819936812e-01 2.737228572e-01 8.826984763e-01
    outer loop
      vertex -7.777109742e-03 4.274461884e-03 1.110296976e-02
      vertex -8.500635624e-03 4.166614730e-03 1.082330197e-02
      vertex -8.500347845e-03 2.686834894e-03 1.128230337e-02
    endloop
  endfacet
  facet normal -3.819934726e-01 2.737227678e-01 8.826985955e-01
    outer loop
      vertex -7.777109742e-03 4.274461884e-03 1.110296976e-02
      vertex -8.500347845e-03 2.686834894e-03 1.128230337e-02
      vertex -7.776813582e-03 2.756444039e-03 1.157383155e-02
    endloop
  endfacet
  facet normal -3.819701672e-01 1.536286473e-01 9.113160968e-01
    outer loop
      vertex -7.776813582e-03 2.756444039e-03 1.157383155e-02
      vertex -8.500347845e-03 2.686834894e-03 1.128230337e-02
      vertex -8.500052616e-03 1.159079722e-03 1.153997425e-02
    endloop
  endfacet
  facet normal -3.819699883e-01 1.536285728e-01 9.113161564e-01
    outer loop
      vertex -7.776813582e-03 2.756444039e-03 1.157383155e-02
      vertex -8.500052616e-03 1.159079722e-03 1.153997425e-02
      vertex -7.776511367e-03 1.189210801e-03 1.183816046e-02
    endloop
  endfacet
  facet normal -3.819464147e-01 3.079148196e-02 9.236713648e-01
    outer loop
      vertex -7.776511367e-03 1.189210801e-03 1.183816046e-02
      vertex -8.500052616e-03 1.159079722e-03 1.153997425e-02
      vertex -8.499757387e-03 -3.893881221e-04 1.159171667e-02
    endloop
  endfacet
  facet normal -3.819459677e-01 3.079124168e-02 9.236716032e-01
    outer loop
      vertex -7.776511367e-03 1.189210801e-03 1.183816046e-02
      vertex -8.499757387e-03 -3.893881221e-04 1.159171667e-02
      vertex -7.776207756e-03 -3.992704733e-04 1.189123932e-02
    endloop
  endfacet
  facet normal -3.819225132e-01 -9.259705991e-02 9.195439219e-01
    outer loop
      vertex -7.776207756e-03 -3.992704733e-04 1.189123932e-02
      vertex -8.499757387e-03 -3.893881221e-04 1.159171667e-02
      vertex -8.499465883e-03 -1.930936240e-03 1.143660489e-02
    endloop
  endfacet
  facet normal -3.819224536e-01 -9.259709716e-02 9.195439219e-01
    outer loop
      vertex -7.776207756e-03 -3.992704733e-04 1.189123932e-02
      vertex -8.499465883e-03 -1.930936240e-03 1.143660489e-02
      vertex -7.775908802e-03 -1.980653033e-03 1.173212007e-02
    endloop
  endfacet
  facet normal -3.818995655e-01 -2.143336684e-01 8.990071416e-01
    outer loop
      vertex -7.775908802e-03 -1.980653033e-03 1.173212007e-02
      vertex -8.499465883e-03 -1.930936240e-03 1.143660489e-02
      vertex -8.499183692e-03 -3.438055748e-03 1.107741054e-02
    endloop
  endfacet
  facet normal -3.819000125e-01 -2.143333852e-01 8.990070224e-01
    outer loop
      vertex -7.775908802e-03 -1.980653033e-03 1.173212007e-02
      vertex -8.499183692e-03 -3.438055748e-03 1.107741054e-02
      vertex -7.775619626e-03 -3.526717424e-03 1.136364322e-02
    endloop
  endfacet
  facet normal -3.818780780e-01 -3.322470486e-01 8.624274135e-01
    outer loop
      vertex -7.775619626e-03 -3.526717424e-03 1.136364322e-02
      vertex -8.499183692e-03 -3.438055748e-03 1.107741054e-02
      vertex -8.498916402e-03 -4.883851856e-03 1.052054111e-02
    endloop
  endfacet
  facet normal -3.818777800e-01 -3.322472274e-01 8.624274731e-01
    outer loop
      vertex -7.775619626e-03 -3.526717424e-03 1.136364322e-02
      vertex -8.498916402e-03 -4.883851856e-03 1.052054111e-02
      vertex -7.775345817e-03 -5.009873770e-03 1.079238392e-02
    endloop
  endfacet
  facet normal -3.818572164e-01 -4.442329109e-01 8.104580045e-01
    outer loop
      vertex -7.775345817e-03 -5.009873770e-03 1.079238392e-02
      vertex -8.498916402e-03 -4.883851856e-03 1.052054111e-02
      vertex -8.498668671e-03 -6.242523901e-03 9.775934741e-03
    endloop
  endfacet
  facet normal -3.818575144e-01 -4.442327023e-01 8.104580045e-01
    outer loop
      vertex -7.775345817e-03 -5.009873770e-03 1.079238392e-02
      vertex -8.498668671e-03 -6.242523901e-03 9.775934741e-03
      vertex -7.775091100e-03 -6.403655279e-03 1.002853643e-02
    endloop
  endfacet
  facet normal -3.818386495e-01 -5.482923985e-01 7.440260053e-01
    outer loop
      vertex -7.775091100e-03 -6.403655279e-03 1.002853643e-02
      vertex -8.498668671e-03 -6.242523901e-03 9.775934741e-03
      vertex -8.498444222e-03 -7.489827927e-03 8.856878616e-03
    endloop
  endfacet
  facet normal -3.818381429e-01 -5.482927561e-01 7.440260053e-01
    outer loop
      vertex -7.775091100e-03 -6.403655279e-03 1.002853643e-02
      vertex -8.498444222e-03 -7.489827927e-03 8.856878616e-03
      vertex -7.774861064e-03 -7.683189586e-03 9.085731581e-03
    endloop
  endfacet
  facet normal -3.818213046e-01 -6.425695419e-01 6.643168926e-01
    outer loop
      vertex -7.774861064e-03 -7.683189586e-03 9.085731581e-03
      vertex -8.498444222e-03 -7.489827927e-03 8.856878616e-03
      vertex -8.498247713e-03 -8.603503928e-03 7.779773325e-03
    endloop
  endfacet
  facet normal -3.818214238e-01 -6.425694227e-01 6.643168926e-01
    outer loop
      vertex -7.774861064e-03 -7.683189586e-03 9.085731581e-03
      vertex -8.498247713e-03 -8.603503928e-03 7.779773325e-03
      vertex -7.774659898e-03 -8.825643919e-03 7.980793715e-03
    endloop
  endfacet
  facet normal -3.818069994e-01 -7.253804803e-01 5.727534890e-01
    outer loop
      vertex -7.774659898e-03 -8.825643919e-03 7.980793715e-03
      vertex -8.498247713e-03 -8.603503928e-03 7.779773325e-03
      vertex -8.498082869e-03 -9.563679807e-03 6.563840434e-03
    endloop
  endfacet
  facet normal -3.818064928e-01 -7.253808379e-01 5.727533698e-01
    outer loop
      vertex -7.774659898e-03 -8.825643919e-03 7.980793715e-03
      vertex -8.498082869e-03 -9.563679807e-03 6.563840434e-03
      vertex -7.774490397e-03 -9.810630232e-03 6.733439863e-03
    endloop
  endfacet
  facet normal -3.823502660e-01 -7.439123392e-01 5.480900407e-01
    outer loop
      vertex -7.774490397e-03 -9.810630232e-03 6.733439863e-03
      vertex -8.498082869e-03 -9.563679807e-03 6.563840434e-03
      vertex -8.032352664e-03 -1.000164915e-02 6.294288207e-03
    endloop
  endfacet
  facet normal -2.833310366e-01 -8.073792458e-01 5.175541043e-01
    outer loop
      vertex -7.774490397e-03 -9.810630232e-03 6.733439863e-03
      vertex -8.032352664e-03 -1.000164915e-02 6.294288207e-03
      vertex -7.658519316e-03 -1.000158209e-02 6.499045063e-03
    endloop
  endfacet
  facet normal -6.085785627e-01 -6.622716188e-01 -4.370680153e-01
    outer loop
      vertex -8.684951812e-03 -1.000154763e-02 -5.640163086e-03
      vertex -9.119665250e-03 -9.170496836e-03 -6.294119172e-03
      vertex -8.498273790e-03 -9.563431144e-03 -6.563954987e-03
    endloop
  endfacet
  facet normal -6.077933311e-01 -6.232447624e-01 -4.920907021e-01
    outer loop
      vertex -8.498273790e-03 -9.563431144e-03 -6.563954987e-03
      vertex -9.119665250e-03 -9.170496836e-03 -6.294119172e-03
      vertex -9.119858034e-03 -8.249746636e-03 -7.460034918e-03
    endloop
  endfacet
  facet normal -6.077930331e-01 -6.232448220e-01 -4.920910001e-01
    outer loop
      vertex -8.498273790e-03 -9.563431144e-03 -6.563954987e-03
      vertex -9.119858034e-03 -8.249746636e-03 -7.460034918e-03
      vertex -8.498474956e-03 -8.603208698e-03 -7.779851090e-03
    endloop
  endfacet
  facet normal -6.078076959e-01 -5.520948172e-01 -5.707548857e-01
    outer loop
      vertex -8.498474956e-03 -8.603208698e-03 -7.779851090e-03
      vertex -9.119858034e-03 -8.249746636e-03 -7.460034918e-03
      vertex -9.120075963e-03 -7.181810681e-03 -8.492823690e-03
    endloop
  endfacet
  facet normal -6.078084707e-01 -5.520947576e-01 -5.707541108e-01
    outer loop
      vertex -8.498474956e-03 -8.603208698e-03 -7.779851090e-03
      vertex -9.120075963e-03 -7.181810681e-03 -8.492823690e-03
      vertex -8.498702198e-03 -7.489492651e-03 -8.856914937e-03
    endloop
  endfacet
  facet normal -6.078249216e-01 -4.710942209e-01 -6.392331719e-01
    outer loop
      vertex -8.498702198e-03 -7.489492651e-03 -8.856914937e-03
      vertex -9.120075963e-03 -7.181810681e-03 -8.492823690e-03
      vertex -9.120317176e-03 -5.985746160e-03 -9.374055080e-03
    endloop
  endfacet
  facet normal -6.078240871e-01 -4.710941613e-01 -6.392340660e-01
    outer loop
      vertex -8.498702198e-03 -7.489492651e-03 -8.856914937e-03
      vertex -9.120317176e-03 -5.985746160e-03 -9.374055080e-03
      vertex -8.498953655e-03 -6.242153700e-03 -9.775922634e-03
    endloop
  endfacet
  facet normal -6.078419089e-01 -3.816892207e-01 -6.963056326e-01
    outer loop
      vertex -8.498953655e-03 -6.242153700e-03 -9.775922634e-03
      vertex -9.120317176e-03 -5.985746160e-03 -9.374055080e-03
      vertex -9.120575152e-03 -4.682896659e-03 -1.008800417e-02
    endloop
  endfacet
  facet normal -6.078426242e-01 -3.816893697e-01 -6.963049173e-01
    outer loop
      vertex -8.498953655e-03 -6.242153700e-03 -9.775922634e-03
      vertex -9.120575152e-03 -4.682896659e-03 -1.008800417e-02
      vertex -8.499222808e-03 -4.883453250e-03 -1.052047871e-02
    endloop
  endfacet
  facet normal -6.078616381e-01 -2.854751050e-01 -7.409508824e-01
    outer loop
      vertex -8.499222808e-03 -4.883453250e-03 -1.052047871e-02
      vertex -9.120575152e-03 -4.682896659e-03 -1.008800417e-02
      vertex -9.120847099e-03 -3.296511946e-03 -1.062193047e-02
    endloop
  endfacet
  facet normal -6.078611016e-01 -2.854749262e-01 -7.409513593e-01
    outer loop
      vertex -8.499222808e-03 -4.883453250e-03 -1.052047871e-02
      vertex -9.120847099e-03 -3.296511946e-03 -1.062193047e-02
      vertex -8.499506861e-03 -3.437636187e-03 -1.107729226e-02
    endloop
  endfacet
  facet normal -6.078808308e-01 -1.841685772e-01 -7.723748088e-01
    outer loop
      vertex -8.499506861e-03 -3.437636187e-03 -1.107729226e-02
      vertex -9.120847099e-03 -3.296511946e-03 -1.062193047e-02
      vertex -9.121127427e-03 -1.851331792e-03 -1.096630469e-02
    endloop
  endfacet
  facet normal -6.078810096e-01 -1.841686517e-01 -7.723746300e-01
    outer loop
      vertex -8.499506861e-03 -3.437636187e-03 -1.107729226e-02
      vertex -9.121127427e-03 -1.851331792e-03 -1.096630469e-02
      vertex -8.499799296e-03 -1.930502942e-03 -1.143643074e-02
    endloop
  endfacet
  facet normal -6.079011559e-01 -7.957804948e-02 -7.900148630e-01
    outer loop
      vertex -8.499799296e-03 -1.930502942e-03 -1.143643074e-02
      vertex -9.121127427e-03 -1.851331792e-03 -1.096630469e-02
      vertex -9.121411480e-03 -3.731456236e-04 -1.111498382e-02
    endloop
  endfacet
  facet normal -6.079012156e-01 -7.957806438e-02 -7.900148630e-01
    outer loop
      vertex -8.499799296e-03 -1.930502942e-03 -1.143643074e-02
      vertex -9.121411480e-03 -3.731456236e-04 -1.111498382e-02
      vertex -8.500095457e-03 -3.889490617e-04 -1.159148291e-02
    endloop
  endfacet
  facet normal -6.079214811e-01 2.643128857e-02 -7.935571074e-01
    outer loop
      vertex -8.500095457e-03 -3.889490617e-04 -1.159148291e-02
      vertex -9.121411480e-03 -3.731456236e-04 -1.111498382e-02
      vertex -9.121693671e-03 1.111668302e-03 -1.106531266e-02
    endloop
  endfacet
  facet normal -6.079214811e-01 2.643125318e-02 -7.935570478e-01
    outer loop
      vertex -8.500095457e-03 -3.889490617e-04 -1.159148291e-02
      vertex -9.121693671e-03 1.111668302e-03 -1.106531266e-02
      vertex -8.500388823e-03 1.159516862e-03 -1.153968275e-02
    endloop
  endfacet
  facet normal -6.079414487e-01 1.319660097e-01 -7.829381824e-01
    outer loop
      vertex -8.500388823e-03 1.159516862e-03 -1.153968275e-02
      vertex -9.121693671e-03 1.111668302e-03 -1.106531266e-02
      vertex -9.121969342e-03 2.576613333e-03 -1.081817877e-02
    endloop
  endfacet
  facet normal -6.079409122e-01 1.319664121e-01 -7.829384804e-01
    outer loop
      vertex -8.500388823e-03 1.159516862e-03 -1.153968275e-02
      vertex -9.121969342e-03 2.576613333e-03 -1.081817877e-02
      vertex -8.500676602e-03 2.687262138e-03 -1.128195412e-02
    endloop
  endfacet
  facet normal -6.079602242e-01 2.351446748e-01 -7.583478093e-01
    outer loop
      vertex -8.500676602e-03 2.687262138e-03 -1.128195412e-02
      vertex -9.121969342e-03 2.576613333e-03 -1.081817877e-02
      vertex -9.122232907e-03 3.995548002e-03 -1.037799101e-02
    endloop
  endfacet
  facet normal -6.079605818e-01 2.351443470e-01 -7.583475709e-01
    outer loop
      vertex -8.500676602e-03 2.687262138e-03 -1.128195412e-02
      vertex -9.122232907e-03 3.995548002e-03 -1.037799101e-02
      vertex -8.500951342e-03 4.167024512e-03 -1.082289685e-02
    endloop
  endfacet
  facet normal -6.079789400e-01 3.341239393e-01 -7.202241421e-01
    outer loop
      vertex -8.500951342e-03 4.167024512e-03 -1.082289685e-02
      vertex -9.122232907e-03 3.995548002e-03 -1.037799101e-02
      vertex -9.122480638e-03 5.343150813e-03 -9.752606973e-03
    endloop
  endfacet
  facet normal -6.079789996e-01 3.341238499e-01 -7.202240825e-01
    outer loop
      vertex -8.500951342e-03 4.167024512e-03 -1.082289685e-02
      vertex -9.122480638e-03 5.343150813e-03 -9.752606973e-03
      vertex -8.501210250e-03 5.572397262e-03 -1.017070282e-02
    endloop
  endfacet
  facet normal -6.079959869e-01 4.271394908e-01 -6.692478657e-01
    outer loop
      vertex -8.501210250e-03 5.572397262e-03 -1.017070282e-02
      vertex -9.122480638e-03 5.343150813e-03 -9.752606973e-03
      vertex -9.122706950e-03 6.595374085e-03 -8.953184821e-03
    endloop
  endfacet
  facet normal -6.079953909e-01 4.271400869e-01 -6.692480445e-01
    outer loop
      vertex -8.501210250e-03 5.572397262e-03 -1.017070282e-02
      vertex -9.122706950e-03 6.595374085e-03 -8.953184821e-03
      vertex -8.501446806e-03 6.878301036e-03 -9.337009862e-03
    endloop
  endfacet
  facet normal -6.080107689e-01 5.125309229e-01 -6.063290834e-01
    outer loop
      vertex -8.501446806e-03 6.878301036e-03 -9.337009862e-03
      vertex -9.122706950e-03 6.595374085e-03 -8.953184821e-03
      vertex -9.122909047e-03 7.729871664e-03 -7.993989624e-03
    endloop
  endfacet
  facet normal -6.080110669e-01 5.125306249e-01 -6.063290238e-01
    outer loop
      vertex -8.501446806e-03 6.878301036e-03 -9.337009862e-03
      vertex -9.122909047e-03 7.729871664e-03 -7.993989624e-03
      vertex -8.501657285e-03 8.061433211e-03 -8.336694911e-03
    endloop
  endfacet
  facet normal -6.080244780e-01 5.887737870e-01 -5.325896144e-01
    outer loop
      vertex -8.501657285e-03 8.061433211e-03 -8.336694911e-03
      vertex -9.122909047e-03 7.729871664e-03 -7.993989624e-03
      vertex -9.123083204e-03 8.726397529e-03 -6.892138161e-03
    endloop
  endfacet
  facet normal -6.080248356e-01 5.887733698e-01 -5.325896144e-01
    outer loop
      vertex -8.501657285e-03 8.061433211e-03 -8.336694911e-03
      vertex -9.123083204e-03 8.726397529e-03 -6.892138161e-03
      vertex -8.501838893e-03 9.100679308e-03 -7.187610026e-03
    endloop
  endfacet
  facet normal -6.080361605e-01 6.545073986e-01 -4.493463039e-01
    outer loop
      vertex -8.501838893e-03 9.100679308e-03 -7.187610026e-03
      vertex -9.123083204e-03 8.726397529e-03 -6.892138161e-03
      vertex -9.123225696e-03 9.567170404e-03 -5.667295307e-03
    endloop
  endfacet
  facet normal -6.080365777e-01 6.545069814e-01 -4.493463337e-01
    outer loop
      vertex -8.501838893e-03 9.100679308e-03 -7.187610026e-03
      vertex -9.123225696e-03 9.567170404e-03 -5.667295307e-03
      vertex -8.501986973e-03 9.977495298e-03 -5.910260137e-03
    endloop
  endfacet
  facet normal -6.068059206e-01 6.380196214e-01 -4.740438163e-01
    outer loop
      vertex -8.501986973e-03 9.977495298e-03 -5.910260137e-03
      vertex -9.123225696e-03 9.567170404e-03 -5.667295307e-03
      vertex -8.582247421e-03 9.998474270e-03 -5.779285915e-03
    endloop
  endfacet
  facet normal -3.858273327e-01 8.443863988e-01 -3.716838062e-01
    outer loop
      vertex -8.501986973e-03 9.977495298e-03 -5.910260137e-03
      vertex -8.582247421e-03 9.998474270e-03 -5.779285915e-03
      vertex -8.230563253e-03 9.998548776e-03 -6.144185085e-03
    endloop
  endfacet
  facet normal -6.070924401e-01 6.414828897e-01 4.689759910e-01
    outer loop
      vertex -8.688597009e-03 9.998237714e-03 5.640416406e-03
      vertex -9.123059921e-03 9.566956200e-03 5.667923950e-03
      vertex -8.501814678e-03 9.977271780e-03 5.910885520e-03
    endloop
  endfacet
  facet normal -6.080231667e-01 6.544903517e-01 4.493887126e-01
    outer loop
      vertex -8.501814678e-03 9.977271780e-03 5.910885520e-03
      vertex -9.123059921e-03 9.566956200e-03 5.667923950e-03
      vertex -9.122882038e-03 8.726136759e-03 6.892735604e-03
    endloop
  endfacet
  facet normal -6.080230474e-01 6.544903517e-01 4.493888021e-01
    outer loop
      vertex -8.501814678e-03 9.977271780e-03 5.910885520e-03
      vertex -9.122882038e-03 8.726136759e-03 6.892735604e-03
      vertex -8.501628414e-03 9.100407362e-03 7.188202813e-03
    endloop
  endfacet
  facet normal -6.080093384e-01 5.887532830e-01 5.326295495e-01
    outer loop
      vertex -8.501628414e-03 9.100407362e-03 7.188202813e-03
      vertex -9.122882038e-03 8.726136759e-03 6.892735604e-03
      vertex -9.122676216e-03 7.729568519e-03 7.994547486e-03
    endloop
  endfacet
  facet normal -6.080089211e-01 5.887533426e-01 5.326299071e-01
    outer loop
      vertex -8.501628414e-03 9.100407362e-03 7.188202813e-03
      vertex -9.122676216e-03 7.729568519e-03 7.994547486e-03
      vertex -8.501414210e-03 8.061117493e-03 8.337249048e-03
    endloop
  endfacet
  facet normal -6.079933643e-01 5.125076771e-01 6.063661575e-01
    outer loop
      vertex -8.501414210e-03 8.061117493e-03 8.337249048e-03
      vertex -9.122676216e-03 7.729568519e-03 7.994547486e-03
      vertex -9.122446179e-03 6.595034618e-03 8.953699842e-03
    endloop
  endfacet
  facet normal -6.079933643e-01 5.125076771e-01 6.063662171e-01
    outer loop
      vertex -8.501414210e-03 8.061117493e-03 8.337249048e-03
      vertex -9.122446179e-03 6.595034618e-03 8.953699842e-03
      vertex -8.501173928e-03 6.877947599e-03 9.337517433e-03
    endloop
  endfacet
  facet normal -6.079761982e-01 4.271144569e-01 6.692818403e-01
    outer loop
      vertex -8.501173928e-03 6.877947599e-03 9.337517433e-03
      vertex -9.122446179e-03 6.595034618e-03 8.953699842e-03
      vertex -9.122195654e-03 5.342781544e-03 9.753075428e-03
    endloop
  endfacet
  facet normal -6.079761982e-01 4.271144569e-01 6.692818403e-01
    outer loop
      vertex -8.501173928e-03 6.877947599e-03 9.337517433e-03
      vertex -9.122195654e-03 5.342781544e-03 9.753075428e-03
      vertex -8.500913158e-03 5.572012160e-03 1.017116103e-02
    endloop
  endfacet
  facet normal -6.079577208e-01 3.340969384e-01 7.202546000e-01
    outer loop
      vertex -8.500913158e-03 5.572012160e-03 1.017116103e-02
      vertex -9.122195654e-03 5.342781544e-03 9.753075428e-03
      vertex -9.121930227e-03 3.995154984e-03 1.037840918e-02
    endloop
  endfacet
  facet normal -6.079575419e-01 3.340969086e-01 7.202547193e-01
    outer loop
      vertex -8.500913158e-03 5.572012160e-03 1.017116103e-02
      vertex -9.121930227e-03 3.995154984e-03 1.037840918e-02
      vertex -8.500635624e-03 4.166614730e-03 1.082330197e-02
    endloop
  endfacet
  facet normal -6.079381108e-01 2.351157218e-01 7.583744526e-01
    outer loop
      vertex -8.500635624e-03 4.166614730e-03 1.082330197e-02
      vertex -9.121930227e-03 3.995154984e-03 1.037840918e-02
      vertex -9.121653624e-03 2.576203551e-03 1.081854291e-02
    endloop
  endfacet
  facet normal -6.079381108e-01 2.351157069e-01 7.583745122e-01
    outer loop
      vertex -8.500635624e-03 4.166614730e-03 1.082330197e-02
      vertex -9.121653624e-03 2.576203551e-03 1.081854291e-02
      vertex -8.500347845e-03 2.686834894e-03 1.128230337e-02
    endloop
  endfacet
  facet normal -6.079180837e-01 1.319364160e-01 7.829613090e-01
    outer loop
      vertex -8.500347845e-03 2.686834894e-03 1.128230337e-02
      vertex -9.121653624e-03 2.576203551e-03 1.081854291e-02
      vertex -9.121370502e-03 1.111249207e-03 1.106562093e-02
    endloop
  endfacet
  facet normal -6.079186201e-01 1.319366843e-01 7.829608321e-01
    outer loop
      vertex -8.500347845e-03 2.686834894e-03 1.128230337e-02
      vertex -9.121370502e-03 1.111249207e-03 1.106562093e-02
      vertex -8.500052616e-03 1.159079722e-03 1.153997425e-02
    endloop
  endfacet
  facet normal -6.078983545e-01 2.640122734e-02 7.935758233e-01
    outer loop
      vertex -8.500052616e-03 1.159079722e-03 1.153997425e-02
      vertex -9.121370502e-03 1.111249207e-03 1.106562093e-02
      vertex -9.121087380e-03 -3.735666687e-04 1.111523621e-02
    endloop
  endfacet
  facet normal -6.078982949e-01 2.640119568e-02 7.935758233e-01
    outer loop
      vertex -8.500052616e-03 1.159079722e-03 1.153997425e-02
      vertex -9.121087380e-03 -3.735666687e-04 1.111523621e-02
      vertex -8.499757387e-03 -3.893881221e-04 1.159171667e-02
    endloop
  endfacet
  facet normal -6.078781486e-01 -7.960797101e-02 7.900295854e-01
    outer loop
      vertex -8.499757387e-03 -3.893881221e-04 1.159171667e-02
      vertex -9.121087380e-03 -3.735666687e-04 1.111523621e-02
      vertex -9.120807983e-03 -1.851747162e-03 1.096650120e-02
    endloop
  endfacet
  facet normal -6.078781486e-01 -7.960798591e-02 7.900295854e-01
    outer loop
      vertex -8.499757387e-03 -3.893881221e-04 1.159171667e-02
      vertex -9.120807983e-03 -1.851747162e-03 1.096650120e-02
      vertex -8.499465883e-03 -1.930936240e-03 1.143660489e-02
    endloop
  endfacet
  facet normal -6.078584790e-01 -1.841978133e-01 7.723854184e-01
    outer loop
      vertex -8.499465883e-03 -1.930936240e-03 1.143660489e-02
      vertex -9.120807983e-03 -1.851747162e-03 1.096650120e-02
      vertex -9.120537899e-03 -3.296914278e-03 1.062207110e-02
    endloop
  endfacet
  facet normal -6.078583002e-01 -1.841979325e-01 7.723855376e-01
    outer loop
      vertex -8.499465883e-03 -1.930936240e-03 1.143660489e-02
      vertex -9.120537899e-03 -3.296914278e-03 1.062207110e-02
      vertex -8.499183692e-03 -3.438055748e-03 1.107741054e-02
    endloop
  endfacet
  facet normal -6.078394651e-01 -2.855031192e-01 7.409582734e-01
    outer loop
      vertex -8.499183692e-03 -3.438055748e-03 1.107741054e-02
      vertex -9.120537899e-03 -3.296914278e-03 1.062207110e-02
      vertex -9.120281786e-03 -4.683278501e-03 1.008809358e-02
    endloop
  endfacet
  facet normal -6.078393459e-01 -2.855032384e-01 7.409583330e-01
    outer loop
      vertex -8.499183692e-03 -3.438055748e-03 1.107741054e-02
      vertex -9.120281786e-03 -4.683278501e-03 1.008809358e-02
      vertex -8.498916402e-03 -4.883851856e-03 1.052054111e-02
    endloop
  endfacet
  facet normal -6.078217030e-01 -3.817157745e-01 6.963087320e-01
    outer loop
      vertex -8.498916402e-03 -4.883851856e-03 1.052054111e-02
      vertex -9.120281786e-03 -4.683278501e-03 1.008809358e-02
      vertex -9.120043367e-03 -5.986100994e-03 9.374095127e-03
    endloop
  endfacet
  facet normal -6.078216434e-01 -3.817158341e-01 6.963087916e-01
    outer loop
      vertex -8.498916402e-03 -4.883851856e-03 1.052054111e-02
      vertex -9.120043367e-03 -5.986100994e-03 9.374095127e-03
      vertex -8.498668671e-03 -6.242523901e-03 9.775934741e-03
    endloop
  endfacet
  facet normal -6.078054309e-01 -4.711186588e-01 6.392337084e-01
    outer loop
      vertex -8.498668671e-03 -6.242523901e-03 9.775934741e-03
      vertex -9.120043367e-03 -5.986100994e-03 9.374095127e-03
      vertex -9.119828232e-03 -7.182131987e-03 8.492818102e-03
    endloop
  endfacet
  facet normal -6.078056693e-01 -4.711184204e-01 6.392336488e-01
    outer loop
      vertex -8.498668671e-03 -6.242523901e-03 9.775934741e-03
      vertex -9.119828232e-03 -7.182131987e-03 8.492818102e-03
      vertex -8.498444222e-03 -7.489827927e-03 8.856878616e-03
    endloop
  endfacet
  facet normal -6.077913046e-01 -5.521162748e-01 5.707515478e-01
    outer loop
      vertex -8.498444222e-03 -7.489827927e-03 8.856878616e-03
      vertex -9.119828232e-03 -7.182131987e-03 8.492818102e-03
      vertex -9.119640104e-03 -8.250028826e-03 7.459988818e-03
    endloop
  endfacet
  facet normal -6.077910662e-01 -5.521165729e-01 5.707515478e-01
    outer loop
      vertex -8.498444222e-03 -7.489827927e-03 8.856878616e-03
      vertex -9.119640104e-03 -8.250028826e-03 7.459988818e-03
      vertex -8.498247713e-03 -8.603503928e-03 7.779773325e-03
    endloop
  endfacet
  facet normal -6.077786684e-01 -6.232635975e-01 4.920849204e-01
    outer loop
      vertex -8.498247713e-03 -8.603503928e-03 7.779773325e-03
      vertex -9.119640104e-03 -8.250028826e-03 7.459988818e-03
      vertex -9.119481780e-03 -9.170735255e-03 6.294038147e-03
    endloop
  endfacet
  facet normal -6.077787876e-01 -6.232635379e-01 4.920849204e-01
    outer loop
      vertex -8.498247713e-03 -8.603503928e-03 7.779773325e-03
      vertex -9.119481780e-03 -9.170735255e-03 6.294038147e-03
      vertex -8.498082869e-03 -9.563679807e-03 6.563840434e-03
    endloop
  endfacet
  facet normal -6.084876060e-01 -6.662088037e-01 4.311712682e-01
    outer loop
      vertex -8.498082869e-03 -9.563679807e-03 6.563840434e-03
      vertex -9.119481780e-03 -9.170735255e-03 6.294038147e-03
      vertex -8.848689497e-03 -1.000178792e-02 5.392121617e-03
    endloop
  endfacet
  facet normal -6.171388030e-01 -6.584157944e-01 4.308460951e-01
    outer loop
      vertex -8.498082869e-03 -9.563679807e-03 6.563840434e-03
      vertex -8.848689497e-03 -1.000178792e-02 5.392121617e-03
      vertex -8.578269742e-03 -1.000174321e-02 5.779535975e-03
    endloop
  endfacet
  facet normal -7.932811975e-01 5.343108773e-01 -2.919192612e-01
    outer loop
      vertex -9.153466672e-03 9.998347610e-03 -4.795916844e-03
      vertex -9.123225696e-03 9.567170404e-03 -5.667295307e-03
      vertex -9.599874727e-03 9.032489732e-03 -5.350663792e-03
    endloop
  endfacet
  facet normal -7.927958965e-01 5.024501085e-01 -3.449905813e-01
    outer loop
      vertex -9.599874727e-03 9.032489732e-03 -5.350663792e-03
      vertex -9.123225696e-03 9.567170404e-03 -5.667295307e-03
      vertex -9.123083204e-03 8.726397529e-03 -6.892138161e-03
    endloop
  endfacet
  facet normal -7.927959561e-01 5.024501085e-01 -3.449905813e-01
    outer loop
      vertex -9.599874727e-03 9.032489732e-03 -5.350663792e-03
      vertex -9.123083204e-03 8.726397529e-03 -6.892138161e-03
      vertex -9.599740617e-03 8.238688111e-03 -6.507077720e-03
    endloop
  endfacet
  facet normal -7.927872539e-01 4.519815445e-01 -4.089022875e-01
    outer loop
      vertex -9.599740617e-03 8.238688111e-03 -6.507077720e-03
      vertex -9.123083204e-03 8.726397529e-03 -6.892138161e-03
      vertex -9.122909047e-03 7.729871664e-03 -7.993989624e-03
    endloop
  endfacet
  facet normal -7.927873135e-01 4.519813955e-01 -4.089022577e-01
    outer loop
      vertex -9.599740617e-03 8.238688111e-03 -6.507077720e-03
      vertex -9.122909047e-03 7.729871664e-03 -7.993989624e-03
      vertex -9.599576704e-03 7.297834847e-03 -7.547371089e-03
    endloop
  endfacet
  facet normal -7.927770019e-01 3.934442997e-01 -4.655171335e-01
    outer loop
      vertex -9.599576704e-03 7.297834847e-03 -7.547371089e-03
      vertex -9.122909047e-03 7.729871664e-03 -7.993989624e-03
      vertex -9.122706950e-03 6.595374085e-03 -8.953184821e-03
    endloop
  endfacet
  facet normal -7.927772999e-01 3.934438825e-01 -4.655170143e-01
    outer loop
      vertex -9.599576704e-03 7.297834847e-03 -7.547371089e-03
      vertex -9.122706950e-03 6.595374085e-03 -8.953184821e-03
      vertex -9.599385783e-03 6.226718891e-03 -8.452977985e-03
    endloop
  endfacet
  facet normal -7.927654982e-01 3.278832138e-01 -5.138243437e-01
    outer loop
      vertex -9.599385783e-03 6.226718891e-03 -8.452977985e-03
      vertex -9.122706950e-03 6.595374085e-03 -8.953184821e-03
      vertex -9.122480638e-03 5.343150813e-03 -9.752606973e-03
    endloop
  endfacet
  facet normal -7.927653193e-01 3.278835118e-01 -5.138244629e-01
    outer loop
      vertex -9.599385783e-03 6.226718891e-03 -8.452977985e-03
      vertex -9.122480638e-03 5.343150813e-03 -9.752606973e-03
      vertex -9.599171579e-03 5.044454243e-03 -9.207739495e-03
    endloop
  endfacet
  facet normal -7.927522063e-01 2.564686835e-01 -5.529626608e-01
    outer loop
      vertex -9.599171579e-03 5.044454243e-03 -9.207739495e-03
      vertex -9.122480638e-03 5.343150813e-03 -9.752606973e-03
      vertex -9.122232907e-03 3.995548002e-03 -1.037799101e-02
    endloop
  endfacet
  facet normal -7.927519083e-01 2.564691305e-01 -5.529629588e-01
    outer loop
      vertex -9.599171579e-03 5.044454243e-03 -9.207739495e-03
      vertex -9.122232907e-03 3.995548002e-03 -1.037799101e-02
      vertex -9.598937817e-03 3.772138851e-03 -9.798185900e-03
    endloop
  endfacet
  facet normal -7.927378416e-01 1.804752946e-01 -5.822330713e-01
    outer loop
      vertex -9.598937817e-03 3.772138851e-03 -9.798185900e-03
      vertex -9.122232907e-03 3.995548002e-03 -1.037799101e-02
      vertex -9.121969342e-03 2.576613333e-03 -1.081817877e-02
    endloop
  endfacet
  facet normal -7.927382588e-01 1.804747880e-01 -5.822326541e-01
    outer loop
      vertex -9.598937817e-03 3.772138851e-03 -9.798185900e-03
      vertex -9.121969342e-03 2.576613333e-03 -1.081817877e-02
      vertex -9.598688222e-03 2.432476729e-03 -1.021378022e-02
    endloop
  endfacet
  facet normal -7.927234769e-01 1.012576073e-01 -6.011126637e-01
    outer loop
      vertex -9.598688222e-03 2.432476729e-03 -1.021378022e-02
      vertex -9.121969342e-03 2.576613333e-03 -1.081817877e-02
      vertex -9.121693671e-03 1.111668302e-03 -1.106531266e-02
    endloop
  endfacet
  facet normal -7.927233577e-01 1.012576967e-01 -6.011127234e-01
    outer loop
      vertex -9.598688222e-03 2.432476729e-03 -1.021378022e-02
      vertex -9.121693671e-03 1.111668302e-03 -1.106531266e-02
      vertex -9.598428383e-03 1.049374230e-03 -1.044710726e-02
    endloop
  endfacet
  facet normal -7.927080393e-01 2.023109421e-02 -6.092656255e-01
    outer loop
      vertex -9.598428383e-03 1.049374230e-03 -1.044710726e-02
      vertex -9.121693671e-03 1.111668302e-03 -1.106531266e-02
      vertex -9.121411480e-03 -3.731456236e-04 -1.111498382e-02
    endloop
  endfacet
  facet normal -7.927080989e-01 2.023107745e-02 -6.092656255e-01
    outer loop
      vertex -9.598428383e-03 1.049374230e-03 -1.044710726e-02
      vertex -9.121411480e-03 -3.731456236e-04 -1.111498382e-02
      vertex -9.598162025e-03 -3.524868225e-04 -1.049400307e-02
    endloop
  endfacet
  facet normal -7.926925421e-01 -6.115983054e-02 -6.065459847e-01
    outer loop
      vertex -9.598162025e-03 -3.524868225e-04 -1.049400307e-02
      vertex -9.121411480e-03 -3.731456236e-04 -1.111498382e-02
      vertex -9.121127427e-03 -1.851331792e-03 -1.096630469e-02
    endloop
  endfacet
  facet normal -7.926923037e-01 -6.115966663e-02 -6.065462828e-01
    outer loop
      vertex -9.598162025e-03 -3.524868225e-04 -1.049400307e-02
      vertex -9.121127427e-03 -1.851331792e-03 -1.096630469e-02
      vertex -9.597894736e-03 -1.748090377e-03 -1.035363134e-02
    endloop
  endfacet
  facet normal -7.926768064e-01 -1.414614767e-01 -5.930026174e-01
    outer loop
      vertex -9.597894736e-03 -1.748090377e-03 -1.035363134e-02
      vertex -9.121127427e-03 -1.851331792e-03 -1.096630469e-02
      vertex -9.120847099e-03 -3.296511946e-03 -1.062193047e-02
    endloop
  endfacet
  facet normal -7.926771641e-01 -1.414616853e-01 -5.930020809e-01
    outer loop
      vertex -9.597894736e-03 -1.748090377e-03 -1.035363134e-02
      vertex -9.120847099e-03 -3.296511946e-03 -1.062193047e-02
      vertex -9.597629309e-03 -3.112531966e-03 -1.002849545e-02
    endloop
  endfacet
  facet normal -7.926620245e-01 -2.192416936e-01 -5.688760877e-01
    outer loop
      vertex -9.597629309e-03 -3.112531966e-03 -1.002849545e-02
      vertex -9.120847099e-03 -3.296511946e-03 -1.062193047e-02
      vertex -9.120575152e-03 -4.682896659e-03 -1.008800417e-02
    endloop
  endfacet
  facet normal -7.926617265e-01 -2.192415893e-01 -5.688765645e-01
    outer loop
      vertex -9.597629309e-03 -3.112531966e-03 -1.002849545e-02
      vertex -9.120575152e-03 -4.682896659e-03 -1.008800417e-02
      vertex -9.597373195e-03 -4.421462771e-03 -9.524398483e-03
    endloop
  endfacet
  facet normal -7.926471829e-01 -2.931120992e-01 -5.345986485e-01
    outer loop
      vertex -9.597373195e-03 -4.421462771e-03 -9.524398483e-03
      vertex -9.120575152e-03 -4.682896659e-03 -1.008800417e-02
      vertex -9.120317176e-03 -5.985746160e-03 -9.374055080e-03
    endloop
  endfacet
  facet normal -7.926473022e-01 -2.931121290e-01 -5.345985293e-01
    outer loop
      vertex -9.597373195e-03 -4.421462771e-03 -9.524398483e-03
      vertex -9.120317176e-03 -5.985746160e-03 -9.374055080e-03
      vertex -9.597129188e-03 -5.651525222e-03 -8.850336075e-03
    endloop
  endfacet
  facet normal -7.926335931e-01 -3.617548943e-01 -4.907804132e-01
    outer loop
      vertex -9.597129188e-03 -5.651525222e-03 -8.850336075e-03
      vertex -9.120317176e-03 -5.985746160e-03 -9.374055080e-03
      vertex -9.120075963e-03 -7.181810681e-03 -8.492823690e-03
    endloop
  endfacet
  facet normal -7.926335335e-01 -3.617548943e-01 -4.907804132e-01
    outer loop
      vertex -9.597129188e-03 -5.651525222e-03 -8.850336075e-03
      vertex -9.120075963e-03 -7.181810681e-03 -8.492823690e-03
      vertex -9.596901946e-03 -6.780768745e-03 -8.018336259e-03
    endloop
  endfacet
  facet normal -7.926209569e-01 -4.239445627e-01 -4.382043481e-01
    outer loop
      vertex -9.596901946e-03 -6.780768745e-03 -8.018336259e-03
      vertex -9.120075963e-03 -7.181810681e-03 -8.492823690e-03
      vertex -9.119858034e-03 -8.249746636e-03 -7.460034918e-03
    endloop
  endfacet
  facet normal -7.926209569e-01 -4.239445627e-01 -4.382043481e-01
    outer loop
      vertex -9.596901946e-03 -6.780768745e-03 -8.018336259e-03
      vertex -9.119858034e-03 -8.249746636e-03 -7.460034918e-03
      vertex -9.596695192e-03 -7.789041847e-03 -7.043246645e-03
    endloop
  endfacet
  facet normal -7.926096320e-01 -4.785715938e-01 -3.778084219e-01
    outer loop
      vertex -9.596695192e-03 -7.789041847e-03 -7.043246645e-03
      vertex -9.119858034e-03 -8.249746636e-03 -7.460034918e-03
      vertex -9.119665250e-03 -9.170496836e-03 -6.294119172e-03
    endloop
  endfacet
  facet normal -7.926095724e-01 -4.785716236e-01 -3.778085411e-01
    outer loop
      vertex -9.596695192e-03 -7.789041847e-03 -7.043246645e-03
      vertex -9.119665250e-03 -9.170496836e-03 -6.294119172e-03
      vertex -9.596513584e-03 -8.658352308e-03 -5.942468997e-03
    endloop
  endfacet
  facet normal -8.208395839e-01 4.912188649e-01 2.914212942e-01
    outer loop
      vertex -9.376596659e-03 9.998135269e-03 4.166594706e-03
      vertex -9.599857964e-03 9.664917365e-03 4.099410493e-03
      vertex -9.150739759e-03 9.998166002e-03 4.802707583e-03
    endloop
  endfacet
  facet normal -8.074442148e-01 5.264949799e-01 2.661519945e-01
    outer loop
      vertex -9.150739759e-03 9.998166002e-03 4.802707583e-03
      vertex -9.599857964e-03 9.664917365e-03 4.099410493e-03
      vertex -9.599719197e-03 9.032286704e-03 5.351285916e-03
    endloop
  endfacet
  facet normal -7.932682037e-01 5.344330668e-01 2.917307019e-01
    outer loop
      vertex -9.150739759e-03 9.998166002e-03 4.802707583e-03
      vertex -9.599719197e-03 9.032286704e-03 5.351285916e-03
      vertex -9.123059921e-03 9.566956200e-03 5.667923950e-03
    endloop
  endfacet
  facet normal -7.927859426e-01 5.024369955e-01 3.450326920e-01
    outer loop
      vertex -9.123059921e-03 9.566956200e-03 5.667923950e-03
      vertex -9.599719197e-03 9.032286704e-03 5.351285916e-03
      vertex -9.599550627e-03 8.238441311e-03 6.507670041e-03
    endloop
  endfacet
  facet normal -7.927860022e-01 5.024369359e-01 3.450326025e-01
    outer loop
      vertex -9.123059921e-03 9.566956200e-03 5.667923950e-03
      vertex -9.599550627e-03 8.238441311e-03 6.507670041e-03
      vertex -9.122882038e-03 8.726136759e-03 6.892735604e-03
    endloop
  endfacet
  facet normal -7.927754521e-01 4.519657791e-01 4.089425504e-01
    outer loop
      vertex -9.122882038e-03 8.726136759e-03 6.892735604e-03
      vertex -9.599550627e-03 8.238441311e-03 6.507670041e-03
      vertex -9.599356912e-03 7.297548931e-03 7.547926623e-03
    endloop
  endfacet
  facet normal -7.927755713e-01 4.519657493e-01 4.089424014e-01
    outer loop
      vertex -9.122882038e-03 8.726136759e-03 6.892735604e-03
      vertex -9.599356912e-03 7.297548931e-03 7.547926623e-03
      vertex -9.122676216e-03 7.729568519e-03 7.994547486e-03
    endloop
  endfacet
  facet normal -7.927635908e-01 3.934264481e-01 4.655550420e-01
    outer loop
      vertex -9.122676216e-03 7.729568519e-03 7.994547486e-03
      vertex -9.599356912e-03 7.297548931e-03 7.547926623e-03
      vertex -9.599138983e-03 6.226398982e-03 8.453493007e-03
    endloop
  endfacet
  facet normal -7.927635312e-01 3.934264779e-01 4.655551612e-01
    outer loop
      vertex -9.122676216e-03 7.729568519e-03 7.994547486e-03
      vertex -9.599138983e-03 6.226398982e-03 8.453493007e-03
      vertex -9.122446179e-03 6.595034618e-03 8.953699842e-03
    endloop
  endfacet
  facet normal -7.927503586e-01 3.278639019e-01 5.138600469e-01
    outer loop
      vertex -9.122446179e-03 6.595034618e-03 8.953699842e-03
      vertex -9.599138983e-03 6.226398982e-03 8.453493007e-03
      vertex -9.598903358e-03 5.044105463e-03 9.208209813e-03
    endloop
  endfacet
  facet normal -7.927504778e-01 3.278639019e-01 5.138598084e-01
    outer loop
      vertex -9.122446179e-03 6.595034618e-03 8.953699842e-03
      vertex -9.598903358e-03 5.044105463e-03 9.208209813e-03
      vertex -9.122195654e-03 5.342781544e-03 9.753075428e-03
    endloop
  endfacet
  facet normal -7.927362919e-01 2.564478815e-01 5.529951453e-01
    outer loop
      vertex -9.122195654e-03 5.342781544e-03 9.753075428e-03
      vertex -9.598903358e-03 5.044105463e-03 9.208209813e-03
      vertex -9.598651901e-03 3.771767719e-03 9.798607789e-03
    endloop
  endfacet
  facet normal -7.927361727e-01 2.564478517e-01 5.529953241e-01
    outer loop
      vertex -9.122195654e-03 5.342781544e-03 9.753075428e-03
      vertex -9.598651901e-03 3.771767719e-03 9.798607789e-03
      vertex -9.121930227e-03 3.995154984e-03 1.037840918e-02
    endloop
  endfacet
  facet normal -7.927212715e-01 1.804529130e-01 5.822625756e-01
    outer loop
      vertex -9.121930227e-03 3.995154984e-03 1.037840918e-02
      vertex -9.598651901e-03 3.771767719e-03 9.798607789e-03
      vertex -9.598391131e-03 2.432089765e-03 1.021415181e-02
    endloop
  endfacet
  facet normal -7.927212715e-01 1.804529130e-01 5.822625756e-01
    outer loop
      vertex -9.121930227e-03 3.995154984e-03 1.037840918e-02
      vertex -9.598391131e-03 2.432089765e-03 1.021415181e-02
      vertex -9.121653624e-03 2.576203551e-03 1.081854291e-02
    endloop
  endfacet
  facet normal -7.927059531e-01 1.012349129e-01 6.011396050e-01
    outer loop
      vertex -9.121653624e-03 2.576203551e-03 1.081854291e-02
      vertex -9.598391131e-03 2.432089765e-03 1.021415181e-02
      vertex -9.598123841e-03 1.048978535e-03 1.044742670e-02
    endloop
  endfacet
  facet normal -7.927058339e-01 1.012348607e-01 6.011397243e-01
    outer loop
      vertex -9.121653624e-03 2.576203551e-03 1.081854291e-02
      vertex -9.598123841e-03 1.048978535e-03 1.044742670e-02
      vertex -9.121370502e-03 1.111249207e-03 1.106562093e-02
    endloop
  endfacet
  facet normal -7.926902771e-01 2.020779811e-02 6.092895269e-01
    outer loop
      vertex -9.121370502e-03 1.111249207e-03 1.106562093e-02
      vertex -9.598123841e-03 1.048978535e-03 1.044742670e-02
      vertex -9.597856551e-03 -3.528843226e-04 1.049426943e-02
    endloop
  endfacet
  facet normal -7.926905155e-01 2.020800486e-02 6.092892289e-01
    outer loop
      vertex -9.121370502e-03 1.111249207e-03 1.106562093e-02
      vertex -9.597856551e-03 -3.528843226e-04 1.049426943e-02
      vertex -9.121087380e-03 -3.735666687e-04 1.111523621e-02
    endloop
  endfacet
  facet normal -7.926750779e-01 -6.118258461e-02 6.065664887e-01
    outer loop
      vertex -9.121087380e-03 -3.735666687e-04 1.111523621e-02
      vertex -9.597856551e-03 -3.528843226e-04 1.049426943e-02
      vertex -9.597592056e-03 -1.748482580e-03 1.035384461e-02
    endloop
  endfacet
  facet normal -7.926748395e-01 -6.118280441e-02 6.065667272e-01
    outer loop
      vertex -9.121087380e-03 -3.735666687e-04 1.111523621e-02
      vertex -9.597592056e-03 -1.748482580e-03 1.035384461e-02
      vertex -9.120807983e-03 -1.851747162e-03 1.096650120e-02
    endloop
  endfacet
  facet normal -7.926597595e-01 -1.414837986e-01 5.930200815e-01
    outer loop
      vertex -9.120807983e-03 -1.851747162e-03 1.096650120e-02
      vertex -9.597592056e-03 -1.748482580e-03 1.035384461e-02
      vertex -9.597336873e-03 -3.112911712e-03 1.002865750e-02
    endloop
  endfacet
  facet normal -7.926596403e-01 -1.414839029e-01 5.930202007e-01
    outer loop
      vertex -9.120807983e-03 -1.851747162e-03 1.096650120e-02
      vertex -9.597336873e-03 -3.112911712e-03 1.002865750e-02
      vertex -9.120537899e-03 -3.296914278e-03 1.062207110e-02
    endloop
  endfacet
  facet normal -7.926452160e-01 -2.192632854e-01 5.688911676e-01
    outer loop
      vertex -9.120537899e-03 -3.296914278e-03 1.062207110e-02
      vertex -9.597336873e-03 -3.112911712e-03 1.002865750e-02
      vertex -9.597095661e-03 -4.421823192e-03 9.524511173e-03
    endloop
  endfacet
  facet normal -7.926453352e-01 -2.192631215e-01 5.688910484e-01
    outer loop
      vertex -9.120537899e-03 -3.296914278e-03 1.062207110e-02
      vertex -9.597095661e-03 -4.421823192e-03 9.524511173e-03
      vertex -9.120281786e-03 -4.683278501e-03 1.008809358e-02
    endloop
  endfacet
  facet normal -7.926317453e-01 -2.931324840e-01 5.346103311e-01
    outer loop
      vertex -9.120281786e-03 -4.683278501e-03 1.008809358e-02
      vertex -9.597095661e-03 -4.421823192e-03 9.524511173e-03
      vertex -9.596871212e-03 -5.651860498e-03 8.850401267e-03
    endloop
  endfacet
  facet normal -7.926318645e-01 -2.931323051e-01 5.346102715e-01
    outer loop
      vertex -9.120281786e-03 -4.683278501e-03 1.008809358e-02
      vertex -9.596871212e-03 -5.651860498e-03 8.850401267e-03
      vertex -9.120043367e-03 -5.986100994e-03 9.374095127e-03
    endloop
  endfacet
  facet normal -7.926194668e-01 -3.617732227e-01 4.907897115e-01
    outer loop
      vertex -9.120043367e-03 -5.986100994e-03 9.374095127e-03
      vertex -9.596871212e-03 -5.651860498e-03 8.850401267e-03
      vertex -9.596668184e-03 -6.781072356e-03 8.018359542e-03
    endloop
  endfacet
  facet normal -7.926194072e-01 -3.617732525e-01 4.907897413e-01
    outer loop
      vertex -9.120043367e-03 -5.986100994e-03 9.374095127e-03
      vertex -9.596668184e-03 -6.781072356e-03 8.018359542e-03
      vertex -9.119828232e-03 -7.182131987e-03 8.492818102e-03
    endloop
  endfacet
  facet normal -7.926083207e-01 -4.239608943e-01 4.382113516e-01
    outer loop
      vertex -9.119828232e-03 -7.182131987e-03 8.492818102e-03
      vertex -9.596668184e-03 -6.781072356e-03 8.018359542e-03
      vertex -9.596490301e-03 -7.789308671e-03 7.043232210e-03
    endloop
  endfacet
  facet normal -7.926081419e-01 -4.239611626e-01 4.382114112e-01
    outer loop
      vertex -9.119828232e-03 -7.182131987e-03 8.492818102e-03
      vertex -9.596490301e-03 -7.789308671e-03 7.043232210e-03
      vertex -9.119640104e-03 -8.250028826e-03 7.459988818e-03
    endloop
  endfacet
  facet normal -7.925986052e-01 -4.785859883e-01 3.778133094e-01
    outer loop
      vertex -9.119640104e-03 -8.250028826e-03 7.459988818e-03
      vertex -9.596490301e-03 -7.789308671e-03 7.043232210e-03
      vertex -9.596340358e-03 -8.658577688e-03 5.942420568e-03
    endloop
  endfacet
  facet normal -7.925986648e-01 -4.785858691e-01 3.778133094e-01
    outer loop
      vertex -9.119640104e-03 -8.250028826e-03 7.459988818e-03
      vertex -9.596340358e-03 -8.658577688e-03 5.942420568e-03
      vertex -9.119481780e-03 -9.170735255e-03 6.294038147e-03
    endloop
  endfacet
  facet normal -7.925908566e-01 -5.246733427e-01 3.106728196e-01
    outer loop
      vertex -9.119481780e-03 -9.170735255e-03 6.294038147e-03
      vertex -9.596340358e-03 -8.658577688e-03 5.942420568e-03
      vertex -9.596222080e-03 -9.373364970e-03 4.735568538e-03
    endloop
  endfacet
  facet normal -7.925909162e-01 -5.246732235e-01 3.106728196e-01
    outer loop
      vertex -9.119481780e-03 -9.170735255e-03 6.294038147e-03
      vertex -9.596222080e-03 -9.373364970e-03 4.735568538e-03
      vertex -9.119356051e-03 -9.927819483e-03 5.015772767e-03
    endloop
  endfacet
  facet normal -7.932313681e-01 -5.407099724e-01 2.800299823e-01
    outer loop
      vertex -9.119356051e-03 -9.927819483e-03 5.015772767e-03
      vertex -9.596222080e-03 -9.373364970e-03 4.735568538e-03
      vertex -9.391785599e-03 -1.000186708e-02 4.101093858e-03
    endloop
  endfacet
  facet normal -8.126567602e-01 -5.092613697e-01 2.832698226e-01
    outer loop
      vertex -9.119356051e-03 -9.927819483e-03 5.015772767e-03
      vertex -9.391785599e-03 -1.000186708e-02 4.101093858e-03
      vertex -9.149517864e-03 -1.000183355e-02 4.796183668e-03
    endloop
  endfacet
  facet normal -9.238640070e-01 3.574245870e-01 -1.368318647e-01
    outer loop
      vertex -9.639615193e-03 9.998220019e-03 -2.960907063e-03
      vertex -9.599977173e-03 9.665072896e-03 -4.098764155e-03
      vertex -9.899547324e-03 8.998881094e-03 -3.816309385e-03
    endloop
  endfacet
  facet normal -9.236441851e-01 3.420318067e-01 -1.729037911e-01
    outer loop
      vertex -9.899547324e-03 8.998881094e-03 -3.816309385e-03
      vertex -9.599977173e-03 9.665072896e-03 -4.098764155e-03
      vertex -9.599874727e-03 9.032489732e-03 -5.350663792e-03
    endloop
  endfacet
  facet normal -9.236441255e-01 3.420318961e-01 -1.729037762e-01
    outer loop
      vertex -9.899547324e-03 8.998881094e-03 -3.816309385e-03
      vertex -9.599874727e-03 9.032489732e-03 -5.350663792e-03
      vertex -9.899452329e-03 8.409888484e-03 -4.981942009e-03
    endloop
  endfacet
  facet normal -9.236397743e-01 3.159309030e-01 -2.169727981e-01
    outer loop
      vertex -9.899452329e-03 8.409888484e-03 -4.981942009e-03
      vertex -9.599874727e-03 9.032489732e-03 -5.350663792e-03
      vertex -9.599740617e-03 8.238688111e-03 -6.507077720e-03
    endloop
  endfacet
  facet normal -9.236398935e-01 3.159306049e-01 -2.169727832e-01
    outer loop
      vertex -9.899452329e-03 8.409888484e-03 -4.981942009e-03
      vertex -9.599740617e-03 8.238688111e-03 -6.507077720e-03
      vertex -9.899327531e-03 7.670786697e-03 -6.058668252e-03
    endloop
  endfacet
  facet normal -9.236344695e-01 2.841888666e-01 -2.571693957e-01
    outer loop
      vertex -9.899327531e-03 7.670786697e-03 -6.058668252e-03
      vertex -9.599740617e-03 8.238688111e-03 -6.507077720e-03
      vertex -9.599576704e-03 7.297834847e-03 -7.547371089e-03
    endloop
  endfacet
  facet normal -9.236344695e-01 2.841888070e-01 -2.571693659e-01
    outer loop
      vertex -9.899327531e-03 7.670786697e-03 -6.058668252e-03
      vertex -9.599576704e-03 7.297834847e-03 -7.547371089e-03
      vertex -9.899174795e-03 6.794766523e-03 -7.027276326e-03
    endloop
  endfacet
  facet normal -9.236279726e-01 2.473723143e-01 -2.927768826e-01
    outer loop
      vertex -9.899174795e-03 6.794766523e-03 -7.027276326e-03
      vertex -9.599576704e-03 7.297834847e-03 -7.547371089e-03
      vertex -9.599385783e-03 6.226718891e-03 -8.452977985e-03
    endloop
  endfacet
  facet normal -9.236279130e-01 2.473725528e-01 -2.927769423e-01
    outer loop
      vertex -9.899174795e-03 6.794766523e-03 -7.027276326e-03
      vertex -9.599385783e-03 6.226718891e-03 -8.452977985e-03
      vertex -9.898996912e-03 5.797459744e-03 -7.870479487e-03
    endloop
  endfacet
  facet normal -9.236204624e-01 2.061387002e-01 -3.231594861e-01
    outer loop
      vertex -9.898996912e-03 5.797459744e-03 -7.870479487e-03
      vertex -9.599385783e-03 6.226718891e-03 -8.452977985e-03
      vertex -9.599171579e-03 5.044454243e-03 -9.207739495e-03
    endloop
  endfacet
  facet normal -9.236205220e-01 2.061385363e-01 -3.231594265e-01
    outer loop
      vertex -9.898996912e-03 5.797459744e-03 -7.870479487e-03
      vertex -9.599171579e-03 5.044454243e-03 -9.207739495e-03
      vertex -9.898797609e-03 4.696663935e-03 -8.573230356e-03
    endloop
  endfacet
  facet normal -9.236123562e-01 1.612230092e-01 -3.477748930e-01
    outer loop
      vertex -9.898797609e-03 4.696663935e-03 -8.573230356e-03
      vertex -9.599171579e-03 5.044454243e-03 -9.207739495e-03
      vertex -9.598937817e-03 3.772138851e-03 -9.798185900e-03
    endloop
  endfacet
  facet normal -9.236124158e-01 1.612228006e-01 -3.477747738e-01
    outer loop
      vertex -9.898797609e-03 4.696663935e-03 -8.573230356e-03
      vertex -9.598937817e-03 3.772138851e-03 -9.798185900e-03
      vertex -9.898579679e-03 3.512022085e-03 -9.122989140e-03
    endloop
  endfacet
  facet normal -9.236035943e-01 1.134270802e-01 -3.661839664e-01
    outer loop
      vertex -9.898579679e-03 3.512022085e-03 -9.122989140e-03
      vertex -9.598937817e-03 3.772138851e-03 -9.798185900e-03
      vertex -9.598688222e-03 2.432476729e-03 -1.021378022e-02
    endloop
  endfacet
  facet normal -9.236035943e-01 1.134271026e-01 -3.661839962e-01
    outer loop
      vertex -9.898579679e-03 3.512022085e-03 -9.122989140e-03
      vertex -9.598688222e-03 2.432476729e-03 -1.021378022e-02
      vertex -9.898347780e-03 2.264674520e-03 -9.509946220e-03
    endloop
  endfacet
  facet normal -9.235942364e-01 6.360418350e-02 -3.780584037e-01
    outer loop
      vertex -9.898347780e-03 2.264674520e-03 -9.509946220e-03
      vertex -9.598688222e-03 2.432476729e-03 -1.021378022e-02
      vertex -9.598428383e-03 1.049374230e-03 -1.044710726e-02
    endloop
  endfacet
  facet normal -9.235940576e-01 6.360452622e-02 -3.780587912e-01
    outer loop
      vertex -9.898347780e-03 2.264674520e-03 -9.509946220e-03
      vertex -9.598428383e-03 1.049374230e-03 -1.044710726e-02
      vertex -9.898105636e-03 9.768800810e-04 -9.727195837e-03
    endloop
  endfacet
  facet normal -9.235844612e-01 1.264321338e-02 -3.831865191e-01
    outer loop
      vertex -9.898105636e-03 9.768800810e-04 -9.727195837e-03
      vertex -9.598428383e-03 1.049374230e-03 -1.044710726e-02
      vertex -9.598162025e-03 -3.524868225e-04 -1.049400307e-02
    endloop
  endfacet
  facet normal -9.235846400e-01 1.264289860e-02 -3.831860423e-01
    outer loop
      vertex -9.898105636e-03 9.768800810e-04 -9.727195837e-03
      vertex -9.598162025e-03 -3.524868225e-04 -1.049400307e-02
      vertex -9.897857904e-03 -3.283804108e-04 -9.770859033e-03
    endloop
  endfacet
  facet normal -9.235748649e-01 -3.854677826e-02 -3.814755678e-01
    outer loop
      vertex -9.897857904e-03 -3.283804108e-04 -9.770859033e-03
      vertex -9.598162025e-03 -3.524868225e-04 -1.049400307e-02
      vertex -9.597894736e-03 -1.748090377e-03 -1.035363134e-02
    endloop
  endfacet
  facet normal -9.235749245e-01 -3.854680806e-02 -3.814754784e-01
    outer loop
      vertex -9.897857904e-03 -3.283804108e-04 -9.770859033e-03
      vertex -9.597894736e-03 -1.748090377e-03 -1.035363134e-02
      vertex -9.897608310e-03 -1.627814607e-03 -9.640160017e-03
    endloop
  endfacet
  facet normal -9.235651493e-01 -8.905205131e-02 -3.729573190e-01
    outer loop
      vertex -9.897608310e-03 -1.627814607e-03 -9.640160017e-03
      vertex -9.597894736e-03 -1.748090377e-03 -1.035363134e-02
      vertex -9.597629309e-03 -3.112531966e-03 -1.002849545e-02
    endloop
  endfacet
  facet normal -9.235649705e-01 -8.905186504e-02 -3.729578555e-01
    outer loop
      vertex -9.897608310e-03 -1.627814607e-03 -9.640160017e-03
      vertex -9.597629309e-03 -3.112531966e-03 -1.002849545e-02
      vertex -9.897361510e-03 -2.898233943e-03 -9.337429889e-03
    endloop
  endfacet
  facet normal -9.235554338e-01 -1.379711330e-01 -3.577839732e-01
    outer loop
      vertex -9.897361510e-03 -2.898233943e-03 -9.337429889e-03
      vertex -9.597629309e-03 -3.112531966e-03 -1.002849545e-02
      vertex -9.597373195e-03 -4.421462771e-03 -9.524398483e-03
    endloop
  endfacet
  facet normal -9.235555530e-01 -1.379712224e-01 -3.577835560e-01
    outer loop
      vertex -9.897361510e-03 -2.898233943e-03 -9.337429889e-03
      vertex -9.597373195e-03 -4.421462771e-03 -9.524398483e-03
      vertex -9.897123091e-03 -4.116968252e-03 -8.868068457e-03
    endloop
  endfacet
  facet normal -9.235463738e-01 -1.844312847e-01 -3.362249136e-01
    outer loop
      vertex -9.897123091e-03 -4.116968252e-03 -8.868068457e-03
      vertex -9.597373195e-03 -4.421462771e-03 -9.524398483e-03
      vertex -9.597129188e-03 -5.651525222e-03 -8.850336075e-03
    endloop
  endfacet
  facet normal -9.235463738e-01 -1.844312847e-01 -3.362249434e-01
    outer loop
      vertex -9.897123091e-03 -4.116968252e-03 -8.868068457e-03
      vertex -9.597129188e-03 -5.651525222e-03 -8.850336075e-03
      vertex -9.896895848e-03 -5.262268241e-03 -8.240455762e-03
    endloop
  endfacet
  facet normal -9.235377312e-01 -2.276035994e-01 -3.086659312e-01
    outer loop
      vertex -9.896895848e-03 -5.262268241e-03 -8.240455762e-03
      vertex -9.597129188e-03 -5.651525222e-03 -8.850336075e-03
      vertex -9.596901946e-03 -6.780768745e-03 -8.018336259e-03
    endloop
  endfacet
  facet normal -9.235376716e-01 -2.276036143e-01 -3.086661100e-01
    outer loop
      vertex -9.896895848e-03 -5.262268241e-03 -8.240455762e-03
      vertex -9.596901946e-03 -6.780768745e-03 -8.018336259e-03
      vertex -9.896683507e-03 -6.313696969e-03 -7.465788163e-03
    endloop
  endfacet
  facet normal -9.235297441e-01 -2.667173445e-01 -2.755987644e-01
    outer loop
      vertex -9.896683507e-03 -6.313696969e-03 -7.465788163e-03
      vertex -9.596901946e-03 -6.780768745e-03 -8.018336259e-03
      vertex -9.596695192e-03 -7.789041847e-03 -7.043246645e-03
    endloop
  endfacet
  facet normal -9.235297441e-01 -2.667173445e-01 -2.755987942e-01
    outer loop
      vertex -9.896683507e-03 -6.313696969e-03 -7.465788163e-03
      vertex -9.596695192e-03 -7.789041847e-03 -7.043246645e-03
      vertex -9.896491654e-03 -7.252491079e-03 -6.557891145e-03
    endloop
  endfacet
  facet normal -9.235226512e-01 -3.010745049e-01 -2.376132458e-01
    outer loop
      vertex -9.896491654e-03 -7.252491079e-03 -6.557891145e-03
      vertex -9.596695192e-03 -7.789041847e-03 -7.043246645e-03
      vertex -9.596513584e-03 -8.658352308e-03 -5.942468997e-03
    endloop
  endfacet
  facet normal -9.235228300e-01 -3.010742962e-01 -2.376127243e-01
    outer loop
      vertex -9.896491654e-03 -7.252491079e-03 -6.557891145e-03
      vertex -9.596513584e-03 -8.658352308e-03 -5.942468997e-03
      vertex -9.896323085e-03 -8.061897941e-03 -5.532965530e-03
    endloop
  endfacet
  facet normal -9.475063682e-01 -2.935211658e-01 -1.267951876e-01
    outer loop
      vertex -9.724555537e-03 -1.000180934e-02 -2.257487504e-03
      vertex -9.895980358e-03 -9.582402185e-03 -1.947370358e-03
      vertex -9.604981169e-03 -1.000177022e-02 -3.151123878e-03
    endloop
  endfacet
  facet normal -9.275612831e-01 -3.604080975e-01 -9.867129475e-02
    outer loop
      vertex -9.604981169e-03 -1.000177022e-02 -3.151123878e-03
      vertex -9.895980358e-03 -9.582402185e-03 -1.947370358e-03
      vertex -9.896065108e-03 -9.237341583e-03 -3.206951544e-03
    endloop
  endfacet
  facet normal -9.238108993e-01 -3.610698581e-01 -1.272870302e-01
    outer loop
      vertex -9.604981169e-03 -1.000177022e-02 -3.151123878e-03
      vertex -9.896065108e-03 -9.237341583e-03 -3.206951544e-03
      vertex -9.596236981e-03 -9.920787998e-03 -3.444308881e-03
    endloop
  endfacet
  facet normal -9.235113263e-01 -3.531634808e-01 -1.496741772e-01
    outer loop
      vertex -9.596236981e-03 -9.920787998e-03 -3.444308881e-03
      vertex -9.896065108e-03 -9.237341583e-03 -3.206951544e-03
      vertex -9.896179661e-03 -8.727474138e-03 -4.409302026e-03
    endloop
  endfacet
  facet normal -9.235113859e-01 -3.531633914e-01 -1.496740133e-01
    outer loop
      vertex -9.596236981e-03 -9.920787998e-03 -3.444308881e-03
      vertex -9.896179661e-03 -8.727474138e-03 -4.409302026e-03
      vertex -9.596359916e-03 -9.373186156e-03 -4.735643975e-03
    endloop
  endfacet
  facet normal -9.490450621e-01 3.071967959e-01 7.031107694e-02
    outer loop
      vertex -9.798948653e-03 9.998108260e-03 1.304147183e-03
      vertex -9.899604134e-03 9.687316604e-03 1.303402008e-03
      vertex -9.728299454e-03 9.998104535e-03 2.257771092e-03
    endloop
  endfacet
  facet normal -9.449709058e-01 3.205877841e-01 6.521905214e-02
    outer loop
      vertex -9.728299454e-03 9.998104535e-03 2.257771092e-03
      vertex -9.899604134e-03 9.687316604e-03 1.303402008e-03
      vertex -9.899536148e-03 9.427157231e-03 2.583217807e-03
    endloop
  endfacet
  facet normal -9.287009239e-01 3.493799567e-01 1.242911443e-01
    outer loop
      vertex -9.728299454e-03 9.998104535e-03 2.257771092e-03
      vertex -9.899536148e-03 9.427157231e-03 2.583217807e-03
      vertex -9.608699009e-03 9.998110123e-03 3.151403973e-03
    endloop
  endfacet
  facet normal -9.282512069e-01 3.513477743e-01 1.220835745e-01
    outer loop
      vertex -9.608699009e-03 9.998110123e-03 3.151403973e-03
      vertex -9.899536148e-03 9.427157231e-03 2.583217807e-03
      vertex -9.899436496e-03 8.998736739e-03 3.816938726e-03
    endloop
  endfacet
  facet normal -9.238260388e-01 3.583785594e-01 1.345741749e-01
    outer loop
      vertex -9.608699009e-03 9.998110123e-03 3.151403973e-03
      vertex -9.899436496e-03 8.998736739e-03 3.816938726e-03
      vertex -9.599857964e-03 9.664917365e-03 4.099410493e-03
    endloop
  endfacet
  facet normal -9.236391187e-01 3.420252204e-01 1.729436219e-01
    outer loop
      vertex -9.599857964e-03 9.664917365e-03 4.099410493e-03
      vertex -9.899436496e-03 8.998736739e-03 3.816938726e-03
      vertex -9.899307042e-03 8.409699425e-03 4.982548766e-03
    endloop
  endfacet
  facet normal -9.236391187e-01 3.420252800e-01 1.729437113e-01
    outer loop
      vertex -9.599857964e-03 9.664917365e-03 4.099410493e-03
      vertex -9.899307042e-03 8.409699425e-03 4.982548766e-03
      vertex -9.599719197e-03 9.032286704e-03 5.351285916e-03
    endloop
  endfacet
  facet normal -9.236335158e-01 3.159226179e-01 2.170117050e-01
    outer loop
      vertex -9.599719197e-03 9.032286704e-03 5.351285916e-03
      vertex -9.899307042e-03 8.409699425e-03 4.982548766e-03
      vertex -9.899150580e-03 7.670557126e-03 6.059248000e-03
    endloop
  endfacet
  facet normal -9.236335158e-01 3.159225881e-01 2.170116305e-01
    outer loop
      vertex -9.599719197e-03 9.032286704e-03 5.351285916e-03
      vertex -9.899150580e-03 7.670557126e-03 6.059248000e-03
      vertex -9.599550627e-03 8.238441311e-03 6.507670041e-03
    endloop
  endfacet
  facet normal -9.236268997e-01 2.841790915e-01 2.572073638e-01
    outer loop
      vertex -9.599550627e-03 8.238441311e-03 6.507670041e-03
      vertex -9.899150580e-03 7.670557126e-03 6.059248000e-03
      vertex -9.898969904e-03 6.794500165e-03 7.027821615e-03
    endloop
  endfacet
  facet normal -9.236269593e-01 2.841790318e-01 2.572070956e-01
    outer loop
      vertex -9.599550627e-03 8.238441311e-03 6.507670041e-03
      vertex -9.898969904e-03 6.794500165e-03 7.027821615e-03
      vertex -9.599356912e-03 7.297548931e-03 7.547926623e-03
    endloop
  endfacet
  facet normal -9.236194491e-01 2.473613173e-01 2.928130925e-01
    outer loop
      vertex -9.599356912e-03 7.297548931e-03 7.547926623e-03
      vertex -9.898969904e-03 6.794500165e-03 7.027821615e-03
      vertex -9.898766875e-03 5.797161721e-03 7.870987058e-03
    endloop
  endfacet
  facet normal -9.236194491e-01 2.473613173e-01 2.928131521e-01
    outer loop
      vertex -9.599356912e-03 7.297548931e-03 7.547926623e-03
      vertex -9.898766875e-03 5.797161721e-03 7.870987058e-03
      vertex -9.599138983e-03 6.226398982e-03 8.453493007e-03
    endloop
  endfacet
  facet normal -9.236111045e-01 2.061262876e-01 3.231941462e-01
    outer loop
      vertex -9.599138983e-03 6.226398982e-03 8.453493007e-03
      vertex -9.898766875e-03 5.797161721e-03 7.870987058e-03
      vertex -9.898547083e-03 4.696338903e-03 8.573696017e-03
    endloop
  endfacet
  facet normal -9.236111045e-01 2.061262876e-01 3.231941760e-01
    outer loop
      vertex -9.599138983e-03 6.226398982e-03 8.453493007e-03
      vertex -9.898547083e-03 4.696338903e-03 8.573696017e-03
      vertex -9.598903358e-03 5.044105463e-03 9.208209813e-03
    endloop
  endfacet
  facet normal -9.236022234e-01 1.612098217e-01 3.478079438e-01
    outer loop
      vertex -9.598903358e-03 5.044105463e-03 9.208209813e-03
      vertex -9.898547083e-03 4.696338903e-03 8.573696017e-03
      vertex -9.898313321e-03 3.511676565e-03 9.123411030e-03
    endloop
  endfacet
  facet normal -9.236022234e-01 1.612098217e-01 3.478079438e-01
    outer loop
      vertex -9.598903358e-03 5.044105463e-03 9.208209813e-03
      vertex -9.898313321e-03 3.511676565e-03 9.123411030e-03
      vertex -9.598651901e-03 3.771767719e-03 9.798607789e-03
    endloop
  endfacet
  facet normal -9.235928059e-01 1.134134084e-01 3.662153482e-01
    outer loop
      vertex -9.598651901e-03 3.771767719e-03 9.798607789e-03
      vertex -9.898313321e-03 3.511676565e-03 9.123411030e-03
      vertex -9.898070246e-03 2.264314331e-03 9.510320611e-03
    endloop
  endfacet
  facet normal -9.235928059e-01 1.134133935e-01 3.662153780e-01
    outer loop
      vertex -9.598651901e-03 3.771767719e-03 9.798607789e-03
      vertex -9.898070246e-03 2.264314331e-03 9.510320611e-03
      vertex -9.598391131e-03 2.432089765e-03 1.021415181e-02
    endloop
  endfacet
  facet normal -9.235831499e-01 6.358990073e-02 3.780879378e-01
    outer loop
      vertex -9.598391131e-03 2.432089765e-03 1.021415181e-02
      vertex -9.898070246e-03 2.264314331e-03 9.510320611e-03
      vertex -9.897821583e-03 9.765116265e-04 9.727520868e-03
    endloop
  endfacet
  facet normal -9.235831499e-01 6.358989328e-02 3.780879378e-01
    outer loop
      vertex -9.598391131e-03 2.432089765e-03 1.021415181e-02
      vertex -9.897821583e-03 9.765116265e-04 9.727520868e-03
      vertex -9.598123841e-03 1.048978535e-03 1.044742670e-02
    endloop
  endfacet
  facet normal -9.235733747e-01 1.262866519e-02 3.832137287e-01
    outer loop
      vertex -9.598123841e-03 1.048978535e-03 1.044742670e-02
      vertex -9.897821583e-03 9.765116265e-04 9.727520868e-03
      vertex -9.897572920e-03 -3.287505242e-04 9.771135636e-03
    endloop
  endfacet
  facet normal -9.235733151e-01 1.262856927e-02 3.832138777e-01
    outer loop
      vertex -9.598123841e-03 1.048978535e-03 1.044742670e-02
      vertex -9.897572920e-03 -3.287505242e-04 9.771135636e-03
      vertex -9.597856551e-03 -3.528843226e-04 1.049426943e-02
    endloop
  endfacet
  facet normal -9.235635996e-01 -3.856130689e-02 3.815014362e-01
    outer loop
      vertex -9.597856551e-03 -3.528843226e-04 1.049426943e-02
      vertex -9.897572920e-03 -3.287505242e-04 9.771135636e-03
      vertex -9.897327051e-03 -1.628179802e-03 9.640387259e-03
    endloop
  endfacet
  facet normal -9.235635996e-01 -3.856126219e-02 3.815013766e-01
    outer loop
      vertex -9.597856551e-03 -3.528843226e-04 1.049426943e-02
      vertex -9.897327051e-03 -1.628179802e-03 9.640387259e-03
      vertex -9.597592056e-03 -1.748482580e-03 1.035384461e-02
    endloop
  endfacet
  facet normal -9.235541224e-01 -8.906610310e-02 3.729813099e-01
    outer loop
      vertex -9.597592056e-03 -1.748482580e-03 1.035384461e-02
      vertex -9.897327051e-03 -1.628179802e-03 9.640387259e-03
      vertex -9.897089563e-03 -2.898587612e-03 9.337607771e-03
    endloop
  endfacet
  facet normal -9.235541224e-01 -8.906600624e-02 3.729811907e-01
    outer loop
      vertex -9.597592056e-03 -1.748482580e-03 1.035384461e-02
      vertex -9.897089563e-03 -2.898587612e-03 9.337607771e-03
      vertex -9.597336873e-03 -3.112911712e-03 1.002865750e-02
    endloop
  endfacet
  facet normal -9.235450625e-01 -1.379847080e-01 3.578054607e-01
    outer loop
      vertex -9.597336873e-03 -3.112911712e-03 1.002865750e-02
      vertex -9.897089563e-03 -2.898587612e-03 9.337607771e-03
      vertex -9.896864183e-03 -4.117303994e-03 8.868201636e-03
    endloop
  endfacet
  facet normal -9.235450625e-01 -1.379847378e-01 3.578054905e-01
    outer loop
      vertex -9.597336873e-03 -3.112911712e-03 1.002865750e-02
      vertex -9.896864183e-03 -4.117303994e-03 8.868201636e-03
      vertex -9.597095661e-03 -4.421823192e-03 9.524511173e-03
    endloop
  endfacet
  facet normal -9.235364795e-01 -1.844442040e-01 3.362449706e-01
    outer loop
      vertex -9.597095661e-03 -4.421823192e-03 9.524511173e-03
      vertex -9.896864183e-03 -4.117303994e-03 8.868201636e-03
      vertex -9.896654636e-03 -5.262580700e-03 8.240544237e-03
    endloop
  endfacet
  facet normal -9.235364795e-01 -1.844442189e-01 3.362449706e-01
    outer loop
      vertex -9.597095661e-03 -4.421823192e-03 9.524511173e-03
      vertex -9.896654636e-03 -5.262580700e-03 8.240544237e-03
      vertex -9.596871212e-03 -5.651860498e-03 8.850401267e-03
    endloop
  endfacet
  facet normal -9.235286713e-01 -2.276153117e-01 3.086844385e-01
    outer loop
      vertex -9.596871212e-03 -5.651860498e-03 8.850401267e-03
      vertex -9.896654636e-03 -5.262580700e-03 8.240544237e-03
      vertex -9.896466509e-03 -6.313979626e-03 7.465837523e-03
    endloop
  endfacet
  facet normal -9.235286713e-01 -2.276152968e-01 3.086844385e-01
    outer loop
      vertex -9.596871212e-03 -5.651860498e-03 8.850401267e-03
      vertex -9.896466509e-03 -6.313979626e-03 7.465837523e-03
      vertex -9.596668184e-03 -6.781072356e-03 8.018359542e-03
    endloop
  endfacet
  facet normal -9.235216975e-01 -2.667277753e-01 2.756156027e-01
    outer loop
      vertex -9.596668184e-03 -6.781072356e-03 8.018359542e-03
      vertex -9.896466509e-03 -6.313979626e-03 7.465837523e-03
      vertex -9.896300733e-03 -7.252739277e-03 6.557905115e-03
    endloop
  endfacet
  facet normal -9.235217571e-01 -2.667276263e-01 2.756155729e-01
    outer loop
      vertex -9.596668184e-03 -6.781072356e-03 8.018359542e-03
      vertex -9.896300733e-03 -7.252739277e-03 6.557905115e-03
      vertex -9.596490301e-03 -7.789308671e-03 7.043232210e-03
    endloop
  endfacet
  facet normal -9.235157967e-01 -3.010835350e-01 2.376285344e-01
    outer loop
      vertex -9.596490301e-03 -7.789308671e-03 7.043232210e-03
      vertex -9.896300733e-03 -7.252739277e-03 6.557905115e-03
      vertex -9.896161035e-03 -8.062107489e-03 5.532949232e-03
    endloop
  endfacet
  facet normal -9.235158563e-01 -3.010833561e-01 2.376285195e-01
    outer loop
      vertex -9.596490301e-03 -7.789308671e-03 7.043232210e-03
      vertex -9.896161035e-03 -8.062107489e-03 5.532949232e-03
      vertex -9.596340358e-03 -8.658577688e-03 5.942420568e-03
    endloop
  endfacet
  facet normal -9.235109687e-01 -3.300694823e-01 1.954013258e-01
    outer loop
      vertex -9.596340358e-03 -8.658577688e-03 5.942420568e-03
      vertex -9.896161035e-03 -8.062107489e-03 5.532949232e-03
      vertex -9.896051139e-03 -8.727640845e-03 4.409260117e-03
    endloop
  endfacet
  facet normal -9.235107899e-01 -3.300699294e-01 1.954013109e-01
    outer loop
      vertex -9.596340358e-03 -8.658577688e-03 5.942420568e-03
      vertex -9.896051139e-03 -8.727640845e-03 4.409260117e-03
      vertex -9.596222080e-03 -9.373364970e-03 4.735568538e-03
    endloop
  endfacet
  facet normal -9.235070348e-01 -3.531689942e-01 1.496876776e-01
    outer loop
      vertex -9.596222080e-03 -9.373364970e-03 4.735568538e-03
      vertex -9.896051139e-03 -8.727640845e-03 4.409260117e-03
      vertex -9.895971045e-03 -9.237462655e-03 3.206890309e-03
    endloop
  endfacet
  facet normal -9.235069752e-01 -3.531692028e-01 1.496876478e-01
    outer loop
      vertex -9.596222080e-03 -9.373364970e-03 4.735568538e-03
      vertex -9.895971045e-03 -9.237462655e-03 3.206890309e-03
      vertex -9.596136399e-03 -9.920918383e-03 3.444212954e-03
    endloop
  endfacet
  facet normal -9.237552881e-01 -3.581231534e-01 1.357347369e-01
    outer loop
      vertex -9.596136399e-03 -9.920918383e-03 3.444212954e-03
      vertex -9.895971045e-03 -9.237462655e-03 3.206890309e-03
      vertex -9.635719471e-03 -1.000189129e-02 2.961188089e-03
    endloop
  endfacet
  facet normal -8.083718419e-01 -5.661829114e-01 1.611579508e-01
    outer loop
      vertex -9.596136399e-03 -9.920918383e-03 3.444212954e-03
      vertex -9.635719471e-03 -1.000189129e-02 2.961188089e-03
      vertex -9.456305765e-03 -1.000187453e-02 3.861192614e-03
    endloop
  endfacet
  facet normal -9.911630750e-01 -1.147176549e-01 -6.660009176e-02
    outer loop
      vertex -9.998529218e-03 -8.034497499e-03 -4.059097730e-03
      vertex -9.998643771e-03 -7.501810323e-03 -4.974933807e-03
      vertex -9.896323085e-03 -8.061897941e-03 -5.532965530e-03
    endloop
  endfacet
  facet normal -9.914247394e-01 -1.083857939e-01 -7.300325483e-02
    outer loop
      vertex -9.998643771e-03 -7.501810323e-03 -4.974933807e-03
      vertex -9.998660535e-03 -7.421782240e-03 -5.093518645e-03
      vertex -9.896323085e-03 -8.061897941e-03 -5.532965530e-03
    endloop
  endfacet
  facet normal -9.913886189e-01 -1.028495952e-01 -8.105908334e-02
    outer loop
      vertex -9.896323085e-03 -8.061897941e-03 -5.532965530e-03
      vertex -9.998660535e-03 -7.421782240e-03 -5.093518645e-03
      vertex -9.998816065e-03 -6.676659454e-03 -6.037043408e-03
    endloop
  endfacet
  facet normal -9.913886189e-01 -1.028495654e-01 -8.105901629e-02
    outer loop
      vertex -9.896323085e-03 -8.061897941e-03 -5.532965530e-03
      vertex -9.998816065e-03 -6.676659454e-03 -6.037043408e-03
      vertex -9.896491654e-03 -7.252491079e-03 -6.557891145e-03
    endloop
  endfacet
  facet normal -9.913910627e-01 -9.112749249e-02 -9.401901066e-02
    outer loop
      vertex -9.896491654e-03 -7.252491079e-03 -6.557891145e-03
      vertex -9.998816065e-03 -6.676659454e-03 -6.037043408e-03
      vertex -9.998993017e-03 -5.812425166e-03 -6.872833706e-03
    endloop
  endfacet
  facet normal -9.913910627e-01 -9.112748504e-02 -9.401896596e-02
    outer loop
      vertex -9.896491654e-03 -7.252491079e-03 -6.557891145e-03
      vertex -9.998993017e-03 -5.812425166e-03 -6.872833706e-03
      vertex -9.896683507e-03 -6.313696969e-03 -7.465788163e-03
    endloop
  endfacet
  facet normal -9.913937449e-01 -7.778268307e-02 -1.053008661e-01
    outer loop
      vertex -9.896683507e-03 -6.313696969e-03 -7.465788163e-03
      vertex -9.998993017e-03 -5.812425166e-03 -6.872833706e-03
      vertex -9.999187663e-03 -4.844502080e-03 -7.585976738e-03
    endloop
  endfacet
  facet normal -9.913937449e-01 -7.778269053e-02 -1.053009257e-01
    outer loop
      vertex -9.896683507e-03 -6.313696969e-03 -7.465788163e-03
      vertex -9.999187663e-03 -4.844502080e-03 -7.585976738e-03
      vertex -9.896895848e-03 -5.262268241e-03 -8.240455762e-03
    endloop
  endfacet
  facet normal -9.913966656e-01 -6.305320561e-02 -1.147034988e-01
    outer loop
      vertex -9.896895848e-03 -5.262268241e-03 -8.240455762e-03
      vertex -9.999187663e-03 -4.844502080e-03 -7.585976738e-03
      vertex -9.999397211e-03 -3.790162969e-03 -8.163744584e-03
    endloop
  endfacet
  facet normal -9.913966656e-01 -6.305320561e-02 -1.147035658e-01
    outer loop
      vertex -9.896895848e-03 -5.262268241e-03 -8.240455762e-03
      vertex -9.999397211e-03 -3.790162969e-03 -8.163744584e-03
      vertex -9.897123091e-03 -4.116968252e-03 -8.868068457e-03
    endloop
  endfacet
  facet normal -9.913998246e-01 -4.720186442e-02 -1.220590174e-01
    outer loop
      vertex -9.897123091e-03 -4.116968252e-03 -8.868068457e-03
      vertex -9.999397211e-03 -3.790162969e-03 -8.163744584e-03
      vertex -9.999617003e-03 -2.668222180e-03 -8.595827036e-03
    endloop
  endfacet
  facet normal -9.913998246e-01 -4.720189795e-02 -1.220588610e-01
    outer loop
      vertex -9.897123091e-03 -4.116968252e-03 -8.868068457e-03
      vertex -9.999617003e-03 -2.668222180e-03 -8.595827036e-03
      vertex -9.897361510e-03 -2.898233943e-03 -9.337429889e-03
    endloop
  endfacet
  facet normal -9.914031029e-01 -3.051156178e-02 -1.272359043e-01
    outer loop
      vertex -9.897361510e-03 -2.898233943e-03 -9.337429889e-03
      vertex -9.999617003e-03 -2.668222180e-03 -8.595827036e-03
      vertex -9.999844246e-03 -1.498700934e-03 -8.874514140e-03
    endloop
  endfacet
  facet normal -9.914031029e-01 -3.051155061e-02 -1.272359341e-01
    outer loop
      vertex -9.897361510e-03 -2.898233943e-03 -9.337429889e-03
      vertex -9.999844246e-03 -1.498700934e-03 -8.874514140e-03
      vertex -9.897608310e-03 -1.627814607e-03 -9.640160017e-03
    endloop
  endfacet
  facet normal -9.914063811e-01 -1.328023616e-02 -1.301421672e-01
    outer loop
      vertex -9.897608310e-03 -1.627814607e-03 -9.640160017e-03
      vertex -9.999844246e-03 -1.498700934e-03 -8.874514140e-03
      vertex -1.000007335e-02 -3.024692996e-04 -8.994833566e-03
    endloop
  endfacet
  facet normal -9.914063811e-01 -1.328024641e-02 -1.301421374e-01
    outer loop
      vertex -9.897608310e-03 -1.627814607e-03 -9.640160017e-03
      vertex -1.000007335e-02 -3.024692996e-04 -8.994833566e-03
      vertex -9.897857904e-03 -3.283804108e-04 -9.770859033e-03
    endloop
  endfacet
  facet normal -9.914097190e-01 4.184727557e-03 -1.307257265e-01
    outer loop
      vertex -9.897857904e-03 -3.283804108e-04 -9.770859033e-03
      vertex -1.000007335e-02 -3.024692996e-04 -8.994833566e-03
      vertex -1.000030152e-02 8.991259383e-04 -8.954637684e-03
    endloop
  endfacet
  facet normal -9.914097190e-01 4.184680991e-03 -1.307256669e-01
    outer loop
      vertex -9.897857904e-03 -3.283804108e-04 -9.770859033e-03
      vertex -1.000030152e-02 8.991259383e-04 -8.954637684e-03
      vertex -9.898105636e-03 9.768800810e-04 -9.727195837e-03
    endloop
  endfacet
  facet normal -9.914130569e-01 2.157170512e-02 -1.289761811e-01
    outer loop
      vertex -9.898105636e-03 9.768800810e-04 -9.727195837e-03
      vertex -1.000030152e-02 8.991259383e-04 -8.954637684e-03
      vertex -1.000052504e-02 2.084642416e-03 -8.754642680e-03
    endloop
  endfacet
  facet normal -9.914129972e-01 2.157176845e-02 -1.289762557e-01
    outer loop
      vertex -9.898105636e-03 9.768800810e-04 -9.727195837e-03
      vertex -1.000052504e-02 2.084642416e-03 -8.754642680e-03
      vertex -9.898347780e-03 2.264674520e-03 -9.509946220e-03
    endloop
  endfacet
  facet normal -9.914162159e-01 3.857026622e-02 -1.249249652e-01
    outer loop
      vertex -9.898347780e-03 2.264674520e-03 -9.509946220e-03
      vertex -1.000052504e-02 2.084642416e-03 -8.754642680e-03
      vertex -1.000073832e-02 3.232924268e-03 -8.398418315e-03
    endloop
  endfacet
  facet normal -9.914162159e-01 3.857029229e-02 -1.249249876e-01
    outer loop
      vertex -9.898347780e-03 2.264674520e-03 -9.509946220e-03
      vertex -1.000073832e-02 3.232924268e-03 -8.398418315e-03
      vertex -9.898579679e-03 3.512022085e-03 -9.122989140e-03
    endloop
  endfacet
  facet normal -9.914191961e-01 5.487728119e-02 -1.186441109e-01
    outer loop
      vertex -9.898579679e-03 3.512022085e-03 -9.122989140e-03
      vertex -1.000073832e-02 3.232924268e-03 -8.398418315e-03
      vertex -1.000093855e-02 4.323480185e-03 -7.892321795e-03
    endloop
  endfacet
  facet normal -9.914191961e-01 5.487723649e-02 -1.186440885e-01
    outer loop
      vertex -9.898579679e-03 3.512022085e-03 -9.122989140e-03
      vertex -1.000093855e-02 4.323480185e-03 -7.892321795e-03
      vertex -9.898797609e-03 4.696663935e-03 -8.573230356e-03
    endloop
  endfacet
  facet normal -9.914219975e-01 7.020158321e-02 -1.102457345e-01
    outer loop
      vertex -9.898797609e-03 4.696663935e-03 -8.573230356e-03
      vertex -1.000093855e-02 4.323480185e-03 -7.892321795e-03
      vertex -1.000112202e-02 5.336849950e-03 -7.245383691e-03
    endloop
  endfacet
  facet normal -9.914219975e-01 7.020154595e-02 -1.102457196e-01
    outer loop
      vertex -9.898797609e-03 4.696663935e-03 -8.573230356e-03
      vertex -1.000112202e-02 5.336849950e-03 -7.245383691e-03
      vertex -9.898996912e-03 5.797459744e-03 -7.870479487e-03
    endloop
  endfacet
  facet normal -9.914245605e-01 8.426973969e-02 -9.987980127e-02
    outer loop
      vertex -9.898996912e-03 5.797459744e-03 -7.870479487e-03
      vertex -1.000112202e-02 5.336849950e-03 -7.245383691e-03
      vertex -1.000128593e-02 6.254949141e-03 -6.469149143e-03
    endloop
  endfacet
  facet normal -9.914245605e-01 8.426975459e-02 -9.987980127e-02
    outer loop
      vertex -9.898996912e-03 5.797459744e-03 -7.870479487e-03
      vertex -1.000128593e-02 6.254949141e-03 -6.469149143e-03
      vertex -9.899174795e-03 6.794766523e-03 -7.027276326e-03
    endloop
  endfacet
  facet normal -9.914267659e-01 9.683074802e-02 -8.773130178e-02
    outer loop
      vertex -9.899174795e-03 6.794766523e-03 -7.027276326e-03
      vertex -1.000128593e-02 6.254949141e-03 -6.469149143e-03
      vertex -1.000142656e-02 7.061395328e-03 -5.577469710e-03
    endloop
  endfacet
  facet normal -9.914267659e-01 9.683085233e-02 -8.773131669e-02
    outer loop
      vertex -9.899174795e-03 6.794766523e-03 -7.027276326e-03
      vertex -1.000142656e-02 7.061395328e-03 -5.577469710e-03
      vertex -9.899327531e-03 7.670786697e-03 -6.058668252e-03
    endloop
  endfacet
  facet normal -9.914286137e-01 1.076605469e-01 -7.401695102e-02
    outer loop
      vertex -9.899327531e-03 7.670786697e-03 -6.058668252e-03
      vertex -1.000142656e-02 7.061395328e-03 -5.577469710e-03
      vertex -1.000154205e-02 7.741796318e-03 -4.586257506e-03
    endloop
  endfacet
  facet normal -9.914286137e-01 1.076604277e-01 -7.401695102e-02
    outer loop
      vertex -9.899327531e-03 7.670786697e-03 -6.058668252e-03
      vertex -1.000154205e-02 7.741796318e-03 -4.586257506e-03
      vertex -9.899452329e-03 8.409888484e-03 -4.981942009e-03
    endloop
  endfacet
  facet normal -9.914301038e-01 1.165655777e-01 -5.898146704e-02
    outer loop
      vertex -9.899452329e-03 8.409888484e-03 -4.981942009e-03
      vertex -1.000154205e-02 7.741796318e-03 -4.586257506e-03
      vertex -1.000162959e-02 8.284010924e-03 -3.513200674e-03
    endloop
  endfacet
  facet normal -9.914301038e-01 1.165656298e-01 -5.898145959e-02
    outer loop
      vertex -9.899452329e-03 8.409888484e-03 -4.981942009e-03
      vertex -1.000162959e-02 8.284010924e-03 -3.513200674e-03
      vertex -9.899547324e-03 8.998881094e-03 -3.816309385e-03
    endloop
  endfacet
  facet normal -9.914311767e-01 1.233872920e-01 -4.289320484e-02
    outer loop
      vertex -9.899547324e-03 8.998881094e-03 -3.816309385e-03
      vertex -1.000162959e-02 8.284010924e-03 -3.513200674e-03
      vertex -1.000168826e-02 8.678362705e-03 -2.377448604e-03
    endloop
  endfacet
  facet normal -9.914311767e-01 1.233872697e-01 -4.289320856e-02
    outer loop
      vertex -9.899547324e-03 8.998881094e-03 -3.816309385e-03
      vertex -1.000168826e-02 8.678362705e-03 -2.377448604e-03
      vertex -9.899610654e-03 9.427255020e-03 -2.582572168e-03
    endloop
  endfacet
  facet normal -9.914317727e-01 1.280036867e-01 -2.603928559e-02
    outer loop
      vertex -9.899610654e-03 9.427255020e-03 -2.582572168e-03
      vertex -1.000168826e-02 8.678362705e-03 -2.377448604e-03
      vertex -1.000171620e-02 8.917815052e-03 -1.199267921e-03
    endloop
  endfacet
  facet normal -9.914318323e-01 1.280036569e-01 -2.603929862e-02
    outer loop
      vertex -9.899610654e-03 9.427255020e-03 -2.582572168e-03
      vertex -1.000171620e-02 8.917815052e-03 -1.199267921e-03
      vertex -9.899642318e-03 9.687365964e-03 -1.302746125e-03
    endloop
  endfacet
  facet normal -9.914320111e-01 1.303324699e-01 -8.720412850e-03
    outer loop
      vertex -9.899642318e-03 9.687365964e-03 -1.302746125e-03
      vertex -1.000171620e-02 8.917815052e-03 -1.199267921e-03
      vertex -1.000171434e-02 8.998094127e-03 3.162231508e-07
    endloop
  endfacet
  facet normal -9.914320111e-01 1.303324401e-01 -8.720430546e-03
    outer loop
      vertex -9.899642318e-03 9.687365964e-03 -1.302746125e-03
      vertex -1.000171434e-02 8.998094127e-03 3.162231508e-07
      vertex -9.899639525e-03 9.774571285e-03 3.294407520e-07
    endloop
  endfacet
  facet normal -9.914317727e-01 1.303321123e-01 8.754258975e-03
    outer loop
      vertex -9.899639525e-03 9.774571285e-03 3.294407520e-07
      vertex -1.000171434e-02 8.998094127e-03 3.162231508e-07
      vertex -1.000168175e-02 8.917769417e-03 1.199897262e-03
    endloop
  endfacet
  facet normal -9.914317131e-01 1.303321421e-01 8.754278533e-03
    outer loop
      vertex -9.899639525e-03 9.774571285e-03 3.294407520e-07
      vertex -1.000168175e-02 8.917769417e-03 1.199897262e-03
      vertex -9.899604134e-03 9.687316604e-03 1.303402008e-03
    endloop
  endfacet
  facet normal -9.914310575e-01 1.280026585e-01 2.607303858e-02
    outer loop
      vertex -9.899604134e-03 9.687316604e-03 1.303402008e-03
      vertex -1.000168175e-02 8.917769417e-03 1.199897262e-03
      vertex -1.000161842e-02 8.678272367e-03 2.378068864e-03
    endloop
  endfacet
  facet normal -9.914310575e-01 1.280026883e-01 2.607307024e-02
    outer loop
      vertex -9.899604134e-03 9.687316604e-03 1.303402008e-03
      vertex -1.000161842e-02 8.678272367e-03 2.378068864e-03
      vertex -9.899536148e-03 9.427157231e-03 2.583217807e-03
    endloop
  endfacet
  facet normal -9.914299250e-01 1.233856454e-01 4.292677343e-02
    outer loop
      vertex -9.899536148e-03 9.427157231e-03 2.583217807e-03
      vertex -1.000161842e-02 8.678272367e-03 2.378068864e-03
      vertex -1.000152715e-02 8.283877745e-03 3.513806267e-03
    endloop
  endfacet
  facet normal -9.914299250e-01 1.233856753e-01 4.292680696e-02
    outer loop
      vertex -9.899536148e-03 9.427157231e-03 2.583217807e-03
      vertex -1.000152715e-02 8.283877745e-03 3.513806267e-03
      vertex -9.899436496e-03 8.998736739e-03 3.816938726e-03
    endloop
  endfacet
  facet normal -9.914283752e-01 1.165634021e-01 5.901483819e-02
    outer loop
      vertex -9.899436496e-03 8.998736739e-03 3.816938726e-03
      vertex -1.000152715e-02 8.283877745e-03 3.513806267e-03
      vertex -1.000140794e-02 7.741622161e-03 4.586842377e-03
    endloop
  endfacet
  facet normal -9.914283752e-01 1.165633574e-01 5.901477486e-02
    outer loop
      vertex -9.899436496e-03 8.998736739e-03 3.816938726e-03
      vertex -1.000140794e-02 7.741622161e-03 4.586842377e-03
      vertex -9.899307042e-03 8.409699425e-03 4.982548766e-03
    endloop
  endfacet
  facet normal -9.914264679e-01 1.076576710e-01 7.404988259e-02
    outer loop
      vertex -9.899307042e-03 8.409699425e-03 4.982548766e-03
      vertex -1.000140794e-02 7.741622161e-03 4.586842377e-03
      vertex -1.000126358e-02 7.061183918e-03 5.578028504e-03
    endloop
  endfacet
  facet normal -9.914264679e-01 1.076576933e-01 7.404993474e-02
    outer loop
      vertex -9.899307042e-03 8.409699425e-03 4.982548766e-03
      vertex -1.000126358e-02 7.061183918e-03 5.578028504e-03
      vertex -9.899150580e-03 7.670557126e-03 6.059248000e-03
    endloop
  endfacet
  facet normal -9.914242029e-01 9.682745486e-02 8.776390553e-02
    outer loop
      vertex -9.899150580e-03 7.670557126e-03 6.059248000e-03
      vertex -1.000126358e-02 7.061183918e-03 5.578028504e-03
      vertex -1.000109687e-02 6.254704203e-03 6.469677202e-03
    endloop
  endfacet
  facet normal -9.914242029e-01 9.682745486e-02 8.776391298e-02
    outer loop
      vertex -9.899150580e-03 7.670557126e-03 6.059248000e-03
      vertex -1.000109687e-02 6.254704203e-03 6.469677202e-03
      vertex -9.898969904e-03 6.794500165e-03 7.027821615e-03
    endloop
  endfacet
  facet normal -9.914216399e-01 8.426600695e-02 9.991195798e-02
    outer loop
      vertex -9.898969904e-03 6.794500165e-03 7.027821615e-03
      vertex -1.000109687e-02 6.254704203e-03 6.469677202e-03
      vertex -1.000091154e-02 5.336575210e-03 7.245877292e-03
    endloop
  endfacet
  facet normal -9.914216399e-01 8.426600695e-02 9.991194308e-02
    outer loop
      vertex -9.898969904e-03 6.794500165e-03 7.027821615e-03
      vertex -1.000091154e-02 5.336575210e-03 7.245877292e-03
      vertex -9.898766875e-03 5.797161721e-03 7.870987058e-03
    endloop
  endfacet
  facet normal -9.914187789e-01 7.019742578e-02 1.102773324e-01
    outer loop
      vertex -9.898766875e-03 5.797161721e-03 7.870987058e-03
      vertex -1.000091154e-02 5.336575210e-03 7.245877292e-03
      vertex -1.000070851e-02 4.323181231e-03 7.892777212e-03
    endloop
  endfacet
  facet normal -9.914187789e-01 7.019742578e-02 1.102773696e-01
    outer loop
      vertex -9.898766875e-03 5.797161721e-03 7.870987058e-03
      vertex -1.000070851e-02 4.323181231e-03 7.892777212e-03
      vertex -9.898547083e-03 4.696338903e-03 8.573696017e-03
    endloop
  endfacet
  facet normal -9.914157391e-01 5.487279594e-02 1.186751276e-01
    outer loop
      vertex -9.898547083e-03 4.696338903e-03 8.573696017e-03
      vertex -1.000070851e-02 4.323181231e-03 7.892777212e-03
      vertex -1.000049338e-02 3.232605988e-03 8.398832753e-03
    endloop
  endfacet
  facet normal -9.914157391e-01 5.487279966e-02 1.186750978e-01
    outer loop
      vertex -9.898547083e-03 4.696338903e-03 8.573696017e-03
      vertex -1.000049338e-02 3.232605988e-03 8.398832753e-03
      vertex -9.898313321e-03 3.511676565e-03 9.123411030e-03
    endloop
  endfacet
  facet normal -9.914125800e-01 3.856558725e-02 1.249553487e-01
    outer loop
      vertex -9.898313321e-03 3.511676565e-03 9.123411030e-03
      vertex -1.000049338e-02 3.232605988e-03 8.398832753e-03
      vertex -1.000026986e-02 2.084310632e-03 8.755013347e-03
    endloop
  endfacet
  facet normal -9.914125800e-01 3.856559470e-02 1.249553263e-01
    outer loop
      vertex -9.898313321e-03 3.511676565e-03 9.123411030e-03
      vertex -1.000026986e-02 2.084310632e-03 8.755013347e-03
      vertex -9.898070246e-03 2.264314331e-03 9.510320611e-03
    endloop
  endfacet
  facet normal -9.914092422e-01 2.156678401e-02 1.290059984e-01
    outer loop
      vertex -9.898070246e-03 2.264314331e-03 9.510320611e-03
      vertex -1.000026986e-02 2.084310632e-03 8.755013347e-03
      vertex -1.000004075e-02 8.987867623e-04 8.954962716e-03
    endloop
  endfacet
  facet normal -9.914092422e-01 2.156679146e-02 1.290059835e-01
    outer loop
      vertex -9.898070246e-03 2.264314331e-03 9.510320611e-03
      vertex -1.000004075e-02 8.987867623e-04 8.954962716e-03
      vertex -9.897821583e-03 9.765116265e-04 9.727520868e-03
    endloop
  endfacet
  facet normal -9.914059043e-01 4.179826006e-03 1.307547987e-01
    outer loop
      vertex -9.897821583e-03 9.765116265e-04 9.727520868e-03
      vertex -1.000004075e-02 8.987867623e-04 8.954962716e-03
      vertex -9.999811649e-03 -3.028100182e-04 8.995113894e-03
    endloop
  endfacet
  facet normal -9.914059043e-01 4.179824609e-03 1.307547987e-01
    outer loop
      vertex -9.897821583e-03 9.765116265e-04 9.727520868e-03
      vertex -9.999811649e-03 -3.028100182e-04 8.995113894e-03
      vertex -9.897572920e-03 -3.287505242e-04 9.771135636e-03
    endloop
  endfacet
  facet normal -9.914026260e-01 -1.328516379e-02 1.301705539e-01
    outer loop
      vertex -9.897572920e-03 -3.287505242e-04 9.771135636e-03
      vertex -9.999811649e-03 -3.028100182e-04 8.995113894e-03
      vertex -9.999585338e-03 -1.499037025e-03 8.874749765e-03
    endloop
  endfacet
  facet normal -9.914026260e-01 -1.328517869e-02 1.301705688e-01
    outer loop
      vertex -9.897572920e-03 -3.287505242e-04 9.771135636e-03
      vertex -9.999585338e-03 -1.499037025e-03 8.874749765e-03
      vertex -9.897327051e-03 -1.628179802e-03 9.640387259e-03
    endloop
  endfacet
  facet normal -9.913993478e-01 -3.051644005e-02 1.272636801e-01
    outer loop
      vertex -9.897327051e-03 -1.628179802e-03 9.640387259e-03
      vertex -9.999585338e-03 -1.499037025e-03 8.874749765e-03
      vertex -9.999366477e-03 -2.668547677e-03 8.596017957e-03
    endloop
  endfacet
  facet normal -9.913993478e-01 -3.051640652e-02 1.272636503e-01
    outer loop
      vertex -9.897327051e-03 -1.628179802e-03 9.640387259e-03
      vertex -9.999366477e-03 -2.668547677e-03 8.596017957e-03
      vertex -9.897089563e-03 -2.898587612e-03 9.337607771e-03
    endloop
  endfacet
  facet normal -9.913962483e-01 -4.720648751e-02 1.220859960e-01
    outer loop
      vertex -9.897089563e-03 -2.898587612e-03 9.337607771e-03
      vertex -9.999366477e-03 -2.668547677e-03 8.596017957e-03
      vertex -9.999158792e-03 -3.790472168e-03 8.163891733e-03
    endloop
  endfacet
  facet normal -9.913962483e-01 -4.720647261e-02 1.220859885e-01
    outer loop
      vertex -9.897089563e-03 -2.898587612e-03 9.337607771e-03
      vertex -9.999158792e-03 -3.790472168e-03 8.163891733e-03
      vertex -9.896864183e-03 -4.117303994e-03 8.868201636e-03
    endloop
  endfacet
  facet normal -9.913933277e-01 -6.305751204e-02 1.147299558e-01
    outer loop
      vertex -9.896864183e-03 -4.117303994e-03 8.868201636e-03
      vertex -9.999158792e-03 -3.790472168e-03 8.163891733e-03
      vertex -9.998966940e-03 -4.844789393e-03 7.586084306e-03
    endloop
  endfacet
  facet normal -9.913933277e-01 -6.305752695e-02 1.147299632e-01
    outer loop
      vertex -9.896864183e-03 -4.117303994e-03 8.868201636e-03
      vertex -9.998966940e-03 -4.844789393e-03 7.586084306e-03
      vertex -9.896654636e-03 -5.262580700e-03 8.240544237e-03
    endloop
  endfacet
  facet normal -9.913907051e-01 -7.778661698e-02 1.053268537e-01
    outer loop
      vertex -9.896654636e-03 -5.262580700e-03 8.240544237e-03
      vertex -9.998966940e-03 -4.844789393e-03 7.586084306e-03
      vertex -9.998792782e-03 -5.812685471e-03 6.872905418e-03
    endloop
  endfacet
  facet normal -9.913907051e-01 -7.778666168e-02 1.053268760e-01
    outer loop
      vertex -9.896654636e-03 -5.262580700e-03 8.240544237e-03
      vertex -9.998792782e-03 -5.812685471e-03 6.872905418e-03
      vertex -9.896466509e-03 -6.313979626e-03 7.465837523e-03
    endloop
  endfacet
  facet normal -9.913883209e-01 -9.113106132e-02 9.404444695e-02
    outer loop
      vertex -9.896466509e-03 -6.313979626e-03 7.465837523e-03
      vertex -9.998792782e-03 -5.812685471e-03 6.872905418e-03
      vertex -9.998640046e-03 -6.676888093e-03 6.037081592e-03
    endloop
  endfacet
  facet normal -9.913883209e-01 -9.113106877e-02 9.404445440e-02
    outer loop
      vertex -9.896466509e-03 -6.313979626e-03 7.465837523e-03
      vertex -9.998640046e-03 -6.676888093e-03 6.037081592e-03
      vertex -9.896300733e-03 -7.252739277e-03 6.557905115e-03
    endloop
  endfacet
  facet normal -9.913862348e-01 -1.028526127e-01 8.108405769e-02
    outer loop
      vertex -9.896300733e-03 -7.252739277e-03 6.557905115e-03
      vertex -9.998640046e-03 -6.676888093e-03 6.037081592e-03
      vertex -9.998512454e-03 -7.421975490e-03 5.093528889e-03
    endloop
  endfacet
  facet normal -9.913862348e-01 -1.028526351e-01 8.108405769e-02
    outer loop
      vertex -9.896300733e-03 -7.252739277e-03 6.557905115e-03
      vertex -9.998512454e-03 -7.421975490e-03 5.093528889e-03
      vertex -9.896161035e-03 -8.062107489e-03 5.532949232e-03
    endloop
  endfacet
  facet normal -9.913845658e-01 -1.127421483e-01 6.667697430e-02
    outer loop
      vertex -9.896161035e-03 -8.062107489e-03 5.532949232e-03
      vertex -9.998512454e-03 -7.421975490e-03 5.093528889e-03
      vertex -9.998410940e-03 -8.034651168e-03 4.059084691e-03
    endloop
  endfacet
  facet normal -9.913845658e-01 -1.127420887e-01 6.667697430e-02
    outer loop
      vertex -9.896161035e-03 -8.062107489e-03 5.532949232e-03
      vertex -9.998410940e-03 -8.034651168e-03 4.059084691e-03
      vertex -9.896051139e-03 -8.727640845e-03 4.409260117e-03
    endloop
  endfacet
  facet normal -9.913833141e-01 -1.206230894e-01 5.108027160e-02
    outer loop
      vertex -9.896051139e-03 -8.727640845e-03 4.409260117e-03
      vertex -9.998410940e-03 -8.034651168e-03 4.059084691e-03
      vertex -9.998337366e-03 -8.503981866e-03 2.952208510e-03
    endloop
  endfacet
  facet normal -9.913833141e-01 -1.206229925e-01 5.108028650e-02
    outer loop
      vertex -9.896051139e-03 -8.727640845e-03 4.409260117e-03
      vertex -9.998337366e-03 -8.503981866e-03 2.952208510e-03
      vertex -9.895971045e-03 -9.237462655e-03 3.206890309e-03
    endloop
  endfacet
  facet normal -9.913824797e-01 -1.263548136e-01 3.457237035e-02
    outer loop
      vertex -9.895971045e-03 -9.237462655e-03 3.206890309e-03
      vertex -9.998337366e-03 -8.503981866e-03 2.952208510e-03
      vertex -9.998293594e-03 -8.821594529e-03 1.792652532e-03
    endloop
  endfacet
  facet normal -9.913824797e-01 -1.263549775e-01 3.457232192e-02
    outer loop
      vertex -9.895971045e-03 -9.237462655e-03 3.206890309e-03
      vertex -9.998293594e-03 -8.821594529e-03 1.792652532e-03
      vertex -9.895923547e-03 -9.582475759e-03 1.947295968e-03
    endloop
  endfacet
  facet normal -9.913820624e-01 -1.298353672e-01 1.744767092e-02
    outer loop
      vertex -9.895923547e-03 -9.582475759e-03 1.947295968e-03
      vertex -9.998293594e-03 -8.821594529e-03 1.792652532e-03
      vertex -9.998280555e-03 -8.981817402e-03 6.011094665e-04
    endloop
  endfacet
  facet normal -9.913820624e-01 -1.298352778e-01 1.744771376e-02
    outer loop
      vertex -9.895923547e-03 -9.582475759e-03 1.947295968e-03
      vertex -9.998280555e-03 -8.981817402e-03 6.011094665e-04
      vertex -9.895909578e-03 -9.756523184e-03 6.529549137e-04
    endloop
  endfacet
  facet normal -9.913820624e-01 -1.310021281e-01 1.197394886e-05
    outer loop
      vertex -9.895909578e-03 -9.756523184e-03 6.529549137e-04
      vertex -9.998280555e-03 -8.981817402e-03 6.011094665e-04
      vertex -9.998298250e-03 -8.981795050e-03 -6.011578953e-04
    endloop
  endfacet
  facet normal -9.913820624e-01 -1.310021281e-01 1.197394886e-05
    outer loop
      vertex -9.895909578e-03 -9.756523184e-03 6.529549137e-04
      vertex -9.998298250e-03 -8.981795050e-03 -6.011578953e-04
      vertex -9.895929135e-03 -9.756498039e-03 -6.530357059e-04
    endloop
  endfacet
  facet normal -9.913825393e-01 -1.298346221e-01 -1.742366143e-02
    outer loop
      vertex -9.895929135e-03 -9.756498039e-03 -6.530357059e-04
      vertex -9.998298250e-03 -8.981795050e-03 -6.011578953e-04
      vertex -9.998345748e-03 -8.821526542e-03 -1.792695257e-03
    endloop
  endfacet
  facet normal -9.913825393e-01 -1.298347116e-01 -1.742373221e-02
    outer loop
      vertex -9.895929135e-03 -9.756498039e-03 -6.530357059e-04
      vertex -9.998345748e-03 -8.821526542e-03 -1.792695257e-03
      vertex -9.895980358e-03 -9.582402185e-03 -1.947370358e-03
    endloop
  endfacet
  facet normal -9.913834333e-01 -1.263536513e-01 -3.454829380e-02
    outer loop
      vertex -9.895980358e-03 -9.582402185e-03 -1.947370358e-03
      vertex -9.998345748e-03 -8.821526542e-03 -1.792695257e-03
      vertex -9.998423047e-03 -8.503870107e-03 -2.952239010e-03
    endloop
  endfacet
  facet normal -9.913834929e-01 -1.263535321e-01 -3.454816341e-02
    outer loop
      vertex -9.895980358e-03 -9.582402185e-03 -1.947370358e-03
      vertex -9.998423047e-03 -8.503870107e-03 -2.952239010e-03
      vertex -9.896065108e-03 -9.237341583e-03 -3.206951544e-03
    endloop
  endfacet
  facet normal -9.913848042e-01 -1.206210777e-01 -5.105588958e-02
    outer loop
      vertex -9.896065108e-03 -9.237341583e-03 -3.206951544e-03
      vertex -9.998423047e-03 -8.503870107e-03 -2.952239010e-03
      vertex -9.998529218e-03 -8.034497499e-03 -4.059097730e-03
    endloop
  endfacet
  facet normal -9.913848042e-01 -1.206211373e-01 -5.105597153e-02
    outer loop
      vertex -9.896065108e-03 -9.237341583e-03 -3.206951544e-03
      vertex -9.998529218e-03 -8.034497499e-03 -4.059097730e-03
      vertex -9.896179661e-03 -8.727474138e-03 -4.409302026e-03
    endloop
  endfacet
  facet normal -9.913865328e-01 -1.127395630e-01 -6.665235758e-02
    outer loop
      vertex -9.896179661e-03 -8.727474138e-03 -4.409302026e-03
      vertex -9.998529218e-03 -8.034497499e-03 -4.059097730e-03
      vertex -9.896323085e-03 -8.061897941e-03 -5.532965530e-03
    endloop
  endfacet
  facet normal -9.235164523e-01 -3.300623894e-01 -1.953871548e-01
    outer loop
      vertex -9.896179661e-03 -8.727474138e-03 -4.409302026e-03
      vertex -9.896323085e-03 -8.061897941e-03 -5.532965530e-03
      vertex -9.596359916e-03 -9.373186156e-03 -4.735643975e-03
    endloop
  endfacet
  facet normal -9.235166907e-01 -3.300620914e-01 -1.953865886e-01
    outer loop
      vertex -9.596359916e-03 -9.373186156e-03 -4.735643975e-03
      vertex -9.896323085e-03 -8.061897941e-03 -5.532965530e-03
      vertex -9.596513584e-03 -8.658352308e-03 -5.942468997e-03
    endloop
  endfacet
  facet normal -7.926000357e-01 -5.246614218e-01 -3.106694520e-01
    outer loop
      vertex -9.596359916e-03 -9.373186156e-03 -4.735643975e-03
      vertex -9.596513584e-03 -8.658352308e-03 -5.942468997e-03
      vertex -9.119502269e-03 -9.927629493e-03 -5.015883129e-03
    endloop
  endfacet
  facet normal -7.925998569e-01 -5.246616006e-01 -3.106697798e-01
    outer loop
      vertex -9.119502269e-03 -9.927629493e-03 -5.015883129e-03
      vertex -9.596513584e-03 -8.658352308e-03 -5.942468997e-03
      vertex -9.119665250e-03 -9.170496836e-03 -6.294119172e-03
    endloop
  endfacet
  facet normal -6.986967921e-01 -6.155789495e-01 -3.645344675e-01
    outer loop
      vertex -9.119502269e-03 -9.927629493e-03 -5.015883129e-03
      vertex -9.119665250e-03 -9.170496836e-03 -6.294119172e-03
      vertex -8.960492909e-03 -1.000160817e-02 -5.195728969e-03
    endloop
  endfacet
  facet normal -6.445841789e-01 -6.517168283e-01 -3.997203708e-01
    outer loop
      vertex -8.960492909e-03 -1.000160817e-02 -5.195728969e-03
      vertex -9.119665250e-03 -9.170496836e-03 -6.294119172e-03
      vertex -8.684951812e-03 -1.000154763e-02 -5.640163086e-03
    endloop
  endfacet
  facet normal 1.303805411e-01 7.024329305e-01 6.997063160e-01
    outer loop
      vertex 6.998472847e-03 8.659454994e-03 8.308744989e-03
      vertex 6.998537574e-03 8.343478665e-03 8.625940420e-03
      vertex 7.775006816e-03 8.272563107e-03 8.552446961e-03
    endloop
  endfacet
  facet normal 1.301846802e-01 5.301111341e-01 8.378747702e-01
    outer loop
      vertex 6.998801604e-03 7.040683646e-03 9.718311019e-03
      vertex 6.999055855e-03 5.768115167e-03 1.052340679e-02
      vertex 7.775520440e-03 5.719138775e-03 1.043375023e-02
    endloop
  endfacet
  facet normal 1.303612441e-01 3.931244016e-01 9.101973176e-01
    outer loop
      vertex 6.999169011e-03 5.196688231e-03 1.081693545e-02
      vertex 6.999342702e-03 4.314014688e-03 1.119814720e-02
      vertex 7.775804959e-03 4.277424421e-03 1.110274345e-02
    endloop
  endfacet
  facet normal 1.304733455e-01 2.465488464e-01 9.603074193e-01
    outer loop
      vertex 6.999562494e-03 3.186467336e-03 1.156946737e-02
      vertex 6.999641191e-03 2.782954136e-03 1.167305373e-02
      vertex 7.776100654e-03 2.759406809e-03 1.157360524e-02
    endloop
  endfacet
  facet normal 1.302925795e-01 2.783047594e-02 9.910849333e-01
    outer loop
      vertex 6.999970414e-03 1.074337400e-03 1.195182931e-02
      vertex 7.000252139e-03 -3.998734464e-04 1.199318934e-02
      vertex 7.776706479e-03 -3.963078489e-04 1.189101301e-02
    endloop
  endfacet
  facet normal 1.304687411e-01 -1.268790811e-01 9.833003879e-01
    outer loop
      vertex 7.000379730e-03 -1.072123297e-03 1.195178833e-02
      vertex 7.000553422e-03 -1.994842896e-03 1.183270290e-02
      vertex 7.777005434e-03 -1.977690496e-03 1.173189376e-02
    endloop
  endfacet
  facet normal 1.305759102e-01 -2.784896195e-01 9.515216351e-01
    outer loop
      vertex 7.000776473e-03 -3.184238682e-03 1.156934630e-02
      vertex 7.000844926e-03 -3.554190509e-03 1.146106049e-02
      vertex 7.777294610e-03 -3.523754887e-03 1.136341691e-02
    endloop
  endfacet
  facet normal 1.303981841e-01 -4.822491109e-01 8.662748337e-01
    outer loop
      vertex 7.001148071e-03 -5.194431171e-03 1.081673801e-02
      vertex 7.001378108e-03 -6.455846597e-03 1.011448260e-02
      vertex 7.777823135e-03 -6.400692742e-03 1.002831012e-02
    endloop
  endfacet
  facet normal 1.305640638e-01 -6.112833023e-01 7.805675864e-01
    outer loop
      vertex 7.001483347e-03 -7.038385142e-03 9.718043730e-03
      vertex 7.001610007e-03 -7.746374235e-03 9.163577110e-03
      vertex 7.778053172e-03 -7.680227049e-03 9.085505269e-03
    endloop
  endfacet
  facet normal 1.306612343e-01 -7.253968716e-01 6.758158207e-01
    outer loop
      vertex 7.001771126e-03 -8.657102473e-03 8.308417164e-03
      vertex 7.001813501e-03 -8.898644708e-03 8.049146272e-03
      vertex 7.778254803e-03 -8.822681382e-03 7.980566472e-03
    endloop
  endfacet
  facet normal 1.304711252e-01 -6.786244512e-01 -7.228043675e-01
    outer loop
      vertex 7.001528982e-03 -8.656787686e-03 -8.308948949e-03
      vertex 7.001343183e-03 -7.746027317e-03 -9.164075367e-03
      vertex 7.777788211e-03 -7.679882925e-03 -9.086022153e-03
    endloop
  endfacet
  facet normal 1.305911392e-01 -4.232627451e-01 -8.965459466e-01
    outer loop
      vertex 7.000832818e-03 -5.194021389e-03 -1.081713941e-02
      vertex 7.000804413e-03 -5.049677566e-03 -1.088528894e-02
      vertex 7.777254097e-03 -5.006502382e-03 -1.079257391e-02
    endloop
  endfacet
  facet normal 1.303879917e-01 -2.142783105e-01 -9.680308700e-01
    outer loop
      vertex 7.000438869e-03 -3.183800494e-03 -1.156967133e-02
      vertex 7.000208367e-03 -1.994394697e-03 -1.183298323e-02
      vertex 7.776663173e-03 -1.977246022e-03 -1.173219457e-02
    endloop
  endfacet
  facet normal 1.304917186e-01 9.399867058e-02 -9.869833589e-01
    outer loop
      vertex 6.999622099e-03 1.074790140e-03 -1.195199229e-02
      vertex 6.999597885e-03 1.202707761e-03 -1.193981338e-02
      vertex 7.776057813e-03 1.192621770e-03 -1.183811575e-02
    endloop
  endfacet
  facet normal 1.302959621e-01 3.101831675e-01 -9.417055845e-01
    outer loop
      vertex 6.999225356e-03 3.186905524e-03 -1.156955026e-02
      vertex 6.999015808e-03 4.314438906e-03 -1.119818725e-02
      vertex 7.775480859e-03 4.277844913e-03 -1.110280771e-02
    endloop
  endfacet
  facet normal 1.304023266e-01 5.848982930e-01 -8.005555868e-01
    outer loop
      vertex 6.998518016e-03 7.041051518e-03 -9.718247689e-03
      vertex 6.998504046e-03 7.119673304e-03 -9.660807438e-03
      vertex 7.774973288e-03 7.059182972e-03 -9.578524157e-03
    endloop
  endfacet
  facet normal 1.302253008e-01 7.476377487e-01 -6.512136459e-01
    outer loop
      vertex 6.998230238e-03 8.659769781e-03 -8.308621123e-03
      vertex 6.998098455e-03 9.419066831e-03 -7.436922286e-03
      vertex 7.774571422e-03 9.338988923e-03 -7.373583037e-03
    endloop
  endfacet
  facet normal 9.235137105e-01 3.423773348e-01 1.729168296e-01
    outer loop
      vertex 9.596433491e-03 9.035943076e-03 5.351006053e-03
      vertex 9.896247648e-03 8.413470350e-03 4.982260522e-03
      vertex 9.896118194e-03 9.002507664e-03 3.816650249e-03
    endloop
  endfacet
  facet normal 9.236414433e-01 -3.528116643e-01 -1.497011185e-01
    outer loop
      vertex 9.599791840e-03 -9.369528852e-03 -4.735923838e-03
      vertex 9.899375029e-03 -8.723703213e-03 -4.409590736e-03
      vertex 9.899489582e-03 -9.233570658e-03 -3.207240021e-03
    endloop
  endfacet
  facet normal 5.273399949e-01 -7.214883566e-01 4.487394691e-01
    outer loop
      vertex 8.364469744e-03 -9.998520836e-03 6.020765752e-03
      vertex 8.688759990e-03 -9.998451918e-03 5.639784504e-03
      vertex 8.501917124e-03 -9.560441598e-03 6.563592236e-03
    endloop
  endfacet
  facet normal 8.153462410e-01 -5.513610244e-01 1.766678691e-01
    outer loop
      vertex 9.608790278e-03 -9.998229332e-03 3.150745062e-03
      vertex 9.600015357e-03 -9.917262010e-03 3.443933092e-03
      vertex 9.428369813e-03 -9.998279624e-03 3.983253613e-03
    endloop
  endfacet
  facet normal 8.085846305e-01 -5.658730268e-01 -1.611786485e-01
    outer loop
      vertex 9.460113943e-03 -9.998125024e-03 -3.861571662e-03
      vertex 9.599914774e-03 -9.917131625e-03 -3.444588743e-03
      vertex 9.639528580e-03 -9.998107329e-03 -2.961566905e-03
    endloop
  endfacet
  facet normal 1.940388381e-01 7.962834835e-01 -5.729585886e-01
    outer loop
      vertex 7.358110510e-03 1.000152621e-02 -6.593844388e-03
      vertex 7.729093544e-03 1.000159513e-02 -6.468111649e-03
      vertex 7.774571422e-03 9.338988923e-03 -7.373583037e-03
    endloop
  endfacet
  facet normal 4.077860415e-01 8.444701433e-01 -3.472473919e-01
    outer loop
      vertex 8.684786037e-03 1.000176091e-02 -5.640037358e-03
      vertex 8.498013020e-03 9.980734438e-03 -5.910507869e-03
      vertex 8.360484615e-03 1.000170689e-02 -6.021009758e-03
    endloop
  endfacet
  facet normal 8.206523061e-01 4.915426075e-01 -2.914029658e-01
    outer loop
      vertex 9.146929719e-03 1.000183355e-02 -4.802329000e-03
      vertex 9.372786619e-03 1.000186428e-02 -4.166216124e-03
      vertex 9.596174583e-03 9.668729268e-03 -4.099044017e-03
    endloop
  endfacet
  facet normal 6.861383468e-02 8.078447580e-01 5.853878856e-01
    outer loop
      vertex 6.998192519e-03 1.000120770e-02 6.633337121e-03
      vertex 6.998315454e-03 9.418784641e-03 7.437075023e-03
      vertex 7.385216188e-03 1.000128221e-02 6.587870419e-03
    endloop
  endfacet
  facet normal 1.303643286e-01 7.889039516e-01 6.005294919e-01
    outer loop
      vertex 7.385216188e-03 1.000128221e-02 6.587870419e-03
      vertex 6.998315454e-03 9.418784641e-03 7.437075023e-03
      vertex 7.774786092e-03 9.338709526e-03 7.373709697e-03
    endloop
  endfacet
  facet normal 1.870368272e-01 7.947658300e-01 5.773772001e-01
    outer loop
      vertex 7.385216188e-03 1.000128221e-02 6.587870419e-03
      vertex 7.774786092e-03 9.338709526e-03 7.373709697e-03
      vertex 7.658708841e-03 1.000133529e-02 6.499200594e-03
    endloop
  endfacet
  facet normal 2.556885481e-01 7.865805030e-01 5.620626807e-01
    outer loop
      vertex 7.658708841e-03 1.000133529e-02 6.499200594e-03
      vertex 7.774786092e-03 9.338709526e-03 7.373709697e-03
      vertex 7.777829655e-03 1.000135951e-02 6.444978062e-03
    endloop
  endfacet
  facet normal 3.249288201e-01 7.693614960e-01 5.500037670e-01
    outer loop
      vertex 7.777829655e-03 1.000135951e-02 6.444978062e-03
      vertex 7.774786092e-03 9.338709526e-03 7.373709697e-03
      vertex 8.032535203e-03 1.000141073e-02 6.294432562e-03
    endloop
  endfacet
  facet normal 3.823675811e-01 7.439038157e-01 5.480895042e-01
    outer loop
      vertex 8.032535203e-03 1.000141073e-02 6.294432562e-03
      vertex 7.774786092e-03 9.338709526e-03 7.373709697e-03
      vertex 8.498370647e-03 9.103645571e-03 7.187955081e-03
    endloop
  endfacet
  facet normal 4.098329544e-01 7.414515018e-01 5.313065052e-01
    outer loop
      vertex 8.032535203e-03 1.000141073e-02 6.294432562e-03
      vertex 8.498370647e-03 9.103645571e-03 7.187955081e-03
      vertex 8.226752281e-03 1.000145078e-02 6.144563667e-03
    endloop
  endfacet
  facet normal 6.065623760e-01 6.382345557e-01 4.740661979e-01
    outer loop
      vertex 8.498185314e-03 9.980509989e-03 5.910637788e-03
      vertex 9.119580500e-03 9.570430964e-03 5.667658057e-03
      vertex 8.578437380e-03 1.000152435e-02 5.779664963e-03
    endloop
  endfacet
  facet normal 6.153834462e-01 6.608555317e-01 4.296198189e-01
    outer loop
      vertex 8.578437380e-03 1.000152435e-02 5.779664963e-03
      vertex 9.119580500e-03 9.570430964e-03 5.667658057e-03
      vertex 8.848846890e-03 1.000158302e-02 5.392242223e-03
    endloop
  endfacet
  facet normal 8.588277102e-01 4.828076661e-01 1.712067276e-01
    outer loop
      vertex 9.635805152e-03 1.000177953e-02 2.961286111e-03
      vertex 9.456417523e-03 1.000172831e-02 3.861295758e-03
      vertex 9.596294723e-03 9.668574668e-03 4.099130630e-03
    endloop
  endfacet
  facet normal 8.314012885e-01 5.086978674e-01 2.236033082e-01
    outer loop
      vertex 9.596294723e-03 9.668574668e-03 4.099130630e-03
      vertex 9.456417523e-03 1.000172831e-02 3.861295758e-03
      vertex 9.391905740e-03 1.000171155e-02 4.101199098e-03
    endloop
  endfacet
  facet normal 8.177897930e-01 4.999653101e-01 2.850518525e-01
    outer loop
      vertex 9.596294723e-03 9.668574668e-03 4.099130630e-03
      vertex 9.391905740e-03 1.000171155e-02 4.101199098e-03
      vertex 9.149656631e-03 1.000165194e-02 4.796295427e-03
    endloop
  endfacet
  facet normal 9.672064185e-01 2.295404971e-01 1.087332070e-01
    outer loop
      vertex 9.635805152e-03 1.000177953e-02 2.961286111e-03
      vertex 9.895950556e-03 9.691087529e-03 1.303113415e-03
      vertex 9.760654531e-03 1.000182424e-02 1.850622939e-03
    endloop
  endfacet
  facet normal 9.315384626e-01 3.628320098e-01 2.427016199e-02
    outer loop
      vertex 9.760654531e-03 1.000182424e-02 1.850622939e-03
      vertex 9.895950556e-03 9.691087529e-03 1.303113415e-03
      vertex 9.895915166e-03 9.778342210e-03 4.087933902e-08
    endloop
  endfacet
  facet normal 9.701075554e-01 2.390058190e-01 4.204282165e-02
    outer loop
      vertex 9.760654531e-03 1.000182424e-02 1.850622939e-03
      vertex 9.895915166e-03 9.778342210e-03 4.087933902e-08
      vertex 9.823773056e-03 1.000186335e-02 3.939795424e-04
    endloop
  endfacet
  facet normal 9.449589849e-01 3.269514143e-01 -1.246306580e-02
    outer loop
      vertex 9.823773056e-03 1.000186335e-02 3.939795424e-04
      vertex 9.895915166e-03 9.778342210e-03 4.087933902e-08
      vertex 9.803880937e-03 1.000188850e-02 -1.113648643e-03
    endloop
  endfacet
  facet normal 9.553074837e-01 2.949539721e-01 -1.974096522e-02
    outer loop
      vertex 9.803880937e-03 1.000188850e-02 -1.113648643e-03
      vertex 9.895915166e-03 9.778342210e-03 4.087933902e-08
      vertex 9.895912372e-03 9.691136889e-03 -1.303034718e-03
    endloop
  endfacet
  facet normal 9.503541589e-01 3.080869615e-01 -4.369716346e-02
    outer loop
      vertex 9.803880937e-03 1.000188850e-02 -1.113648643e-03
      vertex 9.895912372e-03 9.691136889e-03 -1.303034718e-03
      vertex 9.795138612e-03 1.000189036e-02 -1.303768251e-03
    endloop
  endfacet
  facet normal 9.489277005e-01 3.075616062e-01 -7.029972970e-02
    outer loop
      vertex 9.795138612e-03 1.000189036e-02 -1.303768251e-03
      vertex 9.895912372e-03 9.691136889e-03 -1.303034718e-03
      vertex 9.724489413e-03 1.000189502e-02 -2.257392276e-03
    endloop
  endfacet
  facet normal 9.448483586e-01 3.209511638e-01 -6.520707160e-02
    outer loop
      vertex 9.724489413e-03 1.000189502e-02 -2.257392276e-03
      vertex 9.895912372e-03 9.691136889e-03 -1.303034718e-03
      vertex 9.895944037e-03 9.431025945e-03 -2.582860878e-03
    endloop
  endfacet
  facet normal 9.285672903e-01 3.497394323e-01 -1.242782027e-01
    outer loop
      vertex 9.724489413e-03 1.000189502e-02 -2.257392276e-03
      vertex 9.895944037e-03 9.431025945e-03 -2.582860878e-03
      vertex 9.604888968e-03 1.000188943e-02 -3.151025157e-03
    endloop
  endfacet
  facet normal 9.281169176e-01 3.517069817e-01 -1.220705882e-01
    outer loop
      vertex 9.895944037e-03 9.431025945e-03 -2.582860878e-03
      vertex 9.896007366e-03 9.002652019e-03 -3.816598095e-03
      vertex 9.604888968e-03 1.000188943e-02 -3.151025157e-03
    endloop
  endfacet
  facet normal 9.236893654e-01 3.587360680e-01 -1.345600933e-01
    outer loop
      vertex 9.604888968e-03 1.000188943e-02 -3.151025157e-03
      vertex 9.896007366e-03 9.002652019e-03 -3.816598095e-03
      vertex 9.596174583e-03 9.668729268e-03 -4.099044017e-03
    endloop
  endfacet
  facet normal 8.464081883e-01 4.999320209e-01 -1.834698468e-01
    outer loop
      vertex 9.604888968e-03 1.000188943e-02 -3.151025157e-03
      vertex 9.596174583e-03 9.668729268e-03 -4.099044017e-03
      vertex 9.424444288e-03 1.000187080e-02 -3.983527888e-03
    endloop
  endfacet
  facet normal 8.286269307e-01 5.083993673e-01 -2.343234420e-01
    outer loop
      vertex 9.424444288e-03 1.000187080e-02 -3.983527888e-03
      vertex 9.596174583e-03 9.668729268e-03 -4.099044017e-03
      vertex 9.372786619e-03 1.000186428e-02 -4.166216124e-03
    endloop
  endfacet
  facet normal 6.068482995e-01 6.417341232e-01 -4.689482450e-01
    outer loop
      vertex 8.498013020e-03 9.980734438e-03 -5.910507869e-03
      vertex 8.684786037e-03 1.000176091e-02 -5.640037358e-03
      vertex 9.119415656e-03 9.570646100e-03 -5.667561200e-03
    endloop
  endfacet
  facet normal 3.820668459e-01 7.548193932e-01 -5.331721902e-01
    outer loop
      vertex 7.774571422e-03 9.338988923e-03 -7.373583037e-03
      vertex 7.729093544e-03 1.000159513e-02 -6.468111649e-03
      vertex 8.498161100e-03 9.103918448e-03 -7.187857758e-03
    endloop
  endfacet
  facet normal 3.175802529e-01 7.437211871e-01 -5.882359743e-01
    outer loop
      vertex 8.498161100e-03 9.103918448e-03 -7.187857758e-03
      vertex 7.729093544e-03 1.000159513e-02 -6.468111649e-03
      vertex 7.944750600e-03 1.000163332e-02 -6.351632532e-03
    endloop
  endfacet
  facet normal 4.049294889e-01 7.443135381e-01 -5.310644507e-01
    outer loop
      vertex 8.498161100e-03 9.103918448e-03 -7.187857758e-03
      vertex 7.944750600e-03 1.000163332e-02 -6.351632532e-03
      vertex 8.289028890e-03 1.000169385e-02 -6.089040078e-03
    endloop
  endfacet
  facet normal 8.068138361e-02 7.804220319e-01 -6.200257540e-01
    outer loop
      vertex 7.358110510e-03 1.000152621e-02 -6.593844388e-03
      vertex 7.774571422e-03 9.338988923e-03 -7.373583037e-03
      vertex 7.067749742e-03 1.000147220e-02 -6.631696597e-03
    endloop
  endfacet
  facet normal 1.302957088e-01 7.979781032e-01 -5.884335041e-01
    outer loop
      vertex 7.067749742e-03 1.000147220e-02 -6.631696597e-03
      vertex 7.774571422e-03 9.338988923e-03 -7.373583037e-03
      vertex 6.998098455e-03 9.419066831e-03 -7.436922286e-03
    endloop
  endfacet
  facet normal 1.217571646e-02 8.097110391e-01 -5.867024660e-01
    outer loop
      vertex 7.067749742e-03 1.000147220e-02 -6.631696597e-03
      vertex 6.998098455e-03 9.419066831e-03 -7.436922286e-03
      vertex 6.997999270e-03 1.000145823e-02 -6.633162033e-03
    endloop
  endfacet
  facet normal 6.571339816e-02 -8.271080256e-01 -5.581882000e-01
    outer loop
      vertex 7.001808845e-03 -9.998540394e-03 -6.633541081e-03
      vertex 7.001786493e-03 -9.891836904e-03 -6.791654509e-03
      vertex 7.388833910e-03 -9.998467751e-03 -6.588086020e-03
    endloop
  endfacet
  facet normal 1.299741119e-01 -7.550688982e-01 -6.426333785e-01
    outer loop
      vertex 7.388833910e-03 -9.998467751e-03 -6.588086020e-03
      vertex 7.001786493e-03 -9.891836904e-03 -6.791654509e-03
      vertex 7.778227795e-03 -9.807412513e-03 -6.733811926e-03
    endloop
  endfacet
  facet normal 1.832967252e-01 -8.045017719e-01 -5.649594665e-01
    outer loop
      vertex 7.388833910e-03 -9.998467751e-03 -6.588086020e-03
      vertex 7.778227795e-03 -9.807412513e-03 -6.733811926e-03
      vertex 7.662328891e-03 -9.998417459e-03 -6.499424577e-03
    endloop
  endfacet
  facet normal 2.836398184e-01 -8.072519898e-01 -5.175835490e-01
    outer loop
      vertex 7.662328891e-03 -9.998417459e-03 -6.499424577e-03
      vertex 7.778227795e-03 -9.807412513e-03 -6.733811926e-03
      vertex 8.036160842e-03 -9.998350404e-03 -6.294666324e-03
    endloop
  endfacet
  facet normal 3.826339245e-01 -7.437469959e-01 -5.481165051e-01
    outer loop
      vertex 8.036160842e-03 -9.998350404e-03 -6.294666324e-03
      vertex 7.778227795e-03 -9.807412513e-03 -6.733811926e-03
      vertex 8.501726203e-03 -9.560192935e-03 -6.564202718e-03
    endloop
  endfacet
  facet normal 4.036858678e-01 -7.506684065e-01 -5.230054259e-01
    outer loop
      vertex 8.036160842e-03 -9.998350404e-03 -6.294666324e-03
      vertex 8.501726203e-03 -9.560192935e-03 -6.564202718e-03
      vertex 8.230383508e-03 -9.998315945e-03 -6.144803483e-03
    endloop
  endfacet
  facet normal 6.087413430e-01 -6.659607887e-01 -4.311962128e-01
    outer loop
      vertex 9.122975171e-03 -9.167022072e-03 -6.294385530e-03
      vertex 8.852498606e-03 -9.998211637e-03 -5.392500665e-03
      vertex 8.501726203e-03 -9.560192935e-03 -6.564202718e-03
    endloop
  endfacet
  facet normal 6.173880100e-01 -6.581659317e-01 -4.308708012e-01
    outer loop
      vertex 8.501726203e-03 -9.560192935e-03 -6.564202718e-03
      vertex 8.852498606e-03 -9.998211637e-03 -5.392500665e-03
      vertex 8.582077920e-03 -9.998255409e-03 -5.779914558e-03
    endloop
  endfacet
  facet normal 4.819373488e-01 -7.430204153e-01 -4.643888772e-01
    outer loop
      vertex 8.501726203e-03 -9.560192935e-03 -6.564202718e-03
      vertex 8.582077920e-03 -9.998255409e-03 -5.779914558e-03
      vertex 8.230383508e-03 -9.998315945e-03 -6.144803483e-03
    endloop
  endfacet
  facet normal 8.128443360e-01 -5.089517832e-01 -2.832880914e-01
    outer loop
      vertex 9.153326973e-03 -9.998165071e-03 -4.796562251e-03
      vertex 9.123138152e-03 -9.924154729e-03 -5.016149022e-03
      vertex 9.395596571e-03 -9.998132475e-03 -4.101472907e-03
    endloop
  endfacet
  facet normal 7.934377789e-01 -5.403963327e-01 -2.800505757e-01
    outer loop
      vertex 9.395596571e-03 -9.998132475e-03 -4.101472907e-03
      vertex 9.123138152e-03 -9.924154729e-03 -5.016149022e-03
      vertex 9.599791840e-03 -9.369528852e-03 -4.735923838e-03
    endloop
  endfacet
  facet normal 9.405239224e-01 -3.325131536e-01 6.964005530e-02
    outer loop
      vertex 9.899631143e-03 -9.578704834e-03 1.947007491e-03
      vertex 9.728364646e-03 -9.998189285e-03 2.257108688e-03
      vertex 9.798985906e-03 -9.998157620e-03 1.303482684e-03
    endloop
  endfacet
  facet normal 9.564859271e-01 -2.891743481e-01 3.889517859e-02
    outer loop
      vertex 9.899631143e-03 -9.578704834e-03 1.947007491e-03
      vertex 9.798985906e-03 -9.998157620e-03 1.303482684e-03
      vertex 9.899645112e-03 -9.752752259e-03 6.526663201e-04
    endloop
  endfacet
  facet normal 9.476177692e-01 -2.931658626e-01 1.267843992e-01
    outer loop
      vertex 9.728364646e-03 -9.998189285e-03 2.257108688e-03
      vertex 9.899631143e-03 -9.578704834e-03 1.947007491e-03
      vertex 9.608790278e-03 -9.998229332e-03 3.150745062e-03
    endloop
  endfacet
  facet normal 9.276981354e-01 -3.600594103e-01 9.865791351e-02
    outer loop
      vertex 9.608790278e-03 -9.998229332e-03 3.150745062e-03
      vertex 9.899631143e-03 -9.578704834e-03 1.947007491e-03
      vertex 9.899583645e-03 -9.233692661e-03 3.206601832e-03
    endloop
  endfacet
  facet normal 9.239482880e-01 -3.607236445e-01 1.272713691e-01
    outer loop
      vertex 9.608790278e-03 -9.998229332e-03 3.150745062e-03
      vertex 9.899583645e-03 -9.233692661e-03 3.206601832e-03
      vertex 9.600015357e-03 -9.917262010e-03 3.443933092e-03
    endloop
  endfacet
  facet normal 7.945991755e-01 -5.376397967e-01 2.820560932e-01
    outer loop
      vertex 9.376717731e-03 -9.998292662e-03 4.165942781e-03
      vertex 9.599929675e-03 -9.369708598e-03 4.735288676e-03
      vertex 9.150879458e-03 -9.998347610e-03 4.802062176e-03
    endloop
  endfacet
  facet normal 7.933634520e-01 -5.360798836e-01 2.884314954e-01
    outer loop
      vertex 9.150879458e-03 -9.998347610e-03 4.802062176e-03
      vertex 9.599929675e-03 -9.369708598e-03 4.735288676e-03
      vertex 9.123284370e-03 -9.924344718e-03 5.015506875e-03
    endloop
  endfacet
  facet normal 6.718831062e-01 -6.685971022e-01 3.186707497e-01
    outer loop
      vertex 9.150879458e-03 -9.998347610e-03 4.802062176e-03
      vertex 9.123284370e-03 -9.924344718e-03 5.015506875e-03
      vertex 8.964302018e-03 -9.998390451e-03 5.195349921e-03
    endloop
  endfacet
  facet normal 6.088303924e-01 -6.620569229e-01 4.370425940e-01
    outer loop
      vertex 8.501917124e-03 -9.560441598e-03 6.563592236e-03
      vertex 8.688759990e-03 -9.998451918e-03 5.639784504e-03
      vertex 9.123158641e-03 -9.167260490e-03 6.293772254e-03
    endloop
  endfacet
  facet normal 9.125909954e-02 -7.094276547e-01 6.988449097e-01
    outer loop
      vertex 7.362112403e-03 -9.998722933e-03 6.593629718e-03
      vertex 7.778424304e-03 -9.807667695e-03 6.733213086e-03
      vertex 7.071753033e-03 -9.998778813e-03 6.631489843e-03
    endloop
  endfacet
  facet normal 1.306061745e-01 -7.968956232e-01 5.898299217e-01
    outer loop
      vertex 7.071753033e-03 -9.998778813e-03 6.631489843e-03
      vertex 7.778424304e-03 -9.807667695e-03 6.733213086e-03
      vertex 7.001984399e-03 -9.892093949e-03 6.791075692e-03
    endloop
  endfacet
  facet normal 1.193245314e-02 -8.288659453e-01 5.593199730e-01
    outer loop
      vertex 7.071753033e-03 -9.998778813e-03 6.631489843e-03
      vertex 7.001984399e-03 -9.892093949e-03 6.791075692e-03
      vertex 7.002002560e-03 -9.998791851e-03 6.632958073e-03
    endloop
  endfacet
  facet normal 1.874445528e-01 -8.121318817e-01 5.525453687e-01
    outer loop
      vertex 7.362112403e-03 -9.998722933e-03 6.593629718e-03
      vertex 7.733091712e-03 -9.998649359e-03 6.467886735e-03
      vertex 7.778424304e-03 -9.807667695e-03 6.733213086e-03
    endloop
  endfacet
  facet normal 2.850411832e-01 -8.003717065e-01 5.274055600e-01
    outer loop
      vertex 7.778424304e-03 -9.807667695e-03 6.733213086e-03
      vertex 7.733091712e-03 -9.998649359e-03 6.467886735e-03
      vertex 7.948745042e-03 -9.998606518e-03 6.351400632e-03
    endloop
  endfacet
  facet normal 3.827036917e-01 -7.466500998e-01 5.441061258e-01
    outer loop
      vertex 7.778424304e-03 -9.807667695e-03 6.733213086e-03
      vertex 7.948745042e-03 -9.998606518e-03 6.351400632e-03
      vertex 8.501917124e-03 -9.560441598e-03 6.563592236e-03
    endloop
  endfacet
  facet normal 3.978918791e-01 -7.548445463e-01 5.214324594e-01
    outer loop
      vertex 8.501917124e-03 -9.560441598e-03 6.563592236e-03
      vertex 7.948745042e-03 -9.998606518e-03 6.351400632e-03
      vertex 8.293015882e-03 -9.998535737e-03 6.088798400e-03
    endloop
  endfacet
  facet normal 4.607895017e-01 -7.440507412e-01 4.837990999e-01
    outer loop
      vertex 8.501917124e-03 -9.560441598e-03 6.563592236e-03
      vertex 8.293015882e-03 -9.998535737e-03 6.088798400e-03
      vertex 8.364469744e-03 -9.998520836e-03 6.020765752e-03
    endloop
  endfacet
  facet normal 9.914361238e-01 -1.128319949e-01 -6.575188041e-02
    outer loop
      vertex 1.000135578e-02 -7.498000748e-03 -4.975225311e-03
      vertex 1.000147033e-02 -8.030687459e-03 -4.059389234e-03
      vertex 9.899375029e-03 -8.723703213e-03 -4.409590736e-03
    endloop
  endfacet
  facet normal 9.914292693e-01 -1.202428266e-01 -5.108455569e-02
    outer loop
      vertex 9.899375029e-03 -8.723703213e-03 -4.409590736e-03
      vertex 1.000147033e-02 -8.030687459e-03 -4.059389234e-03
      vertex 1.000157557e-02 -8.500060067e-03 -2.952530514e-03
    endloop
  endfacet
  facet normal 9.914292693e-01 -1.202427223e-01 -5.108457431e-02
    outer loop
      vertex 9.899375029e-03 -8.723703213e-03 -4.409590736e-03
      vertex 1.000157557e-02 -8.500060067e-03 -2.952530514e-03
      vertex 9.899489582e-03 -9.233570658e-03 -3.207240021e-03
    endloop
  endfacet
  facet normal 9.914306402e-01 -1.259751320e-01 -3.457697108e-02
    outer loop
      vertex 9.899489582e-03 -9.233570658e-03 -3.207240021e-03
      vertex 1.000157557e-02 -8.500060067e-03 -2.952530514e-03
      vertex 1.000165287e-02 -8.817716502e-03 -1.792986761e-03
    endloop
  endfacet
  facet normal 9.914306402e-01 -1.259752959e-01 -3.457691893e-02
    outer loop
      vertex 9.899489582e-03 -9.233570658e-03 -3.207240021e-03
      vertex 1.000165287e-02 -8.817716502e-03 -1.792986761e-03
      vertex 9.899574332e-03 -9.578631260e-03 -1.947658835e-03
    endloop
  endfacet
  facet normal 9.914315343e-01 -1.294563264e-01 -1.745248586e-02
    outer loop
      vertex 9.899574332e-03 -9.578631260e-03 -1.947658835e-03
      vertex 1.000165287e-02 -8.817716502e-03 -1.792986761e-03
      vertex 1.000170130e-02 -8.977985010e-03 -6.014494575e-04
    endloop
  endfacet
  facet normal 9.914315343e-01 -1.294562221e-01 -1.745253243e-02
    outer loop
      vertex 9.899574332e-03 -9.578631260e-03 -1.947658835e-03
      vertex 1.000170130e-02 -8.977985010e-03 -6.014494575e-04
      vertex 9.899625555e-03 -9.752727114e-03 -6.533242995e-04
    endloop
  endfacet
  facet normal 9.914320111e-01 -1.306237429e-01 -1.692967999e-05
    outer loop
      vertex 9.899625555e-03 -9.752727114e-03 -6.533242995e-04
      vertex 1.000170130e-02 -8.977985010e-03 -6.014494575e-04
      vertex 1.000171900e-02 -8.978008293e-03 6.008179043e-04
    endloop
  endfacet
  facet normal 9.914320111e-01 -1.306237429e-01 -1.692967999e-05
    outer loop
      vertex 9.899625555e-03 -9.752727114e-03 -6.533242995e-04
      vertex 1.000171900e-02 -8.978008293e-03 6.008179043e-04
      vertex 9.899645112e-03 -9.752752259e-03 6.526663201e-04
    endloop
  endfacet
  facet normal 9.914320707e-01 -1.294568926e-01 1.741866209e-02
    outer loop
      vertex 9.899645112e-03 -9.752752259e-03 6.526663201e-04
      vertex 1.000171900e-02 -8.978008293e-03 6.008179043e-04
      vertex 1.000170596e-02 -8.817784488e-03 1.792361028e-03
    endloop
  endfacet
  facet normal 9.914320111e-01 -1.294569671e-01 1.741872914e-02
    outer loop
      vertex 9.899645112e-03 -9.752752259e-03 6.526663201e-04
      vertex 1.000170596e-02 -8.817784488e-03 1.792361028e-03
      vertex 9.899631143e-03 -9.578704834e-03 1.947007491e-03
    endloop
  endfacet
  facet normal 9.914315939e-01 -1.259765774e-01 3.454332054e-02
    outer loop
      vertex 9.899631143e-03 -9.578704834e-03 1.947007491e-03
      vertex 1.000170596e-02 -8.817784488e-03 1.792361028e-03
      vertex 1.000166219e-02 -8.500172757e-03 2.951917006e-03
    endloop
  endfacet
  facet normal 9.914316535e-01 -1.259764731e-01 3.454319760e-02
    outer loop
      vertex 9.899631143e-03 -9.578704834e-03 1.947007491e-03
      vertex 1.000166219e-02 -8.500172757e-03 2.951917006e-03
      vertex 9.899583645e-03 -9.233692661e-03 3.206601832e-03
    endloop
  endfacet
  facet normal 9.913830757e-01 1.283797175e-01 2.604400553e-02
    outer loop
      vertex 9.998317808e-03 8.921579458e-03 1.199605758e-03
      vertex 9.896018542e-03 9.430928156e-03 2.582929330e-03
      vertex 9.998380207e-03 8.682082407e-03 2.377777128e-03
    endloop
  endfacet
  facet normal 9.913841486e-01 1.237626821e-01 4.289766401e-02
    outer loop
      vertex 9.998380207e-03 8.682082407e-03 2.377777128e-03
      vertex 9.896018542e-03 9.430928156e-03 2.582929330e-03
      vertex 9.896118194e-03 9.002507664e-03 3.816650249e-03
    endloop
  endfacet
  facet normal 9.913841486e-01 1.237627268e-01 4.289765283e-02
    outer loop
      vertex 9.998380207e-03 8.682082407e-03 2.377777128e-03
      vertex 9.896118194e-03 9.002507664e-03 3.816650249e-03
      vertex 9.998472407e-03 8.287687786e-03 3.513514763e-03
    endloop
  endfacet
  facet normal 9.913856983e-01 1.169404909e-01 5.898558348e-02
    outer loop
      vertex 9.998472407e-03 8.287687786e-03 3.513514763e-03
      vertex 9.896118194e-03 9.002507664e-03 3.816650249e-03
      vertex 9.896247648e-03 8.413470350e-03 4.982260522e-03
    endloop
  endfacet
  facet normal 9.913856983e-01 1.169404164e-01 5.898559093e-02
    outer loop
      vertex 9.998472407e-03 8.287687786e-03 3.513514763e-03
      vertex 9.896247648e-03 8.413470350e-03 4.982260522e-03
      vertex 9.998591617e-03 7.745432202e-03 4.586550873e-03
    endloop
  endfacet
  facet normal 9.913823605e-01 1.307091117e-01 8.725327440e-03
    outer loop
      vertex 9.895950556e-03 9.691087529e-03 1.303113415e-03
      vertex 9.998285212e-03 9.001904167e-03 2.468154570e-08
      vertex 9.895915166e-03 9.778342210e-03 4.087933902e-08
    endloop
  endfacet
  facet normal 9.913821220e-01 1.307094544e-01 -8.749268018e-03
    outer loop
      vertex 9.895915166e-03 9.778342210e-03 4.087933902e-08
      vertex 9.998285212e-03 9.001904167e-03 2.468154570e-08
      vertex 9.998282418e-03 8.921625093e-03 -1.199559425e-03
    endloop
  endfacet
  facet normal 9.913821220e-01 1.307094842e-01 -8.749289438e-03
    outer loop
      vertex 9.895915166e-03 9.778342210e-03 4.087933902e-08
      vertex 9.998282418e-03 8.921625093e-03 -1.199559425e-03
      vertex 9.895912372e-03 9.691136889e-03 -1.303034718e-03
    endloop
  endfacet
  facet normal 9.913823009e-01 1.283806711e-01 -2.606804296e-02
    outer loop
      vertex 9.895912372e-03 9.691136889e-03 -1.303034718e-03
      vertex 9.998282418e-03 8.921625093e-03 -1.199559425e-03
      vertex 9.998311289e-03 8.682172745e-03 -2.377740107e-03
    endloop
  endfacet
  facet normal 9.913823009e-01 1.283807009e-01 -2.606807090e-02
    outer loop
      vertex 9.895912372e-03 9.691136889e-03 -1.303034718e-03
      vertex 9.998311289e-03 8.682172745e-03 -2.377740107e-03
      vertex 9.895944037e-03 9.431025945e-03 -2.582860878e-03
    endloop
  endfacet
  facet normal 9.913829565e-01 1.237643138e-01 -4.292187467e-02
    outer loop
      vertex 9.895944037e-03 9.431025945e-03 -2.582860878e-03
      vertex 9.998311289e-03 8.682172745e-03 -2.377740107e-03
      vertex 9.998369962e-03 8.287820965e-03 -3.513492178e-03
    endloop
  endfacet
  facet normal 9.913828969e-01 1.237643287e-01 -4.292188957e-02
    outer loop
      vertex 9.895944037e-03 9.431025945e-03 -2.582860878e-03
      vertex 9.998369962e-03 8.287820965e-03 -3.513492178e-03
      vertex 9.896007366e-03 9.002652019e-03 -3.816598095e-03
    endloop
  endfacet
  facet normal 9.913839698e-01 1.169426963e-01 -5.901007727e-02
    outer loop
      vertex 9.998369962e-03 8.287820965e-03 -3.513492178e-03
      vertex 9.998457506e-03 7.745605893e-03 -4.586549010e-03
      vertex 9.896007366e-03 9.002652019e-03 -3.816598095e-03
    endloop
  endfacet
  facet normal 9.913839698e-01 1.169426665e-01 -5.901002884e-02
    outer loop
      vertex 9.896007366e-03 9.002652019e-03 -3.816598095e-03
      vertex 9.998457506e-03 7.745605893e-03 -4.586549010e-03
      vertex 9.896102361e-03 8.413659409e-03 -4.982230719e-03
    endloop
  endfacet
  facet normal 9.235086441e-01 3.423838615e-01 -1.729307622e-01
    outer loop
      vertex 9.896007366e-03 9.002652019e-03 -3.816598095e-03
      vertex 9.896102361e-03 8.413659409e-03 -4.982230719e-03
      vertex 9.596174583e-03 9.668729268e-03 -4.099044017e-03
    endloop
  endfacet
  facet normal 9.235086441e-01 3.423839211e-01 -1.729308516e-01
    outer loop
      vertex 9.596174583e-03 9.668729268e-03 -4.099044017e-03
      vertex 9.896102361e-03 8.413659409e-03 -4.982230719e-03
      vertex 9.596277028e-03 9.036146104e-03 -5.350943655e-03
    endloop
  endfacet
  facet normal 8.072433472e-01 5.268129110e-01 -2.661321461e-01
    outer loop
      vertex 9.596174583e-03 9.668729268e-03 -4.099044017e-03
      vertex 9.596277028e-03 9.036146104e-03 -5.350943655e-03
      vertex 9.146929719e-03 1.000183355e-02 -4.802329000e-03
    endloop
  endfacet
  facet normal 7.930649519e-01 5.347462893e-01 -2.917095423e-01
    outer loop
      vertex 9.146929719e-03 1.000183355e-02 -4.802329000e-03
      vertex 9.596277028e-03 9.036146104e-03 -5.350943655e-03
      vertex 9.119415656e-03 9.570646100e-03 -5.667561200e-03
    endloop
  endfacet
  facet normal 7.045924067e-01 6.259171367e-01 -3.343310356e-01
    outer loop
      vertex 9.146929719e-03 1.000183355e-02 -4.802329000e-03
      vertex 9.119415656e-03 9.570646100e-03 -5.667561200e-03
      vertex 8.960341103e-03 1.000180561e-02 -5.195611622e-03
    endloop
  endfacet
  facet normal 6.347033978e-01 6.650055647e-01 -3.935976923e-01
    outer loop
      vertex 8.960341103e-03 1.000180561e-02 -5.195611622e-03
      vertex 9.119415656e-03 9.570646100e-03 -5.667561200e-03
      vertex 8.684786037e-03 1.000176091e-02 -5.640037358e-03
    endloop
  endfacet
  facet normal 9.599238038e-01 -2.767691016e-01 4.410459846e-02
    outer loop
      vertex 9.798985906e-03 -9.998157620e-03 1.303482684e-03
      vertex 9.807722643e-03 -9.998152964e-03 1.113362727e-03
      vertex 9.899645112e-03 -9.752752259e-03 6.526663201e-04
    endloop
  endfacet
  facet normal 9.438216090e-01 -3.302219510e-01 1.241882052e-02
    outer loop
      vertex 9.899645112e-03 -9.752752259e-03 6.526663201e-04
      vertex 9.807722643e-03 -9.998152964e-03 1.113362727e-03
      vertex 9.827571921e-03 -9.998120368e-03 -3.942658368e-04
    endloop
  endfacet
  facet normal 9.594870806e-01 -2.817526758e-01 -1.932617306e-05
    outer loop
      vertex 9.899645112e-03 -9.752752259e-03 6.526663201e-04
      vertex 9.827571921e-03 -9.998120368e-03 -3.942658368e-04
      vertex 9.899625555e-03 -9.752727114e-03 -6.533242995e-04
    endloop
  endfacet
  facet normal 9.461463094e-01 -3.211289644e-01 -4.102911428e-02
    outer loop
      vertex 9.899625555e-03 -9.752727114e-03 -6.533242995e-04
      vertex 9.827571921e-03 -9.998120368e-03 -3.942658368e-04
      vertex 9.764410555e-03 -9.998104535e-03 -1.850907458e-03
    endloop
  endfacet
  facet normal 9.480516315e-01 -3.152723312e-01 -4.244422540e-02
    outer loop
      vertex 9.899625555e-03 -9.752727114e-03 -6.533242995e-04
      vertex 9.764410555e-03 -9.998104535e-03 -1.850907458e-03
      vertex 9.899574332e-03 -9.578631260e-03 -1.947658835e-03
    endloop
  endfacet
  facet normal 9.391204119e-01 -3.269599378e-01 -1.055937037e-01
    outer loop
      vertex 9.899574332e-03 -9.578631260e-03 -1.947658835e-03
      vertex 9.764410555e-03 -9.998104535e-03 -1.850907458e-03
      vertex 9.639528580e-03 -9.998107329e-03 -2.961566905e-03
    endloop
  endfacet
  facet normal 9.327157736e-01 -3.477818668e-01 -9.533654898e-02
    outer loop
      vertex 9.899574332e-03 -9.578631260e-03 -1.947658835e-03
      vertex 9.639528580e-03 -9.998107329e-03 -2.961566905e-03
      vertex 9.899489582e-03 -9.233570658e-03 -3.207240021e-03
    endloop
  endfacet
  facet normal 9.238916039e-01 -3.577667475e-01 -1.357470006e-01
    outer loop
      vertex 9.899489582e-03 -9.233570658e-03 -3.207240021e-03
      vertex 9.639528580e-03 -9.998107329e-03 -2.961566905e-03
      vertex 9.599914774e-03 -9.917131625e-03 -3.444588743e-03
    endloop
  endfacet
  facet normal 9.236413836e-01 -3.528118730e-01 -1.497010887e-01
    outer loop
      vertex 9.899489582e-03 -9.233570658e-03 -3.207240021e-03
      vertex 9.599914774e-03 -9.917131625e-03 -3.444588743e-03
      vertex 9.599791840e-03 -9.369528852e-03 -4.735923838e-03
    endloop
  endfacet
  facet normal 8.617009521e-01 -4.671196043e-01 -1.981683969e-01
    outer loop
      vertex 9.599791840e-03 -9.369528852e-03 -4.735923838e-03
      vertex 9.599914774e-03 -9.917131625e-03 -3.444588743e-03
      vertex 9.460113943e-03 -9.998125024e-03 -3.861571662e-03
    endloop
  endfacet
  facet normal 8.368741274e-01 -4.989934564e-01 -2.250494510e-01
    outer loop
      vertex 9.599791840e-03 -9.369528852e-03 -4.735923838e-03
      vertex 9.460113943e-03 -9.998125024e-03 -3.861571662e-03
      vertex 9.395596571e-03 -9.998132475e-03 -4.101472907e-03
    endloop
  endfacet
  facet normal 9.914307594e-01 -1.202446669e-01 5.105106160e-02
    outer loop
      vertex 1.000166219e-02 -8.500172757e-03 2.951917006e-03
      vertex 1.000158861e-02 -8.030841127e-03 4.058793187e-03
      vertex 9.899583645e-03 -9.233692661e-03 3.206601832e-03
    endloop
  endfacet
  facet normal 9.914307594e-01 -1.202447265e-01 5.105114356e-02
    outer loop
      vertex 9.899583645e-03 -9.233692661e-03 3.206601832e-03
      vertex 1.000158861e-02 -8.030841127e-03 4.058793187e-03
      vertex 9.899503551e-03 -8.723869920e-03 4.408971407e-03
    endloop
  endfacet
  facet normal 9.236457348e-01 -3.528175056e-01 1.496609151e-01
    outer loop
      vertex 9.899583645e-03 -9.233692661e-03 3.206601832e-03
      vertex 9.899503551e-03 -8.723869920e-03 4.408971407e-03
      vertex 9.600015357e-03 -9.917262010e-03 3.443933092e-03
    endloop
  endfacet
  facet normal 9.236457944e-01 -3.528173864e-01 1.496607363e-01
    outer loop
      vertex 9.600015357e-03 -9.917262010e-03 3.443933092e-03
      vertex 9.899503551e-03 -8.723869920e-03 4.408971407e-03
      vertex 9.599929675e-03 -9.369708598e-03 4.735288676e-03
    endloop
  endfacet
  facet normal 8.567732573e-01 -4.747564495e-01 2.013602108e-01
    outer loop
      vertex 9.600015357e-03 -9.917262010e-03 3.443933092e-03
      vertex 9.599929675e-03 -9.369708598e-03 4.735288676e-03
      vertex 9.428369813e-03 -9.998279624e-03 3.983253613e-03
    endloop
  endfacet
  facet normal 8.294777870e-01 -5.069360137e-01 2.344835550e-01
    outer loop
      vertex 9.428369813e-03 -9.998279624e-03 3.983253613e-03
      vertex 9.599929675e-03 -9.369708598e-03 4.735288676e-03
      vertex 9.376717731e-03 -9.998292662e-03 4.165942781e-03
    endloop
  endfacet
  facet normal 6.806936264e-01 6.469566226e-01 3.436616659e-01
    outer loop
      vertex 8.848846890e-03 1.000158302e-02 5.392242223e-03
      vertex 9.119580500e-03 9.570430964e-03 5.667658057e-03
      vertex 9.149656631e-03 1.000165194e-02 4.796295427e-03
    endloop
  endfacet
  facet normal 7.930780053e-01 5.346018672e-01 2.919385135e-01
    outer loop
      vertex 9.149656631e-03 1.000165194e-02 4.796295427e-03
      vertex 9.119580500e-03 9.570430964e-03 5.667658057e-03
      vertex 9.596433491e-03 9.035943076e-03 5.351006053e-03
    endloop
  endfacet
  facet normal 8.076041937e-01 5.263715982e-01 2.659106255e-01
    outer loop
      vertex 9.149656631e-03 1.000165194e-02 4.796295427e-03
      vertex 9.596433491e-03 9.035943076e-03 5.351006053e-03
      vertex 9.596294723e-03 9.668574668e-03 4.099130630e-03
    endloop
  endfacet
  facet normal 9.235137105e-01 3.423772454e-01 1.729168445e-01
    outer loop
      vertex 9.596294723e-03 9.668574668e-03 4.099130630e-03
      vertex 9.596433491e-03 9.035943076e-03 5.351006053e-03
      vertex 9.896118194e-03 9.002507664e-03 3.816650249e-03
    endloop
  endfacet
  facet normal 9.237276912e-01 3.577717543e-01 1.368449330e-01
    outer loop
      vertex 9.596294723e-03 9.668574668e-03 4.099130630e-03
      vertex 9.896118194e-03 9.002507664e-03 3.816650249e-03
      vertex 9.635805152e-03 1.000177953e-02 2.961286111e-03
    endloop
  endfacet
  facet normal 9.309358001e-01 3.449980021e-01 1.197284833e-01
    outer loop
      vertex 9.635805152e-03 1.000177953e-02 2.961286111e-03
      vertex 9.896118194e-03 9.002507664e-03 3.816650249e-03
      vertex 9.896018542e-03 9.430928156e-03 2.582929330e-03
    endloop
  endfacet
  facet normal 9.252685308e-01 3.717201054e-01 7.551348209e-02
    outer loop
      vertex 9.635805152e-03 1.000177953e-02 2.961286111e-03
      vertex 9.896018542e-03 9.430928156e-03 2.582929330e-03
      vertex 9.895950556e-03 9.691087529e-03 1.303113415e-03
    endloop
  endfacet
  facet normal 9.913830757e-01 1.283796728e-01 2.604402043e-02
    outer loop
      vertex 9.895950556e-03 9.691087529e-03 1.303113415e-03
      vertex 9.896018542e-03 9.430928156e-03 2.582929330e-03
      vertex 9.998317808e-03 8.921579458e-03 1.199605758e-03
    endloop
  endfacet
  facet normal 9.913823605e-01 1.307091415e-01 8.725310676e-03
    outer loop
      vertex 9.895950556e-03 9.691087529e-03 1.303113415e-03
      vertex 9.998317808e-03 8.921579458e-03 1.199605758e-03
      vertex 9.998285212e-03 9.001904167e-03 2.468154570e-08
    endloop
  endfacet
  facet normal 9.914639592e-01 -1.080075055e-01 -7.303177565e-02
    outer loop
      vertex 1.000133809e-02 -7.417972665e-03 -5.093810149e-03
      vertex 1.000135578e-02 -7.498000748e-03 -4.975225311e-03
      vertex 9.899232537e-03 -8.058127016e-03 -5.533254240e-03
    endloop
  endfacet
  facet normal 9.912403822e-01 -1.135766432e-01 -6.740079075e-02
    outer loop
      vertex 9.899232537e-03 -8.058127016e-03 -5.533254240e-03
      vertex 1.000135578e-02 -7.498000748e-03 -4.975225311e-03
      vertex 9.899375029e-03 -8.723703213e-03 -4.409590736e-03
    endloop
  endfacet
  facet normal 9.236366153e-01 -3.297102451e-01 -1.954139024e-01
    outer loop
      vertex 9.899232537e-03 -8.058127016e-03 -5.533254240e-03
      vertex 9.899375029e-03 -8.723703213e-03 -4.409590736e-03
      vertex 9.599638171e-03 -8.654695936e-03 -5.942748860e-03
    endloop
  endfacet
  facet normal 9.236363769e-01 -3.297108710e-01 -1.954138875e-01
    outer loop
      vertex 9.599638171e-03 -8.654695936e-03 -5.942748860e-03
      vertex 9.899375029e-03 -8.723703213e-03 -4.409590736e-03
      vertex 9.599791840e-03 -9.369528852e-03 -4.735923838e-03
    endloop
  endfacet
  facet normal 7.927910089e-01 -5.243592262e-01 -3.106924295e-01
    outer loop
      vertex 9.599638171e-03 -8.654695936e-03 -5.942748860e-03
      vertex 9.599791840e-03 -9.369528852e-03 -4.735923838e-03
      vertex 9.122975171e-03 -9.167022072e-03 -6.294385530e-03
    endloop
  endfacet
  facet normal 7.927912474e-01 -5.243588686e-01 -3.106924593e-01
    outer loop
      vertex 9.122975171e-03 -9.167022072e-03 -6.294385530e-03
      vertex 9.599791840e-03 -9.369528852e-03 -4.735923838e-03
      vertex 9.123138152e-03 -9.924154729e-03 -5.016149022e-03
    endloop
  endfacet
  facet normal 6.865447760e-01 -6.255419850e-01 -3.706123233e-01
    outer loop
      vertex 9.122975171e-03 -9.167022072e-03 -6.294385530e-03
      vertex 9.123138152e-03 -9.924154729e-03 -5.016149022e-03
      vertex 8.852498606e-03 -9.998211637e-03 -5.392500665e-03
    endloop
  endfacet
  facet normal 6.399353147e-01 -6.972549558e-01 -3.229834735e-01
    outer loop
      vertex 8.852498606e-03 -9.998211637e-03 -5.392500665e-03
      vertex 9.123138152e-03 -9.924154729e-03 -5.016149022e-03
      vertex 9.153326973e-03 -9.998165071e-03 -4.796562251e-03
    endloop
  endfacet
  facet normal 9.914295077e-01 -1.123638079e-01 6.664769351e-02
    outer loop
      vertex 1.000158861e-02 -8.030841127e-03 4.058793187e-03
      vertex 1.000148710e-02 -7.418165449e-03 5.093237385e-03
      vertex 9.899503551e-03 -8.723869920e-03 4.408971407e-03
    endloop
  endfacet
  facet normal 9.914295077e-01 -1.123638302e-01 6.664773822e-02
    outer loop
      vertex 9.899503551e-03 -8.723869920e-03 4.408971407e-03
      vertex 1.000148710e-02 -7.418165449e-03 5.093237385e-03
      vertex 9.899393655e-03 -8.058336563e-03 5.532660522e-03
    endloop
  endfacet
  facet normal 9.236420393e-01 -3.297181427e-01 1.953747123e-01
    outer loop
      vertex 9.899503551e-03 -8.723869920e-03 4.408971407e-03
      vertex 9.899393655e-03 -8.058336563e-03 5.532660522e-03
      vertex 9.599929675e-03 -9.369708598e-03 4.735288676e-03
    endloop
  endfacet
  facet normal 9.236422181e-01 -3.297179639e-01 1.953743100e-01
    outer loop
      vertex 9.599929675e-03 -9.369708598e-03 4.735288676e-03
      vertex 9.899393655e-03 -8.058336563e-03 5.532660522e-03
      vertex 9.599811397e-03 -8.654921316e-03 5.942140706e-03
    endloop
  endfacet
  facet normal 7.928002477e-01 -5.243707895e-01 3.106493652e-01
    outer loop
      vertex 9.599929675e-03 -9.369708598e-03 4.735288676e-03
      vertex 9.599811397e-03 -8.654921316e-03 5.942140706e-03
      vertex 9.123284370e-03 -9.924344718e-03 5.015506875e-03
    endloop
  endfacet
  facet normal 7.928001881e-01 -5.243707895e-01 3.106494546e-01
    outer loop
      vertex 9.123284370e-03 -9.924344718e-03 5.015506875e-03
      vertex 9.599811397e-03 -8.654921316e-03 5.942140706e-03
      vertex 9.123158641e-03 -9.167260490e-03 6.293772254e-03
    endloop
  endfacet
  facet normal 6.989293694e-01 -6.153281331e-01 3.645119667e-01
    outer loop
      vertex 9.123284370e-03 -9.924344718e-03 5.015506875e-03
      vertex 9.123158641e-03 -9.167260490e-03 6.293772254e-03
      vertex 8.964302018e-03 -9.998390451e-03 5.195349921e-03
    endloop
  endfacet
  facet normal 6.448315978e-01 -6.514871716e-01 3.996957541e-01
    outer loop
      vertex 8.964302018e-03 -9.998390451e-03 5.195349921e-03
      vertex 9.123158641e-03 -9.167260490e-03 6.293772254e-03
      vertex 8.688759990e-03 -9.998451918e-03 5.639784504e-03
    endloop
  endfacet
  facet normal 9.913854599e-01 1.080375835e-01 -7.404540479e-02
    outer loop
      vertex 9.998457506e-03 7.745605893e-03 -4.586549010e-03
      vertex 9.998572990e-03 7.065204903e-03 -5.577761214e-03
      vertex 9.896102361e-03 8.413659409e-03 -4.982230719e-03
    endloop
  endfacet
  facet normal 9.913854599e-01 1.080376357e-01 -7.404551655e-02
    outer loop
      vertex 9.896102361e-03 8.413659409e-03 -4.982230719e-03
      vertex 9.998572990e-03 7.065204903e-03 -5.577761214e-03
      vertex 9.896227159e-03 7.674557623e-03 -6.058956962e-03
    endloop
  endfacet
  facet normal 9.235129356e-01 3.162828684e-01 -2.169999778e-01
    outer loop
      vertex 9.896102361e-03 8.413659409e-03 -4.982230719e-03
      vertex 9.896227159e-03 7.674557623e-03 -6.058956962e-03
      vertex 9.596277028e-03 9.036146104e-03 -5.350943655e-03
    endloop
  endfacet
  facet normal 9.235130548e-01 3.162827492e-01 -2.169997245e-01
    outer loop
      vertex 9.596277028e-03 9.036146104e-03 -5.350943655e-03
      vertex 9.896227159e-03 7.674557623e-03 -6.058956962e-03
      vertex 9.596411139e-03 8.242344484e-03 -6.507357582e-03
    endloop
  endfacet
  facet normal 7.925947905e-01 5.027516484e-01 -3.450133801e-01
    outer loop
      vertex 9.596277028e-03 9.036146104e-03 -5.350943655e-03
      vertex 9.596411139e-03 8.242344484e-03 -6.507357582e-03
      vertex 9.119415656e-03 9.570646100e-03 -5.667561200e-03
    endloop
  endfacet
  facet normal 7.925948501e-01 5.027516484e-01 -3.450133801e-01
    outer loop
      vertex 9.119415656e-03 9.570646100e-03 -5.667561200e-03
      vertex 9.596411139e-03 8.242344484e-03 -6.507357582e-03
      vertex 9.119558148e-03 8.729873225e-03 -6.892404519e-03
    endloop
  endfacet
  facet normal 6.077739000e-01 6.547388434e-01 -4.493639171e-01
    outer loop
      vertex 9.119415656e-03 9.570646100e-03 -5.667561200e-03
      vertex 9.119558148e-03 8.729873225e-03 -6.892404519e-03
      vertex 8.498013020e-03 9.980734438e-03 -5.910507869e-03
    endloop
  endfacet
  facet normal 6.077734828e-01 6.547389627e-01 -4.493643343e-01
    outer loop
      vertex 8.498013020e-03 9.980734438e-03 -5.910507869e-03
      vertex 9.119558148e-03 8.729873225e-03 -6.892404519e-03
      vertex 8.498161100e-03 9.103918448e-03 -7.187857758e-03
    endloop
  endfacet
  facet normal 5.019837618e-01 7.130768895e-01 -4.894217253e-01
    outer loop
      vertex 8.498013020e-03 9.980734438e-03 -5.910507869e-03
      vertex 8.498161100e-03 9.103918448e-03 -7.187857758e-03
      vertex 8.360484615e-03 1.000170689e-02 -6.021009758e-03
    endloop
  endfacet
  facet normal 4.761522412e-01 7.232010365e-01 -5.002592802e-01
    outer loop
      vertex 8.360484615e-03 1.000170689e-02 -6.021009758e-03
      vertex 8.498161100e-03 9.103918448e-03 -7.187857758e-03
      vertex 8.289028890e-03 1.000169385e-02 -6.089040078e-03
    endloop
  endfacet
  facet normal 9.913876057e-01 1.080348417e-01 7.402061671e-02
    outer loop
      vertex 9.998735040e-03 7.064993959e-03 5.577737000e-03
      vertex 9.998591617e-03 7.745432202e-03 4.586550873e-03
      vertex 9.896404110e-03 7.674328052e-03 6.058959290e-03
    endloop
  endfacet
  facet normal 9.913876057e-01 1.080347821e-01 7.402061671e-02
    outer loop
      vertex 9.896404110e-03 7.674328052e-03 6.058959290e-03
      vertex 9.998591617e-03 7.745432202e-03 4.586550873e-03
      vertex 9.896247648e-03 8.413470350e-03 4.982260522e-03
    endloop
  endfacet
  facet normal 9.235193133e-01 3.162746131e-01 2.169848680e-01
    outer loop
      vertex 9.896404110e-03 7.674328052e-03 6.058959290e-03
      vertex 9.896247648e-03 8.413470350e-03 4.982260522e-03
      vertex 9.596601129e-03 8.242098615e-03 6.507390179e-03
    endloop
  endfacet
  facet normal 9.235193133e-01 3.162746727e-01 2.169848680e-01
    outer loop
      vertex 9.596601129e-03 8.242098615e-03 6.507390179e-03
      vertex 9.896247648e-03 8.413470350e-03 4.982260522e-03
      vertex 9.596433491e-03 9.035943076e-03 5.351006053e-03
    endloop
  endfacet
  facet normal 7.926050425e-01 5.027384162e-01 3.450092077e-01
    outer loop
      vertex 9.596601129e-03 8.242098615e-03 6.507390179e-03
      vertex 9.596433491e-03 9.035943076e-03 5.351006053e-03
      vertex 9.119758382e-03 8.729611523e-03 6.892469246e-03
    endloop
  endfacet
  facet normal 7.926049232e-01 5.027385354e-01 3.450092077e-01
    outer loop
      vertex 9.119758382e-03 8.729611523e-03 6.892469246e-03
      vertex 9.596433491e-03 9.035943076e-03 5.351006053e-03
      vertex 9.119580500e-03 9.570430964e-03 5.667658057e-03
    endloop
  endfacet
  facet normal 6.077865362e-01 6.547221541e-01 4.493711293e-01
    outer loop
      vertex 9.119758382e-03 8.729611523e-03 6.892469246e-03
      vertex 9.119580500e-03 9.570430964e-03 5.667658057e-03
      vertex 8.498370647e-03 9.103645571e-03 7.187955081e-03
    endloop
  endfacet
  facet normal 6.077866554e-01 6.547220349e-01 4.493711293e-01
    outer loop
      vertex 8.498370647e-03 9.103645571e-03 7.187955081e-03
      vertex 9.119580500e-03 9.570430964e-03 5.667658057e-03
      vertex 8.498185314e-03 9.980509989e-03 5.910637788e-03
    endloop
  endfacet
  facet normal 4.828040302e-01 7.220102549e-01 4.955819249e-01
    outer loop
      vertex 8.498370647e-03 9.103645571e-03 7.187955081e-03
      vertex 8.498185314e-03 9.980509989e-03 5.910637788e-03
      vertex 8.226752281e-03 1.000145078e-02 6.144563667e-03
    endloop
  endfacet
  facet normal 3.855038285e-01 8.445208073e-01 3.717141747e-01
    outer loop
      vertex 8.226752281e-03 1.000145078e-02 6.144563667e-03
      vertex 8.498185314e-03 9.980509989e-03 5.910637788e-03
      vertex 8.578437380e-03 1.000152435e-02 5.779664963e-03
    endloop
  endfacet
  facet normal 9.913948774e-01 5.525466800e-02 -1.186723411e-01
    outer loop
      vertex 9.999060072e-03 4.327290226e-03 -7.892613299e-03
      vertex 9.999260306e-03 3.236733843e-03 -8.398709819e-03
      vertex 9.896757081e-03 4.700434394e-03 -8.573519066e-03
    endloop
  endfacet
  facet normal 9.913948774e-01 5.525466055e-02 -1.186723933e-01
    outer loop
      vertex 9.896757081e-03 4.700434394e-03 -8.573519066e-03
      vertex 9.999260306e-03 3.236733843e-03 -8.398709819e-03
      vertex 9.896975011e-03 3.515793011e-03 -9.123277850e-03
    endloop
  endfacet
  facet normal 9.235405922e-01 1.615748405e-01 -3.478021026e-01
    outer loop
      vertex 9.896757081e-03 4.700434394e-03 -8.573519066e-03
      vertex 9.896975011e-03 3.515793011e-03 -9.123277850e-03
      vertex 9.596980177e-03 5.048111081e-03 -9.208018892e-03
    endloop
  endfacet
  facet normal 9.235407114e-01 1.615748703e-01 -3.478018641e-01
    outer loop
      vertex 9.596980177e-03 5.048111081e-03 -9.208018892e-03
      vertex 9.896975011e-03 3.515793011e-03 -9.123277850e-03
      vertex 9.597213939e-03 3.775795456e-03 -9.798465297e-03
    endloop
  endfacet
  facet normal 7.926387787e-01 2.567707002e-01 -5.529851317e-01
    outer loop
      vertex 9.596980177e-03 5.048111081e-03 -9.208018892e-03
      vertex 9.597213939e-03 3.775795456e-03 -9.798465297e-03
      vertex 9.120160714e-03 5.346626043e-03 -9.752873331e-03
    endloop
  endfacet
  facet normal 7.926384807e-01 2.567706108e-01 -5.529856682e-01
    outer loop
      vertex 9.120160714e-03 5.346626043e-03 -9.752873331e-03
      vertex 9.597213939e-03 3.775795456e-03 -9.798465297e-03
      vertex 9.120408446e-03 3.999022767e-03 -1.037825737e-02
    endloop
  endfacet
  facet normal 6.078304648e-01 3.343555629e-01 -7.202419639e-01
    outer loop
      vertex 9.120160714e-03 5.346626043e-03 -9.752873331e-03
      vertex 9.120408446e-03 3.999022767e-03 -1.037825737e-02
      vertex 8.498789743e-03 5.575635936e-03 -1.017095055e-02
    endloop
  endfacet
  facet normal 6.078303456e-01 3.343555331e-01 -7.202420831e-01
    outer loop
      vertex 8.498789743e-03 5.575635936e-03 -1.017095055e-02
      vertex 9.120408446e-03 3.999022767e-03 -1.037825737e-02
      vertex 8.499048650e-03 4.170262720e-03 -1.082314458e-02
    endloop
  endfacet
  facet normal 3.818673193e-01 3.891083300e-01 -8.383150101e-01
    outer loop
      vertex 8.498789743e-03 5.575635936e-03 -1.017095055e-02
      vertex 8.499048650e-03 4.170262720e-03 -1.082314458e-02
      vertex 7.775216363e-03 5.719533656e-03 -1.043376047e-02
    endloop
  endfacet
  facet normal 3.818681240e-01 3.891085684e-01 -8.383145332e-01
    outer loop
      vertex 7.775216363e-03 5.719533656e-03 -1.043376047e-02
      vertex 8.499048650e-03 4.170262720e-03 -1.082314458e-02
      vertex 7.775480859e-03 4.277844913e-03 -1.110280771e-02
    endloop
  endfacet
  facet normal 9.914076924e-01 -1.290246472e-02 -1.301703602e-01
    outer loop
      vertex 9.999925271e-03 -2.986595791e-04 -8.995125070e-03
      vertex 1.000015531e-02 -1.494891127e-03 -8.874805644e-03
      vertex 9.897696786e-03 -3.246096312e-04 -9.771147743e-03
    endloop
  endfacet
  facet normal 9.914076924e-01 -1.290247869e-02 -1.301703751e-01
    outer loop
      vertex 9.897696786e-03 -3.246096312e-04 -9.771147743e-03
      vertex 1.000015531e-02 -1.494891127e-03 -8.874805644e-03
      vertex 9.897946380e-03 -1.624043798e-03 -9.640448727e-03
    endloop
  endfacet
  facet normal 9.235782623e-01 -3.819498047e-02 -3.815027177e-01
    outer loop
      vertex 9.897696786e-03 -3.246096312e-04 -9.771147743e-03
      vertex 9.897946380e-03 -1.624043798e-03 -9.640448727e-03
      vertex 9.597989731e-03 -3.488302173e-04 -1.049428340e-02
    endloop
  endfacet
  facet normal 9.235783219e-01 -3.819493577e-02 -3.815026581e-01
    outer loop
      vertex 9.597989731e-03 -3.488302173e-04 -1.049428340e-02
      vertex 9.897946380e-03 -1.624043798e-03 -9.640448727e-03
      vertex 9.598257951e-03 -1.744433772e-03 -1.035391074e-02
    endloop
  endfacet
  facet normal 7.926985621e-01 -6.085758656e-02 -6.065685153e-01
    outer loop
      vertex 9.597989731e-03 -3.488302173e-04 -1.049428340e-02
      vertex 9.598257951e-03 -1.744433772e-03 -1.035391074e-02
      vertex 9.121229872e-03 -3.696706553e-04 -1.111525018e-02
    endloop
  endfacet
  facet normal 7.926983237e-01 -6.085780635e-02 -6.065688133e-01
    outer loop
      vertex 9.121229872e-03 -3.696706553e-04 -1.111525018e-02
      vertex 9.598257951e-03 -1.744433772e-03 -1.035391074e-02
      vertex 9.121512994e-03 -1.847856794e-03 -1.096657105e-02
    endloop
  endfacet
  facet normal 6.079082489e-01 -7.934646308e-02 -7.900327444e-01
    outer loop
      vertex 9.121229872e-03 -3.696706553e-04 -1.111525018e-02
      vertex 9.121512994e-03 -1.847856794e-03 -1.096657105e-02
      vertex 8.499904536e-03 -3.857107658e-04 -1.159173064e-02
    endloop
  endfacet
  facet normal 6.079081893e-01 -7.934648544e-02 -7.900327444e-01
    outer loop
      vertex 8.499904536e-03 -3.857107658e-04 -1.159173064e-02
      vertex 9.121512994e-03 -1.847856794e-03 -1.096657105e-02
      vertex 8.500200696e-03 -1.927264733e-03 -1.143667847e-02
    endloop
  endfacet
  facet normal 3.819578588e-01 -9.241671115e-02 -9.195473790e-01
    outer loop
      vertex 8.499904536e-03 -3.857107658e-04 -1.159173064e-02
      vertex 8.500200696e-03 -1.927264733e-03 -1.143667847e-02
      vertex 7.776360027e-03 -3.958574380e-04 -1.189125422e-02
    endloop
  endfacet
  facet normal 3.819577992e-01 -9.241674840e-02 -9.195473790e-01
    outer loop
      vertex 7.776360027e-03 -3.958574380e-04 -1.189125422e-02
      vertex 8.500200696e-03 -1.927264733e-03 -1.143667847e-02
      vertex 7.776663173e-03 -1.977246022e-03 -1.173219457e-02
    endloop
  endfacet
  facet normal 9.914203286e-01 -7.740460336e-02 -1.053292528e-01
    outer loop
      vertex 1.000081096e-02 -4.840692505e-03 -7.586268242e-03
      vertex 1.000100560e-02 -5.808615591e-03 -6.873125210e-03
      vertex 9.898659773e-03 -5.258497782e-03 -8.240743540e-03
    endloop
  endfacet
  facet normal 9.914203286e-01 -7.740454376e-02 -1.053292304e-01
    outer loop
      vertex 9.898659773e-03 -5.258497782e-03 -8.240743540e-03
      vertex 1.000100560e-02 -5.808615591e-03 -6.873125210e-03
      vertex 9.898871183e-03 -6.309926044e-03 -7.466076873e-03
    endloop
  endfacet
  facet normal 9.236152768e-01 -2.272517979e-01 -3.086930811e-01
    outer loop
      vertex 9.898659773e-03 -5.258497782e-03 -8.240743540e-03
      vertex 9.898871183e-03 -6.309926044e-03 -7.466076873e-03
      vertex 9.599023499e-03 -5.647868849e-03 -8.850616403e-03
    endloop
  endfacet
  facet normal 9.236152172e-01 -2.272519618e-01 -3.086931705e-01
    outer loop
      vertex 9.599023499e-03 -5.647868849e-03 -8.850616403e-03
      vertex 9.898871183e-03 -6.309926044e-03 -7.466076873e-03
      vertex 9.599250741e-03 -6.777111907e-03 -8.018616587e-03
    endloop
  endfacet
  facet normal 7.927574515e-01 -3.614525795e-01 -4.908030629e-01
    outer loop
      vertex 9.599023499e-03 -5.647868849e-03 -8.850616403e-03
      vertex 9.599250741e-03 -6.777111907e-03 -8.018616587e-03
      vertex 9.122324176e-03 -5.982270930e-03 -9.374321438e-03
    endloop
  endfacet
  facet normal 7.927574515e-01 -3.614525795e-01 -4.908030629e-01
    outer loop
      vertex 9.122324176e-03 -5.982270930e-03 -9.374321438e-03
      vertex 9.599250741e-03 -6.777111907e-03 -8.018616587e-03
      vertex 9.122564457e-03 -7.178335451e-03 -8.493089117e-03
    endloop
  endfacet
  facet normal 6.079846621e-01 -4.708631337e-01 -6.392515898e-01
    outer loop
      vertex 9.122324176e-03 -5.982270930e-03 -9.374321438e-03
      vertex 9.122564457e-03 -7.178335451e-03 -8.493089117e-03
      vertex 8.501046337e-03 -6.238915492e-03 -9.776170366e-03
    endloop
  endfacet
  facet normal 6.079854965e-01 -4.708622694e-01 -6.392514110e-01
    outer loop
      vertex 8.501046337e-03 -6.238915492e-03 -9.776170366e-03
      vertex 9.122564457e-03 -7.178335451e-03 -8.493089117e-03
      vertex 8.501296863e-03 -7.486253977e-03 -8.857162669e-03
    endloop
  endfacet
  facet normal 3.820472062e-01 -5.481185913e-01 -7.440469861e-01
    outer loop
      vertex 8.501046337e-03 -6.238915492e-03 -9.776170366e-03
      vertex 8.501296863e-03 -7.486253977e-03 -8.857162669e-03
      vertex 7.777530700e-03 -6.400312763e-03 -1.002877858e-02
    endloop
  endfacet
  facet normal 3.820466697e-01 -5.481189489e-01 -7.440470457e-01
    outer loop
      vertex 7.777530700e-03 -6.400312763e-03 -1.002877858e-02
      vertex 8.501296863e-03 -7.486253977e-03 -8.857162669e-03
      vertex 7.777788211e-03 -7.679882925e-03 -9.086022153e-03
    endloop
  endfacet
  facet normal 1.303597242e-01 7.024594545e-01 -6.996835470e-01
    outer loop
      vertex 6.998286117e-03 8.343805559e-03 -8.625827730e-03
      vertex 6.998230238e-03 8.659769781e-03 -8.308621123e-03
      vertex 7.774757221e-03 8.272887208e-03 -8.552361280e-03
    endloop
  endfacet
  facet normal 1.570067406e-01 7.324786186e-01 -6.624379158e-01
    outer loop
      vertex 7.774757221e-03 8.272887208e-03 -8.552361280e-03
      vertex 6.998230238e-03 8.659769781e-03 -8.308621123e-03
      vertex 7.774571422e-03 9.338988923e-03 -7.373583037e-03
    endloop
  endfacet
  facet normal 3.818141818e-01 6.855055094e-01 -6.199194193e-01
    outer loop
      vertex 7.774757221e-03 8.272887208e-03 -8.552361280e-03
      vertex 7.774571422e-03 9.338988923e-03 -7.373583037e-03
      vertex 8.498342708e-03 8.064671420e-03 -8.336943574e-03
    endloop
  endfacet
  facet normal 3.818145096e-01 6.855055690e-01 -6.199191809e-01
    outer loop
      vertex 8.498342708e-03 8.064671420e-03 -8.336943574e-03
      vertex 7.774571422e-03 9.338988923e-03 -7.373583037e-03
      vertex 8.498161100e-03 9.103918448e-03 -7.187857758e-03
    endloop
  endfacet
  facet normal 6.077843904e-01 5.890053511e-01 -5.326076150e-01
    outer loop
      vertex 8.498342708e-03 8.064671420e-03 -8.336943574e-03
      vertex 8.498161100e-03 9.103918448e-03 -7.187857758e-03
      vertex 9.119731374e-03 7.733346429e-03 -7.994255051e-03
    endloop
  endfacet
  facet normal 6.077847481e-01 5.890052915e-01 -5.326072574e-01
    outer loop
      vertex 9.119731374e-03 7.733346429e-03 -7.994255051e-03
      vertex 8.498161100e-03 9.103918448e-03 -7.187857758e-03
      vertex 9.119558148e-03 8.729873225e-03 -6.892404519e-03
    endloop
  endfacet
  facet normal 7.926036119e-01 4.522830248e-01 -4.089249372e-01
    outer loop
      vertex 9.119731374e-03 7.733346429e-03 -7.994255051e-03
      vertex 9.119558148e-03 8.729873225e-03 -6.892404519e-03
      vertex 9.596575052e-03 7.301491685e-03 -7.547650952e-03
    endloop
  endfacet
  facet normal 7.926034927e-01 4.522830844e-01 -4.089250565e-01
    outer loop
      vertex 9.596575052e-03 7.301491685e-03 -7.547650952e-03
      vertex 9.119558148e-03 8.729873225e-03 -6.892404519e-03
      vertex 9.596411139e-03 8.242344484e-03 -6.507357582e-03
    endloop
  endfacet
  facet normal 9.235185385e-01 2.845408618e-01 -2.571964264e-01
    outer loop
      vertex 9.596575052e-03 7.301491685e-03 -7.547650952e-03
      vertex 9.596411139e-03 8.242344484e-03 -6.507357582e-03
      vertex 9.896379896e-03 6.798536982e-03 -7.027564570e-03
    endloop
  endfacet
  facet normal 9.235185385e-01 2.845408618e-01 -2.571964860e-01
    outer loop
      vertex 9.896379896e-03 6.798536982e-03 -7.027564570e-03
      vertex 9.596411139e-03 8.242344484e-03 -6.507357582e-03
      vertex 9.896227159e-03 7.674557623e-03 -6.058956962e-03
    endloop
  endfacet
  facet normal 9.913873076e-01 9.720797092e-02 -8.775969595e-02
    outer loop
      vertex 9.896379896e-03 6.798536982e-03 -7.027564570e-03
      vertex 9.896227159e-03 7.674557623e-03 -6.058956962e-03
      vertex 9.998713620e-03 6.258759182e-03 -6.469440646e-03
    endloop
  endfacet
  facet normal 9.913873076e-01 9.720800072e-02 -8.775980026e-02
    outer loop
      vertex 9.998713620e-03 6.258759182e-03 -6.469440646e-03
      vertex 9.896227159e-03 7.674557623e-03 -6.058956962e-03
      vertex 9.998572990e-03 7.065204903e-03 -5.577761214e-03
    endloop
  endfacet
  facet normal 9.913895726e-01 8.464699984e-02 -9.990818053e-02
    outer loop
      vertex 9.998713620e-03 6.258759182e-03 -6.469440646e-03
      vertex 9.998876601e-03 5.340659525e-03 -7.245675195e-03
      vertex 9.896379896e-03 6.798536982e-03 -7.027564570e-03
    endloop
  endfacet
  facet normal 9.913895726e-01 8.464699984e-02 -9.990816563e-02
    outer loop
      vertex 9.896379896e-03 6.798536982e-03 -7.027564570e-03
      vertex 9.998876601e-03 5.340659525e-03 -7.245675195e-03
      vertex 9.896557778e-03 5.801230669e-03 -7.870767266e-03
    endloop
  endfacet
  facet normal 9.235250354e-01 2.477243990e-01 -2.928038836e-01
    outer loop
      vertex 9.896379896e-03 6.798536982e-03 -7.027564570e-03
      vertex 9.896557778e-03 5.801230669e-03 -7.870767266e-03
      vertex 9.596575052e-03 7.301491685e-03 -7.547650952e-03
    endloop
  endfacet
  facet normal 9.235249758e-01 2.477244437e-01 -2.928041220e-01
    outer loop
      vertex 9.596575052e-03 7.301491685e-03 -7.547650952e-03
      vertex 9.896557778e-03 5.801230669e-03 -7.870767266e-03
      vertex 9.596765973e-03 6.230375730e-03 -8.453257382e-03
    endloop
  endfacet
  facet normal 7.926139235e-01 3.937457502e-01 -4.655399919e-01
    outer loop
      vertex 9.596575052e-03 7.301491685e-03 -7.547650952e-03
      vertex 9.596765973e-03 6.230375730e-03 -8.453257382e-03
      vertex 9.119731374e-03 7.733346429e-03 -7.994255051e-03
    endloop
  endfacet
  facet normal 7.926141620e-01 3.937457204e-01 -4.655395448e-01
    outer loop
      vertex 9.119731374e-03 7.733346429e-03 -7.994255051e-03
      vertex 9.596765973e-03 6.230375730e-03 -8.453257382e-03
      vertex 9.119933471e-03 6.598848850e-03 -8.953450248e-03
    endloop
  endfacet
  facet normal 6.077978611e-01 5.127624869e-01 -6.063467860e-01
    outer loop
      vertex 9.119731374e-03 7.733346429e-03 -7.994255051e-03
      vertex 9.119933471e-03 6.598848850e-03 -8.953450248e-03
      vertex 8.498342708e-03 8.064671420e-03 -8.336943574e-03
    endloop
  endfacet
  facet normal 6.077975631e-01 5.127624869e-01 -6.063470840e-01
    outer loop
      vertex 8.498342708e-03 8.064671420e-03 -8.336943574e-03
      vertex 9.119933471e-03 6.598848850e-03 -8.953450248e-03
      vertex 8.498553187e-03 6.881539710e-03 -9.337257594e-03
    endloop
  endfacet
  facet normal 3.818298876e-01 5.967633128e-01 -7.057474852e-01
    outer loop
      vertex 8.498342708e-03 8.064671420e-03 -8.336943574e-03
      vertex 8.498553187e-03 6.881539710e-03 -9.337257594e-03
      vertex 7.774757221e-03 8.272887208e-03 -8.552361280e-03
    endloop
  endfacet
  facet normal 3.818299472e-01 5.967633128e-01 -7.057474256e-01
    outer loop
      vertex 7.774757221e-03 8.272887208e-03 -8.552361280e-03
      vertex 8.498553187e-03 6.881539710e-03 -9.337257594e-03
      vertex 7.774973288e-03 7.059182972e-03 -9.578524157e-03
    endloop
  endfacet
  facet normal 1.301064938e-01 6.401678324e-01 -7.571376562e-01
    outer loop
      vertex 7.774757221e-03 8.272887208e-03 -8.552361280e-03
      vertex 7.774973288e-03 7.059182972e-03 -9.578524157e-03
      vertex 6.998286117e-03 8.343805559e-03 -8.625827730e-03
    endloop
  endfacet
  facet normal 1.301069707e-01 6.401679516e-01 -7.571374774e-01
    outer loop
      vertex 6.998286117e-03 8.343805559e-03 -8.625827730e-03
      vertex 7.774973288e-03 7.059182972e-03 -9.578524157e-03
      vertex 6.998504046e-03 7.119673304e-03 -9.660807438e-03
    endloop
  endfacet
  facet normal 1.301597506e-01 5.301429033e-01 -8.378585577e-01
    outer loop
      vertex 6.998748984e-03 5.768513773e-03 -1.052339189e-02
      vertex 6.998518016e-03 7.041051518e-03 -9.718247689e-03
      vertex 7.775216363e-03 5.719533656e-03 -1.043376047e-02
    endloop
  endfacet
  facet normal 1.377826035e-01 5.329841971e-01 -8.348315954e-01
    outer loop
      vertex 7.775216363e-03 5.719533656e-03 -1.043376047e-02
      vertex 6.998518016e-03 7.041051518e-03 -9.718247689e-03
      vertex 7.774973288e-03 7.059182972e-03 -9.578524157e-03
    endloop
  endfacet
  facet normal 3.818475604e-01 4.973734617e-01 -7.789814472e-01
    outer loop
      vertex 7.775216363e-03 5.719533656e-03 -1.043376047e-02
      vertex 7.774973288e-03 7.059182972e-03 -9.578524157e-03
      vertex 8.498789743e-03 5.575635936e-03 -1.017095055e-02
    endloop
  endfacet
  facet normal 3.818477988e-01 4.973735213e-01 -7.789812684e-01
    outer loop
      vertex 8.498789743e-03 5.575635936e-03 -1.017095055e-02
      vertex 7.774973288e-03 7.059182972e-03 -9.578524157e-03
      vertex 8.498553187e-03 6.881539710e-03 -9.337257594e-03
    endloop
  endfacet
  facet normal 6.078134775e-01 4.273715317e-01 -6.692655087e-01
    outer loop
      vertex 8.498789743e-03 5.575635936e-03 -1.017095055e-02
      vertex 8.498553187e-03 6.881539710e-03 -9.337257594e-03
      vertex 9.120160714e-03 5.346626043e-03 -9.752873331e-03
    endloop
  endfacet
  facet normal 6.078128815e-01 4.273714423e-01 -6.692661047e-01
    outer loop
      vertex 9.120160714e-03 5.346626043e-03 -9.752873331e-03
      vertex 8.498553187e-03 6.881539710e-03 -9.337257594e-03
      vertex 9.119933471e-03 6.598848850e-03 -8.953450248e-03
    endloop
  endfacet
  facet normal 7.926257849e-01 3.281850517e-01 -5.138471723e-01
    outer loop
      vertex 9.120160714e-03 5.346626043e-03 -9.752873331e-03
      vertex 9.119933471e-03 6.598848850e-03 -8.953450248e-03
      vertex 9.596980177e-03 5.048111081e-03 -9.208018892e-03
    endloop
  endfacet
  facet normal 7.926259637e-01 3.281850815e-01 -5.138468742e-01
    outer loop
      vertex 9.596980177e-03 5.048111081e-03 -9.208018892e-03
      vertex 9.119933471e-03 6.598848850e-03 -8.953450248e-03
      vertex 9.596765973e-03 6.230375730e-03 -8.453257382e-03
    endloop
  endfacet
  facet normal 9.235324264e-01 2.064905912e-01 -3.231864870e-01
    outer loop
      vertex 9.596980177e-03 5.048111081e-03 -9.208018892e-03
      vertex 9.596765973e-03 6.230375730e-03 -8.453257382e-03
      vertex 9.896757081e-03 4.700434394e-03 -8.573519066e-03
    endloop
  endfacet
  facet normal 9.235323668e-01 2.064906061e-01 -3.231866658e-01
    outer loop
      vertex 9.896757081e-03 4.700434394e-03 -8.573519066e-03
      vertex 9.596765973e-03 6.230375730e-03 -8.453257382e-03
      vertex 9.896557778e-03 5.801230669e-03 -7.870767266e-03
    endloop
  endfacet
  facet normal 9.913920760e-01 7.057888806e-02 -1.102740616e-01
    outer loop
      vertex 9.896757081e-03 4.700434394e-03 -8.573519066e-03
      vertex 9.896557778e-03 5.801230669e-03 -7.870767266e-03
      vertex 9.999060072e-03 4.327290226e-03 -7.892613299e-03
    endloop
  endfacet
  facet normal 9.913920760e-01 7.057888806e-02 -1.102740243e-01
    outer loop
      vertex 9.999060072e-03 4.327290226e-03 -7.892613299e-03
      vertex 9.896557778e-03 5.801230669e-03 -7.870767266e-03
      vertex 9.998876601e-03 5.340659525e-03 -7.245675195e-03
    endloop
  endfacet
  facet normal 1.301467270e-01 4.173913002e-01 -8.993588686e-01
    outer loop
      vertex 7.775480859e-03 4.277844913e-03 -1.110280771e-02
      vertex 6.999015808e-03 4.314438906e-03 -1.119818725e-02
      vertex 7.775216363e-03 5.719533656e-03 -1.043376047e-02
    endloop
  endfacet
  facet normal 1.830972582e-01 3.898461163e-01 -9.024940133e-01
    outer loop
      vertex 7.775216363e-03 5.719533656e-03 -1.043376047e-02
      vertex 6.999015808e-03 4.314438906e-03 -1.119818725e-02
      vertex 6.998853292e-03 5.197098013e-03 -1.081694197e-02
    endloop
  endfacet
  facet normal 1.303806007e-01 4.530719817e-01 -8.818881512e-01
    outer loop
      vertex 7.775216363e-03 5.719533656e-03 -1.043376047e-02
      vertex 6.998853292e-03 5.197098013e-03 -1.081694197e-02
      vertex 6.998748984e-03 5.768513773e-03 -1.052339189e-02
    endloop
  endfacet
  facet normal 1.304453313e-01 2.465852201e-01 -9.603018761e-01
    outer loop
      vertex 6.999300793e-03 2.783396281e-03 -1.167315338e-02
      vertex 6.999225356e-03 3.186905524e-03 -1.156955026e-02
      vertex 7.775763515e-03 2.759844996e-03 -1.157372724e-02
    endloop
  endfacet
  facet normal 1.558957845e-01 2.926973999e-01 -9.434112310e-01
    outer loop
      vertex 7.775763515e-03 2.759844996e-03 -1.157372724e-02
      vertex 6.999225356e-03 3.186905524e-03 -1.156955026e-02
      vertex 7.775480859e-03 4.277844913e-03 -1.110280771e-02
    endloop
  endfacet
  facet normal 3.818892539e-01 2.739017010e-01 -8.826881647e-01
    outer loop
      vertex 7.775763515e-03 2.759844996e-03 -1.157372724e-02
      vertex 7.775480859e-03 4.277844913e-03 -1.110280771e-02
      vertex 8.499323390e-03 2.690500580e-03 -1.128220186e-02
    endloop
  endfacet
  facet normal 3.818894923e-01 2.739017904e-01 -8.826880455e-01
    outer loop
      vertex 8.499323390e-03 2.690500580e-03 -1.128220186e-02
      vertex 7.775480859e-03 4.277844913e-03 -1.110280771e-02
      vertex 8.499048650e-03 4.170262720e-03 -1.082314458e-02
    endloop
  endfacet
  facet normal 6.078482866e-01 2.353760898e-01 -7.583657503e-01
    outer loop
      vertex 8.499323390e-03 2.690500580e-03 -1.128220186e-02
      vertex 8.499048650e-03 4.170262720e-03 -1.082314458e-02
      vertex 9.120672010e-03 2.580088330e-03 -1.081844512e-02
    endloop
  endfacet
  facet normal 6.078486443e-01 2.353762388e-01 -7.583653927e-01
    outer loop
      vertex 9.120672010e-03 2.580088330e-03 -1.081844512e-02
      vertex 8.499048650e-03 4.170262720e-03 -1.082314458e-02
      vertex 9.120408446e-03 3.999022767e-03 -1.037825737e-02
    endloop
  endfacet
  facet normal 7.926529050e-01 1.807769686e-01 -5.822551847e-01
    outer loop
      vertex 9.120672010e-03 2.580088330e-03 -1.081844512e-02
      vertex 9.120408446e-03 3.999022767e-03 -1.037825737e-02
      vertex 9.597463533e-03 2.436133334e-03 -1.021405961e-02
    endloop
  endfacet
  facet normal 7.926524878e-01 1.807767749e-01 -5.822557807e-01
    outer loop
      vertex 9.597463533e-03 2.436133334e-03 -1.021405961e-02
      vertex 9.120408446e-03 3.999022767e-03 -1.037825737e-02
      vertex 9.597213939e-03 3.775795456e-03 -9.798465297e-03
    endloop
  endfacet
  facet normal 9.235495329e-01 1.137790084e-01 -3.662111461e-01
    outer loop
      vertex 9.597463533e-03 2.436133334e-03 -1.021405961e-02
      vertex 9.597213939e-03 3.775795456e-03 -9.798465297e-03
      vertex 9.897206910e-03 2.268445212e-03 -9.510233998e-03
    endloop
  endfacet
  facet normal 9.235495329e-01 1.137790158e-01 -3.662111163e-01
    outer loop
      vertex 9.897206910e-03 2.268445212e-03 -9.510233998e-03
      vertex 9.597213939e-03 3.775795456e-03 -9.798465297e-03
      vertex 9.896975011e-03 3.515793011e-03 -9.123277850e-03
    endloop
  endfacet
  facet normal 9.913978577e-01 3.894777596e-02 -1.249532029e-01
    outer loop
      vertex 9.897206910e-03 2.268445212e-03 -9.510233998e-03
      vertex 9.896975011e-03 3.515793011e-03 -9.123277850e-03
      vertex 9.999474511e-03 2.088451991e-03 -8.754934184e-03
    endloop
  endfacet
  facet normal 9.913978577e-01 3.894776851e-02 -1.249532327e-01
    outer loop
      vertex 9.999474511e-03 2.088451991e-03 -8.754934184e-03
      vertex 9.896975011e-03 3.515793011e-03 -9.123277850e-03
      vertex 9.999260306e-03 3.236733843e-03 -8.398709819e-03
    endloop
  endfacet
  facet normal 9.914010763e-01 2.194930241e-02 -1.290044785e-01
    outer loop
      vertex 9.999474511e-03 2.088451991e-03 -8.754934184e-03
      vertex 9.999697097e-03 9.029356879e-04 -8.954929188e-03
      vertex 9.897206910e-03 2.268445212e-03 -9.510233998e-03
    endloop
  endfacet
  facet normal 9.914010763e-01 2.194933966e-02 -1.290043890e-01
    outer loop
      vertex 9.897206910e-03 2.268445212e-03 -9.510233998e-03
      vertex 9.999697097e-03 9.029356879e-04 -8.954929188e-03
      vertex 9.897449054e-03 9.806508897e-04 -9.727484547e-03
    endloop
  endfacet
  facet normal 9.235588312e-01 6.395635009e-02 -3.780854642e-01
    outer loop
      vertex 9.897206910e-03 2.268445212e-03 -9.510233998e-03
      vertex 9.897449054e-03 9.806508897e-04 -9.727484547e-03
      vertex 9.597463533e-03 2.436133334e-03 -1.021405961e-02
    endloop
  endfacet
  facet normal 9.235586524e-01 6.395614892e-02 -3.780859709e-01
    outer loop
      vertex 9.597463533e-03 2.436133334e-03 -1.021405961e-02
      vertex 9.897449054e-03 9.806508897e-04 -9.727484547e-03
      vertex 9.597723372e-03 1.053030835e-03 -1.044738665e-02
    endloop
  endfacet
  facet normal 7.926677465e-01 1.015595794e-01 -6.011351943e-01
    outer loop
      vertex 9.597463533e-03 2.436133334e-03 -1.021405961e-02
      vertex 9.597723372e-03 1.053030835e-03 -1.044738665e-02
      vertex 9.120672010e-03 2.580088330e-03 -1.081844512e-02
    endloop
  endfacet
  facet normal 7.926676273e-01 1.015595272e-01 -6.011353135e-01
    outer loop
      vertex 9.120672010e-03 2.580088330e-03 -1.081844512e-02
      vertex 9.597723372e-03 1.053030835e-03 -1.044738665e-02
      vertex 9.120947681e-03 1.115143299e-03 -1.106557902e-02
    endloop
  endfacet
  facet normal 6.078675389e-01 1.321976930e-01 -7.829564810e-01
    outer loop
      vertex 9.120672010e-03 2.580088330e-03 -1.081844512e-02
      vertex 9.120947681e-03 1.115143299e-03 -1.106557902e-02
      vertex 8.499323390e-03 2.690500580e-03 -1.128220186e-02
    endloop
  endfacet
  facet normal 6.078680754e-01 1.321979761e-01 -7.829560041e-01
    outer loop
      vertex 8.499323390e-03 2.690500580e-03 -1.128220186e-02
      vertex 9.120947681e-03 1.115143299e-03 -1.106557902e-02
      vertex 8.499610238e-03 1.162755070e-03 -1.153993048e-02
    endloop
  endfacet
  facet normal 3.819117248e-01 1.538086832e-01 -9.113102555e-01
    outer loop
      vertex 8.499323390e-03 2.690500580e-03 -1.128220186e-02
      vertex 8.499610238e-03 1.162755070e-03 -1.153993048e-02
      vertex 7.775763515e-03 2.759844996e-03 -1.157372724e-02
    endloop
  endfacet
  facet normal 3.819115460e-01 1.538085938e-01 -9.113103151e-01
    outer loop
      vertex 7.775763515e-03 2.759844996e-03 -1.157372724e-02
      vertex 8.499610238e-03 1.162755070e-03 -1.153993048e-02
      vertex 7.776057813e-03 1.192621770e-03 -1.183811575e-02
    endloop
  endfacet
  facet normal 1.301934123e-01 1.649560928e-01 -9.776702523e-01
    outer loop
      vertex 7.775763515e-03 2.759844996e-03 -1.157372724e-02
      vertex 7.776057813e-03 1.192621770e-03 -1.183811575e-02
      vertex 6.999300793e-03 2.783396281e-03 -1.167315338e-02
    endloop
  endfacet
  facet normal 1.301936358e-01 1.649561971e-01 -9.776702523e-01
    outer loop
      vertex 6.999300793e-03 2.783396281e-03 -1.167315338e-02
      vertex 7.776057813e-03 1.192621770e-03 -1.183811575e-02
      vertex 6.999597885e-03 1.202707761e-03 -1.193981338e-02
    endloop
  endfacet
  facet normal 1.302636862e-01 2.786801569e-02 -9.910876751e-01
    outer loop
      vertex 6.999902427e-03 -3.994191648e-04 -1.199340820e-02
      vertex 6.999622099e-03 1.074790140e-03 -1.195199229e-02
      vertex 7.776360027e-03 -3.958574380e-04 -1.189125422e-02
    endloop
  endfacet
  facet normal 1.401100755e-01 3.313069418e-02 -9.895814657e-01
    outer loop
      vertex 7.776360027e-03 -3.958574380e-04 -1.189125422e-02
      vertex 6.999622099e-03 1.074790140e-03 -1.195199229e-02
      vertex 7.776057813e-03 1.192621770e-03 -1.183811575e-02
    endloop
  endfacet
  facet normal 3.819343150e-01 3.097174130e-02 -9.236703515e-01
    outer loop
      vertex 7.776360027e-03 -3.958574380e-04 -1.189125422e-02
      vertex 7.776057813e-03 1.192621770e-03 -1.183811575e-02
      vertex 8.499904536e-03 -3.857107658e-04 -1.159173064e-02
    endloop
  endfacet
  facet normal 3.819347620e-01 3.097198159e-02 -9.236701727e-01
    outer loop
      vertex 8.499904536e-03 -3.857107658e-04 -1.159173064e-02
      vertex 7.776057813e-03 1.192621770e-03 -1.183811575e-02
      vertex 8.499610238e-03 1.162755070e-03 -1.153993048e-02
    endloop
  endfacet
  facet normal 6.078879833e-01 2.666285634e-02 -7.935749888e-01
    outer loop
      vertex 8.499904536e-03 -3.857107658e-04 -1.159173064e-02
      vertex 8.499610238e-03 1.162755070e-03 -1.153993048e-02
      vertex 9.121229872e-03 -3.696706553e-04 -1.111525018e-02
    endloop
  endfacet
  facet normal 6.078880429e-01 2.666288801e-02 -7.935749888e-01
    outer loop
      vertex 9.121229872e-03 -3.696706553e-04 -1.111525018e-02
      vertex 8.499610238e-03 1.162755070e-03 -1.153993048e-02
      vertex 9.120947681e-03 1.115143299e-03 -1.106557902e-02
    endloop
  endfacet
  facet normal 7.926830053e-01 2.053306997e-02 -6.092881560e-01
    outer loop
      vertex 9.121229872e-03 -3.696706553e-04 -1.111525018e-02
      vertex 9.120947681e-03 1.115143299e-03 -1.106557902e-02
      vertex 9.597989731e-03 -3.488302173e-04 -1.049428340e-02
    endloop
  endfacet
  facet normal 7.926829457e-01 2.053305507e-02 -6.092882156e-01
    outer loop
      vertex 9.597989731e-03 -3.488302173e-04 -1.049428340e-02
      vertex 9.120947681e-03 1.115143299e-03 -1.106557902e-02
      vertex 9.597723372e-03 1.053030835e-03 -1.044738665e-02
    endloop
  endfacet
  facet normal 9.235684872e-01 1.299506333e-02 -3.832131922e-01
    outer loop
      vertex 9.597989731e-03 -3.488302173e-04 -1.049428340e-02
      vertex 9.597723372e-03 1.053030835e-03 -1.044738665e-02
      vertex 9.897696786e-03 -3.246096312e-04 -9.771147743e-03
    endloop
  endfacet
  facet normal 9.235683084e-01 1.299478021e-02 -3.832136989e-01
    outer loop
      vertex 9.897696786e-03 -3.246096312e-04 -9.771147743e-03
      vertex 9.597723372e-03 1.053030835e-03 -1.044738665e-02
      vertex 9.897449054e-03 9.806508897e-04 -9.727484547e-03
    endloop
  endfacet
  facet normal 9.914043546e-01 4.562359769e-03 -1.307539344e-01
    outer loop
      vertex 9.897696786e-03 -3.246096312e-04 -9.771147743e-03
      vertex 9.897449054e-03 9.806508897e-04 -9.727484547e-03
      vertex 9.999925271e-03 -2.986595791e-04 -8.995125070e-03
    endloop
  endfacet
  facet normal 9.914043546e-01 4.562401678e-03 -1.307538599e-01
    outer loop
      vertex 9.999925271e-03 -2.986595791e-04 -8.995125070e-03
      vertex 9.897449054e-03 9.806508897e-04 -9.727484547e-03
      vertex 9.999697097e-03 9.029356879e-04 -8.954929188e-03
    endloop
  endfacet
  facet normal 1.302446723e-01 -9.919999540e-02 -9.865068197e-01
    outer loop
      vertex 7.776663173e-03 -1.977246022e-03 -1.173219457e-02
      vertex 7.000208367e-03 -1.994394697e-03 -1.183298323e-02
      vertex 7.776360027e-03 -3.958574380e-04 -1.189125422e-02
    endloop
  endfacet
  facet normal 1.857193857e-01 -1.256984919e-01 -9.745297432e-01
    outer loop
      vertex 7.776360027e-03 -3.958574380e-04 -1.189125422e-02
      vertex 7.000208367e-03 -1.994394697e-03 -1.183298323e-02
      vertex 7.000030950e-03 -1.071670675e-03 -1.195203327e-02
    endloop
  endfacet
  facet normal 1.304725558e-01 -6.088103354e-02 -9.895809293e-01
    outer loop
      vertex 7.776360027e-03 -3.958574380e-04 -1.189125422e-02
      vertex 7.000030950e-03 -1.071670675e-03 -1.195203327e-02
      vertex 6.999902427e-03 -3.994191648e-04 -1.199340820e-02
    endloop
  endfacet
  facet normal 1.305481642e-01 -2.784535885e-01 -9.515359998e-01
    outer loop
      vertex 7.000511046e-03 -3.553756280e-03 -1.146139856e-02
      vertex 7.000438869e-03 -3.183800494e-03 -1.156967133e-02
      vertex 7.776963059e-03 -3.523324383e-03 -1.136377733e-02
    endloop
  endfacet
  facet normal 1.547036469e-01 -2.289823890e-01 -9.610587358e-01
    outer loop
      vertex 7.776963059e-03 -3.523324383e-03 -1.136377733e-02
      vertex 7.000438869e-03 -3.183800494e-03 -1.156967133e-02
      vertex 7.776663173e-03 -1.977246022e-03 -1.173219457e-02
    endloop
  endfacet
  facet normal 3.819817305e-01 -2.141538113e-01 -8.990150690e-01
    outer loop
      vertex 7.776963059e-03 -3.523324383e-03 -1.136377733e-02
      vertex 7.776663173e-03 -1.977246022e-03 -1.173219457e-02
      vertex 8.500493132e-03 -3.434397979e-03 -1.107754000e-02
    endloop
  endfacet
  facet normal 3.819812834e-01 -2.141540945e-01 -8.990151882e-01
    outer loop
      vertex 8.500493132e-03 -3.434397979e-03 -1.107754000e-02
      vertex 7.776663173e-03 -1.977246022e-03 -1.173219457e-02
      vertex 8.500200696e-03 -1.927264733e-03 -1.143667847e-02
    endloop
  endfacet
  facet normal 6.079282165e-01 -1.839371175e-01 -7.723926306e-01
    outer loop
      vertex 8.500493132e-03 -3.434397979e-03 -1.107754000e-02
      vertex 8.500200696e-03 -1.927264733e-03 -1.143667847e-02
      vertex 9.121793322e-03 -3.293036949e-03 -1.062219590e-02
    endloop
  endfacet
  facet normal 6.079283953e-01 -1.839369982e-01 -7.723925710e-01
    outer loop
      vertex 9.121793322e-03 -3.293036949e-03 -1.062219590e-02
      vertex 8.500200696e-03 -1.927264733e-03 -1.143667847e-02
      vertex 9.121512994e-03 -1.847856794e-03 -1.096657105e-02
    endloop
  endfacet
  facet normal 7.927141786e-01 -1.411592513e-01 -5.930247307e-01
    outer loop
      vertex 9.121793322e-03 -3.293036949e-03 -1.062219590e-02
      vertex 9.121512994e-03 -1.847856794e-03 -1.096657105e-02
      vertex 9.598522447e-03 -3.108875128e-03 -1.002877485e-02
    endloop
  endfacet
  facet normal 7.927138209e-01 -1.411596686e-01 -5.930250883e-01
    outer loop
      vertex 9.598522447e-03 -3.108875128e-03 -1.002877485e-02
      vertex 9.121512994e-03 -1.847856794e-03 -1.096657105e-02
      vertex 9.598257951e-03 -1.744433772e-03 -1.035391074e-02
    endloop
  endfacet
  facet normal 9.235878587e-01 -8.870035410e-02 -3.729849160e-01
    outer loop
      vertex 9.598522447e-03 -3.108875128e-03 -1.002877485e-02
      vertex 9.598257951e-03 -1.744433772e-03 -1.035391074e-02
      vertex 9.898193181e-03 -2.894463250e-03 -9.337717667e-03
    endloop
  endfacet
  facet normal 9.235880375e-01 -8.869994432e-02 -3.729844987e-01
    outer loop
      vertex 9.898193181e-03 -2.894463250e-03 -9.337717667e-03
      vertex 9.598257951e-03 -1.744433772e-03 -1.035391074e-02
      vertex 9.897946380e-03 -1.624043798e-03 -9.640448727e-03
    endloop
  endfacet
  facet normal 9.914110303e-01 -3.013368323e-02 -1.272641420e-01
    outer loop
      vertex 9.898193181e-03 -2.894463250e-03 -9.337717667e-03
      vertex 9.897946380e-03 -1.624043798e-03 -9.640448727e-03
      vertex 1.000038162e-02 -2.664412372e-03 -8.596118540e-03
    endloop
  endfacet
  facet normal 9.914110303e-01 -3.013370931e-02 -1.272641569e-01
    outer loop
      vertex 1.000038162e-02 -2.664412372e-03 -8.596118540e-03
      vertex 9.897946380e-03 -1.624043798e-03 -9.640448727e-03
      vertex 1.000015531e-02 -1.494891127e-03 -8.874805644e-03
    endloop
  endfacet
  facet normal 9.914142489e-01 -4.682386667e-02 -1.220871434e-01
    outer loop
      vertex 1.000038162e-02 -2.664412372e-03 -8.596118540e-03
      vertex 1.000060234e-02 -3.786353162e-03 -8.164036088e-03
      vertex 9.898193181e-03 -2.894463250e-03 -9.337717667e-03
    endloop
  endfacet
  facet normal 9.914142489e-01 -4.682399333e-02 -1.220872328e-01
    outer loop
      vertex 9.898193181e-03 -2.894463250e-03 -9.337717667e-03
      vertex 1.000060234e-02 -3.786353162e-03 -8.164036088e-03
      vertex 9.898431599e-03 -4.113197327e-03 -8.868357167e-03
    endloop
  endfacet
  facet normal 9.235973954e-01 -1.376195699e-01 -3.578110337e-01
    outer loop
      vertex 9.898193181e-03 -2.894463250e-03 -9.337717667e-03
      vertex 9.898431599e-03 -4.113197327e-03 -8.868357167e-03
      vertex 9.598522447e-03 -3.108875128e-03 -1.002877485e-02
    endloop
  endfacet
  facet normal 9.235975146e-01 -1.376192272e-01 -3.578107655e-01
    outer loop
      vertex 9.598522447e-03 -3.108875128e-03 -1.002877485e-02
      vertex 9.898431599e-03 -4.113197327e-03 -8.868357167e-03
      vertex 9.598778561e-03 -4.417805932e-03 -9.524678811e-03
    endloop
  endfacet
  facet normal 7.927293181e-01 -2.189392596e-01 -5.688987374e-01
    outer loop
      vertex 9.598522447e-03 -3.108875128e-03 -1.002877485e-02
      vertex 9.598778561e-03 -4.417805932e-03 -9.524678811e-03
      vertex 9.121793322e-03 -3.293036949e-03 -1.062219590e-02
    endloop
  endfacet
  facet normal 7.927290201e-01 -2.189396322e-01 -5.688990355e-01
    outer loop
      vertex 9.121793322e-03 -3.293036949e-03 -1.062219590e-02
      vertex 9.598778561e-03 -4.417805932e-03 -9.524678811e-03
      vertex 9.122065268e-03 -4.679421429e-03 -1.008827053e-02
    endloop
  endfacet
  facet normal 6.079480052e-01 -2.852437198e-01 -7.409691215e-01
    outer loop
      vertex 9.121793322e-03 -3.293036949e-03 -1.062219590e-02
      vertex 9.122065268e-03 -4.679421429e-03 -1.008827053e-02
      vertex 8.500493132e-03 -3.434397979e-03 -1.107754000e-02
    endloop
  endfacet
  facet normal 6.079485416e-01 -2.852432430e-01 -7.409688830e-01
    outer loop
      vertex 8.500493132e-03 -3.434397979e-03 -1.107754000e-02
      vertex 9.122065268e-03 -4.679421429e-03 -1.008827053e-02
      vertex 8.500776254e-03 -4.880215041e-03 -1.052072644e-02
    endloop
  endfacet
  facet normal 3.820047379e-01 -3.320686221e-01 -8.624400496e-01
    outer loop
      vertex 8.500493132e-03 -3.434397979e-03 -1.107754000e-02
      vertex 8.500776254e-03 -4.880215041e-03 -1.052072644e-02
      vertex 7.776963059e-03 -3.523324383e-03 -1.136377733e-02
    endloop
  endfacet
  facet normal 3.820039630e-01 -3.320690989e-01 -8.624401689e-01
    outer loop
      vertex 7.776963059e-03 -3.523324383e-03 -1.136377733e-02
      vertex 8.500776254e-03 -4.880215041e-03 -1.052072644e-02
      vertex 7.777254097e-03 -5.006502382e-03 -1.079257391e-02
    endloop
  endfacet
  facet normal 1.302933842e-01 -3.563043773e-01 -9.252409339e-01
    outer loop
      vertex 7.776963059e-03 -3.523324383e-03 -1.136377733e-02
      vertex 7.777254097e-03 -5.006502382e-03 -1.079257391e-02
      vertex 7.000511046e-03 -3.553756280e-03 -1.146139856e-02
    endloop
  endfacet
  facet normal 1.302942783e-01 -3.563039303e-01 -9.252409935e-01
    outer loop
      vertex 7.000511046e-03 -3.553756280e-03 -1.146139856e-02
      vertex 7.777254097e-03 -5.006502382e-03 -1.079257391e-02
      vertex 7.000804413e-03 -5.049677566e-03 -1.088528894e-02
    endloop
  endfacet
  facet normal 1.303739399e-01 -4.822159708e-01 -8.662969470e-01
    outer loop
      vertex 7.001083344e-03 -6.455463357e-03 -1.011493150e-02
      vertex 7.000832818e-03 -5.194021389e-03 -1.081713941e-02
      vertex 7.777530700e-03 -6.400312763e-03 -1.002877858e-02
    endloop
  endfacet
  facet normal 1.423417628e-01 -4.756502211e-01 -8.680412769e-01
    outer loop
      vertex 7.777530700e-03 -6.400312763e-03 -1.002877858e-02
      vertex 7.000832818e-03 -5.194021389e-03 -1.081713941e-02
      vertex 7.777254097e-03 -5.006502382e-03 -1.079257391e-02
    endloop
  endfacet
  facet normal 3.820263743e-01 -4.440567791e-01 -8.104748130e-01
    outer loop
      vertex 7.777530700e-03 -6.400312763e-03 -1.002877858e-02
      vertex 7.777254097e-03 -5.006502382e-03 -1.079257391e-02
      vertex 8.501046337e-03 -6.238915492e-03 -9.776170366e-03
    endloop
  endfacet
  facet normal 3.820260763e-01 -4.440569878e-01 -8.104748726e-01
    outer loop
      vertex 8.501046337e-03 -6.238915492e-03 -9.776170366e-03
      vertex 7.777254097e-03 -5.006502382e-03 -1.079257391e-02
      vertex 8.500776254e-03 -4.880215041e-03 -1.052072644e-02
    endloop
  endfacet
  facet normal 6.079667807e-01 -3.814581037e-01 -6.963232756e-01
    outer loop
      vertex 8.501046337e-03 -6.238915492e-03 -9.776170366e-03
      vertex 8.500776254e-03 -4.880215041e-03 -1.052072644e-02
      vertex 9.122324176e-03 -5.982270930e-03 -9.374321438e-03
    endloop
  endfacet
  facet normal 6.079674959e-01 -3.814574480e-01 -6.963229775e-01
    outer loop
      vertex 9.122324176e-03 -5.982270930e-03 -9.374321438e-03
      vertex 8.500776254e-03 -4.880215041e-03 -1.052072644e-02
      vertex 9.122065268e-03 -4.679421429e-03 -1.008827053e-02
    endloop
  endfacet
  facet normal 7.927437425e-01 -2.928097844e-01 -5.346211791e-01
    outer loop
      vertex 9.122324176e-03 -5.982270930e-03 -9.374321438e-03
      vertex 9.122065268e-03 -4.679421429e-03 -1.008827053e-02
      vertex 9.599023499e-03 -5.647868849e-03 -8.850616403e-03
    endloop
  endfacet
  facet normal 7.927436233e-01 -2.928099334e-01 -5.346212387e-01
    outer loop
      vertex 9.599023499e-03 -5.647868849e-03 -8.850616403e-03
      vertex 9.122065268e-03 -4.679421429e-03 -1.008827053e-02
      vertex 9.598778561e-03 -4.417805932e-03 -9.524678811e-03
    endloop
  endfacet
  facet normal 9.236066937e-01 -1.840795428e-01 -3.362520337e-01
    outer loop
      vertex 9.599023499e-03 -5.647868849e-03 -8.850616403e-03
      vertex 9.598778561e-03 -4.417805932e-03 -9.524678811e-03
      vertex 9.898659773e-03 -5.258497782e-03 -8.240743540e-03
    endloop
  endfacet
  facet normal 9.236066937e-01 -1.840795279e-01 -3.362520337e-01
    outer loop
      vertex 9.898659773e-03 -5.258497782e-03 -8.240743540e-03
      vertex 9.598778561e-03 -4.417805932e-03 -9.524678811e-03
      vertex 9.898431599e-03 -4.113197327e-03 -8.868357167e-03
    endloop
  endfacet
  facet normal 9.914174080e-01 -6.267514080e-02 -1.147318110e-01
    outer loop
      vertex 9.898659773e-03 -5.258497782e-03 -8.240743540e-03
      vertex 9.898431599e-03 -4.113197327e-03 -8.868357167e-03
      vertex 1.000081096e-02 -4.840692505e-03 -7.586268242e-03
    endloop
  endfacet
  facet normal 9.914174080e-01 -6.267520040e-02 -1.147318408e-01
    outer loop
      vertex 1.000081096e-02 -4.840692505e-03 -7.586268242e-03
      vertex 9.898431599e-03 -4.113197327e-03 -8.868357167e-03
      vertex 1.000060234e-02 -3.786353162e-03 -8.164036088e-03
    endloop
  endfacet
  facet normal 1.303402036e-01 -5.880873203e-01 -7.982259989e-01
    outer loop
      vertex 7.777788211e-03 -7.679882925e-03 -9.086022153e-03
      vertex 7.001343183e-03 -7.746027317e-03 -9.164075367e-03
      vertex 7.777530700e-03 -6.400312763e-03 -1.002877858e-02
    endloop
  endfacet
  facet normal 1.883360296e-01 -6.054887772e-01 -7.732482553e-01
    outer loop
      vertex 7.777530700e-03 -6.400312763e-03 -1.002877858e-02
      vertex 7.001343183e-03 -7.746027317e-03 -9.164075367e-03
      vertex 7.001200225e-03 -7.038016804e-03 -9.718514048e-03
    endloop
  endfacet
  facet normal 1.305660456e-01 -5.577490926e-01 -8.196758032e-01
    outer loop
      vertex 7.777530700e-03 -6.400312763e-03 -1.002877858e-02
      vertex 7.001200225e-03 -7.038016804e-03 -9.718514048e-03
      vertex 7.001083344e-03 -6.455463357e-03 -1.011493150e-02
    endloop
  endfacet
  facet normal 1.306415200e-01 -7.253713012e-01 -6.758471131e-01
    outer loop
      vertex 7.001578808e-03 -8.898339234e-03 -8.049687371e-03
      vertex 7.001528982e-03 -8.656787686e-03 -8.308948949e-03
      vertex 7.778021973e-03 -8.822378702e-03 -7.981128059e-03
    endloop
  endfacet
  facet normal 1.534023881e-01 -6.869344711e-01 -7.103441358e-01
    outer loop
      vertex 7.778021973e-03 -8.822378702e-03 -7.981128059e-03
      vertex 7.001528982e-03 -8.656787686e-03 -8.308948949e-03
      vertex 7.777788211e-03 -7.679882925e-03 -9.086022153e-03
    endloop
  endfacet
  facet normal 3.820666671e-01 -6.423986554e-01 -6.643410921e-01
    outer loop
      vertex 7.778021973e-03 -8.822378702e-03 -7.981128059e-03
      vertex 7.777788211e-03 -7.679882925e-03 -9.086022153e-03
      vertex 8.501525037e-03 -8.599970490e-03 -7.780098822e-03
    endloop
  endfacet
  facet normal 3.820658028e-01 -6.423991919e-01 -6.643410325e-01
    outer loop
      vertex 8.501525037e-03 -8.599970490e-03 -7.780098822e-03
      vertex 7.777788211e-03 -7.679882925e-03 -9.086022153e-03
      vertex 8.501296863e-03 -7.486253977e-03 -8.857162669e-03
    endloop
  endfacet
  facet normal 6.080011725e-01 -5.518636703e-01 -5.707723498e-01
    outer loop
      vertex 8.501525037e-03 -8.599970490e-03 -7.780098822e-03
      vertex 8.501296863e-03 -7.486253977e-03 -8.857162669e-03
      vertex 9.122783318e-03 -8.246271871e-03 -7.460300811e-03
    endloop
  endfacet
  facet normal 6.080019474e-01 -5.518628955e-01 -5.707722902e-01
    outer loop
      vertex 9.122783318e-03 -8.246271871e-03 -7.460300811e-03
      vertex 8.501296863e-03 -7.486253977e-03 -8.857162669e-03
      vertex 9.122564457e-03 -7.178335451e-03 -8.493089117e-03
    endloop
  endfacet
  facet normal 7.927700281e-01 -4.236421585e-01 -4.382270575e-01
    outer loop
      vertex 9.122783318e-03 -8.246271871e-03 -7.460300811e-03
      vertex 9.122564457e-03 -7.178335451e-03 -8.493089117e-03
      vertex 9.599456564e-03 -7.785385475e-03 -7.043526508e-03
    endloop
  endfacet
  facet normal 7.927700281e-01 -4.236421585e-01 -4.382270575e-01
    outer loop
      vertex 9.599456564e-03 -7.785385475e-03 -7.043526508e-03
      vertex 9.122564457e-03 -7.178335451e-03 -8.493089117e-03
      vertex 9.599250741e-03 -6.777111907e-03 -8.018616587e-03
    endloop
  endfacet
  facet normal 9.236231446e-01 -2.663656473e-01 -2.756258547e-01
    outer loop
      vertex 9.599456564e-03 -7.785385475e-03 -7.043526508e-03
      vertex 9.599250741e-03 -6.777111907e-03 -8.018616587e-03
      vertex 9.899063036e-03 -7.248720154e-03 -6.558179855e-03
    endloop
  endfacet
  facet normal 9.236231446e-01 -2.663656473e-01 -2.756258547e-01
    outer loop
      vertex 9.899063036e-03 -7.248720154e-03 -6.558179855e-03
      vertex 9.599250741e-03 -6.777111907e-03 -8.018616587e-03
      vertex 9.898871183e-03 -6.309926044e-03 -7.466076873e-03
    endloop
  endfacet
  facet normal 9.914230704e-01 -9.074932337e-02 -9.404739738e-02
    outer loop
      vertex 9.899063036e-03 -7.248720154e-03 -6.558179855e-03
      vertex 9.898871183e-03 -6.309926044e-03 -7.466076873e-03
      vertex 1.000118256e-02 -6.672849879e-03 -6.037334912e-03
    endloop
  endfacet
  facet normal 9.914230704e-01 -9.074927866e-02 -9.404738247e-02
    outer loop
      vertex 1.000118256e-02 -6.672849879e-03 -6.037334912e-03
      vertex 9.898871183e-03 -6.309926044e-03 -7.466076873e-03
      vertex 1.000100560e-02 -5.808615591e-03 -6.873125210e-03
    endloop
  endfacet
  facet normal 9.914254546e-01 -1.024712920e-01 -8.108751476e-02
    outer loop
      vertex 1.000118256e-02 -6.672849879e-03 -6.037334912e-03
      vertex 1.000133809e-02 -7.417972665e-03 -5.093810149e-03
      vertex 9.899063036e-03 -7.248720154e-03 -6.558179855e-03
    endloop
  endfacet
  facet normal 9.914254546e-01 -1.024713665e-01 -8.108752221e-02
    outer loop
      vertex 9.899063036e-03 -7.248720154e-03 -6.558179855e-03
      vertex 1.000133809e-02 -7.417972665e-03 -5.093810149e-03
      vertex 9.899232537e-03 -8.058127016e-03 -5.533254240e-03
    endloop
  endfacet
  facet normal 9.236302376e-01 -3.007230163e-01 -2.376400977e-01
    outer loop
      vertex 9.899063036e-03 -7.248720154e-03 -6.558179855e-03
      vertex 9.899232537e-03 -8.058127016e-03 -5.533254240e-03
      vertex 9.599456564e-03 -7.785385475e-03 -7.043526508e-03
    endloop
  endfacet
  facet normal 9.236304760e-01 -3.007224500e-01 -2.376400381e-01
    outer loop
      vertex 9.599456564e-03 -7.785385475e-03 -7.043526508e-03
      vertex 9.899232537e-03 -8.058127016e-03 -5.533254240e-03
      vertex 9.599638171e-03 -8.654695936e-03 -5.942748860e-03
    endloop
  endfacet
  facet normal 7.927812934e-01 -4.782691300e-01 -3.778312206e-01
    outer loop
      vertex 9.599456564e-03 -7.785385475e-03 -7.043526508e-03
      vertex 9.599638171e-03 -8.654695936e-03 -5.942748860e-03
      vertex 9.122783318e-03 -8.246271871e-03 -7.460300811e-03
    endloop
  endfacet
  facet normal 7.927812338e-01 -4.782692194e-01 -3.778312504e-01
    outer loop
      vertex 9.122783318e-03 -8.246271871e-03 -7.460300811e-03
      vertex 9.599638171e-03 -8.654695936e-03 -5.942748860e-03
      vertex 9.122975171e-03 -9.167022072e-03 -6.294385530e-03
    endloop
  endfacet
  facet normal 6.080158353e-01 -6.230134964e-01 -4.921086729e-01
    outer loop
      vertex 9.122783318e-03 -8.246271871e-03 -7.460300811e-03
      vertex 9.122975171e-03 -9.167022072e-03 -6.294385530e-03
      vertex 8.501525037e-03 -8.599970490e-03 -7.780098822e-03
    endloop
  endfacet
  facet normal 6.080161929e-01 -6.230131388e-01 -4.921087027e-01
    outer loop
      vertex 8.501525037e-03 -8.599970490e-03 -7.780098822e-03
      vertex 9.122975171e-03 -9.167022072e-03 -6.294385530e-03
      vertex 8.501726203e-03 -9.560192935e-03 -6.564202718e-03
    endloop
  endfacet
  facet normal 3.820837438e-01 -7.252129912e-01 -5.727810860e-01
    outer loop
      vertex 8.501525037e-03 -8.599970490e-03 -7.780098822e-03
      vertex 8.501726203e-03 -9.560192935e-03 -6.564202718e-03
      vertex 7.778021973e-03 -8.822378702e-03 -7.981128059e-03
    endloop
  endfacet
  facet normal 3.820830584e-01 -7.252134085e-01 -5.727809668e-01
    outer loop
      vertex 7.778021973e-03 -8.822378702e-03 -7.981128059e-03
      vertex 8.501726203e-03 -9.560192935e-03 -6.564202718e-03
      vertex 7.778227795e-03 -9.807412513e-03 -6.733811926e-03
    endloop
  endfacet
  facet normal 1.303799450e-01 -7.780781984e-01 -6.144879460e-01
    outer loop
      vertex 7.778021973e-03 -8.822378702e-03 -7.981128059e-03
      vertex 7.778227795e-03 -9.807412513e-03 -6.733811926e-03
      vertex 7.001578808e-03 -8.898339234e-03 -8.049687371e-03
    endloop
  endfacet
  facet normal 1.303792298e-01 -7.780784965e-01 -6.144877076e-01
    outer loop
      vertex 7.001578808e-03 -8.898339234e-03 -8.049687371e-03
      vertex 7.778227795e-03 -9.807412513e-03 -6.733811926e-03
      vertex 7.001786493e-03 -9.891836904e-03 -6.791654509e-03
    endloop
  endfacet
  facet normal 9.914278388e-01 -1.024743766e-01 8.105473220e-02
    outer loop
      vertex 1.000148710e-02 -7.418165449e-03 5.093237385e-03
      vertex 1.000135858e-02 -6.673078518e-03 6.036790088e-03
      vertex 9.899393655e-03 -8.058336563e-03 5.532660522e-03
    endloop
  endfacet
  facet normal 9.914278388e-01 -1.024743766e-01 8.105471730e-02
    outer loop
      vertex 9.899393655e-03 -8.058336563e-03 5.532660522e-03
      vertex 1.000135858e-02 -6.673078518e-03 6.036790088e-03
      vertex 9.899253957e-03 -7.248968817e-03 6.557616405e-03
    endloop
  endfacet
  facet normal 9.236373305e-01 -3.007317185e-01 2.376016527e-01
    outer loop
      vertex 9.899393655e-03 -8.058336563e-03 5.532660522e-03
      vertex 9.899253957e-03 -7.248968817e-03 6.557616405e-03
      vertex 9.599811397e-03 -8.654921316e-03 5.942140706e-03
    endloop
  endfacet
  facet normal 9.236372709e-01 -3.007317781e-01 2.376018167e-01
    outer loop
      vertex 9.599811397e-03 -8.654921316e-03 5.942140706e-03
      vertex 9.899253957e-03 -7.248968817e-03 6.557616405e-03
      vertex 9.599662386e-03 -7.785652298e-03 7.042952348e-03
    endloop
  endfacet
  facet normal 7.927923799e-01 -4.782834649e-01 3.777897954e-01
    outer loop
      vertex 9.599811397e-03 -8.654921316e-03 5.942140706e-03
      vertex 9.599662386e-03 -7.785652298e-03 7.042952348e-03
      vertex 9.123158641e-03 -9.167260490e-03 6.293772254e-03
    endloop
  endfacet
  facet normal 7.927923203e-01 -4.782834947e-01 3.777899146e-01
    outer loop
      vertex 9.123158641e-03 -9.167260490e-03 6.293772254e-03
      vertex 9.599662386e-03 -7.785652298e-03 7.042952348e-03
      vertex 9.123000316e-03 -8.246554062e-03 7.459722925e-03
    endloop
  endfacet
  facet normal 6.080303192e-01 -6.230320930e-01 4.920672476e-01
    outer loop
      vertex 9.123158641e-03 -9.167260490e-03 6.293772254e-03
      vertex 9.123000316e-03 -8.246554062e-03 7.459722925e-03
      vertex 8.501917124e-03 -9.560441598e-03 6.563592236e-03
    endloop
  endfacet
  facet normal 6.080302000e-01 -6.230320930e-01 4.920673370e-01
    outer loop
      vertex 8.501917124e-03 -9.560441598e-03 6.563592236e-03
      vertex 9.123000316e-03 -8.246554062e-03 7.459722925e-03
      vertex 8.501752280e-03 -8.600265719e-03 7.779525593e-03
    endloop
  endfacet
  facet normal 3.820995986e-01 -7.252351046e-01 5.727424622e-01
    outer loop
      vertex 8.501917124e-03 -9.560441598e-03 6.563592236e-03
      vertex 8.501752280e-03 -8.600265719e-03 7.779525593e-03
      vertex 7.778424304e-03 -9.807667695e-03 6.733213086e-03
    endloop
  endfacet
  facet normal 3.821001351e-01 -7.252351046e-01 5.727421045e-01
    outer loop
      vertex 7.778424304e-03 -9.807667695e-03 6.733213086e-03
      vertex 8.501752280e-03 -8.600265719e-03 7.779525593e-03
      vertex 7.778254803e-03 -8.822681382e-03 7.980566472e-03
    endloop
  endfacet
  facet normal 1.303976923e-01 -7.781015635e-01 6.144545078e-01
    outer loop
      vertex 7.778424304e-03 -9.807667695e-03 6.733213086e-03
      vertex 7.778254803e-03 -8.822681382e-03 7.980566472e-03
      vertex 7.001984399e-03 -9.892093949e-03 6.791075692e-03
    endloop
  endfacet
  facet normal 1.303978711e-01 -7.781016231e-01 6.144544482e-01
    outer loop
      vertex 7.001984399e-03 -9.892093949e-03 6.791075692e-03
      vertex 7.778254803e-03 -8.822681382e-03 7.980566472e-03
      vertex 7.001813501e-03 -8.898644708e-03 8.049146272e-03
    endloop
  endfacet
  facet normal 1.304922104e-01 -6.786518097e-01 7.227748632e-01
    outer loop
      vertex 7.001610007e-03 -7.746374235e-03 9.163577110e-03
      vertex 7.001771126e-03 -8.657102473e-03 8.308417164e-03
      vertex 7.778053172e-03 -7.680227049e-03 9.085505269e-03
    endloop
  endfacet
  facet normal 1.534231007e-01 -6.869613528e-01 7.103136182e-01
    outer loop
      vertex 7.778053172e-03 -7.680227049e-03 9.085505269e-03
      vertex 7.001771126e-03 -8.657102473e-03 8.308417164e-03
      vertex 7.778254803e-03 -8.822681382e-03 7.980566472e-03
    endloop
  endfacet
  facet normal 3.820855618e-01 -6.424239278e-01 6.643057466e-01
    outer loop
      vertex 7.778053172e-03 -7.680227049e-03 9.085505269e-03
      vertex 7.778254803e-03 -8.822681382e-03 7.980566472e-03
      vertex 8.501555771e-03 -7.486589719e-03 8.856630884e-03
    endloop
  endfacet
  facet normal 3.820856810e-01 -6.424239278e-01 6.643056870e-01
    outer loop
      vertex 8.501555771e-03 -7.486589719e-03 8.856630884e-03
      vertex 7.778254803e-03 -8.822681382e-03 7.980566472e-03
      vertex 8.501752280e-03 -8.600265719e-03 7.779525593e-03
    endloop
  endfacet
  facet normal 6.080180407e-01 -5.518849492e-01 5.707338452e-01
    outer loop
      vertex 8.501555771e-03 -7.486589719e-03 8.856630884e-03
      vertex 8.501752280e-03 -8.600265719e-03 7.779525593e-03
      vertex 9.122812189e-03 -7.178657223e-03 8.492551744e-03
    endloop
  endfacet
  facet normal 6.080178022e-01 -5.518849492e-01 5.707340837e-01
    outer loop
      vertex 9.122812189e-03 -7.178657223e-03 8.492551744e-03
      vertex 8.501752280e-03 -8.600265719e-03 7.779525593e-03
      vertex 9.123000316e-03 -8.246554062e-03 7.459722925e-03
    endloop
  endfacet
  facet normal 7.927829623e-01 -4.236586094e-01 4.381877482e-01
    outer loop
      vertex 9.122812189e-03 -7.178657223e-03 8.492551744e-03
      vertex 9.123000316e-03 -8.246554062e-03 7.459722925e-03
      vertex 9.599484503e-03 -6.777415983e-03 8.018079214e-03
    endloop
  endfacet
  facet normal 7.927828431e-01 -4.236586690e-01 4.381880164e-01
    outer loop
      vertex 9.599484503e-03 -6.777415983e-03 8.018079214e-03
      vertex 9.123000316e-03 -8.246554062e-03 7.459722925e-03
      vertex 9.599662386e-03 -7.785652298e-03 7.042952348e-03
    endloop
  endfacet
  facet normal 9.236311913e-01 -2.663760185e-01 2.755888999e-01
    outer loop
      vertex 9.599484503e-03 -6.777415983e-03 8.018079214e-03
      vertex 9.599662386e-03 -7.785652298e-03 7.042952348e-03
      vertex 9.899088182e-03 -6.310209166e-03 7.465548813e-03
    endloop
  endfacet
  facet normal 9.236312509e-01 -2.663759887e-01 2.755887210e-01
    outer loop
      vertex 9.899088182e-03 -6.310209166e-03 7.465548813e-03
      vertex 9.599662386e-03 -7.785652298e-03 7.042952348e-03
      vertex 9.899253957e-03 -7.248968817e-03 6.557616405e-03
    endloop
  endfacet
  facet normal 9.914258122e-01 -9.075287730e-02 9.401503950e-02
    outer loop
      vertex 9.899088182e-03 -6.310209166e-03 7.465548813e-03
      vertex 9.899253957e-03 -7.248968817e-03 6.557616405e-03
      vertex 1.000120677e-02 -5.808875896e-03 6.872613914e-03
    endloop
  endfacet
  facet normal 9.914258122e-01 -9.075288475e-02 9.401505440e-02
    outer loop
      vertex 1.000120677e-02 -5.808875896e-03 6.872613914e-03
      vertex 9.899253957e-03 -7.248968817e-03 6.557616405e-03
      vertex 1.000135858e-02 -6.673078518e-03 6.036790088e-03
    endloop
  endfacet
  facet normal 1.305889785e-01 -5.577793121e-01 8.196516037e-01
    outer loop
      vertex 7.001378108e-03 -6.455846597e-03 1.011448260e-02
      vertex 7.001483347e-03 -7.038385142e-03 9.718043730e-03
      vertex 7.777823135e-03 -6.400692742e-03 1.002831012e-02
    endloop
  endfacet
  facet normal 1.632697731e-01 -5.852162838e-01 7.942700386e-01
    outer loop
      vertex 7.777823135e-03 -6.400692742e-03 1.002831012e-02
      vertex 7.001483347e-03 -7.038385142e-03 9.718043730e-03
      vertex 7.778053172e-03 -7.680227049e-03 9.085505269e-03
    endloop
  endfacet
  facet normal 3.820693195e-01 -5.481470823e-01 7.440146804e-01
    outer loop
      vertex 7.777823135e-03 -6.400692742e-03 1.002831012e-02
      vertex 7.778053172e-03 -7.680227049e-03 9.085505269e-03
      vertex 8.501331322e-03 -6.239285693e-03 9.775686078e-03
    endloop
  endfacet
  facet normal 3.820687830e-01 -5.481469631e-01 7.440150380e-01
    outer loop
      vertex 8.501331322e-03 -6.239285693e-03 9.775686078e-03
      vertex 7.778053172e-03 -7.680227049e-03 9.085505269e-03
      vertex 8.501555771e-03 -7.486589719e-03 8.856630884e-03
    endloop
  endfacet
  facet normal 6.080033183e-01 -4.708870351e-01 6.392162442e-01
    outer loop
      vertex 8.501331322e-03 -6.239285693e-03 9.775686078e-03
      vertex 8.501555771e-03 -7.486589719e-03 8.856630884e-03
      vertex 9.122597054e-03 -5.982626230e-03 9.373828769e-03
    endloop
  endfacet
  facet normal 6.080035567e-01 -4.708870649e-01 6.392159462e-01
    outer loop
      vertex 9.122597054e-03 -5.982626230e-03 9.373828769e-03
      vertex 8.501555771e-03 -7.486589719e-03 8.856630884e-03
      vertex 9.122812189e-03 -7.178657223e-03 8.492551744e-03
    endloop
  endfacet
  facet normal 7.927719355e-01 -3.614709079e-01 4.907661378e-01
    outer loop
      vertex 9.122597054e-03 -5.982626230e-03 9.373828769e-03
      vertex 9.122812189e-03 -7.178657223e-03 8.492551744e-03
      vertex 9.599281475e-03 -5.648203660e-03 8.850121871e-03
    endloop
  endfacet
  facet normal 7.927719355e-01 -3.614709079e-01 4.907661974e-01
    outer loop
      vertex 9.599281475e-03 -5.648203660e-03 8.850121871e-03
      vertex 9.122812189e-03 -7.178657223e-03 8.492551744e-03
      vertex 9.599484503e-03 -6.777415983e-03 8.018079214e-03
    endloop
  endfacet
  facet normal 9.236242175e-01 -2.272635847e-01 3.086576760e-01
    outer loop
      vertex 9.599281475e-03 -5.648203660e-03 8.850121871e-03
      vertex 9.599484503e-03 -6.777415983e-03 8.018079214e-03
      vertex 9.898900054e-03 -5.258809775e-03 8.240256459e-03
    endloop
  endfacet
  facet normal 9.236242175e-01 -2.272635847e-01 3.086576760e-01
    outer loop
      vertex 9.898900054e-03 -5.258809775e-03 8.240256459e-03
      vertex 9.599484503e-03 -6.777415983e-03 8.018079214e-03
      vertex 9.899088182e-03 -6.310209166e-03 7.465548813e-03
    endloop
  endfacet
  facet normal 9.914234281e-01 -7.740852982e-02 1.052973792e-01
    outer loop
      vertex 9.898900054e-03 -5.258809775e-03 8.240256459e-03
      vertex 9.899088182e-03 -6.310209166e-03 7.465548813e-03
      vertex 1.000103261e-02 -4.840979818e-03 7.585792802e-03
    endloop
  endfacet
  facet normal 9.914234281e-01 -7.740852982e-02 1.052974239e-01
    outer loop
      vertex 1.000103261e-02 -4.840979818e-03 7.585792802e-03
      vertex 9.899088182e-03 -6.310209166e-03 7.465548813e-03
      vertex 1.000120677e-02 -5.808875896e-03 6.872613914e-03
    endloop
  endfacet
  facet normal 1.306172758e-01 -4.232967198e-01 8.965260983e-01
    outer loop
      vertex 7.001121528e-03 -5.050089676e-03 1.088489313e-02
      vertex 7.001148071e-03 -5.194431171e-03 1.081673801e-02
      vertex 7.777568884e-03 -5.006911233e-03 1.079215761e-02
    endloop
  endfacet
  facet normal 1.423670352e-01 -4.756828845e-01 8.680192232e-01
    outer loop
      vertex 7.777568884e-03 -5.006911233e-03 1.079215761e-02
      vertex 7.001148071e-03 -5.194431171e-03 1.081673801e-02
      vertex 7.777823135e-03 -6.400692742e-03 1.002831012e-02
    endloop
  endfacet
  facet normal 3.820501566e-01 -4.440872371e-01 8.104469180e-01
    outer loop
      vertex 7.777568884e-03 -5.006911233e-03 1.079215761e-02
      vertex 7.777823135e-03 -6.400692742e-03 1.002831012e-02
      vertex 8.501083590e-03 -4.880613647e-03 1.052029338e-02
    endloop
  endfacet
  facet normal 3.820504546e-01 -4.440873265e-01 8.104467392e-01
    outer loop
      vertex 8.501083590e-03 -4.880613647e-03 1.052029338e-02
      vertex 7.777823135e-03 -6.400692742e-03 1.002831012e-02
      vertex 8.501331322e-03 -6.239285693e-03 9.775686078e-03
    endloop
  endfacet
  facet normal 6.079871655e-01 -3.814842999e-01 6.962911487e-01
    outer loop
      vertex 8.501083590e-03 -4.880613647e-03 1.052029338e-02
      vertex 8.501331322e-03 -6.239285693e-03 9.775686078e-03
      vertex 9.122359566e-03 -4.679803737e-03 1.008782722e-02
    endloop
  endfacet
  facet normal 6.079871058e-01 -3.814842701e-01 6.962912083e-01
    outer loop
      vertex 9.122359566e-03 -4.679803737e-03 1.008782722e-02
      vertex 8.501331322e-03 -6.239285693e-03 9.775686078e-03
      vertex 9.122597054e-03 -5.982626230e-03 9.373828769e-03
    endloop
  endfacet
  facet normal 7.927594185e-01 -2.928301096e-01 5.345867872e-01
    outer loop
      vertex 9.122359566e-03 -4.679803737e-03 1.008782722e-02
      vertex 9.122597054e-03 -5.982626230e-03 9.373828769e-03
      vertex 9.599057026e-03 -4.418166820e-03 9.524230845e-03
    endloop
  endfacet
  facet normal 7.927595377e-01 -2.928301394e-01 5.345866084e-01
    outer loop
      vertex 9.599057026e-03 -4.418166820e-03 9.524230845e-03
      vertex 9.122597054e-03 -5.982626230e-03 9.373828769e-03
      vertex 9.599281475e-03 -5.648203660e-03 8.850121871e-03
    endloop
  endfacet
  facet normal 9.236164093e-01 -1.840924621e-01 3.362182379e-01
    outer loop
      vertex 9.599057026e-03 -4.418166820e-03 9.524230845e-03
      vertex 9.599281475e-03 -5.648203660e-03 8.850121871e-03
      vertex 9.898690507e-03 -4.113533534e-03 8.867912926e-03
    endloop
  endfacet
  facet normal 9.236164093e-01 -1.840924621e-01 3.362182379e-01
    outer loop
      vertex 9.898690507e-03 -4.113533534e-03 8.867912926e-03
      vertex 9.599281475e-03 -5.648203660e-03 8.850121871e-03
      vertex 9.898900054e-03 -5.258809775e-03 8.240256459e-03
    endloop
  endfacet
  facet normal 9.914207458e-01 -6.267948449e-02 1.147004366e-01
    outer loop
      vertex 9.898690507e-03 -4.113533534e-03 8.867912926e-03
      vertex 9.898900054e-03 -5.258809775e-03 8.240256459e-03
      vertex 1.000083983e-02 -3.786662361e-03 8.163600229e-03
    endloop
  endfacet
  facet normal 9.914207458e-01 -6.267948449e-02 1.147004515e-01
    outer loop
      vertex 1.000083983e-02 -3.786662361e-03 8.163600229e-03
      vertex 9.898900054e-03 -5.258809775e-03 8.240256459e-03
      vertex 1.000103261e-02 -4.840979818e-03 7.585792802e-03
    endloop
  endfacet
  facet normal 9.914178252e-01 -4.682853073e-02 1.220564321e-01
    outer loop
      vertex 1.000083983e-02 -3.786662361e-03 8.163600229e-03
      vertex 1.000063308e-02 -2.664738102e-03 8.595726453e-03
      vertex 9.898690507e-03 -4.113533534e-03 8.867912926e-03
    endloop
  endfacet
  facet normal 9.914178252e-01 -4.682852700e-02 1.220564470e-01
    outer loop
      vertex 9.898690507e-03 -4.113533534e-03 8.867912926e-03
      vertex 1.000063308e-02 -2.664738102e-03 8.595726453e-03
      vertex 9.898465127e-03 -2.894816920e-03 9.337319992e-03
    endloop
  endfacet
  facet normal 9.236078858e-01 -1.376329511e-01 3.577787578e-01
    outer loop
      vertex 9.898690507e-03 -4.113533534e-03 8.867912926e-03
      vertex 9.898465127e-03 -2.894816920e-03 9.337319992e-03
      vertex 9.599057026e-03 -4.418166820e-03 9.524230845e-03
    endloop
  endfacet
  facet normal 9.236078858e-01 -1.376329511e-01 3.577787280e-01
    outer loop
      vertex 9.599057026e-03 -4.418166820e-03 9.524230845e-03
      vertex 9.898465127e-03 -2.894816920e-03 9.337319992e-03
      vertex 9.598814882e-03 -3.109255107e-03 1.002837718e-02
    endloop
  endfacet
  facet normal 7.927458286e-01 -2.189610153e-01 5.688673854e-01
    outer loop
      vertex 9.599057026e-03 -4.418166820e-03 9.524230845e-03
      vertex 9.598814882e-03 -3.109255107e-03 1.002837718e-02
      vertex 9.122359566e-03 -4.679803737e-03 1.008782722e-02
    endloop
  endfacet
  facet normal 7.927457094e-01 -2.189609706e-01 5.688675642e-01
    outer loop
      vertex 9.122359566e-03 -4.679803737e-03 1.008782722e-02
      vertex 9.598814882e-03 -3.109255107e-03 1.002837718e-02
      vertex 9.122103453e-03 -3.293439280e-03 1.062180568e-02
    endloop
  endfacet
  facet normal 6.079694629e-01 -2.852716148e-01 7.409408092e-01
    outer loop
      vertex 9.122359566e-03 -4.679803737e-03 1.008782722e-02
      vertex 9.122103453e-03 -3.293439280e-03 1.062180568e-02
      vertex 8.501083590e-03 -4.880613647e-03 1.052029338e-02
    endloop
  endfacet
  facet normal 6.079695821e-01 -2.852716744e-01 7.409406304e-01
    outer loop
      vertex 8.501083590e-03 -4.880613647e-03 1.052029338e-02
      vertex 9.122103453e-03 -3.293439280e-03 1.062180568e-02
      vertex 8.500816301e-03 -3.434817540e-03 1.107716281e-02
    endloop
  endfacet
  facet normal 3.820295930e-01 -3.321015537e-01 8.624163270e-01
    outer loop
      vertex 8.501083590e-03 -4.880613647e-03 1.052029338e-02
      vertex 8.500816301e-03 -3.434817540e-03 1.107716281e-02
      vertex 7.777568884e-03 -5.006911233e-03 1.079215761e-02
    endloop
  endfacet
  facet normal 3.820298612e-01 -3.321016729e-01 8.624161482e-01
    outer loop
      vertex 7.777568884e-03 -5.006911233e-03 1.079215761e-02
      vertex 8.500816301e-03 -3.434817540e-03 1.107716281e-02
      vertex 7.777294610e-03 -3.523754887e-03 1.136341691e-02
    endloop
  endfacet
  facet normal 1.303212643e-01 -3.563393652e-01 9.252235293e-01
    outer loop
      vertex 7.777568884e-03 -5.006911233e-03 1.079215761e-02
      vertex 7.777294610e-03 -3.523754887e-03 1.136341691e-02
      vertex 7.001121528e-03 -5.050089676e-03 1.088489313e-02
    endloop
  endfacet
  facet normal 1.303203702e-01 -3.563390076e-01 9.252238274e-01
    outer loop
      vertex 7.001121528e-03 -5.050089676e-03 1.088489313e-02
      vertex 7.777294610e-03 -3.523754887e-03 1.136341691e-02
      vertex 7.000844926e-03 -3.554190509e-03 1.146106049e-02
    endloop
  endfacet
  facet normal 1.304162294e-01 -2.143149823e-01 9.680189490e-01
    outer loop
      vertex 7.000553422e-03 -1.994842896e-03 1.183270290e-02
      vertex 7.000776473e-03 -3.184238682e-03 1.156934630e-02
      vertex 7.777005434e-03 -1.977690496e-03 1.173189376e-02
    endloop
  endfacet
  facet normal 1.547316760e-01 -2.290187925e-01 9.610455036e-01
    outer loop
      vertex 7.777005434e-03 -1.977690496e-03 1.173189376e-02
      vertex 7.000776473e-03 -3.184238682e-03 1.156934630e-02
      vertex 7.777294610e-03 -3.523754887e-03 1.136341691e-02
    endloop
  endfacet
  facet normal 3.820075095e-01 -2.141879052e-01 8.989959955e-01
    outer loop
      vertex 7.777005434e-03 -1.977690496e-03 1.173189376e-02
      vertex 7.777294610e-03 -3.523754887e-03 1.136341691e-02
      vertex 8.500534110e-03 -1.927697915e-03 1.143635716e-02
    endloop
  endfacet
  facet normal 3.820079565e-01 -2.141880989e-01 8.989957571e-01
    outer loop
      vertex 8.500534110e-03 -1.927697915e-03 1.143635716e-02
      vertex 7.777294610e-03 -3.523754887e-03 1.136341691e-02
      vertex 8.500816301e-03 -3.434817540e-03 1.107716281e-02
    endloop
  endfacet
  facet normal 6.079509258e-01 -1.839663535e-01 7.723678350e-01
    outer loop
      vertex 8.500534110e-03 -1.927697915e-03 1.143635716e-02
      vertex 8.500816301e-03 -3.434817540e-03 1.107716281e-02
      vertex 9.121833369e-03 -1.848272164e-03 1.096623484e-02
    endloop
  endfacet
  facet normal 6.079507470e-01 -1.839662790e-01 7.723679543e-01
    outer loop
      vertex 9.121833369e-03 -1.848272164e-03 1.096623484e-02
      vertex 8.500816301e-03 -3.434817540e-03 1.107716281e-02
      vertex 9.122103453e-03 -3.293439280e-03 1.062180568e-02
    endloop
  endfacet
  facet normal 7.927313447e-01 -1.411817521e-01 5.929964185e-01
    outer loop
      vertex 9.121833369e-03 -1.848272164e-03 1.096623484e-02
      vertex 9.122103453e-03 -3.293439280e-03 1.062180568e-02
      vertex 9.598559700e-03 -1.744825975e-03 1.035356428e-02
    endloop
  endfacet
  facet normal 7.927312255e-01 -1.411817074e-01 5.929965377e-01
    outer loop
      vertex 9.598559700e-03 -1.744825975e-03 1.035356428e-02
      vertex 9.122103453e-03 -3.293439280e-03 1.062180568e-02
      vertex 9.598814882e-03 -3.109255107e-03 1.002837718e-02
    endloop
  endfacet
  facet normal 9.235987663e-01 -8.871422708e-02 3.729546070e-01
    outer loop
      vertex 9.598559700e-03 -1.744825975e-03 1.035356428e-02
      vertex 9.598814882e-03 -3.109255107e-03 1.002837718e-02
      vertex 9.898227639e-03 -1.624408993e-03 9.640098549e-03
    endloop
  endfacet
  facet normal 9.235988259e-01 -8.871426433e-02 3.729544580e-01
    outer loop
      vertex 9.898227639e-03 -1.624408993e-03 9.640098549e-03
      vertex 9.598814882e-03 -3.109255107e-03 1.002837718e-02
      vertex 9.898465127e-03 -2.894816920e-03 9.337319992e-03
    endloop
  endfacet
  facet normal 9.914147258e-01 -3.013855405e-02 1.272341013e-01
    outer loop
      vertex 9.898227639e-03 -1.624408993e-03 9.640098549e-03
      vertex 9.898465127e-03 -2.894816920e-03 9.337319992e-03
      vertex 1.000041422e-02 -1.495227334e-03 8.874458261e-03
    endloop
  endfacet
  facet normal 9.914147258e-01 -3.013856895e-02 1.272340566e-01
    outer loop
      vertex 1.000041422e-02 -1.495227334e-03 8.874458261e-03
      vertex 9.898465127e-03 -2.894816920e-03 9.337319992e-03
      vertex 1.000063308e-02 -2.664738102e-03 8.595726453e-03
    endloop
  endfacet
  facet normal 1.305014193e-01 -6.091851741e-02 9.895747900e-01
    outer loop
      vertex 7.000252139e-03 -3.998734464e-04 1.199318934e-02
      vertex 7.000379730e-03 -1.072123297e-03 1.195178833e-02
      vertex 7.776706479e-03 -3.963078489e-04 1.189101301e-02
    endloop
  endfacet
  facet normal 1.628172398e-01 -9.874852747e-02 9.817022085e-01
    outer loop
      vertex 7.776706479e-03 -3.963078489e-04 1.189101301e-02
      vertex 7.000379730e-03 -1.072123297e-03 1.195178833e-02
      vertex 7.777005434e-03 -1.977690496e-03 1.173189376e-02
    endloop
  endfacet
  facet normal 3.819846809e-01 -9.245157987e-02 9.195327163e-01
    outer loop
      vertex 7.776706479e-03 -3.963078489e-04 1.189101301e-02
      vertex 7.777005434e-03 -1.977690496e-03 1.173189376e-02
      vertex 8.500242606e-03 -3.861498553e-04 1.159146894e-02
    endloop
  endfacet
  facet normal 3.819846213e-01 -9.245154262e-02 9.195327759e-01
    outer loop
      vertex 8.500242606e-03 -3.861498553e-04 1.159146894e-02
      vertex 7.777005434e-03 -1.977690496e-03 1.173189376e-02
      vertex 8.500534110e-03 -1.927697915e-03 1.143635716e-02
    endloop
  endfacet
  facet normal 6.079312563e-01 -7.937640697e-02 7.900120020e-01
    outer loop
      vertex 8.500242606e-03 -3.861498553e-04 1.159146894e-02
      vertex 8.500534110e-03 -1.927697915e-03 1.143635716e-02
      vertex 9.121553972e-03 -3.700916714e-04 1.111496985e-02
    endloop
  endfacet
  facet normal 6.079312563e-01 -7.937639207e-02 7.900120020e-01
    outer loop
      vertex 9.121553972e-03 -3.700916714e-04 1.111496985e-02
      vertex 8.500534110e-03 -1.927697915e-03 1.143635716e-02
      vertex 9.121833369e-03 -1.848272164e-03 1.096623484e-02
    endloop
  endfacet
  facet normal 7.927164435e-01 -6.088072434e-02 6.065428257e-01
    outer loop
      vertex 9.121553972e-03 -3.700916714e-04 1.111496985e-02
      vertex 9.121833369e-03 -1.848272164e-03 1.096623484e-02
      vertex 9.598296136e-03 -3.492277174e-04 1.049399003e-02
    endloop
  endfacet
  facet normal 7.927162051e-01 -6.088056415e-02 6.065431237e-01
    outer loop
      vertex 9.598296136e-03 -3.492277174e-04 1.049399003e-02
      vertex 9.121833369e-03 -1.848272164e-03 1.096623484e-02
      vertex 9.598559700e-03 -1.744825975e-03 1.035356428e-02
    endloop
  endfacet
  facet normal 9.235892296e-01 -3.820943460e-02 3.814747334e-01
    outer loop
      vertex 9.598296136e-03 -3.492277174e-04 1.049399003e-02
      vertex 9.598559700e-03 -1.744825975e-03 1.035356428e-02
      vertex 9.897981770e-03 -3.249797446e-04 9.770846926e-03
    endloop
  endfacet
  facet normal 9.235892296e-01 -3.820946440e-02 3.814746737e-01
    outer loop
      vertex 9.897981770e-03 -3.249797446e-04 9.770846926e-03
      vertex 9.598559700e-03 -1.744825975e-03 1.035356428e-02
      vertex 9.898227639e-03 -1.624408993e-03 9.640098549e-03
    endloop
  endfacet
  facet normal 9.914115071e-01 -1.290740725e-02 1.301409602e-01
    outer loop
      vertex 9.897981770e-03 -3.249797446e-04 9.770846926e-03
      vertex 9.898227639e-03 -1.624408993e-03 9.640098549e-03
      vertex 1.000018790e-02 -2.990002977e-04 8.994822390e-03
    endloop
  endfacet
  facet normal 9.914115071e-01 -1.290739700e-02 1.301409751e-01
    outer loop
      vertex 1.000018790e-02 -2.990002977e-04 8.994822390e-03
      vertex 9.898227639e-03 -1.624408993e-03 9.640098549e-03
      vertex 1.000041422e-02 -1.495227334e-03 8.874458261e-03
    endloop
  endfacet
  facet normal 1.305204928e-01 9.396128356e-02 9.869831204e-01
    outer loop
      vertex 6.999946199e-03 1.202255487e-03 1.193965413e-02
      vertex 6.999970414e-03 1.074337400e-03 1.195182931e-02
      vertex 7.776403334e-03 1.192173338e-03 1.183793414e-02
    endloop
  endfacet
  facet normal 1.401389241e-01 3.309321031e-02 9.895786643e-01
    outer loop
      vertex 7.776403334e-03 1.192173338e-03 1.183793414e-02
      vertex 6.999970414e-03 1.074337400e-03 1.195182931e-02
      vertex 7.776706479e-03 -3.963078489e-04 1.189101301e-02
    endloop
  endfacet
  facet normal 3.819617033e-01 3.093674779e-02 9.236602187e-01
    outer loop
      vertex 7.776403334e-03 1.192173338e-03 1.183793414e-02
      vertex 7.776706479e-03 -3.963078489e-04 1.189101301e-02
      vertex 8.499947377e-03 1.162318047e-03 1.153972652e-02
    endloop
  endfacet
  facet normal 3.819612265e-01 3.093700111e-02 9.236603975e-01
    outer loop
      vertex 8.499947377e-03 1.162318047e-03 1.153972652e-02
      vertex 7.776706479e-03 -3.963078489e-04 1.189101301e-02
      vertex 8.500242606e-03 -3.861498553e-04 1.159146894e-02
    endloop
  endfacet
  facet normal 6.079111695e-01 2.663279511e-02 7.935582399e-01
    outer loop
      vertex 8.499947377e-03 1.162318047e-03 1.153972652e-02
      vertex 8.500242606e-03 -3.861498553e-04 1.159146894e-02
      vertex 9.121269919e-03 1.114724204e-03 1.106535457e-02
    endloop
  endfacet
  facet normal 6.079111099e-01 2.663283050e-02 7.935582995e-01
    outer loop
      vertex 9.121269919e-03 1.114724204e-03 1.106535457e-02
      vertex 8.500242606e-03 -3.861498553e-04 1.159146894e-02
      vertex 9.121553972e-03 -3.700916714e-04 1.111496985e-02
    endloop
  endfacet
  facet normal 7.927007079e-01 2.050999179e-02 6.092658639e-01
    outer loop
      vertex 9.121269919e-03 1.114724204e-03 1.106535457e-02
      vertex 9.121553972e-03 -3.700916714e-04 1.111496985e-02
      vertex 9.598027915e-03 1.052635140e-03 1.044714730e-02
    endloop
  endfacet
  facet normal 7.927010059e-01 2.050976455e-02 6.092655659e-01
    outer loop
      vertex 9.598027915e-03 1.052635140e-03 1.044714730e-02
      vertex 9.121553972e-03 -3.700916714e-04 1.111496985e-02
      vertex 9.598296136e-03 -3.492277174e-04 1.049399003e-02
    endloop
  endfacet
  facet normal 9.235795736e-01 1.298042946e-02 3.831870258e-01
    outer loop
      vertex 9.598027915e-03 1.052635140e-03 1.044714730e-02
      vertex 9.598296136e-03 -3.492277174e-04 1.049399003e-02
      vertex 9.897733107e-03 9.802824352e-04 9.727232158e-03
    endloop
  endfacet
  facet normal 9.235795140e-01 1.298053656e-02 3.831871748e-01
    outer loop
      vertex 9.897733107e-03 9.802824352e-04 9.727232158e-03
      vertex 9.598296136e-03 -3.492277174e-04 1.049399003e-02
      vertex 9.897981770e-03 -3.249797446e-04 9.770846926e-03
    endloop
  endfacet
  facet normal 9.914081693e-01 4.557501059e-03 1.307252049e-01
    outer loop
      vertex 9.897733107e-03 9.802824352e-04 9.727232158e-03
      vertex 9.897981770e-03 -3.249797446e-04 9.770846926e-03
      vertex 9.999958798e-03 9.025964537e-04 8.954671212e-03
    endloop
  endfacet
  facet normal 9.914081693e-01 4.557502456e-03 1.307252049e-01
    outer loop
      vertex 9.999958798e-03 9.025964537e-04 8.954671212e-03
      vertex 9.897981770e-03 -3.249797446e-04 9.770846926e-03
      vertex 1.000018790e-02 -2.990002977e-04 8.994822390e-03
    endloop
  endfacet
  facet normal 9.914048314e-01 2.194436453e-02 1.289764047e-01
    outer loop
      vertex 9.999958798e-03 9.025964537e-04 8.954671212e-03
      vertex 9.999729693e-03 2.088120440e-03 8.754721843e-03
      vertex 9.897733107e-03 9.802824352e-04 9.727232158e-03
    endloop
  endfacet
  facet normal 9.914048314e-01 2.194437757e-02 1.289764047e-01
    outer loop
      vertex 9.897733107e-03 9.802824352e-04 9.727232158e-03
      vertex 9.999729693e-03 2.088120440e-03 8.754721843e-03
      vertex 9.897484444e-03 2.268085023e-03 9.510031901e-03
    endloop
  endfacet
  facet normal 9.235697985e-01 6.394179910e-02 3.780612350e-01
    outer loop
      vertex 9.897733107e-03 9.802824352e-04 9.727232158e-03
      vertex 9.897484444e-03 2.268085023e-03 9.510031901e-03
      vertex 9.598027915e-03 1.052635140e-03 1.044714730e-02
    endloop
  endfacet
  facet normal 9.235697985e-01 6.394179165e-02 3.780612350e-01
    outer loop
      vertex 9.598027915e-03 1.052635140e-03 1.044714730e-02
      vertex 9.897484444e-03 2.268085023e-03 9.510031901e-03
      vertex 9.597761557e-03 2.435746370e-03 1.021387242e-02
    endloop
  endfacet
  facet normal 7.926851511e-01 1.015368327e-01 6.011160016e-01
    outer loop
      vertex 9.598027915e-03 1.052635140e-03 1.044714730e-02
      vertex 9.597761557e-03 2.435746370e-03 1.021387242e-02
      vertex 9.121269919e-03 1.114724204e-03 1.106535457e-02
    endloop
  endfacet
  facet normal 7.926852703e-01 1.015367433e-01 6.011159420e-01
    outer loop
      vertex 9.121269919e-03 1.114724204e-03 1.106535457e-02
      vertex 9.597761557e-03 2.435746370e-03 1.021387242e-02
      vertex 9.120987728e-03 2.579678548e-03 1.081827655e-02
    endloop
  endfacet
  facet normal 6.078909039e-01 1.321679652e-01 7.829433084e-01
    outer loop
      vertex 9.121269919e-03 1.114724204e-03 1.106535457e-02
      vertex 9.120987728e-03 2.579678548e-03 1.081827655e-02
      vertex 8.499947377e-03 1.162318047e-03 1.153972652e-02
    endloop
  endfacet
  facet normal 6.078903675e-01 1.321683824e-01 7.829436660e-01
    outer loop
      vertex 8.499947377e-03 1.162318047e-03 1.153972652e-02
      vertex 9.120987728e-03 2.579678548e-03 1.081827655e-02
      vertex 8.499652147e-03 2.690073103e-03 1.128205564e-02
    endloop
  endfacet
  facet normal 3.819380999e-01 1.537741721e-01 9.113050103e-01
    outer loop
      vertex 8.499947377e-03 1.162318047e-03 1.153972652e-02
      vertex 8.499652147e-03 2.690073103e-03 1.128205564e-02
      vertex 7.776403334e-03 1.192173338e-03 1.183793414e-02
    endloop
  endfacet
  facet normal 3.819382787e-01 1.537740678e-01 9.113049507e-01
    outer loop
      vertex 7.776403334e-03 1.192173338e-03 1.183793414e-02
      vertex 8.499652147e-03 2.690073103e-03 1.128205564e-02
      vertex 7.776100654e-03 2.759406809e-03 1.157360524e-02
    endloop
  endfacet
  facet normal 1.302221566e-01 1.649190634e-01 9.776726961e-01
    outer loop
      vertex 7.776403334e-03 1.192173338e-03 1.183793414e-02
      vertex 7.776100654e-03 2.759406809e-03 1.157360524e-02
      vertex 6.999946199e-03 1.202255487e-03 1.193965413e-02
    endloop
  endfacet
  facet normal 1.302219331e-01 1.649191678e-01 9.776726961e-01
    outer loop
      vertex 6.999946199e-03 1.202255487e-03 1.193965413e-02
      vertex 7.776100654e-03 2.759406809e-03 1.157360524e-02
      vertex 6.999641191e-03 2.782954136e-03 1.167305373e-02
    endloop
  endfacet
  facet normal 1.303234249e-01 3.101474941e-01 9.417135119e-01
    outer loop
      vertex 6.999342702e-03 4.314014688e-03 1.119814720e-02
      vertex 6.999562494e-03 3.186467336e-03 1.156946737e-02
      vertex 7.775804959e-03 4.277424421e-03 1.110274345e-02
    endloop
  endfacet
  facet normal 1.559232920e-01 2.926616669e-01 9.434177876e-01
    outer loop
      vertex 7.775804959e-03 4.277424421e-03 1.110274345e-02
      vertex 6.999562494e-03 3.186467336e-03 1.156946737e-02
      vertex 7.776100654e-03 2.759406809e-03 1.157360524e-02
    endloop
  endfacet
  facet normal 3.819152117e-01 2.738682628e-01 8.826873302e-01
    outer loop
      vertex 7.775804959e-03 4.277424421e-03 1.110274345e-02
      vertex 7.776100654e-03 2.759406809e-03 1.157360524e-02
      vertex 8.499363437e-03 4.169852939e-03 1.082305424e-02
    endloop
  endfacet
  facet normal 3.819150031e-01 2.738683820e-01 8.826873899e-01
    outer loop
      vertex 8.499363437e-03 4.169852939e-03 1.082305424e-02
      vertex 7.776100654e-03 2.759406809e-03 1.157360524e-02
      vertex 8.499652147e-03 2.690073103e-03 1.128205564e-02
    endloop
  endfacet
  facet normal 6.078704000e-01 2.353473604e-01 7.583569288e-01
    outer loop
      vertex 8.499363437e-03 4.169852939e-03 1.082305424e-02
      vertex 8.499652147e-03 2.690073103e-03 1.128205564e-02
      vertex 9.120711125e-03 3.998629749e-03 1.037814282e-02
    endloop
  endfacet
  facet normal 6.078704000e-01 2.353473604e-01 7.583569288e-01
    outer loop
      vertex 9.120711125e-03 3.998629749e-03 1.037814282e-02
      vertex 8.499652147e-03 2.690073103e-03 1.128205564e-02
      vertex 9.120987728e-03 2.579678548e-03 1.081827655e-02
    endloop
  endfacet
  facet normal 7.926698923e-01 1.807547361e-01 5.822389126e-01
    outer loop
      vertex 9.120711125e-03 3.998629749e-03 1.037814282e-02
      vertex 9.120987728e-03 2.579678548e-03 1.081827655e-02
      vertex 9.597499855e-03 3.775424324e-03 9.798327461e-03
    endloop
  endfacet
  facet normal 7.926698923e-01 1.807547361e-01 5.822389126e-01
    outer loop
      vertex 9.597499855e-03 3.775424324e-03 9.798327461e-03
      vertex 9.120987728e-03 2.579678548e-03 1.081827655e-02
      vertex 9.597761557e-03 2.435746370e-03 1.021387242e-02
    endloop
  endfacet
  facet normal 9.235601425e-01 1.137653068e-01 3.661886454e-01
    outer loop
      vertex 9.597499855e-03 3.775424324e-03 9.798327461e-03
      vertex 9.597761557e-03 2.435746370e-03 1.021387242e-02
      vertex 9.897241369e-03 3.515447257e-03 9.123122320e-03
    endloop
  endfacet
  facet normal 9.235601425e-01 1.137653440e-01 3.661886752e-01
    outer loop
      vertex 9.897241369e-03 3.515447257e-03 9.123122320e-03
      vertex 9.597761557e-03 2.435746370e-03 1.021387242e-02
      vertex 9.897484444e-03 2.268085023e-03 9.510031901e-03
    endloop
  endfacet
  facet normal 9.914015532e-01 3.894309700e-02 1.249257773e-01
    outer loop
      vertex 9.897241369e-03 3.515447257e-03 9.123122320e-03
      vertex 9.897484444e-03 2.268085023e-03 9.510031901e-03
      vertex 9.999505244e-03 3.236415796e-03 8.398541249e-03
    endloop
  endfacet
  facet normal 9.914015532e-01 3.894307464e-02 1.249257550e-01
    outer loop
      vertex 9.999505244e-03 3.236415796e-03 8.398541249e-03
      vertex 9.897484444e-03 2.268085023e-03 9.510031901e-03
      vertex 9.999729693e-03 2.088120440e-03 8.754721843e-03
    endloop
  endfacet
  facet normal 1.304068416e-01 4.530379772e-01 8.819017410e-01
    outer loop
      vertex 6.999055855e-03 5.768115167e-03 1.052340679e-02
      vertex 6.999169011e-03 5.196688231e-03 1.081693545e-02
      vertex 7.775520440e-03 5.719138775e-03 1.043375023e-02
    endloop
  endfacet
  facet normal 1.622560024e-01 4.153662026e-01 8.950664401e-01
    outer loop
      vertex 7.775520440e-03 5.719138775e-03 1.043375023e-02
      vertex 6.999169011e-03 5.196688231e-03 1.081693545e-02
      vertex 7.775804959e-03 4.277424421e-03 1.110274345e-02
    endloop
  endfacet
  facet normal 3.818922341e-01 3.890768886e-01 8.383182287e-01
    outer loop
      vertex 7.775520440e-03 5.719138775e-03 1.043375023e-02
      vertex 7.775804959e-03 4.277424421e-03 1.110274345e-02
      vertex 8.499086834e-03 5.575250369e-03 1.017091330e-02
    endloop
  endfacet
  facet normal 3.818925917e-01 3.890766501e-01 8.383182287e-01
    outer loop
      vertex 8.499086834e-03 5.575250369e-03 1.017091330e-02
      vertex 7.775804959e-03 4.277424421e-03 1.110274345e-02
      vertex 8.499363437e-03 4.169852939e-03 1.082305424e-02
    endloop
  endfacet
  facet normal 6.078511477e-01 3.343285322e-01 7.202370763e-01
    outer loop
      vertex 8.499086834e-03 5.575250369e-03 1.017091330e-02
      vertex 8.499363437e-03 4.169852939e-03 1.082305424e-02
      vertex 9.120444767e-03 5.346256308e-03 9.752809070e-03
    endloop
  endfacet
  facet normal 6.078510284e-01 3.343286514e-01 7.202371359e-01
    outer loop
      vertex 9.120444767e-03 5.346256308e-03 9.752809070e-03
      vertex 8.499363437e-03 4.169852939e-03 1.082305424e-02
      vertex 9.120711125e-03 3.998629749e-03 1.037814282e-02
    endloop
  endfacet
  facet normal 7.926551104e-01 2.567495406e-01 5.529715419e-01
    outer loop
      vertex 9.120444767e-03 5.346256308e-03 9.752809070e-03
      vertex 9.120711125e-03 3.998629749e-03 1.037814282e-02
      vertex 9.597249329e-03 5.047762301e-03 9.207929485e-03
    endloop
  endfacet
  facet normal 7.926549911e-01 2.567497194e-01 5.529716611e-01
    outer loop
      vertex 9.597249329e-03 5.047762301e-03 9.207929485e-03
      vertex 9.120711125e-03 3.998629749e-03 1.037814282e-02
      vertex 9.597499855e-03 3.775424324e-03 9.798327461e-03
    endloop
  endfacet
  facet normal 9.235507846e-01 1.615617871e-01 3.477812111e-01
    outer loop
      vertex 9.597249329e-03 5.047762301e-03 9.207929485e-03
      vertex 9.597499855e-03 3.775424324e-03 9.798327461e-03
      vertex 9.897007607e-03 4.700109828e-03 8.573408239e-03
    endloop
  endfacet
  facet normal 9.235507846e-01 1.615617722e-01 3.477812111e-01
    outer loop
      vertex 9.897007607e-03 4.700109828e-03 8.573408239e-03
      vertex 9.597499855e-03 3.775424324e-03 9.798327461e-03
      vertex 9.897241369e-03 3.515447257e-03 9.123122320e-03
    endloop
  endfacet
  facet normal 9.913983345e-01 5.525021628e-02 1.186455861e-01
    outer loop
      vertex 9.897007607e-03 4.700109828e-03 8.573408239e-03
      vertex 9.897241369e-03 3.515447257e-03 9.123122320e-03
      vertex 9.999290109e-03 4.326990806e-03 7.892485708e-03
    endloop
  endfacet
  facet normal 9.913983345e-01 5.525019392e-02 1.186455712e-01
    outer loop
      vertex 9.999290109e-03 4.326990806e-03 7.892485708e-03
      vertex 9.897241369e-03 3.515447257e-03 9.123122320e-03
      vertex 9.999505244e-03 3.236415796e-03 8.398541249e-03
    endloop
  endfacet
  facet normal 1.304256618e-01 5.848710537e-01 8.005716801e-01
    outer loop
      vertex 6.998785771e-03 7.119307294e-03 9.660873562e-03
      vertex 6.998801604e-03 7.040683646e-03 9.718311019e-03
      vertex 7.775252685e-03 7.058820222e-03 9.578564204e-03
    endloop
  endfacet
  facet normal 1.378074288e-01 5.329525471e-01 8.348477483e-01
    outer loop
      vertex 7.775252685e-03 7.058820222e-03 9.578564204e-03
      vertex 6.998801604e-03 7.040683646e-03 9.718311019e-03
      vertex 7.775520440e-03 5.719138775e-03 1.043375023e-02
    endloop
  endfacet
  facet normal 3.818705082e-01 4.973439276e-01 7.789890766e-01
    outer loop
      vertex 7.775252685e-03 7.058820222e-03 9.578564204e-03
      vertex 7.775520440e-03 5.719138775e-03 1.043375023e-02
      vertex 8.498826064e-03 6.881185807e-03 9.337269701e-03
    endloop
  endfacet
  facet normal 3.818707168e-01 4.973437786e-01 7.789890170e-01
    outer loop
      vertex 8.498826064e-03 6.881185807e-03 9.337269701e-03
      vertex 7.775520440e-03 5.719138775e-03 1.043375023e-02
      vertex 8.499086834e-03 5.575250369e-03 1.017091330e-02
    endloop
  endfacet
  facet normal 6.078327298e-01 4.273461401e-01 6.692642570e-01
    outer loop
      vertex 8.498826064e-03 6.881185807e-03 9.337269701e-03
      vertex 8.499086834e-03 5.575250369e-03 1.017091330e-02
      vertex 9.120194241e-03 6.598509848e-03 8.953433484e-03
    endloop
  endfacet
  facet normal 6.078327298e-01 4.273461401e-01 6.692642570e-01
    outer loop
      vertex 9.120194241e-03 6.598509848e-03 8.953433484e-03
      vertex 8.499086834e-03 5.575250369e-03 1.017091330e-02
      vertex 9.120444767e-03 5.346256308e-03 9.752809070e-03
    endloop
  endfacet
  facet normal 7.926408052e-01 3.281657100e-01 5.138363838e-01
    outer loop
      vertex 9.120194241e-03 6.598509848e-03 8.953433484e-03
      vertex 9.120444767e-03 5.346256308e-03 9.752809070e-03
      vertex 9.597012773e-03 6.230055355e-03 8.453213610e-03
    endloop
  endfacet
  facet normal 7.926409245e-01 3.281654716e-01 5.138363242e-01
    outer loop
      vertex 9.597012773e-03 6.230055355e-03 8.453213610e-03
      vertex 9.120444767e-03 5.346256308e-03 9.752809070e-03
      vertex 9.597249329e-03 5.047762301e-03 9.207929485e-03
    endloop
  endfacet
  facet normal 9.235418439e-01 2.064782530e-01 3.231674135e-01
    outer loop
      vertex 9.597012773e-03 6.230055355e-03 8.453213610e-03
      vertex 9.597249329e-03 5.047762301e-03 9.207929485e-03
      vertex 9.896787815e-03 5.800932646e-03 7.870698348e-03
    endloop
  endfacet
  facet normal 9.235418439e-01 2.064782679e-01 3.231674135e-01
    outer loop
      vertex 9.896787815e-03 5.800932646e-03 7.870698348e-03
      vertex 9.597249329e-03 5.047762301e-03 9.207929485e-03
      vertex 9.897007607e-03 4.700109828e-03 8.573408239e-03
    endloop
  endfacet
  facet normal 9.913952947e-01 7.057473063e-02 1.102478579e-01
    outer loop
      vertex 9.896787815e-03 5.800932646e-03 7.870698348e-03
      vertex 9.897007607e-03 4.700109828e-03 8.573408239e-03
      vertex 9.999088012e-03 5.340385251e-03 7.245585788e-03
    endloop
  endfacet
  facet normal 9.913952947e-01 7.057476789e-02 1.102478728e-01
    outer loop
      vertex 9.999088012e-03 5.340385251e-03 7.245585788e-03
      vertex 9.897007607e-03 4.700109828e-03 8.573408239e-03
      vertex 9.999290109e-03 4.326990806e-03 7.892485708e-03
    endloop
  endfacet
  facet normal 9.913924336e-01 8.464324474e-02 9.988251328e-02
    outer loop
      vertex 9.999088012e-03 5.340385251e-03 7.245585788e-03
      vertex 9.998901747e-03 6.258513778e-03 6.469385698e-03
      vertex 9.896787815e-03 5.800932646e-03 7.870698348e-03
    endloop
  endfacet
  facet normal 9.913924336e-01 8.464325964e-02 9.988251328e-02
    outer loop
      vertex 9.896787815e-03 5.800932646e-03 7.870698348e-03
      vertex 9.998901747e-03 6.258513778e-03 6.469385698e-03
      vertex 9.896584786e-03 6.798271090e-03 7.027533371e-03
    endloop
  endfacet
  facet normal 9.235335588e-01 2.477133572e-01 2.927863896e-01
    outer loop
      vertex 9.896787815e-03 5.800932646e-03 7.870698348e-03
      vertex 9.896584786e-03 6.798271090e-03 7.027533371e-03
      vertex 9.597012773e-03 6.230055355e-03 8.453213610e-03
    endloop
  endfacet
  facet normal 9.235335588e-01 2.477132827e-01 2.927863598e-01
    outer loop
      vertex 9.597012773e-03 6.230055355e-03 8.453213610e-03
      vertex 9.896584786e-03 6.798271090e-03 7.027533371e-03
      vertex 9.596795775e-03 7.301205769e-03 7.547646761e-03
    endloop
  endfacet
  facet normal 7.926275730e-01 3.937281370e-01 4.655315876e-01
    outer loop
      vertex 9.597012773e-03 6.230055355e-03 8.453213610e-03
      vertex 9.596795775e-03 7.301205769e-03 7.547646761e-03
      vertex 9.120194241e-03 6.598509848e-03 8.953433484e-03
    endloop
  endfacet
  facet normal 7.926276326e-01 3.937280476e-01 4.655315578e-01
    outer loop
      vertex 9.120194241e-03 6.598509848e-03 8.953433484e-03
      vertex 9.596795775e-03 7.301205769e-03 7.547646761e-03
      vertex 9.119964205e-03 7.733043749e-03 7.994282059e-03
    endloop
  endfacet
  facet normal 6.078155041e-01 5.127393603e-01 6.063485742e-01
    outer loop
      vertex 9.120194241e-03 6.598509848e-03 8.953433484e-03
      vertex 9.119964205e-03 7.733043749e-03 7.994282059e-03
      vertex 8.498826064e-03 6.881185807e-03 9.337269701e-03
    endloop
  endfacet
  facet normal 6.078155637e-01 5.127393603e-01 6.063485742e-01
    outer loop
      vertex 8.498826064e-03 6.881185807e-03 9.337269701e-03
      vertex 9.119964205e-03 7.733043749e-03 7.994282059e-03
      vertex 8.498585783e-03 8.064355701e-03 8.337000385e-03
    endloop
  endfacet
  facet normal 3.818505108e-01 5.967365503e-01 7.057589293e-01
    outer loop
      vertex 8.498826064e-03 6.881185807e-03 9.337269701e-03
      vertex 8.498585783e-03 8.064355701e-03 8.337000385e-03
      vertex 7.775252685e-03 7.058820222e-03 9.578564204e-03
    endloop
  endfacet
  facet normal 3.818500638e-01 5.967368484e-01 7.057589293e-01
    outer loop
      vertex 7.775252685e-03 7.058820222e-03 9.578564204e-03
      vertex 8.498585783e-03 8.064355701e-03 8.337000385e-03
      vertex 7.775006816e-03 8.272563107e-03 8.552446961e-03
    endloop
  endfacet
  facet normal 1.301290393e-01 6.401392817e-01 7.571579218e-01
    outer loop
      vertex 7.775252685e-03 7.058820222e-03 9.578564204e-03
      vertex 7.775006816e-03 8.272563107e-03 8.552446961e-03
      vertex 6.998785771e-03 7.119307294e-03 9.660873562e-03
    endloop
  endfacet
  facet normal 1.301290244e-01 6.401392817e-01 7.571579218e-01
    outer loop
      vertex 6.998785771e-03 7.119307294e-03 9.660873562e-03
      vertex 7.775006816e-03 8.272563107e-03 8.552446961e-03
      vertex 6.998537574e-03 8.343478665e-03 8.625940420e-03
    endloop
  endfacet
  facet normal 1.302442998e-01 7.476130724e-01 6.512381434e-01
    outer loop
      vertex 6.998315454e-03 9.418784641e-03 7.437075023e-03
      vertex 6.998472847e-03 8.659454994e-03 8.308744989e-03
      vertex 7.774786092e-03 9.338709526e-03 7.373709697e-03
    endloop
  endfacet
  facet normal 1.570263356e-01 7.324533463e-01 6.624611616e-01
    outer loop
      vertex 7.774786092e-03 9.338709526e-03 7.373709697e-03
      vertex 6.998472847e-03 8.659454994e-03 8.308744989e-03
      vertex 7.775006816e-03 8.272563107e-03 8.552446961e-03
    endloop
  endfacet
  facet normal 3.818322420e-01 6.854819059e-01 6.199343801e-01
    outer loop
      vertex 7.774786092e-03 9.338709526e-03 7.373709697e-03
      vertex 7.775006816e-03 8.272563107e-03 8.552446961e-03
      vertex 8.498370647e-03 9.103645571e-03 7.187955081e-03
    endloop
  endfacet
  facet normal 3.818319142e-01 6.854821444e-01 6.199343801e-01
    outer loop
      vertex 8.498370647e-03 9.103645571e-03 7.187955081e-03
      vertex 7.775006816e-03 8.272563107e-03 8.552446961e-03
      vertex 8.498585783e-03 8.064355701e-03 8.337000385e-03
    endloop
  endfacet
  facet normal 6.078003049e-01 5.889848471e-01 5.326121449e-01
    outer loop
      vertex 8.498370647e-03 9.103645571e-03 7.187955081e-03
      vertex 8.498585783e-03 8.064355701e-03 8.337000385e-03
      vertex 9.119758382e-03 8.729611523e-03 6.892469246e-03
    endloop
  endfacet
  facet normal 6.077998877e-01 5.889852047e-01 5.326121449e-01
    outer loop
      vertex 9.119758382e-03 8.729611523e-03 6.892469246e-03
      vertex 8.498585783e-03 8.064355701e-03 8.337000385e-03
      vertex 9.119964205e-03 7.733043749e-03 7.994282059e-03
    endloop
  endfacet
  facet normal 7.926155925e-01 4.522674084e-01 4.089190066e-01
    outer loop
      vertex 9.119758382e-03 8.729611523e-03 6.892469246e-03
      vertex 9.119964205e-03 7.733043749e-03 7.994282059e-03
      vertex 9.596601129e-03 8.242098615e-03 6.507390179e-03
    endloop
  endfacet
  facet normal 7.926156521e-01 4.522672594e-01 4.089189768e-01
    outer loop
      vertex 9.596601129e-03 8.242098615e-03 6.507390179e-03
      vertex 9.119964205e-03 7.733043749e-03 7.994282059e-03
      vertex 9.596795775e-03 7.301205769e-03 7.547646761e-03
    endloop
  endfacet
  facet normal 9.235259891e-01 2.845312059e-01 2.571804523e-01
    outer loop
      vertex 9.596601129e-03 8.242098615e-03 6.507390179e-03
      vertex 9.596795775e-03 7.301205769e-03 7.547646761e-03
      vertex 9.896404110e-03 7.674328052e-03 6.058959290e-03
    endloop
  endfacet
  facet normal 9.235260487e-01 2.845309377e-01 2.571804225e-01
    outer loop
      vertex 9.896404110e-03 7.674328052e-03 6.058959290e-03
      vertex 9.596795775e-03 7.301205769e-03 7.547646761e-03
      vertex 9.896584786e-03 6.798271090e-03 7.027533371e-03
    endloop
  endfacet
  facet normal 9.913898706e-01 9.720463306e-02 8.773454279e-02
    outer loop
      vertex 9.896404110e-03 7.674328052e-03 6.058959290e-03
      vertex 9.896584786e-03 6.798271090e-03 7.027533371e-03
      vertex 9.998735040e-03 7.064993959e-03 5.577737000e-03
    endloop
  endfacet
  facet normal 9.913898706e-01 9.720464796e-02 8.773454279e-02
    outer loop
      vertex 9.998735040e-03 7.064993959e-03 5.577737000e-03
      vertex 9.896584786e-03 6.798271090e-03 7.027533371e-03
      vertex 9.998901747e-03 6.258513778e-03 6.469385698e-03
    endloop
  endfacet
  facet normal -1.000000000e+00 -1.904867095e-04 1.457708095e-05
    outer loop
      vertex -1.699923724e-02 -4.003238399e-03 1.720161151e-07
      vertex -1.699925214e-02 -3.841231577e-03 1.127105323e-03
      vertex -1.699999906e-02 -3.238274076e-06 2.477842997e-07
    endloop
  endfacet
  facet normal -1.000000000e+00 -1.904867095e-04 1.457708095e-05
    outer loop
      vertex -1.699954458e-02 -2.622623928e-03 -3.022799967e-03
      vertex -1.699938998e-02 -3.368211444e-03 -2.162379213e-03
      vertex -1.699999906e-02 -3.238274076e-06 2.477842997e-07
    endloop
  endfacet
  facet normal -1.000000000e+00 -1.904867095e-04 1.457708095e-05
    outer loop
      vertex -1.699999906e-02 -3.238274076e-06 2.477842997e-07
      vertex -1.699938998e-02 -3.368211444e-03 -2.162379213e-03
      vertex -1.699928567e-02 -3.841188736e-03 -1.126755029e-03
    endloop
  endfacet
  facet normal -1.000000000e+00 -1.904867095e-04 1.457708095e-05
    outer loop
      vertex -1.699999906e-02 -3.238274076e-06 2.477842997e-07
      vertex -1.699928567e-02 -3.841188736e-03 -1.126755029e-03
      vertex -1.699923724e-02 -4.003238399e-03 1.720161151e-07
    endloop
  endfacet
  facet normal -1.000000000e+00 -1.904867095e-04 1.457708095e-05
    outer loop
      vertex -1.700016670e-02 5.660960451e-04 -3.959027119e-03
      vertex -1.699994877e-02 -5.724226357e-04 -3.959048539e-03
      vertex -1.699999906e-02 -3.238274076e-06 2.477842997e-07
    endloop
  endfacet
  facet normal -1.000000000e+00 -1.904867095e-04 1.457708095e-05
    outer loop
      vertex -1.699999906e-02 -3.238274076e-06 2.477842997e-07
      vertex -1.699994877e-02 -5.724226357e-04 -3.959048539e-03
      vertex -1.699973643e-02 -1.664829324e-03 -3.638311522e-03
    endloop
  endfacet
  facet normal -1.000000000e+00 -1.904867095e-04 1.457708095e-05
    outer loop
      vertex -1.699999906e-02 -3.238274076e-06 2.477842997e-07
      vertex -1.699973643e-02 -1.664829324e-03 -3.638311522e-03
      vertex -1.699954458e-02 -2.622623928e-03 -3.022799967e-03
    endloop
  endfacet
  facet normal -1.000000000e+00 -1.904867095e-04 1.457708095e-05
    outer loop
      vertex -1.700067334e-02 3.361816751e-03 -2.162251621e-03
      vertex -1.700054295e-02 2.616261831e-03 -3.022700781e-03
      vertex -1.699999906e-02 -3.238274076e-06 2.477842997e-07
    endloop
  endfacet
  facet normal -1.000000000e+00 -1.904867095e-04 1.457708095e-05
    outer loop
      vertex -1.699999906e-02 -3.238274076e-06 2.477842997e-07
      vertex -1.700054295e-02 2.616261831e-03 -3.022700781e-03
      vertex -1.700036973e-02 1.658490626e-03 -3.638248658e-03
    endloop
  endfacet
  facet normal -1.000000000e+00 -1.904867095e-04 1.457708095e-05
    outer loop
      vertex -1.699999906e-02 -3.238274076e-06 2.477842997e-07
      vertex -1.700036973e-02 1.658490626e-03 -3.638248658e-03
      vertex -1.700016670e-02 5.660960451e-04 -3.959027119e-03
    endloop
  endfacet
  facet normal -1.000000000e+00 -1.904867095e-04 1.457708095e-05
    outer loop
      vertex -1.700071432e-02 3.834712319e-03 1.127250725e-03
      vertex -1.700076275e-02 3.996761981e-03 3.235525128e-07
      vertex -1.699999906e-02 -3.238274076e-06 2.477842997e-07
    endloop
  endfacet
  facet normal -1.000000000e+00 -1.904867095e-04 1.457708095e-05
    outer loop
      vertex -1.699999906e-02 -3.238274076e-06 2.477842997e-07
      vertex -1.700076275e-02 3.996761981e-03 3.235525128e-07
      vertex -1.700074784e-02 3.834754927e-03 -1.126609626e-03
    endloop
  endfacet
  facet normal -1.000000000e+00 -1.904867095e-04 1.457708095e-05
    outer loop
      vertex -1.699999906e-02 -3.238274076e-06 2.477842997e-07
      vertex -1.700074784e-02 3.834754927e-03 -1.126609626e-03
      vertex -1.700067334e-02 3.361816751e-03 -2.162251621e-03
    endloop
  endfacet
  facet normal -1.000000000e+00 -1.904867095e-04 1.457708095e-05
    outer loop
      vertex -1.700026356e-02 1.658352790e-03 3.638807219e-03
      vertex -1.700045541e-02 2.616147511e-03 3.023295663e-03
      vertex -1.699999906e-02 -3.238274076e-06 2.477842997e-07
    endloop
  endfacet
  facet normal -1.000000000e+00 -1.904867095e-04 1.457708095e-05
    outer loop
      vertex -1.699999906e-02 -3.238274076e-06 2.477842997e-07
      vertex -1.700045541e-02 2.616147511e-03 3.023295663e-03
      vertex -1.700061001e-02 3.361735027e-03 2.162874909e-03
    endloop
  endfacet
  facet normal -1.000000000e+00 -1.904867095e-04 1.457708095e-05
    outer loop
      vertex -1.699999906e-02 -3.238274076e-06 2.477842997e-07
      vertex -1.700061001e-02 3.361735027e-03 2.162874909e-03
      vertex -1.700071432e-02 3.834712319e-03 1.127250725e-03
    endloop
  endfacet
  facet normal -1.000000000e+00 -1.904867095e-04 1.457708095e-05
    outer loop
      vertex -1.699963026e-02 -1.664967160e-03 3.638744354e-03
      vertex -1.699983329e-02 -5.725725787e-04 3.959522583e-03
      vertex -1.699999906e-02 -3.238274076e-06 2.477842997e-07
    endloop
  endfacet
  facet normal -1.000000000e+00 -1.904867095e-04 1.457708095e-05
    outer loop
      vertex -1.699999906e-02 -3.238274076e-06 2.477842997e-07
      vertex -1.699983329e-02 -5.725725787e-04 3.959522583e-03
      vertex -1.700005122e-02 5.659460439e-04 3.959544469e-03
    endloop
  endfacet
  facet normal -1.000000000e+00 -1.904867095e-04 1.457708095e-05
    outer loop
      vertex -1.699999906e-02 -3.238274076e-06 2.477842997e-07
      vertex -1.700005122e-02 5.659460439e-04 3.959544469e-03
      vertex -1.700026356e-02 1.658352790e-03 3.638807219e-03
    endloop
  endfacet
  facet normal -1.000000000e+00 -1.904867095e-04 1.457708095e-05
    outer loop
      vertex -1.699925214e-02 -3.841231577e-03 1.127105323e-03
      vertex -1.699932665e-02 -3.368293401e-03 2.162747318e-03
      vertex -1.699999906e-02 -3.238274076e-06 2.477842997e-07
    endloop
  endfacet
  facet normal -1.000000000e+00 -1.904867095e-04 1.457708095e-05
    outer loop
      vertex -1.699999906e-02 -3.238274076e-06 2.477842997e-07
      vertex -1.699932665e-02 -3.368293401e-03 2.162747318e-03
      vertex -1.699945703e-02 -2.622738481e-03 3.023196477e-03
    endloop
  endfacet
  facet normal -1.000000000e+00 -1.904867095e-04 1.457708095e-05
    outer loop
      vertex -1.699999906e-02 -3.238274076e-06 2.477842997e-07
      vertex -1.699945703e-02 -2.622738481e-03 3.023196477e-03
      vertex -1.699963026e-02 -1.664967160e-03 3.638744354e-03
    endloop
  endfacet
  facet normal 1.000000000e+00 1.904867095e-04 -1.457708095e-05
    outer loop
      vertex 1.699923910e-02 4.003238399e-03 -1.720682690e-07
      vertex 1.699928567e-02 3.841188736e-03 1.126755145e-03
      vertex 1.700000092e-02 3.238274076e-06 -2.478364536e-07
    endloop
  endfacet
  facet normal 1.000000000e+00 1.904867095e-04 -1.457708095e-05
    outer loop
      vertex 1.699945703e-02 2.622738481e-03 -3.023196245e-03
      vertex 1.699932851e-02 3.368293401e-03 -2.162747318e-03
      vertex 1.700000092e-02 3.238274076e-06 -2.478364536e-07
    endloop
  endfacet
  facet normal 1.000000000e+00 1.904867095e-04 -1.457708095e-05
    outer loop
      vertex 1.700000092e-02 3.238274076e-06 -2.478364536e-07
      vertex 1.699932851e-02 3.368293401e-03 -2.162747318e-03
      vertex 1.699925214e-02 3.841231577e-03 -1.127105206e-03
    endloop
  endfacet
  facet normal 1.000000000e+00 1.904867095e-04 -1.457708095e-05
    outer loop
      vertex 1.700000092e-02 3.238274076e-06 -2.478364536e-07
      vertex 1.699925214e-02 3.841231577e-03 -1.127105206e-03
      vertex 1.699923910e-02 4.003238399e-03 -1.720682690e-07
    endloop
  endfacet
  facet normal 1.000000000e+00 1.904867095e-04 -1.457708095e-05
    outer loop
      vertex 1.700005122e-02 -5.659460439e-04 -3.959544003e-03
      vertex 1.699983515e-02 5.725725787e-04 -3.959522583e-03
      vertex 1.700000092e-02 3.238274076e-06 -2.478364536e-07
    endloop
  endfacet
  facet normal 1.000000000e+00 1.904867095e-04 -1.457708095e-05
    outer loop
      vertex 1.700000092e-02 3.238274076e-06 -2.478364536e-07
      vertex 1.699983515e-02 5.725725787e-04 -3.959522583e-03
      vertex 1.699963026e-02 1.664967160e-03 -3.638744121e-03
    endloop
  endfacet
  facet normal 1.000000000e+00 1.904867095e-04 -1.457708095e-05
    outer loop
      vertex 1.700000092e-02 3.238274076e-06 -2.478364536e-07
      vertex 1.699963026e-02 1.664967160e-03 -3.638744121e-03
      vertex 1.699945703e-02 2.622738481e-03 -3.023196245e-03
    endloop
  endfacet
  facet normal 1.000000000e+00 1.904867095e-04 -1.457708095e-05
    outer loop
      vertex 1.700061001e-02 -3.361735027e-03 -2.162874676e-03
      vertex 1.700045541e-02 -2.616147511e-03 -3.023295663e-03
      vertex 1.700000092e-02 3.238274076e-06 -2.478364536e-07
    endloop
  endfacet
  facet normal 1.000000000e+00 1.904867095e-04 -1.457708095e-05
    outer loop
      vertex 1.700000092e-02 3.238274076e-06 -2.478364536e-07
      vertex 1.700045541e-02 -2.616147511e-03 -3.023295663e-03
      vertex 1.700026356e-02 -1.658352790e-03 -3.638807219e-03
    endloop
  endfacet
  facet normal 1.000000000e+00 1.904867095e-04 -1.457708095e-05
    outer loop
      vertex 1.700000092e-02 3.238274076e-06 -2.478364536e-07
      vertex 1.700026356e-02 -1.658352790e-03 -3.638807219e-03
      vertex 1.700005122e-02 -5.659460439e-04 -3.959544003e-03
    endloop
  endfacet
  facet normal 1.000000000e+00 1.904867095e-04 -1.457708095e-05
    outer loop
      vertex 1.700074784e-02 -3.834754927e-03 1.126609743e-03
      vertex 1.700076275e-02 -3.996761981e-03 -3.236046666e-07
      vertex 1.700000092e-02 3.238274076e-06 -2.478364536e-07
    endloop
  endfacet
  facet normal 1.000000000e+00 1.904867095e-04 -1.457708095e-05
    outer loop
      vertex 1.700000092e-02 3.238274076e-06 -2.478364536e-07
      vertex 1.700076275e-02 -3.996761981e-03 -3.236046666e-07
      vertex 1.700071432e-02 -3.834712319e-03 -1.127250609e-03
    endloop
  endfacet
  facet normal 1.000000000e+00 1.904867095e-04 -1.457708095e-05
    outer loop
      vertex 1.700000092e-02 3.238274076e-06 -2.478364536e-07
      vertex 1.700071432e-02 -3.834712319e-03 -1.127250609e-03
      vertex 1.700061001e-02 -3.361735027e-03 -2.162874676e-03
    endloop
  endfacet
  facet normal 1.000000000e+00 1.904867095e-04 -1.457708095e-05
    outer loop
      vertex 1.700036973e-02 -1.658490626e-03 3.638248658e-03
      vertex 1.700054295e-02 -2.616261831e-03 3.022700781e-03
      vertex 1.700000092e-02 3.238274076e-06 -2.478364536e-07
    endloop
  endfacet
  facet normal 1.000000000e+00 1.904867095e-04 -1.457708095e-05
    outer loop
      vertex 1.700000092e-02 3.238274076e-06 -2.478364536e-07
      vertex 1.700054295e-02 -2.616261831e-03 3.022700781e-03
      vertex 1.700067334e-02 -3.361816751e-03 2.162251854e-03
    endloop
  endfacet
  facet normal 1.000000000e+00 1.904867095e-04 -1.457708095e-05
    outer loop
      vertex 1.700000092e-02 3.238274076e-06 -2.478364536e-07
      vertex 1.700067334e-02 -3.361816751e-03 2.162251854e-03
      vertex 1.700074784e-02 -3.834754927e-03 1.126609743e-03
    endloop
  endfacet
  facet normal 1.000000000e+00 1.904867095e-04 -1.457708095e-05
    outer loop
      vertex 1.699973643e-02 1.664829324e-03 3.638311522e-03
      vertex 1.699994877e-02 5.724226357e-04 3.959048539e-03
      vertex 1.700000092e-02 3.238274076e-06 -2.478364536e-07
    endloop
  endfacet
  facet normal 1.000000000e+00 1.904867095e-04 -1.457708095e-05
    outer loop
      vertex 1.700000092e-02 3.238274076e-06 -2.478364536e-07
      vertex 1.699994877e-02 5.724226357e-04 3.959048539e-03
      vertex 1.700016670e-02 -5.660960451e-04 3.959027119e-03
    endloop
  endfacet
  facet normal 1.000000000e+00 1.904867095e-04 -1.457708095e-05
    outer loop
      vertex 1.700000092e-02 3.238274076e-06 -2.478364536e-07
      vertex 1.700016670e-02 -5.660960451e-04 3.959027119e-03
      vertex 1.700036973e-02 -1.658490626e-03 3.638248658e-03
    endloop
  endfacet
  facet normal 1.000000000e+00 1.904867095e-04 -1.457708095e-05
    outer loop
      vertex 1.699928567e-02 3.841188736e-03 1.126755145e-03
      vertex 1.699939184e-02 3.368211444e-03 2.162379213e-03
      vertex 1.700000092e-02 3.238274076e-06 -2.478364536e-07
    endloop
  endfacet
  facet normal 1.000000000e+00 1.904867095e-04 -1.457708095e-05
    outer loop
      vertex 1.700000092e-02 3.238274076e-06 -2.478364536e-07
      vertex 1.699939184e-02 3.368211444e-03 2.162379213e-03
      vertex 1.699954458e-02 2.622623928e-03 3.022800200e-03
    endloop
  endfacet
  facet normal 1.000000000e+00 1.904867095e-04 -1.457708095e-05
    outer loop
      vertex 1.700000092e-02 3.238274076e-06 -2.478364536e-07
      vertex 1.699954458e-02 2.622623928e-03 3.022800200e-03
      vertex 1.699973643e-02 1.664829324e-03 3.638311522e-03
    endloop
  endfacet
  facet normal -7.036128640e-01 7.033447027e-01 1.011688560e-01
    outer loop
      vertex -1.600095257e-02 4.996952135e-03 3.279174621e-07
      vertex -1.700071432e-02 3.834712319e-03 1.127250725e-03
      vertex -1.600089297e-02 4.794389941e-03 1.408986864e-03
    endloop
  endfacet
  facet normal -7.035992146e-01 6.463492513e-01 2.952640355e-01
    outer loop
      vertex -1.600089297e-02 4.794389941e-03 1.408986864e-03
      vertex -1.700071432e-02 3.834712319e-03 1.127250725e-03
      vertex -1.700061001e-02 3.361735027e-03 2.162874909e-03
    endloop
  endfacet
  facet normal -7.035992146e-01 6.463491917e-01 2.952639759e-01
    outer loop
      vertex -1.600089297e-02 4.794389941e-03 1.408986864e-03
      vertex -1.700061001e-02 3.361735027e-03 2.162874909e-03
      vertex -1.600076072e-02 4.203168675e-03 2.703516977e-03
    endloop
  endfacet
  facet normal -7.035759091e-01 5.369794369e-01 4.654395580e-01
    outer loop
      vertex -1.600076072e-02 4.203168675e-03 2.703516977e-03
      vertex -1.700061001e-02 3.361735027e-03 2.162874909e-03
      vertex -1.700045541e-02 2.616147511e-03 3.023295663e-03
    endloop
  endfacet
  facet normal -7.035759687e-01 5.369794369e-01 4.654395282e-01
    outer loop
      vertex -1.600076072e-02 4.203168675e-03 2.703516977e-03
      vertex -1.700045541e-02 2.616147511e-03 3.023295663e-03
      vertex -1.600056887e-02 3.271184163e-03 3.779043211e-03
    endloop
  endfacet
  facet normal -7.035449147e-01 3.840959668e-01 5.979087353e-01
    outer loop
      vertex -1.600056887e-02 3.271184163e-03 3.779043211e-03
      vertex -1.700045541e-02 2.616147511e-03 3.023295663e-03
      vertex -1.700026356e-02 1.658352790e-03 3.638807219e-03
    endloop
  endfacet
  facet normal -7.035449147e-01 3.840959668e-01 5.979087353e-01
    outer loop
      vertex -1.600056887e-02 3.271184163e-03 3.779043211e-03
      vertex -1.700026356e-02 1.658352790e-03 3.638807219e-03
      vertex -1.600032859e-02 2.073941054e-03 4.548432771e-03
    endloop
  endfacet
  facet normal -7.035086155e-01 2.000845373e-01 6.819397211e-01
    outer loop
      vertex -1.600032859e-02 2.073941054e-03 4.548432771e-03
      vertex -1.700026356e-02 1.658352790e-03 3.638807219e-03
      vertex -1.700005122e-02 5.659460439e-04 3.959544469e-03
    endloop
  endfacet
  facet normal -7.035086155e-01 2.000845224e-01 6.819397211e-01
    outer loop
      vertex -1.600032859e-02 2.073941054e-03 4.548432771e-03
      vertex -1.700005122e-02 5.659460439e-04 3.959544469e-03
      vertex -1.600006223e-02 7.084326935e-04 4.949354101e-03
    endloop
  endfacet
  facet normal -7.034700513e-01 -1.474640885e-04 7.107248902e-01
    outer loop
      vertex -1.600006223e-02 7.084326935e-04 4.949354101e-03
      vertex -1.700005122e-02 5.659460439e-04 3.959544469e-03
      vertex -1.699983329e-02 -5.725725787e-04 3.959522583e-03
    endloop
  endfacet
  facet normal -7.034700513e-01 -1.474640885e-04 7.107248902e-01
    outer loop
      vertex -1.600006223e-02 7.084326935e-04 4.949354101e-03
      vertex -1.699983329e-02 -5.725725787e-04 3.959522583e-03
      vertex -1.599979214e-02 -7.147157448e-04 4.949327093e-03
    endloop
  endfacet
  facet normal -7.034323215e-01 -2.003783733e-01 6.819321513e-01
    outer loop
      vertex -1.599979214e-02 -7.147157448e-04 4.949327093e-03
      vertex -1.699983329e-02 -5.725725787e-04 3.959522583e-03
      vertex -1.699963026e-02 -1.664967160e-03 3.638744354e-03
    endloop
  endfacet
  facet normal -7.034323215e-01 -2.003783584e-01 6.819321513e-01
    outer loop
      vertex -1.599979214e-02 -7.147157448e-04 4.949327093e-03
      vertex -1.699963026e-02 -1.664967160e-03 3.638744354e-03
      vertex -1.599953696e-02 -2.080208855e-03 4.548354074e-03
    endloop
  endfacet
  facet normal -7.033985257e-01 -3.843866289e-01 5.978941917e-01
    outer loop
      vertex -1.599953696e-02 -2.080208855e-03 4.548354074e-03
      vertex -1.699963026e-02 -1.664967160e-03 3.638744354e-03
      vertex -1.699945703e-02 -2.622738481e-03 3.023196477e-03
    endloop
  endfacet
  facet normal -7.033985257e-01 -3.843866289e-01 5.978941917e-01
    outer loop
      vertex -1.599953696e-02 -2.080208855e-03 4.548354074e-03
      vertex -1.699945703e-02 -2.622738481e-03 3.023196477e-03
      vertex -1.599932089e-02 -3.277422860e-03 3.778919112e-03
    endloop
  endfacet
  facet normal -7.033712864e-01 -5.372650623e-01 4.654192030e-01
    outer loop
      vertex -1.599932089e-02 -3.277422860e-03 3.778919112e-03
      vertex -1.699945703e-02 -2.622738481e-03 3.023196477e-03
      vertex -1.699932665e-02 -3.368293401e-03 2.162747318e-03
    endloop
  endfacet
  facet normal -7.033712864e-01 -5.372651219e-01 4.654192030e-01
    outer loop
      vertex -1.599932089e-02 -3.277422860e-03 3.778919112e-03
      vertex -1.699932665e-02 -3.368293401e-03 2.162747318e-03
      vertex -1.599915884e-02 -4.209366627e-03 2.703357721e-03
    endloop
  endfacet
  facet normal -7.033529282e-01 -6.466283798e-01 2.952395082e-01
    outer loop
      vertex -1.599915884e-02 -4.209366627e-03 2.703357721e-03
      vertex -1.699932665e-02 -3.368293401e-03 2.162747318e-03
      vertex -1.699925214e-02 -3.841231577e-03 1.127105323e-03
    endloop
  endfacet
  facet normal -7.033529282e-01 -6.466284394e-01 2.952394783e-01
    outer loop
      vertex -1.599915884e-02 -4.209366627e-03 2.703357721e-03
      vertex -1.699925214e-02 -3.841231577e-03 1.127105323e-03
      vertex -1.599906571e-02 -4.800538998e-03 1.408805139e-03
    endloop
  endfacet
  facet normal -7.033448815e-01 -7.036164999e-01 1.011422575e-01
    outer loop
      vertex -1.599906571e-02 -4.800538998e-03 1.408805139e-03
      vertex -1.699925214e-02 -3.841231577e-03 1.127105323e-03
      vertex -1.699923724e-02 -4.003238399e-03 1.720161151e-07
    endloop
  endfacet
  facet normal -7.033448219e-01 -7.036165595e-01 1.011422053e-01
    outer loop
      vertex -1.599906571e-02 -4.800538998e-03 1.408805139e-03
      vertex -1.699923724e-02 -4.003238399e-03 1.720161151e-07
      vertex -1.599904709e-02 -5.003047641e-03 1.384969863e-07
    endloop
  endfacet
  facet normal -7.033478022e-01 -7.036127448e-01 -1.011484116e-01
    outer loop
      vertex -1.599904709e-02 -5.003047641e-03 1.384969863e-07
      vertex -1.699923724e-02 -4.003238399e-03 1.720161151e-07
      vertex -1.699928567e-02 -3.841188736e-03 -1.126755029e-03
    endloop
  endfacet
  facet normal -7.033478022e-01 -7.036126852e-01 -1.011483520e-01
    outer loop
      vertex -1.599904709e-02 -5.003047641e-03 1.384969863e-07
      vertex -1.699928567e-02 -3.841188736e-03 -1.126755029e-03
      vertex -1.599910669e-02 -4.800485913e-03 -1.408520271e-03
    endloop
  endfacet
  facet normal -7.033615112e-01 -6.466172338e-01 -2.952435315e-01
    outer loop
      vertex -1.599910669e-02 -4.800485913e-03 -1.408520271e-03
      vertex -1.699928567e-02 -3.841188736e-03 -1.126755029e-03
      vertex -1.699938998e-02 -3.368211444e-03 -2.162379213e-03
    endloop
  endfacet
  facet normal -7.033615708e-01 -6.466171741e-01 -2.952433825e-01
    outer loop
      vertex -1.599910669e-02 -4.800485913e-03 -1.408520271e-03
      vertex -1.699938998e-02 -3.368211444e-03 -2.162379213e-03
      vertex -1.599923708e-02 -4.209264182e-03 -2.703050850e-03
    endloop
  endfacet
  facet normal -7.033849359e-01 -5.372473598e-01 -4.654190242e-01
    outer loop
      vertex -1.599923708e-02 -4.209264182e-03 -2.703050850e-03
      vertex -1.699938998e-02 -3.368211444e-03 -2.162379213e-03
      vertex -1.699954458e-02 -2.622623928e-03 -3.022799967e-03
    endloop
  endfacet
  facet normal -7.033848763e-01 -5.372473598e-01 -4.654191136e-01
    outer loop
      vertex -1.599923708e-02 -4.209264182e-03 -2.703050850e-03
      vertex -1.699954458e-02 -2.622623928e-03 -3.022799967e-03
      vertex -1.599943079e-02 -3.277279902e-03 -3.778576618e-03
    endloop
  endfacet
  facet normal -7.034159303e-01 -3.843639791e-01 -5.978882313e-01
    outer loop
      vertex -1.599943079e-02 -3.277279902e-03 -3.778576618e-03
      vertex -1.699954458e-02 -2.622623928e-03 -3.022799967e-03
      vertex -1.699973643e-02 -1.664829324e-03 -3.638311522e-03
    endloop
  endfacet
  facet normal -7.034159899e-01 -3.843640089e-01 -5.978881717e-01
    outer loop
      vertex -1.599943079e-02 -3.277279902e-03 -3.778576618e-03
      vertex -1.699973643e-02 -1.664829324e-03 -3.638311522e-03
      vertex -1.599967107e-02 -2.080036560e-03 -4.547966179e-03
    endloop
  endfacet
  facet normal -7.034522295e-01 -2.003525048e-01 -6.819192171e-01
    outer loop
      vertex -1.599967107e-02 -2.080036560e-03 -4.547966179e-03
      vertex -1.699973643e-02 -1.664829324e-03 -3.638311522e-03
      vertex -1.699994877e-02 -5.724226357e-04 -3.959048539e-03
    endloop
  endfacet
  facet normal -7.034523487e-01 -2.003525943e-01 -6.819190979e-01
    outer loop
      vertex -1.599967107e-02 -2.080036560e-03 -4.547966179e-03
      vertex -1.699994877e-02 -5.724226357e-04 -3.959048539e-03
      vertex -1.599993557e-02 -7.145282580e-04 -4.948887508e-03
    endloop
  endfacet
  facet normal -7.034909129e-01 -1.205432782e-04 -7.107042670e-01
    outer loop
      vertex -1.599993557e-02 -7.145282580e-04 -4.948887508e-03
      vertex -1.699994877e-02 -5.724226357e-04 -3.959048539e-03
      vertex -1.700016670e-02 5.660960451e-04 -3.959027119e-03
    endloop
  endfacet
  facet normal -7.034909129e-01 -1.205432782e-04 -7.107042670e-01
    outer loop
      vertex -1.599993557e-02 -7.145282580e-04 -4.948887508e-03
      vertex -1.700016670e-02 5.660960451e-04 -3.959027119e-03
      vertex -1.600020751e-02 7.086201222e-04 -4.948860500e-03
    endloop
  endfacet
  facet normal -7.035286427e-01 2.001103014e-01 -6.819115281e-01
    outer loop
      vertex -1.600020751e-02 7.086201222e-04 -4.948860500e-03
      vertex -1.700016670e-02 5.660960451e-04 -3.959027119e-03
      vertex -1.700036973e-02 1.658490626e-03 -3.638248658e-03
    endloop
  endfacet
  facet normal -7.035285234e-01 2.001104504e-01 -6.819115877e-01
    outer loop
      vertex -1.600020751e-02 7.086201222e-04 -4.948860500e-03
      vertex -1.700036973e-02 1.658490626e-03 -3.638248658e-03
      vertex -1.600046083e-02 2.074113348e-03 -4.547887482e-03
    endloop
  endfacet
  facet normal -7.035623789e-01 3.841186166e-01 -5.978736281e-01
    outer loop
      vertex -1.600046083e-02 2.074113348e-03 -4.547887482e-03
      vertex -1.700036973e-02 1.658490626e-03 -3.638248658e-03
      vertex -1.700054295e-02 2.616261831e-03 -3.022700781e-03
    endloop
  endfacet
  facet normal -7.035623193e-01 3.841186464e-01 -5.978736281e-01
    outer loop
      vertex -1.600046083e-02 2.074113348e-03 -4.547887482e-03
      vertex -1.700054295e-02 2.616261831e-03 -3.022700781e-03
      vertex -1.600067876e-02 3.271327354e-03 -3.778452519e-03
    endloop
  endfacet
  facet normal -7.035894990e-01 5.369970202e-01 -4.653986990e-01
    outer loop
      vertex -1.600067876e-02 3.271327354e-03 -3.778452519e-03
      vertex -1.700054295e-02 2.616261831e-03 -3.022700781e-03
      vertex -1.700067334e-02 3.361816751e-03 -2.162251621e-03
    endloop
  endfacet
  facet normal -7.035895586e-01 5.369969606e-01 -4.653987288e-01
    outer loop
      vertex -1.600067876e-02 3.271327354e-03 -3.778452519e-03
      vertex -1.700067334e-02 3.361816751e-03 -2.162251621e-03
      vertex -1.600084081e-02 4.203271121e-03 -2.702891361e-03
    endloop
  endfacet
  facet normal -7.036079168e-01 6.463603377e-01 -2.952190042e-01
    outer loop
      vertex -1.600084081e-02 4.203271121e-03 -2.702891361e-03
      vertex -1.700067334e-02 3.361816751e-03 -2.162251621e-03
      vertex -1.700074784e-02 3.834754927e-03 -1.126609626e-03
    endloop
  endfacet
  facet normal -7.036077976e-01 6.463604569e-01 -2.952189147e-01
    outer loop
      vertex -1.600084081e-02 4.203271121e-03 -2.702891361e-03
      vertex -1.700074784e-02 3.834754927e-03 -1.126609626e-03
      vertex -1.600093395e-02 4.794443492e-03 -1.408338547e-03
    endloop
  endfacet
  facet normal -7.036158442e-01 7.033485174e-01 -1.011217609e-01
    outer loop
      vertex -1.600093395e-02 4.794443492e-03 -1.408338547e-03
      vertex -1.700074784e-02 3.834754927e-03 -1.126609626e-03
      vertex -1.700076275e-02 3.996761981e-03 3.235525128e-07
    endloop
  endfacet
  facet normal -7.036157846e-01 7.033485770e-01 -1.011217088e-01
    outer loop
      vertex -1.600093395e-02 4.794443492e-03 -1.408338547e-03
      vertex -1.700076275e-02 3.996761981e-03 3.235525128e-07
      vertex -1.600095257e-02 4.996952135e-03 3.279174621e-07
    endloop
  endfacet
  facet normal -7.036128640e-01 7.033447027e-01 1.011689156e-01
    outer loop
      vertex -1.600095257e-02 4.996952135e-03 3.279174621e-07
      vertex -1.700076275e-02 3.996761981e-03 3.235525128e-07
      vertex -1.700071432e-02 3.834712319e-03 1.127250725e-03
    endloop
  endfacet
  facet normal 7.036158442e-01 -7.033485174e-01 1.011216938e-01
    outer loop
      vertex 1.600095257e-02 -4.996952135e-03 -3.279696159e-07
      vertex 1.700074784e-02 -3.834754927e-03 1.126609743e-03
      vertex 1.600093395e-02 -4.794443492e-03 1.408338663e-03
    endloop
  endfacet
  facet normal 7.036077976e-01 -6.463603973e-01 2.952190340e-01
    outer loop
      vertex 1.600093395e-02 -4.794443492e-03 1.408338663e-03
      vertex 1.700074784e-02 -3.834754927e-03 1.126609743e-03
      vertex 1.700067334e-02 -3.361816751e-03 2.162251854e-03
    endloop
  endfacet
  facet normal 7.036078572e-01 -6.463603973e-01 2.952189744e-01
    outer loop
      vertex 1.600093395e-02 -4.794443492e-03 1.408338663e-03
      vertex 1.700067334e-02 -3.361816751e-03 2.162251854e-03
      vertex 1.600084081e-02 -4.203271121e-03 2.702891128e-03
    endloop
  endfacet
  facet normal 7.035894990e-01 -5.369970798e-01 4.653986990e-01
    outer loop
      vertex 1.600084081e-02 -4.203271121e-03 2.702891128e-03
      vertex 1.700067334e-02 -3.361816751e-03 2.162251854e-03
      vertex 1.700054295e-02 -2.616261831e-03 3.022700781e-03
    endloop
  endfacet
  facet normal 7.035894990e-01 -5.369970798e-01 4.653986692e-01
    outer loop
      vertex 1.600084081e-02 -4.203271121e-03 2.702891128e-03
      vertex 1.700054295e-02 -2.616261831e-03 3.022700781e-03
      vertex 1.600067876e-02 -3.271327354e-03 3.778452752e-03
    endloop
  endfacet
  facet normal 7.035623193e-01 -3.841186166e-01 5.978736877e-01
    outer loop
      vertex 1.600067876e-02 -3.271327354e-03 3.778452752e-03
      vertex 1.700054295e-02 -2.616261831e-03 3.022700781e-03
      vertex 1.700036973e-02 -1.658490626e-03 3.638248658e-03
    endloop
  endfacet
  facet normal 7.035623193e-01 -3.841186166e-01 5.978736877e-01
    outer loop
      vertex 1.600067876e-02 -3.271327354e-03 3.778452752e-03
      vertex 1.700036973e-02 -1.658490626e-03 3.638248658e-03
      vertex 1.600046270e-02 -2.074113348e-03 4.547887482e-03
    endloop
  endfacet
  facet normal 7.035285234e-01 -2.001103610e-01 6.819116473e-01
    outer loop
      vertex 1.600046270e-02 -2.074113348e-03 4.547887482e-03
      vertex 1.700036973e-02 -1.658490626e-03 3.638248658e-03
      vertex 1.700016670e-02 -5.660960451e-04 3.959027119e-03
    endloop
  endfacet
  facet normal 7.035285234e-01 -2.001103461e-01 6.819116473e-01
    outer loop
      vertex 1.600046270e-02 -2.074113348e-03 4.547887482e-03
      vertex 1.700016670e-02 -5.660960451e-04 3.959027119e-03
      vertex 1.600020751e-02 -7.086201222e-04 4.948860500e-03
    endloop
  endfacet
  facet normal 7.034907937e-01 1.205432563e-04 7.107043862e-01
    outer loop
      vertex 1.600020751e-02 -7.086201222e-04 4.948860500e-03
      vertex 1.700016670e-02 -5.660960451e-04 3.959027119e-03
      vertex 1.699994877e-02 5.724226357e-04 3.959048539e-03
    endloop
  endfacet
  facet normal 7.034907937e-01 1.205432563e-04 7.107043862e-01
    outer loop
      vertex 1.600020751e-02 -7.086201222e-04 4.948860500e-03
      vertex 1.699994877e-02 5.724226357e-04 3.959048539e-03
      vertex 1.599993743e-02 7.145282580e-04 4.948887508e-03
    endloop
  endfacet
  facet normal 7.034522295e-01 2.003525347e-01 6.819192171e-01
    outer loop
      vertex 1.599993743e-02 7.145282580e-04 4.948887508e-03
      vertex 1.699994877e-02 5.724226357e-04 3.959048539e-03
      vertex 1.699973643e-02 1.664829324e-03 3.638311522e-03
    endloop
  endfacet
  facet normal 7.034522295e-01 2.003525198e-01 6.819192171e-01
    outer loop
      vertex 1.599993743e-02 7.145282580e-04 4.948887508e-03
      vertex 1.699973643e-02 1.664829324e-03 3.638311522e-03
      vertex 1.599967107e-02 2.080036560e-03 4.547966179e-03
    endloop
  endfacet
  facet normal 7.034159303e-01 3.843639791e-01 5.978882313e-01
    outer loop
      vertex 1.599967107e-02 2.080036560e-03 4.547966179e-03
      vertex 1.699973643e-02 1.664829324e-03 3.638311522e-03
      vertex 1.699954458e-02 2.622623928e-03 3.022800200e-03
    endloop
  endfacet
  facet normal 7.034159303e-01 3.843639791e-01 5.978882313e-01
    outer loop
      vertex 1.599967107e-02 2.080036560e-03 4.547966179e-03
      vertex 1.699954458e-02 2.622623928e-03 3.022800200e-03
      vertex 1.599943079e-02 3.277279902e-03 3.778576618e-03
    endloop
  endfacet
  facet normal 7.033848763e-01 5.372474194e-01 4.654190540e-01
    outer loop
      vertex 1.599943079e-02 3.277279902e-03 3.778576618e-03
      vertex 1.699954458e-02 2.622623928e-03 3.022800200e-03
      vertex 1.699939184e-02 3.368211444e-03 2.162379213e-03
    endloop
  endfacet
  facet normal 7.033848763e-01 5.372474790e-01 4.654190242e-01
    outer loop
      vertex 1.599943079e-02 3.277279902e-03 3.778576618e-03
      vertex 1.699939184e-02 3.368211444e-03 2.162379213e-03
      vertex 1.599923894e-02 4.209264182e-03 2.703050617e-03
    endloop
  endfacet
  facet normal 7.033615708e-01 6.466171741e-01 2.952435017e-01
    outer loop
      vertex 1.599923894e-02 4.209264182e-03 2.703050617e-03
      vertex 1.699939184e-02 3.368211444e-03 2.162379213e-03
      vertex 1.699928567e-02 3.841188736e-03 1.126755145e-03
    endloop
  endfacet
  facet normal 7.033615112e-01 6.466172338e-01 2.952434719e-01
    outer loop
      vertex 1.599923894e-02 4.209264182e-03 2.703050617e-03
      vertex 1.699928567e-02 3.841188736e-03 1.126755145e-03
      vertex 1.599910669e-02 4.800485913e-03 1.408520387e-03
    endloop
  endfacet
  facet normal 7.033478618e-01 7.036126852e-01 1.011483967e-01
    outer loop
      vertex 1.599910669e-02 4.800485913e-03 1.408520387e-03
      vertex 1.699928567e-02 3.841188736e-03 1.126755145e-03
      vertex 1.699923910e-02 4.003238399e-03 -1.720682690e-07
    endloop
  endfacet
  facet normal 7.033478022e-01 7.036127448e-01 1.011483520e-01
    outer loop
      vertex 1.599910669e-02 4.800485913e-03 1.408520387e-03
      vertex 1.699923910e-02 4.003238399e-03 -1.720682690e-07
      vertex 1.599904709e-02 5.003047641e-03 -1.385491402e-07
    endloop
  endfacet
  facet normal 7.033448219e-01 7.036165595e-01 -1.011422724e-01
    outer loop
      vertex 1.599904709e-02 5.003047641e-03 -1.385491402e-07
      vertex 1.699923910e-02 4.003238399e-03 -1.720682690e-07
      vertex 1.699925214e-02 3.841231577e-03 -1.127105206e-03
    endloop
  endfacet
  facet normal 7.033448815e-01 7.036165595e-01 -1.011422127e-01
    outer loop
      vertex 1.599904709e-02 5.003047641e-03 -1.385491402e-07
      vertex 1.699925214e-02 3.841231577e-03 -1.127105206e-03
      vertex 1.599906571e-02 4.800538998e-03 -1.408805023e-03
    endloop
  endfacet
  facet normal 7.033529282e-01 6.466283798e-01 -2.952395380e-01
    outer loop
      vertex 1.599906571e-02 4.800538998e-03 -1.408805023e-03
      vertex 1.699925214e-02 3.841231577e-03 -1.127105206e-03
      vertex 1.699932851e-02 3.368293401e-03 -2.162747318e-03
    endloop
  endfacet
  facet normal 7.033529878e-01 6.466283798e-01 -2.952393889e-01
    outer loop
      vertex 1.599906571e-02 4.800538998e-03 -1.408805023e-03
      vertex 1.699932851e-02 3.368293401e-03 -2.162747318e-03
      vertex 1.599915884e-02 4.209366627e-03 -2.703357954e-03
    endloop
  endfacet
  facet normal 7.033714056e-01 5.372650027e-01 -4.654191732e-01
    outer loop
      vertex 1.599915884e-02 4.209366627e-03 -2.703357954e-03
      vertex 1.699932851e-02 3.368293401e-03 -2.162747318e-03
      vertex 1.699945703e-02 2.622738481e-03 -3.023196245e-03
    endloop
  endfacet
  facet normal 7.033713460e-01 5.372650027e-01 -4.654192626e-01
    outer loop
      vertex 1.599915884e-02 4.209366627e-03 -2.703357954e-03
      vertex 1.699945703e-02 2.622738481e-03 -3.023196245e-03
      vertex 1.599932089e-02 3.277422860e-03 -3.778918879e-03
    endloop
  endfacet
  facet normal 7.033985257e-01 3.843866289e-01 -5.978941321e-01
    outer loop
      vertex 1.599932089e-02 3.277422860e-03 -3.778918879e-03
      vertex 1.699945703e-02 2.622738481e-03 -3.023196245e-03
      vertex 1.699963026e-02 1.664967160e-03 -3.638744121e-03
    endloop
  endfacet
  facet normal 7.033985257e-01 3.843866587e-01 -5.978941321e-01
    outer loop
      vertex 1.599932089e-02 3.277422860e-03 -3.778918879e-03
      vertex 1.699963026e-02 1.664967160e-03 -3.638744121e-03
      vertex 1.599953882e-02 2.080208855e-03 -4.548353609e-03
    endloop
  endfacet
  facet normal 7.034323812e-01 2.003783286e-01 -6.819321513e-01
    outer loop
      vertex 1.599953882e-02 2.080208855e-03 -4.548353609e-03
      vertex 1.699963026e-02 1.664967160e-03 -3.638744121e-03
      vertex 1.699983515e-02 5.725725787e-04 -3.959522583e-03
    endloop
  endfacet
  facet normal 7.034324408e-01 2.003784329e-01 -6.819320321e-01
    outer loop
      vertex 1.599953882e-02 2.080208855e-03 -4.548353609e-03
      vertex 1.699983515e-02 5.725725787e-04 -3.959522583e-03
      vertex 1.599979214e-02 7.147157448e-04 -4.949327093e-03
    endloop
  endfacet
  facet normal 7.034701705e-01 1.474641176e-04 -7.107247710e-01
    outer loop
      vertex 1.599979214e-02 7.147157448e-04 -4.949327093e-03
      vertex 1.699983515e-02 5.725725787e-04 -3.959522583e-03
      vertex 1.700005122e-02 -5.659460439e-04 -3.959544003e-03
    endloop
  endfacet
  facet normal 7.034701705e-01 1.474641176e-04 -7.107247710e-01
    outer loop
      vertex 1.599979214e-02 7.147157448e-04 -4.949327093e-03
      vertex 1.700005122e-02 -5.659460439e-04 -3.959544003e-03
      vertex 1.600006409e-02 -7.084326935e-04 -4.949354101e-03
    endloop
  endfacet
  facet normal 7.035087347e-01 -2.000844628e-01 -6.819396019e-01
    outer loop
      vertex 1.600006409e-02 -7.084326935e-04 -4.949354101e-03
      vertex 1.700005122e-02 -5.659460439e-04 -3.959544003e-03
      vertex 1.700026356e-02 -1.658352790e-03 -3.638807219e-03
    endloop
  endfacet
  facet normal 7.035086751e-01 -2.000846118e-01 -6.819396615e-01
    outer loop
      vertex 1.600006409e-02 -7.084326935e-04 -4.949354101e-03
      vertex 1.700026356e-02 -1.658352790e-03 -3.638807219e-03
      vertex 1.600033045e-02 -2.073941054e-03 -4.548432305e-03
    endloop
  endfacet
  facet normal 7.035449147e-01 -3.840959966e-01 -5.979087353e-01
    outer loop
      vertex 1.600033045e-02 -2.073941054e-03 -4.548432305e-03
      vertex 1.700026356e-02 -1.658352790e-03 -3.638807219e-03
      vertex 1.700045541e-02 -2.616147511e-03 -3.023295663e-03
    endloop
  endfacet
  facet normal 7.035449147e-01 -3.840959966e-01 -5.979087353e-01
    outer loop
      vertex 1.600033045e-02 -2.073941054e-03 -4.548432305e-03
      vertex 1.700045541e-02 -2.616147511e-03 -3.023295663e-03
      vertex 1.600056887e-02 -3.271184163e-03 -3.779042978e-03
    endloop
  endfacet
  facet normal 7.035759687e-01 -5.369794369e-01 -4.654395580e-01
    outer loop
      vertex 1.600056887e-02 -3.271184163e-03 -3.779042978e-03
      vertex 1.700045541e-02 -2.616147511e-03 -3.023295663e-03
      vertex 1.700061001e-02 -3.361735027e-03 -2.162874676e-03
    endloop
  endfacet
  facet normal 7.035760283e-01 -5.369793177e-01 -4.654395878e-01
    outer loop
      vertex 1.600056887e-02 -3.271184163e-03 -3.779042978e-03
      vertex 1.700061001e-02 -3.361735027e-03 -2.162874676e-03
      vertex 1.600076258e-02 -4.203168675e-03 -2.703517210e-03
    endloop
  endfacet
  facet normal 7.035992742e-01 -6.463491321e-01 -2.952640057e-01
    outer loop
      vertex 1.600076258e-02 -4.203168675e-03 -2.703517210e-03
      vertex 1.700061001e-02 -3.361735027e-03 -2.162874676e-03
      vertex 1.700071432e-02 -3.834712319e-03 -1.127250609e-03
    endloop
  endfacet
  facet normal 7.035992146e-01 -6.463492513e-01 -2.952639163e-01
    outer loop
      vertex 1.600076258e-02 -4.203168675e-03 -2.703517210e-03
      vertex 1.700071432e-02 -3.834712319e-03 -1.127250609e-03
      vertex 1.600089297e-02 -4.794389941e-03 -1.408986747e-03
    endloop
  endfacet
  facet normal 7.036128640e-01 -7.033447027e-01 -1.011689156e-01
    outer loop
      vertex 1.600089297e-02 -4.794389941e-03 -1.408986747e-03
      vertex 1.700071432e-02 -3.834712319e-03 -1.127250609e-03
      vertex 1.700076275e-02 -3.996761981e-03 -3.236046666e-07
    endloop
  endfacet
  facet normal 7.036128640e-01 -7.033447623e-01 -1.011688635e-01
    outer loop
      vertex 1.600089297e-02 -4.794389941e-03 -1.408986747e-03
      vertex 1.700076275e-02 -3.996761981e-03 -3.236046666e-07
      vertex 1.600095257e-02 -4.996952135e-03 -3.279696159e-07
    endloop
  endfacet
  facet normal 7.036157846e-01 -7.033485770e-01 1.011217535e-01
    outer loop
      vertex 1.600095257e-02 -4.996952135e-03 -3.279696159e-07
      vertex 1.700076275e-02 -3.996761981e-03 -3.236046666e-07
      vertex 1.700074784e-02 -3.834754927e-03 1.126609743e-03
    endloop
  endfacet
endsolid waist_roll_link_rev_1_0
